step,agv_actor_loss,agv_value_loss,agv_entropy,agv_approx_kl,pick_actor_loss,pick_value_loss,pick_entropy,pick_approx_kl
1024,0.1826581077184528,0.05609893624205142,4.468478873372078,1.52985630184412,0.207605890231207,0.031903173570754007,4.435473173856735,1.8350687101483345
2048,0.08098063233774155,0.033914262312464416,3.35180551558733,0.6518483255058527,0.06861522668623365,0.02245310036232695,2.932918921113014,0.5614219699054956
3072,0.040119401579431724,0.028008212859276682,2.9045469760894775,0.4086069390177727,0.04067475738702342,0.014697812293889001,2.344040498137474,0.4514032695442438
4096,0.04692094956408255,0.02281638397835195,2.825250081717968,0.4105389937758446,0.05928490408405196,0.004734601818199735,2.172660067677498,0.4410215988755226
5120,0.07741459785029292,0.023079090868122876,2.8041088357567787,0.41834501922130585,0.06432270922232419,0.003891760417900514,2.070011407136917,0.4083382347598672
6144,0.05180821774411015,0.025862030510324985,2.6155950650572777,0.48198936227709055,0.06292366806883365,0.002167020007618703,1.861143734306097,0.49188203271478415
7168,0.01933047128841281,0.01665494524058886,2.2540396079421043,0.30028296913951635,0.04778035025810823,0.0014176217327985796,1.647611614316702,0.3958820402622223
8192,-0.0006431417423300445,0.015851359581574798,2.0554663464426994,0.19589129276573658,0.022120910172816366,0.0006749480044163647,1.5617666877806187,0.2951073320582509
9216,0.011264132364885882,0.018087405216647312,2.0302622355520725,0.1960752005688846,0.014580461778678,0.0003231336825137987,1.483649130910635,0.27020514477044344
10240,0.035877788584912196,0.02358422050019726,2.0141882933676243,0.24806206859648228,0.0035925483098253608,0.0022526608263433445,1.4116276279091835,0.22350679291412234
11264,0.0036331904120743275,0.027045924682170153,1.7284176647663116,0.20027559297159314,0.0033798589429352432,0.00025040277137122757,1.359538335353136,0.2105451668612659
12288,0.006652723153820261,0.020375106832943857,1.6970549002289772,0.13795498223043978,-0.002745931938989088,0.0006784583847547765,1.3269506879150867,0.198574036359787
13312,0.0010236695234198123,0.01670644452678971,1.8399029113352299,0.16345168044790626,-0.007474675890989602,0.00026206179768450966,1.2776824422180653,0.17923434637486935
14336,-0.0014839078939985484,0.021029352268669754,1.8623263016343117,0.1708863414824009,0.0016011763946153224,0.00015178433318396856,1.2718041874468327,0.18545763241127133
15360,-0.0008866694115567952,0.020709342701593414,1.657377302646637,0.18504875479266047,-0.0047949859872460365,0.0023327263716055313,1.2673992291092873,0.18013159139081836
16384,0.007894383350503631,0.02014803225756623,1.6084705740213394,0.1502861944027245,-0.009906439168844372,0.00037595790081468294,1.204649705439806,0.16621749522164464
17408,0.0009491327364230528,0.020037229463923723,1.7031830698251724,0.14843432744964957,-0.007579504032037221,0.0001539197137390147,1.318410713225603,0.18302172096446157
18432,-0.0006025749607942998,0.02128109137993306,1.8428966775536537,0.16128428420051932,0.0009547729569021612,0.00014015768260833283,1.114718422293663,0.13939784187823534
19456,0.0013484578666975722,0.024681526876520365,1.7578583471477032,0.1820103139616549,0.002845797425834462,8.255495004050317e-05,1.1814654879271984,0.1433904734440148
20480,-0.0002582055458333343,0.023713632195722312,1.6427723951637745,0.2038289336487651,-0.007676531880861148,0.009930011903634295,1.2845828644931316,0.1734262853860855
21504,0.0018518597935326397,0.0291058337315917,1.6955035217106342,0.14371563540771604,-0.021601330779958516,0.0010146059994440293,1.4777229875326157,0.22095060907304287
22528,-0.00041769028757698834,0.025952858559321612,1.714471708983183,0.14623333187773824,-0.01776474277721718,0.0007667440431760042,1.5171261467039585,0.198022514116019
23552,0.006651656745816581,0.02639065240509808,1.7505453452467918,0.16387375397607684,-0.004564155708067119,0.005311244156473549,3.005387745797634,0.7691994281485677
24576,0.0013465020747389644,0.029358308878727257,1.5802206583321095,0.21056857239454985,0.020708206022391096,0.014962035289499909,1.3536452855914831,0.28955464297905564
25600,-0.0039944111194927245,0.024863144964911044,1.492415752261877,0.1771573075093329,-0.013012963987421244,0.00879763799457578,1.2241734378039837,0.15754091273993254
26624,-0.003209649061318487,0.02028721902752295,1.4105117432773113,0.16900840448215604,-0.023761740361806005,0.012481275902246125,1.1403930969536304,0.150515322573483
27648,-0.0018042313458863646,0.013381901459069923,1.3598763197660446,0.17838956089690328,-0.004396795106003992,0.0028555897988553625,0.8392095230519772,0.0837862235493958
28672,-0.000522201880812645,0.014123079366981983,1.3924397677183151,0.14135718205943704,-0.01650991235510446,0.000946031164858141,0.8944712802767754,0.09190051024779677
29696,0.0029364624060690403,0.020241282123606652,1.563451237976551,0.13058768468908966,-0.019937744364142418,0.00014404471244233719,0.8093557860702276,0.07815999980084598
30720,0.007541862869402394,0.02689750405261293,1.4569145068526268,0.19853204721584916,-0.010475955612491816,0.011045193190511782,1.1184889022260904,0.14964375994168222
31744,0.006846727526863106,0.03174099762691185,1.4236571043729782,0.21183657692745328,-0.0016576840716879815,0.002285637969180243,1.0311304572969675,0.13132702035363764
32768,0.0030009583570063114,0.023796294059138745,1.2688586600124836,0.18715466326102614,-0.008630140277091414,0.007817206122126663,1.4452716391533613,0.20012799347750843
33792,0.0026970172039000317,0.02731256262632087,1.2688474282622337,0.18543036933988333,-0.026333434361731634,0.0005728002233809093,1.2148126401007175,0.15785165899433196
34816,2.8278809622861445e-05,0.023569581157062203,1.2265148013830185,0.17535611195489764,-0.01569879095768556,0.0004106961605430115,0.8706646207720041,0.10837303288280964
35840,-0.006482947443146259,0.013330438581760973,1.131680853664875,0.16963277477771044,-0.036227073171176016,0.007567360815301072,1.1698595015332103,0.2531721055274829
36864,-0.0011131788196507841,0.032775013300124556,1.2524333968758583,0.1896559945307672,0.014946979645173997,0.011447696524555795,0.3648846154101193,0.08073147849063389
37888,-0.0019374082912690938,0.02051538194064051,1.1807095408439636,0.1594461416825652,-0.0018104473419953138,0.0034614076212164946,0.2012487123720348,0.013344206963665783
38912,-0.00120840803720057,0.01112325707799755,1.2104802876710892,0.14628603355959058,-0.002398689874098636,0.00159909365902422,0.4335381640121341,0.04337305325316265
39936,-0.0025511082567390986,0.021164486999623477,1.242913767695427,0.15534112229943275,0.003472439420875162,0.0070526650015381165,0.6661691069602966,0.07543424481991678
40960,-0.004147564177401364,0.024198436411097646,1.1823223419487476,0.15877889283001423,-0.016534301248611882,0.012611140351509675,1.1818770617246628,0.21576863108202815
41984,-9.809598850551993e-05,0.02788667764980346,1.262276217341423,0.18175935745239258,0.013248307950561866,0.0023677800309087615,0.41990641970187426,0.06535853032255545
43008,-0.003598852432332933,0.020231493923347443,1.1850865297019482,0.16856413194909692,0.0008974407101050019,0.007437210333591793,0.2708654757589102,0.0199334470089525
44032,-0.007714894709351938,0.027242120704613626,1.2744905538856983,0.15650132903829217,-0.002500403788872063,0.0017349780628137523,0.3797266287729144,0.034982624696567655
45056,-0.0002511387865524739,0.03006891073891893,1.2963906526565552,0.14879447035491467,-0.009022742771776393,0.002830088727932889,0.8835265804082155,0.12973403825890273
46080,0.00776793755358085,0.04613634233828634,1.4164434894919395,0.22281726077198982,-0.005440116248792037,0.012743896659230813,0.9191915802657604,0.13329588994383812
47104,0.0008398587524425238,0.029400560015346855,1.2230480536818504,0.14733168482780457,-0.006664361630100757,0.0017053180090442766,0.9130100440233946,0.12465051538310945
48128,0.0031834466208238155,0.021123657817952335,1.2653057463467121,0.16108199721202254,-0.007147294352762401,0.001524894978501834,0.8065304458141327,0.10696502518840134
49152,0.0025365157634951174,0.03006708947941661,1.3966625481843948,0.16990162385627627,-0.02436875764396973,0.0008990324859041721,1.1037933714687824,0.1701761034782976
50176,-0.0024447257455904037,0.03300375718390569,1.2793016396462917,0.1777109932154417,-0.04149276405223645,0.0036903350919601507,1.7645139545202255,0.47864433098584414
51200,0.0075094340136274695,0.026745498355012387,1.0494785401970148,0.1089142847340554,0.004683170453063212,0.003882869099470554,0.1954526084009558,0.032886708417208865
52224,0.0011563903390197083,0.012629061326151714,1.4381978958845139,0.14034216571599245,0.00015945377526804805,0.002239227011159528,0.08544873539358377,0.005584395723417401
53248,-0.0034640357771422714,0.009296062067733146,1.6656337417662144,0.17652176367118955,-0.00029044278198853135,0.0017391769943060353,0.0976628519129008,0.006715434545185417
54272,-0.007767648785375059,0.007986241515027359,1.6965728960931301,0.1565863536670804,-0.0010309555509593338,0.00010671385552996071,0.13098799507133663,0.010158836143091321
55296,-0.0004663338768295944,0.014318882895167917,1.6903130188584328,0.19367124000564218,-0.0005865061248186976,0.004292051031370647,0.28146606823429465,0.02730313182109967
56320,0.003496000514132902,0.02916244900552556,1.2980640195310116,0.13272282853722572,-0.005454761208966374,0.011642968587693758,1.0308392774313688,0.13677535101305693
57344,-0.005163985377294011,0.02753019903320819,1.3470922224223614,0.14697279082611203,-0.016634925137623213,0.0018306217298231786,1.3332901261746883,0.19236805196851492
58368,-0.0022675461368635297,0.01790645340224728,1.4403501749038696,0.16081517608836293,-0.03327963373158127,0.001184092999665154,1.2050939686596394,0.1700864122249186
59392,0.003578739211661741,0.02908120321808383,1.5536021888256073,0.1682745637372136,-0.03049444468342699,0.0008355839449905034,1.1504978649318218,0.1672446511220187
60416,-0.005807817564345896,0.039052247419022024,1.3908488228917122,0.14290613355115056,-0.025756986491614953,0.008121499486151151,1.0812357794493437,0.17800357937812805
61440,-0.0018000213312916458,0.017471913539338857,1.3169804587960243,0.10177138028666377,-0.0040768371254671365,0.003284578771854285,0.3228917899541557,0.034141162992455065
62464,-0.016188585432246327,0.0336382434470579,1.4802703000605106,0.1874496527016163,-0.018208016437711194,0.022945224802242592,1.936557549983263,0.481880908831954
63488,-0.002998951356858015,0.029862709692679346,1.3351159915328026,0.17673810524865985,0.03100928888306953,0.010167297150474042,0.7297200607135892,0.285429508658126
64512,0.0014778145850868896,0.012448232679162174,1.4768399186432362,0.1745624733157456,0.0003041615418624133,0.001206127450132044,0.0907915832940489,0.006670508941169828
65536,-0.0006224399839993566,0.01954566506901756,1.349879201501608,0.15037498902529478,-0.0007859329343773425,0.0018081562893712544,0.09534513158723712,0.006268629513215274
66560,-0.001243071470526047,0.021137814095709473,1.4002099856734276,0.12026194273494184,-0.0037717674276791513,0.0003526455489009095,0.20949688483960927,0.02023646025918424
67584,0.0015702844830229878,0.01830071007134393,1.4806592762470245,0.15776651119813323,-0.0039855857321526855,0.0004013116952137352,0.5211567096412182,0.06889636942651123
68608,-0.0028046180959790945,0.03839620610233396,1.4220181666314602,0.2000827006995678,-0.008133203140459955,0.020503501611528918,1.315520241856575,0.20243565714918077
69632,0.002157990908017382,0.03447021031752229,1.3249777555465698,0.1810923027805984,-0.00019297667313367128,0.0029688964896195102,0.9871550425887108,0.13411247869953513
70656,-0.0015577944432152435,0.0364591947873123,1.1666323132812977,0.14461796917021275,-0.02802984055597335,0.003881826723954873,1.2422061115503311,0.18481621728278697
71680,-0.00124743706692243,0.03744455985724926,1.2353367693722248,0.1599657703191042,0.009121697134105489,0.025633784534875304,1.3559338506311178,0.23505359748378396
72704,-0.0022689491452183574,0.0334832479711622,1.2409722916781902,0.1524288698565215,0.00018527042993810028,0.009049908272572793,1.2000060752034187,0.16526546888053417
73728,0.000659990037092939,0.03921409277245402,1.2973743826150894,0.17840584786608815,-0.004158521245699376,0.006351536627335008,1.2860288843512535,0.1999888946302235
74752,-0.00035904566175304353,0.03834348259260878,1.3363299258053303,0.18377623427659273,-0.00838912880863063,0.020695549130323343,1.2689768001437187,0.19492372497916222
75776,0.0007215527148218825,0.03300525125814602,1.3824815824627876,0.19209392368793488,-0.011718407375155948,0.011240210777032189,1.114839367568493,0.17231672210618854
76800,-0.0006794618675485253,0.025167161773424596,1.3340886496007442,0.17429362097755075,-0.026695055013988167,0.0027101677042082883,1.0306836068630219,0.15925561916083097
77824,-0.006478402516222559,0.027887715841643512,1.3891926147043705,0.17093216255307198,-0.0011950176995014772,0.01832608827680815,1.2251888364553452,0.19787693908438087
78848,-0.0028302942810114473,0.04217665083706379,1.3145486935973167,0.1739686243236065,-0.006423175596864894,0.009317222822573967,1.0664863530546427,0.15529776411131024
79872,-0.0006619175837840885,0.0314393260050565,1.3454819209873676,0.1727519822306931,-0.013556455203797668,0.004080071830685483,0.9774745032191277,0.13396466174162924
80896,-0.00297238388156984,0.026281825732439756,1.2070530988276005,0.11305568227544427,-0.01757522820844315,0.006717740194289945,1.043889444321394,0.16848560725338757
81920,-0.002929662907263264,0.020547437568893656,1.5733826756477356,0.1787898619659245,-0.0015941441670292988,0.000785061760325334,1.1152530200779438,0.15609744586981833
82944,-0.0005842383980052546,0.030815336271189153,1.3495499640703201,0.14906198624521494,-0.02161879096820485,0.00038504703388753114,0.9282490964978933,0.11774617014452815
83968,-0.0076797968067694455,0.02324736665468663,1.197974320501089,0.10380149935372174,-0.006756422226317227,0.00015527938944615016,1.1777618825435638,0.15808456030208617
84992,-0.032658736599842086,0.01799316014512442,1.5078371725976467,0.16000871872529387,-0.01551251593627967,9.314553878070342e-05,1.4780489765107632,0.22652883315458894
86016,0.00913074318668805,0.0314976810477674,1.3677484318614006,0.20163697330281138,-0.012163039587903768,0.0018177091624238528,0.8591927066445351,0.12396237428765744
87040,0.004057028680108488,0.05519188253674656,1.0417643673717976,0.11897014104761183,-0.010175829636864364,0.0056786667519190814,1.6615877971053123,0.26114634005352855
88064,-0.0001522742968518287,0.047607434913516045,1.1603521779179573,0.12214618432335556,-0.0029263092146720737,0.008881719353666995,1.3951914981007576,0.20223444420844316
89088,-0.00048616837011650205,0.0377157669281587,1.3223858922719955,0.15409795520827174,-0.010837978596100584,0.0013821570937579963,1.0011784750968218,0.12789298431016505
90112,-0.006422516111342702,0.03643867711070925,1.3547662124037743,0.15567357279360294,-0.029865452568628825,0.014614215833717026,1.3471990935504436,0.21939181326888502
91136,0.0016409053059760481,0.02166497422149405,1.3793446011841297,0.170977670699358,-0.04156668757786974,0.004878549036220647,1.1143801165744662,0.1845078890910372
92160,-0.01252779335482046,0.024975439300760627,1.1234591454267502,0.15481110662221909,0.00619776124949567,0.0014498836999337072,0.13448574114590883,0.020276027789805084
93184,0.004346470203017816,0.016973937686998397,1.2686617970466614,0.2089205733500421,-0.00027322961250320077,0.0014039498755664681,0.036316055920906365,0.002412881003692746
94208,-0.00654412159929052,0.010011240854510106,1.2088765911757946,0.18889959389343858,4.087953129783273e-06,0.0008967280862179905,0.03799124760553241,0.0023621574509888887
95232,-0.03952037208364345,0.011402141622966155,1.1576748080551624,0.18490667687729,-0.00043869487126357853,0.004266343166818842,0.04659324302338064,0.0031454242416657507
96256,0.004827066382858902,0.011887264408869669,0.6005942858755589,0.050838168477639556,-7.435356383211911e-05,0.006374647984557669,0.044047410134226084,0.0030528490315191448
97280,-0.002026171117904596,0.016657086642226204,0.8788673523813486,0.08761582337319851,-0.00033897452522069216,0.0007000637933742837,0.0584284266224131,0.0045041218982078135
98304,-0.009775735336006619,0.02848524448927492,1.017596296966076,0.10718963202089071,0.00020966370357200503,0.0007052609280435718,0.090344452066347,0.007548182737082243
99328,-0.0023706707870587707,0.041948523838073015,1.1784487627446651,0.13503922545351088,-0.0001540133816888556,0.00012683904236610033,0.09373433492146432,0.008129998692311347
100352,0.011264327258686535,0.03355040441965684,0.8189738281071186,0.0972445784136653,-0.001898144168080762,0.0020662950300902594,0.1501694794278592,0.014760383928660303
101376,0.0032480006047990173,0.024369686492718756,1.101169217377901,0.18677940545603633,-0.0033128588984254748,0.0014644146476712194,0.515438268892467,0.0703460150398314
102400,-0.0002907198795583099,0.033331123704556376,1.028535494580865,0.15551676508039236,-0.001420450018486008,0.00927132250581053,1.4371648281812668,0.2257738159969449
103424,-0.0007588978041894734,0.044800029369071126,1.1012677364051342,0.1593555100262165,-0.023056799196638167,0.0013500591358024394,1.2483001314103603,0.19386521680280566
104448,-0.00437899527605623,0.033142529893666506,0.9914950896054506,0.09686312614940107,-0.0008638326253276318,0.0008417170841994448,0.36405715346336365,0.04329768248135224
105472,-0.01671149901812896,0.03403636015718803,1.2147447988390923,0.14936692919582129,-0.013832399927196093,0.0015400963193314965,1.6772655881941319,0.4010612554848194
106496,-0.00433908318518661,0.022060628747567534,1.36782680824399,0.16681217774748802,0.014460684906225652,0.007663685493753292,0.2817186350002885,0.05474504682933912
107520,-0.004687832442868967,0.03151189297204837,1.1147550642490387,0.12833767710253596,0.0008327733667101711,0.009696176266515977,0.20602339878678322,0.021463952492922544
108544,-0.003831884401733987,0.03333989187376574,1.2031386271119118,0.1745340870693326,-0.0033305627875961363,0.008920037536881864,0.7748407600447536,0.12096364324679598
109568,-0.003523882944136858,0.03705016348976642,1.2502950988709927,0.18003908032551408,-0.019866929855197668,0.000748393656067492,0.8548932410776615,0.12743508955463767
110592,-0.009214754478307441,0.043883121106773615,1.1131133735179901,0.16372747300192714,-0.04814032820286229,0.021097762044519186,1.2654344718903303,0.28035157080739737
111616,-0.0005626980564557016,0.03671225061407313,1.1887133680284023,0.16654828703030944,-0.030045488849282265,0.009843258885666728,0.8846774995326996,0.21467631496489048
112640,-2.94435303658247e-05,0.046464953920803964,1.2627892158925533,0.185967565048486,0.03373782537528314,0.0337123871431686,0.6087270597927272,0.19809783285018057
113664,0.005944788543274626,0.03025050222640857,1.3334472365677357,0.2088970965705812,-0.018616480476339348,0.0021287946747179376,0.650227656122297,0.11610427411505952
114688,5.748818512074649e-05,0.03195936081465334,1.3018100000917912,0.18826967757195234,-0.024526032735593617,0.001567803772559273,0.9140887716785073,0.18417988682631403
115712,-0.0030522383167408407,0.03968037886079401,1.1669340766966343,0.15304228104650974,-0.0009415556123713031,0.016584741752012633,0.8510730508714914,0.17973150173202157
116736,-0.003634894048445858,0.038642982312012464,1.2515257261693478,0.16596496105194092,-0.010168038788833655,0.005008226195059251,0.6109765712171793,0.11965034867171198
117760,-0.002546665637055412,0.037377384840510786,1.2916058599948883,0.16215708432719111,-0.015737453126348555,0.0014151298437354853,0.4873122228309512,0.0800676173530519
118784,0.0014696193975396454,0.03947481501381844,1.1740924194455147,0.14646185329183936,0.017068847344489768,0.021868674724828452,0.23782226059120148,0.04471610841574147
119808,0.00284733617445454,0.038012533681467175,1.2704078033566475,0.1627180348150432,-0.0012172881979495287,0.013972932996693999,0.07771412655711174,0.007345766120124608
120832,-0.007913994995760731,0.03451411990681663,1.3772369660437107,0.1837568124756217,-0.0021676012547686696,0.006875857696286403,0.08120850031264126,0.007999482855666429
121856,-0.0030187665106495842,0.05192761088255793,1.3811659663915634,0.16669862251728773,-0.00905717900604941,0.0019069337531618658,0.4338590286206454,0.06204480986343697
122880,-0.005045326572144404,0.047888780711218715,1.4050310961902142,0.17429386591538787,-0.017548875184729695,0.015008463698904961,1.2498621456325054,0.21290379529818892
123904,0.002705744933336973,0.05878519325051457,1.1264380626380444,0.14784608758054674,-0.007253320305608213,0.025078777805902064,0.7755454145371914,0.12489172513596714
124928,0.0040998167532961816,0.04017990117426962,1.2107402309775352,0.14327152003534138,-0.003464747322141193,0.008757742558373138,0.9215546250343323,0.14799592923372984
125952,-0.00016573118045926094,0.038870093994773924,1.092803493142128,0.11175817158073187,0.0005452321784105152,0.01714806076779496,1.0545678120106459,0.1556242594961077
126976,0.0011323273502057418,0.030771251942496747,1.368201781064272,0.15184153080917895,-0.003525796579197049,0.008226787678722758,1.321425385773182,0.21742067346349359
128000,0.001467075795517303,0.03956367296632379,1.430580984801054,0.1584195955656469,-0.005507249850779772,0.017889094218844548,1.246950902044773,0.19990695570595562
129024,-0.0027054191596107557,0.030415763205382973,1.3672960884869099,0.16588211990892887,-0.018815462215570733,0.0030054429662413895,0.7170044127851725,0.10863617365248501
130048,-0.011248058610362932,0.016973912541288882,1.3991443254053593,0.17458712914958596,-0.012432525807525963,0.004146024220972322,0.8067683782428503,0.1403635716997087
131072,-0.012554020635434426,0.025133924616966397,1.1065672151744366,0.12001121276989579,-0.010948511539027095,0.009991697552322876,0.585422511678189,0.09802659519482404
132096,0.00355673955345992,0.03298985486617312,1.2348828949034214,0.1473041190765798,0.007888316205935553,0.002009132433158811,0.3037254959344864,0.07791567468666472
133120,-0.0021653447693097405,0.019399565557250753,1.335833314806223,0.16436332184821367,-0.0003463085158728063,0.000719468015631719,0.057443000259809196,0.004518306930549443
134144,0.002329305323655717,0.013242739107226953,1.1733551919460297,0.12212845124304295,0.00023586428142152727,0.0004096537379609799,0.0742969480343163,0.006354432320222259
135168,-0.017111063498305157,0.020834848808590323,1.2464703358709812,0.1377005591057241,-0.0016488665132783353,0.004545746916846838,0.12017915421165526,0.011449439101852477
136192,-0.004310996795538813,0.029611690901219845,1.2239404655992985,0.14334652246907353,-0.017001746164169163,0.005890806009119842,0.6380655984394252,0.106072714086622
137216,-0.0006794824730604887,0.045508824405260384,1.2914175614714622,0.1690979264676571,-0.0031062269117683172,0.0151746197079774,0.6691582957282662,0.12586026184726506
138240,-0.00044085620902478695,0.03761307708919048,1.2683247700333595,0.15544139873236418,0.01671892445301637,0.016695999293006025,1.2466099355369806,0.24094701511785388
139264,-8.335233724210411e-05,0.031648697913624346,1.2429876178503036,0.1626516249962151,0.015469139296328649,0.0036072982766199857,0.6405119933187962,0.12044949893606827
140288,-0.018840494522009976,0.03184731531655416,1.3129621222615242,0.17726729018613696,-0.006700464145978913,0.00368158939818386,0.33479090267792344,0.04142174555454403
141312,0.0012604516523424536,0.023360332241281867,0.5921199610456824,0.04677049024030566,-0.025069318857276812,0.001542474390589632,0.9790955912321806,0.14993886451702565
142336,-0.008861936556058936,0.03366977639961988,1.3308962248265743,0.17265709256753325,-0.012977051897905767,0.015258663763233926,1.4243123531341553,0.25885839853435755
143360,0.0004469478444661945,0.0328122284845449,1.2238860949873924,0.15188816213048995,0.005279857316054404,0.01648978028242709,1.5782610420137644,0.32214440824463964
144384,0.004556928761303425,0.03501510201022029,0.9925380814820528,0.15863263979554176,-0.006081604631617665,0.009929036779794842,1.2182462252676487,0.19427087996155024
145408,-0.006319923675619066,0.028256771503947675,1.109582792967558,0.1745282281190157,-0.025469416694249958,0.0026818083388207015,1.1511268019676208,0.19598043663427234
146432,-0.0039230015681823716,0.04068341455422342,1.0396132059395313,0.1282635540701449,-0.0016694542428012937,0.0016398641801060876,0.2275716750882566,0.0284813204780221
147456,-0.005441461638838518,0.037389521836303174,1.1052359994500875,0.1346125507261604,0.0013891503913328052,0.001237810771272052,0.3800755850970745,0.04650490841595456
148480,-0.005022781144361943,0.042579960310831666,1.2435442209243774,0.1639346177689731,-0.018822373589500785,0.015446262274053879,2.1514736972749233,0.5039776582270861
149504,0.0026505367131903768,0.04114839422982186,1.2891443483531475,0.17127778800204396,0.02169835998211056,0.016114009151351638,0.7563188376370817,0.2141476923134178
150528,-0.0021362147526815534,0.032593081530649215,1.2609488144516945,0.1742577739059925,-0.023478195624193177,0.012081376647984143,0.5920317221898586,0.10149788623675704
151552,0.001738617691444233,0.03994590952061117,1.2276301383972168,0.1527927191928029,-0.0012776374933309853,0.0030376130098375143,0.10955913527868688,0.011081002012360841
152576,-0.005328543658833951,0.029754626099020243,1.3180449195206165,0.16281646955758333,-0.00016131547454278916,0.005026811924835783,0.18349654600024223,0.02007343026343733
153600,-0.008231790940044448,0.03208730724873021,1.2979717515408993,0.15261027682572603,-0.00294289636076428,0.012891644291812554,0.9291122891008854,0.1367756009567529
154624,0.005785290195490234,0.048823104705661535,1.3575521893799305,0.2033804813399911,-0.00838693170226179,0.009446558156923857,1.5160005502402782,0.2621251060627401
155648,0.0032274874683935195,0.04385815269779414,1.3449726775288582,0.1811745068989694,-0.033090345925302245,0.004732891866296995,0.7800880540162325,0.13090507360175252
156672,-0.0019682851125253364,0.041505314875394106,1.2611788176000118,0.16674497909843922,7.748248754069209e-05,0.0007556793989351718,0.263867505826056,0.031226192426402122
157696,-0.002650842070579529,0.0431109385099262,1.3938308395445347,0.1671055625192821,-0.00804414675803855,0.009104656077397522,1.1501061636954546,0.17911168583668768
158720,-0.001121790279285051,0.037610955187119544,1.4864910058677197,0.16344263311475515,-0.0032215674000326544,0.0009889554785331711,1.077410664409399,0.17565771588124335
159744,-0.02507285519823199,0.012619947287021205,1.867095235735178,0.22773292753845453,-0.003913014603313059,0.0008115506841477327,1.0584644991904497,0.1517168083228171
160768,-0.0016765737818786874,0.018336229986744,0.7556823156774044,0.10041298321448267,-0.0549217931838939,0.0017495344873168506,0.5293304603546858,0.07734103931579739
161792,-0.006660798986558802,0.026529136288445443,0.7502641510218382,0.12708718376234174,-0.009597171243513003,0.00040122391419572523,0.2882079337723553,0.041480711195617914
162816,-0.008966124092694372,0.030958585673943162,0.8328703064471483,0.10886702733114362,0.013781013447442092,0.00041865384901029756,1.6191047169268131,0.3277732180431485
163840,-0.00036924524465575814,0.04820956278126687,0.9542721137404442,0.10057373368181288,0.0008570100035285577,0.0002553809144956176,1.4351554475724697,0.18746403697878122
164864,0.00953159190248698,0.030529206851497293,1.290244486182928,0.10791966947726905,-0.0014264869678299874,0.00028463137073231337,1.460171900689602,0.17955838376656175
165888,0.0020984397415304556,0.05790110968519002,1.0926077365875244,0.1616460680961609,-0.026573226248729043,0.0028864471805718495,1.1542641501873732,0.1763430293649435
166912,0.011310772970318794,0.0545745980925858,1.1874288991093636,0.22565464582294226,0.0029901561210863292,0.01511232518532779,0.26444458309561014,0.031225284677930176
167936,-0.0046528428356396034,0.03064201376400888,1.2024701498448849,0.16870453907176852,-0.006723312908434309,0.003480137587757781,0.46476777363568544,0.058940112008713186
168960,-0.0041620314586907625,0.04222145024687052,1.238955333828926,0.17511212825775146,-0.017760627408279106,0.009637165203457698,1.6413122117519379,0.31510865734890103
169984,-0.0011400608636904508,0.045464175986126065,1.1399406678974628,0.16753985406830907,0.003601549338782206,0.0019473383799777366,0.5317180645652115,0.09090292552718893
171008,-0.0032475504995090887,0.034874348202720284,1.1136188842356205,0.17107657110318542,-0.020741699321661144,0.001791374986169103,0.8395216492936015,0.14217096497304738
172032,-0.0012303535331739113,0.05440980789717287,1.138640459626913,0.1719037527218461,-0.002312667900696397,0.008391808329179185,1.8525920175015926,0.4694268028251827
173056,-0.0008339019113918766,0.04208446736447513,1.1625583916902542,0.16504695918411016,0.015015962475445122,0.02482397883431986,1.86765668541193,0.4682414405979216
174080,-0.0045811520831193775,0.03748227912001312,1.2306033484637737,0.15480666421353817,-0.01253755675861612,0.0006645296725764638,0.7756149275228381,0.1363501789746806
175104,-0.0008878589287633076,0.0564134061569348,1.3139949813485146,0.16181478556245565,-0.0200314573594369,0.002101284364471212,1.4396571181714535,0.23317980859428644
176128,-0.01096589160442818,0.05578142905142158,1.2441370263695717,0.1758756316266954,-0.0221849540976109,0.009031156318087596,0.9816929250955582,0.1533430244307965
177152,-0.004019146552309394,0.04216659034136683,1.0404298081994057,0.19379456248134375,0.005471143173053861,0.0006319779258774361,0.8343764580786228,0.1163622431922704
178176,-0.0025784070894587785,0.07828524115029722,1.077948434278369,0.1961043351329863,-0.0175871595274657,0.015381202043499798,2.171623667702079,0.4981145386118442
179200,-0.004016695151221938,0.10486535541713238,0.9752475637942553,0.14859644835814834,0.028648491424974054,0.03171754447976127,0.7097180802375078,0.22831885440973565
180224,-0.0006180030104587786,0.03170600417070091,1.0821355860680342,0.14657951705157757,-0.015232377510983497,0.003048250848223688,0.7844130266457796,0.13277443684637547
181248,0.0008069784089457244,0.042667380650527775,1.0277470983564854,0.12465666281059384,-0.021666435059159994,0.009893287326121936,1.3058628365397453,0.25523957423865795
182272,-0.0026470088632777333,0.028262326668482274,1.2390266098082066,0.16579197067767382,-0.030345297855092213,0.0011219526459171902,0.7751484215259552,0.1304634588304907
183296,0.0016771108421380632,0.02738527557812631,1.3808104395866394,0.11505494802258909,-0.021493931184522808,0.0002661376149717398,0.41153705306351185,0.05372282559983432
184320,0.00584508859901689,0.023411413887515664,1.6296256370842457,0.15931080328300595,-0.005780254781711847,5.457799684904785e-05,0.7923403796739876,0.11665421776706353
185344,-0.018459820785210468,0.03103275946341455,1.4085693359375,0.15524442167952657,-0.06481247878400609,0.005948993461061036,1.1141204442828894,0.18376695387996733
186368,0.0003928571386495605,0.04150551976636052,1.3861800096929073,0.16685620928183198,0.0008822728996165097,0.005194177989324089,0.025810401886701584,0.0019840270397253335
187392,-0.004264992181560956,0.028122874384280294,1.3164300695061684,0.14109513070434332,-0.007926703547127545,0.003963036699133227,0.11519050825154409,0.014901082497090101
188416,-0.00626577390357852,0.044808037928305566,1.4255625568330288,0.17914474802091718,0.00602154026273638,0.026675884015276097,0.26243597548455,0.03314928209874779
189440,-0.003621363313868642,0.040553048835135996,1.4113443680107594,0.18185859452933073,-0.004364618216641247,0.009968348960683215,0.6124655301682651,0.09413737541763112
190464,-0.0060155470127938315,0.04989622801076621,1.3421437665820122,0.18190512619912624,-0.0032941606041276827,0.0022099294583313167,0.6626517223194242,0.09758402546867728
191488,0.002698923257412389,0.06346873473376036,1.148538500070572,0.1837987257167697,-0.010743731312686577,0.025510842067888007,1.82396743260324,0.36470116721466184
192512,-0.00232564948964864,0.04759805521462113,1.2050651162862778,0.18023199448361993,0.0066760572080966085,0.01744291749491822,1.272735197097063,0.2600839820224792
193536,0.006191319174831733,0.06734035781119019,1.1834609471261501,0.19264794187620282,-0.025345709145767614,0.0019197070796508342,0.9817233402282,0.18580755055882037
194560,-0.0007055409660097212,0.06291906454134732,1.1855939701199532,0.18088583322241902,-0.007807261019479483,0.008082675662080874,1.337809069082141,0.34090395271778107
195584,-0.005876579030882567,0.03991131216753274,1.1571162082254887,0.16972812497988343,-0.016820423377794214,0.003067194196773926,0.8079279586672783,0.17432277859188616
196608,-0.005859888711711392,0.0638771919766441,1.1851902529597282,0.14999846764840186,0.0044185212755110115,0.01565853232750669,0.7997194901108742,0.14526822848711163
197632,-0.0016767827328294516,0.05196778243407607,1.2335607297718525,0.14552240259945393,0.011570055998163298,0.013818256607919466,1.214509079232812,0.22908270498737693
198656,-0.001831851084716618,0.04387401754502207,1.2185958661139011,0.1495999009348452,-0.004663699306547642,0.0076758617724408396,1.710565660148859,0.33843230037018657
199680,0.0032109868188854307,0.049127081292681396,1.2313508316874504,0.1630729134194553,0.01136533021053765,0.00104937975811481,0.47762172715738416,0.09565937198931351
200704,-0.02323995494225528,0.04430116224102676,1.131762083619833,0.13598857237957418,-0.021316996091627516,0.015800997032783926,0.48522598249837756,0.08490894123679027
201728,-0.002772618579911068,0.043423222843557596,1.0388598255813122,0.1072635967284441,-0.006653018557699397,0.01911635050782934,1.300266768783331,0.2369355985429138
202752,-0.003237484968849458,0.07163481193128973,1.2569197751581669,0.18155635567381978,0.01485148206120357,0.02509377567912452,0.37974729109555483,0.058298898162320256
203776,0.001588946077390574,0.05278256663586944,1.289464958012104,0.18935350002720952,-0.00344593363115564,0.0056350977829424664,0.23603071831166744,0.028178662294521928
204800,0.0022384406183846295,0.04347215953748673,1.366991601884365,0.19193690828979015,-0.015654177754186094,0.0014956908253225265,0.7320097517222166,0.1140403620665893
205824,-0.005654729131492786,0.03442092891782522,1.0320594441145658,0.1300705042667687,-0.03341561573324725,0.015960461882059462,0.895096555352211,0.14687271788716316
206848,0.0015103988989721984,0.056124867289327085,1.1027554534375668,0.13199281529523432,-0.033942553447559476,0.0025963625048461836,1.2412932552397251,0.21891548903658986
207872,-0.004282508787582628,0.039890516782179475,1.2394496724009514,0.14334849175065756,-0.028635752736590803,0.001747783102473477,1.0561624988913536,0.17345840483903885
208896,-0.00022914288274478167,0.04101330472622067,1.170826280489564,0.1332182209007442,-0.03651095868553966,0.0005501249029293831,1.0299180708825588,0.176760648842901
209920,-0.004482954638660885,0.04071008530445397,1.3433044888079166,0.15978079522028565,-0.036029365874128416,0.00035908529798689415,1.1655421387404203,0.21063925558701158
210944,-0.004974314753781073,0.018383592454483733,1.3507749326527119,0.14506768551655114,-0.005368292971979827,0.01294943500397494,0.0976922963745892,0.010567342105787247
211968,0.010159821016713977,0.06444138917140663,1.643075194209814,0.22281853901222348,0.020971720339730382,0.05251322500407696,0.6042892772238702,0.13703031180193648
212992,0.0081449702847749,0.048945675254799426,1.4907400570809841,0.23201982816681266,-0.015399635682115331,0.0025925170302798506,0.6753953834995627,0.10961434984346852
214016,-0.0010144864791072905,0.049260817700996995,1.4757345244288445,0.21267667831853032,-0.006261993345106021,0.00804233153394307,1.2653468940407038,0.23093133582733572
215040,-0.0015279803483281285,0.0392708073486574,1.236727811396122,0.15577355213463306,-0.0045718984911218286,0.0029726221182500012,0.7999257044866681,0.13336116983555257
216064,-0.007268005341757089,0.028616166848223656,1.0278098918497562,0.13270496134646237,-0.010627849522279575,0.0010158355507883243,0.8598355390131474,0.13477821764536202
217088,-0.006821274175308645,0.04410460824146867,1.2460330799221992,0.1612758431583643,-0.0026593000220600516,0.013392983622907195,1.5143801048398018,0.2824479751288891
218112,-0.004897448612609878,0.03577306750230491,1.2245256006717682,0.15878370916470885,0.005090942140668631,0.0007056482063489966,0.6295764241367579,0.09185533865820616
219136,-0.0024861593992682174,0.021521358808968216,1.1847287975251675,0.15842397883534431,-0.028063836507499218,0.0002324547131138388,0.7753549609333277,0.11975982470903546
220160,0.00028054541326127946,0.017878289363579825,1.0138341169804335,0.1361460303887725,-2.9132585041224957e-05,0.002033387885603588,0.42287932988256216,0.05557790584862232
221184,-0.0026292595721315593,0.05523613654077053,0.9320940412580967,0.11794973141513765,-8.227722719311714e-05,0.01600676981615834,1.0908252838999033,0.16363725275732577
222208,-0.0003896403650287539,0.051579255843535066,1.0781835820525885,0.1415373319759965,-0.0009780024411156774,0.017895174183649942,1.2960950881242752,0.20104695577174425
223232,-0.005847280903253704,0.04511757637374103,1.1522552594542503,0.15414136927574873,-0.017599143902771175,0.00147137450039736,0.8101975172758102,0.11261046258732677
224256,0.001244871862581931,0.07379471370950341,1.2503175809979439,0.17615374270826578,-0.008124300424242392,0.016055351276008878,1.3035254944115877,0.2287098141387105
225280,-0.013412130894721486,0.04489615629427135,1.1261661797761917,0.16874959040433168,-0.06374421062355395,0.00496907441993244,1.6870825216174126,0.3506378890015185
226304,0.004987804219126701,0.020882654702290893,0.628777114674449,0.058799360296688974,-0.030701718613272533,0.005212467868659587,0.4445922435261309,0.08130396617343649
227328,-0.009781198619748466,0.05834048870019615,1.0118090957403183,0.12751086009666324,-0.011643900201306678,0.02680238417815417,1.1333572994917631,0.2140197034459561
228352,-0.002469019280397333,0.05943712359294295,1.2376151978969574,0.16929663671180606,0.028465188312111422,0.017621879989746958,1.4371658563613892,0.3089963651727885
229376,-0.001401393412379548,0.04647474852390587,1.2146452739834785,0.17885572323575616,-0.004518034984357655,0.0009892318421407253,1.0724976360797882,0.16409493517130613
230400,-0.01686635601799935,0.03162846085615456,1.0881945751607418,0.14466088777408004,-0.057806388882454485,0.01181470981464372,1.220867170020938,0.24062128830701113
231424,-0.00500592149910517,0.03628257114905864,0.8207360338419676,0.0909206981305033,-0.021170177671592683,0.002942027424069238,0.3421628209762275,0.05434385623084381
232448,0.00024370844766963273,0.055088714929297566,1.2354130074381828,0.17597235459834337,-0.0025857071741484106,0.01725010573863983,0.6121914843097329,0.09965772926807404
233472,0.00045444356510415673,0.04262685927096754,1.1997782997786999,0.17494939314201474,-0.006349968374706805,0.009423313247680198,1.512241905555129,0.3183169378899038
234496,-0.004352567295427434,0.03750756900990382,1.1767637468874454,0.17079517990350723,-0.002610524621559307,0.0013491586960299173,0.7730757864192128,0.13229324156418443
235520,-0.014063446782529354,0.038747208775021136,1.0291427932679653,0.13620852027088404,-0.05439228843897581,0.014355018065543845,1.2938396912068129,0.25324026634916663
236544,-0.0195616121054627,0.0508879084372893,1.0997840389609337,0.1484599297400564,-0.002879765728721395,0.01865394739434123,1.3984691128134727,0.28802332701161504
237568,0.0026475558115635067,0.06796719646081328,1.3123224414885044,0.19215461192652583,0.00557525476324372,0.030915018083760515,1.4494573529809713,0.29796380596235394
238592,-0.00800802040612325,0.05460351123474538,1.1553588211536407,0.1583839631639421,-0.003699084249092266,0.006551822689289111,0.8628620598465204,0.15629427204839885
239616,0.0044542401665239595,0.02468970592599362,1.0071650333702564,0.1572911199182272,-0.027139451878611,0.0005170524455024861,0.7133604874834418,0.12130966410040855
240640,-0.016922684793826193,0.034027301997411996,0.9545386750251055,0.12752353283576667,-0.034459631962818094,0.0019913240603273152,0.7735694912262261,0.18591059412574396
241664,-0.012848948972532526,0.040489908191375434,0.9146429039537907,0.12961900094524026,-0.006026572489645332,0.007521483574237209,1.4318097736686468,0.5195593922398984
242688,0.006764297286281362,0.06485178822185844,1.166443232446909,0.17890773247927427,0.012281438335776329,0.010306324817065615,0.21072908432688564,0.11603059328626841
243712,-0.008595337843871675,0.04103664914146066,1.0242648348212242,0.14685079595074058,-0.014963662630179897,0.01676922509795986,2.2688482142984867,0.7053946681553498
244736,-0.011720490627340041,0.036812040547374636,1.0972809940576553,0.1399326000828296,0.007215947131044231,0.007383610095530457,1.579041738063097,0.4985862346366048
245760,-0.019785789816523902,0.04316508985357359,1.094944914802909,0.1601505083963275,-0.05548426049062982,0.02003751153824851,0.6711279675364494,0.11992222419939935
246784,0.00029897381318733096,0.030977781512774527,1.0541611313819885,0.16628321819007397,-0.0015398308169096708,0.0030652667046524584,0.1893674903549254,0.02113324182573706
247808,0.0018429934134474024,0.034833333746064454,1.1327960789203644,0.1871152869425714,-0.01137666885915678,0.0006410953728845925,1.0630329735577106,0.17342553613707423
248832,0.000197349872905761,0.04380571865476668,1.04821633733809,0.1471884143538773,-0.02310762050910853,0.00011773389735481032,0.8597747208550572,0.1476786743151024
249856,-0.0003104488714598119,0.02684362803120166,0.9551784787327051,0.08294936013408005,-0.02400616358499974,0.0002121434851005688,2.457368403673172,0.6020829118788242
250880,0.0031657479266868904,0.04267942986916751,1.1713922433555126,0.1693087238818407,-0.025364045286551118,0.0016387644745918806,0.32142125139944255,0.060751012817490846
251904,0.003895497531630099,0.050601568538695574,1.2226600386202335,0.18312066653743386,-0.014318801753688604,0.007450723736837972,2.1214473228901625,0.6415210994891822
252928,0.011772535101044923,0.0888890759088099,1.467716995626688,0.2190039404667914,0.026814982062205672,0.03077403682982549,0.7344332314096391,0.23773505658027716
253952,0.003360448346938938,0.04433039226569235,1.522454310208559,0.20072096586227417,-0.01480394770624116,0.0036719497438753024,0.8036159444600344,0.12336865370161831
254976,-0.002586215457995422,0.03319151158211753,1.3252727575600147,0.1697640735656023,-0.0406463584076846,0.0011971330295637017,0.9287079144269228,0.18423377955332398
256000,-0.00536599475890398,0.025602215086109936,1.1417221631854773,0.14057852374389768,-0.016000823845388368,0.008831835468299687,0.790681239683181,0.1720993907074444
257024,0.00279868594952859,0.06597249303013086,1.379121046513319,0.19267356442287564,0.011694771092152223,0.02804899457260035,0.2877393765375018,0.06693505705334246
258048,-8.96049605216831e-05,0.04424402676522732,1.324525821954012,0.18288556160405278,-0.036033810378285125,0.0042191765969619155,0.7531542892102152,0.1629273706348613
259072,0.001214863354107365,0.06440687726717442,1.2710377909243107,0.16900327196344733,0.013812334043905139,0.01586635725107044,1.1516943369060755,0.23285024473443627
260096,0.0030031177448108792,0.05087457550689578,1.4011499658226967,0.19252715911716223,-0.024445446440950036,0.0035449702736514155,1.8198749907314777,0.3771903868764639
261120,-0.002517552813515067,0.02828183345263824,1.0302101857960224,0.11112724267877638,-0.049432920990511775,0.004089179417860578,0.7068389309570193,0.11748231365345418
262144,-0.005759649910032749,0.04504906770307571,1.3251591809093952,0.1829245127737522,-0.006877970154164359,0.009220133732014801,1.1563166249543428,0.20546942413784564
263168,-0.00040903133049141616,0.04833805107045919,1.3167030848562717,0.17957561137154698,-0.020259468437870964,0.012840359791880473,1.1057825051248074,0.1840455310884863
264192,0.0006357282982207835,0.05214154627174139,1.1450920850038528,0.16949639422819018,0.016742160834837705,0.019309204042656347,0.5161328772082925,0.116258688387461
265216,-0.00011399536742828786,0.04761346010491252,1.2681047432124615,0.17508443165570498,-0.03706476421211846,0.0021293245099514024,1.4089745543897152,0.2523862118832767
266240,-0.006805137119954452,0.036815307510551065,1.1830553822219372,0.1617404934950173,-0.007565028325188905,0.007581727659271564,1.5877486383542418,0.3088000217685476
267264,-0.0015929225482977927,0.04880186833906919,1.3550245724618435,0.1945287394337356,0.01319234468974173,0.0010030592102339142,0.28970602148910984,0.08298101904802024
268288,0.001292744229431264,0.04823113034944981,1.3673288151621819,0.18092178087681532,8.269125828519464e-05,0.0003401420276532008,0.013361832010559738,0.0011399434879422188
269312,0.0007172619953053072,0.022412269900087267,1.4618325643241405,0.14296061312779784,2.372966264374554e-05,0.00022268267980507517,0.04734907054807991,0.00416434183716774
270336,-0.013099121992127039,0.04840920562855899,1.2936426550149918,0.13824776373803616,-0.03678684003534727,0.0015219521355902543,1.0761328076478094,0.2230133835109882
271360,-0.0034259282401762903,0.06284061190672219,1.292749758809805,0.16776821622624993,0.004101643658941612,0.008358761435374618,0.09393150714458898,0.014255544811021537
272384,-0.003956952175940387,0.05329108494333923,1.1343955621123314,0.1341360043734312,4.744133912026882e-05,0.0004913864754598762,0.012114594923332334,0.0009439904242753983
273408,-0.0031873834086582065,0.0544864556286484,1.3174689449369907,0.17293627187609673,-2.0823499653488398e-05,0.00032462066269545176,0.013222882349509746,0.00104113994166255
274432,0.0002677227894309908,0.047327116946689785,1.3858430683612823,0.17862905701622367,1.2643256923183799e-05,0.00022536095616487728,0.014716663194121793,0.0011716664303094149
275456,-0.0035013441811315715,0.04727030952926725,1.4396508745849133,0.1813759608194232,-0.000494063162477687,0.0107480051156017,0.012716071825707331,0.001010883948765695
276480,0.0039761048392392695,0.020814937888644636,1.6930188201367855,0.1785881002433598,-5.600159056484699e-07,0.009003116033454717,0.013518611987819895,0.00105197262018919
277504,4.501747025642544e-05,0.024202482716646045,1.6808250732719898,0.16731182532384992,-8.989591151475906e-06,0.007044754220260074,0.016702121210983023,0.0013267698232084513
278528,-0.0046718897501705214,0.03197822335641831,1.6923682242631912,0.16479627741500735,6.5221101976931095e-06,0.004993969225097317,0.020345138385891914,0.001651523751206696
279552,0.0002901713887695223,0.04226432676659897,1.7203722186386585,0.17062101745977998,9.475625120103359e-07,0.004164897263763123,0.029227003687992692,0.002467199577949941
280576,-0.005294512026011944,0.07925802282989025,1.537657231092453,0.18018533335998654,0.00045469001634046435,0.00540777505011647,0.019388439191970974,0.001577654853463173
281600,-9.119423339143395e-05,0.03925863152835518,1.3244637474417686,0.18660165276378393,-0.0014609985519200563,0.0005568788628806942,0.03205604723189026,0.003187913738656789
282624,0.006953478790819645,0.02668402047129348,1.248906146734953,0.18080276530236006,-0.005043210316216573,0.00011077257545366592,0.48899114644154906,0.06635126052424312
283648,-0.0038979030796326697,0.05918974196538329,1.2545253932476044,0.18365745525807142,-0.0058104088238906115,0.014816337235970423,1.0050919111818075,0.15046688029542565
284672,-0.0002066519227810204,0.056373294442892075,1.2569712363183498,0.16245637042447925,-0.003948871308239177,0.011432239865825977,1.364923682063818,0.21674067061394453
285696,-0.004956373100867495,0.06638494320213795,1.259237963706255,0.1738348831422627,-0.04030504672846291,0.004138034968491411,0.9246460162103176,0.17384260706603527
286720,0.005478276987560093,0.06596286303829402,1.352893266826868,0.22167718783020973,-0.006219064205652103,0.02822396162082441,1.2757779359817505,0.21959108998999
287744,0.02024108057958074,0.05278838542290032,1.2687205225229263,0.24494384741410613,-0.013129149621818215,0.0042159140703006415,0.7870749803259969,0.1326226812088862
288768,0.015595882257912308,0.04253040812909603,1.3184292651712894,0.2310068653896451,-0.016025905235437676,0.0034414977226333576,0.7644336652010679,0.12214624090120196
289792,0.005871913788723759,0.03493728843750432,1.2924287281930447,0.1914071049541235,-0.00471720659697894,0.0025144479063783365,0.8957735039293766,0.13395304791629314
290816,0.0004786259960383177,0.08453775208909065,1.3587032482028008,0.22283926187083125,-0.01610383644583635,0.011110354309494141,1.1593870539218187,0.24631989607587457
291840,0.0067704308312386274,0.06558046373538673,1.3709052503108978,0.2197821424342692,0.011357883864548057,0.02399166562827304,1.0386249339208007,0.22152157360687852
292864,0.006847295560874045,0.05581493640784174,1.198450718075037,0.18232767656445503,0.008847719378536567,0.001853093159297714,0.8431506119668484,0.14199808810371906
293888,0.0024368647282244638,0.05427415913436562,1.1514536403119564,0.17313172668218613,-0.028021064586937428,0.0014308542531580315,0.8005255460739136,0.12661990383639932
294912,-0.004939050792017952,0.04520824027713388,1.2034030556678772,0.1691552847623825,-0.026305767125450075,0.0008830499782561674,0.6725285798311234,0.10622090566903353
295936,0.0005061364645371214,0.04884574667084962,0.9808651991188526,0.1310627656057477,-0.017879104911116883,0.0012778194677594001,1.4022049959748983,0.2767487373203039
296960,-0.0032892344752326608,0.039488679147325456,1.022983567789197,0.14793771598488092,0.016036485525546595,0.008942139866121579,0.18206214549718425,0.03270034090382978
297984,0.003759585873922333,0.03996375482529402,1.056344248354435,0.14866789896041155,0.0001588041486684233,0.0005782142934549483,0.030369079089723527,0.0025155353359878063
299008,-0.0020070629398105666,0.04648858366999775,1.1633354760706425,0.15353397652506828,-0.0014687345392303541,0.008187705643649679,0.17598626669496298,0.01871205196948722
300032,-0.0021747749560745433,0.061283298884518445,1.2977533228695393,0.18266170285642147,-0.015152734471485019,0.020567631043377332,1.248673839494586,0.26313205098267645
301056,8.749603875912726e-05,0.037589888263028115,0.9342848658561707,0.11689834878779948,-0.014171383430948481,0.003943226645333198,0.28736070170998573,0.05283005320234224
302080,-0.001222320948727429,0.03906275861663744,1.1773169822990894,0.1552768019028008,-0.06309965078253299,0.0036704850717796944,0.811067764647305,0.21950763696804643
303104,-0.0005650043458444998,0.03658979042666033,1.3514560274779797,0.1649300381541252,-0.011739708919776604,0.024600432894658297,1.7818779237568378,0.4367661136202514
304128,-0.01709857044625096,0.02171806723345071,1.1872942969202995,0.1521958620287478,-0.022218548721866682,0.0006963194764466607,0.7708747154101729,0.149051099200733
305152,0.0051402579847490415,0.02301192650338635,0.9201253596693277,0.10492994380183518,0.004497584261116572,0.0015189565510809189,0.10226136341225356,0.015104046848136932
306176,-0.00901853060349822,0.07452619262039661,1.0594954248517752,0.1467941957525909,-5.9509649872779846e-05,0.007494595494790701,0.062436755979433656,0.006210957537405193
307200,-0.010139197314856574,0.03972244798205793,1.0387359783053398,0.13626014813780785,-0.003195532946847379,0.0005797384333163791,0.09944887144956738,0.010050556622445583
308224,-0.006926948146428913,0.04232833627611399,1.006373880431056,0.14500711695291102,-0.0032871779694687575,0.008079015668045031,0.7577805761247873,0.1156087783165276
309248,0.002474937748047523,0.03871327964589,1.0218051169067621,0.15764162363484502,-0.001980277680559084,0.0003570589701666904,1.0645649526268244,0.14287904230877757
310272,0.0017069917230401188,0.0496539935702458,0.9646373521536589,0.12390604591928422,-0.027389878232497722,0.002250862515211338,1.1953840777277946,0.17378264223225415
311296,-0.0014365326496772468,0.034702295844908804,0.9880376160144806,0.12133266706950963,-0.013971268344903365,0.0007120313730410999,0.6548373997211456,0.0948192453943193
312320,-0.0024700356734683737,0.0614423785591498,1.1702723391354084,0.16716037644073367,-0.002604266250273213,0.021109241832164116,0.7525378102436662,0.1314769560121931
313344,-0.0010526327532716095,0.06662017677444965,1.1444925852119923,0.17153737600892782,0.008504240890033543,0.01864022131485399,1.0567723829299212,0.19097435334697366
314368,-0.002203585027018562,0.05295922385994345,1.1469428725540638,0.17422282276675105,0.014817251299973577,0.009374090921483003,0.6954214135184884,0.12290175829548389
315392,-0.004061209343490191,0.04354959761258215,1.1132349520921707,0.16326243709772825,-0.03993877753964625,0.0037085796175233554,1.023799198679626,0.18332492979243398
316416,0.0051817428902722895,0.04229713836684823,1.0462331175804138,0.15231699170544744,-0.038118480413686484,0.0017223382092197426,0.6637532692402601,0.12371466879267246
317440,0.0036223804199835286,0.061867945827543736,0.9845738597214222,0.13654528744518757,0.0026744386996142566,0.011933188532566419,1.2539703287184238,0.21391198644414544
318464,-0.0006302552937995642,0.038912064279429615,0.9733407367020845,0.13561513368040323,0.005027944367611781,0.0007773235483909957,1.0180646665394306,0.1642940123565495
319488,0.0017792662547435611,0.04365930985659361,1.2155004888772964,0.17479383945465088,-0.0008334654849022627,0.000572031522551697,1.1068008579313755,0.17709600646048784
320512,-0.0054670662502758205,0.0501734905410558,1.1550547890365124,0.1458497615531087,-0.013629450695589185,0.008212669315980747,1.0092243291437626,0.15634154248982668
321536,-0.0024985392665257677,0.047838434926234186,1.0403034649789333,0.11758989631198347,-0.012076522660208866,0.0004979661498509813,0.9872198607772589,0.13973739882931113
322560,-0.006102532657678239,0.044990284251980484,1.0933704636991024,0.12442225799895823,-0.019526265241438523,0.00026796286397257063,0.8824333064258099,0.12331757205538452
323584,-0.006614972575334832,0.04049910441972315,1.1919850148260593,0.14271127339452505,-3.233322058804333e-05,0.00015315600008136698,1.3663522824645042,0.20000713877379894
324608,-0.0007898445473983884,0.04263836529571563,1.2694831602275372,0.15328583400696516,-0.0047751069359947,9.480179694065782e-05,1.420274455100298,0.1984083945862949
325632,0.002003421715926379,0.06058184988796711,1.3276792131364346,0.21609040582552552,-0.018018111353740096,0.0024761717822912033,1.0991071816533804,0.16751953307539225
326656,0.019637505771243013,0.07268917269539088,1.3019202537834644,0.2544195782393217,-0.012702811043709517,0.00799230398479267,1.9399737790226936,0.39933920884504914
327680,0.007347035701968707,0.051726321573369205,1.2618158236145973,0.21724570263177156,-0.004960293095791712,0.006544511201354908,1.9017086178064346,0.38397409301251173
328704,0.00038254389073699713,0.06520122254732996,1.207445565611124,0.1845409208908677,0.014699608407681808,0.010997749777743593,0.940673372708261,0.1602012679213658
329728,0.0007661123090656474,0.05623808584641665,1.1626574881374836,0.16392341488972306,-0.006028078409144655,0.010765998435090296,1.361056325957179,0.22293358948081732
330752,-0.0013172434992156923,0.034926087595522404,1.1593814678490162,0.15744711412116885,-0.06810657095047645,0.01806464380933903,0.861609922721982,0.14642446907237172
331776,0.00294597872562008,0.035480931866914034,1.109652329236269,0.12854196364060044,0.011296381038846448,0.0011947280490858248,0.15495120640844107,0.025457869458477944
332800,-0.0014521731791319326,0.029508226842153817,1.4211928807199001,0.1645185595843941,-2.514873631298542e-05,6.029354301517742e-05,0.03166384412907064,0.002679971163161099
333824,-0.027412536379415542,0.02141764323459938,1.2929871194064617,0.15317110158503056,-0.000659631215967238,0.0005486113259394187,0.03566674224566668,0.0036906437017023563
334848,0.002776566456304863,0.019330802897457033,1.6117887906730175,0.19456298323348165,0.0005351916770450771,0.0053740598777949344,0.03621914761606604,0.0031201447127386928
335872,-0.01641481652040966,0.046071549877524376,1.2167876362800598,0.1644906080327928,-0.0009828060865402222,0.006748251318640541,0.04695373901631683,0.004216755274683237
336896,-1.9732542568817735e-05,0.03978576313238591,1.133395278826356,0.13700136076658964,-0.0012868308403994888,0.009102706986595877,0.1392970324959606,0.014310220372863114
337920,0.007700451678829268,0.04481624183245003,1.2860077656805515,0.19423440285027027,-0.01880626822821796,0.002426975090202177,0.9928476912900805,0.1501561055192724
338944,0.01289702911162749,0.06727483670692891,1.252777587622404,0.23106696642935276,-0.00509354576934129,0.011027341563021764,1.448911678045988,0.24259723722934723
339968,0.006710473171551712,0.09882813366129994,1.268874291330576,0.21106761507689953,0.00444862648146227,0.012644769987673499,0.7924672849476337,0.11689271859358996
340992,-0.0035782474878942594,0.051430870313197374,1.2047513388097286,0.1831499980762601,-0.01445827737916261,0.0030697780421178322,0.9544331599026918,0.1486353985965252
342016,0.0015213732258416712,0.040045412140898407,1.1383581347763538,0.18594929529353976,-0.0043081788753625005,0.014687827584566548,1.4187583066523075,0.22868355503305793
343040,0.0023730801258352585,0.05335821001790464,1.197871956974268,0.183066138997674,-0.009539649210637435,0.004095132058864692,0.9200578797608614,0.13443872355856
344064,-0.0010805763740791008,0.03868136717937887,1.2085388414561749,0.17608131607994437,-0.017215308573213406,0.0011270813311057282,0.5383824035525322,0.07020187703892589
345088,-0.0006214685854502022,0.055975888040848076,1.35102166980505,0.18187460536137223,-0.015554066834738478,0.003658927456854144,1.2939891144633293,0.20744705712422729
346112,-0.002622548177896533,0.04781588166952133,1.2922101207077503,0.18551295436918736,-0.010368795614340343,0.005674882089806488,0.3636720492504537,0.05800724512664601
347136,-0.00461041770176962,0.05978826538193971,1.2181009612977505,0.20038956589996815,0.004094856616575271,0.024085704993922263,1.378858307376504,0.2348049725405872
348160,0.003958652698202059,0.07730958214960992,1.252426914870739,0.20745848398655653,-0.007094087515724823,0.010477568241185509,1.291281871497631,0.21470021037384868
349184,2.0214414689689875e-05,0.05500824190676212,1.2369651533663273,0.18529948079958558,-0.0007008305401541293,0.00824825812378549,1.3437346033751965,0.21976691903546453
350208,-0.0010635335929691792,0.05697856773622334,1.2332606725394726,0.17685684701427817,-0.036714126326842234,0.01273261453025043,1.6381461322307587,0.3210744746029377
351232,-0.00438207687693648,0.03638560092076659,1.3260668255388737,0.1521239869762212,-0.010045685281511396,0.002207347065450449,0.7077023070305586,0.10173743241466582
352256,-0.004435924027347937,0.05910677777137607,1.1996995136141777,0.16199245117604733,-0.009531334580969997,0.0067462773658917286,0.7720188861712813,0.12563511554617435
353280,-0.010015658481279388,0.05930072127375752,1.162943985313177,0.1852375641465187,0.012129877315601334,0.007229436123452615,0.4966202271170914,0.07544789160601795
354304,0.0008895651844795793,0.045768936921376735,1.3072575069963932,0.20437761629000306,-0.010550736624281853,0.002345286640775157,0.5396610349416733,0.07510840590111911
355328,-0.01919933338649571,0.03769147186540067,1.1055439077317715,0.16097007459029555,-0.07139577672933228,0.004390344547573477,1.9490295015275478,0.5980640996713191
356352,8.527067257091403e-05,0.029008422687184066,0.5365625722333789,0.04357559105847031,-0.004049982293508947,0.005794890544166265,0.14758764998987317,0.02478310448350385
357376,-0.007975219414220192,0.053670967812649906,0.8626100402325392,0.09414334699977189,-0.016630008787615225,0.010592513484880328,0.7725785188376904,0.1766322273761034
358400,0.004667907051043585,0.06159708113409579,1.3012470565736294,0.1870079580694437,0.00494156577042304,0.02677151103853248,1.0260793352499604,0.24070042185485363
359424,0.0003909829101758078,0.07944206730462611,1.1854011118412018,0.1613924098201096,-0.004491118976147845,0.011802792272646911,0.9214691147208214,0.15739030065014958
360448,0.001435772079275921,0.06493188964668661,1.1800436452031136,0.1542735011316836,-0.02712484827497974,0.004357793332019355,1.0758943427354097,0.19534785486757755
361472,-0.004600544692948461,0.058434412465430796,1.1034520529210567,0.15701261023059487,-0.0005049984902143478,0.025293085986049846,1.0327431969344616,0.1659680197481066
362496,0.005636900925310329,0.06148474640212953,1.1755035445094109,0.17748179892078042,0.0016317637782776728,0.015394413290778175,1.2573738656938076,0.20545848086476326
363520,-0.003488794929580763,0.053148350096307695,0.9239517655223608,0.11983842705376446,0.00579384426237084,0.0010044095095054217,1.0099788289517164,0.1532637036871165
364544,0.0012465978506952524,0.0398364185821265,0.9412167090922594,0.12246355321258307,-0.0013775067345704883,0.0008202923976341481,1.2670121043920517,0.19523412454873323
365568,-0.0031985095483832993,0.04609485645778477,1.1762205697596073,0.1593269370496273,-0.05162075173575431,0.012590416576131247,0.8263671100139618,0.13615926378406584
366592,-0.0026029146174550988,0.0473241958534345,1.224111683666706,0.15637846291065216,-0.02547318053257186,0.0004916699099339894,0.45135965943336487,0.07513510598801076
367616,-0.00288671359885484,0.06334829132538289,1.371374487876892,0.19115129811689258,0.008563450915971771,0.008202250210160855,1.3413502909243107,0.2309112222865224
368640,-0.00042278977343812585,0.0576435043476522,1.2890150547027588,0.18216392071917653,-0.000586054113227874,0.017142058510216884,1.1884708162397146,0.186726501211524
369664,-0.009140631795162335,0.05522149649914354,1.2178623676300049,0.1740338164381683,-0.006679669750155881,0.005062638301751576,2.0160112269222736,0.42683852929621935
370688,0.007659950075321831,0.056514056166633964,1.1720875576138496,0.1870073531754315,0.00014576551620848477,0.01618395977129694,1.2072030045092106,0.2219827629160136
371712,-0.005266556661808863,0.05095725134015083,1.0352351684123278,0.14050646545365453,-0.007830951188225299,0.003949013447709149,1.6170625798404217,0.2901952853426337
372736,0.004706328822067007,0.10248545929789543,1.165675513446331,0.19191307527944446,-0.0006158448522910476,0.027202796598430723,1.58902632817626,0.3127026641741395
373760,0.0025986974214902148,0.06722344807349145,1.25937320291996,0.1941125662997365,0.01480131215066649,0.01593713958573062,0.8015176383778453,0.1261204838519916
374784,-0.0018134306301362813,0.06466289656236768,1.1726545915007591,0.1661317921243608,0.0004551752208499238,0.0024735221450100653,0.4738528663292527,0.06288681575097144
375808,-0.0023898161889519542,0.0331690096645616,0.84257653914392,0.12279852177016437,-0.01355425058864057,0.0024007672000152525,0.4795173592865467,0.0688640815205872
376832,0.00043626582191791385,0.053457881323993206,0.9181342124938965,0.12666199845261872,0.000689658714691177,0.008362083808606258,0.7890782207250595,0.11798185226507485
377856,-0.0014498647360596806,0.058692386257462204,1.1702570095658302,0.16580699710175395,-0.0011229493247810751,0.008409268546529347,1.8395310938358307,0.42759119160473347
378880,-0.006035152837284841,0.05430060508660972,1.121460322290659,0.1484859981574118,0.016274756111670285,0.008356502788956277,1.3977328650653362,0.2635863209143281
379904,-0.0009703227551653981,0.03698954125866294,1.1042560897767544,0.14631490735337138,0.009233196207787842,0.0005414021820797643,1.3650383204221725,0.22077601728960872
380928,-0.0053468639380298555,0.05068807944189757,1.0479065794497728,0.1650095763616264,-0.007631939908606,0.02439917207811959,1.2349980175495148,0.19146328140050173
381952,-0.0065787259372882545,0.05088860006071627,1.1234935708343983,0.16497770929709077,0.00013926345854997635,0.014850362305878662,1.3555444404482841,0.21920905727893114
382976,-0.0034070567053277045,0.06786286039277911,1.1947417929768562,0.1636519660241902,0.009382942123920657,0.011063353129429743,1.125193566083908,0.1710876626893878
384000,-0.004016785096609965,0.05098411894869059,1.197420321404934,0.15487667778506875,-0.006550322839757428,0.00038444974370577256,1.231398105621338,0.19000438507646322
385024,-0.002097702701576054,0.046620511333458126,1.069948110729456,0.1329659279435873,-0.012866658813436516,0.002523647777707083,1.4021495208144188,0.2279201839119196
386048,-0.010909455129876733,0.033554583322256804,1.0745710041373968,0.1306624028366059,-0.004533499799435958,0.010588930435915245,0.26570125576108694,0.030005850712768734
387072,-0.011446573786088265,0.031163669598754495,1.0088861137628555,0.11913934093900025,-0.023018026404315606,0.013053826394752832,1.3139612842351198,0.23935079481452703
388096,0.0029060405504424125,0.06068919540848583,1.2136989161372185,0.1835812577046454,0.03134767641313374,0.016811256762593985,1.2730625681579113,0.24090815242379904
389120,0.0018055344262393191,0.060862109647132456,1.262707658112049,0.20146048860624433,-0.012643629685044289,0.021100473015394527,1.517088808119297,0.2664763145148754
390144,-0.0009273172763641924,0.05807199759874493,1.205611601471901,0.17241480620577931,-0.0024370589017053135,0.008991847367724404,1.258504455909133,0.20476973103359342
391168,-0.013246589689515531,0.05774542305152863,1.2559551745653152,0.14767597801983356,-0.004535407628281973,0.023416466428898275,1.2258405908942223,0.17057002801448107
392192,-0.0031210252054734156,0.06819530541542917,1.2897886782884598,0.17828771052882075,-0.004797584959305823,0.030898963857907802,1.2133882567286491,0.18434724118560553
393216,-0.0015330483147408813,0.054293151129968464,1.2428505346179008,0.1797459637746215,-0.002820433845045045,0.007790973235387355,1.3930272832512856,0.22825556015595794
394240,0.0020998959662392735,0.04584543500095606,1.2745258808135986,0.1846415069885552,-0.0019688029860844836,0.001539690192657872,1.1440923474729061,0.17052678670734167
395264,0.0013336373958736658,0.045453043188899755,1.2300211489200592,0.1740326047874987,-0.04275960510130972,0.0027818936578114517,1.2019286286085844,0.19789973180741072
396288,0.0009258518475689925,0.053756472771055996,1.311294462531805,0.18241259967908263,-0.03811838667024858,0.0008085476956694038,0.9341514836996794,0.1511949305422604
397312,-0.00248656133771874,0.05971037584822625,1.2743525803089142,0.18662403197959065,-0.0147756795049645,0.015361852652858943,1.3932504672557116,0.25236631743609905
398336,0.0014080766413826495,0.11178026581183076,1.301101129502058,0.18478213530033827,0.002346303401282057,0.010666284761100542,1.1591784972697496,0.19402680918574333
399360,0.004062345920829102,0.06241236021742225,1.1238529719412327,0.14651150349527597,-0.011572049887035973,0.0011368364994268632,0.8440180495381355,0.13275276008062065
400384,-0.00491830674582161,0.05185441276989877,1.0087389461696148,0.12733706715516746,-0.05810768163064495,0.0019349956610312802,1.1201597470790148,0.20171274128369987
401408,-0.006305780159891583,0.0419917938997969,1.172661766409874,0.1506311036646366,0.0008955568628152832,0.0005212125784055388,0.04066317644901574,0.003713934973347932
402432,-0.0011124838783871382,0.032436088658869267,1.0740880146622658,0.12733361520804465,-0.0006365630542859435,0.0002241410603858185,0.08206533722113818,0.00800965039525181
403456,-0.00562027636624407,0.04489568155258894,1.1616045720875263,0.14271848741918802,-0.035949584911577404,0.0003073367470278754,0.9491830277256668,0.16112133482238278
404480,-0.004443060446646996,0.04854372749105096,1.234436184167862,0.14923680247738957,-0.006131603353423998,0.00805800340276619,1.734536774456501,0.36135854315944016
405504,-0.0069040982343722135,0.07404975779354572,1.1852880641818047,0.17234637355431914,-0.014335813873913139,0.021703421778511256,1.198823350481689,0.2321947501040995
406528,0.004104703926714137,0.05482107156421989,1.2403165884315968,0.206396474968642,-0.005357766698580235,0.01037329276005039,0.4317222093231976,0.06390918814577162
407552,0.00283824116922915,0.036747081438079476,1.2298027127981186,0.18572557205334306,-0.004017707396997139,0.0078601705172332,1.1216814257204533,0.19426883361302316
408576,-0.00040417689888272434,0.045030123088508844,1.1504914611577988,0.15049039712175727,0.002284321148181334,0.0010538554251979804,1.3602453768253326,0.2596202688291669
409600,-0.0003419400018174201,0.04533578490372747,1.2283985428512096,0.16407806472852826,-0.014792367262998596,0.00839102009194903,1.8281861618161201,0.3606714457273483
410624,0.00036887062015011907,0.053239414817653596,1.1868269965052605,0.1650891052559018,-0.062362682045204565,0.013132977226632647,1.3044450245797634,0.35203924123197794
411648,-0.002219107380369678,0.04181531548965722,1.151539795100689,0.15575896110385656,-0.004058232472743839,0.0022697111171510187,0.1595108319306746,0.01973872591042891
412672,0.0024269817513413727,0.045453409547917545,1.1965300478041172,0.16672388324514031,0.0032055273768492043,0.017252142672077753,1.1762679852545261,0.18271049624308944
413696,-0.001185203407658264,0.04121688019949943,1.2886102050542831,0.2210725825279951,-0.030530827643815428,0.0011285813588983729,0.6768965618684888,0.1071421371307224
414720,0.010622436559060588,0.040708116721361876,1.2047899588942528,0.1925093773752451,0.004385387917864136,0.0006300638078755583,0.22329834243282676,0.03352679853560403
415744,-0.007845974148949608,0.04222574480809271,1.0509514138102531,0.12259048665873706,-0.06095333560369909,0.001750753623127821,0.8604196663945913,0.28201708488631994
416768,-0.0010777368006529287,0.037601235904730856,1.0514627806842327,0.10774622275494039,0.005949353537289426,0.004872935041930759,0.04079769327654503,0.012237414804985747
417792,0.004741649754578248,0.04671603301540017,1.1987273208796978,0.17991038504987955,0.00033982074819505215,0.00035810577446682146,0.007451068959198892,0.0005371602019295096
418816,0.00019672562484629452,0.03787643346004188,1.1422206722199917,0.16947698593139648,0.00035597255919128656,0.005028045565268258,0.007513471908168867,0.0005433713085949421
419840,-0.004043471912154928,0.04009524337016046,1.2178071290254593,0.17625337792560458,0.00016892829444259405,0.0038651784034300363,0.004399191187985707,0.0002943038707599044
420864,0.003440852931817062,0.05461219372227788,1.1683811657130718,0.17993123782798648,-0.0002177601563744247,0.003593182860640809,0.018307806574739516,0.0014921438414603472
421888,-0.006148617772851139,0.04427803389262408,1.133860807865858,0.15709606604650617,0.00018579349853098392,0.0004746408307028105,0.030819218140095472,0.002627322915941477
422912,-0.009417033870704472,0.0329726908239536,1.085918327793479,0.12602848932147026,-0.0088073946244549,0.0006326059311732024,0.3532205019146204,0.07150818168884143
423936,3.542529884725809e-05,0.04182176466565579,1.301861185580492,0.20322943525388837,0.014780263809370808,0.017551006108988076,1.3475528880953789,0.25434974557720125
424960,-0.00995179489837028,0.046582428622059524,1.2829935066401958,0.19091649865731597,-0.013234825019026175,0.002564080934462254,0.872001176699996,0.13466865825466812
425984,-0.0026397535984870046,0.054193896939978004,1.1643014252185822,0.1438332018442452,-0.011766019888455048,0.010391330491984263,0.3864155397750437,0.055158672330435365
427008,0.0020015787158627063,0.048632967518642545,1.25248321890831,0.19984621182084084,-0.008033141901250929,0.01820595962635707,1.514642396941781,0.29639084031805396
428032,-0.002633143274579197,0.053052684059366584,1.2327960953116417,0.19826876977458596,-0.00491849728859961,0.0030084445934335236,0.5287056667730212,0.08338833227753639
429056,0.0008011009049369022,0.05653052730485797,1.201144251972437,0.17476950818672776,-0.020695727347629145,0.0020096848438697634,0.42266577016562223,0.05705871572718024
430080,0.0011006832355633378,0.08263705112040043,1.2464371770620346,0.17996847862377763,-0.009251998562831432,0.008348717688932084,1.0039388602599502,0.19366453494876623
431104,0.0014570362254744396,0.049241635482758284,1.1128387823700905,0.15539124514907598,-0.0047702055890113115,0.0005137602802278707,0.17011867417022586,0.024973634688649327
432128,-0.005017446121200919,0.05856055149342865,1.2311912961304188,0.16384118562564254,0.01059659430757165,0.015979389165295288,1.2736090123653412,0.27450617076829076
433152,-0.010993617339408956,0.046106052002869546,1.238876435905695,0.1518565397709608,-0.009492510202107951,0.006193866063767928,1.5850467346608639,0.26997724547982216
434176,-0.0008249162783613428,0.02896617166697979,0.8374457117170095,0.07978451065719128,0.0008853845938574523,0.0005661597668904506,1.211448134854436,0.1831481270492077
435200,-0.0019685957522597164,0.06958305812440813,1.1549073308706284,0.13850310980342329,-0.057202876574592665,0.0026962742776959203,1.3265821896493435,0.21723947720602155
436224,6.299922824837267e-05,0.054032231331802905,1.3461608067154884,0.18600432109087706,-0.009024085389683023,0.0018586046589916805,0.2479921653866768,0.03481961420038715
437248,0.002924035827163607,0.07589453097898513,1.281282715499401,0.2176414760760963,-0.01409096599672921,0.027212756423978135,1.2536337543278933,0.22161106765270233
438272,0.004179093055427074,0.049505788716487586,1.2686395570635796,0.22135498002171516,-0.018919319903943688,0.00162290458138159,0.7360876612365246,0.11976770730689168
439296,0.006373975978931412,0.0543826975626871,1.2412966266274452,0.20293930312618613,0.005794770899228752,0.008633408386231167,0.19591222738381475,0.029141086619347334
440320,0.007599163232953288,0.08683899790048599,1.3722480945289135,0.18321636551991105,-0.050172475806903094,0.0039664670221100096,1.6369811156764627,0.42032836127327755
441344,-0.004560465109534562,0.06110193859785795,1.121932689100504,0.14794992562383413,-0.06056176428683102,0.003272240352089284,1.5337300263345242,0.34174512000754476
442368,-0.004860705324972514,0.03632574586663395,1.06631538271904,0.13565579010173678,-0.014002134557813406,0.0007788158245602972,0.9480249732732773,0.19536007789429277
443392,-0.004399119468871504,0.04793121654074639,0.9868016093969345,0.1113898332696408,0.008712437585927546,0.00894455029265373,1.5249883010983467,0.277012447360903
444416,-0.009379506198456511,0.04689384589437395,1.094419151544571,0.14472481282427907,-0.012399609899148345,0.0007100806180915242,1.1990432105958462,0.1860832879319787
445440,-0.002258053995319642,0.056122277048416436,1.3122530542314053,0.19027531938627362,-0.02669337432598695,0.00976415161130717,1.138648146763444,0.21698961593210697
446464,-0.0070218904002103955,0.04691380390431732,1.2263214625418186,0.16294365748763084,-0.023863361653639004,0.0006582775076822145,1.0277641452848911,0.16791892377659678
447488,-0.0033717327169142663,0.05658689618576318,1.2974809892475605,0.17197967180982232,0.0015985096688382328,0.022422619280405343,1.263535376638174,0.24103244254365563
448512,0.000365852756658569,0.04832062136847526,1.3157973550260067,0.17377145495265722,-0.011176860542036593,0.0025331242723041214,0.8600967125967145,0.1543242211919278
449536,-0.003652403815067373,0.025899181433487684,1.2160984128713608,0.1589928911998868,-0.048855714267119765,0.0006780439116482739,0.7084283959120512,0.13009810191579163
450560,-0.007562734477687627,0.04166546929627657,1.0920146871358156,0.137809639563784,-0.054133326455485076,0.004963157138263341,1.0645946394652128,0.38054720766376704
451584,-0.003010273998370394,0.037161212239880115,0.8534360788762569,0.09321024105884135,0.0019490334088914096,0.0026475202839719714,0.03654924640432,0.004588657990098
452608,0.00020066677825525403,0.04648846236523241,1.215598914772272,0.154418112244457,-5.380032234825194e-06,0.0009212321538143442,0.0036331460578367114,0.00023931183386594057
453632,-0.006225191056728363,0.04532188770826906,1.3627600073814392,0.17693459149450064,-2.7694622986018658e-06,0.000539345174729533,0.0037133298319531605,0.0002462903503328562
454656,-0.004098718520253897,0.055254561360925436,1.2986421175301075,0.1647115177474916,0.0004445989616215229,0.0007833198560547316,0.023234927328303456,0.0019614353077486157
455680,0.0023685736232437193,0.06604994286317378,1.2176275439560413,0.1535153859294951,-0.04004235248430632,0.0006314610354820616,1.300338762695901,0.3902978685218841
456704,-0.0033495158422738314,0.08095237147063017,1.2199430577456951,0.15544937178492546,-0.010997345380019397,0.02111975775915198,1.5516504049301147,0.34144236566498876
457728,-0.0011487466254038736,0.045302180806174874,1.3219619654119015,0.18803961109369993,0.012079693100531586,0.005351064102796954,0.9180391253903508,0.21807077922858298
458752,-0.008717701130080968,0.04124065057840198,1.2365587949752808,0.15462232427671552,-0.002711879089474678,0.0010076261064568826,0.25877671339549124,0.043041300610639155
459776,-0.001268572115805,0.042387151159346104,0.7919655535370111,0.0817659106105566,0.0009978798625525087,0.000600664694019315,0.6830226324964315,0.09934386133681983
460800,-0.006071097042877227,0.0461203558370471,1.3031479381024837,0.1715145125053823,-0.02844950306462124,0.011120769631816074,0.8529702387750149,0.15784458676353097
461824,9.84093639999628e-06,0.05945675203111023,1.2290409244596958,0.14081293647177517,0.005901183059904724,0.008632711076643318,1.9693412110209465,0.4485047310590744
462848,-0.0014769221816095524,0.05466095940209925,1.3251994624733925,0.1573391892015934,-0.014669081821921282,0.00035902990907743515,0.5663223909214139,0.08856898720841855
463872,0.002195468230638653,0.042743637692183256,1.33021966740489,0.15821014810353518,-0.016132020682562143,0.00021663646668912406,0.5582269132137299,0.07984569831751287
464896,0.0010334625549148768,0.03432124282699078,1.4149378538131714,0.16001672483980656,0.003499293146887794,0.00019616547092482506,0.08158797072246671,0.010597331915050745
465920,0.0009023493039421737,0.05333474784856662,1.759336456656456,0.21105107525363564,-0.0002510869817342609,0.0035359294179215794,0.03137270518345758,0.0027237015310674906
466944,-0.023035154619719833,0.008040674783842405,1.4086273200809956,0.1317715283948928,-0.0173218626587186,0.0013057071332696069,0.6568747730925679,0.1060884638573043
467968,-0.007561806996818632,0.0550158527912572,1.4767102263867855,0.18165716715157032,0.007067670725518838,0.007570512854726985,0.14418689208105206,0.031105449481401592
468992,-0.008780976015259512,0.03642685158411041,1.303950224071741,0.14845016575418413,-0.007153604936320335,0.0013280253606353654,0.17553002457134426,0.021370508708059788
470016,-0.0002844968985300511,0.08203089749440551,1.1947405505925417,0.14825655263848603,-0.0026726503274403512,0.0017194503043356235,0.09217459848150611,0.01236598362447694
471040,0.007935956353321671,0.08431477402336895,1.2462789118289948,0.21385686984285712,-0.013960044831037521,0.0009558413257764187,0.45269046910107136,0.07949273358099163
472064,0.010237303431495093,0.06559061084408313,1.2712605744600296,0.2273867023177445,-0.015143228403758258,0.008265395608759718,1.850301867350936,0.467744002584368
473088,0.002648280671564862,0.0649461296852678,1.2885044515132904,0.2098878314718604,0.017515079249278642,0.023332322627538815,1.2860730085521936,0.3328985145781189
474112,0.00666211690986529,0.04927924869116396,1.3376560732722282,0.2116469400934875,0.005453241115901619,0.0009531096184218768,0.5432397881522775,0.09177946340059862
475136,-0.00019405213242862374,0.05966679472476244,1.2947334460914135,0.17773584742099047,-0.01971635056543164,0.0028904819355375366,1.152750083943829,0.25572959816781804
476160,-0.0006036704289726913,0.10512424353510141,1.28054653480649,0.17887382535263896,0.00501128459291067,0.006761093951354269,0.1581606260733679,0.019730885047465563
477184,0.001718211904517375,0.06204194691963494,1.3658884353935719,0.18751117819920182,-0.008771117718424648,0.01777824903547298,0.4322193288244307,0.0668828304624185
478208,0.0018423406218062155,0.06452233158051968,1.1677837446331978,0.16534001240506768,0.010130796363228,0.004952529139700346,0.3375319284386933,0.048513118003029376
479232,-0.0011315392039250582,0.047028433880768716,1.0998915396630764,0.16146695986390114,-0.007757377214147709,0.007015340044745244,0.6411785641685128,0.11293660261435434
480256,0.00023567052267026156,0.0719952053623274,1.3071094565093517,0.1808084426447749,0.003474590979749337,0.010261365510814358,1.0682980697602034,0.1786414203234017
481280,-0.0027312332967994735,0.07114910497330129,1.4049790278077126,0.18205410102382302,-0.060243567801080644,0.0010668664144759532,0.7877743970602751,0.12556675751693547
482304,2.2066262317821383e-05,0.05098575202282518,1.1799535229802132,0.1344243788626045,-0.013002743187826127,0.0009467693739679817,1.224021002650261,0.2030828082934022
483328,-0.0005456228245748207,0.04411799169611186,1.2543567977845669,0.150133540853858,-0.0010955827310681343,0.0007048267424920596,1.323051005601883,0.19908997090533376
484352,-0.0030213108548196033,0.04639818996656686,1.3750326968729496,0.17119095008820295,-0.012539134331746027,0.005527891098608961,1.9372732192277908,0.36130958981812
485376,0.0009332310728495941,0.06756367476191372,1.4017285518348217,0.18953727139160037,-0.05141847155755386,0.005974023340968415,2.1225759088993073,0.5891335066407919
486400,-0.0025775436515687034,0.03651292686117813,1.429042488336563,0.1496505606919527,0.00015289586735889316,0.002636278523823421,0.01584116369485855,0.001247225096449256
487424,0.0037970040284562856,0.0328345947782509,1.520721897482872,0.16688665840774775,-0.00017746552475728095,0.001837749859532778,0.010769123560748994,0.0014202381717041135
488448,0.0008365267858607695,0.048882671748287976,1.4438048042356968,0.18310482380911708,-0.0004767316859215498,0.0012234852042638522,0.01762321626301855,0.0017058375524356961
489472,0.005412697355495766,0.025542650488205254,1.188207995146513,0.09548501810058951,-0.0013411484542302787,0.0008546264090796285,0.11106943699996918,0.011465208837762475
490496,-0.03146975181880407,0.07347093324642628,1.305249635130167,0.18733169324696064,-0.024093892541714013,0.0011703554409905337,0.6522069615311921,0.13190753932576627
491520,0.011973233849857934,0.1255218309815973,1.4118792712688446,0.2371074417605996,0.03128401638241485,0.051189384306780994,0.8277039020322263,0.2438949762727134
492544,0.006803352473070845,0.07797585753723979,1.4121555238962173,0.20154468389227986,0.0016139029758051038,0.005287145446345676,0.19994113873690367,0.02306616137502715
493568,0.002001421118620783,0.058984254486858845,1.3446833826601505,0.18630119133740664,-0.02898434759117663,0.009216968901455402,0.6030115624889731,0.090410745004192
494592,0.0010150847811019048,0.05196477426216006,1.2584686242043972,0.16738370899111032,-0.012963741668500006,0.001149771700738711,0.5640461826696992,0.08740484289592132
495616,0.001120943736168556,0.0571734847035259,1.229105856269598,0.17704889690503478,-0.057156433758791536,0.0015701188749517314,1.0186017137020826,0.28262342419475317
496640,0.0009571073896950111,0.05009447771590203,1.0300507191568613,0.13762694131582975,-0.001834633672842756,0.008174402906206524,1.552255581598729,0.3018448726506904
497664,0.004594055484631099,0.0714408055646345,1.1695548333227634,0.1766003742814064,-0.0073355831555090845,0.008476542428979883,1.7718886733055115,0.37850119872018695
498688,0.004387213586596772,0.05312674131710082,1.3349119126796722,0.1979490495286882,-0.010894994149566628,0.0005904316386704522,0.3322290068026632,0.060556120006367564
499712,-0.0005527242828975432,0.04597761144395918,1.235886625945568,0.1499984199181199,-0.012314085586695,0.0005720965422142399,0.8674429468810558,0.1334850447019562
500736,0.002098267257679254,0.05796973896212876,1.259212564677,0.16586399404332042,-0.014957933337427676,0.011106683843536302,2.0435968693345785,0.590361803304404
501760,0.0018233947630506009,0.05228905857075006,1.31506010517478,0.15790070174261928,0.037577340757707134,0.00031613302769528673,1.70228585973382,0.36848626052960753
502784,0.003300849231891334,0.05492644477635622,1.3775933012366295,0.17954479437321424,0.002608708542538807,0.0002952549027668283,1.022391701117158,0.1260206049773842
503808,0.0028754816157743335,0.05189978505950421,1.3838079050183296,0.17654210655018687,-0.002313108474481851,0.00015815051480672082,1.204078871756792,0.15309374080970883
504832,-0.005251322276308201,0.028315245639532804,1.4334985204041004,0.13448147871531546,-0.008139742101775482,0.00011773720478913674,1.1666679810732603,0.13588004396297038
505856,-0.0128046199970413,0.058394393941853195,1.0981755405664444,0.18417635466903448,-0.0341784282354638,0.012628271724679507,0.6043070908635855,0.0912588742794469
506880,-0.001201437640702352,0.06240211892873049,1.2145782560110092,0.16511932900175452,-0.010488972708117217,0.015764422103529796,2.152329120784998,0.5197200025431812
507904,0.0005366235563997179,0.05421029694844037,1.1087866239249706,0.2100874548777938,0.0038893856399226934,0.01397730722965207,1.822796106338501,0.43449684605002403
508928,-0.0025327342154923826,0.05643165158107877,1.2011942341923714,0.19733463553711772,-0.02164576595532708,0.0005473121950672066,0.8526233211159706,0.14546599774621427
509952,-0.0006401555729098618,0.041703331866301596,1.1334679946303368,0.1926350719295442,-0.02057926850829972,0.00023830002965041786,0.28618562826886773,0.04311478772433475
510976,0.00761731292004697,0.053946142084896564,1.0999022014439106,0.19136272137984633,-0.010243904922390357,0.004527995064563584,0.6299571632407606,0.09505316184367985
512000,0.0017588298651389778,0.08286610851064324,1.1386263519525528,0.18996122665703297,-0.009991810715291649,0.01651326620776672,0.924179008230567,0.15481518162414432
513024,0.005895714086364023,0.054001269629225135,1.0509531740099192,0.16649719141423702,0.010143844672711566,0.0014435092289204476,0.2327181100845337,0.028174122562631965
514048,0.001590204265085049,0.05712075834162533,1.2035483457148075,0.1839656843803823,-0.0009008048218674958,0.008303854698169744,0.6374326078221202,0.1166782402433455
515072,0.0037464498163899407,0.06275009398814291,1.1618249267339706,0.1794344587251544,-0.009298112767282873,0.002159165327611845,1.187005676329136,0.22675906540825963
516096,0.00480359370703809,0.04086859873495996,1.0856005065143108,0.1599752940237522,-0.014344825031002983,0.00027057444958700216,0.3292760723270476,0.048224761383607984
517120,-0.004568081145407632,0.04978090862277895,1.0749472118914127,0.14469819818623364,0.0009509070077911019,9.444755653476022e-05,0.0707279642811045,0.006714763701893389
518144,-0.0075881915327045135,0.04213912028353661,1.25579072535038,0.1536694336682558,-0.008600461529567838,3.881570930275302e-05,0.502391547546722,0.07688623107969761
519168,-0.00907458591973409,0.06780007062479854,1.1779361441731453,0.21103257313370705,-0.010474891809280962,0.020304566161939874,1.7472387552261353,0.3826398397795856
520192,0.0005061067640781403,0.09885610127821565,1.1781588420271873,0.18856661347672343,-0.03826751670567319,0.00845646044035675,1.9787419736385345,0.5346665624529123
521216,0.001891845982754603,0.08090855274349451,1.098560605198145,0.1834205943159759,-0.01964058307930827,0.008024814080272336,1.2468011695891619,0.2580080695915967
522240,0.003338850219734013,0.055991409230045974,1.2538615502417088,0.2086404343135655,0.017718011396937072,0.015869261464104056,1.6002815701067448,0.4754132661037147
523264,0.006075892873923294,0.038384882267564535,1.1901138089597225,0.2040696577169001,0.006880083354189992,0.0006706012745780754,0.49677323014475405,0.11247856850968674
524288,-0.0035024488606723025,0.0279749654000625,1.1359313391149044,0.18134049698710442,-0.004101616941625252,0.00039935558879733435,0.10701023298315704,0.02195876627229154
525312,-0.012114834593376145,0.055925388471223414,1.116815023124218,0.181662836112082,-0.0004407433734741062,0.008506508111167932,0.010872848331928253,0.0008855436462908983
526336,-0.0018770355673041195,0.040990530396811664,1.037945756688714,0.12053620489314198,-0.0004009442054666579,0.013834782024787273,0.031804766855202615,0.0028623382095247507
527360,-0.0037087489617988467,0.048465702566318214,1.207521926611662,0.15106902876868844,-0.009709433477837592,0.010965829779706837,0.3464512119535357,0.047460568661335856
528384,0.0006004207680234686,0.04467705194838345,1.2291294410824776,0.17722376203164458,0.008183428610209376,0.014846717334876303,0.17003496072720736,0.02122290141414851
529408,0.0015878725243965164,0.05041369283571839,1.1939450055360794,0.17990692425519228,0.0003596224414650351,0.004556581002361781,0.03319531958550215,0.0031397956772707403
530432,-0.005938452304690145,0.05685645225457847,1.1373511366546154,0.17831167206168175,0.0003633008454926312,0.010210091655608267,0.026846066408324987,0.002443831996060908
531456,0.004576177168928552,0.05473245109897107,1.2677567526698112,0.20371735515072942,0.0010314300598111004,0.0017288700983044691,0.05694890080485493,0.005389299534726888
532480,-0.002489081001840532,0.03958755393978208,1.1176411025226116,0.13639268768019974,-0.00013302153092809021,0.0011146611486765323,0.06713404157198966,0.006565170711837709
533504,-0.00038722751196473837,0.0446938214590773,1.1574752777814865,0.1464351057074964,-0.007313871697988361,0.001367645450955024,0.22505406918935478,0.02961647423217073
534528,-0.0029720918100792915,0.03808170650154352,1.1841957084834576,0.15272257896140218,-0.008020083070732653,0.0013395403120739502,0.9661083100363612,0.1508942338405177
535552,-0.0031858130387263373,0.05654271203093231,1.2445716969668865,0.16438603354617953,-0.022657826484646648,0.005022594243200729,0.706342869438231,0.1257323520258069
536576,-0.008798817318165675,0.04560601129196584,1.0569419749081135,0.1293889400549233,-0.032375130453146994,0.0030780781189605477,0.7022451590746641,0.10971957689616829
537600,0.0005222587788011879,0.08055182138923556,1.3245531730353832,0.18724562134593725,-0.004309294803533703,0.02154243813129142,1.7308335229754448,0.378882572054863
538624,-0.010782848359667696,0.05215978715568781,1.2846989519894123,0.16360504971817136,0.011544542125193402,0.0032759959358372726,0.31734970113029703,0.05632060795323923
539648,0.0015227292169583961,0.04897489887662232,1.2275448627769947,0.15492672054097056,-0.00797241872351151,0.0009370222708184883,0.06919700128491968,0.008924842346459627
540672,-0.007960391725646332,0.07629024551715702,1.2367051877081394,0.19880220713093877,-0.004544921452179551,0.016479850804898888,0.2737934337928891,0.03814022219739854
541696,-0.0015493021783186123,0.06394261645618826,1.1236594319343567,0.15825734427198768,-0.013027992536081001,0.01708495058119297,0.9120230246335268,0.14370174030773342
542720,0.00015628329128958285,0.047587971785105765,1.158748384565115,0.16597893927246332,0.012718618381768465,0.007366992464085342,0.26857159845530987,0.03670504392357543
543744,-0.0008831733139231801,0.05167742515914142,1.1393466293811798,0.14780805562622845,-0.0075687626376748085,0.0012954844478372252,0.8467799136415124,0.14363457122817636
544768,-0.0007199946267064661,0.05534583958797157,1.1994645409286022,0.1792988358065486,-0.011493872298160568,0.016615468688542023,1.2012225650250912,0.2086079684086144
545792,-0.004173431458184496,0.04959509405307472,1.1568464003503323,0.15325373644009233,-0.0030325154802994803,0.0022243828061618842,0.8889683652669191,0.1342845072504133
546816,-0.0025299854605691507,0.06585473846644163,1.1966074220836163,0.14057982480153441,-0.00038435932947322726,0.0074893372220685706,0.9821121785789728,0.1530692873056978
547840,0.0008033108606468886,0.06376865180209279,1.4112106300890446,0.17725343350321054,-0.001821650075726211,0.015710660474724136,1.370624415576458,0.24528399528935552
548864,-0.008492892287904397,0.053952460060827434,1.3130262978374958,0.14676746889017522,-0.000523928931215778,0.008906363134883577,1.1209733486175537,0.1906963074579835
549888,0.0013986916019348428,0.057053280994296074,1.383177313953638,0.18753944290801883,-0.011763626767788082,0.0005321026437741239,0.5613725120201707,0.08111092646140605
550912,-0.001809269975638017,0.0682808996643871,1.1542115807533264,0.15804286021739244,-0.01733604638138786,0.017548780611832626,0.37686865497380495,0.054507413413375616
551936,-0.0010825536446645856,0.03840327134821564,1.1596322320401669,0.1426864005625248,-0.038854771468322724,0.01071121741188108,0.49798334296792746,0.08342673385050148
552960,-0.001635093503864482,0.04910021007526666,1.1430661156773567,0.15733805298805237,-0.021310738375177607,0.00452198307357321,1.1968977022916079,0.22499717166647315
553984,-0.001987871015444398,0.02662007272010669,1.0549790896475315,0.12279175245203078,0.0046661977539770305,0.0011588042591483827,0.9546430110931396,0.14989024866372347
555008,-0.008783666969975457,0.046116474200971425,1.2395937331020832,0.15958367567509413,0.0002880693064071238,0.0010760044801827462,1.2737789899110794,0.20290008233860135
556032,-0.0036244074581190944,0.04967142501845956,1.2586858943104744,0.1664118175394833,-0.03900399323902093,0.00739645300200209,1.1117905285209417,0.17711694119498134
557056,-0.0041588238382246345,0.04760753829032183,1.1007217057049274,0.13204939477145672,-0.002804743911838159,0.022213151591131464,1.4992597810924053,0.2544406084343791
558080,-0.00038939304067753255,0.05347859172616154,1.0930487997829914,0.1515968730673194,-0.004096667165867984,0.008492588873195928,1.3553729876875877,0.22771502938121557
559104,-0.0024269536224892363,0.04587578645441681,1.0926475711166859,0.19323876593261957,-0.013020906480960548,0.0009505787247690023,0.5692257592454553,0.08365859667537734
560128,0.005557813885388896,0.06678233190905303,1.1147899441421032,0.1809274391271174,-0.024301123135956004,0.001754294624333852,1.3838787218555808,0.26289779390208423
561152,-0.008024094277061522,0.04248849849682301,1.3275495246052742,0.15277023729868233,-0.0001108049473259598,9.864682863280905e-05,0.020407298812642694,0.0016934319864958525
562176,-0.0037527058011619374,0.04510996653698385,1.3360787741839886,0.16139127453789115,-8.890999015420675e-05,0.0003091833846156078,0.06730822857934982,0.0063764824299141765
563200,0.0002009629679378122,0.02113602263852954,1.4888141602277756,0.1602752022445202,-0.021547293101320975,0.0002999860616910155,0.6443900624290109,0.08798313164152205
564224,0.0008718731696717441,0.04194202763028443,1.266090989112854,0.17999700037762523,-0.0042593826074153185,0.009574203446391039,1.287106316536665,0.21899432642385364
565248,0.009887886844808236,0.055904852924868464,1.324658840894699,0.24586833827197552,-0.04417864658171311,0.013042826962191612,1.402527131140232,0.28341054636985064
566272,0.008437310214503668,0.06308790924958885,1.3834637179970741,0.26059058867394924,-0.011108603241154924,0.005448997675557621,0.45292544551193714,0.07400777691509575
567296,0.015468955301912501,0.10060806781984866,1.275077223777771,0.20554330432787538,-0.0021030782954767346,0.024581401201430708,1.063227927312255,0.17804999882355332
568320,0.0022179791412781924,0.0917281131260097,1.291804350912571,0.18337992299348116,-0.022384915908332914,0.010126554661837872,0.9792592581361532,0.1865310030989349
569344,0.0005450665339594707,0.06558474677149206,1.0906718969345093,0.14362845686264336,0.0007570425514131784,0.009055858303327113,0.9812686834484339,0.16822525043971837
570368,-0.001485581073211506,0.050769857596606016,1.0030189398676157,0.1432772628031671,-0.03184386626526248,0.0018036709898296976,1.106715202331543,0.20428829360753298
571392,-0.009568984343786724,0.03777244355296716,0.9112994242459536,0.12285477295517921,-1.367097138427198e-05,0.0002201579986831348,0.04692648712079972,0.004633112112060189
572416,-0.0018172173586208373,0.02487571124220267,0.7939858324825764,0.08984986785799265,-0.011419235699577257,5.7041593890971853e-05,0.40429109521210194,0.056873040448408574
573440,-0.0022130254801595584,0.03436103684362024,0.9320234972983599,0.11264008516445756,-0.017479071611887775,0.00019141599113936536,1.168821020051837,0.19394137430936098
574464,-0.0027783547557191923,0.025280009082052857,0.8428037483245134,0.1149437993299216,-0.004043172870296985,0.0001319716100738333,1.2329414766281843,0.19313917448744178
575488,0.000667628861265257,0.054607403464615345,1.040265055373311,0.1638571615330875,-0.06883339781779796,0.00272687746110023,1.0357070695608854,0.1816789940930903
576512,0.011302027356578037,0.04388670914340764,1.1388507559895515,0.2129657519981265,0.0005114415835123509,0.0016067103224486345,0.05102925398387015,0.004559566965326667
577536,-0.001124753020121716,0.04547230154275894,0.9937528669834137,0.13036114210262895,-0.00013784956536255777,0.009251805946405511,1.0368991764262319,0.16158005536999553
578560,0.0024011219720705412,0.03378849267028272,1.0953647643327713,0.17850182857364416,0.0009811281342990696,0.005157749823410995,1.3203586861491203,0.24452292220667005
579584,0.002929852664237842,0.04903923289384693,1.2487012147903442,0.19441525591537356,0.02893239185505081,0.011559784150449559,1.1627823575399816,0.24528300174279138
580608,-0.0027901496941922233,0.03975680912844837,1.055536324158311,0.14704083395190537,-0.06487112841568887,0.008052065348238102,0.7063826890662313,0.1824021454085596
581632,-0.018737291989964433,0.030086695740465075,0.8694327138364315,0.10782224871218204,-0.07069337100256234,0.009906166495056823,1.2821626588702202,0.3042463113088161
582656,-0.006494081593700685,0.06287196790799499,0.9521420318633318,0.14117779000662267,0.023639487946638837,0.022788055590353906,1.0278163133189082,0.23255455354228616
583680,0.002623465799842961,0.045634687412530184,1.0561365857720375,0.16224890714511275,0.001086077420040965,0.008996687945909798,1.55754254758358,0.27858085464686155
584704,-0.0026698431320255622,0.03982621605973691,1.118457730859518,0.17406144179403782,0.00207945320289582,0.008398191131163912,1.3454357124865055,0.21828418551012874
585728,0.00010477869363967329,0.04490069253370166,1.0902304723858833,0.1689478224143386,-0.046928225725423545,0.002583221736131236,0.686872037127614,0.10603238665498793
586752,0.0015476052940357476,0.0524955476867035,1.168615847826004,0.16313784336671233,-0.009038218151545152,0.0012182799873698968,0.2169784689322114,0.02981853811070323
587776,-0.0023304898058995605,0.06349829852115363,1.1693704053759575,0.17007163958624005,0.005487868940690532,0.008034980935917702,0.3829316319897771,0.06102785863913596
588800,-0.0014732445124536753,0.05000334826763719,1.0457352325320244,0.13379373983480036,-0.04939693152846303,0.0012057674830430187,1.0795662607997656,0.23250898253172636
589824,-0.0033978094943449832,0.049772781203500926,1.248687919229269,0.15186914708465338,0.01903917160234414,0.016268720413791016,0.2221986309159547,0.042587629053741693
590848,-0.006516347726574168,0.049820752115920186,1.106652732938528,0.13414830877445638,-6.176476017571986e-05,0.006014655773469713,0.0037137093604542315,0.00027299835346639156
591872,-0.0036301824438851327,0.042046032613143325,1.191977795213461,0.15273687848821282,2.268352545797825e-06,0.003406426083529368,0.003272711248428095,0.0002334554446861148
592896,0.0037883722834521905,0.043589238775894046,1.3100750148296356,0.17716400977224112,9.282406244892627e-05,0.002751345380602288,0.005039617579313926,0.0003757460508495569
593920,0.0008774110319791362,0.038639654871076345,1.249937854707241,0.16761314030736685,-1.0323477908968925e-05,0.0019143563695251942,0.004048735085234512,0.0002934158546850085
594944,-0.001992156365304254,0.048870745580643415,1.2871065884828568,0.16815109364688396,-0.0001563360565342009,0.0016104097685456509,0.0031082085333764553,0.000700740609318018
595968,-0.005249395006103441,0.03026478341780603,1.1941703483462334,0.18054454727098346,-6.076297722756863e-07,0.0015588002670483547,0.0010066527938761283,6.458396092057228e-05
596992,-0.009505207679467276,0.029680102423299104,1.2458613477647305,0.1720087113790214,-1.2661912478506565e-06,0.00023468802993420468,0.000649204393994296,3.93835362046957e-05
598016,-0.006592731748241931,0.04043397563509643,1.2352919019758701,0.15897295763716102,-1.3526296243071556e-06,0.00016576795167111413,0.0006463557037932333,3.9177597500383854e-05
599040,-0.0035542369732866064,0.025265106291044503,1.296604249626398,0.1437541397754103,-1.6369740478694439e-06,0.0001308475374912632,0.0006582210935448529,3.9370148442685604e-05
600064,-0.004421262288815342,0.04257547244196758,1.5175140015780926,0.1698743416927755,-1.6494595911353827e-05,0.0026379082300991286,0.0007569874796899967,4.607881419360638e-05
601088,-0.00868164216808509,0.03354221017798409,1.4023501947522163,0.15016579162329435,1.2321281246840954e-05,0.003995079547166824,0.004812170940567739,0.0002840255619958043
602112,-0.0010316157713532448,0.02422085200669244,1.4737103134393692,0.14077964751049876,3.109424142166972e-06,0.002747977028320747,0.00627991025976371,0.00045514560770243406
603136,0.00012369270552881062,0.022213820251636207,1.611940622329712,0.16962998220697045,-1.8159335013478994e-06,0.0023022406362542824,0.007094492350006476,0.0005203044274821877
604160,-0.0009426867036381736,0.020957152592018247,1.638193029910326,0.1651991051621735,-2.8856447897851467e-06,0.0018539489172439971,0.00844052895263303,0.0006293326150625944
605184,-0.02069867856334895,0.04472102248109877,1.2358105033636093,0.14043584209866822,-0.00018415850354358554,0.0014232721300686535,0.010880544374231249,0.000844780239276588
606208,-0.004652193470974453,0.04058113368228078,1.401946060359478,0.17265611933544278,-0.0015063046594150364,0.00016216113886002859,0.05832682963227853,0.004849686054512858
607232,-0.0014894689375068992,0.02681200613733381,1.4118555970489979,0.1646535680629313,-0.011166692187543958,0.0014076152074267156,0.6720055006444454,0.08907768107019365
608256,-0.002349359536310658,0.05438541807234287,1.3568291068077087,0.17572282068431377,-0.01155524852219969,0.009242776151950238,1.6091382652521133,0.2913029324263334
609280,0.005246973247267306,0.061485014972276986,1.3579871505498886,0.19966000504791737,0.011973780870903283,0.015184130097622983,1.2738595753908157,0.23728959821164608
610304,0.005452015466289595,0.07835409056860954,1.2882528193295002,0.22162449220195413,-0.06735574471531436,0.008258028734417167,1.2351394519209862,0.3014694405719638
611328,0.00412192489602603,0.07332011335529387,1.3675074316561222,0.20451951306313276,-0.00020755361765623093,0.007292096110177226,0.10548644373193383,0.010748646745923907
612352,0.0053092937741894275,0.057247092481702566,1.363310344517231,0.2126382146961987,-0.0016337721317540854,0.009473458434513304,0.5750401169061661,0.09181899263057858
613376,0.0032011120347306132,0.09182076854631305,1.2899086624383926,0.16191209852695465,-0.0036317141202744097,0.008867610962624894,1.173747656866908,0.2021343377418816
614400,0.004712541864137165,0.04908580344635993,1.35523097589612,0.17141515808179975,0.0014188697969075292,0.008249568272731267,1.3353305291384459,0.23034306149929762
615424,0.004927630390739068,0.09365749824792147,1.459402896463871,0.21165618253871799,-0.09127056098077446,0.004980231653462397,1.0799368973821402,0.20597338303923607
616448,0.0024492482480127364,0.02831369556952268,1.7782411687076092,0.17469635186716914,-0.012715261080302298,0.005476353155700053,0.19297406426630914,0.024914734822232276
617472,0.001542339872685261,0.05859815457370132,1.2068514600396156,0.15885707223787904,0.009268012538086623,0.005656379151332658,1.9767788704484701,0.4466277933679521
618496,0.0007132402970455587,0.04205070552416146,1.0747203268110752,0.14016938931308687,0.021258100401610136,0.00021891181359023903,1.2584820464253426,0.2603260187897831
619520,0.005529414935153909,0.04496583726722747,1.2892832197248936,0.13735260744579136,-0.021396511583589017,0.006298182488535531,2.2137378565967083,0.39236180670559406
620544,-0.023462226061383262,0.0668393123196438,1.1854955814778805,0.18949837796390057,-0.07091250413213857,0.0015634769115422387,1.6277350410819054,0.4556885752826929
621568,0.00590422710229177,0.0507229664362967,1.3855292238295078,0.21168609941378236,-0.001324211887549609,0.0009156447663372091,0.06260307290358469,0.006403208884876221
622592,0.009949470113497227,0.04704935499466956,1.246915314346552,0.24752656975761056,-0.022929602506337687,0.0011316695345158223,1.2618481256067753,0.2246395128313452
623616,0.010895442392211407,0.050577583839185536,1.2599197924137115,0.23211850225925446,-0.0027903775917366147,0.016422609201981686,1.869249688461423,0.43317731376737356
624640,0.003713692698511295,0.038614120392594486,1.2125443443655968,0.21867011301219463,-0.007631546206539497,0.009697787281766068,1.33978939242661,0.3301117289811373
625664,-0.003761503961868584,0.04454041621647775,0.9759327378123999,0.1494817091152072,-0.008355191865121014,0.0025001716348924674,0.5920558273792267,0.10351200681179762
626688,-0.0024302556412294507,0.02827737119514495,0.9882658571004868,0.13037575664930046,-0.018150925636291504,0.001566362433550239,0.5397613267414272,0.08072633587289602
627712,0.0032167296740226448,0.04019430268090218,0.9917283654212952,0.12811512127518654,-0.0018767544534057379,0.008903906731575262,0.6311775101348758,0.11884759599342942
628736,-0.0012259050272405148,0.06358891457784921,1.131032980978489,0.17888062773272395,0.019391853275010362,0.012140612649091054,0.9390060510486364,0.18561973446048796
629760,-0.000885198445757851,0.08531721727922559,1.245953407138586,0.19319588923826814,-0.005389968689996749,0.017510861856862903,1.2078161053359509,0.2314345445483923
630784,-0.0009795134828891605,0.0510866193799302,1.1264344342052937,0.15183465415611863,-0.04104465138516389,0.025210953259374946,0.6574969254434109,0.1407332776580006
631808,-0.002111157722538337,0.0740686715580523,0.9146755989640951,0.1046402370557189,-0.011405985249439254,0.00809382069928688,1.070734929293394,0.17747717536985874
632832,-0.005298822754411958,0.06847364373970777,0.8643645569682121,0.10249623958952725,0.0008817619818728417,0.03409021138213575,1.2606897838413715,0.25859102164395154
633856,0.0031322339200414717,0.050665327813476324,1.166618950664997,0.17729178303852677,-0.000837760278955102,0.007550722220912576,1.770493857562542,0.3801075164228678
634880,-0.0008103762884275056,0.050189700443297625,1.1685265265405178,0.1770743108354509,0.014987977570854127,0.001898483800687245,0.8630122034810483,0.17323412408586591
635904,-0.005208285991102457,0.054426542832516134,1.051158307120204,0.13117192522622645,-0.038158502138685435,0.032737118017394096,0.26079520978964865,0.06868022499838844
636928,0.0025581543159205467,0.03527005860814825,0.9073593821376562,0.09489050530828536,-0.06692024652147666,0.016938766100793146,1.1937998998910189,0.2251610537059605
637952,-0.0003575016889953986,0.04062762018293142,1.04313974827528,0.14823794225230813,0.014200805337168276,0.009790728530788328,1.4162048902362585,0.25656782113946974
638976,-0.0036487983306869864,0.046185227343812585,1.0463439468294382,0.15501783089712262,-0.0006415651441784576,0.01775284371979069,1.2689391244202852,0.21878038393333554
640000,0.0019024725479539484,0.054083398659713566,1.1665246561169624,0.16655045375227928,0.005882617755560204,0.010995312324666884,1.002168659120798,0.1605306277051568
641024,-0.002124451770214364,0.0524732795311138,1.095355849713087,0.1593896416015923,-0.0014859666407573968,0.0029529975799960084,0.09769641305319965,0.010366634640377015
642048,0.00018836780509445816,0.047912828042171896,1.18342787027359,0.1631323415786028,-0.014441361417993903,0.013633312308229506,1.2856969870626926,0.22371334896888584
643072,-0.0009434278181288391,0.06806618615519255,1.0589372292160988,0.15347285009920597,0.006690762515063398,0.017719601368298754,1.054573966190219,0.1663575537968427
644096,-0.002463252589222975,0.05665298621170223,1.0237006526440382,0.15066251857206225,-0.0038532226462848485,0.01484492422605399,1.3322305083274841,0.21937889466062188
645120,0.0012097744038328528,0.034321885206736624,1.1795245707035065,0.1825170060619712,-0.036295431724283844,0.010952099517453462,1.3785149194300175,0.24513881374150515
646144,-0.023068089270964265,0.03150611382443458,1.1094977613538504,0.12466765101999044,-0.0196503879269585,0.003552446121830144,0.4798334655351937,0.0722528287442401
647168,0.0015745351556688547,0.05984037590678781,1.1779602505266666,0.18396213464438915,-0.01481719575531315,0.020435773389181122,1.6128364019095898,0.2852350967004895
648192,-0.005996922991471365,0.03249890269944444,1.1393485441803932,0.17575059924274683,0.011583795276237652,0.01772041268122848,1.5856907367706299,0.27652306063100696
649216,-0.0022291573113761842,0.055727852042764425,1.216713398694992,0.18992129154503345,0.004436818620888516,0.010920809945673682,1.3896090127527714,0.23393362294882536
650240,0.0035792544804280624,0.05680915992707014,1.2094010636210442,0.19716158090159297,0.0018054918036796153,0.0034266424117959104,0.7681057136505842,0.1100354443769902
651264,-0.009525688947178423,0.030251504969783127,1.0385018587112427,0.1371276646386832,-0.01537727692630142,0.0023520464837929467,0.9149581007659435,0.13205217150971293
652288,-0.0012930171214975417,0.03335257066646591,1.0743848290294409,0.15532948495820165,0.0011871082242578268,0.006476979619037593,0.30636545177549124,0.03503060695948079
653312,-0.00019951295689679682,0.05100404971744865,1.181115634739399,0.18326677102595568,0.005092750856420025,0.008690300237503834,0.5461369538679719,0.06796543707605451
654336,-2.3590895580127835e-05,0.04247731785289943,1.173349317163229,0.18310709297657013,0.0003102760820183903,0.008448107217191136,0.9264031108468771,0.15323549322783947
655360,-0.004830240097362548,0.040108814486302435,1.1380286999046803,0.17449804861098528,-0.05456335793132894,0.004584299837006256,1.066889263689518,0.18534113746136427
656384,-0.0028228437149664387,0.049739406793378294,1.2116565145552158,0.17195395100861788,-0.0006959374150028452,0.0033689254996716045,0.06714286142960191,0.006518897658679634
657408,0.00022120277571957558,0.033891764585860074,1.190450057387352,0.16651905281469226,-0.05892095903982408,0.002392758244241122,1.0723498933948576,0.47658725385554135
658432,0.0032867474801605567,0.0424304639454931,0.9844634365290403,0.14762185886502266,-1.1464464478194714e-05,0.018741235180641524,1.5170281007885933,0.2691130773164332
659456,0.0028289733600104228,0.030496468185447156,1.0982967652380466,0.17035080958157778,0.005046084559580777,0.010434564217575826,1.3631956651806831,0.23353373678401113
660480,-0.0011277128214715049,0.06474039144814014,1.076210543513298,0.15577876614406705,-0.0503363166062627,0.0028563011292135343,0.9704347606748343,0.1529577518813312
661504,0.007099054346326739,0.045603381004184484,1.1674172393977642,0.19685697089880705,-0.0050311830345890485,0.012471754533180501,0.8430248834192753,0.11971376184374094
662528,-0.0034628446301212534,0.03913115558680147,1.008005153387785,0.14711454138159752,-0.002605879562906921,0.008180964483472053,0.9691027794033289,0.14694880216848105
663552,-0.0033493660303065553,0.05297008086927235,1.0224066134542227,0.13938050298020244,-0.005741524932091124,0.013196611034800299,1.229244876652956,0.19290450308471918
664576,-0.0009370997431688011,0.05798817437607795,1.0454954542219639,0.15850997064262629,-0.00566618112497963,0.008195669845008524,1.4156752303242683,0.25141391903162
665600,-0.0038694017857778817,0.05580429709516466,1.0652630887925625,0.1626503965817392,-0.051442599564325064,0.004865610921115149,0.872407772578299,0.17813056241720915
666624,-0.0004294584214221686,0.03461671981494874,1.0736340545117855,0.16769019281491637,-0.002276033745147288,0.0003890529774253082,0.3753480853047222,0.05292665108572692
667648,0.0008783937082625926,0.05257585737854242,1.1454658433794975,0.16968892281875014,-0.01004771635052748,0.007941767544252798,1.1825154442340136,0.20564962294884026
668672,-0.00041975275962613523,0.03454852651339024,1.1596327424049377,0.18787797447293997,-0.00993761417339556,0.0004675583477364853,1.0246023070067167,0.16545027820393443
669696,0.0010892248537857085,0.036004288122057915,1.191959448158741,0.18494610395282507,-0.017559355648700148,0.0014805195860390086,0.9966511093080044,0.16002599918283522
670720,-0.004105547326616943,0.03161620307946578,1.0610367767512798,0.15602282341569662,-0.047915994247887284,0.003715614649991039,0.83784169703722,0.18886700633447617
671744,-0.0004323065950302407,0.04529200540855527,0.9364999942481518,0.11968707758933306,-0.030918883101549,0.004974681265593972,0.6331499451771379,0.09726922563277185
672768,-0.0017292675765929744,0.05324113753158599,1.1805010214447975,0.16230768337845802,0.004406035877764225,0.01713415322592482,1.5386853739619255,0.2631351314485073
673792,-0.006255030340980738,0.04365557699929923,1.1724989712238312,0.14560417318716645,0.0043696832144632936,0.0013438060941552976,1.274532824754715,0.20185218332335353
674816,-0.004997237279894762,0.04937134124338627,1.2764841690659523,0.17246047733351588,-0.010187095584115013,0.025538962945574895,1.2974250875413418,0.20877052331343293
675840,-0.007716273743426427,0.050955325714312494,1.1460588797926903,0.15577819012105465,-0.01349291967926547,0.008168040236341767,0.6794869378209114,0.10200018412433565
676864,-0.008277364599052817,0.03667365311412141,1.1167359724640846,0.1520965532399714,-0.02070091525092721,0.0062929787673056126,0.4827946648001671,0.07774443668313324
677888,-0.009487179740972351,0.05094591935630888,1.2030849605798721,0.18271836498752236,0.0009111454855883494,0.0052606254866987,0.9417059002444148,0.16001889912877232
678912,0.007729305711109191,0.05163617804646492,1.082004677504301,0.1706627025268972,-0.01606419641757384,0.007561570057077915,1.4280070550739765,0.27209620317444205
679936,0.0014140800485620275,0.06020066072233021,1.3015962280333042,0.21030931873247027,-0.0022715691302437335,0.01656233100220561,1.9323651604354382,0.4134842515923083
680960,-0.0041676294058561325,0.053889428614638746,1.1192794516682625,0.15776795521378517,-0.0006481612654170021,0.01951540177105926,0.18844342115335166,0.028076568618416786
681984,-0.00442249106708914,0.0469830147922039,0.9951627030968666,0.12863545212894678,0.0004880133201368153,0.004658888701669639,0.081887744134292,0.008072122873272747
683008,-0.010215970396529883,0.037502079270780087,1.136538166552782,0.1604856252670288,0.0002725664817262441,0.0032197614473261638,0.0501744948560372,0.004593505873344839
684032,-0.009754928207257763,0.040900507010519505,1.149797286838293,0.14919801987707615,-0.0003214177704649046,0.001570501302012417,0.21866221888922155,0.026724829338490963
685056,-0.003742854780284688,0.07402183942031115,1.0582802146673203,0.1241380269639194,-0.039878012728877366,0.0072707961953710765,0.9565654583275318,0.14960718201473355
686080,-0.005719721695641056,0.04214355698786676,1.2704750411212444,0.14663444156758487,-0.028456281987018883,0.002608260212582536,1.2401565331965685,0.20785959460772574
687104,-0.0015315678319893777,0.030106808873824775,1.0807431899011135,0.10752810491248965,-0.038351811934262514,0.002581836931312864,0.9732771832495928,0.152956313919276
688128,-0.006619242136366665,0.04946717445272952,1.381194919347763,0.18942228518426418,0.013378187431953847,0.015017461570096202,1.3010133542120457,0.37083098059520125
689152,0.004342290470958687,0.06349771213717759,1.1759827807545662,0.13690262497402728,-0.018139201543817762,0.006101226506871171,1.3352979347109795,0.24162887781858444
690176,0.0032349429820897058,0.054876980488188565,1.1622657179832458,0.12464303919114172,-0.031266782025340945,0.006410290894564241,1.3789990544319153,0.2525895172730088
691200,-0.0021286782575771213,0.07113664166536182,1.1827557124197483,0.18169976072385907,-0.027328762313118204,0.0058748337760334834,1.4097776859998703,0.3279215303482488
692224,0.004358326885267161,0.075996054103598,1.1266732215881348,0.1711939494125545,-0.0058760074025485665,0.009095228011574363,1.0943022835999727,0.1876463640946895
693248,-0.0015421661519212648,0.06156596937216818,1.1502648331224918,0.16721700504422188,0.0010567106655798852,0.012760293335304596,1.1720528695732355,0.21018325770273805
694272,-9.959517046809196e-05,0.08318078564479947,1.2063190676271915,0.17794592678546906,0.00794268335448578,0.017477355751907453,0.9952761065214872,0.16165634198114276
695296,0.005066058278316632,0.06664087006356567,1.181083720177412,0.17673320975154638,-0.017901651212014258,0.01041817542136414,1.182315619662404,0.2125368299894035
696320,0.00797960972704459,0.061270344885997474,1.2002048678696156,0.18833856657147408,-0.03460768621880561,0.00451129415887408,1.0087337344884872,0.25446809246204793
697344,0.005541904276469722,0.0736888301325962,1.1824617274105549,0.18010703986510634,-0.006217839021701366,0.03975714300759137,1.0343988686800003,0.18679244280792773
698368,0.002421476208837703,0.05630528647452593,1.313695177435875,0.1980459182523191,-0.004545535135548562,0.022650916827842593,1.2012054361402988,0.21288688550703228
699392,-0.004314638674259186,0.0625738255912438,1.1758233942091465,0.1682130671106279,-0.00011738695320673287,0.006873982049000915,0.9080221466720104,0.15795193379744887
700416,-0.007067559519782662,0.04749108792748302,1.2581144496798515,0.1657556863501668,-0.05939823467633687,0.012410729548719246,1.1652167569845915,0.24006188148632646
701440,0.0008180442091543227,0.026481793669518083,1.4286439679563046,0.1799748633056879,-0.000725830439478159,0.005987337781334645,0.020643841533455998,0.001760389655828476
702464,0.0038941066595725715,0.02018368785502389,1.375539243221283,0.16741688502952456,-0.00023167638573795557,0.005370075145492592,0.025885170500259846,0.0021842936985194683
703488,-0.01592695206636563,0.025435566902160645,1.318934440612793,0.16972609981894493,-0.027495579299284145,0.006134643550467445,0.43148282915353775,0.06930319854291156
704512,-0.0022581215016543865,0.050544547848403454,0.6882732827216387,0.09503710060380399,-0.021847029973287135,0.004437942883669166,1.3876605965197086,0.2571544856764376
705536,0.002063453270238824,0.07468101219274104,0.8591347821056843,0.12277054251171649,-0.04107757526799105,0.0047465108982578386,1.3804128747433424,0.30767749389633536
706560,-0.005958810448646545,0.03735306259477511,1.1219455637037754,0.15616784011945128,-0.011876130884047598,0.01049255036195973,1.3384581506252289,0.2279793955385685
707584,-0.004820212285267189,0.02948545862454921,1.2086270600557327,0.18159393593668938,-0.009198459447361529,0.003686801132062101,0.4704154646024108,0.06853758380748332
708608,-0.0006507968937512487,0.046688687813002616,1.2772827669978142,0.1669346778653562,0.0005113752849865705,0.012393948476528749,0.049817834806162864,0.005415458756033331
709632,-0.001629419406526722,0.04083531443029642,1.2952128127217293,0.16607189597561955,0.00011261407053098083,0.0052655858162324876,0.04888073541224003,0.004788649035617709
710656,-0.006371419498464093,0.06194330228026956,1.0543970502912998,0.15731065021827817,-0.06351390044437721,0.003869267593472614,1.1432584403082728,0.36848739127162844
711680,0.011501048764330335,0.039691763115115464,1.0469591282308102,0.1700974451377988,-1.279267598874867e-05,0.0019726663063011074,0.00550017059140373,0.0003951949765905738
712704,0.0055487860954599455,0.06613543268758804,1.1354538947343826,0.16300883935764432,-0.0006359298422466964,0.0024063390392257133,0.025774264009669423,0.00275610777316615
713728,0.0037766374880447984,0.06175353052094579,1.2513948753476143,0.18430752214044333,-0.0020311689004302025,0.002021289776166668,0.06039914587745443,0.008613533631432801
714752,0.0029474103212123737,0.05536185915116221,1.2724789343774319,0.17723783198744059,0.00042309914715588093,0.0014058038041184773,0.039105660864152014,0.004425877123139799
715776,-0.006861752670374699,0.06526291673071682,1.197143279016018,0.16777667729184031,-0.011734320622053929,0.006441504370741313,0.27117627987172455,0.0481163082877174
716800,-0.003001088130986318,0.07906442461535335,1.1461864188313484,0.1593452780507505,-0.005708099604817107,0.01642745923891198,2.0641460306942463,0.4734155251644552
717824,-0.0017343709114356898,0.05710127507336438,1.2871549166738987,0.18176921643316746,-0.008854341314872727,0.003759706592973089,0.8560622353106737,0.14602398709394038
718848,-0.0012139369791839272,0.0704897188115865,1.3481737859547138,0.19166642287746072,0.0037195046461420134,0.0033123471584985964,0.8848911710083485,0.12844953802414238
719872,0.0024613163841422647,0.023329190153162926,1.2613564990460873,0.190561986528337,-0.006677702782326378,0.0006331034535378421,0.3242288881447166,0.04512141126906499
720896,-0.004661893981392495,0.057755340938456357,1.207930527627468,0.1778766168281436,0.005604541540378705,0.021781492832815275,1.1128694470971823,0.19981229724362493
721920,0.0016292876680381596,0.0550478205550462,1.3166519738733768,0.1984577514231205,-0.023285688454052433,0.0026152321261179168,0.704510597512126,0.125616135308519
722944,-0.0022181852691574022,0.033774376031942666,1.1803696565330029,0.17274202639237046,-0.027183604368474334,0.001437875291230739,0.7427029404789209,0.13170136767439544
723968,-0.002455402660416439,0.03633612289559096,1.257461328059435,0.19805989041924477,-0.00997846842801664,0.0076467299804789945,1.4164527095854282,0.3325206721201539
724992,-0.0004750346270157024,0.03610347880749032,1.2221538498997688,0.18621033895760775,0.020113188365940005,0.0077440584791474976,2.652193445712328,0.6733061373233795
726016,0.0006874710961710662,0.030919607204850763,1.171479493379593,0.18553005810827017,-0.03711346152704209,0.006331955366476905,0.9467930942773819,0.14958802540786564
727040,0.0007603350677527487,0.0374652465688996,1.1856389939785004,0.1884467089548707,-0.010325859955628403,0.015014277087175287,1.219753397628665,0.2099007631186396
728064,0.002196635934524238,0.03375622467137873,1.201749473810196,0.1727554160170257,-0.010701095452532172,0.0035821382189169526,1.7596306502819061,0.328229125123471
729088,0.00040594820166006684,0.049828924937173724,1.3056279681622982,0.17988905915990472,-0.0037589783896692097,0.007105755190423224,1.8869355842471123,0.35726963356137276
730112,0.0002628313814057037,0.052363732596859336,1.2600578367710114,0.17127118166536093,-0.002730615233303979,0.012311796133872122,1.4978692382574081,0.26188052259385586
731136,-0.0022027867526048794,0.05131700134370476,1.3190088160336018,0.1770791932940483,-0.014182397397235036,0.01937648985767737,1.2741044573485851,0.21092133270576596
732160,-0.0010492045839782804,0.04858176608104259,1.3114602826535702,0.1738101108931005,0.013900823236326687,0.0017304956454609055,0.6924590738490224,0.11320812487974763
733184,-0.0013346169725991786,0.02390810044016689,1.2041922397911549,0.18241830356419086,-0.008433644339675084,0.0012290055838093394,0.6857625655829906,0.08696963265538216
734208,-0.0052863122400594875,0.029968681279569864,1.2193589359521866,0.17935463739559054,-0.007602440484333783,0.0003704526802721375,0.5849194005131721,0.07581516145728528
735232,-0.0024488588533131406,0.04222477925941348,1.2473325058817863,0.17722603678703308,-0.026517508376855403,0.011196228726475965,1.2048778720200062,0.202125959796831
736256,-0.002092694165185094,0.029053789447061718,1.0074182618409395,0.16277030436322093,-0.04415115111623891,0.0008890969338608556,1.2418843675404787,0.2349100699648261
737280,-0.00395551256951876,0.0342012625769712,1.1687382459640503,0.17959154956042767,0.0024715942272450775,0.008180310040188488,0.2739055738784373,0.03332944662543014
738304,-0.0004027113027404994,0.030324750812724233,1.1288406290113926,0.13735533808358014,-0.007140805653762072,0.0067495766870706575,1.108424169011414,0.2115313271060586
739328,-0.006896337930811569,0.0477282356005162,1.1985936760902405,0.1758413161151111,-0.006534172163810581,0.019540718145435676,1.5791200958192348,0.299908728338778
740352,0.004811862934730016,0.07176255981903523,1.1812359020113945,0.1677145934663713,-0.008189902757294476,0.01992268906906247,1.2224960457533598,0.20827562524937093
741376,-0.0016713639633962885,0.047928376821801066,1.179957777261734,0.1664991369470954,-0.02446041745133698,0.00251645245225518,0.9821639321744442,0.15076246834360063
742400,-0.002063665393507108,0.053751388331875205,1.077715840190649,0.14251881698146462,0.000985578866675496,0.020558136282488704,0.8017523977905512,0.11678233044221997
743424,-1.9300583517178893e-05,0.039780435618013144,1.2450718432664871,0.17181166959926486,-0.010001836955780163,0.001831423063777038,1.0279249865561724,0.17010414088144898
744448,-0.012415865618095268,0.032569185830652714,1.2018758915364742,0.15782735543325543,-0.0138164046802558,0.0003704364767145307,0.990627946332097,0.1498029304202646
745472,-0.016058168228482828,0.04077537124976516,1.079804502427578,0.14715799875557423,-0.017401167628122494,0.0022783672857258352,0.9441466890275478,0.14739191625267267
746496,0.0001465232198825106,0.033126598806120455,1.2091455794870853,0.1923425067216158,-0.004022876993985847,0.004483248991164146,1.1143119055777788,0.17530988645739853
747520,0.0016670754121150821,0.05852470442187041,1.2527731135487556,0.19802972208708525,-0.016466660119476728,0.0018297085662197787,0.6939477380365133,0.11306932847946882
748544,-0.0010169551387662068,0.06742877152282745,1.200758408755064,0.1857206467539072,0.0015185339434538037,0.0007335510645134491,0.2869781474582851,0.036624152096919715
749568,-0.002541765963542275,0.057623596978373826,1.2099653892219067,0.18661359511315823,-0.035968098673038185,0.0009217791084665805,0.7303080586716533,0.11774810613133013
750592,-0.005572115012910217,0.049483655486255884,1.0720667727291584,0.14851494831964374,-0.01094906945945695,0.008627771894680336,0.18754312908276916,0.030003352731000632
751616,-0.002582445158623159,0.05017541127745062,0.9387327767908573,0.12118842080235481,0.00015801063273102045,0.005142170197359519,0.22103068861179054,0.02473998093046248
752640,0.004337389633292332,0.0542216069297865,1.0512299202382565,0.18237081915140152,-0.022122744732769206,0.014893937623128295,1.3140093740075827,0.2777672396041453
753664,0.0156573585991282,0.050207618973217905,1.0994837880134583,0.1984399575740099,0.02949872799217701,0.008771043569140602,1.811817616224289,0.4260319257155061
754688,-0.009249790033209138,0.03993746277410537,1.1107191443443298,0.1989686586894095,-0.007102950825355947,0.0007304940593257925,0.6984435683116317,0.10132063983473927
755712,-0.005648399674100801,0.07402314513456076,1.217890415340662,0.17526281718164682,-0.03671953245066106,0.004527363260422135,0.7076386036351323,0.10924734943546355
756736,-0.0014235140988603234,0.05530408432241529,1.1892533116042614,0.17256855638697743,-0.012924122755066492,0.013800651315250434,1.0004222467541695,0.17303529824130237
757760,-0.0006127887754701078,0.03977285895962268,1.1922487691044807,0.13916189433075488,-0.009650252264691517,0.006609538384509506,1.6728205978870392,0.3319014636799693
758784,0.0011590416397666559,0.030618032324127853,1.2091720961034298,0.15004017017781734,-0.0014464342239079997,0.0003129785600322066,0.8996923100203276,0.1356523351278156
759808,-0.0008372783777303994,0.03447784326272085,1.2008704468607903,0.15936150215566158,-0.0057202094758395106,0.00019414890323332656,0.9314580010250211,0.13902214844711125
760832,-7.524894317612052e-05,0.05205814493820071,1.0786674804985523,0.15276778349652886,-0.009842211002251133,0.010490447879419662,1.1765881069004536,0.1835057814605534
761856,-0.005373087857151404,0.06346083816606551,1.0623970292508602,0.16114124143496156,-0.008127493521897122,0.005803955686133122,1.515056287869811,0.26607003901153803
762880,-0.00021270179422572255,0.05824411695357412,1.2345884777605534,0.18805910740047693,0.006058547529391944,0.020676660642493516,1.5612043365836143,0.2707340163178742
763904,0.003255506162531674,0.052578361821360886,1.2041205018758774,0.18394168745726347,-0.01187376564485021,0.014588968755560927,1.4405053742229939,0.2889298126101494
764928,0.0031307439785450697,0.05652178963646293,1.269652172923088,0.18090067198500037,-0.014595629530958831,0.001710356593321194,0.6755951093509793,0.11127010942436755
765952,-0.00312786249560304,0.05303744482807815,1.023859828710556,0.13255169126205146,-0.015238512365613133,0.004409091648994945,0.35150252375751734,0.052474610856734216
766976,-0.0035764134081546217,0.05192839843221009,1.1365360617637634,0.1589016797952354,-0.0060212409880477935,0.0016791589150670916,0.649988470133394,0.09546069119824097
768000,-0.0005067915044492111,0.04936940048355609,1.3327314630150795,0.1758136497810483,-0.033589049737202004,0.001433413521226612,0.993822431191802,0.1574610355310142
769024,-0.005763576918980107,0.053639413439668715,1.3370841667056084,0.15673071518540382,0.008427710854448378,0.015589761693263426,1.0760981254279613,0.18439480662345886
770048,-0.0034848068316932768,0.07520993938669562,1.1630382761359215,0.13160395855084062,-0.018881292082369328,0.005495038843946531,1.2938825711607933,0.23628454096615314
771072,-0.0006826714234193787,0.041470294119790196,1.1853249743580818,0.1661068112589419,-0.007722397276666015,0.0059644152133842,0.41086312755942345,0.0563101276056841
772096,-0.0037887434737058356,0.04748456086963415,1.2326405309140682,0.13187192543409765,-0.00879124563653022,0.010366260903538205,0.7537562558427453,0.11120574874803424
773120,-0.0013392750697676092,0.04669102479238063,1.1394291520118713,0.14285945147275925,-0.026115386019228026,0.002170302628655918,0.8916365802288055,0.1413662729319185
774144,-0.004842102585826069,0.07057602668646723,1.4416591376066208,0.2034228122793138,-0.010578238201560453,0.004627119938959368,1.9803681261837482,0.401540351100266
775168,-0.00493228201958118,0.050563835771754384,1.6436521522700787,0.20788589445874095,-0.008607962779933587,0.004790814851730829,1.1842868402600288,0.19805170502513647
776192,0.0005807323905173689,0.0561267810408026,1.166788961738348,0.15801979275420308,0.007829095440683886,0.009131432518188376,1.0622989535331726,0.15831175399944186
777216,0.013497921318048611,0.06880222586914897,1.338052075356245,0.26341799926012754,-0.0009522602776996791,0.018714803300099447,1.3490860983729362,0.23227759543806314
778240,0.009683647018391639,0.07452389702666551,1.6327909752726555,0.23902973672375083,-0.0008189180080080405,0.010054995698737912,1.359121385961771,0.23672979744151235
779264,-0.0009581777994753793,0.06746669509448111,1.4433774277567863,0.19671550067141652,-0.0019155144691467285,0.0010057701510959305,0.8987510576844215,0.13430346897803247
780288,0.004562013200484216,0.06426578015089035,1.3431842774152756,0.2059096395969391,-0.0058940048911608756,0.009230654715793207,1.0319346487522125,0.16126706544309855
781312,0.003173214878188446,0.03629904595436528,0.9826774653047323,0.1724715679883957,-0.0038920802471693605,0.014831615088041872,1.3403635695576668,0.21465848572552204
782336,0.0027440998383099213,0.04894548642914742,1.0259337164461613,0.17280629696324468,-0.01540385265252553,0.007358871116593946,1.6405315659940243,0.28791342629119754
783360,0.009984753807657398,0.08465100056491792,1.3407237492501736,0.23268607631325722,0.008491032000165433,0.008922027591324877,1.0529475342482328,0.1689980432856828
784384,0.0024497452104697004,0.05508996790740639,1.3097878508269787,0.2000696207396686,0.012668635812588036,0.0004341236472100718,0.6024536797776818,0.0850317922886461
785408,0.0001508482964709401,0.05637732334434986,1.2230215296149254,0.1775369900278747,-0.02978762603015639,0.007038356732664397,0.7234822679311037,0.11802738066762686
786432,0.0031650249584345147,0.04253957502078265,1.045404314994812,0.16998105682432652,-0.022899533185409382,0.017432314569305163,1.174576859921217,0.19421584554947913
787456,-0.0005308197723934427,0.05704884382430464,1.1921726688742638,0.1675158552825451,0.0009482700552325696,0.00875802452355856,1.1717467736452818,0.1987232225947082
788480,0.0035622318828245625,0.048912146245129406,1.388490553945303,0.18196532037109137,-0.020194325828924775,0.0011989843133051181,0.8213281445205212,0.14432052383199334
789504,-0.00520578955183737,0.04660215473268181,1.222191073000431,0.17682504607364535,-0.014407412061700597,0.0006394906176865334,0.45961200539022684,0.08800378069281578
790528,-0.008485106533044018,0.040236350847408175,1.026361731812358,0.1404227470047772,-0.06980505821411498,0.008589084980485495,1.3732771575450897,0.46569978538900614
791552,-0.0038760316092520952,0.046830866020172834,0.9383102022111416,0.14105407427996397,-0.07968215621076524,0.009746966054080985,1.2684706207364798,0.4165334985591471
792576,-0.0014197250275174156,0.05442216573283076,1.1665869280695915,0.16472470434382558,0.03803371172398329,0.02500821411376819,1.7170957755297422,0.5078504583798349
793600,-0.0034533155121607706,0.03110074147116393,1.1996717974543571,0.15290253143757582,-0.003972917824285105,0.0019780513866862748,1.0449366606771946,0.17569669871591032
794624,-0.0005493286589626223,0.02196923003066331,1.216219399124384,0.17720709647983313,-0.024995767482323572,0.0007434775316141895,0.7923860680311918,0.12239488959312439
795648,0.0028390620282152668,0.025164232996758074,1.046313002705574,0.1800756910815835,-0.011468990807770751,0.002492084458936006,0.7890783436596394,0.11544390954077244
796672,0.0005756195168942213,0.03346958750626072,0.9389474019408226,0.1630912502296269,-0.0012615827727131546,0.010813405067892745,1.2546685822308064,0.18572225607931614
797696,0.0058013448579004034,0.04824799776542932,0.9441660195589066,0.17263854341581464,-0.021004748006816953,0.009247591748135164,1.3947746306657791,0.21589781157672405
798720,0.004586608163663186,0.049398569273762405,0.9835108444094658,0.1837959955446422,-0.014534957037540153,0.010195135404501343,1.3095317147672176,0.1951142828911543
799744,0.004590345211909153,0.04024145589210093,1.0340932924300432,0.17210158286616206,0.0006890633376315236,0.009319506723841187,1.0441702883690596,0.15544072212651372
800768,-0.0020125851006014273,0.04224236437585205,0.9719496928155422,0.1295802949462086,-0.04802711110096425,0.006156406790978508,0.9908865205943584,0.17267468618229032
801792,-0.0039897986280266196,0.04628368315752596,0.8942601997405291,0.12865833775140345,-0.006877486710436642,0.004907844435365405,1.2210885006934404,0.21330088679678738
802816,-0.002408940956229344,0.034838411200325936,1.0204029437154531,0.14888791693374515,-0.007130267011234537,0.00918984162126435,1.200070634484291,0.19903009664267302
803840,-0.001583355973707512,0.054377170745283365,1.0804337300360203,0.1567545155994594,0.0009906926425173879,0.007109781265171478,1.506369598209858,0.2638195948675275
804864,0.0018712305463850498,0.052078878157772124,1.0370682254433632,0.14697432657703757,0.009344995021820068,0.010643732479366008,1.3751723766326904,0.22056592954322696
805888,0.00282653741305694,0.03730058338260278,1.2089801840484142,0.1892497781664133,-0.03603227264829911,0.008584208670072258,0.6052638292312622,0.08577471820171922
806912,0.0008773207373451442,0.03149924072204158,1.0897901467978954,0.176404248457402,-0.012085413516615517,0.005090648390250863,0.5718845464289188,0.08448923396645114
807936,-0.0028271591872908175,0.03107984783127904,1.0433198660612106,0.1772955758497119,-0.006506743549834937,0.010083596302138176,0.6942776329815388,0.10292242839932442
808960,-0.003689043631311506,0.040293134516105056,1.0019894447177649,0.12563256709836423,-0.029194318311056122,0.0007656847792532062,1.0315026603639126,0.16387019539251924
809984,-0.007348225335590541,0.053638197598047554,1.0197003725916147,0.12215232453309,-0.017403766716597602,0.0021049532988399733,1.0578859597444534,0.16038598353043199
811008,-0.0031749453919474036,0.05539582739584148,1.2399988286197186,0.1872933297418058,-0.006942340754903853,0.008471724035189254,1.2605893332511187,0.23015377297997475
812032,-0.012351092707831413,0.03427578107221052,0.9459570534527302,0.13313797605223954,-0.00605855553294532,0.004777223179189605,1.6488883085548878,0.29382734140381217
813056,-0.020896941772662103,0.021071182505693287,1.0038896426558495,0.1575685441493988,-0.005547422668314539,0.015895199598162435,1.4832270629703999,0.257950637023896
814080,-0.00746314728166908,0.024354521941859275,1.032602857798338,0.12083358084782958,-0.01712335250340402,0.0003441456847212976,0.8530369503423572,0.13459818810224533
815104,-0.007704171788645908,0.02119834895711392,1.0978668481111526,0.10628251731395721,-0.015816609578905627,0.0020650296992243966,1.4066163077950478,0.2272818456403911
816128,0.00391359007335268,0.05663110944442451,1.3245529048144817,0.19636185374110937,0.004421660240041092,0.012382179658743553,0.37184550939127803,0.05162508430657908
817152,0.004240128429955803,0.07991270220372826,1.124604720622301,0.14551047189161181,-0.020515294614597224,0.0009491797873124597,0.7182093802839518,0.10883132182061672
818176,0.002367132605286315,0.03891910891979933,1.068229090422392,0.13343279738910496,-0.03167255401785951,0.0010449071105540497,0.6452553505077958,0.11128788848873228
819200,-0.004876914608757943,0.04645805386826396,1.114040818065405,0.14713402232155204,-0.02884455853200052,0.0006987918195591192,0.6269093649461865,0.10723570571281016
820224,-0.005264864492346533,0.049149917787872255,1.137008961290121,0.1572213750332594,-0.03781058642198332,0.0009273865916838986,1.2382729835808277,0.2825342152500525
821248,0.0008746003732085228,0.04530768794938922,1.135539636015892,0.1640124754048884,0.008015104409423657,0.009212837430823129,0.17287291982211173,0.027501794218551368
822272,0.002922936255345121,0.04676760092843324,1.0780258551239967,0.15511868195608258,-0.023094237709301524,0.0013327433298400138,0.6200169026851654,0.1028697018045932
823296,-0.01303196004300844,0.04305818647844717,1.1696379519999027,0.1888104290701449,0.011693376407492906,0.007563589930214221,0.24072507303208113,0.029894308594521135
824320,-0.013700363168027252,0.04341080191079527,1.1652131713926792,0.1711838417686522,8.603325113654137e-05,0.0016004663320927648,0.3990443581715226,0.0494506701361388
825344,0.0005211835377849638,0.04213933937717229,1.0275545790791512,0.135405927663669,-0.003470668278168887,0.009796266072953586,0.7986484933644533,0.12005300889723003
826368,-0.004647495923563838,0.038916074321605265,1.1798539459705353,0.18726360565051436,-0.008414256444666535,0.006743764701241162,1.1532118823379278,0.22700991795863956
827392,0.000698644551448524,0.054877112503163517,0.9834860991686583,0.15032211458310485,0.020143591449595988,0.017426275153411552,1.6653582826256752,0.3261939687654376
828416,-0.0019384306797292084,0.03963995003141463,0.9280407596379519,0.14897500397637486,-0.0031200660159811378,0.008011160676687723,1.4989841468632221,0.2721535670571029
829440,0.002420221280772239,0.03692441247403622,0.8008597753942013,0.10192727972753346,-0.011072185065131634,0.0002835032382790814,1.1959831602871418,0.19587960932403803
830464,-0.007932592649012804,0.06402684340719134,1.0618450306355953,0.15861156675964594,-0.06696046629804187,0.0021932841245870804,1.039724763482809,0.20634922897443175
831488,-0.007497258469811641,0.03518247400643304,1.2133598327636719,0.18844012450426817,5.064220749773085e-05,0.000646875813117731,0.05261366977356374,0.004748840699903667
832512,-0.010748496832093224,0.040283021866343915,1.1492425166070461,0.14408172201365232,-0.034292662487132475,0.0007767765764583601,0.8873075726442039,0.1446251441957429
833536,-0.001851419307058677,0.0424539593514055,1.0411118604242802,0.14440288627520204,-0.014542168821208179,0.007379617825790774,1.7681860588490963,0.3339107744395733
834560,0.0021100838494021446,0.05171542626339942,1.0610127560794353,0.15536864148452878,-0.00044585330761037767,0.00816519494401291,1.496675293892622,0.2555506117641926
835584,-0.006933290133019909,0.0464488920988515,0.9934150949120522,0.15204377518966794,-0.07285861528362148,0.004554630704660667,0.8138271113857627,0.15314151486381888
836608,-5.365141259972006e-05,0.03370513336267322,1.0888534393161535,0.14611865626648068,-0.012295087362872437,0.0011715300938703876,0.4014174062758684,0.06148649018723518
837632,-0.0033871067134896293,0.04734188399743289,1.127496998757124,0.1358991179149598,-0.017398557072738186,0.008525518060196191,1.2878957614302635,0.22963913483545184
838656,-0.006408610352082178,0.053066995926201344,1.245600126683712,0.1701448247767985,-0.012236879178090021,0.0007635008432771428,1.1737856846302748,0.19343205075711012
839680,-0.0005193010874791071,0.04905854968819767,1.2514476478099823,0.16776544973254204,-0.003062643692828715,0.007279872422259359,1.9570274651050568,0.38998593064025044
840704,-0.000702997247572057,0.047062621102668345,1.2481564432382584,0.18070385558530688,-0.0548147241352126,0.0059979746511089616,1.1726790368556976,0.22190531459636986
841728,0.004196856607450172,0.04383155517280102,1.315193247050047,0.2078095106408,0.005588684667600319,0.015062136822962202,1.4945049062371254,0.28271526750177145
842752,0.002236441825516522,0.0455310019897297,1.0846985504031181,0.153054506983608,0.005172092962311581,0.0002300663456935581,0.8236665017902851,0.1489219827344641
843776,-0.005368340905988589,0.049527924275025725,1.1651179417967796,0.1640311828814447,-0.011268723144894466,0.0004514195607043803,0.6525776591151953,0.07675076124724
844800,-0.001402904250426218,0.040543557493947446,1.1227265167981386,0.1521145235747099,-0.002826971438480541,0.00011538134492639074,0.7968497890979052,0.098749122582376
845824,-0.002637106488691643,0.058599136653356254,1.2784428112208843,0.18462943006306887,-0.01225271780276671,0.020910011196974665,1.462396752089262,0.25239843083545566
846848,0.0005816883785882965,0.049601933220401406,1.2376763448119164,0.1789787421002984,-0.006274158222367987,0.024044583027716726,1.5394032709300518,0.2757143643684685
847872,0.004491848194447812,0.04711918672546744,1.1982918307185173,0.17327924259006977,-0.005601920303888619,0.008407651432207786,1.7369274832308292,0.3309668409638107
848896,0.0019053407158935443,0.0304287463077344,1.1785662658512592,0.17592690512537956,-0.021420424804091454,0.0009340120759588899,0.7106465939432383,0.1010000694077462
849920,0.0038647028559353203,0.0453098900616169,1.2596614472568035,0.18020767346024513,-0.007077277419739403,0.0006341532043734333,0.7077102223411202,0.12358191097155213
850944,-0.0006787235615774989,0.036035072640515864,1.234493114054203,0.17234851187095046,0.0006592109566554427,0.004899949024547823,0.16111637838184834,0.01733428076840937
851968,-0.004822402988793328,0.0412595096277073,1.2872988432645798,0.17065412178635597,-0.009443292423384264,0.006210999899849412,1.74165528267622,0.37224489508662373
852992,0.0015921218146104366,0.04829695541411638,1.2069211080670357,0.1772269573993981,0.017792564118281007,0.003005817925441079,0.4947221234906465,0.09770728449802846
854016,0.002825976494932547,0.05533562530763447,1.2816726863384247,0.19079934526234865,-0.0023294726270250976,0.018177553632995114,0.23815228999592364,0.02946807589614764
855040,-0.0002525490999687463,0.06217663688585162,1.2407641485333443,0.15249682450667024,-0.004768773273099214,0.00253103336035565,1.071361307054758,0.1804075518157333
856064,0.003690940124215558,0.0547053903574124,1.3087793737649918,0.201155842281878,-0.0012494036927819252,0.001622529051019228,0.36995900655165315,0.04744283901527524
857088,-0.003636208624811843,0.04815254488494247,1.3404085114598274,0.16154329851269722,-0.016258457355434075,0.0008508239479851909,1.063163435086608,0.17045523272827268
858112,-0.004205432604067028,0.04462502908427268,1.3777231276035309,0.15660915663465858,-0.0070885967870708555,0.0073158842242264654,1.4664207473397255,0.2655223305337131
859136,0.0008278184104710817,0.04675556311849505,1.45728799700737,0.1739593199454248,0.005337288414011709,0.0002790336400266824,1.2124534314498305,0.19390049017965794
860160,0.0008375662582693622,0.0631042739842087,1.5061201341450214,0.18215686455368996,-0.05572268039395567,0.0026672849253372988,1.498254906386137,0.26199849508702755
861184,-0.003493648808216676,0.09032022464089096,1.371199768036604,0.1915496727451682,-0.0127087430737447,0.006376997553161345,0.46942646289244294,0.06906963873188943
862208,8.88650247361511e-05,0.05841268983203918,1.2460864782333374,0.1694371965713799,-0.005548458721023053,0.0008225170222431188,0.971559464931488,0.14335513208061457
863232,-0.0045290497509995475,0.06677772162947804,1.2574214115738869,0.1804135199636221,0.002141381526598707,0.01702724935603328,0.6285555614158511,0.09042194834910333
864256,-0.002104401442920789,0.05543446622323245,1.3188870437443256,0.19356931606307626,-0.0028799603751394898,0.008505354315275326,1.2853542044758797,0.22516294289380312
865280,-0.00468942747102119,0.038316656078677624,1.3526520244777203,0.1962619423866272,-0.03258999445824884,0.0019828582771879155,1.1508678048849106,0.1891362303867936
866304,0.001927401463035494,0.04993771540466696,1.2223209887742996,0.1603052355349064,-0.00800903546041809,0.006346789619783522,1.6162543529644608,0.3281743653351441
867328,-0.0006097852456150576,0.061446569045074284,1.2514362558722496,0.15276656672358513,-0.006979192257858813,0.007823134597856551,1.0178859513252974,0.16240347386337817
868352,-0.0003269206645200029,0.03516968584153801,1.2947798855602741,0.18336196523159742,-0.013677344206371345,0.00019060989052377408,0.6272269692271948,0.08744894410483539
869376,-0.0058170339034404606,0.029364896123297513,1.206810351461172,0.17335800174623728,-0.006661594350589439,4.2300207780954224e-05,1.0771380364894867,0.16368267498910427
870400,-0.008107755420496687,0.03364093560958281,1.1766998320817947,0.16213159309700131,-0.034169807040598243,0.0019431455575613654,1.3379159439355135,0.29176067980006337
871424,-0.005230967770330608,0.07771192537620664,1.221734642982483,0.20026294002309442,0.003049435908906162,0.021812943887198344,1.4272242784500122,0.31826825626194477
872448,0.0005072959320386872,0.10347548988647759,1.2307798191905022,0.18972318666055799,0.011864741740282625,0.007283660714165308,1.845483873039484,0.40991451498121023
873472,0.0012505928898463026,0.0641700413543731,1.2953967824578285,0.1938865096308291,0.018702425033552572,0.0005369921418605372,0.6638254018034786,0.1103484213235788
874496,-0.0007068377162795514,0.06423579808324575,1.2845430001616478,0.19284602347761393,-0.0005640078743454069,0.0004213924548821524,0.11394026759080589,0.01181590580381453
875520,-0.0019056120654568076,0.06787571590393782,1.1379039585590363,0.15918985242024064,0.0005986624164506793,0.001874927675089566,0.1546421805396676,0.016621389309875667
876544,-0.004523480660282075,0.06083593424409628,1.0442390032112598,0.1558259897865355,-0.00019312778022140265,0.0006025391348885023,0.2096097795292735,0.023177671479061246
877568,0.0037105770461494103,0.061189839034341276,0.9279242847114801,0.1294879496563226,-0.0020765485533047467,0.000544266838915064,0.4525642450898886,0.05797355982940644
878592,-0.000547119154362008,0.08369756187312305,1.1966908499598503,0.16599717643111944,-0.04408845558646135,0.0006954475247766823,0.9174147564917803,0.14979497669264674
879616,-0.005700081732356921,0.06044453848153353,1.2109008766710758,0.1625866242684424,-0.010535944136790931,0.0069750058246427216,1.2615729421377182,0.20831287233158946
880640,-0.0022717994870617986,0.07122285082004964,1.1311608888208866,0.15284279827028513,0.00023603545560035855,0.013412106680334546,1.2867157123982906,0.1965786130167544
881664,-0.0041647084362921305,0.057498077396303415,1.1819634214043617,0.16547087114304304,-0.0023437371128238738,0.015556938116787933,1.3045303709805012,0.19907511258497834
882688,-0.009291035850765184,0.06191645155195147,1.1113399602472782,0.1424931949004531,-0.010095905920024961,0.015781774229253642,1.3446682766079903,0.2181684453971684
883712,-0.002175797417294234,0.04054935660678893,0.9892634078860283,0.13709012232720852,-0.005693473882274702,0.00020461737699406513,1.2390650697052479,0.19243547413498163
884736,-0.0030781136883888394,0.056213890318758786,1.062914177775383,0.1472508735023439,-0.023102580045815557,0.0001974000448399238,0.8742478061467409,0.1265338936354965
885760,-0.0030168010998750106,0.05680751847103238,1.0790329314768314,0.1442428259178996,-0.010571029619313776,0.012074706333805807,1.0962985213845968,0.16423531994223595
886784,-0.006749804510036483,0.05527061817701906,1.0955288670957088,0.16396775376051664,-0.0026942649856209755,0.008626304148492636,1.2661409247666597,0.19921409618109465
887808,-0.003066415505600162,0.031198378768749535,0.9103586208075285,0.12528491392731667,0.0004614455974660814,0.0004764646246258053,1.0621445272117853,0.16178296552971005
888832,-0.0031893732520984486,0.0319534576847218,0.9396078065037727,0.12821037974208593,-0.003876938746543601,0.00030087593700045545,1.2646526657044888,0.19856134103611112
889856,-0.0019856832805089653,0.04041868064086884,1.08060247823596,0.1401556609198451,0.002473311120411381,0.0005430244700619369,0.8257629703730345,0.11902695358730853
890880,-0.0050723373497021385,0.0731780156493187,1.0599767044186592,0.16092746425420046,-0.012011431666905992,0.0026513033099035965,1.052331080660224,0.15571122616529465
891904,0.005597918468993157,0.045568622765131295,0.7370643559843302,0.09694880223833025,-0.012009455676889047,0.0007291114825420664,1.1693075299263,0.1654933411628008
892928,0.004609620082192123,0.04302820423617959,0.7997241802513599,0.10631254268810153,-0.02375250661134487,0.00044415126933472493,1.1573050040751696,0.15693070366978645
893952,0.0009935677226167172,0.04408495966345072,0.9892402440309525,0.1423908700235188,-0.01725093342247419,0.00019721214584933477,0.9583869352936745,0.1261368077248335
894976,0.0038516312051797286,0.044612978235818446,1.0279516614973545,0.14261455181986094,-0.006408511326299049,0.00010018104967457475,0.9655081946402788,0.13047661446034908
896000,0.005652502266457304,0.061206126818433404,1.3091244958341122,0.19386954745277762,0.001519709185231477,0.005756245274824323,0.24684444162994623,0.027599382388871163
897024,-0.0010798361035995185,0.04518194287084043,1.3102823868393898,0.153668359387666,-0.004536608787020668,0.0030747269645416964,0.3001914229243994,0.038632201962172985
898048,-0.005491777206771076,0.05979353771544993,1.3195441961288452,0.20062394812703133,-0.03112592730030883,0.010336718638427556,1.3647625334560871,0.2524025987368077
899072,0.013856310135452077,0.09395626652985811,1.370676975697279,0.2308507184498012,-0.001939023582963273,0.024543988052755594,0.8236899506300688,0.12578597920946777
900096,0.0036869869945803657,0.08687267289496958,1.3189798220992088,0.1955726845189929,-0.010833818450919352,0.011039025092031807,1.214199811220169,0.20489951176568866
901120,-0.002147914783563465,0.06754876906052232,1.3322048224508762,0.18483583070337772,-0.019239265384385362,0.003713208392582601,0.37560875806957483,0.05057756160385907
902144,-0.0020038597576785833,0.0425850918982178,1.155611377209425,0.18469650903716683,-0.006546023738337681,0.00618238785318681,1.2429910395294428,0.25323819858022034
903168,-0.005824294872581959,0.02628333430038765,1.1083329506218433,0.16807989310473204,0.005392643739469349,0.007532958668889478,1.7888849079608917,0.3532168408855796
904192,-0.002297419516253285,0.02897871838649735,0.9303229488432407,0.07720868522301316,0.0020608278427971527,0.0010521529254674533,0.47449502535164356,0.056658084969967604
905216,-0.01022441207896918,0.05814764933893457,0.8706168308854103,0.08685892471112311,-0.019635774719063193,0.0020454272635106463,0.5654229680076241,0.09112252644263208
906240,0.00936725563951768,0.09466412127949297,1.3915268369019032,0.24095714837312698,-0.010192301531787962,0.011069329295423813,1.2793165482580662,0.21923999208956957
907264,-0.002640637947479263,0.09623721614480019,1.2246408574283123,0.1766717997379601,0.007790556090185419,0.0203131721355021,1.0598618742078543,0.18729851488023996
908288,0.006114516800153069,0.0724564214469865,1.2941191829741001,0.20272936346009374,0.003606709826271981,0.0066114964938606136,1.4686117693781853,0.28187126526609063
909312,-5.6970748119056225e-06,0.10503790248185396,1.2970664873719215,0.1843960559926927,-0.010994820011546835,0.005350723025912885,0.8337146937847137,0.14232470840215683
910336,0.004127414940739982,0.08787664514966309,1.186695672571659,0.16962768649682403,0.007557193603133783,0.010786820857902057,0.29266701731830835,0.04693779244553298
911360,0.0006171275454107672,0.050096606253646314,1.0711745582520962,0.1651628613471985,-0.0007701847061980516,0.000715092468453804,0.05323770781978965,0.0048452981282025576
912384,-0.0035942935792263597,0.0487923122709617,1.1475491635501385,0.15645139710977674,-0.0018462855223333463,0.0008224742659876938,0.12853425461798906,0.012745467014610767
913408,-0.01968339919403661,0.030620577686931938,1.1584251262247562,0.13220869097858667,-0.03101717124809511,0.0005608129290521902,1.0476929433643818,0.17463552800472826
914432,-0.011916651536012068,0.06072413770016283,1.1727451793849468,0.16798660811036825,-0.004997692100005224,0.007076753208821174,0.7529155779629946,0.1167898183921352
915456,-0.0035241279401816428,0.07772793504409492,1.0729750357568264,0.13524938467890024,-0.02230940232402645,0.007450011435139459,1.2696517948061228,0.23073088144883513
916480,0.0005155363614903763,0.09185295621864498,1.1963458992540836,0.16888481099158525,0.003124563576420769,0.015826015238417313,0.7065076064318419,0.1117116364184767
917504,-0.0006991175905568525,0.06842897844035178,1.271334208548069,0.1816795291379094,0.0025702553830342367,0.0025935002631740645,0.4582011657766998,0.06647812109440565
918528,-0.003359991838806309,0.07292730617336929,1.2200329974293709,0.1754961689002812,0.001172265110653825,0.00016733182292227866,0.06645102926995605,0.006121475948020816
919552,-0.0052698176295962185,0.04276192304678261,1.1003447342664003,0.1501506925560534,0.0010138264333363622,0.006572348404915829,0.060145094874314964,0.005516429839190096
920576,-0.001978156593395397,0.05218387534841895,1.1482980251312256,0.16672181384637952,-0.0039021759293973446,0.0035505461783031933,0.22269704169593751,0.02682850620476529
921600,-0.0028680251562036574,0.03720004664501175,1.1235607638955116,0.15697746351361275,-0.014486719068372622,0.006977417910093209,1.0729227988049388,0.19175727828405797
922624,0.00763763627037406,0.04116662923479453,1.2529764957726002,0.1983722224831581,-0.02092907062615268,0.001667113243456697,0.7537716273218393,0.11844086751807481
923648,-0.005801394610898569,0.05061875993851572,1.0177464168518782,0.15351224225014448,-0.01992741259164177,0.0012679298233706504,0.8329318035393953,0.14025938021950424
924672,-0.010681834362912923,0.03370171179994941,1.0093264542520046,0.1361417192965746,-0.024342684584553353,0.000268522877831856,0.6873355242423713,0.11358843342168257
925696,-0.006476359732914716,0.06634791614487767,1.0756804309785366,0.15222146501764655,0.00538476460496895,0.016881710733287036,1.2719457317143679,0.25236514350399375
926720,-0.002478678070474416,0.06921919819433242,1.082001706585288,0.14296334865503013,0.00365683322888799,0.02912138550891541,1.1659819204360247,0.2284181418363005
927744,-0.0009626007522456348,0.05642092367634177,1.2737805098295212,0.17272378643974662,-0.016762457249569707,0.00027943094482907327,0.9736679438501596,0.1938865347765386
928768,-0.0016735642275307328,0.03445371089037508,1.2342159077525139,0.17371514718979597,-0.019162677082931623,0.00010404279487374879,0.7996294684708118,0.12667739554308355
929792,-0.0004521184600889683,0.037080097827129066,1.1025555543601513,0.1504364819265902,-0.012594367261044681,5.7703393622432486e-05,0.4191694352775812,0.061780192132573575
930816,-0.004769586477777921,0.06472272635437548,1.206643059849739,0.19618288660421968,-0.04052477687946521,0.006156008279504022,0.9312357343733311,0.16128091095015407
931840,0.0003894874025718309,0.051541755674406886,1.171411994844675,0.1798279364593327,-0.014517131872707978,0.0010432832550577587,0.6555708944797516,0.097557652159594
932864,-2.859346568584442e-05,0.0670383139513433,1.097582720220089,0.16294448729604483,0.011453254410298541,0.02134301423211582,0.23114205955062062,0.039932611252879724
933888,0.007883092228439637,0.03570647386368364,1.217687614262104,0.20562455477192998,-0.0010939232597593218,0.00047123057174758287,0.014756649819901213,0.0013591591268777847
934912,0.0049755713262129575,0.045886134495958686,1.198521576821804,0.1953575974330306,-0.009984726493712515,0.00046228203655118705,0.1274620182812214,0.02053148060804233
935936,0.0025340036663692445,0.043290769623126835,1.0511016007512808,0.1499585839919746,-0.034191674552857876,0.003801301932981005,0.2564228321425617,0.09231746988371015
936960,5.0500675570219755e-06,0.03848322946578264,1.1324531808495522,0.16750209312886,-0.027266316290479153,0.0010430758902657544,0.15859322645701468,0.05654898565262556
937984,-8.62851447891444e-05,0.05241249909158796,1.2087852507829666,0.17227174947038293,-0.02678673750779126,0.0021811277547385544,0.23949941713362932,0.050941268156748265
939008,0.00036439466930460185,0.05063570279162377,1.112234665080905,0.14417829178273678,-0.003361978044267744,0.0006352203745336737,0.8499671630561352,0.1351247641723603
940032,-0.006392156617948785,0.05734291230328381,1.1473830714821815,0.130963554373011,0.0011737365857698023,0.009032875550474273,0.9594596643000841,0.14999608066864312
941056,0.0016178671648958698,0.06258535967208445,1.2613190338015556,0.1696305456571281,0.004951057315338403,0.008353842189535499,0.8111112713813782,0.1207366653252393
942080,-0.0017069489986170083,0.041608273051679134,1.1934955641627312,0.16825470188632607,-0.0008233100525103509,0.007829910126019968,1.25529458001256,0.20788126392289996
943104,-0.0005154596292413771,0.05230437312275171,1.223968032747507,0.14328183699399233,-0.010479253047378734,0.00046642222469017725,1.0422901455312967,0.15561558096669614
944128,-0.006741231773048639,0.03996667778119445,1.2512399815022945,0.14450703072361648,-0.01946449975366704,0.00041920280091289897,1.0086226984858513,0.15712969098240137
945152,0.0015999468741938472,0.050639251712709665,1.4445395655930042,0.16553967958316207,-0.004280412482330576,0.002101852133819193,0.20790134859271348,0.02789790596580133
946176,-0.005619817384285852,0.06925290997605771,1.3158988617360592,0.16559341549873352,-0.0032430756837129593,0.0018869478644774063,0.42258022353053093,0.0610030556563288
947200,-0.004432129731867462,0.042262892122380435,1.1706379689276218,0.12424887553788722,-0.0008532335050404072,0.0012566297659759584,0.18747880216687918,0.021737495670095086
948224,-0.0062834666459821165,0.04981500410940498,1.2599775344133377,0.1678492254577577,-0.012666093549341895,0.01576604189904174,1.5548229813575745,0.2868483127094805
949248,0.0038133757625473663,0.06457524956203997,1.393330778926611,0.20571930473670363,0.009836022509261966,0.0007276486521732295,0.523295737337321,0.08707635675091296
950272,-0.003767742295167409,0.049943133955821395,1.2348448634147644,0.17627865308895707,-0.016835342554259114,0.0035160020652256208,0.5006742221303284,0.07804958446649835
951296,-0.006692383991321549,0.06836761103477329,1.0404807701706886,0.14650853676721454,-0.007060338917654008,0.009546329711156432,0.8244880344718695,0.12934745848178864
952320,-0.0008654375706100836,0.07607323885895312,1.0152020901441574,0.1338498406112194,-0.008942039450630546,0.021946687003946863,1.4717331193387508,0.2553277132101357
953344,-0.0026857371267396957,0.051644196966663,1.0409430898725986,0.1384253017604351,0.0010038545879069716,0.0010697329616959905,1.1462055537849665,0.18390278005972505
954368,0.005627652921248227,0.0630949706537649,1.1132122613489628,0.1635031788609922,-0.0011148853518534452,0.008781821503362153,1.163016639649868,0.1810825695283711
955392,0.0024273155286209658,0.05248526833020151,1.202146239578724,0.1704941214993596,-0.058440853987121955,0.0030748634817427956,1.2018109299242496,0.22832583053968847
956416,-0.014121764776064083,0.05139482789672911,1.242784146219492,0.13679186161607504,-0.003187679249094799,0.0012511052282206947,0.29277968080714345,0.03293649008264765
957440,0.002693111455300823,0.060810472699813545,1.12735615670681,0.14153231866657734,-0.007122293405700475,0.02262187813175842,1.5058599598705769,0.26221499405801296
958464,-0.0033806712890509516,0.03374833631096408,0.9802670013159513,0.12769344984553754,0.0013435047294478863,0.0005078332919765671,1.156223988160491,0.19328897423110902
959488,-0.005682975621311925,0.0285582504584454,1.2353537157177925,0.17218625964596868,-0.020565581740811467,0.00032425441327177396,1.241343516856432,0.1848796410486102
960512,-0.0031823137833271176,0.03709829453146085,1.0939225517213345,0.14097019284963608,-0.06618969773990102,0.002489727492502425,0.8371649477630854,0.12970974552445114
961536,0.0012826702586608008,0.030178651388268918,1.2478281557559967,0.14732269337400794,-0.00024996104184538126,0.0010937730266959989,0.032995773828588426,0.0029144847067072988
962560,0.0046069619711488485,0.021351611125282943,1.479728139936924,0.176733392290771,0.0012433236406650394,0.0008270592970802682,0.06423178571276367,0.0067901056027039886
963584,-0.01450137588835787,0.02378897776361555,1.2992496155202389,0.13709151418879628,-0.00034885189961642027,0.0004478280786770483,0.05941289500333369,0.005566909676417708
964608,-0.008303114940645173,0.03141386620700359,1.1822534054517746,0.11607395694591105,-0.007917199312942103,0.00032444441762891074,0.7245515533722937,0.10794236726360396
965632,0.0030699418421136215,0.07659888279158622,1.3430328108370304,0.17784577002748847,-0.029317982654902153,0.0041923794051399454,0.7759044487029314,0.13277722662314773
966656,-0.003719517873832956,0.03449891315540299,1.606044065207243,0.1683641178533435,-0.032168065721634775,0.008298403303342639,0.8447897937148809,0.1309083008673042
967680,-0.0026889650616794825,0.023284213908482343,1.6043014228343964,0.14728034636937082,0.0017048729496309534,0.008035124708840158,1.3707057386636734,0.22998312441632152
968704,-0.0035455861798254773,0.01755801698891446,1.7222931310534477,0.17138587217777967,-0.009966577810700983,0.0007116754936760117,1.2055797446519136,0.18086723424494267
969728,-0.0020206863846397027,0.018344277807045728,1.7617953568696976,0.17048780247569084,-0.006436279247282073,0.0006658772084620068,1.1438796948641539,0.16557379299774766
970752,0.010545187862589955,0.06087015464436263,1.440317489206791,0.2246752241626382,-0.03931130585260689,0.0008887676945050771,0.5058014756068587,0.08107795927207917
971776,0.008370182622456923,0.053674338618293405,1.3050895556807518,0.21744324266910553,0.010862696915864944,0.006624769295740407,0.13065084093250334,0.019881890038959682
972800,0.01218843413516879,0.05392312852200121,1.2857500985264778,0.25369786424562335,-0.013478957320330665,0.0011813221281045116,0.7954060044139624,0.11739571415819228
973824,0.004339154285844415,0.05873506935313344,1.344305831938982,0.2070254422724247,-0.001595503359567374,0.007580950223200489,1.4283272810280323,0.3310948519501835
974848,0.00036269903648644686,0.0796987903304398,1.1930706389248371,0.1654085721820593,0.007225837529404089,0.008106796190986643,1.9535448178648949,0.43891604943200946
975872,0.005573695059865713,0.05468971538357437,1.1904237680137157,0.17116269236430526,0.004030528187286109,0.002190691940995748,0.3960408107377589,0.06036023056367412
976896,0.0028023949853377417,0.05907081556506455,1.1979470066726208,0.16635378589853644,-0.007354540779488161,0.00715115761886409,1.3265287391841412,0.23933428339660168
977920,-0.00011706561781466007,0.04442480218131095,1.1072985269129276,0.15715589188039303,0.004400925448862836,0.007869745730204158,1.5938332341611385,0.2864059400744736
978944,0.006181100136018358,0.05123695684596896,1.13087672367692,0.155815034173429,0.006072383490391076,0.00013098377689857443,0.8334916178137064,0.1220271298661828
979968,0.0022645180724794045,0.04676140786614269,1.2187837697565556,0.17567710811272264,-0.015025141678052023,8.499865577960009e-05,1.1585344560444355,0.17941319290548563
980992,0.00026360673655290157,0.07419110275804996,1.1222262345254421,0.15949674788862467,-0.03759085404453799,0.006546099470142508,1.1055187806487083,0.17994782608002424
982016,0.0007387836230918765,0.05261997506022453,1.2268607392907143,0.1405754939187318,0.023067028290824965,0.000618615142229828,0.11760253585089231,0.03658450744114816
983040,0.0004414571449160576,0.07986233267001808,1.4544899836182594,0.16867526853457093,-5.26753137819469e-06,0.0001451507201863933,0.0014158644298731815,8.755817543715239e-05
984064,0.002292359189596027,0.050863046082668006,1.4715690538287163,0.16959599638357759,3.102642949670553e-06,0.00012415110143138008,0.0013253697616164573,8.222798351198435e-05
985088,-0.0005610456573776901,0.09245720389299095,1.4253609627485275,0.16480637481436133,-6.256479537114501e-06,0.00033397775723642553,0.00131635858269874,8.214579429477453e-05
986112,-0.0028307074680924416,0.03292592032812536,1.2839133031666279,0.12784161372110248,-8.377362973988056e-06,0.00022103267860984488,0.004674220093875192,0.00032397452741861343
987136,0.002495586173608899,0.021031955489888787,1.301739864051342,0.11879389057867229,-1.1001713573932648e-05,1.7124720983474617e-05,0.004860675326199271,0.00033167877700179815
988160,-0.0013510297576431185,0.019757132162339985,1.5435170345008373,0.16262564714998007,-1.6749196220189333e-05,1.3524857031654847e-05,0.005321254226146266,0.00036668952088803053
989184,-0.0035048762219958007,0.01884278276702389,1.5373354889452457,0.15500188432633877,-2.1305459085851908e-05,1.0364185502709233e-05,0.005972610480966978,0.0004159553209319711
990208,-0.0006290585297392681,0.08073600969510153,1.585417814552784,0.1744444132782519,-0.0001437641039956361,0.00029366461239987984,0.006295251281699166,0.00044953415635973215
991232,0.011817927486845292,0.06557950680144131,1.3550125062465668,0.22298439405858517,-5.7491284678690135e-05,0.0017709771946101682,0.0033450601767981425,0.0002470542676746845
992256,0.008504894678480923,0.0733562889508903,1.3140327669680119,0.1915170536376536,-5.423062248155475e-05,0.001740733850056131,0.004526104734395631,0.00034140865318477154
993280,0.00801498167857062,0.06413387763313949,1.2320838682353497,0.17350636702030897,-0.0002495704684406519,0.0012214212715662143,0.004776347384904511,0.00036947650369256735
994304,0.008152960450388491,0.05275079107377678,1.1567564718425274,0.14792476734146476,6.123089406173676e-05,0.0008646796877656016,0.004475278517929837,0.00033283454831689596
995328,-0.004100894380826503,0.07123792183119804,1.1483067609369755,0.16609241114929318,-0.03097434842493385,0.0006868779769320099,0.32438485583406873,0.06464616977609694
996352,0.003828846543910913,0.0773837766610086,1.125560574233532,0.18870320823043585,0.0024836634402163327,0.009894672053633258,1.0421351045370102,0.16945333196781576
997376,0.0023948334710439667,0.059397664619609714,1.2031695358455181,0.2025632131844759,0.0019106111722066998,0.009540622782878927,1.3827551566064358,0.23986004665493965
998400,0.006194826863065828,0.04262354032834992,1.2316488288342953,0.20774401351809502,0.004929306800477207,0.009250749011698645,1.4550714269280434,0.25653447583317757
999424,0.007597131334478036,0.04328999191056937,1.1936231441795826,0.19877119874581695,-0.014663676847703755,0.008494988816892146,2.741772770881653,0.8359249224886298
