step,total_steps,agv_actor_loss,agv_value_loss,agv_entropy,agv_approx_kl,pick_actor_loss,pick_value_loss,pick_entropy,pick_approx_kl
1024,1024,0.18866867222823203,0.040709770226385444,4.583849295973778,1.403035245835781,0.27697624498978257,0.017917915523867123,4.514704033732414,3.838694617152214
2048,2048,0.1136687439866364,0.01395133207552135,3.950234718620777,0.765126071870327,0.24784134328365326,0.0071580259973416105,3.341898702085018,3.163332477211952
3072,3072,0.0666415727318963,0.015809685573913157,3.377196788787842,0.5780261792242527,0.15634168684482574,0.0051244154456071556,1.3354370817542076,2.174148313701153
4096,4096,0.07791678805369884,0.00930836955376435,3.1874516531825066,0.5664678253233433,0.18449567281641066,0.004864266680669971,1.3551024310290813,2.980534680187702
5120,5120,0.12127890577539802,0.009016454030643217,3.087822198867798,1.9737298116087914,0.1654708895366639,0.0070563509507337585,1.4408112913370132,2.055694807320833
6144,6144,0.10033751954324543,0.010518498762394302,2.8957707658410072,0.793083231896162,0.13559608510695398,0.014920270376023836,1.3751617446541786,2.620709277689457
7168,7168,0.1279563440475613,0.006268487813940737,2.6181572675704956,0.8482935968786478,0.08418246870860457,0.00531804464844754,1.2989790588617325,2.2087122686207294
8192,8192,0.13493602606467903,0.007681347160541918,2.557642824947834,0.9132579136639833,0.12945401947945356,0.0030350378547154833,1.4860416278243065,1.5074096992611885
9216,9216,0.15264793415553868,0.012098528808564879,2.581536188721657,0.9067928027361631,0.14655887032859027,0.0029226004298834596,1.696917798370123,1.645051296800375
10240,10240,0.13438757928088307,0.017768086487194523,2.554781638085842,0.9643483106046915,0.07696802605642006,0.006940923201909754,1.5240731462836266,0.6732789129018784
11264,11264,0.11603092425502837,0.007837961718905717,2.635402135550976,0.8281909096986055,0.025432262278627604,0.0034532321733422577,0.9899975247681141,0.2961015119217336
12288,12288,0.12126137502491474,0.01147985145507846,2.541663184762001,0.8608053456991911,0.026021858007879928,0.007462102468707599,1.0907084364444017,0.40188189037144184
13312,13312,0.10355389502365142,0.011975423942203633,2.4437778368592262,1.0318177659064531,0.07200167200062424,0.0043835674950969405,1.215063888579607,0.5508641293272376
14336,14336,0.08854909558431245,0.013222228044469375,2.395022250711918,1.0056398063898087,-0.0013760982837993652,0.009827332934946753,1.2168242931365967,0.771600759588182
15360,15360,0.1905635059811175,0.01760897856365773,2.2387725487351418,1.1596636660397053,0.022456923470599577,0.0020621282201318536,1.152746882289648,0.6950645428150892
16384,16384,0.101566206314601,0.008947108304710127,2.2573647499084473,0.9828053861856461,0.06575785714085214,0.007525268621975556,1.0547945890575647,0.8302919212728739
17408,17408,0.0872314065345563,0.0071597377536818385,1.9624319337308407,0.7672653570771217,0.03499977572937496,0.00225840450002579,1.508557315915823,0.6218656804412603
18432,18432,0.05581805488327518,0.0036033933556609554,1.8464631661772728,0.6118383836001158,-0.004343508480815217,0.001224647884555452,1.3400978278368711,0.21995040262117982
19456,19456,0.10917478916235268,0.0076165626451256685,2.050949916243553,0.7892771456390619,0.0893607982143294,0.0018977325762534747,0.32552079763263464,0.49155913945287466
20480,20480,0.09908895858097821,0.015426541896886192,1.9447858706116676,0.7231015525758266,0.05393976753111929,0.0061942555257701315,0.8086889255791903,0.3133503715507686
21504,21504,0.07177886989666149,0.003172302109305747,1.7491386830806732,0.6819872539490461,0.05919215419271495,0.002810647369187791,2.357860244810581,0.8233847990632057
22528,22528,0.13302275142632425,0.017237226973520592,1.9195086546242237,1.158513829112053,0.051559646730311215,0.0061629587871721014,1.158530119806528,0.8023223550990224
23552,23552,0.12302957940846682,0.008069864234130364,1.924638669937849,1.14228967577219,0.05201462350669317,0.0034969684274983592,0.8116885856725276,0.863141231238842
24576,24576,0.11373442510375753,0.006133883216534741,1.9532424807548523,1.0984936989843845,0.128005605423823,0.004043418975925306,0.20569064281880856,1.28464625030756
25600,25600,0.17234377330169082,0.013161874710931443,1.9728792198002338,1.1300571374595165,0.07167754857800901,0.01421708035923075,0.5282797962427139,1.0987289100885391
26624,26624,0.12224902072921395,0.00391801047953777,2.229684203863144,1.1581308916211128,0.04410168970935047,0.008502645592670888,1.3255937546491623,0.3918876750394702
27648,27648,0.1277733740862459,0.006879900625790469,1.9658663421869278,1.0575913600623608,0.054351823520846665,0.01675730143324472,1.360263716429472,0.7540764417499304
28672,28672,0.12079904892016202,0.0038109073357190937,1.9903419129550457,0.9395719282329082,0.03639239462791011,0.005104892934468808,1.1977775432169437,0.7488860171288252
29696,29696,0.07213329867227003,0.007926323189167306,2.2035786360502243,0.9345301892608404,0.035524600330973044,0.010346476861741394,1.2836645990610123,0.6097517283633351
30720,30720,0.09569379803724587,0.019790762380580418,1.8604152761399746,0.7585639227181673,0.06074655876727775,0.008835550514049828,1.3381329774856567,0.7670677807182074
31744,31744,0.0936581181595102,0.00429242286918452,1.8773982860147953,0.6973887495696545,0.0008927966700866818,0.002302837783645373,1.1261911317706108,0.21616749931126833
32768,32768,0.10256764001678675,0.005023714307753835,2.1681219786405563,0.9462430737912655,0.02411494150874205,0.008177654541213997,0.9837261140346527,0.6631672158837318
33792,33792,0.07766375021310523,0.0063464972481597215,2.1009562090039253,0.9442540295422077,0.05425585253397003,0.008764897866058163,1.1743096839636564,1.2810150776058435
34816,34816,0.08110858500003815,0.00624906386656221,2.1175442263484,0.8545795641839504,0.02215897137648426,0.007936855909065343,1.0168376863002777,1.0074317641556263
35840,35840,0.09297773148864508,0.02900442262762226,2.220540411770344,1.0241203662008047,0.01917001347464975,0.0055788074096199125,0.7847670819610357,1.0365453977137804
36864,36864,0.10622676648199558,0.015558988190605305,1.9872646257281303,0.8563665151596069,0.06010318294283934,0.01271075381373521,0.7676029689610004,1.353359317407012
37888,37888,0.07280258083483204,0.0063821717267273925,1.7246615774929523,0.6866002064198256,0.020003814657684416,0.0035293774562887847,0.2237732782959938,0.06583961384603754
38912,38912,0.08682496880646795,0.0031738936886540614,1.6811041124165058,0.48927448503673077,0.00010497902985662222,8.141977014020085e-05,0.10424702009186149,0.010510648193303496
39936,39936,0.04775383502419572,0.006404634768841788,1.824422512203455,0.5226855902001262,0.00021489968639798462,0.0005176943086553365,0.14189549000002444,0.023881979752331972
40960,40960,0.07261737750377506,0.011856898534460925,1.8513200245797634,0.7984862811863422,0.07719013854512013,0.011624223770922981,0.36341839376837015,0.7758626602590084
41984,41984,0.07182334514800459,0.0016446841509605292,1.8650095611810684,0.6060272734612226,0.0008710230758879334,0.0051119711379215005,1.3151167780160904,0.2058026040904224
43008,43008,0.052416084916330874,0.0026997134773409925,1.7540062367916107,0.5529235545545816,-0.000645719890599139,0.0038030358609830728,1.1307053342461586,0.1797220353037119
44032,44032,0.07381240575341508,0.011433332299930044,1.8826496079564095,0.9101907536387444,0.07253790536196902,0.01731120061594993,1.2764862626791,1.4241033643484116
45056,45056,0.059782143973279744,0.02421336731640622,1.9195425771176815,0.8580071311444044,0.011157519795233384,0.010950027659418993,1.3816356286406517,0.4255747408606112
46080,46080,0.09013628191314638,0.02338500297628343,1.834668230265379,0.7895608637481928,0.09704852802678943,0.014656396000646055,1.137333944439888,2.368056997656822
47104,47104,0.06516252417350188,0.01272471813717857,1.8491530530154705,0.7960107643157244,0.07843359213438816,0.01452733451151289,1.3631729409098625,1.4431413784623146
48128,48128,0.052952812460716814,0.0015037040575407445,1.5402129292488098,0.7011131960898638,0.0017393306188751012,0.005021589822717942,1.072973219677806,0.1672492998186499
49152,49152,0.06928789485391462,0.005549534820602275,1.5467623248696327,0.6132362447679043,0.052386381721589714,0.007315933886275161,0.7458311337977648,0.4271620442159474
50176,50176,0.09360214718617499,0.027838377573061734,1.8884930126369,0.8379456773400307,0.054690306627890095,0.01758387210429646,1.2167289964854717,1.4162390194833279
51200,51200,0.09395356243476272,0.011554246011655778,1.6317156814038754,0.5537300202995539,0.05603866794263013,0.0032825396410771646,1.4270403683185577,0.4867819547653198
52224,52224,0.06589975923998281,0.010532007509027608,1.9086995832622051,0.8503942620009184,0.04819036088883877,0.008814497225102969,1.0559749528765678,0.9920481126755476
53248,53248,0.07352660765172914,0.0008098321595753077,1.895740106701851,0.5638145413249731,0.009056237642653286,0.0008889036589607713,0.7901651626452804,0.28467198996804655
54272,54272,0.09224101039581001,0.018372222722973675,1.6929738149046898,0.6880890112370253,0.0561106106324587,0.0045192515244707465,1.0323754008859396,0.8776160422712564
55296,55296,0.07867138710571453,0.01962723009637557,1.8675076812505722,0.78128731995821,0.021652341427397914,0.009319356104242615,1.28214979916811,0.5965016828849912
56320,56320,0.03443151665851474,0.0013789551048830617,1.869849905371666,0.6109471060335636,0.005703529604943469,0.0012464635528885992,0.925230523571372,0.12894756137393415
57344,57344,0.07112517821951769,0.0020977441308787093,1.7284872867166996,0.6243231277912855,0.046419379039434716,0.002759785100352019,1.5738574489951134,0.6661693314090371
58368,58368,0.06689034315058962,0.0037657655484508723,1.7184349484741688,0.4741501221433282,-0.010145987122086808,0.001456552647141507,2.247773952782154,0.47302087722346187
59392,59392,0.044087411515647545,0.004231321574479807,1.5694136694073677,0.43254297878593206,-0.00556139147374779,0.002577631514213863,1.45515201613307,0.2545631225220859
60416,60416,0.07223341963253915,0.01826407115731854,1.586515937000513,0.6524648834019899,0.0620806010265369,0.008668080510688014,1.1893564462661743,0.758654972538352
61440,61440,0.050764505547704175,0.006995672214543447,1.4210824556648731,0.4601786555722356,0.004302741814171895,0.0016263815177808283,1.3846529088914394,0.25369657948613167
62464,62464,0.06592838201322593,0.0023109606336220168,1.5012676194310188,0.5284795360639691,0.08010063349502161,0.001975467106603901,1.565709775313735,0.6345723224803805
63488,63488,0.048692564538214356,0.004271256588253891,1.5281549133360386,0.4621513457968831,0.006556048239872325,0.0002410814270206174,0.8453062046319246,0.15063534944783896
64512,64512,0.07413266919320449,0.009834278840571642,1.7497753836214542,0.7566965352743864,0.029610678495373577,0.008655292687762994,0.3470521131530404,0.5302796009927988
65536,65536,0.13127999007701874,0.02675067153177224,1.6075190901756287,0.8884049989283085,0.11654630862176418,0.01141565504076425,1.1690153805539012,1.6459706649184227
66560,66560,0.08729977789334953,0.015037680714158341,1.5489385835826397,0.8324616551399231,-0.0013152103056199849,0.0033976984577748226,0.9465402290225029,0.15563745517283678
67584,67584,0.05092322127893567,0.011325644241878763,1.6794400103390217,0.8039641659706831,-0.006785343342926353,0.005830559755850118,1.0963587053120136,0.18482654681429267
68608,68608,0.04935071273939684,0.013784672366455197,1.7346643768250942,0.5147106060758233,-0.0005586586339632049,0.0018236063742733677,0.8053164910525084,0.11671991588082165
69632,69632,0.07343141041928902,0.005141448971698992,1.705955769866705,0.591962793841958,0.010709351423429325,0.0013990058587296517,0.7089695557951927,0.11058215820230544
70656,70656,0.06651335264905356,0.02298649903968908,1.4446392692625523,0.699665728956461,0.05976063886191696,0.008456069001113065,1.0404274426400661,0.40896618738770485
71680,71680,0.0730409084353596,0.006513120737508871,1.6620032526552677,0.5760923735797405,0.05321117475978099,0.008570719641284086,0.3677362594753504,0.5544820390641689
72704,72704,0.05115153396036476,0.004164363395830151,1.6478631235659122,0.5969437025487423,-0.0016404486959800124,0.0017195210721183685,0.5313250357285142,0.354052790440619
73728,73728,0.043786434282083064,0.0009686117637102143,1.6111781224608421,0.464331129565835,0.001748273818520829,0.0003993970584019735,1.1328324116766453,0.16813910100609064
74752,74752,0.030508225841913372,0.0034147094083891716,1.7150970734655857,0.5298867505043745,-0.001394113147398457,0.001834556418543798,1.3128351643681526,0.22478906391188502
75776,75776,0.07899257144890726,0.050554770743474364,1.8835927210748196,0.8141916487365961,0.04417790949810296,0.01595987271866761,1.203286286443472,1.1552191376686096
76800,76800,0.05177031374478247,0.018758336154860444,1.8025260530412197,0.5954019203782082,0.0011611809313762933,0.005579290802415926,1.2339502722024918,0.5005027288571
77824,77824,0.055757784721208736,0.007466823415597901,1.601111762225628,0.6322693508118391,0.10330341022927314,0.00657136407244252,0.5091550583019853,0.9772133268415928
78848,78848,0.06509326701052487,0.0011518265873746714,1.5190056562423706,0.46446202881634235,-0.007905262580607086,0.0022235452861423255,1.4595977775752544,0.23673403216525912
79872,79872,0.07986399601213634,0.0015681667991884751,1.591740421950817,0.44422481674700975,-0.001841535238781944,0.00120162008920488,1.2556617092341185,0.18937264569103718
80896,80896,0.035283226490719244,0.01609074673615396,1.6688787005841732,0.6616997178643942,0.06125832162797451,0.0074214574342477135,1.4300884567201138,1.3292401116341352
81920,81920,0.045593060582177714,0.013503199821570888,1.6664071790874004,0.5558788003399968,0.07275533096981235,0.008264201343990862,1.530210517346859,0.4685594430193305
82944,82944,0.06960256799357012,0.008635771737317555,1.5370454601943493,0.6939858254045248,0.03163548544398509,0.009808902512304485,0.9970003496855497,0.8553695790469646
83968,83968,0.04964811442187056,0.006360818417306291,1.3948235251009464,0.5209513595327735,-0.0015553645498584956,0.004697862699686084,1.1200266871601343,0.1874921298585832
84992,84992,0.058444357418920845,0.0031034585163070005,1.473419178277254,0.4119967659935355,0.0002509070036467165,0.001021506404356387,1.3684138357639313,0.2104218346066773
86016,86016,0.038336511090165004,0.01890512123645749,1.5202273204922676,0.5082312515005469,0.04384683896205388,0.006786798432585783,2.8079631701111794,1.5265567936003208
87040,87040,0.06328445751569234,0.0055414133094018325,1.4884022027254105,0.4093396505340934,0.015623170882463455,0.0006304367516349885,1.7825408093631268,0.5487872792873532
88064,88064,0.051942090853117406,0.004348273520008661,1.5654534101486206,0.4794166870415211,0.06295635661808774,0.0030604891981056426,2.9458028376102448,1.1466201227158308
89088,89088,0.0424797301820945,0.005811237970192451,1.5514617785811424,0.6525955498218536,0.026518960541579872,0.005746296170400456,0.4378500981256366,0.4256258034147322
90112,90112,0.07921601698035374,0.012907172233099118,1.576327882707119,0.7726967427879572,0.06918086775112897,0.005473559496749658,1.947208607569337,1.0253795087337494
91136,91136,0.08747527547529899,0.018880037852795795,1.6456725746393204,0.8727943133562803,0.023152502049924806,0.024366095138248056,0.7572405561804771,1.21149193495512
92160,92160,0.07440520694945008,0.01566351525252685,1.8688025772571564,0.8022737503051758,0.005521159589989111,0.008915543745388277,0.35082161147147417,0.12612617714330554
93184,93184,0.07335193152539432,0.011490293618408032,1.6396956145763397,0.6517721526324749,0.05198618219583295,0.014564567143679596,0.3752967417240143,1.7432625740766525
94208,94208,0.06827286287443712,0.005112246835778933,1.6251830719411373,0.6131624318659306,-0.013215969898737967,0.009616758237825707,0.714191781822592,0.2795252874493599
95232,95232,0.059207992075243965,0.019164597120834514,1.4461305923759937,0.5253861686214805,0.021592082921415567,0.005235619726590812,3.0130609944462776,1.006153104826808
96256,96256,0.07075978178181686,0.005536774871870875,1.6706511452794075,0.571920819580555,-0.014152939373161644,0.001470692053771927,1.2202740479260683,0.21069829585030675
97280,97280,0.11922083841636777,0.003108119130047271,1.4426588416099548,0.7998415809124708,-0.004029292758787051,0.0006352940708893584,0.4378969897516072,0.057664754102006555
98304,98304,0.11967166280373931,0.002750084466242697,1.4152889288961887,0.8736456371843815,-0.01278239581733942,0.00011258486802034895,1.1057830806821585,0.1647747801616788
99328,99328,0.08930426428560168,0.01138339710450964,1.4047207795083523,0.7321146316826344,0.02598431333899498,0.005262119415419875,0.6821891032159328,0.37849811324849725
100352,100352,0.1090633412823081,0.019691698886163067,1.4347503446042538,0.7388418186455965,0.021266961994115263,0.007241190047352575,0.3032510429620743,0.1728348962496966
101376,101376,0.12586319353431463,0.002042242766037816,1.4938309416174889,0.7097428441047668,-0.011701261799316853,0.0014873612999508623,0.9176391642540693,0.15435112221166492
102400,102400,0.056015930691501126,0.002993576941662468,1.5113088563084602,0.7411269154399633,-0.017014755198033527,0.001214571555465227,0.7840888816863298,0.1787388084921986
103424,103424,0.09418161463690922,0.0039691389465588145,1.5435905195772648,0.6080787722021341,0.004550214551272802,0.00017659369268585579,0.822846319526434,0.1141095026396215
104448,104448,0.05208479469001759,0.007445996816386469,1.5171213671565056,0.5232429970055819,0.026089662656886503,0.0020013176726934034,1.0249761547893286,0.411674149800092
105472,105472,0.0669614069556701,0.025685606815386564,1.3350266441702843,0.5852758772671223,0.011179901324794628,0.008512799933669157,1.7229447774589062,0.42577154375612736
106496,106496,0.056087873585056514,0.013665562539245002,1.4885385818779469,0.7970993742346764,0.023266609641723335,0.004921983345411718,1.4694744497537613,0.5642816023901105
107520,107520,0.07147944188909605,0.006353937234962359,1.4354640170931816,0.6683277804404497,-0.010616601357469335,0.0037025217097834684,1.0011017546057701,0.20932245603762567
108544,108544,0.07252839056309313,0.00046773171652603196,1.2538342513144016,0.38814866077154875,0.007620159798534587,0.0005946184948015798,0.7589524863287807,0.11109988449607044
109568,109568,0.02923976062447764,0.005685362244548742,1.4966176450252533,0.43111498560756445,-0.008489541854942217,0.000623736114903295,1.164216909557581,0.17472975281998515
110592,110592,0.062150341022061184,0.019192038773326203,1.368184506893158,0.593598673120141,0.06490486901020631,0.012185432351543568,1.2279715742915869,1.0863986816257238
111616,111616,0.07151970791164786,0.009431449143448845,1.5526048615574837,0.9002399910241365,0.06417093920754269,0.01142584386980161,1.2353581618517637,1.0372036416083574
112640,112640,0.0783247752697207,0.006023007408657577,1.3880170099437237,0.587473364546895,0.0299622860038653,0.009785436530364677,2.088774524629116,1.7216224297881126
113664,113664,0.06902895862003788,0.0021659101876139175,1.5045661143958569,0.7140931915491819,0.03467871484463103,0.00619915565039264,0.7068474441766739,0.42220876226201653
114688,114688,0.05214228270051535,0.006119156154454686,1.5706514529883862,0.5532095711678267,0.00020873169705737382,0.003610725427279249,1.2783530876040459,0.20289216097444296
115712,115712,0.07564164150971919,0.017559256142703816,1.3456682711839676,0.6019999850541353,0.016166408371645957,0.0069128050381550565,1.7686762809753418,0.7565334783867002
116736,116736,0.10640423302538693,0.006057702703401446,1.4745242707431316,0.5933707673102617,0.03520400990964845,0.005566862142586615,0.9117512109223753,0.9511363618075848
117760,117760,0.0762939716805704,0.0056658965986571275,1.4293850176036358,0.7632159870117903,0.04334327421383932,0.004991984475054778,0.10204729996621609,0.8333966080099344
118784,118784,0.04133009127690457,0.005292659599945182,1.393710233271122,0.6384329609572887,0.06337801515473984,0.007187695380707737,0.19885748298838735,0.6220419872552156
119808,119808,0.03867872817500029,0.005631589017866645,1.023956760764122,0.4244644697755575,0.00010601899703033268,0.0015349038667409332,0.35059205535799265,0.04139124375069514
120832,120832,0.060773048899136484,0.01794821588555351,1.395439948886633,0.8001088760793209,0.014002596828504466,0.013909203014918603,0.9666143311187625,0.5034012831747532
121856,121856,0.03686474429559894,0.002589654475741554,1.18353808298707,0.41030707210302353,-0.004887005197815597,0.003566753955965396,1.558530941605568,0.3016231940127909
122880,122880,0.09045406704535708,0.00424900453799637,1.1952101849019527,0.5581128839403391,0.018707368551986292,0.004675058095017448,1.158861480653286,0.5836752001196146
123904,123904,0.04361471041920595,0.007545564280007966,1.4296047538518906,0.7054840475320816,0.06467956010601483,0.008921673201257363,0.27721792832016945,0.6674763662740588
124928,124928,0.03418563332525082,0.008296366620925255,1.3870934918522835,0.8039715755730867,0.019410069100558758,0.004568043819745071,0.505659906193614,1.2671055290848017
125952,125952,0.044380453997291625,0.013638171425554901,1.4840273521840572,0.6507891062647104,0.07941759630921297,0.017127916085883044,1.6533789588138461,0.8200294068083167
126976,126976,0.05660113717021886,0.003168939656461589,1.4829898066818714,0.4914746545255184,0.016198399796849117,0.010423880579764955,2.8111861273646355,0.7713953899219632
128000,128000,0.046182296762708575,0.002425594534543052,1.5064953193068504,0.48286989238113165,-0.020733393816044554,0.005715871334587064,2.544688079506159,0.5543136205524206
129024,129024,0.04531696587218903,0.006267642471357249,1.3240821585059166,0.6333262454718351,0.016929166828049347,0.010194366783252917,0.5200148578733206,0.6072842478752136
130048,130048,0.05358877871185541,0.02165943116415292,1.36742028221488,0.5873839035630226,0.05184629710856825,0.010793696099426597,1.7188460975885391,0.6990168336778879
131072,131072,0.13738763495348394,0.004871324312262004,1.4117856360971928,0.83065983094275,0.0053120186785236,0.005798976191726979,0.23195448704063892,0.04682061215862632
132096,132096,0.09374163445318118,0.000918781337531982,1.4177651032805443,0.8219162616878748,-0.026221798980259337,0.004022234363219468,0.9913130141794682,0.207361571083311
133120,133120,0.0667756162583828,0.000486447265757306,1.5058711543679237,0.45498409029096365,-0.014247799204895273,0.0012127788950238028,1.3681148197501898,0.2338063397910446
134144,134144,0.09250424988567829,0.002856059647456277,1.3153431341052055,0.7389502953737974,0.024848188855685294,0.005129576144099701,0.2797626149840653,0.23170818062499166
135168,135168,0.09756191866472363,0.023371468618279323,1.2620755322277546,0.805557444691658,0.002133829751983285,0.005270866909995675,0.27530474215745926,0.21517252654302865
136192,136192,0.12036489509046078,0.008474977366859093,1.3418129533529282,0.9484062530100346,-0.008614367980044335,0.0008825553004498943,0.7363437283784151,0.10215217061340809
137216,137216,0.1274036408867687,0.0016839550698932726,1.378569021821022,0.810984019190073,-0.06929873474291526,7.562666345961588e-05,0.7563307974487543,0.22495288494974375
138240,138240,0.12653111247345805,0.0012735616892314283,1.2722437977790833,0.7361476011574268,-0.08588523854268715,5.910509361228833e-05,0.7008405141532421,0.1652421592734754
139264,139264,0.04904060350963846,0.007460821667336859,1.181381344795227,0.7653026767075062,-0.06006767676444724,5.1466943602918036e-05,0.6916598081588745,0.14306389819830656
140288,140288,0.1005899808369577,0.024697924236534163,1.2241658978164196,0.7158354744315147,0.030034302442800254,0.006272520313359564,0.6999498549848795,0.4488916974514723
141312,141312,0.04559969739057124,0.008642159009468742,1.4403005875647068,0.5604994902387261,-0.028301061713136733,0.002303100027347682,2.401498159393668,0.7039342653006315
142336,142336,0.0829169221688062,0.0011300562036922202,1.528807807713747,0.5105618722736835,0.025788503902731463,0.0002560065013312851,1.0210413825698197,0.24982589296996593
143360,143360,0.08670575014548376,0.0008036599201659556,1.4587050378322601,0.5404699593782425,-9.59455210249871e-05,0.0001618218819885442,0.6452682390809059,0.09018736780853942
144384,144384,0.06201574235456064,0.0005099120091927034,1.6611364111304283,0.5083588259294629,-0.0011057168449042365,0.00012562471749788529,0.9584426619112492,0.1406321357935667
145408,145408,0.07540098816389218,0.026008467393694445,1.4939047284424305,0.5627386420965195,0.01677471664152108,0.005185057831113227,1.6147061679512262,0.6137074581347406
146432,146432,0.06617393845226616,0.02368464390747249,1.3932554051280022,0.608348123729229,0.029266160330735147,0.0012850300627178513,0.4396363804116845,0.23711482505314052
147456,147456,0.07566512178163975,0.012687902504694648,1.4089836925268173,0.7117707338184118,-0.008543605596059933,0.0011047339266951894,0.2793828225694597,0.2324955656658858
148480,148480,0.06582064580288716,0.00828820702736266,1.3936338350176811,0.7067009843885899,-0.0030831197364022955,0.0012750452078762464,0.5278714392334223,0.14650444430299103
149504,149504,0.06159751323866658,0.00574195494846208,1.2514891847968102,0.7116324566304684,0.0070649723638780415,0.0034104316073353402,0.47496598586440086,0.19654938124585897
150528,150528,0.09324450127314776,0.02131717884913087,1.2731026969850063,0.7779709417372942,0.054532526613911614,0.01139368178701261,1.052890557795763,0.6493209935724735
151552,151552,0.09410804824437946,0.012312847276916727,1.3020174205303192,0.89493528008461,0.017879647173685953,0.019880606516380794,1.8171781972050667,1.4413615390658379
152576,152576,0.02669932579738088,0.002369500190980034,1.3966207057237625,0.5645950976759195,0.018472764553735033,0.00865317061834503,2.321281475946307,0.8007207103073597
153600,153600,0.04843819615780376,0.01132222413434647,1.3335289023816586,0.7184872888028622,0.05691510369069874,0.01881502551259473,1.246365487575531,1.1240679789334536
154624,154624,0.08584492874797434,0.005792658157588448,1.3869016394019127,0.7386369779706001,0.011942504730541259,0.008702017403265927,1.659849600866437,1.0845006685703993
155648,155648,0.109902877593413,0.019548597367247567,1.3627045266330242,0.8406083546578884,0.033082345413276926,0.01307739167532418,0.440657508559525,0.9168235864490271
156672,156672,0.060273289869655855,0.01405935813090764,1.3707986399531364,0.6375344842672348,0.03946385075687431,0.018826414772775024,1.3685635100118816,1.0044463500380516
157696,157696,0.07498687694896944,0.010898873559199274,1.3221704214811325,0.6770242415368557,0.022029729676432908,0.010738747922005132,1.532446751371026,0.5918148960918188
158720,158720,0.07840373693034053,0.0071495591109851375,1.2036579586565495,0.7223024908453226,0.022159765067044646,0.006439845594286453,1.3632520139217377,0.8684554807841778
159744,159744,0.05697517475346103,0.006370258808601648,1.1524755991995335,0.7374713774770498,0.0010638994281180203,0.001629563680580759,1.5976656004786491,0.3050312651321292
160768,160768,0.1076284795999527,0.018638530826137867,1.11464449390769,0.8648237735033035,-0.006634330755332485,0.009845963460975327,1.1849228367209435,0.8153229244053364
161792,161792,0.07325037894770503,0.002159708077670075,1.0967988893389702,0.6588498502969742,0.04347645188681781,0.003786165721976431,1.1321713495999575,0.7358764009550214
162816,162816,0.057091206370387226,0.004505292781686876,1.1733543686568737,0.5549737317487597,0.04354379960568622,0.0070257946572382934,0.8148586787283421,0.24130075494758785
163840,163840,0.09132735303137451,0.0027341369714122266,1.0635980516672134,0.6938664223998785,-0.024565608124248683,0.0014561134985342505,1.01831285469234,0.15009976155124605
164864,164864,0.08957786706741899,0.004573456685193378,0.9954662192612886,0.7550312392413616,-0.019417149072978646,0.0011009549519940265,1.3964979723095894,0.2581938956864178
165888,165888,0.06547634230810218,0.02906861389055848,1.1580949537456036,0.7328761909157038,0.006244719726964831,0.00315357360705093,2.4229021314531565,0.7538353125564754
166912,166912,0.07910923147574067,0.003559277069143718,1.2089362479746342,0.7017170246690512,0.00575786893023178,0.003163687191772624,0.7640556183177978,0.19874996150610968
167936,167936,0.05744569207308814,0.003872780602250714,1.1482820995151997,0.6055115852504969,0.0027599088207352906,0.0031357908110294375,0.03319402923807502,0.01414854172617197
168960,168960,0.03294456106959842,0.004054669756442308,1.200817245990038,0.5106121618300676,0.0016820515156723559,0.0049714709966792725,0.07334503077436239,0.03336259536445141
169984,169984,0.0384351146130939,0.0010302575126388547,1.400498528033495,0.39396972209215164,-0.003626635792898014,0.00038245349497856296,0.49061934067867696,0.07011433690786362
171008,171008,0.053000853542471305,0.0183291511493735,1.2041501514613628,0.80510657094419,0.044103723543230444,0.024859753117198125,0.40993859339505434,0.7644675020128489
172032,172032,0.0681091919541359,0.0033064423041651025,1.2516170889139175,0.5948520917445421,0.033781247737351805,0.014774185903661419,0.9622299913316965,0.5631037531420588
173056,173056,0.06288765819044784,0.0008646408596177935,1.0791935734450817,0.4542576065286994,0.009322035504737869,0.003783519682883707,0.7899621296674013,0.1331402834621258
174080,174080,0.05407124198973179,0.004262373870005831,1.2040841057896614,0.5469735870137811,0.04087951156543568,0.006372064497554675,1.5529732760041952,0.6305037178099155
175104,175104,0.06243883931892924,0.02810079391929321,1.2196771875023842,0.8149241749197245,0.03337397892028093,0.018804689054377377,1.3454753570258617,1.5977581925690174
176128,176128,0.035303042153827846,0.02558284673432354,1.294285386800766,0.6487553585320711,-0.005297042371239513,0.003058188969589537,1.1811178782954812,0.22597126581240445
177152,177152,0.055413988477084786,0.00463023053453071,1.2701556757092476,0.5335854655131698,-0.02089421672280878,0.0004061284712406632,1.425618413835764,0.22509602177888155
178176,178176,0.05507007066626102,0.01030014747811947,1.1906530484557152,0.6834700871258974,0.07811879081418738,0.011196003542863764,0.918107783421874,0.5484111690893769
179200,179200,0.0149431702302536,0.002336251662200084,1.2636448852717876,0.5472279787063599,0.050236554467119277,0.004778254940902116,1.6429612524807453,0.5327295521274209
180224,180224,0.10250128951156512,0.02254207660735119,1.169064186513424,0.8767073377966881,0.033193577954079956,0.012403361615724862,1.1281914170831442,0.601758873090148
181248,181248,0.08908496343065053,0.008786283069639467,1.1780454628169537,0.6776366215199232,0.005362011783290654,0.006237687703105621,0.1567940809763968,0.1633149116532877
182272,182272,0.08373917965218425,0.0041732248646439984,1.0951197482645512,0.8008924443274736,0.045119098329450935,0.007619244395755231,1.4378855619579554,0.9146249368786812
183296,183296,0.04640795211889781,0.005282607547997031,1.3169750645756721,0.6574732419103384,0.04778473902842961,0.008830526581732556,0.759201493114233,0.3440180872566998
184320,184320,0.05214509236975573,0.008396776582230814,1.258267480880022,0.7515748497098684,0.030070179840549827,0.01013394826441072,1.4405077109113336,0.5876547573134303
185344,185344,0.12451636814512312,0.029863733019737992,1.1989723704755306,0.7726514339447021,0.03529999565216713,0.014975002952269278,2.586452227085829,1.0868538580834866
186368,186368,0.04518682855996303,0.022342998126987368,1.2652473896741867,0.6207775864750147,0.052377260028151795,0.009215193320414983,1.5516322907060385,0.8786140354350209
187392,187392,0.035203415536670946,0.009783485074876808,1.289396021515131,0.5229819435626268,-0.019795623898971826,0.00211624804251187,2.7413364946842194,0.6793638840317726
188416,188416,0.052264889411162585,0.002127180850948207,1.2744826413691044,0.4778729062527418,-0.00722488621249795,0.0007831973459815345,1.6785744950175285,0.30411502765491605
189440,189440,0.051283750726724975,0.004068035879754461,1.3875460848212242,0.5141942240297794,0.0313550386345014,0.002477172609360423,1.7416674494743347,0.6201363345608115
190464,190464,0.06908290227875113,0.017213595965586137,1.2875802926719189,0.5045091174542904,-0.02099585739779286,0.01085119164781645,2.20394628867507,1.3445295188575983
191488,191488,0.05737315794976894,0.004673186063882895,1.297800499945879,0.477578935213387,-0.002274216152727604,0.000464771128463326,0.18149829236790538,0.020251448440831155
192512,192512,0.07185365332406946,0.00040842712223820854,1.2835405133664608,0.5333224339410663,-0.014743009829544462,7.251568308674905e-05,1.194653905928135,0.1823058375157416
193536,193536,0.09507219737861305,0.001233066592249088,1.2978969626128674,0.5607124548405409,-0.012993637850740924,4.982273532050385e-05,1.112853903323412,0.16699455212801695
194560,194560,0.06308690650621429,0.0021566152672676253,1.4020077846944332,0.48644263204187155,-0.012460995465517044,4.338353079447188e-05,1.1629064679145813,0.17349202977493405
195584,195584,0.07067697978345677,0.015463326155440882,1.272183284163475,0.5751345865428448,0.008580298395827413,0.013468705306877382,1.529315285384655,0.7462455220520496
196608,196608,0.07328035481623374,0.0027800849857158028,1.291579209268093,0.44550531450659037,0.00021332813776098192,0.0018067920518660685,0.09634605911560357,0.009466089017223567
197632,197632,0.054705429123714566,0.0020472299147513695,1.3665853291749954,0.4473217008635402,-0.006739780073985457,0.0012485782916655808,0.4896575706079602,0.0673494259826839
198656,198656,0.0503631707833847,0.005329889980203006,1.4272409081459045,0.5010305428877473,-0.005276007927022874,0.0031828667742956895,0.6222348725423217,0.12233372731134295
199680,199680,0.07425958977546543,0.009199254855047911,1.4060247540473938,0.6589191798120737,0.0009066537604667246,0.00507603138248669,2.008771315217018,0.5131297241896391
200704,200704,0.055170716892462224,0.01688990143884439,1.2370244711637497,0.6238229665905237,-0.017237284046132118,0.03197622146399226,2.143327482044697,0.923444907180965
201728,201728,0.009041545476065949,0.004607243903592462,1.4068963453173637,0.533193570561707,0.04345264585572295,0.012518915214968729,2.3505710642784834,1.1016977989347652
202752,202752,0.04263533902121708,0.005935995231993729,1.3066485822200775,0.5579644851386547,0.04171620144916233,0.02074773018830456,1.4708298482000828,0.9136267751455307
203776,203776,0.019206038923584856,0.0025949259143089876,1.2540653720498085,0.5109344115480781,0.04775934448116459,0.013610183486889582,2.1898374520242214,0.7636679778806865
204800,204800,0.03659191189217381,0.006634116864006501,1.278474498540163,0.9658966232091188,0.043435396801214665,0.011891760186699685,1.1309682056307793,0.7466023843735456
205824,205824,0.050143727916292846,0.057256563392002136,1.3181976675987244,0.5102034881711006,0.033007116930093616,0.006389946622221032,0.8444684622809291,0.3386281293351203
206848,206848,0.07227050718211103,0.010139903730305377,1.3193146884441376,0.46985472459346056,-0.0004955626209266484,0.00022151901396227913,0.1992789797950536,0.02204421948408708
207872,207872,0.06698464218061417,0.0017089959110307973,1.2940852157771587,0.4431374426931143,-0.012168890185421333,0.00019885321194124117,1.2463869266211987,0.1913195988163352
208896,208896,0.025294416467659175,0.0008515835352227441,1.4660640247166157,0.5241339718922973,0.02959454688243568,0.00568356422445504,2.2613359428942204,1.1172663113102317
209920,209920,0.0381482528464403,0.0036018272694491316,1.5411208793520927,0.6021810360252857,0.00015024666208773851,0.006189801624714164,3.0629196986556053,1.2023073974996805
210944,210944,0.05062481928325724,0.02974492812063545,1.2253863289952278,1.101274847984314,0.09650678653270006,0.0075256081618135795,1.1342471428215504,1.3525805436074734
211968,211968,0.04924484193907119,0.006796099685743684,1.0030391346663237,0.4999532541260123,0.021901720931055024,0.0003470931796982768,1.0933068580925465,0.20692843128927052
212992,212992,0.053343084451626055,0.001259677082998678,1.0629508886486292,0.4271719800308347,0.0008449296001344919,5.543977255229038e-05,0.6948677571490407,0.0929075872991234
214016,214016,0.07967789127724245,0.0016253637877525762,1.1760558411478996,0.41638790536671877,-0.00037268639425747097,4.313114328624579e-05,1.2894200533628464,0.1959325708448887
215040,215040,0.015329827583627775,0.012179479374026414,1.2646932750940323,0.39376459550112486,-0.0005441855755634606,0.0015646268384443829,1.689049918204546,0.3096631793305278
216064,216064,0.059837091132067144,0.006085407905629836,1.3075424917042255,0.7441772148013115,0.016908605495700613,0.01716285597649403,0.5888063684105873,1.0090219732373953
217088,217088,0.05648775474401191,0.0035234570168540813,1.3240987211465836,0.643269432708621,0.03026965504977852,0.007200721607659943,1.4843263998627663,0.8028473239392042
218112,218112,0.06069944071350619,0.002740789554081857,1.211204506456852,0.6602194495499134,-0.003316248781629838,0.00420794970341376,1.2302056346088648,0.23671203712001443
219136,219136,0.08032978413393721,0.001147345778917952,1.3745911195874214,0.5862398967146873,-0.010366410831920803,0.005237759385636309,2.841794054955244,1.1381507739424706
220160,220160,0.06139699956111144,0.018359572568442672,1.2453432828187943,0.8586916252970695,0.10012963262852281,0.019673485541716218,1.2988383155316114,2.5563732907176018
221184,221184,0.07943602243904024,0.01609910826664418,1.2723351307213306,0.8700207211077213,0.06046679650899023,0.01616558147361502,0.6099814213812351,2.8320945352315903
222208,222208,0.033697977632982656,0.0013308197558217216,1.3244500905275345,0.43120631761848927,0.06136716081527993,0.0032117681003001053,0.30563472490757704,0.14416061161318794
223232,223232,0.0635088330891449,0.0018952834670926677,1.2845507636666298,0.48204334545880556,-0.00011772909783758223,0.00037909049660811434,1.0891122613102198,0.16014084732159972
224256,224256,0.05336510541383177,0.004144091250054771,1.307409405708313,0.4590173028409481,-0.009552611882099882,0.00015805492148501799,0.9279611725360155,0.13146576145663857
225280,225280,0.039087411380023696,0.024185041635064408,1.1345697529613972,0.5970679931342602,-0.0017413862224202603,0.0037272305162332486,0.7220522556453943,0.28630932001397014
226304,226304,0.039039493654854596,0.00784492590901209,1.0944501534104347,0.5710753668099642,0.02291569346562028,0.008494155714288354,1.795594960451126,1.1391653018072248
227328,227328,0.09546119428705424,0.007668917431146838,1.1597161442041397,0.7535081095993519,0.07307740970281884,0.014299925096565858,0.6623426843434572,1.1539946608245373
228352,228352,0.04170340461132582,0.00616545034426963,1.2938199639320374,0.7132786680012941,0.003748267190530896,0.00230095211918524,0.7938874000683427,0.1391035589040257
229376,229376,0.062308686930919066,0.0037383736980700633,1.255175605416298,0.4310834929347038,0.004426615370903164,0.0009211702745233197,0.3589811329729855,0.04722563608083874
230400,230400,0.04676766463671811,0.02162921886338154,1.1240456327795982,0.5343411881476641,0.07277305753086694,0.005311856897606049,0.4212954267859459,0.33574044611305
231424,231424,0.05745873802516144,0.007680795013584429,1.3147844038903713,0.43690300546586514,-0.005581331148277968,0.0005978665461157107,2.6229897812008858,0.5566678633913398
232448,232448,0.03807494220382068,0.002057515004707966,1.2838438488543034,0.37587030325084925,-0.019076550321187824,0.00021517596110243176,2.0513003543019295,0.37690821290016174
233472,233472,0.06409881648141891,0.005053244916780386,1.1969726979732513,0.6289762202650309,0.03569151303963736,0.005257963064650539,1.1572394669055939,0.4599583875387907
234496,234496,0.09064695588313043,0.0018010208250416326,1.0686836130917072,0.7408954408019781,0.005766347341705114,0.0002409625672044058,0.4783277977257967,0.07477228489005938
235520,235520,0.08159946027444676,0.011902604172064457,1.1414215005934238,0.7010533660650253,-0.0011711367988027632,0.012334569422819186,1.2404403206892312,0.5879417266696692
236544,236544,0.051478401641361415,0.006412866052414756,1.2187629528343678,0.6531960442662239,0.013198409884353168,0.013229505537310615,0.6860960656777024,0.15015374857466668
237568,237568,0.03485892980825156,0.0035621775678009726,1.3245302997529507,0.44722582772374153,-0.009497566032223403,0.008862383512678207,1.3398726545274258,0.2113611651584506
238592,238592,0.022364536649547517,0.003977612690505339,1.3011709414422512,0.4613648885861039,0.02710338242468424,0.010441345890285447,2.50206633284688,0.7227436723187566
239616,239616,0.07441955534159206,0.0036292355889600003,0.9880048912018538,0.6848807986825705,-0.001075401291018352,0.005971925867925165,0.7394366944208741,0.13204082869924605
240640,240640,0.09070641355356202,0.03861835252610035,1.1560546904802322,0.7178886737674475,0.002650479320436716,0.024309755564900115,0.6122747743502259,0.4133663992397487
241664,241664,0.055350417096633464,0.008554025924240705,1.4301138781011105,0.6395635418593884,-0.00485556514468044,0.002797986640871386,2.5443158373236656,0.7747773341834545
242688,242688,0.061895323742646724,0.015953465044731274,1.2460077218711376,0.5874872915446758,0.021192603249801323,0.012890790749224834,0.70487623475492,0.7500647902488708
243712,243712,0.06265641248319298,0.009244342785677873,0.9980349820107222,0.6520332228392363,0.00795359443873167,0.0032863051746971905,0.22003117622807622,0.032881612598430365
244736,244736,0.056913858774350956,0.007702795865043299,1.0308365691453218,0.7624038979411125,-0.0046583473740611225,0.002566588130321179,0.4811706682667136,0.26221883459948003
245760,245760,0.07335834593686741,0.03143501398153603,1.0449682846665382,0.8345437366515398,0.03659777925349772,0.00680927617213456,1.1792888445779681,0.4333217185921967
246784,246784,0.11187837249599397,0.003438144085521344,1.0157985426485538,0.9423355218023062,0.05155540438136086,0.0025184764199366327,1.5989450383931398,0.5758405858650804
247808,247808,0.10036264092195779,0.003944269788917154,0.9904099274426699,0.8504025116562843,0.03747241472592577,0.0014726528825121932,0.8513375241309404,0.4765159096568823
248832,248832,0.07248949201311916,0.003853126247122418,1.0200906656682491,0.6058581806719303,0.08476475824136287,0.0005638583255631602,0.8883804325014353,0.4515913091599941
249856,249856,0.06710504918009974,0.007335332484217361,1.0186858046799898,0.6564088426530361,0.035498360521160066,0.00279904995841207,0.8097380958497524,0.40323096700012684
250880,250880,0.06111304380465299,0.02483775414293632,1.0880139395594597,0.6772437673062086,0.03289197965932544,0.004901439569948707,1.2336019240319729,0.4760152609087527
251904,251904,0.07605238154064864,0.005110334379423875,1.22355367988348,0.7493124362081289,0.06772419379558414,0.007279384932189714,1.2538142912089825,0.7017290024086833
252928,252928,0.03300899648456834,0.003614506989833899,1.2817862071096897,0.5045080035924911,-0.009104923927225173,0.0007427625587297371,1.4550892412662506,0.24202377116307616
253952,253952,0.04746074683498591,0.005151838431629585,1.3372772969305515,0.4846833124756813,0.01043447433039546,0.001491608654760057,1.4620517902076244,0.24107785895466805
254976,254976,0.0526388980797492,0.005593503636191599,1.2903069257736206,0.5654528960585594,0.11149200319778174,0.010805865764268674,1.572916079312563,0.7394996955990791
256000,256000,0.04366371230571531,0.048583465613774024,1.5163175500929356,0.8665756825357676,0.0012388595496304333,0.007117060933524044,0.8016693070530891,0.18900636327452958
257024,257024,0.056842511810828,0.01412923294265056,1.4292142242193222,0.8052596934139729,0.07612384419189766,0.015734224842162803,1.0291146114468575,0.9466568231582642
258048,258048,0.04193168984784279,0.0065071233693743125,1.362457975745201,0.6180691216140985,0.02529282943578437,0.01594615084468387,1.3261675462126732,0.7803506087511778
259072,259072,0.05296263266063761,0.0026568844987195916,1.2182809635996819,0.7273077555000782,0.05074732628418133,0.005200555046030786,1.5544423460960388,0.6535685826092958
260096,260096,0.04053130742977373,0.016644709874526598,1.0989009104669094,0.650371128693223,0.016845670994371176,0.015235546525218524,1.5381022728979588,0.5670475512742996
261120,261120,0.020952017104718834,0.00558168874704279,1.170204047113657,0.33181832544505596,0.004303195688407868,0.0036867305425403174,0.6840138342231512,0.09743831166997552
262144,262144,0.05360142674180679,0.005155034414201509,1.2343224734067917,0.5379444351419806,0.048112130316440016,0.006583411835890729,1.8163729161024094,0.6324554290622473
263168,263168,0.037706798408180475,0.005283918457280379,1.1624722369015217,0.7044099941849709,0.069909977610223,0.009780083986697719,1.4372032433748245,1.0291803609579802
264192,264192,0.045147634838940576,0.002559774708970508,1.2624830827116966,0.372602223418653,-0.006330372067168355,0.0014397472732525785,1.0185635443776846,0.14843786146957427
265216,265216,0.025249210186302662,0.03176623366016429,1.0291023403406143,0.4546892624348402,0.05948431446449831,0.006140831879747566,0.9225109703838825,0.33903568843379617
266240,266240,0.07299566583242267,0.028825294954003766,1.2364318184554577,0.5858910586684942,0.028379658149788156,0.014162273815600201,1.323790553957224,0.6441741939634085
267264,267264,0.041316717222798616,0.008316615414514672,1.2869728580117226,0.3986330572515726,-0.0013618936063721776,0.00157075481956781,1.2945944517850876,0.19568100990727544
268288,268288,0.05830205313395709,0.0015699243522249162,1.314677119255066,0.4340977957472205,0.0004969239525962621,0.0009613925328721962,1.3893017880618572,0.21430324530228972
269312,269312,0.03225759345514234,0.007069694824167527,1.378400295972824,0.45498400181531906,-0.01325537625234574,0.006630408461205661,1.6470803543925285,0.3105875668115914
270336,270336,0.059322659886674955,0.03623433888424188,1.346847839653492,0.5295659583061934,0.031979606370441616,0.012185617102659307,1.425255823880434,0.6317078033462167
271360,271360,0.06803318514721468,0.03054889792110771,1.2970679737627506,0.6626046225428581,0.04046332012512721,0.014631118072429672,1.0518110543489456,0.7714087087661028
272384,272384,0.03652533906279132,0.008990762478788383,1.3259637728333473,0.5331312641501427,-0.0042054928780999035,0.005648310063406825,1.5607101619243622,0.43890504725277424
273408,273408,0.07823804212966934,0.006733750269631855,1.0340850949287415,0.7415124699473381,0.04452313523506746,0.003558412099664565,0.9211936127394438,0.32543183444067836
274432,274432,0.06907171141938306,0.011792387245805003,1.106246042996645,0.6473891474306583,0.08355259808013216,0.006115311036410276,2.2167491000145674,0.8728861333802342
275456,275456,0.08891029449296184,0.016698018793249503,1.0966439098119736,0.7206653375178576,0.018628990481374785,0.00747491185029503,1.1731380764394999,0.29643122374545783
276480,276480,0.035543083416996524,0.0030618511627835687,1.3180236257612705,0.46529000625014305,0.04393721089581959,0.004264195860741893,2.4241463132202625,0.9601173177361488
277504,277504,0.03746476100059226,0.0033322568124276586,1.189569029957056,0.4037879463285208,-0.0020121931738685817,0.0005184363753869548,1.292780812829733,0.20704136393032968
278528,278528,0.055581333668669686,0.006152570258564083,1.202029526233673,0.3859973018988967,-0.0006726737483404577,0.00046677052944232855,1.2292511761188507,0.18426075670868158
279552,279552,0.058625716977985576,0.007544574105850188,1.4347661547362804,0.49087912403047085,-0.019666375155793503,0.0048511540990148205,2.4906585291028023,0.8511222396045923
280576,280576,0.04306274768896401,0.03234201323357411,1.21321589499712,0.58629378862679,0.12413196923444048,0.013340455319848843,0.43001787457615137,0.9473821576684713
281600,281600,0.05642079739482142,0.029866969271097332,1.3003547489643097,0.6718510612845421,0.037458676350070164,0.019269279902800918,0.17906707944348454,0.7173316404223442
282624,282624,0.05763499834574759,0.008546065640985034,1.2662673592567444,0.5619889367371798,0.037040981522295624,0.018089123303070664,0.5265262192115188,1.2280538976192474
283648,283648,0.04289754189085215,0.0017416261143807787,1.2573024705052376,0.7437286861240864,0.007355977373663336,0.002831955407600617,0.8748289113864303,0.1666932483203709
284672,284672,0.05800431125680916,0.0057067895904765464,1.1089401096105576,0.624958848580718,-0.005808180343592539,0.007372365042101592,0.49977726582437754,0.7834919691085815
285696,285696,0.08900921186432242,0.019586544192861766,1.1423106342554092,0.6682460755109787,0.05048769879795145,0.012321785077801906,0.8584171999245882,1.3400174491107464
286720,286720,0.056070814753184095,0.003802544430072885,1.3918407075107098,0.621568052098155,0.014623980823671445,0.003719699667271925,2.286494169384241,0.6956170108169317
287744,287744,0.06034152842767071,0.0010808793258547666,1.419064674526453,0.46741572115570307,-0.0033478189579909667,0.001683300230979512,1.3844862766563892,0.21570610022172332
288768,288768,0.02820405842794571,0.002709179520024918,1.3218567036092281,0.49730093963444233,0.01949164510006085,0.005289386885124259,2.9402660876512527,1.282668486237526
289792,289792,0.0810844776860904,0.0034926427906611934,1.187147255986929,0.7396306227892637,0.04270825634011999,0.0072175533714471385,1.9582545049488544,0.7735293954610825
290816,290816,0.08833904832135886,0.029926276940386742,1.210700947791338,0.7406330611556768,0.0382701764756348,0.005689579629688524,1.6889131143689156,0.7464934978634119
291840,291840,0.06581719379755668,0.007032869012618903,1.1023308373987675,0.8336406592279673,0.0027533004758879542,0.003055096993193729,0.8541849106550217,0.30847207037732005
292864,292864,0.05653813935350627,0.0028080525080440566,1.2220910303294659,0.39685563277453184,0.002966580563224852,0.000143500720753309,1.0654167588800192,0.1591830679681152
293888,293888,0.04335272824391723,0.001123430145526072,1.3810834772884846,0.45252646412700415,-0.016362706199288368,0.0002062290261619637,1.4227297082543373,0.22311163507401943
294912,294912,0.03821145647088997,0.0009199063556479814,1.5163760110735893,0.5047431960701942,0.002933582349214703,8.927641260925157e-05,1.19428725913167,0.17710020765662193
295936,295936,0.07309037046798039,0.01866768518812023,0.9893197417259216,0.7306369133293629,0.034403942787321284,0.005902989396417979,0.5999724417924881,0.720115389674902
296960,296960,0.07433696032967418,0.002458561455568997,0.9586490299552679,0.7123756799846888,-0.004750717140268534,0.002755905661615543,1.367038432508707,0.2374419649131596
297984,297984,0.07054182793945074,0.0018729745061136782,0.9253863301128149,0.6054927445948124,-0.012985726534679998,0.0010030668354374939,0.7411340698599815,0.29858059296384454
299008,299008,0.08570400573080406,0.0030652003133582184,0.9434620775282383,0.6602036654949188,-0.012359841115539894,0.0003202339499921436,0.89718574937433,0.12887441145721823
300032,300032,0.040030198550084606,0.020528031804133207,0.9129287414252758,0.6432982198894024,-0.011344964994350448,0.0016408069068347686,2.268929598852992,0.5768974691163749
301056,301056,0.06944476283388212,0.012683732536970638,1.0193956680595875,0.6604722980409861,0.09220247200573795,0.004893230991001474,0.8718319106847048,0.5750338146463037
302080,302080,0.08106065774336457,0.003069707137910882,0.9728226903825998,0.6914654336869717,0.03196905733784661,0.003244131999963429,0.8009433373808861,0.746762091293931
303104,303104,0.09812808729475364,0.0011800913198385388,1.0052867382764816,0.7680746074765921,0.0003611325810197741,0.0013196443578635808,0.27611685590818524,0.03341715020360425
304128,304128,0.04009921502438374,0.003990517267084215,1.1750039346516132,0.6696982923895121,-0.013102466298732907,0.004314102512580575,1.267359889112413,0.25273849605582654
305152,305152,0.03828601317945868,0.02279157255543396,1.1855359710752964,0.49709715601056814,-0.02547152532497421,0.0024394084048253717,0.8928645458072424,0.1961362191941589
306176,306176,0.08832573698600754,0.026497511542402208,1.0116579812020063,0.7572868708521128,0.08890682214405388,0.012190520530566573,1.488641893491149,1.8190401569008827
307200,307200,0.0701113143004477,0.002681542682694271,0.912117600440979,0.6247214339673519,0.004692029615398496,0.002220825020231132,1.1435591727495193,0.33049620874226093
308224,308224,0.07284678344149143,0.011335826027789153,0.9064825121313334,0.7971348445862532,0.0573004512116313,0.005438937798317056,2.2603144347667694,0.8217633021995425
309248,309248,0.0850372583954595,0.00562048249412328,0.9338355753570795,0.6076723262667656,0.01585217002866557,0.0014214053132945992,0.9377719601616263,0.4865778721868992
310272,310272,0.0956004539038986,0.01959421977517195,0.8745804075151682,0.7954513691365719,0.001860825315816328,0.005213323158386629,1.836916083469987,1.144149040337652
311296,311296,0.07386219946783967,0.0020672078262577998,0.9646874573081732,0.7224087417125702,-0.0006887029157951474,0.0016174340405541443,0.04414446640294045,0.004112760128919035
312320,312320,0.04329478953150101,0.006295823637628928,1.0129796117544174,0.6107815392315388,-0.032347223881515674,0.002011692809901433,0.5340388636104763,0.09558544843457639
313344,313344,0.05463383765891194,0.0023028984433040023,1.3201786763966084,0.4771368820220232,-0.014472653769189492,0.0007577729671766065,1.622926026582718,0.27190736681222916
314368,314368,0.036110420449404046,0.003625765386459534,1.3514000698924065,0.4479170851409435,0.007280362566234544,0.0014244074409361929,0.8017037659883499,0.26825991924852133
315392,315392,0.08821977849584073,0.018394660044577904,1.065978441387415,0.7441331706941128,0.004073177318787202,0.0065682977583492175,0.8249925216659904,0.6473539844155312
316416,316416,0.04931937041692436,0.010634684236720204,1.1090347170829773,0.7788793742656708,-0.006381586805218831,0.005512092204298824,0.4481939380057156,0.264682384673506
317440,317440,0.0603284704266116,0.01064883713843301,1.1284834332764149,0.5414263410493731,0.004263089882442728,0.002551771958678728,0.12185037508606911,0.02132289402652532
318464,318464,0.06397169909905642,0.005438178624899592,0.9339512474834919,0.6866253893822432,-0.0011688729282468557,0.0005259105772665862,0.3933127583004534,0.05156264523975551
319488,319488,0.023161124292528257,0.008515357509168098,1.0117832645773888,0.7771401628851891,0.006166465027490631,0.001060186261383933,0.6515787541866302,0.12739150365814567
320512,320512,0.043588428787188604,0.020249328212230466,1.1046999655663967,0.5339617282152176,-0.006422402162570506,0.004476987320231274,1.6452173106372356,0.5551260532811284
321536,321536,0.05899824446532875,0.008157648888300173,0.9641360063105822,0.6463760398328304,0.010634771664626896,0.0033155976998386905,0.1653570190537721,0.14754129273933358
322560,322560,0.056845062877982855,0.0029185788771428633,0.8683361615985632,0.5754498420283198,0.004204162571113557,0.0005720560639019823,0.7636564103886485,0.12201509845908731
323584,323584,0.05056049136328511,0.002451415184623329,1.174684315919876,0.3457880159839988,8.606689516454935e-05,0.0001574841865021881,0.09445516695268452,0.009223892586305737
324608,324608,0.0038845267263241112,0.004181789905487676,1.2536202929913998,0.3566427603363991,0.0014903561677783728,0.00015500823496950034,0.11915906914509833,0.011992436542641371
325632,325632,0.03785549776512198,0.023774619592586532,1.2074168995022774,0.5977148339152336,0.008750519540626556,0.005185758891457226,0.45809165854007006,0.5942714903503656
326656,326656,0.07600473833736032,0.0023639096652914304,1.343596126884222,0.5700048469007015,-0.0026441408845130354,0.0012828508524762583,1.6124219186604023,0.27609459729865193
327680,327680,0.025282746995799243,0.0025668118505564053,1.4771671406924725,0.5647069197148085,0.00421492216992192,0.0006998101684985158,0.48687530867755413,0.06027833092957735
328704,328704,0.015000429790234193,0.006871146790217608,1.4664009064435959,0.6356613207608461,0.00024986686185002327,0.004320961903431453,1.233853497542441,0.682812356390059
329728,329728,0.06311093032127246,0.009090771272894926,1.467242132872343,0.7136625591665506,0.07304019277216867,0.013057654039585032,1.5447551272809505,2.200174242258072
330752,330752,0.05476189203909598,0.027479239332024008,1.24459682777524,0.6502643506973982,0.06856635597068816,0.01374662334274035,1.452172078192234,1.512036982923746
331776,331776,0.04883883136790246,0.0063585707830497995,1.3449864611029625,0.47784221079200506,0.09119726740755141,0.0048622285066812765,0.29326021298766136,0.5350113594904542
332800,332800,0.04844257417425979,0.0008842273555274005,1.3990246839821339,0.408168438822031,-0.011895741889020428,0.00030190111601768876,0.9474140349775553,0.1393179827136919
333824,333824,0.030939490228774957,0.00025753124009497697,1.4528412483632565,0.36999358609318733,0.003657099761767313,0.00018869688386757844,0.9594582561403513,0.13841095729731023
334848,334848,0.02830789750441909,0.00024149839737219736,1.494599089026451,0.43898504227399826,-0.0027681644714903086,0.00012253300028675085,1.2772862203419209,0.19412183482199907
335872,335872,0.03336250569554977,0.031201985402731225,1.2687751464545727,0.5996265355497599,0.06484500376973301,0.021225186574156396,0.514479978941381,1.4652639403939247
336896,336896,0.02719258240540512,0.010539140581386164,1.294924322515726,0.4989001853391528,0.004101823389646597,0.005445240494736936,0.4992491723969579,0.2552613918669522
337920,337920,0.05138603437808342,0.008440234305453487,1.2722740210592747,0.5256894696503878,0.047600999590940773,0.011323014521622099,0.20952618401497602,0.5248698433861136
338944,338944,0.06351162306964397,0.006852629259810783,1.3318289183080196,0.5848347786813974,0.03953353836550377,0.005247378605417907,1.543334199115634,0.6173485266044736
339968,339968,0.06958171300357208,0.007547132663603406,1.1585213467478752,0.7103663831949234,-0.0049935497518163174,0.005195487276068889,0.6500757802277803,0.5345557788386941
340992,340992,0.03135707869660109,0.021942570892861113,1.2342766374349594,0.7377433441579342,0.004109197805519216,0.00477923103608191,1.1016972521319985,0.25772325647994876
342016,342016,0.04640308622037992,0.004947644469211809,1.2518741972744465,0.3844819301739335,0.0004245351592544466,0.0018984787911904277,0.9333288846537471,0.33862115209922194
343040,343040,0.03934823154122569,0.0025493093380646314,1.2850787229835987,0.33433447778224945,-0.007206113426946104,0.00031740786891987227,0.2606601375155151,0.030522032408043742
344064,344064,0.016765366250183433,0.0023647966718272073,1.3558891452848911,0.36009484343230724,-0.01748278149170801,0.00023163050366292737,0.5034471303224564,0.0691313702845946
345088,345088,0.015723790595075116,0.016367656986403745,1.2580131962895393,0.3795588221400976,-0.004869404874625616,0.0005371900438149169,0.9323306679725647,0.17693515052087605
346112,346112,0.05010775415576063,0.018416342194541357,1.3600627519190311,0.4884219281375408,0.008554500760510564,0.0018036741621472174,1.1353625915944576,0.21651327703148127
347136,347136,0.03723856480792165,0.0033384308244421845,1.3815023489296436,0.33918782882392406,-0.014181213802658021,0.0007736046136415098,0.8838990209624171,0.12763413437642157
348160,348160,0.027883253060281277,0.0012859213784395251,1.309701383113861,0.31165420450270176,-0.02119549794588238,8.019737806819194e-05,0.8842956013977528,0.13024348975159228
349184,349184,0.022441114531829953,0.004844364622840658,1.2834144979715347,0.3547418210655451,-0.01268003843142651,0.002042349611656391,0.6664253640919924,0.34350355388596654
350208,350208,0.08210084572783671,0.026070304738823324,0.9181298110634089,0.666338175535202,0.044789166771806777,0.010561054819845594,1.361230917274952,0.8631469830870628
351232,351232,0.10313546727411449,0.006646162997640204,0.9502486474812031,0.7783395294100046,0.004398646706249565,0.005339807736163493,0.29993554996326566,0.15567628556163982
352256,352256,0.03468328317103442,0.0030823833076283336,1.0243035145103931,0.4736040271818638,-0.0021500951406778768,0.0013297941077325959,0.865737690590322,0.12271111574955285
353280,353280,0.039012499852105975,0.003997212152171414,1.1227135080844164,0.623546376824379,0.08201796794310212,0.0066582375366124325,2.2574191484600306,1.0934244450181723
354304,354304,0.06400064064655453,0.018602852418553084,1.1354906521737576,0.7686498258262873,0.04974568504258059,0.012317187734879553,1.37547561340034,0.8039349634200335
355328,355328,0.07510371902026236,0.013718610534851905,0.8604106158018112,0.8028123825788498,0.006582622765563428,0.0030091730041021947,0.8388326428830624,0.3147644652053714
356352,356352,0.09952497004996985,0.0023542167837149464,0.853902904316783,0.8148851916193962,-0.010582696777419187,0.0003182523526561454,1.5701389834284782,0.7047351482324302
357376,357376,0.09188821108546108,0.0023756682785460725,0.8855936098843813,0.6918337661772966,-0.045403034368064255,0.0002361141118285559,1.1765611339360476,0.22589352820068598
358400,358400,0.08960699586896226,0.006395370399332023,0.8282754607498646,0.5542787741869688,-0.08050191486836411,0.0001542184130869373,0.9538239445537329,0.1645614868029952
359424,359424,0.07820083308615722,0.00951180181982636,0.8003068882972002,0.6383114717900753,-0.08346845826599747,0.00010321092190679337,1.3196408953517675,0.2791392896324396
360448,360448,0.08428796724183485,0.03391774510964751,0.8608380798250437,0.6793833449482918,0.011300592159386724,0.004711393685283838,0.7770183570683002,0.31084900721907616
361472,361472,0.06587678421055898,0.00603730816510506,0.8287670463323593,0.5978004112839699,-0.006340158695820719,0.001778908228061482,0.18320073105860502,0.12106595817022026
362496,362496,0.039474856574088335,0.003553002236003522,1.1979775056242943,0.7543465010821819,0.06914675451116636,0.003673754421470221,0.8093255246058106,0.37103409646078944
363520,363520,0.02476412124815397,0.0025025474787980784,1.4169053509831429,0.49966263584792614,-0.010206476697931066,0.0006480311590166821,1.0074120927602053,0.17601742991246283
364544,364544,0.05782706738682464,0.0026009304528997745,1.302323430776596,0.5273020658642054,0.005430873890873045,0.0035376968917262275,0.7031646361574531,0.13023237651214004
365568,365568,0.07791360991541296,0.03857212670845911,1.0548093505203724,0.6074462030082941,0.06413939825142734,0.008817317837383598,0.74768759123981,0.8500775061547756
366592,366592,0.10667179187294096,0.022818794328486547,1.072521723806858,0.8262332156300545,0.026214975529001094,0.008283065995783545,0.7899929927662015,0.7125633684918284
367616,367616,0.0770910979481414,0.003357829580636462,0.8860812969505787,0.6630179602652788,0.04906764312181622,0.003022534716365044,1.3566159065812826,0.450541858561337
368640,368640,0.08988786046393216,0.002439573494484648,0.8241375405341387,0.6818796340376139,0.003933978441637009,0.0003352163412273512,0.7527612205594778,0.11322385130915791
369664,369664,0.08473674196284264,0.014159618454868905,1.0787878073751926,0.7505353726446629,0.04402762954123318,0.01782256449223496,0.5481762597337365,1.1541753504425287
370688,370688,0.07780144846765324,0.03291951393475756,1.0993997678160667,0.7013165336102247,0.02193222285131924,0.022776481273467652,1.059705039486289,0.6570931971073151
371712,371712,0.09149950585560873,0.024904644495109096,1.2160515412688255,0.7769750952720642,0.006244398609851487,0.01849376774043776,0.837853318080306,0.33849948225542903
372736,372736,0.038075776494224556,0.007043738820357248,1.2716330736875534,0.45360797364264727,0.007062521122861654,0.005511891806236235,0.9347642567008734,0.1640298229176551
373760,373760,0.0201955486118095,0.002144559381122235,1.1430006586015224,0.2355232574045658,0.0005593812093138695,0.002971543793876208,1.0748273264616728,0.15999340591952205
374784,374784,0.08364155166782439,0.01693890344176907,1.1178254298865795,0.5306457867845893,0.03341594351513777,0.009473316473304294,1.1223815251141787,0.47101163957268
375808,375808,0.02807884823414497,0.023601182067068294,1.179273683577776,0.4821585826575756,-0.007454027916537598,0.016276258073048666,1.53003366664052,0.364049450494349
376832,376832,0.03064271228504367,0.0019322147018101532,1.2058274783194065,0.3624420193955302,0.026589004119159654,0.0004100274068150611,1.2030850565060973,0.24726308428216726
377856,377856,0.033264465775573626,0.0008704528572707204,1.1870647855103016,0.28937001060694456,-0.012369855990982614,0.0007287760117833386,0.9294343143701553,0.14551856106845662
378880,378880,0.04100722324801609,0.003620865820266772,1.19848245754838,0.45686088874936104,0.03568341447680723,0.0035733635395445162,1.809323724359274,0.5590155245736241
379904,379904,0.06924678047653288,0.0038345204666256905,1.130375474691391,0.5257984967902303,-0.01562295522307977,0.0006487278578788391,1.1659829709678888,0.21869573672302067
380928,380928,0.04439325524435844,0.013083868514513597,1.0466294214129448,0.6978006474673748,0.05419397020887118,0.016568899096455425,1.4831054713577032,0.8899546694010496
381952,381952,0.03349317188258283,0.0016985127331281547,1.133434522897005,0.40034277085214853,0.008365811983821914,0.0005365388569771312,0.4824829683639109,0.07036714593414217
382976,382976,0.04513203934766352,0.007506661153456662,1.0260765925049782,0.4972876897081733,-0.00427339063026011,0.014581928757252172,0.87900560349226,0.6563923731446266
384000,384000,0.060534908931003883,0.0034072428516083164,0.84363117441535,0.5807838067412376,-0.023335927282460034,0.00197893827680673,0.9620451778173447,0.26651919493451715
385024,385024,0.03510966610338073,0.017908339155837893,0.8448997437953949,0.639423007145524,0.01395207631867379,0.007478960988009931,0.8078372124582529,0.22786769596859813
386048,386048,0.12011209921911359,0.006354643752274569,1.01005407422781,0.9850245639681816,0.04517198746907525,0.010967159490974154,0.26422580098733306,0.435874717310071
387072,387072,0.04970520056667738,0.003992406826000661,1.1141537502408028,0.6382356118410826,-0.004015183862065896,0.008846316202834714,1.0855260733515024,0.19224175438284874
388096,388096,0.07817020383663476,0.006514471046102699,1.1687550246715546,0.6470791958272457,0.07028857461409643,0.012581932474859059,1.703900072723627,1.0029707103967667
389120,389120,0.04443449270911515,0.00462656223680824,1.0816301256418228,0.6191954240202904,0.007981365924933925,0.007729304867098108,0.38306322135031223,0.056166536814998835
390144,390144,0.02638756189844571,0.025335664802696556,1.0223420839756727,0.49947867821902037,-0.04911467098281719,0.007403077612252673,2.7352673429995775,0.8354782513342798
391168,391168,0.06982667208649218,0.020098113294807263,1.1510241627693176,0.7127538956701756,0.06664954317966476,0.004418920278112637,0.4532036823220551,0.46050284896045923
392192,392192,0.0551951858215034,0.0060686628239636775,1.3068316094577312,0.6003356799483299,0.016760292957769707,0.0012345373979769647,2.0557156298309565,0.5508815026842058
393216,393216,0.046948872608481906,0.007551445756689645,1.2003552727401257,0.49004913959652185,0.0022224908170755953,0.000569456670746149,0.4246673979796469,0.061847454810049385
394240,394240,0.03688145484193228,0.0020002147557534045,1.2915764041244984,0.4013057220727205,-1.260661520063877e-06,0.00013781053030470503,0.19207990588620305,0.020511601120233536
395264,395264,0.09310942282900214,0.029165912477765232,1.181513138115406,0.7394115328788757,0.030783054506173357,0.014088383570197038,1.2618850227445364,0.9387795701622963
396288,396288,0.046246326819527894,0.013733467858401127,1.1336161606013775,0.4278462789952755,-0.010203497076872736,0.0037641274720954243,1.3123351372778416,0.2243173965252936
397312,397312,0.030865197448292747,0.0026314674578316044,1.2587527856230736,0.3698595045134425,0.0017807111726142466,0.001336213784497886,1.21738975122571,0.18224126705899835
398336,398336,0.03816010478476528,0.001510971153038554,1.254975464195013,0.36006465274840593,-0.0014006543206050992,0.001075164621283875,1.2973510399460793,0.19649125868454576
399360,399360,0.026016830262960866,0.002172088417410123,1.3460795544087887,0.34008750040084124,-0.005838904849952087,0.000818917940364372,1.2717397958040237,0.19182589557021856
400384,400384,0.031368699681479484,0.011503765141242184,1.1309666149318218,0.6164914108812809,-0.016618253313936293,0.011886090636835434,2.103008633479476,0.9650437645614147
401408,401408,0.04005938785849139,0.003175874659063993,1.0636158920824528,0.46734262630343437,-0.010515213856706396,0.0029089457075315295,0.9674134748056531,0.15878441202221438
402432,402432,0.035987192633911036,0.006463646568590775,1.2011762037873268,0.4259381126612425,-0.01154298457549885,0.0016244100611402246,1.4787434712052345,0.2383674713782966
403456,403456,0.059105650056153536,0.009124335010710638,1.1413642056286335,0.4776482917368412,0.007578153716167435,0.009404676646227017,1.8301899060606956,0.8939348878338933
404480,404480,0.05573445615300443,0.007121207243471872,0.856505386531353,0.6777292583137751,0.025483257370069623,0.005829554327647202,0.08408339484594762,0.37614732794463634
405504,405504,0.0965579878538847,0.03514736844226718,0.9408475011587143,0.7258883025497198,-0.00833518963190727,0.023595391889102757,0.2094023870304227,0.7164400052279234
406528,406528,0.044267201534239575,0.0074504266667645425,1.3462311290204525,0.45233041141182184,-0.013142746523953974,0.010017490392783657,1.5245234854519367,0.27132529858499765
407552,407552,0.05157679980038665,0.007441314272000454,1.2920132242143154,0.5628343466669321,0.035402612236794084,0.011894067472894676,1.9416423998773098,0.9051505830138922
408576,408576,0.04065188919776119,0.009943373792339116,1.2547946907579899,0.43107885122299194,-0.007277969358256087,0.007283585826371564,0.6348706055432558,0.1681435953360051
409600,409600,0.026722965005319566,0.01131275191437453,0.9159800056368113,0.5996156148612499,0.03726237139198929,0.008305195820867084,1.0183554119430482,0.49002340296283364
410624,410624,0.03180157227325253,0.01493535761255771,1.2791468054056168,0.42468069214373827,-0.06515461538219824,0.016590177780017257,1.3620418943464756,0.5250261053442955
411648,411648,0.07290150987682864,0.013205581490183249,1.098341939970851,0.6701271291822195,0.07408215064788237,0.022101015609223396,0.2577026442158967,0.8493163231760263
412672,412672,0.030209779943106696,0.00653450220124796,1.0707006882876158,0.7697797305881977,0.009450775716686621,0.006620727491281286,0.022814071329776198,0.012772569374646991
413696,413696,0.048607435513986275,0.005463281711854506,1.0397698152810335,0.6280074547976255,0.036536548868753016,0.016278374881949276,0.029475391085725278,0.8710453007370234
414720,414720,0.04450498157530092,0.00517713745648507,1.0163754876703024,0.67498286254704,0.0026156648818869144,0.005079331978777191,0.045251334086060524,0.014523143006954342
415744,415744,0.06073667953023687,0.035844880185322836,1.07618604041636,0.7184450197964907,0.007270072324899957,0.015206363561446778,0.061865053372457623,0.9610009752213955
416768,416768,0.06268911174265668,0.0072893710967036895,1.253861952573061,0.6246536839753389,0.03501019850955345,0.007756518469250295,0.08589329035021365,0.8815073147416115
417792,417792,0.024438476975774392,0.004286363327992149,1.1490442343056202,0.34629678912460804,0.026678626250941306,0.005684864809154533,2.268125475384295,1.363398440182209
418816,418816,0.013856689620297402,0.0014325279553304426,1.0178499445319176,0.24999391892924905,0.009721079171868041,0.0002701731557408493,1.5828091176226735,0.4263181402347982
419840,419840,0.04411526655894704,0.0113112359540537,1.0490805618464947,0.6274821404367685,0.05132554384181276,0.016424328583525494,0.031494850234594196,1.4738113060593605
420864,420864,0.033206909749424085,0.04403428453952074,0.9764805268496275,0.47525633592158556,0.03797586340806447,0.012601246875419747,1.5637015867978334,0.7819709228351712
421888,421888,0.05463582425727509,0.007857070828322321,1.12324932590127,0.39013494551181793,-0.013527710310881957,0.00021424076527409852,1.0812844848260283,0.19007635954767466
422912,422912,0.04090268780419137,0.0009711943348520435,1.1772856898605824,0.3316716831177473,0.0011407620331738144,0.0002952862665779321,1.0511360317468643,0.1692720209248364
423936,423936,0.03422199032502249,0.000819158671220066,1.2203368060290813,0.32442741189152,-0.0082447093736846,0.0001748782800348181,1.0452530309557915,0.15396832232363522
424960,424960,0.0014503379061352462,0.0012863380839007732,1.3045080974698067,0.3529768353328109,-0.01883729318069527,0.00013671344814270014,1.115916345268488,0.16526296851225197
425984,425984,0.02491868895594962,0.013353407382965088,1.1336537525057793,0.7020724751055241,0.03079030619119294,0.012317941494984552,0.15222483803518116,0.8471234980970621
427008,427008,0.06228014802036341,0.002326745310710976,0.799685588106513,0.638830779120326,-0.01664743645233102,0.0005774046981059655,0.18852751096710563,0.1939741256646812
428032,428032,0.02848179204738699,0.008735767027246766,0.8767937291413546,0.6464199367910624,0.08500967270811088,0.011599561883485876,1.0169121148064733,1.527228344231844
429056,429056,0.030408878228627145,0.0021505405820789747,0.8511064425110817,0.5344438161700964,-0.001150322008470539,0.0008044151863941806,0.7991854790598154,0.2959212956484407
430080,430080,0.041423091577598825,0.017440486015402712,0.7667008023709059,0.5628823004662991,0.02876076294342056,0.006868627326184651,0.9073354508727789,0.3472113818861544
431104,431104,0.08151703450130299,0.0245378756953869,1.3446908332407475,0.8507186509668827,0.012339010077994317,0.01348839067213703,0.159715564455837,1.4537592083215714
432128,432128,0.10486124106682837,0.007158419364714064,1.4207248389720917,0.7840433456003666,0.005514175689313561,0.009573055725923041,0.2074209344573319,1.143214412033558
433152,433152,0.06446521131147165,0.04577066597994417,1.1528017222881317,0.5841302573680878,0.03653558329096995,0.01509822832304053,0.4670288129709661,1.056437000632286
434176,434176,0.04058581075514667,0.010328182514058426,0.9879515636712313,0.6913525257259607,0.040394392650341615,0.011634026421234012,2.167865114286542,1.0929242186248302
435200,435200,0.04607364293769933,0.018204050662461668,1.1650774031877518,0.5581637155264616,0.0952417177031748,0.02297430537873879,2.446805488318205,1.8784845136106014
436224,436224,0.053664976891013794,0.00748544062662404,1.0004743207246065,0.6233642287552357,0.06088287482270971,0.019299740408314392,1.2520641880109906,1.4478073790669441
437248,437248,0.022451925309724174,0.00273458404262783,0.987902756780386,0.46440702211111784,0.06529400538420305,0.007100432165316306,1.496186301112175,0.6769653270021081
438272,438272,0.026330502558266744,0.0016507821210325346,1.0784685481339693,0.40066916681826115,-0.0127076999633573,0.0011174110259162262,1.1092538591474295,0.1645401855930686
439296,439296,0.020536128606181592,0.002479492683050921,1.1143610961735249,0.34578688628971577,-0.014573724853107706,0.0009902181736833882,1.1707121152430773,0.18245249707251787
440320,440320,0.004076879966305569,0.020369349658722058,0.9885728042572737,0.3712213495746255,0.026024986756965518,0.009371202439069748,0.8736479356884956,0.5798439923673868
441344,441344,0.05268734728451818,0.009568061941536143,1.2119466364383698,0.7466840036213398,0.016703457746189088,0.008670957264257595,0.9342144224792719,0.8948674034327269
442368,442368,0.11204223020467907,0.00972638676466886,1.1022333949804306,0.7593403328210115,0.038879900181200355,0.014034750580321997,0.5328025249764323,1.0410176888108253
443392,443392,0.04890309748589061,0.00431741316060652,1.207309503108263,0.4314898317679763,-0.010879232082515955,0.0009798877381399507,0.8542067343369126,0.12404500867705792
444416,444416,0.03644543481641449,0.009242451757017989,1.1573203019797802,0.45646052341908216,0.09509168495424092,0.006002648638968822,1.2633927911520004,0.5933500956743956
445440,445440,0.05494659209216479,0.026512292795814574,0.9809322282671928,0.7822372186928988,0.020007354236440733,0.008413665622356348,0.4871982019394636,0.6686958866193891
446464,446464,0.04014828350045718,0.007753350473649334,0.9270790424197912,0.7170239090919495,0.04479063535109162,0.007170925564423669,1.1495567075908184,0.6104203378781676
447488,447488,0.05319934626459144,0.0032555992802372202,1.137237299233675,0.5313998525962234,0.025235758308554068,0.002201468137172924,1.1035156471189111,0.24399077327689156
448512,448512,0.052087246149312705,0.0018295970585313626,1.106545627117157,0.3821023600175977,-0.0003243536630179733,0.0009760415155142255,0.07150978199206293,0.006801750685553998
449536,449536,0.04165548137098085,0.005018841087803594,1.0667990371584892,0.3441044418141246,-0.0001418539322912693,0.0006927243126710891,0.20785849494859576,0.02275787340477109
450560,450560,0.017615776712773368,0.02137983630382223,1.1104580909013748,0.5160401482135057,-0.004807434102986008,0.005749767391534988,0.29004197381436825,0.4363077189773321
451584,451584,0.049906970642041415,0.005338772971299477,1.1540880613029003,0.4525883477181196,0.03969959955429658,0.0036836815561400726,1.5996770020574331,0.6085721957497299
452608,452608,0.03167721212957986,0.0031096897801035084,0.9851341731846333,0.34993530437350273,0.0004356479912530631,0.0018837156919744302,0.3539043185301125,0.04236840456724167
453632,453632,0.016324924275977537,0.0050483844552218216,1.0115954987704754,0.3413932556286454,-0.0006886573028168641,0.0015538245485231528,2.1950160078704357,0.4259840501472354
454656,454656,0.0002714243601076305,0.006643665787123609,1.1072993874549866,0.37448430620133877,0.012722596555249766,0.005733823687478434,3.011225514113903,1.107715968042612
455680,455680,0.06839624178246595,0.039865720144007355,1.066567100584507,0.6474417019635439,0.07603660470340401,0.0062112013474688865,1.1665842775255442,1.2350742761045694
456704,456704,0.06336294274660759,0.008740423174458556,1.072781790047884,0.7566259801387787,0.048592163089779206,0.004772588610649109,1.4390764627605677,0.696251324377954
457728,457728,0.07086281204828992,0.0011777483923651744,0.7518348582088947,0.5758759435266256,0.006951866613235325,0.00017801649664761499,0.9368305522948503,0.14022786100395024
458752,458752,0.04123122805322055,0.002980722150823567,0.7740171663463116,0.5344558153301477,0.03587688022525981,0.00346063670804142,1.7798698488622904,0.4721996830776334
459776,459776,0.030248309558373876,0.004365910099295434,1.4007386676967144,0.5330909714102745,0.02100400856579654,0.0028373360582918394,1.600887943059206,0.6158535033464432
460800,460800,0.036756948713446036,0.024118976929457858,1.1900828406214714,0.676567742601037,0.08843408816028386,0.00983761134557426,1.7052398659288883,1.0440042149275541
461824,461824,0.024402024486334994,0.0016483916351717198,1.00318493694067,0.47820168267935514,0.004184863588307053,0.0025771448490559123,1.4162936732172966,0.39596824953332543
462848,462848,0.029526019759941846,0.0002568883151070622,0.965019054710865,0.24275432527065277,-0.0023823710362194106,0.0002084788308707175,1.0259277988225222,0.15191921894438565
463872,463872,0.03718436128110625,0.002826212705258513,1.0370101369917393,0.4027366740629077,0.00588170817354694,0.0014052418682695134,0.16342235007323325,0.02919056435348466
464896,464896,0.02823057681962382,0.0021433295773931604,1.166969172656536,0.3470976334065199,0.0008010504534468055,0.00013831647669348968,0.2696316000074148,0.032645310449879616
465920,465920,0.03553695327718742,0.050978899584151804,1.152395535260439,0.6071070861071348,0.04107801945065148,0.017061172373360023,0.36651177890598774,0.9607138503342867
466944,466944,0.0714313609933015,0.017633171417401172,1.1823307760059834,0.76713652536273,0.10290098725818098,0.017298064223723486,0.48072406090795994,1.3797148019075394
467968,467968,0.0421079816587735,0.006623950626817532,1.1298964023590088,0.7382523324340582,0.020183543660095893,0.006731962683261372,0.9515697136521339,0.427915858104825
468992,468992,0.05497057120373938,0.005371111968997866,1.0471419375389814,0.6535618640482426,0.06673867034260184,0.016127498995047063,0.812338400632143,0.637219712138176
470016,470016,0.05197663904982619,0.010727466898970306,0.7918635830283165,0.8008996918797493,-0.007935778819955885,0.002192419623497699,0.6789516406133771,0.13067694171331823
471040,471040,0.09075330762425438,0.017059069185052067,1.157751563936472,0.7260203026235104,-0.01989635539939627,0.0027751023862947477,0.4574215253815055,0.36197562189772725
472064,472064,0.07194838928990066,0.007043299679935444,1.0696859285235405,0.6716137584298849,0.02610326392459683,0.003227021916245576,0.15906670247204602,0.22212494385894388
473088,473088,0.06360449112253264,0.006906724069267511,1.170702364295721,0.6957304589450359,0.03224627389863599,0.005844184306624811,0.23888512142002583,0.49504903238266706
474112,474112,0.034123708988772705,0.006526543307700194,1.1979555897414684,0.5029806867241859,0.0274676050466951,0.005197862243221607,1.5790420342236757,1.3705834411084652
475136,475136,0.04819211713765981,0.014634955252404325,0.8224618937820196,0.5293796313926578,0.08351720799691975,0.014680295920697972,2.309801312163472,1.2826683055609465
476160,476160,0.05290989045170136,0.004061498249939177,1.2266907691955566,0.511670058593154,0.029561432806076482,0.02089387689193245,1.0074759190902114,0.3240600151475519
477184,477184,0.030307633511256427,0.004909724273602478,1.0109546035528183,0.4605746744200587,0.01600724959280342,0.021688325272407383,2.2212273851037025,0.9928844980895519
478208,478208,0.0339469148311764,0.009795294943614863,1.0814896635711193,0.37110819295048714,0.045539020211435854,0.01741861835034797,4.004156701266766,2.2589933425188065
479232,479232,0.045509471907280385,0.009478146315814229,1.132003203034401,0.6613457780331373,0.07850652636261657,0.006674308378933347,1.1759916320443153,0.44142777658998966
480256,480256,0.06159393407870084,0.03593691496644169,1.0254874750971794,0.6014150083065033,0.03925162341329269,0.032203691138420254,1.1345075499266386,1.0220782607793808
481280,481280,0.07822338561527431,0.018262170837260783,1.0512640438973904,0.5310266707092524,0.019054330710787326,0.007244288171932567,1.0451803524047136,0.43560323864221573
482304,482304,0.0913438723073341,0.003611602103774203,0.9513180237263441,0.6544736362993717,0.06490627650055103,0.005499494596733712,0.7219344519544393,0.3529540819581598
483328,483328,0.044358377577736974,0.005317710885719862,0.8797251172363758,0.6274459976702929,0.012142963882070035,0.005673917003150564,0.8216276182793081,0.15961381437955424
484352,484352,0.04226695402758196,0.007156530638894765,0.8590874671936035,0.5704707968980074,0.02675393251411151,0.004258163047779817,0.9438570383936167,0.5342099936679006
485376,485376,0.029286423785379156,0.021180195712076966,0.9729150421917439,0.4956357376649976,0.03220444737235084,0.007743273497908376,1.7161777690052986,0.5992126725614071
486400,486400,0.0364267862169072,0.00682582070294302,1.0477208402007818,0.5504390075802803,0.007171092525823042,0.007409454636217561,1.4200403280556202,0.3092449423857033
487424,487424,0.02513706896570511,0.006146149098640308,1.0019284933805466,0.2732748012058437,0.007354774686973542,0.004703786453319481,0.9815915618091822,0.15484604286029935
488448,488448,0.020323564036516473,0.00437589040666353,0.9780589714646339,0.2642197576351464,-0.02244961544056423,0.0036985538517910754,0.537645666860044,0.07252474641427398
489472,489472,0.028691643005004153,0.0027509158016982838,1.0005778912454844,0.27568024303764105,-0.0003525880165398121,0.002324980901676099,0.5703393528237939,0.07709255552617833
490496,490496,0.06513859232654795,0.029740411904640496,1.0334733482450247,0.6586093157529831,0.013900821591960266,0.0315983880427666,1.109365964308381,0.8854368720203638
491520,491520,0.06984332879073918,0.0032444695898448117,0.9578879829496145,0.8548025861382484,0.009294436720665544,0.014627345677581616,0.09518756810575724,0.4489322528243065
492544,492544,0.04439426527824253,0.0037996036262484267,0.9415227975696325,0.47076419834047556,-0.01681356190238148,0.0077809203430661,0.8382929731160402,0.1538484061602503
493568,493568,0.008068434355664067,0.002863799069018569,0.8978091310709715,0.19550816854462028,-0.0039281600911635906,0.0024710270708965254,0.9072984717786312,0.13048122846521437
494592,494592,0.03824851229728665,0.00809588230913505,0.987346263602376,0.3161485167220235,0.05926951064611785,0.0066676245696726255,1.6711861789226532,1.0995070338249207
495616,495616,0.09306755995930871,0.0313731511705555,0.9553548768162727,0.7291910108178854,0.005161570850759745,0.011913580747204833,0.410275989677757,0.8070466443896294
496640,496640,0.04753638542024419,0.023234737454913557,1.2067985907196999,0.5371788274496794,0.06710802851011977,0.007431540318066254,1.5483697075396776,0.8783279936760664
497664,497664,0.032326877655577846,0.013411604464636184,1.1714924722909927,0.5110104447230697,-0.003965399431763217,0.007716452710155863,0.820631149224937,0.41572799161076546
498688,498688,0.024211204377934337,0.005247863584372681,1.1332543194293976,0.43024845886975527,0.014071821642573923,0.0010508145292078552,1.2550273332744837,0.26542857103049755
499712,499712,0.06246060717967339,0.0013479770259436918,1.2205151319503784,0.47984042577445507,-0.001308782651904039,0.0007604878250049296,1.2681676726788282,0.19187092082574964
500736,500736,0.037332675390644,0.03784710637410171,1.119897585362196,0.5723285190761089,0.09756952029420063,0.008489990475936793,0.35858822520822287,1.6208482198417187
501760,501760,0.03445288765942678,0.00987485951918643,1.1136347949504852,0.4902953263372183,0.049789887096267194,0.0014717250269313809,1.000964468345046,0.4578931359574199
502784,502784,0.03551076029543765,0.001620953935344005,0.8327690362930298,0.245533243753016,-0.002586483649793081,0.0004102832713215321,1.2824081517755985,0.19424760295078158
503808,503808,0.016575754154473543,0.00153403113654349,0.9984365105628967,0.28878158796578646,-0.0032638577395118773,0.0003207183232234456,1.2807567492127419,0.1934624188579619
504832,504832,0.005678763511241414,0.0021521242742892355,1.3201540932059288,0.4137761313468218,-0.009371052088681608,0.00025880441421577416,1.2519501112401485,0.18861392280086875
505856,505856,0.026841867191251367,0.023382211540592834,1.200673297047615,0.6300466954708099,0.05797113699372858,0.01964042879990302,1.0808471255004406,1.1153607293963432
506880,506880,0.030091747583355755,0.01298727240646258,1.136619746685028,0.4392451038584113,-0.00782717035326641,0.005573919028392993,1.5745608396828175,0.5755494218319654
507904,507904,0.019539199405699037,0.0002854405865946319,1.2240662686526775,0.28904679231345654,0.0034634784096851945,0.0003550649706767217,0.6669348562136292,0.09758256515488029
508928,508928,0.03717139129003044,0.002362936458666809,1.1015927381813526,0.3713458152487874,0.01786792668281123,0.004317824605095666,1.6058126166462898,0.5197694967500865
509952,509952,0.0499910686921794,0.006618313287617639,0.9505461882799864,0.6357648149132729,-0.009370525716803968,0.0034256611652381252,0.7038540281355381,0.21255933539941907
510976,510976,0.03336967379436828,0.015528062998782843,1.0203323420137167,0.7006117645651102,0.049404900753870606,0.020314300985774025,1.7095051445066929,0.6714640650898218
512000,512000,0.04625056246004533,0.0004965931666447432,1.0921821370720863,0.4193862993270159,-0.005484036490088329,0.0060925484822291764,1.6376280784606934,0.27497738553211093
513024,513024,0.0396955219184747,0.0007977537406986812,1.0948472172021866,0.33258676435798407,-0.0013408067025011405,0.0042408172221826135,1.5133412815630436,0.24517700169235468
514048,514048,0.03764369785494637,0.001997831691369356,1.1623703353106976,0.33497741259634495,-0.008773398949415423,0.003173116489961103,1.5986054502427578,0.2614372740499675
515072,515072,0.016750482434872538,0.016313212894601747,1.0432414934039116,0.30776512436568737,0.000328145528328605,0.013021516941080336,1.2624198608100414,0.20784624153748155
516096,516096,0.05790604864159832,0.00308788010806893,0.866035271435976,0.743278980255127,0.00029002432711422443,0.0033630116704443935,1.0148328738287091,0.19379989802837372
517120,517120,0.035377930384129286,0.0053423453064169735,0.9715993218123913,0.5824189633131027,0.040233199106296524,0.005267897999146953,0.6484214859083295,0.4927951879799366
518144,518144,0.030791445387876593,0.003252816342865117,1.0651995670050383,0.28621774073690176,-0.004845290590310469,0.00220239968621172,1.218026863411069,0.1944269691593945
519168,519168,0.009332609392004088,0.0008042275462685211,1.2267289198935032,0.3081849543377757,-0.03697782021481544,0.0006084508131607436,1.3493275977671146,0.23442650120705366
520192,520192,0.018773987947497517,0.021237699314951897,0.8965573161840439,0.3794423369690776,0.010660369938705117,0.01009917239571223,0.3512056181207299,0.22422631096560508
521216,521216,0.08637002966133878,0.026389650272903964,0.9724292252212763,0.6500272452831268,0.050016436478472315,0.014435114120715298,1.1823265012353659,0.7747053802013397
522240,522240,0.047914561931975186,0.01017374437651597,1.0488625932484865,0.836456935852766,0.009175181447062641,0.009399439564731438,0.4970821924507618,0.321509366389364
523264,523264,0.07129910381627269,0.00857336244371254,0.9203416872769594,0.47220767103135586,0.04084536217851564,0.012087409224477597,0.23868421092629433,0.6193632120266557
524288,524288,0.051596720906673,0.015327169501688331,0.9303185325115919,0.6637705601751804,0.05560823791893199,0.01201068282534834,1.358084961771965,0.6276999944821
525312,525312,0.0771536540123634,0.028187524032546207,0.8423311058431864,0.7997584957629442,0.01771816104883328,0.016146837850101292,1.5256805121898651,0.7415048414841294
526336,526336,0.08856596221448854,0.0030902180151315406,0.8914284780621529,0.6642971839755774,-0.02949964316212572,0.00041591707531551947,1.0738073494285345,0.1627495433203876
527360,527360,0.005976900720270351,0.01464051054790616,1.1443853192031384,0.44895773846656084,0.0015962476609274745,0.0033642561829765327,0.3735388834029436,0.07996969833038747
528384,528384,0.05845096809207462,0.010777299656183459,0.9990109093487263,0.6885009109973907,0.06943786289775744,0.00834970865980722,0.5700774556025863,0.3950121682137251
529408,529408,0.04759504637331702,0.005371310122427531,1.0172732174396515,0.5902252439409494,-0.014664498186903074,0.005241977305558976,0.5934112295508385,0.24496998847462237
530432,530432,0.07680405274732038,0.04267703276127577,0.92434511333704,0.6786534059792757,0.09569110110169277,0.010554981083259918,0.38368888944387436,0.7078192830085754
531456,531456,0.08539159083738923,0.03835897339740768,1.1605531461536884,0.6300539467483759,0.037830145098268986,0.015188237914117053,1.7249486073851585,1.3374113533645868
532480,532480,0.07537690411845688,0.013781961024506018,0.9319770000874996,0.6379193756729364,0.02828921288892161,0.004626360707334243,1.4170712642371655,0.5319109689444304
533504,533504,0.03867178149812389,0.00891640834743157,0.895269338041544,0.7674896791577339,0.05542291191522963,0.009323462378233671,0.7546372227370739,1.0496087819337845
534528,534528,0.07134893530746922,0.006709998138830997,0.8842333201318979,0.7397677972912788,0.0484481341263745,0.010082552311359905,0.45427419524639845,0.31696197763085365
535552,535552,0.06744886669912376,0.01868722148356028,1.0434234663844109,0.9061875008046627,0.04067740449681878,0.011949436986469664,1.116103047505021,0.858860844746232
536576,536576,0.08401852939277887,0.007176550338044763,1.0481260810047388,0.8076667711138725,0.017169250844744965,0.00977042957674712,1.865874245762825,1.6593689024448395
537600,537600,0.04848336681607179,0.002099495479797042,0.7888492196798325,0.3721100455150008,0.05456931670778431,0.000619480270756867,1.2850956497713923,0.40772257559001446
538624,538624,0.028022475031320937,0.004995887964469148,0.990915309637785,0.3405987909063697,0.051723859942285344,0.005118021639646031,0.158945256145671,0.24674908933229744
539648,539648,0.015353906754171476,0.0035050944152317243,1.124787338078022,0.26021119207143784,-0.008046747272601351,0.0011477892694529146,1.3595977891236544,0.48243245016783476
540672,540672,0.05075932253384963,0.019926261418731883,1.0862788036465645,0.4966737339273095,0.05708652708563022,0.01210069733497221,0.14359503868035972,0.506293878890574
541696,541696,0.039360198454232886,0.00485205326549476,0.9217943102121353,0.5901629496365786,0.05625070777023211,0.0038750341955164913,0.5021452689543366,0.2457224098034203
542720,542720,0.08655728853773326,0.004095181830052752,0.7128128539770842,0.57223866507411,-0.015426421581651084,0.001701446793958894,0.8306245170533657,0.12144204834476113
543744,543744,0.06599414022639394,0.002653855070093414,0.7416381146758795,0.6787912659347057,-0.007578870339784771,0.00016317476388394425,0.9222835786640644,0.13533579022623599
544768,544768,0.052237134746974334,0.003316171418191516,0.7097430117428303,0.5379441315308213,-0.01176028119516559,0.0001315451734171802,1.1265157274901867,0.1675102706067264
545792,545792,0.03381435605115257,0.02323072926083114,0.8349440898746252,0.6730845402926207,0.045013091643340886,0.011508952578878962,0.15914536849595606,0.3828404527157545
546816,546816,0.10519064660184085,0.003336501078592846,0.8432441651821136,0.7253358662128448,4.621174593921751e-05,0.0054642914897158334,0.0637930422089994,0.0060613040695898235
547840,547840,0.03871198062552139,0.005369309939851519,0.8050279766321182,0.7022184114903212,0.02278260578168556,0.006464603893618914,0.07979410863481462,0.5061854384839535
548864,548864,0.07383380018291064,0.0011296799730189377,0.742264898493886,0.7010147385299206,0.0006219390197657049,0.004249023251759354,0.10291854618117213,0.01018426864175126
549888,549888,0.022157411091029644,0.00567325374140637,0.7362766209989786,0.569118432700634,0.000909256748855114,0.004753877505208948,0.0991598756518215,0.009793632139917463
550912,550912,0.02337538040592335,0.014670674077933654,0.8271005321294069,0.40248201601207256,0.0025491842243354768,0.0012798190837202128,0.1821778560988605,0.02827115310356021
551936,551936,0.04733580848551355,0.0023625249923497904,0.8052388690412045,0.4367442950606346,0.06960795243503526,0.003903002452716464,1.1256635822355747,0.465613542124629
552960,552960,0.005382474613725208,0.006556909796927357,0.7651298437267542,0.4405015017837286,-0.0008104381849989295,0.0003528268566697079,1.2611705511808395,0.24208221351727843
553984,553984,0.011918685428099707,0.0031179563659406995,1.0632881671190262,0.26757435454055667,0.005277241056319326,0.00016424396790171159,0.986452579498291,0.1442332335282117
555008,555008,0.01728676917264238,0.0199360933911521,1.0606945250183344,0.4325960222631693,0.03284880699357018,0.0059360670966270845,1.6899726539850235,0.722247296012938
556032,556032,0.06119962251977995,0.02905263999127783,1.0264014974236488,0.7381825298070908,0.04808996422798373,0.03398644513799809,0.4119547880254686,1.5818504579365253
557056,557056,0.06499282593722455,0.014697213628096506,1.1418471187353134,0.7163587734103203,0.03567390420357697,0.02338434348348528,0.924478329718113,1.2642136551439762
558080,558080,0.0610880050517153,0.0031664018097217195,0.9222427662461996,0.5905384998768568,0.057287853793241084,0.008042255540203769,1.1857304107397795,0.39506062865257263
559104,559104,0.08525749738328159,0.004123804821574595,0.7855421490967274,0.7011442668735981,-0.01626970656798221,0.004451412707567215,0.6882288539782166,0.41413778299465775
560128,560128,0.02792273767408915,0.020941065158694983,0.7940286211669445,0.5129960104823112,0.015535502112470567,0.009576274067512713,0.6441890969872475,0.24918145616538823
561152,561152,0.04850868697394617,0.019256102852523327,1.109131172299385,0.544833124615252,0.03306394084938802,0.009155163483228534,1.732174202799797,0.7943504741415381
562176,562176,0.037343709263950586,0.011717012457665987,1.03887602314353,0.6321651358157396,0.03358843573369086,0.0035235784416727256,1.6662519238889217,0.6314336424693465
563200,563200,0.09547916182782501,0.009446991753065959,1.188426524400711,0.5146715370938182,0.025198933348292485,0.004084647509444039,2.4523338489234447,1.208541538566351
564224,564224,0.04452347295591608,0.009927596714987885,0.9878955781459808,0.57334228977561,0.048306328942999244,0.008853295134031214,1.6324240379035473,0.9714120328426361
565248,565248,0.03471711072779726,0.028562816500198096,0.987253699451685,0.4169467845931649,-0.0480352979793679,0.005550372676225379,2.0001051649451256,0.596309557557106
566272,566272,0.08343046279333066,0.020441789965843782,1.0005523916333914,0.5877473577857018,0.07764585432596505,0.0071074289953685366,1.4045391026884317,0.9243511632084846
567296,567296,0.05707453400827944,0.015102326782653108,1.0480551347136497,0.5467497389763594,0.060861642414238304,0.014177140110405162,1.7530795447528362,1.5289508178830147
568320,568320,0.036475807821261697,0.006513219981570728,0.8825452905148268,0.594442680478096,0.0758032739686314,0.004552675134618767,2.680710479617119,0.8434671387076378
569344,569344,0.05767341137106996,0.0031908724158711266,0.7944485638290644,0.5608840715140104,0.04499632044462487,0.00021611312115510373,0.8724174196831882,0.414605519908946
570368,570368,0.06812499079387635,0.033392942626960576,0.9012800808995962,0.6454640254378319,0.05453313399630133,0.02683562066522427,0.8951903991401196,0.6800943836569786
571392,571392,0.04420677205780521,0.013460779911838472,0.9861678145825863,0.5705690057948232,0.014185005042236298,0.008899933425709605,1.1766624171286821,0.33557954896241426
572416,572416,0.042905148955469485,0.004371163187897764,1.1016996130347252,0.30305608827620745,-0.007673400279600173,0.002292142671194597,0.8907499946653843,0.13015117472968996
573440,573440,0.020521799378911965,0.0023134469192882534,1.1397526562213898,0.2540286579169333,-0.008078183716861531,0.0016624302206764696,1.0799159314483404,0.1623908665496856
574464,574464,0.0025217989896191284,0.0012027324548853358,1.2269888371229172,0.3075311132706702,-0.014425678411498666,0.0012938885445237247,1.1233166679739952,0.16816150303930044
575488,575488,0.013466215779772028,0.016463968924654182,1.0948886759579182,0.41930477507412434,-0.00714995723683387,0.008150077519530896,1.4307207092642784,0.5602587163448334
576512,576512,0.08158121933229268,0.0066663832403719425,0.9525796286761761,0.7056017071008682,-0.00020291443797759712,0.007906368235126138,0.5437872409820557,0.3232684610411525
577536,577536,0.04697411789675243,0.0033923322334885597,0.8954624086618423,0.5269207879900932,0.06157963798614219,0.009291470065363683,2.551047569140792,0.9690760262310505
578560,578560,-0.004753955363412388,0.004840033732762095,0.8818001504987478,0.2454806766472757,0.014155192286125384,0.001475596392992884,1.2311522867530584,0.24311240948736668
579584,579584,0.047578772238921374,0.010682848616852425,1.0368617717176676,0.3732896503061056,0.038493871106766164,0.010314659419236705,1.9238529168069363,0.8105342090129852
580608,580608,0.08001671399688348,0.023890950629720464,0.8806173447519541,0.688046658411622,0.030618679025792517,0.010610857265419327,1.406327724456787,0.7099444167688489
581632,581632,0.05522429654956795,0.014029049139935523,0.8408456668257713,0.5922848284244537,0.025281590438680723,0.004862935478740837,0.8739473465830088,0.47133073303848505
582656,582656,0.07603216770803556,0.00540003339847317,0.7885197624564171,0.6903364043682814,0.006159191485494375,0.006231357798242243,0.6609904775395989,0.24180028052069247
583680,583680,0.03730487870052457,0.006795144126954256,0.779174204915762,0.3810422159731388,0.03473606532497797,0.0037250978966767434,1.909030044451356,0.534365470521152
584704,584704,0.025144115075818263,0.005132143041919335,0.7308743353933096,0.5446657165884972,0.009229889779817313,0.0005529534760171373,0.5227741892449558,0.07481099729193375
585728,585728,0.037500490667298436,0.03572817757958546,0.8292750380933285,0.6453310139477253,0.0035960009263362736,0.0062034976508584805,0.17130103008821607,0.12183937040390447
586752,586752,0.04634738664026372,0.00812598141055787,0.844282591715455,0.5152153121307492,0.0017642262391746044,0.0017591431151231518,0.29629787895828485,0.03398187056882307
587776,587776,0.060709621669957414,0.0022623981058131903,0.7418023850768805,0.48517968133091927,-0.0136599746911088,0.00011539689478468063,0.9241296369582415,0.13596250128466636
588800,588800,0.04274742348934524,0.0017647278000367805,0.6722341179847717,0.4139942051842809,-0.006204647594131529,0.0007416137591462757,1.6343858502805233,0.37410445930436254
589824,589824,0.03982840845128521,0.006197778129717335,0.9498674869537354,0.5188287803903222,-0.01286755281034857,0.002704735325096408,0.808042548596859,0.24995760712772608
590848,590848,0.0421053042227868,0.01671880454523489,1.12273782864213,0.39853036776185036,0.02133747428888455,0.007177176208642777,0.959625874646008,0.3674146542325616
591872,591872,0.007528950067353435,0.0006367406867866521,1.2968003414571285,0.3415403673425317,0.03199019329622388,0.00035782331940481527,1.0185187896713614,0.2748741176328622
592896,592896,0.05222335091093555,0.006534141175507102,0.7951820716261864,0.5300771007314324,0.03877757937880233,0.008749717482714914,0.1413728662300855,0.6149340877309442
593920,593920,0.03183424985036254,0.0049167742508871015,0.8283623643219471,0.49991788528859615,-0.005401287373388186,0.002514186835469445,0.13663625554181635,0.12857667892239988
594944,594944,0.05425963501329534,0.0023665625558351167,1.04039566218853,0.5594823863357306,0.08397960418369621,0.0016554396679566707,0.20424940763041377,0.09449970099376515
595968,595968,0.030531877680914477,0.02800172801653389,0.801805566996336,0.6301700919866562,-0.006888217380037531,0.008424847255810164,0.45984632428735495,0.16689214762300253
596992,596992,0.03131430022767745,0.0033690744239720516,0.771793819963932,0.40084097627550364,0.022575768060050905,0.005537514873140026,0.930613324046135,0.26315009710378945
598016,598016,0.04293324715399649,0.0008841514008963713,0.7310938648879528,0.4310579542070627,0.004195061861537397,0.00014419250817354623,0.7863895650953054,0.12738157925195992
599040,599040,0.0237021621724125,0.0018939115752800717,0.6925374697893858,0.3909479146823287,-0.017432230815757066,9.09251481289175e-05,1.0745516773313284,0.1604157709516585
600064,600064,0.02234597221831791,0.02184895024402067,0.7079919241368771,0.40883835311979055,0.07099107501562685,0.004910704748908756,3.053955338895321,1.5560702998191118
601088,601088,0.03202352386142593,0.015232054123771377,0.723663754761219,0.4583334932103753,0.005074223154224455,0.0032171902475965908,0.7118679219856858,0.23963911132887006
602112,602112,0.022687330871121958,0.007098783833498601,0.6924916114658117,0.3952521849423647,-0.001918312394991517,0.0010695682158257114,0.40790487360209227,0.17810005811043084
603136,603136,0.04800499090924859,0.0032442002557218075,0.6731513310223818,0.42809244710952044,-0.019540886743925512,0.0001814914587612293,1.286129403859377,0.2055014707148075
604160,604160,0.04419261978182476,0.008594445600465406,0.7075775060802698,0.37570952344685793,0.01216798066161573,0.001771107437889441,2.792151313275099,0.8348329234868288
605184,605184,0.02937652569380589,0.03227760875597596,0.9851416498422623,0.4468998508527875,0.0029624449380207807,0.007958029062137939,1.2493114452809095,0.3797369650565088
606208,606208,0.05677289600134827,0.020801198028493673,1.0711660739034414,0.5514052016660571,-0.013686557475011796,0.0031136252437136136,0.48431481793522835,0.5641850498504937
607232,607232,0.03774759505176917,0.015139868628466502,1.0036148354411125,0.4968165121972561,0.05985181109281257,0.010057584644528106,1.382349506020546,1.101815726608038
608256,608256,0.03891156939789653,0.004316994072723901,0.8418681342154741,0.48607064317911863,0.01597623561974615,0.003226578439353034,0.795349289663136,0.34740779851563275
609280,609280,0.04293186259747017,0.0022804598502261797,1.0460957400500774,0.40949478186666965,-0.010965443914756179,0.0010028116312241764,1.1560536762699485,0.230934425489977
610304,610304,0.026217179285595194,0.020771792565938085,1.0754495970904827,0.4556534746661782,-0.03456258002552204,0.0044640682463068515,2.7795320209115744,2.0948037691414356
611328,611328,0.03489984523912426,0.00444478072313359,1.3722355626523495,0.3724297471344471,0.04156161061837338,0.0042093396150448825,0.04460927360923961,0.5504557145759463
612352,612352,0.016566397578571923,0.0021157867086003534,1.0429937317967415,0.45838186983019114,0.10186759731732309,0.0031384308604174294,0.019064533757045865,0.3819010001607239
613376,613376,0.03922216797946021,0.006815757355070673,1.1044052690267563,0.3960251407697797,-0.009458482498303056,0.009829061265918426,1.8436402156949043,1.9380347840487957
614400,614400,0.02029865280201193,0.00555546632676851,1.344259213656187,0.40653397608548403,0.08206127796438523,0.007782450265949592,3.5007146894931793,3.978117346763611
615424,615424,0.07422647350904299,0.0441605641390197,1.174687895923853,0.6345113478600979,0.09515166003257036,0.02250987189472653,1.0486346259713173,1.542175054550171
616448,616448,0.049523828871315345,0.017746820638421923,1.2235579267144203,0.5718811955302954,0.07376200941507705,0.013898386576329358,0.6331529830349609,1.424166675657034
617472,617472,0.03188575757667422,0.005830414578667842,1.1941118352115154,0.38122307509183884,2.139830030500889e-06,0.0034727708725768025,0.005603492623777129,0.0004589976742863655
618496,618496,0.021406142201158218,0.005329747400537599,1.2158561646938324,0.3533763447776437,-1.2007541954517365e-05,0.0027915565301555034,0.005476689213537611,0.00044952845200896263
619520,619520,0.009328260013717227,0.0017977560491999611,1.1755601465702057,0.3912449013441801,0.05341675071395002,0.004547594751784345,0.00723127179662697,0.31199056771583855
620544,620544,0.06466524592542555,0.03699091126327403,1.0716484393924475,0.7808384131640196,0.06061621053959243,0.008760058524785563,0.08672251179814339,1.0617210995405912
621568,621568,0.06659373568254523,0.015263013396179304,1.1182657293975353,0.47161202505230904,0.03932788595557213,0.0091926226450596,0.05358712247107178,0.28663434088230133
622592,622592,0.01890342732076533,0.006654192868154496,1.0400861240923405,0.3584419032558799,-0.005100811686133966,0.0032935013077803887,1.327707964926958,0.4308688526507467
623616,623616,0.023063495755195618,0.007602721321745776,0.8965740837156773,0.214939309284091,0.01316288104862906,0.004089113146619638,0.23034958471544087,0.3720925338566303
624640,624640,0.007019424949248787,0.005713083184673451,1.0867627747356892,0.26087329583242536,-0.0011018424411304295,0.002045686717792705,0.032182479568291456,0.0028851681272499263
625664,625664,0.012798183102859184,0.025615116697736084,1.0515959542244673,0.37124758400022984,0.06725133903091773,0.004733668520202627,0.09672340389806777,0.4325424754060805
626688,626688,0.04890257786610164,0.008756987823289819,0.954824173822999,0.5957453213632107,0.04785535403061658,0.015807021118234843,0.767616230994463,1.0955999456346035
627712,627712,0.02325891618966125,0.012165229694801383,0.8799985889345407,0.45712858624756336,0.006574896920938045,0.01805144449463114,1.5357998851686716,1.3970013372600079
628736,628736,0.0319444201013539,0.0017863170087366598,0.661419790238142,0.3755919449031353,0.08875583502231166,0.00040553940016252454,1.5430768104852177,0.9348905993974768
629760,629760,0.028156643733382225,0.007876035524532199,0.9093580804765224,0.4224167028442025,0.023438486648956314,0.009614786991733126,0.11043800436891615,0.5454995352774858
630784,630784,0.02928363597311545,0.01712241089262534,0.6885700970888138,0.39393738843500614,0.017714842018904164,0.009120959926804062,0.055293579993303865,0.07652470262837596
631808,631808,0.018895854271249846,0.002196094523242209,0.7019760645925999,0.42317284271121025,-0.00013993492757435888,0.0037536208938035998,0.02231446123914793,0.0019511443097144365
632832,632832,0.027823734271805733,0.0024453401638311334,0.6398693285882473,0.3106776038184762,-0.0002238854649476707,0.0024370134592572867,0.029401330451946706,0.0026212368393316865
633856,633856,0.05067435640376061,0.0037108439682924654,0.695563206449151,0.5214101122692227,0.004609499592334032,0.0033478063633083366,0.1291782684274949,0.05651037750067189
634880,634880,0.042070124472957104,0.0018932127195512294,0.703202186152339,0.5838264431804419,-0.009132684717769735,0.0017610573331694468,0.5801894660107791,0.09652749635279179
635904,635904,0.00907500003813766,0.028650097126956098,1.0037261713296175,0.4839810011908412,0.038232757535297424,0.010151405731448904,1.548210077919066,0.705873878672719
636928,636928,0.044157177093438804,0.011630602035438642,0.9487231969833374,0.5935932379215956,0.04457753026508726,0.013798127038171515,0.9466365166008472,0.9959696102887392
637952,637952,0.038315219862852246,0.0038448146733571775,0.9761682134121656,0.4132463075220585,3.72149224858731e-05,0.004118030548852403,0.1953645267058164,0.1473910636268556
638976,638976,0.025013014441356063,0.0028655819660343695,1.116973266005516,0.42471805587410927,0.01997285171819385,0.0030029793342691846,0.21787088084965944,0.18523744272533804
640000,640000,0.031150578695815057,0.019668479231768288,1.1138923615217209,0.5437887366861105,0.06058005033992231,0.007522112369770184,0.7533489223569632,0.580716660246253
641024,641024,0.03424139806884341,0.009629710271838121,0.7196202594786882,0.43432333040982485,0.09197745597339235,0.019257826832472347,0.5400375323370099,0.5144251929596066
642048,642048,0.03572760114911944,0.0014348166696436238,0.7161888815462589,0.3826350523158908,-0.003497084486298263,0.012896729054091338,0.7355011720210314,0.16360604367218912
643072,643072,0.03312727248703595,0.001699968712273403,0.7625024206936359,0.3925591064617038,0.0052867721824441105,0.009085221277928213,0.8109502717852592,0.14476516214199364
644096,644096,0.03406184597406536,0.002783670026474283,0.9804674759507179,0.3232017131522298,0.011688571248669177,0.00824580557673471,1.3202872909605503,0.3506720159202814
645120,645120,0.004963412502547726,0.0227659728116123,0.7257143259048462,0.36436441633850336,0.01259016183030326,0.01720270811347291,1.192632794380188,0.4076915755867958
646144,646144,0.0008612251549493521,0.01868868147721514,1.2515230737626553,0.3225654447451234,0.02624705169000663,0.0030528397546731867,1.6501845829188824,0.42134658247232437
647168,647168,0.043841916689416394,0.01756707383901812,1.246049452573061,0.37764662969857454,0.030067996616708115,0.012215719747473486,0.9783252608031034,0.6325500439852476
648192,648192,0.03876384731847793,0.00612521333823679,1.0452140793204308,0.46281720884144306,0.08474047778872773,0.01070807670475915,0.5615632683038712,1.0567483305931091
649216,649216,0.031764155719429255,0.004586138107697479,0.8003650046885014,0.3762994883581996,0.03330031150835566,0.006124630206613801,1.7265381310135126,0.9729919349774718
650240,650240,0.022480070707388222,0.02374238701304421,0.7805940769612789,0.36153183970600367,0.0358745270059444,0.01617334471666254,0.9751286478713155,0.4380016829818487
651264,651264,0.048418456164654344,0.017258675376069732,1.1918347366154194,0.45275395829230547,0.0066636719420785084,0.009556887847793405,0.38821187149733305,0.2861199355684221
652288,652288,0.0038082469400251284,0.005582388308539521,1.17876635491848,0.23007357493042946,0.05317621992435306,0.009095459830859909,1.449665348045528,0.7785325227305293
653312,653312,0.010138780431589112,0.013643625454278663,1.079822825267911,0.5499584507197142,0.05869424372212961,0.021651370712788776,1.1248077731579542,1.3032785840332508
654336,654336,0.029311102582141757,0.0066798727348214015,0.9776518251746893,0.5128157623112202,0.0646744889090769,0.016541598277399316,0.787297323346138,1.1617152839899063
655360,655360,0.024065653618890792,0.014071832949412055,0.7207599058747292,0.5258315606042743,0.037877001086599194,0.010790213418658823,2.28208826482296,1.3939113970845938
656384,656384,0.04240147862583399,0.009551044495310634,0.8125024735927582,0.5551253650337458,0.011380535026546568,0.006581962661584839,0.3523475818801671,0.44551651226356626
657408,657408,0.018507163593312725,0.0036123642421443947,0.6774603221565485,0.34473542124032974,0.10526172607205808,0.005085521714136121,0.311986624263227,0.2535192258656025
658432,658432,0.03961589811660815,0.007880460907472298,0.7834039628505707,0.4723805533722043,0.01472728127555456,0.006863475093268789,0.9033118281513453,0.4583513136021793
659456,659456,0.004179216135526076,0.008514222256053472,0.610532296821475,0.3683796087279916,0.008237650152295828,0.004707416861492675,0.39238151791505516,0.0978226134320721
660480,660480,0.027703762403689325,0.0253894321504049,0.8770265392959118,0.5215410571545362,0.0521022439643275,0.008608193762484007,0.3345897337421775,0.5686934357509017
661504,661504,0.024696910797501914,0.021055741235613823,1.1017332710325718,0.46835452504456043,0.0942547935701441,0.030577630444895476,1.3557012751698494,1.5468941628932953
662528,662528,0.03463430126430467,0.008681769540999085,0.9834814425557852,0.45802334416657686,0.07267538842279464,0.011733660197933204,1.9647498093545437,1.320279311388731
663552,663552,0.007905190097517334,0.002722890720178839,1.0793561302125454,0.2420270941220224,-0.00854236444865819,0.0015791394544066861,2.3950488101691008,0.8397559162694961
664576,664576,-0.002547529205912724,0.0018564647416496882,1.0683206915855408,0.29569699615240097,-0.023759423493174836,0.00018485067357687512,1.0942764896899462,0.19831256894394755
665600,665600,0.0053370585810625926,0.01381219235190656,1.1932595744729042,0.4610100956633687,-0.02287999098189175,0.01191558816935867,0.8550566863268614,0.33045676187612116
666624,666624,0.05092600517673418,0.01359800624777563,0.9885136839002371,0.5600021686404943,0.080421632330399,0.02081842627376318,0.4312233626842499,1.976819571107626
667648,667648,0.03128060250310227,0.014254385023377836,0.9097065962851048,0.3697243481874466,0.07638988844701089,0.020033200358739123,0.7043066378682852,1.177328122779727
668672,668672,0.0293916808150243,0.00775717492797412,1.0421039666980505,0.5102835688740015,0.03415254660649225,0.013561899875639938,0.9536722060292959,0.5802382118999958
669696,669696,0.022493134209071286,0.007705628449912183,1.064595066010952,0.504567083902657,0.0402081468491815,0.010631812750943936,1.2003519795835018,0.754043772816658
670720,670720,0.03646832435333636,0.019164691533660516,0.8908395413309336,0.5611899234354496,0.04235679213888943,0.021136401541298255,0.4704349096864462,0.8775977287441492
671744,671744,0.031264396355254576,0.004986098276276607,1.0723561383783817,0.3131088027730584,-0.0038650716305710375,0.007422758383654582,0.5618835189379752,0.07984846440376714
672768,672768,0.005449138043331914,0.00540048407856375,0.9344864413142204,0.2149181650020182,-0.004441757802851498,0.005573789754635072,0.8584683556109667,0.14436809066683054
673792,673792,0.021658788005879615,0.01065019222733099,0.9322019871324301,0.3325253175571561,0.07658475200878456,0.009449829383811448,1.9596191570162773,0.6903302855789661
674816,674816,0.02105619973735884,0.0034147222413594136,1.0675307605415583,0.3922791099175811,-0.008883319766027853,0.004205108669339097,1.3849252946674824,0.2308380976319313
675840,675840,0.018009209452429786,0.024157976295100525,1.0935395583510399,0.3283753013238311,0.00310473027639091,0.023611454846104607,0.6928360220044851,0.4967263899743557
676864,676864,0.02901979972375557,0.0062254382646642625,1.0913188010454178,0.4682359378784895,0.017036369536072016,0.01715788488218095,0.5672378921881318,0.5657907472923398
677888,677888,0.004563268274068832,0.0023460884222004097,1.2557216510176659,0.2870004838332534,0.016254590766038746,0.00664759473875165,2.270660988986492,0.6573113854974508
678912,678912,0.022516255354275927,0.004281885354430415,1.1109193824231625,0.30285913683474064,0.037964100716635585,0.008303040391183458,0.18980861827731133,0.27915368042886257
679936,679936,0.008340763721207622,0.0033411448857805226,0.7179170176386833,0.33193647395819426,-0.02058790432056412,0.00222115721226146,0.6972288093529642,0.1838546625804156
680960,680960,-0.0011158344859723002,0.02515961293829605,0.924599502235651,0.40183883905410767,0.029660083062481135,0.009498297891695984,0.8639323189854622,0.5701405508443713
681984,681984,0.04937871785659809,0.003192663316440303,0.8465051669627428,0.3662763563916087,0.010588171833660454,8.5764560935786e-05,0.8807298988103867,0.14944119076244533
683008,683008,0.017937271870323457,0.0014126347668934613,1.019152831286192,0.32355376705527306,-0.014604592986870557,0.004817937602638267,2.038432950153947,0.5797816554550081
684032,684032,0.0009987991070374846,0.0013317955181264551,1.184830717742443,0.2665773262269795,-0.021743673249147832,0.0006518298387163668,4.0919458493590355,1.845136258751154
685056,685056,0.017815561353927478,0.018494348347303458,1.1757491379976273,0.279672350268811,0.037723107350757346,0.0052370929915923625,3.856927327811718,2.4254326224327087
686080,686080,0.04707669353228994,0.011515851503645536,0.7938669323921204,0.46492247749119997,0.027425129926996306,0.00807471447478747,0.5954617895185947,0.6603027358651161
687104,687104,0.0167136897216551,0.0032339130484615453,0.6087739951908588,0.27330959774553776,0.006202641845447943,0.0015689559998008917,0.6872489624656737,0.13420006702654064
688128,688128,-0.0033222569327335805,0.0014629856013925746,0.5310734324157238,0.18946503894403577,-0.00285638784407638,0.0014481900027476513,0.9312102012336254,0.1394010194344446
689152,689152,0.013088642692309804,0.0041983719856943935,0.5231200875714421,0.2259601759724319,-0.00322952022543177,0.0011228160270775334,0.9831593930721283,0.14413937251083553
690176,690176,-0.007051338106975891,0.02135865474701859,0.6523004937916994,0.24083449877798557,0.06459119479404762,0.010024325849371962,2.663563711568713,1.3710613818839192
691200,691200,0.026117826273548417,0.023971322894794866,1.12215119227767,0.46952188294380903,-0.001948262011865154,0.022683195275021717,0.4128530779853463,0.5379818072542548
692224,692224,0.011859912890940905,0.003949336507503176,0.8151070103049278,0.32350704353302717,-0.019811705453321338,0.0046194262577046175,0.8924711868166924,0.223748957272619
693248,693248,0.006344404166156892,0.010186336992774159,1.0375096183270216,0.37051614560186863,0.04918919113697484,0.010746350599220023,2.811410054564476,1.6793990228325129
694272,694272,0.0406820738571696,0.01078564825002104,0.9227154105901718,0.43793009873479605,0.026892661000601947,0.012677409846219234,0.06824547704309225,0.3855235455557704
695296,695296,0.01482995854166802,0.030591464950703084,0.8359394706785679,0.3425393970683217,0.0008003803668543696,0.012929343603900634,0.46638474334031343,0.17844777833670378
696320,696320,0.012439937083399855,0.007328649393457454,0.8576374463737011,0.3410887960344553,0.013090378575725481,0.0074198934162268415,0.9016468673944473,0.6843975754454732
697344,697344,0.003252821072237566,0.001824266444600653,0.9611315038055182,0.19463934935629368,0.01252439257223159,0.0014445324368352885,0.8760632979683578,0.35414195322664455
698368,698368,0.015477888111490756,0.0039693091457593255,0.7625097706913948,0.26131318509578705,-0.018795868614688516,0.005278460957924835,0.21078143268823624,0.4606524286791682
699392,699392,0.03642923492589034,0.0043738794774981216,0.6809172555804253,0.355751084163785,0.06678073084913194,0.003639054044469958,0.0971754479687661,0.25199480820447206
700416,700416,0.014862884534522891,0.02325343446864281,0.6981893088668585,0.3750307969748974,-0.004084837390109897,0.007133475279260892,0.3765864004381001,0.14242863445542753
701440,701440,0.04786837473511696,0.003342120282468386,0.9860062208026648,0.4566079340875149,-0.005193610966671258,0.0016066804109868826,0.6780615989118814,0.17056712205521762
702464,702464,0.03241440581041388,0.003544524050084874,0.6305088717490435,0.33606224693357944,0.024408894358202815,0.003805104090133682,1.501365838572383,0.43721073772758245
703488,703488,0.018351314298342913,0.0019264011425548233,0.6123422291129827,0.27988423220813274,0.064890697656665,0.003549536719219759,2.843269608914852,0.9818044696003199
704512,704512,-0.0001074151077773422,0.001454114501029835,0.549001906067133,0.21139916637912393,-0.00551564316265285,0.00022061667573325394,0.9947372525930405,0.1541261977981776
705536,705536,-0.00961563060991466,0.050800451659597456,0.7679158989340067,0.3370583616197109,0.008998770092148334,0.0173667743219994,0.4432903230190277,0.4662248124368489
706560,706560,0.02053555560996756,0.023661508603254333,1.0154149755835533,0.3578026117756963,0.1277021176647395,0.011625785497017205,0.27687684865668416,0.9307198394089937
707584,707584,0.014844978039036505,0.008234856446506456,0.7154699992388487,0.2853696085512638,0.05039452444179915,0.010103447537403554,0.4154372797347605,0.5686686374247074
708608,708608,-0.007147569682274479,0.0019875442994816694,0.6127484571188688,0.15523473219946027,-0.012573962652822956,0.0025080702480408945,0.3261494254693389,0.18155270139686763
709632,709632,0.009720571077195928,0.004076681576407282,0.9031145088374615,0.21163471648469567,-0.000463906122604385,0.002164171028880446,0.2488201675005257,0.02982285397592932
710656,710656,-0.005703175556845963,0.024485626548994333,0.6668296176940203,0.3707873048260808,0.0541599317220971,0.008292970269394573,1.685317788273096,0.8038768693804741
711680,711680,0.023035760881612077,0.006968041052459739,0.6478129029273987,0.30909829353913665,0.019236442167311907,0.0030138415004330454,1.198762713931501,0.26127330877352506
712704,712704,0.012212801375426352,0.0015901969563856255,0.6558628473430872,0.27948813093826175,-0.0028610577865038067,0.0018872031139380852,0.8991199117153883,0.13587931846268475
713728,713728,0.02967664474272169,0.004009456592029892,0.6083842627704144,0.22364620491862297,-0.0007872069254517555,0.0013739110423500733,1.3400879297405481,0.21597575629130006
714752,714752,0.019372242633835413,0.006341625311506505,0.5697157699614763,0.25154072837904096,-0.0009659272618591785,0.001034099991045423,1.3446239158511162,0.21498150378465652
715776,715776,-0.004814631189219654,0.0425545119214803,0.9042487367987633,0.4209232348948717,0.10954833196592517,0.00584958814579295,1.4491999633610249,0.783347032032907
716800,716800,0.014144936751108617,0.018973165046190843,0.7592870909720659,0.35588332638144493,-0.005266441265121102,0.0027553916625038255,1.1264957040548325,0.3236393332481384
717824,717824,0.003946364304283634,0.008773282112088054,0.5795014221221209,0.21631489088758826,0.006713336886605248,0.001931216502271127,0.7308886190876365,0.12627019092906266
718848,718848,-0.004630655617802404,0.004070019087521359,0.9184513669461012,0.1651735540945083,-0.016372615238651633,9.36019359301099e-05,1.1953976638615131,0.2034675923641771
719872,719872,-0.003798595935222693,0.002130096752807731,0.9714468792080879,0.17348869470879436,0.007143477414501831,0.00028159487010270823,0.4311337654944509,0.059237684472464025
720896,720896,-0.0017014476616168395,0.014712210293509997,0.9263680297881365,0.2305951309390366,-0.0011944813595619053,0.0009962765052478062,0.05734021239914,0.015359652461484075
721920,721920,0.010534018103498966,0.004244017763994634,0.6729234606027603,0.33828768227249384,0.0721125865529757,0.00559019781940151,1.3510339856147766,0.5062798373401165
722944,722944,0.010659739251423161,0.005928902479354292,0.7673032842576504,0.31215026043355465,0.03286254941485822,0.006340398045722395,1.4541995488107204,0.3627314153127372
723968,723968,0.00861658352368977,0.004513155883614672,0.6468363218009472,0.3181917564943433,-0.0028832481475546956,0.0019847719067911385,1.1538039557635784,0.3187192529439926
724992,724992,0.0017029649316100404,0.004810168724361574,0.6710153743624687,0.2986781960353255,0.03177511347166728,0.00454909904874512,1.188531769439578,0.5643964679911733
726016,726016,0.011805992719018832,0.022499226426589303,0.8324531242251396,0.32623757142573595,0.030065602710237727,0.010311916019418277,2.0337089262902737,0.9000687766820192
727040,727040,0.007858859258703887,0.005276909934764262,0.912796488031745,0.3364654239267111,0.0972520534414798,0.012211352775921114,1.5067554228007793,0.9171027131378651
728064,728064,0.014427168818656355,0.006761230411939323,0.9371690563857555,0.32082028687000275,0.020939555281074718,0.02192547169397585,0.8531850036233664,0.7034182846546173
729088,729088,-0.007181951397797093,0.00352838062462979,0.9593246933072805,0.22005554102361202,0.01736203232576372,0.005040416122938041,0.1515564362052828,0.050756246666423976
730112,730112,-0.005517463374417275,0.016308011894579977,0.753258228302002,0.1365596812684089,0.09302276826929301,0.007405967829981819,2.818719694390893,2.0460693640634418
731136,731136,0.015862659725826234,0.005284099395794328,0.7861163597553968,0.3058570218272507,0.057031968637602404,0.015022825755295344,0.43392421025782824,0.6606775559484959
732160,732160,0.004735553389764391,0.006124560422904324,0.7237649355083704,0.28437453135848045,0.027615372237050906,0.016956054227193817,1.5979758985340595,0.828633626922965
733184,733184,0.00939162730355747,0.0029708107467740774,0.6789295729249716,0.2905781650915742,-0.007001675461651757,0.0011108122980658663,0.8389882668852806,0.2284491676837206
734208,734208,0.015813306672498584,0.004996596202545334,0.6296424455940723,0.294563046656549,0.02347363250737544,0.006693470058962703,1.2211851496249437,0.444598576053977
735232,735232,0.0038350663089659065,0.02855735675257165,0.63017138838768,0.2763508567586541,0.0811261699127499,0.00932898277824279,1.3690141290426254,0.4793170681223273
736256,736256,0.01984304268262349,0.009543244377709925,0.8612739779055119,0.32016236893832684,0.06844876985996962,0.00914373598061502,0.5902072926983237,0.7958995457738638
737280,737280,0.007874313916545361,0.0020834175702475477,0.562994496896863,0.2594372066669166,-0.012013979983748868,0.003102749295067042,0.32022332213819027,0.16446387930773199
738304,738304,0.0013896706223022193,0.0018368623459537048,0.5335096027702093,0.17477161949500442,-0.0036644756619352847,0.000797373787804645,0.3915120344609022,0.051127831102348864
739328,739328,0.0025816066190600395,0.0026167171617998974,0.49066533241420984,0.14624303695745766,-0.013607294225948863,0.000555523433149574,1.0652141105383635,0.1595621914602816
740352,740352,-0.025482352852122858,0.021962622500723228,0.7033511642366648,0.3243188289925456,-0.03447813738603145,0.0029361480847001076,1.74872188270092,0.40503345942124724
741376,741376,0.003795962082222104,0.013775008337688632,1.2646779008209705,0.5154913393780589,0.06188146289787255,0.012072487967088819,0.42347682919353247,0.542530064471066
742400,742400,0.015613951123668812,0.0022275419905781746,0.6648363880813122,0.2371099293231964,0.044823047443060204,0.010673880242393352,0.848269110545516,0.4043347160331905
743424,743424,0.02383708456181921,0.0020794764495803975,0.7820798549801111,0.26146561885252595,0.020611774059943855,0.0040213706670328975,0.6126994714140892,0.20160518260672688
744448,744448,0.0013666692393599078,0.0028700352886517067,0.4966051643714309,0.17559194145724177,0.05728587423800491,0.0062223950153565966,2.1286343913525343,0.8536700741387904
745472,745472,0.020056840090546757,0.018057332854368724,0.5715716108679771,0.35824071802198887,0.003141077992040664,0.01276474074984435,0.8518494768068194,0.2257750895805657
746496,746496,0.010741371632320806,0.0031233283298206516,0.4221479119732976,0.2035914217121899,0.007467465882655233,0.002141080367437098,0.05773669225163758,0.026778045517858118
747520,747520,-0.01259745069546625,0.001268116437131539,0.4064056184142828,0.16196810989640653,3.5037228371948004e-05,0.0005875897650184925,0.025093178323004395,0.0021587590454146266
748544,748544,-0.003268842789111659,0.0011936127461922297,0.41476484574377537,0.13818124891258776,-4.278525011613965e-05,0.00041337251536788244,0.0288225308759138,0.0025066122179850936
749568,749568,-0.0014162508596200496,0.00209380778051127,0.39286295883357525,0.1431685877032578,1.4414545148611069e-05,0.0003038231529899349,0.03374539315700531,0.00298481120262295
750592,750592,-0.014272702799644321,0.02934709214605391,0.4946846403181553,0.37501717265695333,-0.03324351157061756,0.01485111460351618,0.7188447210937738,0.1940598216606304
751616,751616,0.04356517325504683,0.004259653742337832,0.6661568377166986,0.49977868888527155,0.030864781030686572,0.006989802093812614,2.7626752108335495,0.7630278309807181
752640,752640,0.015511523946770467,0.0016964798705885187,0.5726850796490908,0.22371955635026097,-0.004029894189443439,0.0048069231000908985,1.0535226203501225,0.1565551129169762
753664,753664,0.01016442829859443,0.002246761061542202,0.5596748013049364,0.24429805018007755,-0.006760195465176366,0.004186244757534041,1.0980920121073723,0.16529455361887813
754688,754688,0.01223966405086685,0.003217313764253049,0.5002214163541794,0.2272700252942741,-0.008529158032615669,0.0034225173221784644,1.1209499891847372,0.1765553499571979
755712,755712,-0.022462446038844064,0.02779462562466506,0.9468811061233282,0.4576300401240587,0.024742797657381743,0.008445707062492147,1.2630187924951315,0.942066952586174
756736,756736,0.024218169564846903,0.008244970042142086,0.6174387410283089,0.24872682290151715,0.026034244219772518,0.004188559254544089,1.5907123908400536,0.7502835262566805
757760,757760,0.0023154885857366025,0.0030736282496945933,0.5324320737272501,0.18264518212527037,-0.005103003917611204,5.549675711336022e-05,1.0526632759720087,0.15406306507065892
758784,758784,0.015607907247613184,0.0034308838312426815,0.49983826745301485,0.1915101045742631,-0.01272899575997144,2.9916922699158022e-05,1.0869828891009092,0.16180457873269916
759808,759808,0.0033944573224289343,0.0026486543537203033,0.4907322684302926,0.17394657479599118,-0.01609905101940967,1.0518361065692261e-05,1.0180661622434855,0.15528933610767126
760832,760832,0.010891990081290714,0.0358157868613489,0.819579990580678,0.966879203915596,0.10608728037914261,0.019635643402580172,0.4675866411998868,1.6076776273548603
761856,761856,0.029848517770005856,0.02243137388722971,0.7862541526556015,0.4568828949704766,0.040890033342293464,0.02423789445310831,0.6071632923558354,1.0157716311514378
762880,762880,0.006248158228117973,0.005629343584587332,0.5225054351612926,0.25900223944336176,-0.009934354442520998,0.003078484083744115,0.18518817657604814,0.2249946726951748
763904,763904,-0.0006665324181085452,0.007597161624289583,0.5025491127744317,0.2337662111967802,0.048603871517116204,0.004077646884979913,1.8056160528212786,0.5637115971185267
764928,764928,0.004745368234580383,0.004388342048059712,0.47688682563602924,0.1854201452806592,0.00344957277411595,0.0009074702815041746,1.3274737279862165,0.22231881553307176
765952,765952,0.0018702931120060384,0.02831034827977419,0.588195476680994,0.3324835943058133,0.03388577816076577,0.0141482753388118,0.5301179587841034,0.614919307641685
766976,766976,-0.01224505876598414,0.0028220733620401006,0.5193947488442063,0.1736554023809731,0.002055513148661703,0.004549533349745616,0.11532333691138774,0.01223491010023281
768000,768000,0.019685979699715972,0.010096267607877962,0.6942622046917677,0.3430903470143676,0.0328701148100663,0.015614345684298314,0.4614263968542218,0.6046669641509652
769024,769024,0.00366968811431434,0.008081332154688425,0.617293132469058,0.23520779516547918,0.049655881128273904,0.010296014050254598,1.3495162408798933,0.4892416410148144
770048,770048,-0.008845338801620528,0.02479564311215654,0.7030542641878128,0.20780388871207833,0.07196059304988012,0.011922216595849022,2.287654560059309,0.9073592871427536
771072,771072,0.04091374085692223,0.020857777970377356,0.7664620410650969,0.4483403293415904,0.005919409581110813,0.04586815519724041,0.7671814225614071,1.7177896611392498
772096,772096,0.004785852070199326,0.0054558307165279984,0.787611547857523,0.3822335796430707,0.00934735924238339,0.009059224001248367,0.7258260194212198,0.26639842754229903
773120,773120,0.005493714939802885,0.004431646622833796,0.7745131552219391,0.3416363010182977,0.0651472375029698,0.009178185966447927,0.6211213357746601,0.22634994750842452
774144,774144,0.01237858846434392,0.0032521509092475753,0.6561136431992054,0.24753575446084142,-0.010632457328028977,0.0019047093910558033,0.8853169362992048,0.15522069996222854
775168,775168,0.008057840648689307,0.04228671209421009,0.8892440609633923,0.36215690523386,0.05213747243396938,0.03665782033931464,0.5739923799410462,0.9846442267298698
776192,776192,0.06518777564633638,0.04621591791510582,1.009641719982028,0.5190389668568969,0.09675768751185387,0.02943186095217243,1.526866391301155,1.5115610882639885
777216,777216,0.000866471411427483,0.0093010178024997,0.594747144728899,0.27792998123914003,-0.02294625565991737,0.011224632569792448,0.5494342194870114,0.3460309933871031
778240,778240,-0.006929618743015453,0.004111935228138464,0.5163892228156328,0.14080017269589007,0.06535248257569037,0.014174056064803153,0.2229738337919116,0.20361970271915197
779264,779264,0.015633475763024762,0.009352179229608737,0.767207033932209,0.33162287529557943,0.07991369350929745,0.016542215686058626,0.4632422486320138,0.8065453302115202
780288,780288,-0.002062626648694277,0.022200641920790076,0.6024080943316221,0.44859582372009754,0.05118265171768144,0.012478552496759221,0.3006293885409832,0.36674645356833935
781312,781312,0.010298577166395262,0.01588715228717774,0.7641490772366524,0.5866604810580611,0.030223207199014723,0.017967600375413895,0.5560548668727279,0.6968825850635767
782336,782336,0.017716184025630355,0.0050894909727503546,0.5775217637419701,0.3978371564298868,0.015395334921777248,0.008084038920060266,1.2616959884762764,0.4826289974153042
783360,783360,0.011227432813029736,0.0025494381261523813,0.5266794385388494,0.20453681470826268,-0.004988911081454717,0.003189355572999375,0.745225727558136,0.11644810496363789
784384,784384,0.014255590460379608,0.007104484298906755,0.6476284023374319,0.32094654254615307,0.043201328109717,0.0032378511587012326,1.5556159168481827,0.49645171128213406
785408,785408,0.012339427310507745,0.01966434408677742,0.6727068815380335,0.3263112045824528,-0.008538573572877795,0.008047225601330865,2.5679177045822144,1.0321492832154036
786432,786432,0.0217477212427184,0.003502660896629095,0.6469525955617428,0.3492127666249871,0.0674602574435994,0.0023800068520358764,1.931705042719841,0.6724540293216705
787456,787456,0.0026715591229731217,0.012842288066167384,0.8572890553623438,0.32252239156514406,0.06551808069343679,0.009745920047862455,1.3997623585164547,0.4395335651934147
788480,788480,0.024115045060170814,0.0059537632841966115,0.6368092950433493,0.3090950665064156,-0.023168680723756552,0.0013833579519086925,0.6891565704718232,0.18496731552295387
789504,789504,-0.0019360655278433114,0.0031335116691479925,0.5154048698022962,0.2129760943353176,-0.010016717918915674,0.0006882369043523795,0.3247947823256254,0.0472924712812528
790528,790528,-0.005871692002983764,0.041499948885757476,0.7195074837654829,0.8073060680180788,0.11850284959655255,0.05415371642448008,2.1179619673639536,1.8867938164621592
791552,791552,0.029872230181354098,0.04062263394007459,1.0061979480087757,0.8295712191611528,0.08900390152120963,0.053712577966507524,0.44072549417614937,3.684979662299156
792576,792576,0.036091635178308934,0.01204062117903959,0.9136415645480156,0.6678408049046993,0.09616026352159679,0.032354703987948596,1.045874122530222,2.1453031301498413
793600,793600,0.026353585737524554,0.005847450054716319,0.6639740709215403,0.384460779838264,0.012984314947971143,0.008314705162774771,1.241701103746891,0.4452859768643975
794624,794624,0.011353837529895827,0.006438343851186801,0.46012795716524124,0.21073113195598125,-0.0009291822207160294,0.004890208216238534,0.7865577284246683,0.20373459719121456
795648,795648,0.006903950692503713,0.024710665340535343,0.9485335312783718,0.5841398015618324,0.06940361854503863,0.021333269163733348,1.33947267010808,2.0236722826957703
796672,796672,0.03418737149331719,0.01860677110380493,0.9237487278878689,0.40978706162422895,0.04550060330075212,0.01708636910188943,1.3066367227584124,1.853528667241335
797696,797696,0.0003766914887819439,0.002827472566423239,0.6965959705412388,0.18945064395666122,-0.008030184224480763,0.0015580662875436246,0.9421354718506336,0.14515520655550063
798720,798720,0.01566824257315602,0.0057133975642500445,0.6169668342918158,0.19657102599740028,-0.01884943080949597,0.0018438919996697223,0.5950379790738225,0.11339667264837772
799744,799744,0.02553280076244846,0.015098523057531565,0.849074013531208,0.2840129346586764,-0.03906543787161354,0.004149717908148887,1.7710713371634483,0.7072556419298053
800768,800768,0.01988654853630578,0.025112193368840963,0.9552213102579117,0.37150484323501587,0.05344047237304039,0.01878447426133789,1.2347398921847343,1.1081839948892593
801792,801792,0.03133973640797194,0.014487300592008978,0.9314304143190384,0.3765809638425708,0.04599027932272293,0.01255592133384198,0.30986055359244347,0.6279379408806562
802816,802816,0.003092039449256845,0.0035622093819256406,0.8483799081295729,0.2073348150588572,-0.02189641780569218,0.0026880898603849346,2.307361278682947,0.7249255394563079
803840,803840,-0.0158488590241177,0.00414009185260511,0.9206659309566021,0.1903732125647366,-0.0020484196138568223,0.003706578085257206,2.4112677834928036,0.8714097458869219
804864,804864,0.017180591850774363,0.007973010127898306,0.7139240931719542,0.30025064619258046,0.04147618537535891,0.009247324400348589,0.08600241900421679,1.3327055908739567
805888,805888,0.035192397801438347,0.02408922865288332,0.810724513605237,0.549400208517909,0.09608819050481543,0.01200213517586235,0.2769165742211044,1.8316058181226254
806912,806912,0.010527612728765234,0.0057567936746636406,0.7524584140628576,0.29524822626262903,0.06814691150793806,0.011852448878926225,0.6599677130579948,1.083445642143488
807936,807936,0.01273086859146133,0.0016424295827164315,0.6000810004770756,0.2555374279618263,-0.00585391913773492,0.0022746468566765543,0.16810938529670238,0.12298525992082432
808960,808960,6.697009666822851e-05,0.0035244736754975747,0.6037224922329187,0.21199744241312146,0.038144619640661404,0.004212486277538119,1.8379510082304478,0.7722925551352091
809984,809984,0.0011551826901268214,0.005393606494180858,0.5965913850814104,0.23848864622414112,0.04243753616174217,0.0028982335861655883,0.8659880412742496,0.3903448018245399
811008,811008,0.02054162342392374,0.021586778937489726,0.7029047980904579,0.27278773626312613,0.05070681154029444,0.01540698591270484,0.7138698380440474,0.3339396067894995
812032,812032,0.008887614647392184,0.004946872519212775,0.5369658442214131,0.19882407365366817,0.000273319601546973,0.006799844813940581,0.5268450183793902,0.16345772240310907
813056,813056,0.0170756351435557,0.0040698650482227094,0.6944887824356556,0.23146093590185046,0.08289686194621027,0.010275470747728832,1.4978114813566208,0.8302194634452462
814080,814080,0.010556942550465465,0.00626422689674655,0.6858814097940922,0.25718577625229955,0.029175364528782666,0.0063572202634532005,0.854451276245527,0.2642588980961591
815104,815104,-0.009402853771462105,0.02160542766796425,0.6444538868963718,0.18233334878459573,-0.013435559259960428,0.005652849613397848,1.350237281061709,0.376947867218405
816128,816128,0.031147777219302952,0.03615773422643542,0.6503205765038729,0.2942638988606632,0.01897340509458445,0.014262829412473366,1.0045116320252419,0.5909803435206413
817152,817152,0.009945459751179442,0.004230909900797997,0.4945246744900942,0.13871079264208674,0.002116693794960156,0.001242130023001664,0.12768177525140345,0.013218236737884581
818176,818176,0.010515730566112325,0.005529728252440691,0.6272030752152205,0.2360711065120995,0.02338933787541464,0.005248534427664708,0.22580752754583955,0.28286739182658494
819200,819200,-0.005261522004730068,0.010916281113168225,0.5913181528449059,0.21983357379212976,0.019114346068818122,0.01033108780393377,0.6135512772016227,0.3719108593650162
820224,820224,-0.012375059974147007,0.02220357242913451,0.5252948086708784,0.2811773968860507,0.018154937817598693,0.005931700045039179,1.3638248704373837,0.3281315981876105
821248,821248,0.0013563777465606108,0.007308298459975049,0.8700615465641022,0.45759966038167477,0.05967867499566637,0.012967669521458447,0.7445250898599625,0.7259608265012503
822272,822272,0.008036931991227902,0.005093076164484955,0.8041850049048662,0.21064118715003133,-0.028362470504362136,0.0033280785246461164,0.8717522229999304,0.1555065318243578
823296,823296,-0.006035779559169896,0.0065759219469327945,0.9500528797507286,0.26510271104052663,0.003576889372197911,0.002087488886900246,0.10701535842963494,0.016440156497992575
824320,824320,0.0030816876387689263,0.010930150099738967,0.9631789736449718,0.2865626853890717,0.0850107746955473,0.011399936163797975,0.4599453816190362,0.6433424968272448
825344,825344,-0.00985725614009425,0.03299775981577113,0.6465724259614944,0.5882865954190493,0.09618530928855762,0.021875116624869406,1.0515245962888002,1.4272706657648087
826368,826368,0.06264641636516899,0.02968539053108543,0.90196986310184,0.7607439421117306,0.10765511239878833,0.03241865267045796,1.0337261632084846,1.9787683673202991
827392,827392,0.007012724876403809,0.010943665547529235,1.0331897735595703,0.41740494687110186,0.06559648321126588,0.027967415750026703,0.5668979827314615,1.7596962749958038
828416,828416,0.015582041654852219,0.004909046780085191,0.7357650194317102,0.20168060483410954,0.054154449520865455,0.012131016759667546,0.5173669774085283,1.1031871736049652
829440,829440,-0.0030474021332338452,0.001987793428270379,0.6114415396004915,0.1357865477912128,-0.00974402148858644,0.005236727699411858,0.1848210897296667,0.08954749949043617
830464,830464,-0.007696287881117314,0.019233295373851433,0.8039750307798386,0.33238499518483877,0.08446141990134493,0.015853475997573696,1.2738438416272402,1.0353372413665056
831488,831488,0.030149399666697718,0.01637862218194641,1.0774522088468075,0.56253990996629,0.09239933828939684,0.023847024189308286,1.262585062533617,1.8752582296729088
832512,832512,0.02645571978064254,0.008054781617829576,1.156101819127798,0.40412845741957426,0.14473113790154457,0.019866726390318945,1.8402899280190468,1.7738552764058113
833536,833536,0.023354858902166598,0.007702835602685809,1.1706368308514357,0.3631811896339059,0.03417974102194421,0.011866682878462598,1.3477524630725384,1.0417325552552938
834560,834560,0.014962552799261175,0.00759179174201563,0.772454297170043,0.29089216189458966,0.06399597565177828,0.012959689178387634,1.5304101929068565,1.6147883795201778
835584,835584,-0.00704789676819928,0.0212965929240454,1.2017261572182178,0.5087565304711461,0.030555495963199064,0.009418060843017884,1.1608689837157726,0.8331722654402256
836608,836608,0.020161762498901226,0.010258299022098072,0.9649381637573242,0.40564790554344654,0.05339518701657653,0.023464069148758426,0.5373208178207278,0.7864960301667452
837632,837632,0.02896294456149917,0.008988090237835422,0.8791946899145842,0.35395642556250095,0.056657389242900535,0.020003448909847066,0.44456258695572615,1.0018528439104557
838656,838656,0.005109317004098557,0.004336014346336015,0.6709655355662107,0.2396289547905326,0.07263020070968196,0.004500829010794405,1.0599487219005823,0.3703392199240625
839680,839680,-0.0038674325332976878,0.002809360095852753,0.556401384063065,0.21861502155661583,0.008102445222903043,0.0014637319382018177,0.7284537395462394,0.15635847975499928
840704,840704,0.006749719264917076,0.02699855926039163,0.6216364707797766,0.4567448594607413,0.08618241042131558,0.00891908016637899,1.9081521481275558,0.9395589381456375
841728,841728,0.028853049007011577,0.002924516342318384,0.5313764717429876,0.2570034358650446,0.08186402579303831,0.0005724329967051744,1.1773259304463863,0.4576688138768077
842752,842752,0.008179893120541237,0.00238763217930682,0.4935057070106268,0.18972329050302505,0.02060493006138131,0.0026970900453306967,0.8281938210129738,0.3033666186966002
843776,843776,-0.005980241869110614,0.0016423376782768173,0.8855177480727434,0.2932793446816504,-0.003058974922169,0.0015662073583371239,1.0844147112220526,0.27700397185981274
844800,844800,0.00905074694310315,0.0032132533960975707,0.43982594832777977,0.13487765565514565,0.0007993477047421038,0.00013261223489280383,0.0729442578740418,0.007012260612100363
845824,845824,-0.020874955545878038,0.02946489123860374,0.875950189307332,0.41795806121081114,0.002793217048747465,0.004187048332823906,0.1671441972721368,0.12479034531861544
846848,846848,0.0006168526306282729,0.004669767287850846,0.7107157129794359,0.25677947234362364,0.053532824269495904,0.011537897502421401,1.639749065041542,0.9809597320854664
847872,847872,-0.0021622001513605937,0.0027940301843045745,0.5837265430018306,0.17107457690872252,-0.003455165453488007,0.0007513068394473521,0.6918155634775758,0.13905609759967774
848896,848896,0.0032669762294972315,0.0027836822337121703,0.5299666645005345,0.15718479384668171,-0.017359818739350885,0.00019207353193451127,0.9806806165724993,0.1512059336528182
849920,849920,0.0011395761976018548,0.00571229869092349,0.6895648092031479,0.15971515071578324,-0.01841388427419588,0.002336907924473053,1.07151211053133,0.28617447474971414
850944,850944,0.01276756105653476,0.034158590191509575,0.8143352661281824,0.5994047177955508,0.045231280295411125,0.013295094802742824,0.7256000433117151,1.0617512967437506
851968,851968,-0.005526642271433957,0.01017905754270032,0.7173767574131489,0.3437454476952553,0.03326016475330107,0.020216579461703077,0.8303459985181689,1.4245219863951206
852992,852992,0.015229756012558937,0.011172845755936578,0.6798854600638151,0.27553505916148424,0.014921766531188041,0.015061195299495012,0.5950106214731932,0.6917007360607386
854016,854016,0.00508107605855912,0.004282537105609663,0.536920846439898,0.244408477563411,0.05004192050546408,0.005015586211811751,0.4574979767203331,0.4119123239070177
855040,855040,-0.0029443500679917634,0.017018529106280766,0.4554542452096939,0.2105345674790442,0.02880756845115684,0.00413427994135418,0.48868262954056263,0.133328206371516
856064,856064,0.039918553724419326,0.030934648762922734,0.6696647461503744,0.6610494926571846,0.03879609786963556,0.014099936641287059,0.7190987635403872,1.1149915345013142
857088,857088,0.01961602218216285,0.00951967781293206,0.7993230931460857,0.43583846278488636,0.03504438864183612,0.007246190551086329,0.8975491104647517,0.5122042065486312
858112,858112,0.008542491297703236,0.007171919874963351,0.6830589342862368,0.24986626394093037,0.050319281086558476,0.008912881261494476,1.6122599504888058,0.9602285120636225
859136,859136,0.004684321349486709,0.00600583448249381,0.6065770648419857,0.21527105988934636,0.03714101866353303,0.005101359962282004,1.508371777832508,0.3962033549323678
860160,860160,0.012522571545559913,0.024036312068346888,0.6058724671602249,0.32282380061224103,0.03802767849992961,0.013597942743217573,1.8180069159716368,0.6723103569820523
861184,861184,0.0074213446787325665,0.015395221533253789,0.9516715575009584,0.23077176976948977,0.018519615870900452,0.014105473921517842,0.27986503578722477,0.07562611199682578
862208,862208,0.009926861166604795,0.010302175505785272,1.0121272057294846,0.271654746029526,0.048846649850020185,0.012920707507873885,0.10892723989672959,0.736519955098629
863232,863232,0.0033328441786579788,0.0029406648136500735,0.7931325640529394,0.21491978224366903,-0.025025061855558306,0.005247524255537428,0.6168789323419333,0.30046353954821825
864256,864256,0.023027582064969465,0.003659995782072656,0.9819278102368116,0.23289287276566029,0.02694935756153427,0.004425300423463341,0.8490391802042723,0.5779310930520296
865280,865280,-0.022136454557767138,0.021146058876183815,0.4813366858288646,0.6186378244310617,0.052270975458668545,0.00938584503455786,0.15002348041161895,0.47881586011499166
866304,866304,0.027609236887656152,0.024814164731651545,0.9991460721939802,0.6119194962084293,0.0008487862651236355,0.01501957856817171,0.5869617369025946,0.7361010648310184
867328,867328,0.014584991513402201,0.005893297420698218,0.5363463684916496,0.26657905895262957,-0.0246811591059668,0.0033431061965529807,0.2430432364344597,0.7134898649528623
868352,868352,-0.002440275566186756,0.0019197454748791642,0.45702109951525927,0.18616111809387803,0.07407005166169256,0.0023811398896214087,0.8114952365867794,0.47751681972295046
869376,869376,-0.0010595665080472827,0.00324135822847893,0.39952049404382706,0.17618320370092988,-0.016370398341678083,0.0013150461254554102,1.7347121685743332,0.39500296022742987
870400,870400,-0.012887849588878453,0.018948190841911128,0.39602616894990206,0.7815018687397242,-0.04547256889054552,0.005600085707555991,1.7584868669509888,0.45628969417884946
871424,871424,0.017834100843174383,0.019081634614849463,0.7091521359980106,0.8287109825760126,0.04376591427717358,0.015185135940555483,1.0587909705936909,0.8602083213627338
872448,872448,0.0010645193688105792,0.003906811205524718,0.44142125453799963,0.15616750135086477,0.016946140443906188,0.0018994429647136712,0.9460310348076746,0.24617946409853175
873472,873472,-0.0036902727297274396,0.005206010660913307,0.5851921951398253,0.18301024427637458,0.10438673058524728,0.0006768862062926928,0.5844394732266665,0.3939240272156894
874496,874496,-0.003151902899844572,0.004236386485899857,0.6608108822256327,0.2146882431115955,0.006805616460042074,0.0001977642548354197,0.49656278965994716,0.08206185745075345
875520,875520,-0.01881255146872718,0.04002784367185086,0.8566991090774536,0.4899498261511326,-0.012802378187188879,0.031646470772102475,0.5776665676385164,1.1060238257050514
876544,876544,0.02774007842526771,0.02528127154801041,1.1559856161475182,0.5010396018624306,0.04425829736283049,0.028842221800005063,1.555582506582141,1.1140686962753534
877568,877568,-0.01479886869492475,0.006140148623671848,0.7322739064693451,0.2425316832959652,0.09611354331718758,0.013782389491098002,2.005048356950283,0.8738738894462585
878592,878592,0.003462413907982409,0.005749914598709438,0.7214783001691103,0.3084404096007347,0.025279533670982346,0.019949658832047135,1.359458914026618,0.6739159440621734
879616,879616,0.009145921052549966,0.0031037507360451855,0.4875929979607463,0.16189703065901995,0.021441505814436823,0.007584823748402414,0.4522354528307915,0.07022683904506266
880640,880640,-0.006430175519199111,0.018540476419730112,0.7382379863411188,0.36864383053034544,0.07320641272235662,0.010277782967023086,0.11440177308395505,0.9178131418302655
881664,881664,0.012286678713280708,0.009987025652662851,0.5805509053170681,0.21275979885831475,0.023962962557561696,0.012336694460827857,0.1862199439201504,0.7981172790750861
882688,882688,-0.014013411564519629,0.0035624515294330195,0.4988466138020158,0.15285850479267538,-0.00018328390433453023,0.0004049432827741839,0.20073818694800138,0.0225925010163337
883712,883712,-0.0009478634819970466,0.003718209567523445,0.46791387163102627,0.15037198597565293,-0.024066407160717063,0.0002595478886178171,0.9242007927969098,0.14218298066407442
884736,884736,-0.016126441885717213,0.008216641217586584,0.5430356804281473,0.17895683739334345,-0.030730696918908507,0.0006967197432459216,0.8772321064025164,0.2033494075294584
885760,885760,-0.00504606963659171,0.025527932128170505,0.5120545737445354,0.5374939292669296,-0.013045841886196285,0.0026185869210166857,1.1383289815858006,0.38916545640677214
886784,886784,-0.0004172168701188639,0.009795100508199539,0.5444359444081783,0.19223461439833045,0.014645488452515565,0.005331225300324149,0.9467230793088675,0.3133740467019379
887808,887808,0.012759937817463651,0.005121509173477534,0.4194458508864045,0.22173252515494823,-0.01724646992806811,0.003265624269261025,0.8597386395558715,0.5718544693663716
888832,888832,0.004028518320410512,0.0017762475908966735,0.396687681786716,0.1419613203033805,-0.0009457803680561483,0.0006425936229561557,0.4206093419343233,0.05344992742175236
889856,889856,-0.008090785471722484,0.004398709337692708,0.35385043919086456,0.09922154061496258,0.0023556258529424667,0.0021681898724636994,1.6232737563550472,0.29349769791588187
890880,890880,0.0071649647143203765,0.03191789414267987,1.0990447122603655,0.6446022558957338,0.043232472278759815,0.01617379713570699,1.2025696579366922,0.6391466949135065
891904,891904,0.02283397564315237,0.011746595177100971,0.8221481945365667,0.6834289617836475,0.024312971567269415,0.021006664726883173,0.7154869884252548,1.0814199429005384
892928,892928,0.014900357637088746,0.00432061986066401,0.7081730104982853,0.36682853335514665,0.011400775823858567,0.00563454126677243,0.32877757446840405,0.45206396002322435
893952,893952,-0.001661870046518743,0.0024150658246071544,0.4369567325338721,0.14192222757264972,-0.00024154980201274157,0.0002418320477772795,0.07697495818138123,0.007547355140559375
894976,894976,-0.003301564429420978,0.008782682634773664,0.421476848423481,0.14813138963654637,0.05637414543889463,0.0029208340547484113,2.1945721097290516,0.6773139657452703
896000,896000,0.014996691679698415,0.01904310946702026,0.9467436037957668,0.40208754502236843,0.09311847848584875,0.0360331276897341,1.484849724918604,1.3328966908156872
897024,897024,0.005527036963030696,0.003217256351490505,0.9860602486878633,0.36860933899879456,0.005860843404661864,0.016245643069851212,1.3590275794267654,0.6279945597052574
898048,898048,-0.020327700360212475,0.002649691312399227,0.5938970921561122,0.17855349369347095,0.005624063836876303,0.002589287671071361,0.053179652662947774,0.015043822058942169
899072,899072,-0.002782085328362882,0.006229224702110514,0.6803593020886183,0.26363264210522175,0.036932445102138445,0.00800619029905647,0.8538072975352407,0.3396942652761936
900096,900096,0.002396877098362893,0.021894254576181993,0.5477021969854832,0.19861651491373777,0.024320591881405562,0.011455692772869952,1.2580234184861183,0.4645502585917711
901120,901120,-0.009796508573344909,0.0072472963511245325,1.0122712422162294,0.3986982493661344,0.06792315474012867,0.017750101862475276,1.486339706927538,0.8675335459411144
902144,902144,-0.004611736658262089,0.0028370764266583137,0.621609115973115,0.19860719377174973,0.00685590342618525,0.006007690855767578,0.20187122374773026,0.05178077466553077
903168,903168,0.025122882652794942,0.003560631495929556,0.4856740841642022,0.22820601798593998,-0.006186860424350016,0.007972589512064587,0.17351086530834436,0.29049999616108835
904192,904192,-0.00633195745467674,0.005399289493652759,0.3530068714171648,0.09121477243024856,-0.002954702969873324,0.002990980859294723,0.4176906885113567,0.05682744522346184
905216,905216,-0.019137129755108617,0.021283071851939894,0.3781944317743182,0.25678631849586964,0.014812182926107198,0.01193903112289263,2.087624926120043,0.6702245119959116
906240,906240,0.002626573244924657,0.0046819522613077424,0.5816356260329485,0.5227424819022417,0.03136283483763691,0.009748879107064568,0.6124535808339715,0.480231449007988
907264,907264,-0.008861354130203836,0.001352397493974422,0.33154556527733803,0.09399550373200327,-0.004383262101328,0.00017475113509135554,0.8041260950267315,0.11525825958233327
908288,908288,-0.003891653788741678,0.0018806872294589994,0.29495662450790405,0.09137007757090032,-0.008701183411176316,3.8074076343264096e-05,1.0327158123254776,0.1557505705859512
909312,909312,-0.004482800140976906,0.0031368471989026148,0.3240143107250333,0.08130952878855169,-0.022814255411503837,2.446215835050225e-05,1.2442209236323833,0.20838894601911306
910336,910336,-0.027608230971964076,0.030957045310060494,0.5911198174580932,0.3061742028221488,0.021094849245855585,0.00939886079140706,1.6783971674740314,0.5703252954408526
911360,911360,0.0406893445760943,0.030978930473793298,1.2224120870232582,0.5400635292753577,0.031376942060887814,0.026971975719789043,0.5524243898689747,1.5921361818909645
912384,912384,0.007833810552256182,0.023302853718632832,0.9563195463269949,0.357487203553319,0.058125213588937186,0.022615664172917604,1.1429785657674074,1.3719097599387169
913408,913408,0.014373019264894538,0.008044790141866542,1.0370710920542479,0.47712264582514763,0.11441914715396706,0.012971717398613691,1.496271550655365,1.4196763262152672
914432,914432,-0.0038007012626621872,0.003497100609820336,0.8983790520578623,0.35949768126010895,0.0034061642654705793,0.003507844863634091,0.9161039888858795,0.3928750017657876
915456,915456,-0.011329599976306781,0.011591968330321833,0.6853997074067593,0.47595276962965727,0.028691823303233832,0.009414823318365961,0.7387247364968061,0.5119612254202366
916480,916480,0.03557071232353337,0.013114010012941435,0.9861864913254976,0.6923752352595329,0.10600199090549722,0.018688802898395807,0.5543705821037292,1.9284286834299564
917504,917504,-0.01075473360833712,0.0051541568609536625,0.717783160507679,0.2574961818754673,0.06816971756052226,0.009088052080187481,0.4446178264915943,0.49259292613714933
918528,918528,-0.003701862442540005,0.003386953721928876,0.4150755675509572,0.13425532006658614,-0.01106433107634075,0.0033891030748236517,1.2059385385364294,0.21030865446664393
919552,919552,-0.00026191610959358513,0.008583917820942588,0.401277806609869,0.12582171405665576,0.005096950277220458,0.0031877551173238317,0.9548390228301287,0.15566985099576414
920576,920576,0.008445093699265271,0.028182154812384397,1.1997063420712948,0.5835149753838778,0.13949452282395214,0.02333554078359157,0.9957011071965098,2.6850676238536835
921600,921600,0.020283104240661487,0.01829017515410669,0.7862504348158836,0.3706722380593419,0.044679016835289076,0.026236971287289634,1.1516092531383038,1.7493757978081703
922624,922624,-0.006102200597524643,0.006174697642563842,0.46096597518771887,0.15611354261636734,-0.0017888056754600257,0.0052139599865768105,0.8092389665544033,0.5029454845935106
923648,923648,-0.010437343356898054,0.007295532588614151,0.4285107087343931,0.12908446323126554,-0.026014906499767676,0.00032408253491666983,0.8685494493693113,0.14682468981482089
924672,924672,0.025278888206230476,0.006905260059284046,0.5229390915483236,0.21924272319301963,0.06536096907802857,0.001832055281738576,2.379531569778919,1.1948924446478486
925696,925696,-0.005075615044916049,0.034343514300417155,0.8062393274158239,0.7190298605710268,0.07799001406237949,0.02961248898645863,1.4317350685596466,1.7531916201114655
926720,926720,0.020890411193249747,0.026892334746662527,0.8960533011704683,0.5916751557961106,0.07550575892673805,0.028868456720374525,0.7579050306230783,2.0722516365349293
927744,927744,0.0039080766146071255,0.01946040434995666,1.0044880900532007,0.5389113435521722,0.07039508936577477,0.022469286544946954,0.9155846405774355,2.3872723430395126
928768,928768,0.01537330329301767,0.010123947606189176,0.6364209800958633,0.3128797225654125,0.05128241569036618,0.007645175355719402,0.9785883389413357,0.9881952553987503
929792,929792,0.009588078683009371,0.01157186618365813,0.4971944633871317,0.15954907680861652,0.061090395698556677,0.005741369750467129,1.7200314458459616,0.6834486117586493
930816,930816,-0.01949435952701606,0.014038564571819734,1.0246483627706766,0.4958275808021426,0.07151070446707308,0.010229777726635803,0.5895142536610365,0.35559851629659534
931840,931840,-0.009806835456402041,0.010981144878314808,0.8106152527034283,0.24183426797389984,0.023375672339170706,0.020869463915005326,0.9383463244885206,0.5689901653677225
932864,932864,-0.007222315616672859,0.0067744832776952535,0.5044992193579674,0.20832548243924975,0.037013106484664604,0.008651075761008542,1.244805458933115,0.5396062638610601
933888,933888,-0.005309448315529153,0.006340931169688702,0.6252083303406835,0.1634168499149382,0.014437257807003334,0.0029370003285293933,1.3831880390644073,0.3288420783355832
934912,934912,-0.0077969112971914,0.009966635967430193,0.4966761125251651,0.1572455675341189,-0.00962234748294577,0.0030366261235030834,0.8001797180622816,0.11666783317923546
935936,935936,0.002371253620367497,0.015850305862841196,0.6494239121675491,0.23383460147306323,0.049636193172773346,0.006755468115443364,1.6969305388629436,0.5710879461839795
936960,936960,0.003749179042642936,0.0022060675919419737,0.4560747276991606,0.13513626134954393,0.01530244450259488,0.0007697176896499514,0.8008924829773605,0.14865056559210643
937984,937984,-0.001955716696102172,0.00731369744244148,0.6566329170018435,0.2610593759454787,0.049441263516200706,0.003459561681665946,0.8079542028717697,0.3111302067991346
939008,939008,-0.005464569781906903,0.004914504013868282,0.6175156384706497,0.13233220344409347,0.0338996485224925,0.005348510621843161,1.4729367326945066,0.5016536354087293
940032,940032,-0.009180237932014279,0.021419657321530394,0.5847177123650908,0.17185834981501102,0.03832125579356216,0.0086912197584752,0.9909238833934069,0.4810658684000373
941056,941056,0.02691299190337304,0.04920932953245938,0.8836702387779951,0.49816974997520447,0.11369248968549073,0.030464615032542497,1.1152618490159512,2.7766484394669533
942080,942080,0.01727955267415382,0.02232177414407488,0.9719736687839031,0.4045868767425418,0.09511010989081115,0.018699354986893013,1.5138290356844664,1.6485642306506634
943104,943104,0.0035161317500751466,0.010738287790445611,0.9895969070494175,0.36941987089812756,0.014058853645110503,0.01132456655614078,1.4402667209506035,0.7359070517122746
944128,944128,-0.002791041857562959,0.008221143230912276,1.0312989633530378,0.3076446009799838,0.062252974923467264,0.010960593659547158,1.346032403409481,1.2343419305980206
945152,945152,-0.010041873320005834,0.01135072081524413,0.7289484813809395,0.24193081818521023,0.0559653238451574,0.013272518845042214,0.3475711620412767,0.2888769772835076
946176,946176,-0.0003167170216329396,0.008216371876187623,0.9228271506726742,0.2756469645537436,0.017702971992548555,0.007055915833916515,1.8202764727175236,0.7432657685130835
947200,947200,0.0038316914142342284,0.007349021063419059,0.769123550504446,0.2795106116682291,0.015051180758746341,0.01106652784801554,0.5632072258740664,0.3319021500647068
948224,948224,0.00510509722516872,0.0086891048704274,0.45512103382498026,0.14644155860878527,-0.012639569584280252,0.0013146950766440568,1.1751042325049639,0.1787137258797884
949248,949248,0.003461605723714456,0.009630843461764016,0.47533372696489096,0.1456214834470302,-0.019426030288741458,0.0010076600319735007,1.1508527919650078,0.1893693651072681
950272,950272,-0.0193807882751571,0.023333070188527927,0.5001976247876883,0.2368602603673935,-0.005230712005868554,0.0064276092816726305,2.6303396318107843,1.2142454832792282
951296,951296,0.016473672818392515,0.009443112430744804,0.8669985048472881,0.4095985945314169,0.021593413257505745,0.012644518821616657,1.4949983563274145,1.004448989406228
952320,952320,0.004579262007609941,0.0049507445728522725,0.5810058880597353,0.20829054480418563,0.021052619675174356,0.007284995495865587,0.757873302558437,0.18788293766556308
953344,953344,-0.013160722868633457,0.0024357647234865,0.5250132139772177,0.17822842951864004,0.057076498691458255,0.0028556326560646994,0.08749993098899722,0.25961588975042105
954368,954368,0.010520922209252603,0.007956895206007175,0.9033471178263426,0.2788413385860622,0.029257879767101258,0.011219494219403714,0.6832672655582428,0.8494640486314893
955392,955392,-0.023578944164910354,0.019827467011054978,0.9736487902700901,0.37912188889458776,0.06143014942063019,0.008169015622115694,1.2808756493031979,0.7152250185608864
956416,956416,0.01819933379010763,0.016195397009141743,0.9479258749634027,0.3897081557661295,0.06884118251036853,0.026148582983296365,0.6923625729978085,1.389210931956768
957440,957440,0.03498958644922823,0.012407849659211934,0.7063242960721254,0.37199361994862556,0.01948525186162442,0.019991099165054038,1.2798112407326698,0.8831512853503227
958464,958464,0.0038615514640696347,0.00481792139908066,0.7182660326361656,0.18380104238167405,-0.017799455992644653,0.0015855440178711433,3.5033390149474144,1.5939446073025465
959488,959488,0.007771472679451108,0.003895013371220557,0.5012047495692968,0.1720736799761653,-0.009540129394736141,0.0003019470582330541,0.662262269295752,0.12242679757764563
960512,960512,-0.0050667924515437335,0.01914401090471074,0.5648899413645267,0.8202086361125112,0.001289987238124013,0.004495673674682621,1.2415732275694609,0.4017278924584389
961536,961536,0.027768668485805392,0.004330888274125755,0.9522217996418476,0.2901434535160661,-0.014609402162022889,0.0010133024470633245,1.3706832863390446,0.2314383271150291
962560,962560,-0.013895969284931198,0.004034310932183871,1.125343982130289,0.26056209905073047,-0.0037750085175503045,0.0018497643650334794,1.3404820412397385,0.22537007462233305
963584,963584,-0.0010021753405453637,0.004357465626526391,0.6704631224274635,0.21372697968035936,0.02509175566956401,0.0038533221231773496,1.022623898461461,0.6659658122807741
964608,964608,0.007352942135185003,0.005581725643423852,0.7073617223650217,0.26663325028494,0.01786881234147586,0.010514913068618625,0.973990561440587,0.5974125880748034
965632,965632,-0.012732523551676422,0.03200055946945213,0.8520058169960976,0.3753573736175895,0.06694992481789086,0.011500980341224931,0.616677793674171,1.6573042310774326
966656,966656,0.0440892941551283,0.01870041384245269,0.7771000042557716,0.3838502475991845,0.02495561569230631,0.02053338204859756,0.7581601217389107,1.469898384064436
967680,967680,-0.002187603386119008,0.0064463676608284,0.5967392195016146,0.18577182199805975,-0.01229313519434072,0.003302938068372896,1.1769711561501026,0.24859016202390194
968704,968704,-0.011107354308478534,0.002006807528232457,0.615204319357872,0.16166252573020756,-0.005584519996773452,0.0017223322292920784,0.587918147444725,0.09622598858550191
969728,969728,-0.006294048944255337,0.002111324945872184,0.36469086166471243,0.09520265250466764,-0.00846191553864628,0.0010964104968707034,0.8404785543680191,0.13563948799856007
970752,970752,-0.007936088659334928,0.02967189665650949,0.9832628276199102,0.5324392449110746,0.033059515728382394,0.012134818258346058,1.1134710311889648,0.7887772591784596
971776,971776,0.024009798260522075,0.01183474384015426,0.76915143430233,0.4816956799477339,0.01966784702381119,0.009916295894072391,1.2705102264881134,0.4965843949466944
972800,972800,0.004022548513603397,0.005552836577408016,0.6640278249979019,0.2570470254868269,0.04853821761207655,0.005752521494287066,0.9362626764923334,0.3944370895624161
973824,973824,-0.005313969930284657,0.001903665077406913,0.5042097149416804,0.18194211414083838,-0.0052838757110293955,0.0025109720954787917,0.43798030726611614,0.05801687273196876
974848,974848,-0.006015297025442123,0.0032417839975096285,0.41636573150753975,0.12658091494813561,-0.00022276399249676615,0.001306614652207827,0.7674519009888172,0.10660769941750914
975872,975872,-0.006813755331677385,0.02309050492476672,0.7733297497034073,0.43629971239715815,0.04071740232757293,0.012087813884136267,1.166207391768694,0.7096030646935105
976896,976896,0.020972480371710844,0.007290868699783459,1.1581012234091759,0.3711286596953869,0.04985937266610563,0.008210940977733117,0.8483354728668928,1.1158070638775826
977920,977920,-0.008964354550698772,0.007353361288551241,0.7387024313211441,0.26199305849149823,0.03778762475121766,0.013928811400546692,2.1126138791441917,1.0906889773905277
978944,978944,0.0145620335242711,0.002916727513365913,0.4763784194365144,0.15284851635806262,0.037765640881843865,0.002049212187557714,1.6107505783438683,0.5900783650577068
979968,979968,-0.005683709532604553,0.002245751027658116,0.48610921297222376,0.1198811917565763,-0.012467949010897428,0.00026384147167846095,1.0042694751173258,0.15288319811224937
980992,980992,-0.005325625868863426,0.01608083478640765,0.5102941421791911,0.20012611779384315,0.011584658932406455,0.005736594721383881,0.9205234991386533,0.41245672199875116
982016,982016,-0.003753622397198342,0.0006538888883369509,0.40618924237787724,0.10912375408224761,-0.008456901123281568,0.00017258860430047207,1.073720907792449,0.1614157697185874
983040,983040,-0.006383858388289809,0.003388366138096899,0.48479801695793867,0.14759868918918073,0.020711288962047547,0.004345581939560361,1.6819775383919477,0.5635034637525678
984064,984064,-0.005667949953931384,0.003792663505009841,0.6583365388214588,0.24465725664049387,0.037971623620251194,0.005362298950785771,1.3687398992478848,0.5222968021407723
985088,985088,-0.005547563283471391,0.019470253930194303,0.6059929132461548,0.2699106284417212,0.05637072736863047,0.010087386282975785,2.1471738815307617,0.721015615388751
986112,986112,0.012028575263684615,0.011280013990472071,0.5548316976055503,0.46633280999958515,0.01936177336028777,0.018415077676763758,1.302488885819912,0.9263802375644445
987136,987136,-0.00128470579511486,0.0018854500285669928,0.6295145209878683,0.17860720353201032,0.030146335426252335,0.0036950551184418146,0.8492129258811474,0.21778247319161892
988160,988160,-0.002905088651459664,0.0007630726731804316,0.7464483305811882,0.1592196235433221,0.02571937008178793,0.0006028248935763258,1.1123313726857305,0.2805099542019889
989184,989184,-0.009281571343308315,0.0021365449647419155,0.899955565109849,0.16099561704322696,0.0011121928255306557,0.0010903985453296627,0.8799295285716653,0.147048854152672
990208,990208,-0.010853232874069363,0.03776149870827794,0.526880563236773,0.23584872344508767,0.004938086844049394,0.015155458560911939,0.6237794863991439,0.6589827686548233
991232,991232,0.01107816096919123,0.00961779548379127,0.7140119224786758,0.276599966455251,0.06420365290250629,0.02159511440549977,1.4629329610615969,1.4026269651949406
992256,992256,-0.009561434140778147,0.0025459494936512783,0.7397258952260017,0.14071030262857676,0.030997622874565423,0.006170350421598414,1.3186797657981515,0.34178785828407854
993280,993280,-0.001761887499014847,0.005211810443142895,0.7658748086541891,0.16062142653390765,0.0024128055665642023,0.005992030153720407,0.16015233239158988,0.028616743627935648
994304,994304,-0.0027171300898771733,0.006666722038062289,0.7616879604756832,0.2514120815321803,0.0899172649224056,0.00867803693836322,0.6508189560845494,0.5530697964131832
995328,995328,-0.01207970736140851,0.026816116471309215,0.7170364856719971,0.29017195105552673,0.0356134579051286,0.024767194845480844,1.777259610593319,1.1342304572463036
996352,996352,0.03548835917899851,0.025476648239418864,1.0150494035333395,0.4719210993498564,0.04774285125313327,0.03023411362664774,0.35274884197860956,2.274554055184126
997376,997376,0.021432760637253523,0.005533007875783369,0.5471305511891842,0.5086506535299122,0.08436370528943371,0.00745146356348414,1.9137994460761547,0.6757344519719481
998400,998400,0.0038307628710754216,0.003031821484910324,0.4403830459341407,0.2306899488903582,0.10194548679282889,0.008071027143159881,1.4451647400856018,0.7164058312773705
999424,999424,-0.0014525319274980575,0.003314568744826829,0.4227569857612252,0.1502654291689396,-0.004052964795846492,0.00222583923550701,1.7680549006909132,0.33521883515641093
1000000,1000000,-0.0007833747513359413,0.025773540801310446,0.3415144784376025,0.07449911872390658,-0.003925227257423103,0.003389159418293275,1.141466698050499,0.17233400456607342
