step,agv_actor_loss,agv_value_loss,agv_entropy,agv_approx_kl,pick_actor_loss,pick_value_loss,pick_entropy,pick_approx_kl
1024,0.183989625191316,0.04134217946557328,4.519327059388161,1.603909220546484,0.19873524829745293,0.046917732746805996,4.43869761377573,1.95440673828125
2048,0.08178125810809433,0.031021034170407802,3.631068639457226,0.6052447026595473,0.10177430335897952,0.013553154742112383,3.0354773104190826,0.7213422656059265
3072,0.011353386988048442,0.020640540518797934,3.030820570886135,0.27381033170968294,0.034212263650260866,0.009064076526556164,2.2840373814105988,0.3436603285372257
4096,0.008406472130445763,0.018640712049091235,2.8745561242103577,0.21135861799120903,0.017875646648462862,0.006258870169403963,2.0355865582823753,0.2574396878480911
5120,0.051503553288057446,0.020955090323695913,2.8380039259791374,0.30871017556637526,0.031753001268953085,0.003640992181317415,1.9412230513989925,0.26063624303787947
6144,0.09812773845624179,0.019905860885046422,2.6478150486946106,0.7142770942300558,0.02652699130703695,0.002229275258287089,1.5871432684361935,0.34495651721954346
7168,0.03377052562427707,0.024460856744553894,2.4130421429872513,0.36792468279600143,0.000361897109542042,0.009354235633509234,1.3767682686448097,0.21552605461329222
8192,0.028933333698660135,0.025729363202117383,2.263745851814747,0.30431360471993685,0.002063253428786993,0.009847444271144923,1.194391693919897,0.16286042286083102
9216,0.02302167675225064,0.021945973217952996,2.075385246425867,0.2828221647068858,-0.0032755410647951066,0.0016255557675322052,1.2927448339760303,0.1696937414817512
10240,0.01568571725510992,0.025509225553832948,1.8664575330913067,0.2515184683725238,0.0001930864673340693,0.0031202209065668285,1.2844415493309498,0.16516300244256854
11264,0.007704907126026228,0.02699420478893444,1.4997046068310738,0.1917750588618219,-0.01231138821458444,0.0033389218588126823,1.4732456877827644,0.21537316078320146
12288,0.004635355086065829,0.022111902944743633,1.6399427652359009,0.18282872578129172,-0.017676793911959976,0.001435874008166138,1.188793744891882,0.1677480915095657
13312,0.0031323629518738016,0.021885948081035167,1.6748966798186302,0.1933819893747568,-0.00631303497357294,0.007815932869561948,1.1408916469663382,0.16674742312170565
14336,0.00041911317384801805,0.022542786377016455,1.5255902968347073,0.18982848385348916,0.012254397966898978,0.002446247570333071,0.5589911816641688,0.0642624496249482
15360,-0.00738852922222577,0.021727861370891333,1.3597132824361324,0.16557405004277825,-0.003312036773422733,0.004555899598926771,0.6908518653362989,0.06131978263147175
16384,0.0046822102449368685,0.018329768121475354,1.229001708328724,0.13245435408316553,0.0008575917745474726,0.0004131557157052157,0.7351395785808563,0.0701768402941525
17408,0.0014409271825570613,0.027371708652935922,1.3426612727344036,0.14277715468779206,0.001180245220893994,0.0003571730489966285,0.9150142278522253,0.09793936251662672
18432,-0.0048884208663366735,0.022194892982952297,1.4174694269895554,0.1738910279236734,-0.004602018336299807,0.0006209703587956028,1.3386848717927933,0.15337673830799758
19456,0.0017011684103636071,0.03605882980627939,1.4395056515932083,0.15991922421380877,-0.00861526999506168,0.007472057470295113,1.529410246759653,0.1989281284622848
20480,0.0063394598255399615,0.039214242598973215,1.4490126110613346,0.1789131611585617,0.00039227496017701924,0.009998234272643458,1.5126993246376514,0.20214439602568746
21504,0.0013046599342487752,0.03934369480703026,1.467066016048193,0.1974322386085987,-0.011550204595550895,0.008782523047557333,1.5145788714289665,0.20576872862875462
22528,0.0012127367372158915,0.029829722945578396,1.4915637969970703,0.18943484453484416,-0.002156731381546706,0.007928083563456312,1.3353963755071163,0.17657107301056385
23552,0.003274361675721593,0.028093642555177212,1.3971255719661713,0.17656818218529224,-0.012669280025875196,0.0014465289332292741,1.3367942571640015,0.16761205345392227
24576,0.0020664348267018795,0.019232751743402332,1.4650532752275467,0.15558400005102158,-0.010826830053701997,0.0011120379840576788,1.1983761582523584,0.13676297664642334
25600,0.0002486523299012333,0.02476259763352573,1.589942879974842,0.18048969050869346,-0.010741418896941468,0.012800460754078813,1.5587242506444454,0.21829967433586717
26624,0.0005648970836773515,0.025763051526155323,1.3628674522042274,0.1448126786854118,-0.00035929508158005774,0.012129347698646598,1.4030429981648922,0.19335028668865561
27648,0.00470953880721936,0.03242353745736182,1.449378464370966,0.16575049655511975,-0.015161734452703968,0.003996896346507128,1.2192211337387562,0.1541803504806012
28672,-0.000396665622247383,0.029855425760615617,1.556436538696289,0.1673157587647438,-0.01076297223335132,0.02260692627169192,1.5151224471628666,0.2647113283164799
29696,0.0008088852628134191,0.026996557193342596,1.5067368671298027,0.18881065538153052,0.011430312471929938,0.005991539248498157,0.5320705780759454,0.11910924641415477
30720,0.00046628506970591843,0.016281805030303076,1.3914851807057858,0.19830867601558566,-0.0011255367717240006,0.003696784424391808,0.35464935936033726,0.03157145989825949
31744,-0.00031687176669947803,0.02076198675786145,1.3600378446280956,0.1924024266190827,-0.007382856943877414,0.000759689948608866,0.8162916889414191,0.10772914835251868
32768,0.003992059646407142,0.018831692927051336,1.4048731066286564,0.150760177988559,-0.0067641001514857635,0.0003472519056231249,1.0433352552354336,0.14410767192021012
33792,0.0001630718179512769,0.017001431580865756,1.396897904574871,0.1539300363510847,-0.01655764560564421,0.0004536289106908953,1.152981135994196,0.15301394509151578
34816,-0.000644778716377914,0.03672540350817144,1.40232527628541,0.1799800512380898,-0.013736425797105767,0.017380073899403214,1.558112096041441,0.2816672786138952
35840,-0.005649827347951941,0.02673013269668445,1.3389789797365665,0.1767403082922101,-0.030099336057901382,0.010437376535264775,0.8955370094627142,0.19528285739943385
36864,0.010031444471678697,0.025836493587121367,1.3921458646655083,0.20251893112435937,-0.019055053358897567,0.009510522642813157,0.9622769318521023,0.19655081583186984
37888,0.00017242235480807722,0.027659479063004255,1.3870184570550919,0.20763256028294563,-0.004044271074235439,0.004490114944928791,0.6463260427117348,0.11053801199886948
38912,-0.003755104844458401,0.01743384968722239,1.2521583698689938,0.18507057940587401,0.0029832042928319424,0.003076120941841509,0.17365044727921486,0.022354870452545583
39936,-0.004827549200854264,0.02076627395581454,1.226064309477806,0.17551892064511776,2.6472669560462236e-05,0.0010593063525448088,0.09299746924079955,0.006694851326756179
40960,-0.0062564043764723465,0.04087963351048529,1.0663718543946743,0.15633984887972474,-0.000861623149830848,0.01636928790685488,0.11232428532093763,0.008454171766061336
41984,0.0006999277393333614,0.01922704034950584,1.1301107071340084,0.18276791041716933,-0.0011097890383098274,0.0067250900028739125,0.174434594810009,0.015389101346954703
43008,0.0001048705744324252,0.022482248896267265,1.1066267751157284,0.1674937275238335,-0.03025707192136906,0.003520927497447701,0.8099903995171189,0.1556388124008663
44032,-0.011234780446102377,0.02636624942533672,1.062010994181037,0.13475569081492722,-0.03921467380132526,0.0009537782207189593,0.8511770125478506,0.182321589672938
45056,-0.0011657920549623668,0.02755890297703445,1.2017514742910862,0.16312934318557382,-0.019312720542075112,0.0031912865888443775,1.6496650874614716,0.5354047827422619
46080,0.00148472666478483,0.030633338959887624,0.8433312308043242,0.10249220603145659,0.014621665817685425,0.0194469373091124,0.17041105800308287,0.05311142580467276
47104,-0.0029106323345331475,0.027805856720078737,0.929383622482419,0.1359459082596004,-0.0006439113058149815,0.002115934905305039,0.05313616758212447,0.004106649605091661
48128,-0.001051819883286953,0.029089823307003826,1.0652240924537182,0.1501919748261571,-0.007633110100869089,0.00181036485992081,0.18178116623312235,0.02180640574079007
49152,-0.0010755592520581558,0.027677725825924426,1.0396799817681313,0.1438797232694924,-0.00501829176209867,0.0015005362838564906,0.5694993361830711,0.08304048131685704
50176,-0.008137304801493883,0.03434407454915345,1.1418831497430801,0.1627637790516019,-0.016299813840305433,0.0025235668726963922,0.977043335326016,0.17355002788826823
51200,-0.003928854406694882,0.026097509544342756,0.9572797864675522,0.09558688662946224,-0.023531336104497313,0.001454885516068316,0.9422404421493411,0.15338671155041084
52224,-0.007591349392896518,0.030308724381029606,1.3053674176335335,0.1430026434827596,-0.017837697581853718,0.007995646359631792,1.7462186142802238,0.450558811891824
53248,-6.057528662495315e-05,0.01788402983220294,1.4151736050844193,0.18067027116194367,0.03632418690540362,0.0006017865025569336,1.192401041276753,0.3369732638821006
54272,-0.009993169733206742,0.024446274852380157,1.549775369465351,0.16560279950499535,0.0012382726708892733,0.00023509079784389542,1.0209247712045908,0.11426965449936688
55296,-0.03572909279318992,0.010741734644398093,2.6440709680318832,0.7479968564584851,-0.021678685443475842,0.0021706464231101563,1.3207190297544003,0.1873979540541768
56320,0.0030018599354662,0.010401529332739301,0.4208840215578675,0.028832408832386136,-0.007448982330970466,6.37572435380207e-05,0.25490165315568447,0.03087610163493082
57344,-0.001983602240215987,0.004086535966052907,0.4640866545960307,0.026791067386511713,-0.005095637228805572,1.1688822539213106e-05,0.8402596404775977,0.12266189535148442
58368,-0.001320237119216472,0.01056812223396264,0.47733483649790287,0.03731301100924611,0.007702623959630728,0.008247523859608918,1.0546610988676548,0.1608065264299512
59392,-0.0025270962141803466,0.023074952128808945,0.6368362456560135,0.05969430191908032,-0.0017695736314635724,0.0069464596490433905,1.397617619484663,0.22948933625593781
60416,-0.00040634562901686877,0.033639272034633905,0.7857543807476759,0.0956087177619338,-0.031096799357328564,0.022877884679473937,1.3660637103021145,0.2318982994183898
61440,-0.0016557503113290295,0.030260221858043224,0.7383164446800947,0.0913319366518408,-0.0054758189944550395,0.0043605048886092845,0.6022330615669489,0.07591482321731746
62464,0.003184037544997409,0.027065918256994337,0.9957314785569906,0.13558118930086493,0.0026280104648321867,0.009201569038850721,0.9245619513094425,0.15557594480924308
63488,0.005075932916952297,0.02951442956691608,1.1766226664185524,0.1677994285710156,-0.003421894900384359,0.0015590105940646026,1.1320315469056368,0.1823574504815042
64512,-0.0025136877520708367,0.04478428536094725,1.2588031813502312,0.1801326358690858,-0.013837189151672646,0.014649118878878653,1.7501915656030178,0.32338661327958107
65536,-0.0007198277307907119,0.027419617515988648,1.1055115945637226,0.15513870026916265,-0.0011786638060584664,0.008404811422224157,1.0036034174263477,0.20250863884575665
66560,-0.00991788721876219,0.027989620284643024,1.2876972444355488,0.1750488174147904,0.0030459088447969407,0.002050280567345908,0.3573778048157692,0.04624722769949585
67584,-0.0015930276567814872,0.022351819410687312,1.2206367999315262,0.16151366801932454,-0.005690284961019643,0.00874090574143338,0.574128613807261,0.08549098984804004
68608,-0.0033905364107340574,0.024210133240558207,1.1407033540308475,0.14045914798043668,-0.015746640725410543,0.0010833634642040124,0.919061679393053,0.1467688891571015
69632,-0.00430204912845511,0.025126314081717283,1.1769958138465881,0.1526676081120968,-0.00041656946996226907,0.007654866116354242,1.304732359945774,0.21680341428145766
70656,-0.00993919609754812,0.035478669102303684,1.3043278753757477,0.1731271860189736,-0.031225118320435286,0.012597139808349311,1.427847232669592,0.24717296520248055
71680,0.003668407443910837,0.02991559001384303,1.0526161715388298,0.12530697346664965,0.003754381730686873,0.007567706590634771,1.2903775870800018,0.20952957938425243
72704,-0.002458838338498026,0.03547698585316539,1.1639033667743206,0.14373552799224854,-0.0062639508687425405,0.01275664496643003,1.1936167851090431,0.1939365651924163
73728,-0.0014637746789958328,0.02558622631477192,1.3108924329280853,0.15832598158158362,-0.005838319280883297,0.0038196743807930034,0.7679578959941864,0.09419225167948753
74752,-0.008909817406674847,0.02234890655381605,1.3557986095547676,0.17272133706137538,-9.909021900966763e-05,0.0004923759788653115,0.7203715592622757,0.08890657022129744
75776,-0.002472413587383926,0.030447578406892717,1.3308227397501469,0.15803776029497385,-0.018584213335998356,0.0024032536530285142,1.029628338292241,0.14663188299164176
76800,-0.009033851412823424,0.023062098247464746,1.3683709651231766,0.1626721196807921,-0.013849405106157064,0.006333549979899544,1.6961418204009533,0.2727446579374373
77824,-0.0003664473333628848,0.034048107685521245,1.2566403150558472,0.15159562276676297,0.006326089845970273,0.010994639742420986,0.8046011868864298,0.13487650454044342
78848,-0.0015732140745967627,0.029209063679445535,1.3185391947627068,0.16533482633531094,-0.006895078025991097,0.0009201176017086254,1.2723179049789906,0.18696340126916766
79872,-0.0008829428115859628,0.030982240044977516,1.3226307034492493,0.14987520221620798,-0.030983185773948207,0.001047381976604811,0.9446831867098808,0.12745961383916438
80896,-0.006296839710557833,0.03789945936296135,1.3861433304846287,0.18890857603400946,-0.022129344928544015,0.015829683470656164,2.0838905945420265,0.5783494864590466
81920,0.004607025417499244,0.04649026249535382,1.3174028359353542,0.20051830308511853,0.019219637324567884,0.011618601041845977,0.3726715724915266,0.12468521576374769
82944,0.002810960606439039,0.03314035665243864,1.201469212770462,0.18244938319548965,0.0004298018175177276,0.008239506678364705,0.08450855570845306,0.006375329219736159
83968,-0.0020199526043143123,0.016541246004635468,1.2275252938270569,0.19541718531399965,-0.0009488806535955518,0.0041242541337851435,0.09320029150694609,0.007224274566397071
84992,-0.0020647514902520925,0.010357286257203668,1.157453466206789,0.16091290581971407,-0.004360209160950035,0.0005476952574099414,0.22356613702140749,0.023229490499943495
86016,-0.014590635953936726,0.019769671402173117,1.168330118060112,0.16246298095211387,-0.030778000538703054,0.006125032690761145,1.1637218361720443,0.2084043642389588
87040,-0.0042089713824680075,0.03377335047116503,0.8403448779135942,0.11561590060591698,-0.0026032359746750444,0.007867276632168796,1.0869927629828453,0.16980349808000028
88064,-0.00565746620122809,0.03343198966467753,0.8759061507880688,0.11744065396487713,0.008384632703382522,0.0085237817329471,1.4537410959601402,0.2563710536342114
89088,-0.0001331425446551293,0.030328817665576935,1.0659274458885193,0.15052707213908434,0.009026399056892842,0.007984439607753302,1.281000455841422,0.2029770549852401
90112,-0.010079693354782648,0.02800506813218817,1.2069641537964344,0.1610057414509356,-0.015831041790079325,0.010159596771700308,1.4144685305655003,0.22090666135773063
91136,-0.013916013485868461,0.030526400718372315,1.1631959080696106,0.1533058201894164,-0.03494606862659566,0.0010914739468717016,1.0953060537576675,0.17143226484768093
92160,-0.008416090568061918,0.0385498262476176,1.1342182122170925,0.15319729736074805,0.00010283043957315385,0.008026566018088488,1.0669321473687887,0.17282151454128325
93184,-0.002959838617243804,0.03636339359218255,0.97769720479846,0.12706843903288245,-0.028772418489097618,0.0007619231701028184,1.1605151668190956,0.18712035426869988
94208,-0.006405045511201024,0.03259159211302176,1.2227501049637794,0.18846720969304442,-0.010353338089771569,0.007294199171155924,1.8979837968945503,0.4097744431346655
95232,0.0037207434797892347,0.06318371673114598,0.9729109611362219,0.1311752493493259,-0.019705985076143406,0.009553276700899005,1.887406226247549,0.45706011168658733
96256,-0.0075612973887473345,0.02740182279376313,1.1503202468156815,0.17084046686068177,0.006716356729157269,0.008467193016258534,0.10862620448460802,0.01491528149927035
97280,-0.005269226589007303,0.025640617473982275,1.2675004377961159,0.1817381465807557,0.0008451362955383956,0.009826850611716509,0.0378910624422133,0.0031054876162670553
98304,-0.00016309376223944128,0.04252594185527414,1.0526575148105621,0.15098511800169945,-0.0007870693516451865,0.0012227723582327599,0.03963638551067561,0.003212741401512176
99328,-0.0004869476251769811,0.02093497075838968,1.1413847282528877,0.15507134515792131,-0.00023300002794712782,0.00040948699142973055,0.04051778477150947,0.0030972325475886464
100352,-0.001941323876962997,0.03570899844635278,1.0980484057217836,0.14680122025310993,-0.005963031959254295,0.00340198377307388,0.13170719135086983,0.01411205786280334
101376,-0.008281944072223268,0.038723798119463027,1.1988915987312794,0.17292519472539425,-0.03246266097994521,0.0003066480380766734,1.3460631985217333,0.28495793539332226
102400,-0.011227091308683157,0.04489110375288874,1.230818271636963,0.19166665943339467,0.0083129329723306,0.026146430463995785,0.9374773325398564,0.18864885019138455
103424,0.0008254387648776174,0.03364099812461063,1.0613894294947386,0.16035030083730817,0.01271039800485596,0.0018421903223497793,0.6723506147973239,0.12317610142054036
104448,-0.00331119482871145,0.017821935063693672,1.2242106460034847,0.19009274570271373,-0.002564406080637127,0.00586937752814265,0.8325169393792748,0.1253846234176308
105472,-0.0153916742419824,0.02890320442384109,1.158475186675787,0.17558114835992455,-0.054383023612899706,0.0031279521135729738,1.0737116187810898,0.18832985567860305
106496,-0.007727769174380228,0.01830759269068949,0.9884496238082647,0.11983579723164439,0.0003749926690943539,0.008820522009045817,0.10033735167235136,0.00814539153361693
107520,-0.003351906460011378,0.023876720282714814,1.2495867796242237,0.15244055213406682,0.001569354732055217,0.008881019522959832,0.5425762431696057,0.06925467681139708
108544,-0.0033722702355589718,0.0525388770038262,1.2052738219499588,0.15218977304175496,-0.023186765960417688,0.007894658774603158,0.793933879584074,0.1164184685330838
109568,-0.006497510112239979,0.04419666016474366,1.3360132575035095,0.18876156583428383,0.002602036198368296,0.031244303565472364,0.37758466228842735,0.0579770264448598
110592,-0.028023745864629745,0.03379026131005958,1.0584945417940617,0.12687293766066432,-0.03734496190736536,0.008056216698605567,0.7692058496177197,0.15112876321654767
111616,-0.016416687663877383,0.01603186735883355,0.9631137643009424,0.10361802985426039,0.0025542895309627056,0.005995128332870081,0.07606214506085962,0.006373912328854203
112640,-0.0075627984770108014,0.019947779073845595,1.454334869980812,0.18146501807495952,-0.0024203303328249604,0.0021946447268419433,0.07611064938828349,0.006554876628797501
113664,-0.013775003695627674,0.018704101094044745,1.3429538756608963,0.16745745111256838,-0.02341341823921539,0.0011782406727434136,0.424636650364846,0.05798291205428541
114688,-0.013280475432111416,0.019589927716879174,1.295375682413578,0.13905876246280968,-0.00015803601127117872,0.0002986670509699252,0.14372698683291674,0.013143023126758635
115712,-0.010580916728940792,0.03035165258916095,1.1869429908692837,0.13533713901415467,-3.04922868963331e-05,0.008438046817900613,0.4218038534745574,0.05451239104149863
116736,-0.013143770411261357,0.03782098420197144,1.33976386860013,0.16746274009346962,-0.005038487783167511,0.0099195389484521,1.2192924041301012,0.2041999832727015
117760,0.002089815301587805,0.047952664201147854,0.9906306359916925,0.1496331833768636,-0.005343104188796133,0.00819787287764484,0.7806249056011438,0.12093228450976312
118784,-0.009424553034477867,0.029766036837827414,1.2360862419009209,0.1694327590521425,-0.0045321055222302675,0.006733475420332979,1.8157190307974815,0.3669201610609889
119808,-0.009086202844628133,0.037100993387866765,1.22679228708148,0.165466514416039,0.0049420405412092805,0.008171826859324938,1.449669511988759,0.2639840957708657
120832,-0.005476064747199416,0.05310507316607982,1.03312411531806,0.1418000862468034,-0.015744548305519857,0.004204029908578377,1.011980477720499,0.15651510073803365
121856,-0.0035486979759298265,0.043394515523687005,1.0551422871649265,0.1371223726309836,-0.020608742284821346,0.001247429674549494,1.0163254961371422,0.1835511529352516
122880,-0.0019276759267086163,0.037759872153401375,1.092672910541296,0.1488589933142066,-0.006636615653405897,0.014680265012430027,1.3529083915054798,0.280332715716213
123904,-0.00014375831233337522,0.052447494002990425,1.050072742626071,0.14268051693215966,-0.0010733236704254523,0.015246486451360397,1.6768681518733501,0.3971028095111251
124928,0.001152301556430757,0.035726194619201124,1.1630625426769257,0.16117222839966416,0.006949631497263908,0.009461562760407105,0.8674246706068516,0.18330335547216237
125952,-0.0043310588371241465,0.04406201571691781,0.9418164975941181,0.09837896469980478,-0.04813417574041523,0.015223899550619535,0.5857817083597183,0.09178012295160443
126976,-0.0034490566176827997,0.04616799933137372,1.1251502707600594,0.12611580174416304,0.0032859715283848345,0.007944367906020489,0.2605222095735371,0.035244339087512344
128000,-0.0031578472116962075,0.0180824373383075,1.4109888933598995,0.18809370091184974,0.0006250317092053592,0.008696439304912928,0.8079166878014803,0.11939876282121986
129024,-0.01293177210027352,0.03072475374210626,1.343350488692522,0.17478115251287818,0.004146474413573742,0.000849824832585,1.2281168885529041,0.18836470786482096
130048,-0.005801912680908572,0.04249876586254686,1.1452982872724533,0.1310009576845914,-0.015285725821740925,0.01183551775466185,1.3502333462238312,0.20764178596436977
131072,0.0007548278954345733,0.04250989155843854,1.1657505333423615,0.14057009085081518,-0.012904373172204942,0.018121414206689224,1.1119002029299736,0.16717427945695817
132096,-0.01027544352109544,0.04997564782388508,1.2679924815893173,0.17462072614580393,0.012749865709338337,0.03514944313792512,0.4398182393051684,0.06734203099040315
133120,-0.001059491652995348,0.040306552255060524,1.1559387892484665,0.15166133409366012,-0.001075677209882997,0.005893334018765017,0.5664536394178867,0.07334873301442713
134144,-0.0008708730456419289,0.023583483009133488,1.1587667688727379,0.1591731021180749,-0.0042714028095360845,0.009340253956906963,1.2367572374641895,0.19393151253461838
135168,-0.003354497253894806,0.040914419339969754,1.182452391833067,0.15998110501095653,-0.033575018620467745,0.01107888590922812,1.4151213243603706,0.24953279877081513
136192,-0.0023199004644993693,0.03627197124296799,1.0521246269345284,0.13305806857533753,-0.01755124525516294,0.010426675624330528,0.999292366206646,0.14974115509539843
137216,0.00045557178964372724,0.02895910548977554,1.04752510599792,0.12790489639155567,-0.009327565727289766,0.007653333606867818,1.1543782968074083,0.18560213781893253
138240,-0.006477366914623417,0.02666577068157494,1.3241875059902668,0.18088996317237616,-0.006981741404160857,0.0016478117231599754,1.1806784309446812,0.1813866780139506
139264,-0.005532072755158879,0.03344882733654231,1.091873724013567,0.14371717954054475,-0.01154619752196595,0.0012521575663413387,1.009382450953126,0.1424729605205357
140288,-0.007155586470616981,0.044083756976760924,1.227414183318615,0.1634662663564086,-0.0026394602318760008,0.01624118775362149,1.0294816493988037,0.15289988927543163
141312,-0.0031275345099857077,0.05180302471853793,1.1188464239239693,0.16997726121917367,-0.012560347851831466,0.013757744934991933,1.4768338240683079,0.2530811517499387
142336,0.0026639076531864703,0.042456502676941454,1.1016036793589592,0.1722268983721733,0.015833795012440532,0.014451282360823825,0.4332394095836207,0.09281233145156875
143360,-0.0027163765917066485,0.02376958809327334,1.0272667463868856,0.15248044347390532,0.00034117125323973596,0.002952179631392937,0.049050080007873476,0.004394582821987569
144384,-0.0068484225193969905,0.010635027938405983,1.0680142678320408,0.16380711225792766,0.0002565537579357624,0.0004592446193782962,0.04252352728508413,0.0037326266756281257
145408,-0.023513625608757138,0.022649847727734596,1.1108378879725933,0.16860659467056394,-0.0006323119450826198,0.002226039578090422,0.05741651821881533,0.0053128969157114625
146432,-0.000838067804579623,0.033747993293218315,0.5479600913822651,0.0429212391609326,-0.0001099061337299645,0.000526975962884535,0.05230202968232334,0.004697995726019144
147456,-0.0011381281656213105,0.03889468190027401,0.6579859480261803,0.05627421825192869,-0.0006974426651140675,0.00034806163114353694,0.07982610014732927,0.007459833228494972
148480,-0.004057631143950857,0.04164007771760225,0.8785469476133585,0.09267368400469422,-0.014898693567374721,0.00020129357699261163,0.6148321540094912,0.09228359593544155
149504,-0.009696376044303179,0.04293997958302498,1.246519971638918,0.19263660116121173,-0.013314841955434531,0.02152094205666799,1.9263256751000881,0.4075424796901643
150528,0.009296655771322548,0.04005666566081345,1.1571316197514534,0.16181749943643808,0.008232158230384812,0.010118460690136999,0.49502188130281866,0.09400263236602768
151552,-0.0013123047538101673,0.040261514717713,1.3850006982684135,0.1795750269666314,-0.005244267114903778,0.013229339754616376,2.166877480223775,0.5369758207816631
152576,0.00036291782453190535,0.04881104419473559,1.259499505162239,0.1499311332590878,0.008163293183315545,0.010187894687987864,0.7849592911079526,0.17125227639917284
153600,0.006201442185556516,0.0464046869892627,1.3591955490410328,0.17557360464707017,-0.0006159392069093883,0.001471591884182999,0.7838786263018847,0.11604996013920754
154624,0.0032496992935193703,0.037873234949074686,1.4073909148573875,0.18758186791092157,-0.02475527342176065,0.00046787009023319115,0.7305094301700592,0.10196840832941234
155648,0.0055693597823847085,0.051857272861525416,1.219920139759779,0.1727852988988161,-0.029394388606306165,0.003069510159548372,0.7043619947507977,0.10827704763505608
156672,0.005580395387369208,0.043297343887388706,1.1986386850476265,0.15832904679700732,-0.026036445196950808,0.0006904524525452871,0.9430319452658296,0.16770999738946557
157696,0.005452651821542531,0.0484999701147899,1.366772387176752,0.18283642502501607,0.004573270038235933,0.00035767018289334374,0.2716375244781375,0.03143976937280968
158720,-0.0035086070420220494,0.04315757530275732,1.3164482302963734,0.1670914706774056,-0.0018801327823894098,0.0003529939370991997,0.6035483423620462,0.08081026934087276
159744,0.0038669404748361558,0.04928493604529649,1.2990172877907753,0.18986455630511045,-0.0038003907538950443,0.023144142411183566,1.0829382464289665,0.18308239476755261
160768,0.0026351903288741596,0.047518959967419505,1.265568919479847,0.17817452363669872,-0.00784568747621961,0.009249174290744122,0.7193723265081644,0.10939109348692
161792,-0.0030574427219107747,0.051859532948583364,1.278429999947548,0.18458874290809035,-0.00783230410888791,0.023939668317325413,1.2250940334051847,0.210853457916528
162816,-0.0016928154363995418,0.050330488942563534,1.2874847687780857,0.19516229955479503,-0.005680576228769496,0.0037907736186753027,0.9600890465080738,0.15234291623346508
163840,-0.002489996491931379,0.03794391703559086,1.2719484344124794,0.19520285073667765,-0.00981974280148279,0.010406541638076305,1.446759145706892,0.28108951915055513
164864,-0.00046741319238208234,0.04855686903465539,1.1235765144228935,0.15931751392781734,-0.026491953030927107,0.0011179590783285676,0.7682952526956797,0.12574934377335012
165888,-0.005264272520435043,0.04241119616199285,0.990019777789712,0.12797961593605578,-0.024366211000597104,0.005269496050459566,0.3927360908128321,0.07729756738990545
166912,-0.0025887764059007168,0.03134694759501144,1.1705494560301304,0.16335471393540502,0.0035057340282946825,0.0025356750329592614,0.07243965571979061,0.011516828672029078
167936,-0.0029295336280483752,0.03563617944018915,1.162069171667099,0.17011754494160414,-0.008449628920061514,0.0010347125908083399,0.21792946802452207,0.0363200991996564
168960,-0.002791425540635828,0.05065991077572107,1.1588664799928665,0.15983669413253665,0.0009059966541826725,0.0007650924017070793,0.04202211619121954,0.003208111971616745
169984,-0.011518192288349383,0.050972642144188285,1.255711778998375,0.16789707960560918,0.00013574500917457044,0.0003397464292902441,0.06182035617530346,0.005426576943136752
171008,-0.00038021978980395943,0.05281718191690743,1.2720715440809727,0.18807660043239594,0.0003379704139661044,0.0006173452939037816,0.03717046126257628,0.0032941977842710912
172032,0.004642505024094135,0.05536955327261239,1.2941580563783646,0.19159355852752924,-0.00012591012637130916,0.00017132666380348383,0.04064251540694386,0.003619164228439331
173056,-0.0007739692082395777,0.0634859778219834,1.4246454983949661,0.1749884900636971,-0.00905059147044085,8.640275427751476e-05,0.5372812594287097,0.09593781863804907
174080,0.00430009001865983,0.058492252603173256,1.2360287308692932,0.19866646686568856,-0.015945999999530613,0.0049335773692291696,1.3054943662136793,0.2306744682136923
175104,0.005383946547226515,0.05603948945645243,1.2697083950042725,0.1870874590240419,-0.030332943744724616,0.00909246117589646,2.3884301856160164,0.6013453933410347
176128,-0.014079365355428308,0.03441208426374942,1.0294321160763502,0.14882498979568481,-0.009158495289739221,0.0017859704867078108,0.4236595171969384,0.06855818309122697
177152,-0.004336372861871496,0.0691802364308387,1.111319575458765,0.18735228292644024,-0.02190052653895691,0.03397324669640511,1.6088923066854477,0.3202288104221225
178176,-0.0017612750525586307,0.06954782933462411,1.088735144585371,0.18421916756778955,0.019452397275017574,0.016098037755000405,0.529779730248265,0.145833642949583
179200,-0.0029484635597327724,0.051885792752727866,1.1291999109089375,0.17205225257202983,0.00019017644808627665,0.013370313623454422,0.03274776978651062,0.00269578694133088
180224,-0.001004781952360645,0.02970311080571264,1.0828578025102615,0.1649137008935213,0.00011087793973274529,0.003778210942982696,0.029170013265684247,0.0023925183340907097
181248,0.004282446680008434,0.03626398171763867,0.9410125911235809,0.11882821773178875,-0.00011562858708202839,0.0003571405698039598,0.016460418089991435,0.0012017374392598867
182272,0.00595854978018906,0.04414571402594447,1.1759646050632,0.15640497813001275,0.00011831046140287071,0.0002709082898491033,0.01677313551772386,0.001207877998240292
183296,0.0023102474660845473,0.04560077143833041,1.2595707066357136,0.1740261842496693,-0.0012856671819463372,0.0007533837033406598,0.028952284541446716,0.0026550553156994283
184320,0.0012715193588519469,0.037296676251571625,1.2708270959556103,0.1770266368985176,-0.006009551580063999,0.0004117934968235204,0.21859286725521088,0.030052155954763293
185344,0.0022502253123093396,0.03590947587508708,1.2422664910554886,0.16978234192356467,-0.004944402753608301,0.0005787555855931714,0.4984593209810555,0.08160081290407106
186368,0.0025805040932027623,0.030181992566213012,1.2599106915295124,0.13315186160616577,-0.053967328523867764,0.0006115366995800287,0.9751877160742879,0.1739746395032853
187392,-0.007364492077613249,0.042462032462935895,1.1733485646545887,0.18260573269799352,-0.00361199356848374,0.029815691319527104,1.6761245019733906,0.5196967730298638
188416,-0.004745534824905917,0.04338469577487558,1.1697538122534752,0.166563602630049,0.007788433402311057,0.008961457133409567,1.228837483562529,0.33040048670955
189440,-0.004102953491383232,0.038181440031621605,1.1648732274770737,0.16933000041171908,-0.00556825494277291,0.0021163141645956784,0.42487981263548136,0.0856973483460024
190464,-0.00013267501344671473,0.036461457202676684,1.028629733249545,0.15313154133036733,-0.030367754166945815,0.005106678894662764,0.7490387563593686,0.20269579073647037
191488,-0.00509017298463732,0.04046486254082993,1.1673493273556232,0.15693076141178608,-0.048446433764183894,0.0036517127191473264,1.2488231388852,0.23711327381897718
192512,-0.015729900274891406,0.040462801000103354,1.176552552729845,0.13131848722696304,0.0002239708264824003,0.008070295189099852,2.1435350626707077,0.7279923774767667
193536,-0.009608834239770658,0.05678209394682199,1.1329417899250984,0.14625640911981463,0.003608491795603186,0.01761963960598223,1.3861716203391552,0.3068992162588984
194560,-0.001489826012402773,0.04304561414755881,1.4011129215359688,0.18479141034185886,0.00862118910299614,0.005007555228075944,0.22703567979624495,0.041915108799003065
195584,-0.01452889853680972,0.033725421177223325,1.0843087248504162,0.13393946271389723,0.00015864422312006354,0.001966716485185316,0.013901270634960383,0.0010998946381732821
196608,-0.007364386779954657,0.02872628963086754,1.1253309305757284,0.12607404892332852,5.3895084420219064e-05,0.0004532330042366084,0.012059947766829282,0.0009282412938773632
197632,-0.011530493356985971,0.027092319156508893,1.129124827682972,0.12150398339144886,-8.610829536337405e-05,0.0002759332982122942,0.021373771014623344,0.0017680245218798518
198656,-0.009475873142946512,0.0219066686113365,1.0476906895637512,0.09922865801490843,2.9575268854387105e-05,0.00013510005879879827,0.07704670797102153,0.007344157551415265
199680,-0.013614370196592063,0.036040443752426654,1.3087401986122131,0.1710445466451347,-0.01008169366104994,0.00034464473674233886,0.6043217950500548,0.08724463451653719
200704,-0.0017662999307503924,0.06714735121931881,1.0987629070878029,0.17558615747839212,0.0047266332258004695,0.0010766019549919292,0.1071251968969591,0.021379448589868844
201728,0.011118687922134995,0.047453819308429956,1.1962672732770443,0.2116431538015604,1.0466232197359204e-05,0.0005321453318174463,0.00830685649998486,0.0005924026481807232
202752,0.005823659943416715,0.040710143628530204,1.1739235110580921,0.19426380097866058,-0.0003077142755500972,0.00041335019705002196,0.00686508537910413,0.000852309400215745
203776,0.0008061350672505796,0.05682591022923589,1.0880642607808113,0.14965120097622275,-4.579304368235171e-05,0.0003030375588082279,0.011656081856926903,0.0008528436301276088
204800,0.007939927221741527,0.046704201493412256,1.1805620640516281,0.1509248772636056,-1.6102538211271167e-05,0.0002311896247988443,0.015302007232094184,0.0011537567479535937
205824,-0.00022702715068589896,0.08311976899858564,1.3087330423295498,0.22939810063689947,1.2919859727844596e-05,0.0005748580375666279,0.01454064084100537,0.0011462077964097261
206848,-0.001756315235979855,0.051400336786173284,1.239899430423975,0.1753879589959979,-0.002994408889207989,3.5427373973107024e-05,0.2564431586069986,0.03541948524070904
207872,0.0023129814362619072,0.04877337021753192,1.2324988804757595,0.18519639736041427,0.00421236758120358,0.00046093741457298165,0.05214175823493861,0.0097705710795708
208896,0.006289006880251691,0.03789913223590702,1.2407813295722008,0.1532532456330955,-3.953638952225447e-05,0.0004311206575948745,0.006613677876885049,0.0004786512581631541
209920,0.009035621827933937,0.02295524487271905,1.4266763478517532,0.168061725795269,-4.696351243183017e-05,0.00029827452743802496,0.007114005537005141,0.0005191217642277479
210944,0.008976496406830847,0.06148589320946485,1.438882488757372,0.2416595546528697,-1.40779884532094e-05,0.0021084653490106575,0.007187927592894994,0.0005112616345286369
211968,-0.0034800658468157053,0.05020223115570843,1.2519045621156693,0.16288894275203347,2.0849285647273064e-05,0.0008572513550006988,0.00685290688124951,0.00048355257604271173
212992,-0.0017629003996262327,0.04410614597145468,1.2738467045128345,0.15280301589518785,-5.312875146046281e-06,0.0005672093035400394,0.006866789030027576,0.0004850868135690689
214016,0.0039894429937703535,0.043932305881753564,1.282128244638443,0.1729483176022768,3.92536458093673e-06,0.0003621485070084418,0.007795222016284242,0.0005572910886257887
215040,0.002017272970988415,0.07984054670669138,1.3003315925598145,0.17937696492299438,-2.219603629782796e-06,0.0011692294619933818,0.00853634998202324,0.000617919722571969
216064,0.03254951768030878,0.05513389955740422,1.2575715444982052,0.2959778066724539,-1.0469986591488123e-05,0.006439954152938299,0.00662008035578765,0.0004725595936179161
217088,0.016842396013089456,0.04386014642659575,1.1486749723553658,0.21525329584255815,1.1607480701059103e-06,0.004841121622121136,0.006549707453814335,0.0004663296276703477
218112,0.01099685562076047,0.056271148729138076,1.1160171777009964,0.2062898096628487,-4.871253622695804e-06,0.004275695148407976,0.006844598377938382,0.0004896329483017325
219136,0.007023150363238528,0.044623447582125664,1.0907573737204075,0.1935109910555184,9.445881005376577e-06,0.0031170259917416843,0.00718448989209719,0.0005164077738299966
220160,-0.0024617412709631026,0.060556928045116365,1.0599842388182878,0.1973356306552887,2.6744964998215437e-05,0.004244502924848348,0.007753443642286584,0.0005627768114209175
221184,-0.011092750530224293,0.05789173720404506,1.1969483755528927,0.16664158832281828,6.58741919323802e-06,0.0006385945806641757,0.012006386794382706,0.0008966386085376143
222208,-0.003453370984061621,0.044068637886084616,1.150568075478077,0.1305956330616027,-6.8373046815395355e-06,0.00037053795028896275,0.014300604176241904,0.0010723898885771632
223232,-0.0006962095358176157,0.04406138963531703,1.1929931454360485,0.14549645967781544,-8.415384218096733e-05,0.00035860188745573396,0.018328394857235253,0.0010026264935731888
224256,0.00555460769101046,0.04788263654336333,1.1530643478035927,0.18363281479105353,-0.00019239610992372036,0.0009847602000263578,0.029984479187987745,0.002450671629048884
225280,-0.014502583610010333,0.05858678789809346,1.086137156933546,0.18239467637613416,-0.0010279738635290414,0.0006900389348629687,0.04902360442792997,0.004405949730426073
226304,0.0288386835163692,0.032876812503673136,1.5482880435883999,0.30878719221800566,-0.00010838321759365499,0.0002766606232853519,0.020524538558674976,0.0017062362749129534
227328,0.013529596850275993,0.03183917800197378,1.4397721104323864,0.24259036593139172,-0.0001878919720184058,0.00013684584874340544,0.032959655742160976,0.0028647398576140404
228352,0.001937284556333907,0.033899467962328345,1.3651044443249702,0.21685742866247892,-0.00020156183745712042,0.00020971194680896588,0.08116789069026709,0.007236720295622945
229376,-0.0024859770346665755,0.0605002484517172,1.131538264453411,0.15959467738866806,-0.007188222341937944,0.0011919915223188582,0.564372100867331,0.0801327527151443
230400,1.7487051081843674e-05,0.07914119691122323,1.0295679606497288,0.18565955525264144,-0.07900270362733863,0.008307223706651712,1.8853582870215178,0.6586308721452951
231424,-0.002848131989594549,0.04442474490497261,1.0092594344168901,0.163165635894984,0.0057075670338235795,0.00958307899418287,0.057967345928773284,0.0077914283610880375
232448,-0.0011856163473566994,0.04314570897258818,0.9902151636779308,0.12737870821729302,0.00026291835820302367,0.0005253943791103666,0.09484455198980868,0.01010238693561405
233472,-0.0007670907798456028,0.04634469887241721,1.0933360569179058,0.1538175716996193,-0.018402214278467,0.00043996463773510186,0.4454977107234299,0.06690160458674654
234496,0.0026007669512182474,0.07987728784792125,1.0203618928790092,0.19258516235277057,0.004617092199623585,0.009279278729081852,1.4371513333171606,0.2590060601942241
235520,-0.0012012724109808914,0.06329402013216168,1.0215653963387012,0.16923557547852397,-0.015868142480030656,0.0023888432979219942,0.9831804614514112,0.18170480779372156
236544,-0.0002946561435237527,0.05655269662383944,0.9983317218720913,0.1746894489042461,-0.009682217234512791,0.024518037418602034,1.313849400728941,0.25259695854038
237568,0.0034690913453232497,0.05979530490003526,0.9901056438684464,0.18413290986791253,-0.0006397649995051324,0.00942063395268633,1.482352253049612,0.2741116378456354
238592,0.0012860142451245338,0.055010128184221685,1.1086328588426113,0.18883650097995996,-0.017826628260081634,0.0013530410260500503,0.9208978111855686,0.1999063229886815
239616,0.0012472719099605456,0.06992112821899354,1.0781249925494194,0.1942226430401206,-0.026526737434323877,0.001044646442096564,0.5079421447589993,0.0857060831040144
240640,-0.020271425040846225,0.03892998700030148,0.9218918420374393,0.12436700775288045,-0.06188460614066571,0.003169771658576792,0.9413640471175313,0.1978959864936769
241664,0.0017387865082127973,0.028086513746529818,0.768768010661006,0.06512012821622193,-5.7339901104569435e-05,1.9119157826708033e-05,0.022147829178720713,0.001900183386169374
242688,-0.002667393273441121,0.028598200995475054,1.1877342946827412,0.13241574470885098,-0.005732806457672268,0.00027647027400234947,0.18842924758791924,0.023937572492286563
243712,-0.005413327977294102,0.04905810230411589,1.1993404105305672,0.1358159719966352,-0.0031172152375802398,0.008633303541500936,2.9635320752859116,0.821429006755352
244736,-0.0054535602539544925,0.03618054970866069,1.2853421233594418,0.14707018807530403,0.025316127808764577,0.0003693451962760719,1.9924661181867123,0.3918494563549757
245760,-0.0037313625507522374,0.04851225868333131,1.2403725497424603,0.15459813410416245,-0.030100960575509816,0.003474924305919558,0.7919766586273909,0.126569481799379
246784,-0.012296651548240334,0.04466016928199679,1.1095677148550749,0.11844372632913291,-0.006330932170385495,0.008070085052167997,1.4295415598899126,0.2795476841274649
247808,-0.0018317359063075855,0.07809884333983064,1.2484459914267063,0.20192489819601178,0.011431320512201637,0.03298526874277741,0.5648516621440649,0.13117066147970036
248832,0.0032818315958138555,0.05644412094261497,1.222014494240284,0.19833528948947787,0.0003283946425653994,0.010474424227140844,1.3602678719908,0.35731938458047807
249856,-0.007087253034114838,0.02401157931308262,1.0350334662944078,0.12978239031508565,-0.017559977510245517,0.0006306865907390602,0.6419232646003366,0.10304314666427672
250880,-0.002894893565098755,0.0655073260422796,1.1231986731290817,0.17276806524023414,-0.019451081927400082,0.031299941474571824,1.309959912672639,0.28567965794354677
251904,-0.0008455800707451999,0.05624419776722789,1.195798620581627,0.1858102879486978,-0.004015743441414088,0.005611331289401278,0.836707416921854,0.16536264470778406
252928,-0.0004991089954273775,0.053030942915938795,1.1204261779785156,0.16260320646688342,-0.006093966570915654,0.0010002084245570586,0.8397757643833756,0.15170467679854482
253952,-0.00546919071348384,0.06017342407722026,1.1940777897834778,0.18685916904360056,-0.01729645868181251,0.008885173956514336,2.051037237048149,0.5190651826560497
254976,-0.005952309322310612,0.10619045840576291,1.2291961759328842,0.17110552452504635,-0.004178581642918289,0.0008347441544174217,0.7578566027805209,0.16816516232211143
256000,-0.0028419669688446447,0.034578883671201766,1.0528304111212492,0.1367401243187487,0.011009254696546122,0.0018440643625581288,0.22047325735911727,0.02601842989679426
257024,-0.0029303180635906756,0.031633093021810055,1.041872013360262,0.11778524657711387,-0.02499083912698552,0.0001161860392357994,0.9385731881484389,0.1458303825929761
258048,0.00446101525449194,0.04853556619491428,1.039815939962864,0.14677205309271812,-0.025218705559382215,0.00027673456679622177,1.1667551901191473,0.1922572914045304
259072,0.0023292002588277683,0.04395040823146701,1.304882362484932,0.16778138326480985,-0.01256938767619431,0.00024209916318795877,1.0841331332921982,0.1723797416780144
260096,0.004728727450128645,0.03696056915214285,1.2599335685372353,0.19745239987969398,-0.003917118301615119,0.0022577540999009216,0.1808627180289477,0.02009851112961769
261120,0.0010882937058340758,0.05810342531185597,1.2776877656579018,0.19725415389984846,-0.02465086994925514,0.0012397500613587908,0.38565306924283504,0.06847754504997283
262144,0.0009947147918865085,0.07168736809398979,1.2185638807713985,0.1669141286984086,0.0228137559897732,0.01518218999990495,0.566759109031409,0.1093091705115512
263168,0.00641338835703209,0.05792963958811015,1.2851273752748966,0.16205199342221022,-0.002095958188874647,0.009837865349254571,0.2540733707137406,0.028032586676999927
264192,-0.001561098950332962,0.05287767620757222,1.283920992165804,0.15392022812739015,-0.0032340787583962083,0.000841625573229976,0.6788356881588697,0.0921649788506329
265216,0.0015486008778680116,0.05079705035313964,1.2804024294018745,0.18108075112104416,-0.032484027091413736,0.01455129029636737,1.115332219749689,0.18455580016598105
266240,-0.005858295306097716,0.04419579391833395,1.1647980026900768,0.17642173636704683,-0.012428519941749983,0.020612473570508882,1.2185134589672089,0.1920508765615523
267264,0.005558546225074679,0.09694318054243922,1.1380411051213741,0.1825352511368692,-0.00849687831941992,0.014618857312598266,1.4412486404180527,0.24052138160914183
268288,0.0017787237229640596,0.06852397974580526,1.1472111567854881,0.15584754943847656,0.0059567506541498005,0.0030752230813959613,0.2785389795899391,0.03879430203232914
269312,-0.0003597776230890304,0.047273389995098114,1.2630267702043056,0.17645210213959217,-0.0004837388114538044,0.007233657888718881,0.09893539547920227,0.01075735775521025
270336,-0.0015771428006701171,0.043106017052195966,1.2215184979140759,0.1600460484623909,-0.02896403000340797,0.007981142494827509,0.7696202090010047,0.1570183951407671
271360,-0.0061765004938934,0.049309636815451086,1.0666090790182352,0.14881558995693922,-0.011292091890936717,0.014855731846182607,0.9162066970020533,0.16077714087441564
272384,-0.0049197570770047605,0.045975560089573264,1.2096310928463936,0.18299522390589118,0.006533103049150668,0.01903066545492038,0.7618856439366937,0.12364495848305523
273408,0.0016914748339331709,0.04648985213134438,1.1576210744678974,0.18390019657090306,-0.010490106855286285,0.008936200116295367,1.7240344658493996,0.43203654792159796
274432,-0.0017612795491004363,0.036015593039337546,1.0484679341316223,0.1500539411790669,0.01920499379048124,0.000842664543142746,1.295335752889514,0.2480138698592782
275456,-0.006278796325204894,0.03753308247542009,1.1197123415768147,0.1647836654447019,-0.07434823279618286,0.0021873833993595326,1.1235849987715483,0.20932934037409723
276480,0.0013525927060982212,0.030293813906610012,1.1840347610414028,0.19099061330780387,-0.0024119978479575366,0.0008661658339406131,0.0922995040891692,0.011471094738226384
277504,-0.0011994779197266325,0.04583645286038518,1.1543963737785816,0.1776674222201109,0.017703156569041312,0.007528497291787062,0.22100285987835377,0.0377769764745608
278528,-0.002107289183186367,0.027886147669050843,1.11057810485363,0.16918555554002523,0.00023731798864901066,0.0001739682272727805,0.03143625019583851,0.0029149026377126575
279552,-0.00481611376744695,0.03274960594717413,1.1510606482625008,0.18583317520096898,-0.011439580674050376,0.0002788614006021817,0.09455792739754543,0.016343242838047445
280576,-0.004326147784013301,0.03362930048024282,1.0113918762654066,0.15944303898140788,-0.06300627411110327,0.0014416554986382835,1.1754655530676246,0.2902572702150792
281600,0.0005163521564099938,0.030952536151744425,0.9576384462416172,0.1569283064454794,0.00015765218995511532,0.0008679037132424128,0.02190249098930508,0.0017627438064664602
282624,-0.011988448910415173,0.032657585688866675,1.0593067090958357,0.18545055855065584,-0.0006654195167357102,0.0006240939546842128,0.028441069240216166,0.0025232089101336896
283648,0.0020863941754214466,0.04174144193530083,0.9807177763432264,0.15401736879721284,0.00038063066313043237,0.0003990190414242534,0.07143561856355518,0.0066768156830221415
284672,0.00258844047493767,0.04652578884270042,1.079951148480177,0.1777244326658547,-0.011355840309988707,0.0004891465541732032,0.5817302635405213,0.08806963905226439
285696,-0.009151825041044503,0.05348131200298667,1.1835588663816452,0.1749543398618698,0.009878059121547267,0.008614618724095635,0.10663474362809211,0.021364752436056733
286720,-0.0016585281700827181,0.028414856526069343,1.1589554380625486,0.11993668763898313,-7.272610673680902e-05,0.002077763796023646,0.059188708662986755,0.005496919737197459
287744,0.0034217184875160456,0.011733453487977386,1.5271942391991615,0.15748330461792648,-0.008543299700249918,0.0015524945248444055,0.31139420066028833,0.041642276861239225
288768,-0.012127012305427343,0.025964080821722746,1.0171567760407925,0.10441555385477841,0.0027132859686389565,0.001318963469884693,0.06188940489664674,0.006087402580305934
289792,-0.00036356362397782505,0.02324940648395568,1.0433625169098377,0.10811060760170221,-5.000521196052432e-05,0.0010283478630981335,0.04319086030591279,0.0033802292309701443
290816,-0.011333898990415037,0.060488223447464406,1.5182494670152664,0.23455412359908223,-0.00500801153248176,0.010879235109314322,0.5835932828485966,0.09160945034818724
291840,0.013242698027170263,0.05659455095883459,1.2636662237346172,0.26452686451375484,-0.0025838313158601522,0.023530303064035252,1.1354703903198242,0.21749967522919178
292864,0.004113558141398244,0.0699559603817761,1.085363119840622,0.2114193276502192,0.010748385626357049,0.0037083822462591343,0.40874296706169844,0.07105472509283572
293888,0.0031848324288148433,0.05126527464017272,1.0310526061803102,0.15028292266651988,-0.004499729431699961,0.008603336858868715,0.3937974637374282,0.056940824433695525
294912,0.00037750694900751114,0.05159524269402027,1.1579668000340462,0.20438832929357886,-6.150221452116966e-06,0.008511363217621692,1.164387820288539,0.19757908349856734
295936,-0.00011363445082679391,0.042898395215161145,0.9261652510613203,0.14147436921484768,-0.037307822378352284,0.013061176367045846,0.40358263719826937,0.0580105654662475
296960,-0.0011522342101670802,0.04639244615100324,0.9897041171789169,0.13198657054454088,-0.025224858080036938,0.00881143635524495,0.8187921075150371,0.14444709662348032
297984,0.0023415214382112026,0.08620497304946184,1.2121713533997536,0.1832438176497817,-0.04417377387289889,0.009806068919715472,1.336405085399747,0.25853683054447174
299008,0.004633468284737319,0.07418176450300962,1.2060813754796982,0.2105031101964414,0.006901994522195309,0.022205219444003887,1.6503682900220156,0.3314026235602796
300032,-0.0012945278431288898,0.05095816380344331,1.1339219398796558,0.1847983463667333,-0.003300894983112812,0.018695375212701038,1.265801951289177,0.21901742927730083
301056,-0.0005542797152884305,0.0469008928630501,1.0881007742136717,0.1426552408374846,-0.020621718344045803,0.010218211740721017,0.5076304199174047,0.07644816086394712
302080,-0.0010204383288510144,0.05707157333381474,1.154856152832508,0.17995420563966036,-0.0037098970788065344,0.022919956129044294,1.3376653380692005,0.21263432875275612
303104,0.0029228785715531558,0.052787563181482255,1.1621718890964985,0.17705520568415523,-0.0024846172382240184,0.011173400380357634,1.2287957221269608,0.20320399710908532
304128,0.0010662425047485158,0.04001678235363215,1.1577615104615688,0.18256660969927907,-0.006604602967854589,0.0010069333484352683,0.9255812782794237,0.13828028528951108
305152,-0.0030356443239725195,0.052476041368208826,1.1544986329972744,0.1688503623008728,-0.015502777474466711,0.0174006104352884,1.1630574502050877,0.1906070918776095
306176,0.0021231729188002646,0.04252173623535782,0.9254552628844976,0.10538987978361547,-0.001031334075378254,0.0008574610692448914,0.30986435525119305,0.034998066315893084
307200,-0.0013815264392178506,0.06370688474271446,1.2331296913325787,0.16624307911843061,-0.015666595427319407,0.029858044639695436,1.2388408742845058,0.21595940878614783
308224,0.002636896591866389,0.05048783018719405,1.3156935162842274,0.1860806900076568,-0.014740561920916662,0.0023303778070840053,0.9329890012741089,0.15521244099363685
309248,-0.002205087774200365,0.039020676049403846,0.8444604873657227,0.10986977280117571,-0.020874784895568155,0.0006675200031622808,0.854090366512537,0.13862790988059714
310272,-0.003366407414432615,0.05400729470420629,0.9700233899056911,0.1323939524590969,-0.058056290610693395,0.0035026484038098715,1.406097013503313,0.2544602118432522
311296,-0.002819531175191514,0.04673494875896722,1.2474576495587826,0.17756869411095977,0.004395474534248933,0.0010359389571021893,0.05888032930670306,0.00930167903425172
312320,-9.787704038899392e-05,0.04026754875667393,1.2334273792803288,0.15980601590126753,-7.279851706698537e-05,0.00026069120144711633,0.0146897992817685,0.0010790555970743299
313344,0.005218528676778078,0.04031600139569491,1.3036696538329124,0.19932356663048267,-1.4582066796720028e-05,0.00032989187457133085,0.018293393892236054,0.0013180163223296404
314368,-0.000412217530538328,0.05342842626851052,1.3319242373108864,0.1895287544466555,-0.00031340785790234804,0.00022700032991451735,0.01638910808833316,0.0015459480928257108
315392,-0.007311044646485243,0.06467535626143217,1.4616410918533802,0.18478192249312997,-0.00014115864178165793,0.0007285773635885562,0.014691991615109146,0.001129207550548017
316416,-0.0003002438897965476,0.038559157750569284,1.0806196350604296,0.13106096209958196,-0.0012310804158914834,9.766053847215517e-05,0.02828485149075277,0.0029423145460896194
317440,0.0019888837705366313,0.04287229891633615,1.587472639977932,0.20296314312145114,0.0009785456350073218,0.015005536988610402,0.43971259566023946,0.06853874586522579
318464,-0.004607073467923328,0.0515215543564409,1.2269368283450603,0.16935638571158051,-0.013252044998807833,0.0018502586499380413,0.3444377966225147,0.04912258224794641
319488,0.0025229914317606017,0.030407001730054617,1.227524682879448,0.1971943899989128,-0.04002718793344684,0.0007668422722417745,0.6190151087939739,0.12839480978436768
320512,-0.0037392937374534085,0.03921118995640427,1.1377164162695408,0.17345019709318876,-0.04591853480087593,0.009372830339998472,1.0755937239155173,0.3490358240669593
321536,-0.0005554715753532946,0.042349360533989966,0.9618739932775497,0.1278746477328241,0.0004909532726742327,0.001383813305892545,0.031119729828787968,0.003306623868411407
322560,-0.010406254121335223,0.040301370434463024,1.2071547135710716,0.1685999222099781,-0.023888395866379142,0.007262338451255346,0.9787961677648127,0.17726242064964026
323584,0.001683985028648749,0.04859973047859967,1.1686372496187687,0.1507012192159891,-0.011922693171072751,0.00753614203131292,1.5318851247429848,0.2882223220076412
324608,-0.0027892017969861627,0.05841445387341082,1.1430773548781872,0.16369268484413624,-0.008387476118514314,0.008777434746662038,2.0119760911911726,0.5072566750459373
325632,0.0010568453290034086,0.05619923479389399,1.212768044322729,0.1846352033317089,-0.06461841883719899,0.0019846721952490043,1.2637584581971169,0.42401495086960495
326656,-0.009713275037938729,0.059094914118759334,1.1087363697588444,0.15949890669435263,0.0017511786136310548,0.01636637083720416,0.3517182385548949,0.07174716115696356
327680,-0.0003340288531035185,0.05226001038681716,1.2419427037239075,0.1777304271236062,-0.004748513805679977,0.0097326681134291,1.8357484117150307,0.42850582767277956
328704,0.0026655026304069906,0.06808456568978727,1.1961586102843285,0.18476365879178047,0.007472419703844935,0.015297286547138356,1.2163198832422495,0.25060147955082357
329728,0.002100914847687818,0.0526168558280915,1.1712137497961521,0.1730735250748694,0.0033335676707793027,0.010356122576922644,1.5167381279170513,0.3078638673759997
330752,-0.009028217013110407,0.03830124100204557,1.0463624689728022,0.12814195174723864,-0.03348084872413892,0.0018187883597420296,0.8447712864726782,0.12918488075956702
331776,-0.002196170389652252,0.04479837429244071,1.0944721680134535,0.16075506852939725,-0.00931489811046049,0.008697476085217204,1.134886110201478,0.18739399872720242
332800,0.0024225091037806123,0.05058476980775595,1.2909316383302212,0.18998074578121305,0.02040103312174324,0.022798400139436126,1.4424316845834255,0.27696561301127076
333824,-0.005762795190094039,0.046510741696693,1.2387126460671425,0.15527630830183625,0.01095400721533224,0.002912297124566976,0.4932009573094547,0.08771550771780312
334848,-0.0009379470720887184,0.050428514601662755,1.3349311389029026,0.1700743641704321,-0.002673809533007443,0.009123850586547633,1.066515864804387,0.16933460906147957
335872,-0.004248418103088625,0.09485591971315444,1.2414444983005524,0.16180428536608815,-0.017463517899159342,0.01138420853385469,1.1783425398170948,0.19325715489685535
336896,-0.0003726988798007369,0.04077200673054904,1.1870020404458046,0.19147900817915797,-0.011876450182171538,0.014904466341249645,2.029598142951727,0.45547169586643577
337920,0.0028011833637719974,0.039251568901818246,1.1801709905266762,0.19100404623895884,0.008542973548173904,0.010461692399985623,1.7161679789423943,0.3633411284536123
338944,-0.0020486829453147948,0.035611386061646044,1.2140675783157349,0.18867962341755629,0.0006752786284778267,0.008960848492279183,1.533012393862009,0.27350989915430546
339968,-0.007417677508783527,0.04074652644339949,1.1028323955833912,0.15796954510733485,-0.03245379320287611,0.00036403912235982716,0.8966408763080835,0.15661712852306664
340992,-0.005222205450991169,0.0356370247900486,0.8257305715233088,0.09299357770942152,-0.009679131326265633,0.0059471664962984505,0.049943769874516875,0.008421090547926724
342016,-0.0011122995056211948,0.045001424092333764,0.8423751406371593,0.08079544850625098,-8.166913175955415e-05,0.0035287364048599557,0.030726879427675158,0.002652126597240567
343040,0.00016440746549051255,0.04279971471987665,1.0878835916519165,0.12296755774877965,6.918382132425904e-05,0.002497727745321754,0.04603520152159035,0.0038293483667075634
344064,-0.0015413995133712888,0.03858741087606177,1.3344723582267761,0.1677039172500372,0.0007826407381799072,0.007008670716459164,0.05931561067700386,0.005460701824631542
345088,0.00017976108938455582,0.05996315192896873,1.3053255528211594,0.16283715469762683,-0.0168967387144221,0.001680520378613437,1.1816321809310466,0.3425588729442097
346112,0.0015436137764481828,0.05182569520547986,1.3272643722593784,0.19603685243055224,-0.05884908413281664,0.005611054933979176,2.1149810925126076,0.7100244250614196
347136,-0.0012846316458308138,0.058853344758972526,1.2108578085899353,0.18111451622098684,0.009883381746476516,0.021231727092526853,3.0739875249564648,1.392387899570167
348160,0.0024645936209708452,0.042406805558130145,1.2334122136235237,0.19593790918588638,0.03751835352159105,0.011275886899966281,2.6839533261954784,0.97613809350878
349184,0.0035870523133780807,0.07700299576390535,1.3697452917695045,0.20043737813830376,0.014476923242909834,0.0041323557670693845,0.4619242542248685,0.10668320901459083
350208,-0.003177706617861986,0.07436198042705655,1.2123566567897797,0.16663419874385,-0.005944636795902625,0.010670638886949746,0.2993183315265924,0.058542323124129325
351232,-0.002356606302782893,0.045973317231982946,1.172571625560522,0.16353052342310548,-0.008519983966834843,0.006685167048999574,0.7072788337245584,0.1619989451719448
352256,0.0014859292859910056,0.051715922891162336,1.2438918091356754,0.1944019659422338,0.010231138003291562,0.016765277920057997,0.8226823033764958,0.1300215448718518
353280,0.005316172537277453,0.04861209762748331,1.2187268547713757,0.18373225629329681,0.008646068919915706,0.0011350368831699598,0.4163200384937227,0.07141677645267919
354304,-0.0007993253093445674,0.049880197271704674,1.2910813987255096,0.1891458067111671,-0.001910331950057298,0.0007291379160960787,0.5798729779198766,0.07539895211812109
355328,-0.006744244587025605,0.06331302702892572,1.2248361706733704,0.1511905030347407,-0.050928212935104966,0.0046852824234520085,1.247553063556552,0.21899367775768042
356352,0.004598426821758039,0.0542695332551375,1.347708061337471,0.20191715424880385,-0.00832173234084621,0.001446325761207845,0.41169236064888537,0.06451386155094951
357376,-0.0006194198504090309,0.0497675403021276,1.1229897551238537,0.16679927613586187,-0.02399136679014191,0.022050008265068755,1.603113941848278,0.3713634731248021
358400,-0.0013081791112199426,0.04875840910244733,1.0183886643499136,0.14487045211717486,0.026338958035921678,0.0018691077784751542,0.6746102528413758,0.18957716668955982
359424,0.0036883735592709854,0.044348671566694975,1.0994190759956837,0.16302679851651192,-9.551338735036552e-05,0.0005248764987300092,0.02899215492652729,0.002463591401465237
360448,-0.012695814104517922,0.056752551114186645,1.1709361895918846,0.18086553318426013,-0.0026298503507860005,0.011445723012002418,0.04771006264491007,0.004523736075498164
361472,0.003412149249925278,0.04903209942858666,1.1684326156973839,0.13663360313512385,-0.007744434842607006,0.009263822095817886,0.2684606483671814,0.03451265412149951
362496,-0.0032470095611643046,0.049362683203071356,1.1155756153166294,0.12122328672558069,-0.010205551807302982,0.01098504924448207,1.4105239622294903,0.23886748449876904
363520,0.0021742456301581115,0.02705672412412241,0.9632530603557825,0.1125373849645257,0.005445173184853047,0.001548988950162311,0.36452565528452396,0.04235921721556224
364544,-0.003772666590521112,0.04551481979433447,1.196377795189619,0.1434438016731292,-0.0016842311597429216,0.0013326548885288503,0.5203720089048147,0.0444325000862591
365568,-0.008076138008618727,0.043337547685950994,1.1314818523824215,0.16252811951562762,-0.018401342967990786,0.0011025056373910047,0.6697601173073053,0.09692881238879636
366592,0.003740803280379623,0.04819841927383095,1.2565200366079807,0.19224894419312477,-0.0027689514099620283,0.0006907446759214508,0.23024978348985314,0.031016093504149467
367616,0.004774498462211341,0.052364072878845036,1.2161551490426064,0.17973557207733393,-0.004225613112794235,0.0009974033482649247,0.3363715033046901,0.04924912296701223
368640,-0.001999151019845158,0.0622634154278785,1.214979961514473,0.15798544976860285,-0.015095845650648698,0.001703417665339657,0.7800702154636383,0.11676965188235044
369664,0.00015801556583028287,0.05580907082185149,1.2739266119897366,0.1692268904298544,-0.004342176136560738,0.014457136672717752,1.1549563575536013,0.23244595667347312
370688,-0.005192675133002922,0.06380855524912477,1.0188111644238234,0.13345709792338312,-0.04741096502402797,0.01762494740250986,0.5634443927556276,0.13640197040513158
371712,0.0001122807152569294,0.028554118238389492,0.9924413952976465,0.13835376547649503,0.000610168935963884,0.0031462587157875532,0.0880802795290947,0.008761179109569639
372736,-0.0030600150203099474,0.036736030713655055,1.0606004279106855,0.1412127399817109,-0.006607002578675747,0.0028994640833843732,0.26109983096830547,0.03648240142501891
373760,0.0005762693472206593,0.0443933866918087,1.180883340537548,0.17494714632630348,-0.0025477348099229857,0.008642062846774934,0.8254747148603201,0.1512561533600092
374784,0.0012536043068394065,0.03751250810455531,1.2401452511548996,0.19126912206411362,0.01166747891693376,0.00640391738852486,1.4531517792493105,0.2651820406317711
375808,-0.01017434149980545,0.05666890414431691,0.9485770259052515,0.12603311403654516,0.004670029738917947,0.01673345018934924,1.1421923097223043,0.1848964663222432
376832,-0.005486860143719241,0.046569430036470294,0.998364320024848,0.12697827932424843,0.004647315508918837,0.010816498972417321,1.3310989998281002,0.21295773470774293
377856,-0.0013968417479190975,0.06007763068191707,1.1484446972608566,0.15736629767343402,-0.0018895298126153648,0.015680862474255264,1.3075098991394043,0.20914315897971392
378880,-0.0023995443916646764,0.04147807729896158,1.2161152586340904,0.17313543055206537,-0.006806080666137859,0.0017411660101060988,1.2263128645718098,0.18896975507959723
379904,-0.0009206935355905443,0.05543717695400119,1.0651472099125385,0.1490111257880926,-0.009259014448616654,0.018935112093458883,1.3269444443285465,0.20871820906177163
380928,-0.004458564275410026,0.06928145233541727,1.1755218207836151,0.15904553281143308,-0.006248522287933156,0.011816433994681574,1.2244784235954285,0.19071225402876735
381952,-0.004552885264274664,0.04926573147531599,1.1940510496497154,0.15819076402112842,0.002784403506666422,0.014910580110154115,1.2108846958726645,0.18443695548921824
382976,0.003691041609272361,0.07450731215067208,1.419071514159441,0.19154234696179628,-0.0071690871845930815,0.005279168381093768,1.1986665613949299,0.1868196213617921
384000,0.00037498975871130824,0.04083056724630296,1.2996691055595875,0.17452933033928275,-0.0017328620597254485,0.0049475944388177595,1.059644116088748,0.1677249139174819
385024,-0.0031911644618958235,0.054025631630793214,1.3371901661157608,0.1610845299437642,0.000370693946024403,0.007069258717820048,1.2619372308254242,0.20529979467391968
386048,-0.0017726480145938694,0.06426336127333343,1.140703983604908,0.15032630367204547,-0.0141740431135986,0.008063621880864957,1.314539186656475,0.22729715332388878
387072,-0.01246907134191133,0.0440037501975894,1.2082564868032932,0.1751672108657658,0.003392444719793275,0.015579761544358917,1.2498273234814405,0.2129237432964146
388096,0.0018773280462482944,0.03109357663197443,1.2216758765280247,0.17442132020369172,-0.0024125055060721934,0.0008968896927399328,1.1956264041364193,0.18737477390095592
389120,-0.008638226398034021,0.034330180555116385,1.204875759780407,0.1606046068482101,-0.019138693081913516,0.00187970896877232,0.9106669146567583,0.13224044139496982
390144,-0.00960654225491453,0.03346781409345567,1.3792660646140575,0.19024791615083814,-0.034828966221539304,0.004304360794776585,1.490110993385315,0.29412778140977025
391168,-0.010395060438895598,0.03129107045242563,0.7659847475588322,0.09432759461924434,0.001863231067545712,0.008467468422168167,0.09457925183232874,0.009375226916745305
392192,-0.004040907311718911,0.046158650889992714,1.1551903914660215,0.14653418841771781,-0.004822217713808641,0.005038416349634645,0.3793378910049796,0.044543148833326995
393216,-0.00531456689350307,0.06742606486659497,0.9966863077133894,0.12517942627891898,0.019568121642805636,0.024656747555127367,0.234186667134054,0.04647976660635322
394240,0.005490325012942776,0.040612608194351196,1.2982933670282364,0.18672770960256457,-0.005399835426942445,0.00237607044618926,0.17000954854302108,0.019334564974997193
395264,-0.0030659272670163773,0.05707600002642721,1.1301751546561718,0.14528295677155256,-0.01853148711961694,0.0026419927344250027,0.7336363960057497,0.11284599377540872
396288,-0.007270269212312996,0.05351150676142424,1.0968053750693798,0.14091993286274374,-0.012746281689032912,0.009421812635991955,1.0261246096342802,0.16971221566200256
397312,-0.0028525579618872143,0.051524951588362455,0.9006830845028162,0.11932554957456887,0.006123886909335852,0.016330386511981487,1.0776575990021229,0.16157497325912118
398336,-0.001165578345535323,0.04163113632239401,1.1227843686938286,0.16150540998205543,-0.007315635361010209,0.008886049574357457,1.4715277403593063,0.2391633871011436
399360,-0.0016100519424071535,0.062428592005744576,1.1631641313433647,0.1638595354743302,0.004290014592697844,0.008726135393771983,1.4578660167753696,0.2429937580600381
400384,0.0008751770947128534,0.05829197261482477,1.2378942295908928,0.16283102659508586,-0.024237901932792738,0.00941150570724858,0.976382689550519,0.1625065361149609
401408,-0.0007251708448166028,0.06067720346618444,1.3171098977327347,0.18411011015996337,-0.002363943713135086,0.02234412159305066,0.74322175886482,0.11402870854362845
402432,-0.000641552745946683,0.04276955290697515,1.0394768975675106,0.13930555782280862,-0.00493950056261383,0.0007416480109441181,1.2396883610635996,0.1940476051531732
403456,-0.0033682806097203866,0.046987808658741415,1.0840944945812225,0.13385227345861495,-0.01471197887440212,0.0014128680668363813,1.129597121849656,0.17142323032021523
404480,-0.005161701308679767,0.03805079380981624,1.1901453509926796,0.17906975327059627,-0.05871946376282722,0.0006731407470397244,0.7639664523303509,0.1368377823382616
405504,-0.0022423102345783263,0.057079023972619325,1.2499564997851849,0.17136089596897364,0.004525388038018718,0.011394199296773877,0.09836776554584503,0.0129842966562137
406528,-0.0049572216521482915,0.030617688375059515,1.3413689620792866,0.16849853564053774,-0.002519453366403468,0.0026371983403805643,0.10283825325313956,0.010260588838718832
407552,-0.0023916473728604615,0.033506211650092155,1.3833229802548885,0.16164209507405758,-0.034250538650667295,0.0017604078220756492,1.3173952288925648,0.22821380384266376
408576,-0.005498474580235779,0.05735858832485974,1.2590061835944653,0.14094757614657283,0.0005728817486669868,0.0093280509190663,0.9192017633467913,0.14590128418058157
409600,-0.005466081449412741,0.054766357061453164,1.1392367575317621,0.12679598690010607,-0.0022039872710593045,0.0008010671093359178,0.363909256644547,0.04606198874535039
410624,0.009496709346421994,0.07651760627049953,1.4257316142320633,0.2535544061101973,-0.016874491033377126,0.02694178477395326,0.9781955778598785,0.1721909581683576
411648,0.003168668699800037,0.057067367946729064,1.3872325979173183,0.18436040170490742,-0.015939163567963988,0.00028802529459426296,0.5483633829280734,0.07562687958125025
412672,0.014862456897390075,0.053489459794946015,1.3544702678918839,0.23065633745864034,0.00027608900563791394,0.00734870703672641,1.5618622861802578,0.3240167209878564
413696,0.010508359206141904,0.055673407507129014,1.3202025964856148,0.22343704011291265,-0.017756438101059757,0.0009619231177566689,0.5586375137791038,0.09945533110294491
414720,0.00819601489638444,0.05128270643763244,1.262162208557129,0.2150287013500929,-0.006459533702582121,0.0083462790298654,1.526365727186203,0.4628640706650913
415744,-0.0017623325402382761,0.04311431513633579,1.0412303004413843,0.1655359328724444,-0.060178761719726026,0.018517083692131564,0.9870840348303318,0.4283047588542104
416768,-0.00935931145795621,0.038027183967642486,0.9906183313578367,0.13888793578371406,-0.04469372078892775,0.0064562357765680645,1.1124783116392791,0.25199449755018577
417792,0.008547775418264791,0.0962608139961958,1.1787419952452183,0.2035868582315743,0.00022508474648930132,0.029154306423151866,1.204563613049686,0.28439573058858514
418816,-0.005965872944216244,0.057660427992232144,1.1116372235119343,0.17002658592537045,-0.014354844606714323,0.002884946843551006,0.9369786595925689,0.2103581097908318
419840,0.0007097565685398877,0.04633398668374866,1.226522695273161,0.20709029538556933,0.007665142329642549,0.014765958461794071,1.465308789163828,0.28338188817724586
420864,0.0008863363909767941,0.050738299963995814,0.8841273672878742,0.122358268359676,-0.029141258273739368,0.01046666428737808,0.5993620343506336,0.1604112631175667
421888,0.004397311597131193,0.04847977659665048,0.964201457798481,0.14427189622074366,-0.008657442027470097,0.0004349724772509944,0.5864276560023427,0.08512158342637122
422912,0.000645903121039737,0.04457514174282551,1.0470648724585772,0.16240342892706394,-0.016315439337631688,0.00963261706783669,1.0379770118743181,0.1590489917434752
423936,0.0005199980805628002,0.044414618401788175,1.0810171123594046,0.1592971528880298,-0.010241730546113104,0.0017707840756884252,0.863224403001368,0.12612539308611304
424960,-0.006043491623131558,0.03717720787972212,1.2283564135432243,0.17937798937782645,-0.04195599124068394,0.003487276955638663,1.0066778156906366,0.1752193949650973
425984,-0.0034003222099272534,0.04761523683555424,1.1815051436424255,0.14967006305232644,-0.009375278605148196,0.00820346088585211,0.7618632707744837,0.1287836452247575
427008,-0.0009759296372067183,0.04023708729073405,1.2084609344601631,0.17308798944577575,-0.012895547086372972,0.0016773412762631779,1.1661050878465176,0.18166880402714014
428032,0.0015484050672966987,0.03899075114168227,1.0946262404322624,0.15247081220149994,-0.018830881686881185,0.001394039208207687,0.8385689556598663,0.12716200156137347
429056,-0.007402797396935057,0.04674503533169627,1.0928555503487587,0.17470043245702982,-0.025869393517496064,0.0011221738539006765,1.0451019145548344,0.1689247579779476
430080,-0.0024087636993499473,0.0577042018994689,1.1144108399748802,0.19230363331735134,0.011682930387905799,0.007749111933662789,1.6985605098307133,0.31690381187945604
431104,-0.0033148465445265174,0.04202977439854294,1.0416136663407087,0.20830149482935667,-0.021502414456335828,0.0024467578805342782,0.6218581926077604,0.11000446928665042
432128,-0.012290529135498218,0.03901063051307574,1.0109004825353622,0.17009450308978558,-0.013102953234920278,0.0026246656561852433,0.7505301851779222,0.11417702329345047
433152,-0.00796091600204818,0.04101561399875209,0.9938339944928885,0.1620374801568687,-0.004538056440651417,0.00935848252629512,1.5311132464557886,0.3065948826260865
434176,-0.002911349554779008,0.03211560641648248,0.9883266612887383,0.16686449060216546,0.006932192307431251,0.007625915184689802,1.7678174264729023,0.3455179496668279
435200,-2.001994289457798e-06,0.043855642434209585,1.0345596745610237,0.1646722205914557,-0.031628670549253,0.010420055368740577,1.814707901328802,0.4394156141206622
436224,-0.007190794261987321,0.03890931548085064,1.057295810431242,0.1724210693500936,-0.007734114216873422,0.0028088977123843506,0.6245487607084215,0.09667738032294437
437248,0.006623552042583469,0.05837222281843424,1.0894994102418423,0.18418803485110402,0.0030041344580240548,0.014080839900998399,1.6890463773161173,0.39349526073783636
438272,-0.005531332062673755,0.05117654625792056,1.1595329865813255,0.20083673391491175,-0.006450310494983569,0.008553793464670889,1.5348880495876074,0.48523329198360443
439296,0.0030640704499091953,0.04150237119756639,1.206383716315031,0.18574056401848793,0.0024839850957505405,0.0027539590664673597,0.5326097994111478,0.08998684451216832
440320,0.004020585329271853,0.026746476476546377,1.050606880337,0.144931276794523,-0.07237199315568432,0.0034186456996394554,1.9187817182391882,0.4990793545730412
441344,-0.0021647832036251202,0.041007897234521806,1.051207648590207,0.1538030153606087,-0.05427494065952487,0.0009095799982787867,1.6867056349292397,0.47825950966216624
442368,0.0038962464313954115,0.06330760580021888,1.0159770362079144,0.16057754354551435,0.02729333148454316,0.023019408603431657,0.7839935887604952,0.2786243533482775
443392,-0.005411668287706561,0.03421324258670211,0.9165826812386513,0.13697515381500125,0.002664481187821366,0.002540780444178381,0.07262553833425045,0.007713800354395062
444416,-0.0012274694017833099,0.04875517345499247,1.095050422474742,0.16616863571107388,-0.0005080677510704845,0.00857469442053116,0.050909867975860834,0.0047205109149217606
445440,-0.0005438982334453613,0.08157572301570326,1.1430857256054878,0.16075648739933968,0.0005533110816031694,0.002394343784544617,0.07191966963000596,0.007393988082185388
446464,-0.008423301303992048,0.025128846580628306,1.1925994232296944,0.1283002169802785,-0.0041824095824267715,0.0005078639132989338,0.15329434699378908,0.015727495367173105
447488,-0.006481516902567819,0.04880029533524066,1.118713639676571,0.15333001548424363,0.0010592301841825247,0.02082392992451787,0.872726215980947,0.15995417209342122
448512,0.014106871822150424,0.057701166602782905,1.20394441857934,0.2113321591168642,-0.016756395722040907,0.018795695679727942,2.3568912521004677,0.634665691293776
449536,0.008851906284689903,0.062165785930119455,1.15547301992774,0.18331553041934967,0.029197459341958165,0.0011334199516568333,0.6153137763030827,0.13368194759823382
450560,0.003051201318157837,0.06459304329473525,1.2147038877010345,0.18504444928839803,0.00014814079622738063,0.0022967860277276486,0.027850192738696933,0.002317980513907969
451584,0.0004000610497314483,0.04330184624996036,1.2632181756198406,0.18684986513108015,3.8354715798050165e-05,0.0013274894818096072,0.015560066181933507,0.0012257625348865986
452608,0.0019082723010797054,0.05093276535626501,1.2150384709239006,0.1926373508758843,-1.7220270819962025e-05,0.0001907806051804073,0.016940744215389714,0.0013574899639934301
453632,0.006143119506305084,0.05670434865169227,1.224753987044096,0.17747860867530107,2.2524938685819507e-05,0.00013783884242002387,0.023868015443440527,0.0019887759117409587
454656,0.001409537682775408,0.049964056233875453,1.2618033103644848,0.19157764315605164,-0.004115145944524556,0.00021745403614659153,0.07359902904136106,0.007560116704553366
455680,-0.010901202913373709,0.05325717164669186,1.142459087073803,0.19161775521934032,-0.04837077857519034,0.0016418601408076938,1.2262184396386147,0.24133891210658476
456704,0.005181371190701611,0.049809739459306,1.1334260925650597,0.17711520148441195,0.0009050595399457961,0.015686225844547153,1.5006648860871792,0.28141693864017725
457728,-0.003188520495314151,0.04098700266331434,1.1331196911633015,0.15315019665285945,-0.0020617444824893028,0.0007011355041868228,1.0718131754547358,0.18909197254106402
458752,-0.005259417113848031,0.032207664218731225,1.1415777951478958,0.1417095917277038,-0.014391968463314697,0.0006823427725066722,0.9615455251187086,0.1441014849115163
459776,-0.001415780425304547,0.03888518817257136,1.237246509641409,0.15731940185651183,-0.021355957229388878,0.0006127777446636173,0.8871956765651703,0.11930951406247914
460800,-0.008944288099883124,0.04225511022377759,0.9799040500074625,0.10339877242222428,-0.01409070723457262,0.0019110964276478626,0.8026744797825813,0.11857896181754768
461824,-0.0020160778367426246,0.019904133398085833,1.2551134787499905,0.15070348046720028,-0.01177899949834682,0.0001190142326095156,0.4325947081670165,0.05744276486802846
462848,-0.0020027210703119636,0.030356145405676216,1.2947675213217735,0.1559656159952283,-0.04686133223003708,0.00019866182992700487,0.8224680288694799,0.1555700764292851
463872,0.001115474326070398,0.054785196436569095,1.3729776106774807,0.18385532265529037,0.0010617559310048819,0.015207689750241116,1.8286284133791924,0.4426371529698372
464896,0.004620352789061144,0.07224721694365144,1.2960137352347374,0.19787339074537158,0.003770868992432952,0.029575090360594913,1.1953729577362537,0.2517512661870569
465920,-5.672278348356485e-06,0.03746127669000998,1.1863835528492928,0.16416931757703424,-0.0013685454614460468,0.0043325522401573835,0.6595180816948414,0.09924880345351994
466944,-0.003043263961444609,0.03900345275178552,1.1026346795260906,0.14097320893779397,-0.004085297870915383,0.01512301099137403,1.3171087056398392,0.22093894705176353
467968,-0.00710968989005778,0.04662514885421842,1.0344931297004223,0.13562793307937682,0.008939304476371035,0.0005848006467203959,0.926333125680685,0.14096651738509536
468992,0.0013389460073085502,0.04977045126724988,1.152413759380579,0.1830498967319727,-0.005283556645736098,0.007797135798682575,1.4248340893536806,0.25843602512031794
470016,-0.00023532402701675892,0.05230568442493677,1.1299567371606827,0.1732994900085032,-0.00431645821663551,0.0027335966515238397,1.4606037847697735,0.24799236841499805
471040,0.008034890473936684,0.06667794729582965,1.283783096820116,0.22852359246462584,-0.027159871271578595,0.001789039837603923,1.0623124316334724,0.17367987253237516
472064,0.0032381711062043905,0.08432234032079577,1.2828825563192368,0.19906588178128004,-0.030822598200757056,0.0007631838943780167,1.1105765476822853,0.22239123354665935
473088,-0.004380851867608726,0.03705199318937957,1.1736447662115097,0.18425016989931464,-0.022352167346980423,0.00022224504186851846,1.079855564981699,0.17787001840770245
474112,-0.00850665260804817,0.026805253350175917,0.9920932427048683,0.14630487328395247,-0.04879471939057112,0.00023780998503752926,0.6609413856640458,0.19143274053931236
475136,-0.0007879403419792652,0.027974200376775116,0.9258964136242867,0.10349756642244756,-0.01337484919349663,0.0014003302990204247,0.49151343991979957,0.1392388145904988
476160,0.002646686989464797,0.048065180773846805,1.1668086163699627,0.19053382193669677,0.021496268862392753,0.008924190009565791,0.7022893121466041,0.2426772729959339
477184,-0.005336637987056747,0.04655636998359114,1.1795948818325996,0.13695154432207346,-0.0008102157735265791,0.008110928918540594,1.2053177766501904,0.19781477598007768
478208,-0.006491844047559425,0.043496547848917544,1.2028991356492043,0.18990237498655915,-0.0005548457556869835,0.007933496053738054,2.287277013063431,0.6120942877605557
479232,0.012707684218185022,0.07702282560057938,1.2820890061557293,0.240403616335243,0.03482546686427668,0.0069657599851780105,2.8080085292458534,1.111869901418686
480256,0.0006351654592435807,0.08976612938567996,1.2271326556801796,0.19474466750398278,-0.017596222285646945,0.017525532544823363,1.2930192351341248,0.25143150915391743
481280,0.0008017106883926317,0.06524430285207927,1.2099279575049877,0.18768623052164912,-0.00984779922873713,0.020239541539922357,0.9575851382687688,0.17570295464247465
482304,-0.000852842946187593,0.057248552911914885,1.1482077166438103,0.1566217946819961,-0.008561526134144515,0.0008846522805470158,1.3824569582939148,0.22865364351309836
483328,-0.0003576806921046227,0.05350443406496197,1.1835929155349731,0.15814562467858195,0.000776882196078077,0.0036682354621007107,0.7683929847553372,0.11606699181720614
484352,0.003776997735258192,0.0411821489688009,1.1953054368495941,0.16799014434218407,-0.02248637331649661,0.0006345135639094224,0.4913905253633857,0.06584201159421355
485376,0.0006898271676618606,0.05294421664439142,1.2246836461126804,0.17530856234952807,-0.020092673221370205,0.0013202929912949912,0.3659029258415103,0.05378273827955127
486400,-0.008101782121229917,0.031053391401655972,1.1730860583484173,0.14908721577376127,-0.0031994261662475765,0.00035103338723274646,0.07277947012335062,0.008043390815146267
487424,-0.0027849653706653044,0.03654094954254106,1.17682153172791,0.1367327282205224,-0.006566990748979151,0.0001837546190017747,0.7447749313432723,0.11037981987465173
488448,0.002183863252867013,0.06665986170992255,1.2417556159198284,0.20786398416385055,-0.007428902157698758,0.015527381299762055,1.4098672214895487,0.2606233931146562
489472,-0.0039548219938296825,0.05310825677588582,1.1823053285479546,0.1655898387543857,-0.00025147671112790704,0.009418816611287184,1.4644395858049393,0.3055411376990378
490496,-0.005799661477794871,0.06333712709601969,1.2196281515061855,0.16864612000063062,-0.012612163496669382,0.010398505241028033,0.7159285694360733,0.1183709108736366
491520,-0.0007762268360238522,0.059124698396772146,1.2965189702808857,0.16127575654536486,-0.036541770852636546,0.0007123799450710067,0.7564394292421639,0.1291994214989245
492544,-0.0008883719274308532,0.05524924991186708,1.1471017561852932,0.15161066502332687,0.009451135381823406,0.008190371201635571,2.0389667823910713,0.4517577402293682
493568,0.0006139684846857563,0.03745286457706243,0.9046759139746428,0.10911533562466502,0.017619821010157466,0.00033629316033056966,1.2111602015793324,0.2844556021736935
494592,-0.0010145080741494894,0.039456835540477186,1.2219854332506657,0.16522653447464108,-0.012181790778413415,0.0005013846484871465,1.0475047063082457,0.15665766363963485
495616,-0.0007297223201021552,0.051670909160748124,1.2158227264881134,0.17081815237179399,-0.025518540234770626,0.0025133647322945762,0.824006199836731,0.12482786364853382
496640,-0.0011478796222945675,0.05009264743421227,1.1862571090459824,0.14809726038947701,-0.01574554480612278,0.009499289437371772,1.330531269311905,0.21831885213032365
497664,-0.005010383727494627,0.03548957785824314,1.4302385561168194,0.1768744862638414,-0.0032598944671917707,0.004966267941199476,2.2916853353381157,0.5155310444533825
498688,-0.004508687561610714,0.031987876864150167,1.3691112846136093,0.15753267030231655,-0.00132385766482912,0.0012021528291370487,1.2700403816998005,0.2428248452488333
499712,-0.008321802306454629,0.03098480764310807,1.3141256980597973,0.14850844955071807,-0.0182017867336981,0.00026145035258196003,0.7563048787415028,0.11266620852984488
500736,-0.00833519450679887,0.05522788758389652,1.2012397833168507,0.15748093696311116,0.0016006180230760947,0.019274632300948724,0.6652731625363231,0.10891961271408945
501760,-5.707067612092942e-05,0.049377190065570176,1.2431025132536888,0.17309914994984865,-0.0002563689777161926,0.008332565088494448,1.3289230838418007,0.20951411966234446
502784,-0.0012363925052341074,0.03457223321311176,1.3906180523335934,0.18185710348188877,-0.010867671604501083,0.00013132047831732052,0.9259167779237032,0.13302069925703108
503808,-0.0006619071355089545,0.04280886275228113,1.4279592223465443,0.19105418026447296,-0.013958437863038853,0.004712363705039024,2.021429881453514,0.4315720887389034
504832,-0.002063962063402869,0.047795078018680215,1.3478107824921608,0.17853179899975657,0.026020437915576622,0.00036777312834601616,1.22234853846021,0.30527713359333575
505856,0.009489165706327185,0.0767367382068187,1.130924604833126,0.23921661404892802,3.241513331886381e-05,0.006561569487530505,0.10371836111880839,0.010314299375750124
506880,0.0024674787127878517,0.07612056180369109,1.085786808282137,0.1861226912587881,-0.006890003365697339,0.0032847429647517856,0.30670640151947737,0.03900853561935946
507904,0.0033607710211072117,0.05646131874527782,1.1197772026062012,0.18568411795422435,-0.010270388956996612,0.008234213466494111,1.1704249009490013,0.1841092575341463
508928,0.005631808933685534,0.06088782241567969,1.2310455478727818,0.20868231309577823,-0.02461557975038886,0.0013312127084645908,1.177628768607974,0.18851407896727324
509952,0.0010615179780870676,0.049829519470222294,1.1680727526545525,0.1816988093778491,-0.026751844154205173,0.0006125603269993007,1.1919184420257807,0.18786443397402763
510976,0.007738539447018411,0.05455863510724157,1.1402922309935093,0.2105426313355565,-0.005599627373158,0.0017453053915232886,0.27369095478206873,0.03602218447485939
512000,0.0037898793525528163,0.05635825719218701,1.1632513590157032,0.18902969593182206,-0.0017320213082712144,0.008740568529901793,0.9667343022301793,0.1508605360868387
513024,0.0011285099026281387,0.04083136608824134,1.175438579171896,0.16397897992283106,-0.007042843732051551,0.0008311785331898136,0.4735769866965711,0.06944261468015611
514048,0.0017861862434074283,0.052143286215141416,1.2702412530779839,0.16277232812717557,0.0056013589783106,0.014807585310336435,1.3611424267292023,0.2218843805603683
515072,-0.012196223520732019,0.060442966991104186,1.2523407861590385,0.16448440914973617,0.004230059334076941,0.0023298786964005558,1.456286210566759,0.2288419110700488
516096,0.01105059654219076,0.07346077193506062,1.250314436852932,0.21973416581749916,-0.003948052748455666,0.02864778760704212,1.3246247358620167,0.2130361865274608
517120,0.0049826864269562066,0.04945766634773463,1.2098328322172165,0.2018343284726143,0.001384327537380159,0.015305366177926771,1.3736096993088722,0.22049607941880822
518144,0.002921746767242439,0.03766461310442537,1.1407174058258533,0.20246880874037743,-0.009464746428420767,0.001722626548144035,1.060776025056839,0.15833446942269802
519168,0.0032744446070864797,0.022120123263448477,1.1565983220934868,0.1849468839354813,-0.02291216142475605,0.000299421779345721,0.6369505114853382,0.0886990400031209
520192,-0.009489430478424765,0.02133032860001549,1.1552016660571098,0.1854979027993977,-0.04757495960802771,0.004454346570128109,1.941873574629426,0.46328229701612145
521216,-0.0032816057646414265,0.03963638108689338,0.8824481628835201,0.10573295154608786,-0.00036816325155086815,0.005941713053289277,0.03947358124423772,0.0033367935102432966
522240,-0.005493104341439903,0.04039200127590448,1.2681032754480839,0.15625281585380435,-0.0009840393904596567,0.004039711869609164,0.07934171997476369,0.0073467548354528844
523264,-0.0021122411999385804,0.07279739540535957,1.1938047111034393,0.1914157192222774,0.003101707698078826,0.036195127584505826,1.1035099439322948,0.23858804372139275
524288,0.0011763484653783962,0.05797777429688722,1.2751629911363125,0.1937714205123484,0.002382140781264752,0.008299683693621773,1.7528080306947231,0.34787744004279375
525312,-0.0011506973678478971,0.046805453835986555,1.2964686751365662,0.17831535311415792,-0.06900986173423007,0.010105547291459516,2.1778707541525364,0.7209563134238124
526336,-0.0030114757537376136,0.05239996896125376,1.0899793840944767,0.12616687617264688,0.001351128361420706,0.004881926597590791,0.0890693950932473,0.008686990186106414
527360,-0.005179769897949882,0.022157514817081392,1.3501805551350117,0.1525847737211734,-0.0007089035061653703,0.000556117564883607,0.023811719205696136,0.0019945285748690367
528384,-0.005070446204626933,0.030395945766940713,1.2640449330210686,0.14825128251686692,-0.005081579030957073,0.0035059538631685427,0.3591889630770311,0.05594245309475809
529408,-0.0035284324549138546,0.06802000000607222,1.1654524616897106,0.17254067352041602,0.0018941853486467153,0.029239227529615164,1.3517371378839016,0.25456365244463086
530432,-5.53108548047021e-05,0.07895469875074923,1.2050016783177853,0.17361657600849867,-0.007608549625729211,0.015974760171957314,1.0380121991038322,0.18119350727647543
531456,6.160106568131596e-05,0.053418620955199,1.2143609523773193,0.1696343426592648,-0.03153438775916584,0.006237944158783648,0.6520533934235573,0.10980658465996385
532480,-0.0038118526426842436,0.04503226210363209,1.110369224101305,0.1674831910058856,0.0038072156748967245,0.02736971667036414,1.2823703326284885,0.23582077864557505
533504,-0.00027867498283740133,0.04254855611361563,1.1541293151676655,0.18763493839651346,0.007872150395996869,0.01009549098671414,1.0518437251448631,0.1681554347742349
534528,0.004531594837317243,0.05877434590365738,1.2840070202946663,0.19909528410062194,-0.0030403487180592492,0.008956482401117682,1.3083536364138126,0.2266657087020576
535552,0.004645961424103007,0.038629419170320034,1.135019063949585,0.19095533713698387,-0.056481511623132974,0.00205684772481618,1.1895032189786434,0.27185993315652013
536576,0.0019298259867355227,0.0473686158657074,1.117042101919651,0.1753592132590711,0.0009314091003034264,0.00805205803771969,0.06403111980762333,0.00629018124891445
537600,0.002583733614301309,0.047736062901094556,1.106247566640377,0.15113456547260284,0.000240310124354437,0.00020010125717817573,0.022705828247126192,0.0018673732411116362
538624,0.0024926273181336,0.051765920128673315,1.1767710112035275,0.16235700668767095,0.00010865749209187925,0.00012366288342491316,0.021742617653217167,0.0017782043432816863
539648,-0.0006927205831743777,0.04330656200181693,1.3720327392220497,0.18196609476581216,-1.3413198757916689e-05,0.0003529957039063447,0.06900568457785994,0.0067091037053614855
540672,-0.011935491114854813,0.04711800592485815,1.2356837540864944,0.17302698828279972,-0.0425574216642417,0.0011469558212411357,0.6036270644981414,0.1353856140631251
541696,0.0009229538263753057,0.04385075578466058,1.2950938828289509,0.19443391170352697,-0.00014033145271241665,0.00593446853235946,0.11530411033891141,0.01224732183618471
542720,-0.003220810554921627,0.05548704287502915,1.1949797421693802,0.16658638883382082,-0.0038375088188331574,0.001028256688186957,0.6058969749137759,0.08646440866868943
543744,0.0021534090337809175,0.04058996541425586,1.011395862326026,0.1410818393342197,0.0023301542387343943,0.008697510602360126,1.3413311038166285,0.21535749128088355
544768,-0.0019368058419786394,0.05573451262898743,1.1573063544929028,0.1508016763255,-0.007179532782174647,0.001559258360430249,0.8841067403554916,0.12500086310319602
545792,-0.004306915303459391,0.06259394309017807,1.1499340534210205,0.19422522699460387,0.0055417425610357895,0.015308456975617446,0.9145787190645933,0.1605482951272279
546816,0.011286070715868846,0.037206777080427855,1.155420746654272,0.2130871727131307,-0.00471710239071399,0.009516832215012982,1.159060811623931,0.20189721509814262
547840,0.004387539316667244,0.030802975641563535,1.206024058163166,0.21611130144447088,-0.013204838236561045,0.008235059758590069,2.1570644676685333,0.4749404340982437
548864,0.0035911331069655716,0.032210205565206707,1.1563668511807919,0.1907609449699521,0.026792402612045407,0.0007653147431483376,1.1909075253643095,0.2728693791432306
549888,-0.0004970058653270826,0.03734034392982721,1.1321143470704556,0.17171993013471365,-0.00854333015740849,0.008588580114519573,0.8415962806902826,0.13428842276334763
550912,0.000827763054985553,0.04198649909812957,1.1275656409561634,0.17973697744309902,-0.032710319850593805,0.01096357793721836,0.4357600035145879,0.07388370705302805
551936,-0.00197861366905272,0.0685301321791485,1.2032998949289322,0.16957915155217052,-0.025909793039318174,0.00930313418211881,0.8284733118489385,0.1415408318862319
552960,-0.0001901016803458333,0.0681636274093762,1.1224994100630283,0.15327325789257884,-0.00013299784041009843,0.02324557217070833,1.2844037357717752,0.21741130948066711
553984,-0.0011513552963151596,0.05871015042066574,1.2182380110025406,0.1805844185873866,-0.006522174691781402,0.016037038309150375,1.3330939002335072,0.2235723389312625
555008,-0.0007658293325221166,0.07844201195985079,1.2690079845488071,0.16066845040768385,0.01025562836730387,0.0031533338806184474,0.8337094131857157,0.13347671064548194
556032,0.0003901837771991268,0.04722721816506237,1.1902792565524578,0.17938854405656457,-0.0450641422503395,0.0011514378784340806,0.8046083357185125,0.12281892250757664
557056,-0.005032015862525441,0.0822027490939945,1.1891710199415684,0.14697553357109427,0.001899215130833909,0.015256316826707916,0.7759780082851648,0.1125005423091352
558080,-0.0005938141839578748,0.06535572081338614,1.0030331071466208,0.1385169541463256,-0.0022938919137232006,0.009307548163633328,1.0042850188910961,0.1500862049870193
559104,0.0015828633040655404,0.05373875389341265,1.097211617976427,0.15004032710567117,-0.0015570473624393344,0.0006582386395166395,1.043953649699688,0.15304160537198186
560128,-0.0026259332371409982,0.046712852199561894,1.1194503530859947,0.17054169345647097,-0.018452120915753767,0.00944419212100911,1.264249686151743,0.2015500175766647
561152,-0.0025326385075459257,0.03191194427199662,0.789476104080677,0.09418819821439683,-0.009703491465188563,0.008518977418134455,1.077228270471096,0.1621016883291304
562176,-0.0008227918151533231,0.03961550758685917,1.02880765683949,0.1335766538977623,-0.0013773832470178604,0.008244083706813399,1.3918667323887348,0.2219474376179278
563200,-0.0014458813529927284,0.023272831575013697,1.0119671784341335,0.14608639106154442,0.00527904846239835,0.00018419686728066154,1.1006224285811186,0.16469283867627382
564224,-0.00642381576471962,0.032462949748151004,1.2420932464301586,0.14397142035886645,-0.0015269346185959876,0.00011233545666300415,0.9862671326845884,0.14529151376336813
565248,-0.003060694332816638,0.07122459728270769,1.1261292062699795,0.12788040470331907,-0.04028300099889748,0.004023248886369402,1.2275021709501743,0.20312665402889252
566272,-0.007736748113529757,0.03938666020985693,1.1743353232741356,0.14449184969998896,-0.0017524469003546983,0.0009910519138429663,0.08311395556665957,0.0073058283887803555
567296,0.0024442747235298157,0.04210805508773774,1.097930010408163,0.12181685026735067,-0.005366092547774315,0.0003627763354643321,0.6923755751922727,0.09519740956602618
568320,0.006535446969792247,0.06364180275704712,1.35118493065238,0.19677746947854757,0.005004076025215909,0.02167654418735765,1.1844696812331676,0.19867392163723707
569344,-0.0015750052407383919,0.046391124837100506,1.3039616979658604,0.18336010817438364,-0.008113629388390109,0.00046468483969874796,0.7209762781858444,0.11850155936554074
570368,0.0016973036690615118,0.07343212002888322,1.239574909210205,0.17123926617205143,-0.014858489361358806,0.0019164203276886838,0.6710925279185176,0.10384103271644562
571392,-0.0018505046609789133,0.0596456021303311,1.2773292660713196,0.16569828754290938,0.0034986527170985937,0.006858062195533421,0.12101918342523277,0.012104637949960306
572416,-0.0003287034123786725,0.056523578241467476,1.3523079082369804,0.16533814510330558,-0.0018455578829161823,0.001216855454913457,0.09136906336061656,0.00840806245105341
573440,-0.0017797710315790027,0.05451918567996472,1.3947732895612717,0.17506132367998362,-0.0009439231653232127,7.706992016665026e-05,0.3729441217146814,0.04469381220405921
574464,-0.0027668722468661144,0.04718556988518685,1.3868168592453003,0.18299354473128915,-0.02295376986148767,0.0017015514276863541,0.8362515699118376,0.12264373432844877
575488,0.005837877397425473,0.0659083987120539,1.1535174138844013,0.2092454037629068,0.00042666259105317295,0.009459323238843353,1.3389137908816338,0.2627154109068215
576512,0.002624898770591244,0.04836827295366675,1.2416280023753643,0.1422955929301679,-0.006444825216021854,0.014369755852385424,1.8235950581729412,0.38702567480504513
577536,-0.004811667429748923,0.03544356452766806,1.0917370952665806,0.14044356113299727,0.025485297024715692,0.0003293232273335889,0.9588790782727301,0.22671195771545172
578560,-0.0006380044505931437,0.04236346110701561,1.1282118111848831,0.15170144056901336,-0.015063982602441683,0.00043279975125187775,0.49906689394265413,0.06949701439589262
579584,-0.000793543440522626,0.04181948583573103,1.1046402975916862,0.14545550057664514,0.00028340189601294696,9.05885551674146e-05,0.289126658346504,0.030657835653983057
580608,-0.005308118510583881,0.0486377872293815,1.273235585540533,0.17451922269538045,-0.04970362756284885,0.006502752763481112,0.7943995716050267,0.1351925105554983
581632,-0.004781231313245371,0.04267430829349905,1.3101267144083977,0.16796343633905053,-0.00010140836820937693,0.00257593517380883,0.028742764028720558,0.002341385930776596
582656,-0.0049287622241536155,0.04776063153985888,1.21800896525383,0.13674991531297565,-0.001919962465763092,0.0021878059687878704,0.17157427757047117,0.017630085698328912
583680,1.8407590687274933e-06,0.04392341896891594,1.2550083808600903,0.1953661167062819,-0.04478771091089584,0.0007970350516188773,0.9161464432254434,0.16943791625089943
584704,-0.0010373480035923421,0.08800508175045252,1.2273284122347832,0.19091951567679644,0.01152263570111245,0.022465038171503693,1.3514411225914955,0.2281112289056182
585728,0.002915937569923699,0.13530499348416924,1.3236450925469398,0.19442078564316034,-0.005260002464638092,0.010317092048353516,1.108130007982254,0.1826407890766859
586752,0.0058281044839532115,0.1005638639908284,1.253581129014492,0.1892860666848719,-0.007598960553877987,0.01499834714923054,1.1873358972370625,0.19857510970905423
587776,0.01084177746088244,0.07460785889998078,1.0219103507697582,0.16101021505892277,-0.026918736286461353,0.0013055317222097074,0.7925683818757534,0.1264934109058231
588800,-0.00099311706435401,0.06442946754395962,1.0638317316770554,0.1425159745849669,0.0028217085637152195,0.007502937089157058,0.0698196905432269,0.0070722694508731365
589824,-0.0006141526682768017,0.05431163217872381,1.2057462818920612,0.16551187401637435,-0.0005711161647923291,0.0031574852437188383,0.05487007764168084,0.005100958282127976
590848,-0.002112201094860211,0.08028691366780549,1.130366463214159,0.1756706517189741,-0.0023096991644706577,0.02200544741936028,0.10462035704404116,0.01081469829659909
591872,0.006396909826435149,0.056598909199237823,1.1299749985337257,0.18715036613866687,-0.011546344525413588,0.0035047602978011128,0.6695076720789075,0.10437650640960783
592896,-0.0005745606613345444,0.04910557274706662,1.1028732359409332,0.19934299122542143,-0.018348731799051166,0.007449638203979703,1.4906903021037579,0.27812232868745923
593920,0.009356309281429276,0.052035961067304015,1.120205208659172,0.1996366987004876,-0.0023575106606585905,0.0017198000341522857,0.5868092570453882,0.08878788305446506
594944,0.0008587028569309041,0.05881597416009754,1.1638661958277225,0.18503402406349778,0.006274354382185265,0.0013306732071214356,0.5050966441631317,0.08141380065353587
595968,0.0001775621494743973,0.04857880366034806,1.2328193485736847,0.1780549380928278,-0.006316536018857732,0.0008009534976736177,0.08077095792395994,0.010311549121979624
596992,-0.0025244946591556072,0.045320552424527705,1.250826172530651,0.14687299448996782,-0.01697244879323989,0.0006485610792879015,0.4395191946532577,0.06901957193622366
598016,0.0010317456326447427,0.043828949332237244,1.1883818916976452,0.15490429429337382,-0.03913446934893727,0.0025752470555744367,0.8842174671590328,0.14518868981394917
599040,0.0007152805774239823,0.036053259507752955,1.2617507614195347,0.1672231969423592,0.005930746308877133,0.0032065447235254396,0.5881630601361394,0.0815953075652942
600064,-0.0002720401680562645,0.06361421302426606,1.3663746677339077,0.17430250206962228,-0.0036306385591160506,0.01773956191027537,1.284220665693283,0.22997476905584335
601088,0.004848671873332933,0.05710025201551616,1.25840337947011,0.1927309324964881,-0.011046392522985116,0.00857636899309,1.9786675162613392,0.4637685986235738
602112,-0.0024186968221329153,0.061705118510872126,1.2446648813784122,0.18614557525143027,0.01664767717011273,0.009145536572759738,1.9604152105748653,0.4518940858542919
603136,0.002755880355834961,0.05086396308615804,1.3213710896670818,0.20240304246544838,0.0076765622943639755,0.00079508148644436,0.6563975932076573,0.0936235305853188
604160,0.004642954270821065,0.0447132681729272,1.275105781853199,0.17682267492637038,-0.006443720660172403,0.0005989279416098725,0.7674802811816335,0.10648178204428405
605184,-0.006607682735193521,0.053949941881000996,1.151731003075838,0.15617411024868488,-0.05332714749965817,0.012919949389470275,1.7506456915289164,0.37115359399467707
606208,-0.005573667513090186,0.05692512798123062,1.251362219452858,0.16225997963920236,-0.04827476356877014,0.012630246539629297,0.619501881301403,0.09817859902977943
607232,-0.0037065770593471825,0.04463482811115682,1.1425683088600636,0.1333597293123603,-0.0005278475873637944,0.0008265537726401817,1.0378616973757744,0.16253007878549397
608256,-0.03207906744501088,0.014441471867030486,1.4804158732295036,0.16101534757763147,-0.04155951729626395,0.0002302458390204265,1.0620747208595276,0.1836365107446909
609280,-0.04322342012892477,0.0025233225701413176,1.4571282900869846,0.19070815248414874,-0.00044206029269844294,0.00010019510503411766,0.051962660043500364,0.004636596888303757
610304,-0.00578790094004944,0.026538378791883588,1.1898645013570786,0.15102089568972588,-0.02976001615752466,0.0024882148354663514,0.7938911614473909,0.17872638802509755
611328,0.0009235982142854482,0.03671125537948683,0.9058483522385359,0.17670596670359373,0.0008179894357454032,0.0033506762629258446,0.025115369411651045,0.002160720992833376
612352,-0.006036505390511593,0.040562380221672356,0.9566735830157995,0.17392181139439344,0.0010506347753107548,0.003540692296155612,0.017204894858878106,0.0014738267636857927
613376,0.0028329661581665277,0.031420551415067166,0.6704074554145336,0.0708000612212345,8.299291948787868e-05,0.0017397292122041108,0.010972081625368446,0.0008086853194981813
614400,-0.00401349006278906,0.029940255684778094,0.7292536813765764,0.08195185312069952,-6.006096373312175e-05,0.0012414981522397284,0.015118503855774179,0.0011649043299257755
615424,-0.01620805510901846,0.05359988857526332,0.9225337617099285,0.1369803510606289,-0.00019100462668575346,0.006098408372054109,0.02581736835418269,0.002286246162839234
616448,-0.010668353686924092,0.04280743817798793,1.1546425335109234,0.12234082538634539,-0.0033056646352633834,0.006098525150946443,0.543628390878439,0.08102263021282852
617472,0.0008327046525664628,0.046761370613239706,0.9593009315431118,0.1525657083839178,0.006824734213296324,0.015417349408380687,0.8769081253558397,0.1611902113072574
618496,-0.0016897228197194636,0.04743867984507233,1.160315964370966,0.20326225506141782,0.010121476894710213,0.007569489996967604,0.07062566294916905,0.009047373314388096
619520,-0.001982823247089982,0.1000349500682205,1.153340831398964,0.1837482056580484,-0.0001823325001168996,0.009320342265709769,0.01315764119499363,0.0010887568350881338
620544,-0.004596545535605401,0.04671783128287643,1.105576254427433,0.14206548570655286,-6.688415305688977e-05,0.003056069856029353,0.014057283609872684,0.0011409228900447488
621568,-0.026224295375868678,0.01379128432017751,1.3665018398314714,0.1418529120273888,-0.005509710928890854,0.002106188703692169,0.14291754353325814,0.017288040718995035
622592,-0.0018037403060588986,0.00855166326800827,1.5415344759821892,0.21392317139543593,0.00862879297346808,0.004673920671848464,1.28139378875494,0.2011403702199459
623616,-0.019883995773852803,0.023012483259662986,1.2374559752643108,0.13082178542390466,-0.019467912876280025,0.0036333015682430414,1.0508363395929337,0.15090913698077202
624640,-0.025906623777700588,0.007612946494191419,2.0246505178511143,0.37623432418331504,-0.011087080434663221,0.0030909152947060647,1.0708160772919655,0.16073062736541033
625664,0.0031610121368430555,0.029009848192799836,1.0216100085526705,0.18844658182933927,-0.08942044695140794,0.0017419967452951823,1.036074087023735,0.249618606059812
626688,-0.004203417542157695,0.05499191430862993,0.9846481177955866,0.11690571252256632,-0.01050289673730731,0.00030541880914825015,0.20772918593138456,0.031162989849690348
627712,-0.001991502824239433,0.0781753248302266,1.047070799395442,0.16539452085271478,-0.00020001217490062118,0.0014312756647996139,0.12958199146669358,0.02118857385357842
628736,0.0009068510989891365,0.06732909567654133,1.1004465594887733,0.1581529639661312,-0.007150014047510922,0.009786250859178836,0.5625408185878769,0.13501255499431863
629760,-0.002754699409706518,0.053010896081104875,1.0725761204957962,0.13677328103221953,-0.010441424266900867,0.017314271637587808,1.4726554229855537,0.2691453108564019
630784,-0.0028608112334040925,0.05541198281571269,0.9385700691491365,0.13817434757947922,-0.026426649710629135,0.0011384260014892789,0.6129419608041644,0.11627009091898799
631808,-0.00045934267109259963,0.055095835123211145,1.0958669390529394,0.1614457629621029,-0.03598275181138888,0.0010042902558780042,0.8660545526072383,0.15678515436593443
632832,-0.0004852694837609306,0.05359735304955393,1.0907873176038265,0.15814891085028648,-0.0012754104609484784,0.000820609492393487,0.7485740948468447,0.1159565265988931
633856,-0.007629180850926787,0.042679542908445,0.9094907585531473,0.12695519742555916,-0.02289827767526731,0.0006290920516676124,0.7795727076008916,0.11219387745950371
634880,0.0029814940644428134,0.041832502582110465,0.878234751522541,0.11693504289723933,-0.022760437917895615,0.00047638573732911027,1.0657736044377089,0.1684491380583495
635904,0.01937399507733062,0.0755324000492692,1.2278975322842598,0.23402721481397748,-0.003358462650794536,0.008325522081577219,0.6008849921636283,0.10139780311146751
636928,-9.36195719987154e-05,0.05701110663358122,1.144782867282629,0.1874731220304966,-0.0071881993499118835,0.008476434975818847,1.6091817319393158,0.32867666566744447
637952,0.0003164784866385162,0.06166615628171712,1.110623326152563,0.1667073587886989,0.001027231162879616,0.0077463686484406935,2.971083030104637,0.8389874938875437
638976,0.0030742800590815023,0.05326715181581676,1.1300599500536919,0.16560974530875683,0.050275673129362985,0.0006389431459865591,1.4764718478545547,0.3601574100321159
640000,0.009404707263456658,0.08847619313746691,1.110976431518793,0.15202018758282065,-0.00729424568999093,0.010174609946261626,1.2428005170077085,0.1486648404970765
641024,-0.0020030105370096862,0.054749622009694576,1.0169109962880611,0.14638088340871036,-0.02736348522012122,0.015433919921633787,0.7580596674233675,0.12354490556754172
642048,-0.0017125908634625375,0.035499350109603256,1.0736136063933372,0.1624639080837369,-0.006288551725447178,0.0014351232748595066,0.7259801123291254,0.11561279243323952
643072,0.003078935362282209,0.02329167671268806,1.2536314465105534,0.18032959895208478,-0.05829585547326133,0.001757153651851695,1.270676176995039,0.24003471178002656
644096,0.0005427806463558227,0.01725976399029605,1.1343739703297615,0.14030275959521532,-0.007735463237622753,0.0016948153133853339,1.2990261688828468,0.21075556194409728
645120,0.004468495782930404,0.0335696775582619,1.2855913750827312,0.1638053311035037,-0.01679819665150717,0.009625697592127835,1.3337485007941723,0.21830276492983103
646144,0.0021937330602668226,0.052748694201000035,1.106263943016529,0.16803207667544484,-0.000698402087436989,0.007153895810915856,0.57230867119506,0.10433606518199667
647168,-4.004815127700567e-05,0.042275736457668245,1.0844372510910034,0.1812623469159007,-0.028028094544424675,0.0009757924044606625,0.49838259210810065,0.07557224429911003
648192,0.004229990823660046,0.0382443112321198,1.0122509822249413,0.1769095305353403,-0.015418769646203145,0.0004795890456534835,0.8993096854537725,0.14056303061079234
649216,0.0015434224187629297,0.038625567976851016,1.0372731741517782,0.18734687007963657,-0.018794966745190322,0.00047705678798593,0.88938869535923,0.14501714729703963
650240,-0.001518444754765369,0.04189554834738374,1.0755952317267656,0.1685269670560956,-0.023282181296963245,0.002072250372293638,1.1068351678550243,0.19712255895137787
651264,-0.007974389722221531,0.051893786643631756,1.093906695023179,0.14094999874942005,-0.014997545949881896,0.0002464370986672293,0.1811937061138451,0.02422612626105547
652288,-0.01115152366401162,0.06380760541651398,1.2703358232975006,0.1729829297401011,-0.015476158092496917,0.008275376199890161,2.0825409330427647,0.6197534208185971
653312,-0.004783186013810337,0.043302563251927495,1.1890847757458687,0.1615501898340881,0.005476051825098693,0.0003669852744678792,0.3493480999022722,0.07553256122628227
654336,-0.0010367607465013862,0.04388285265304148,1.2599565796554089,0.17186431912705302,-0.007756485720165074,0.00026630734839727666,0.7964544394053519,0.12138987326761708
655360,-0.003264070925069973,0.06841423036530614,1.1395386196672916,0.16428647749125957,-0.055859680694993585,0.0025953898420993937,1.2419069148600101,0.2369413075502962
656384,0.0036784171243198216,0.05341851070988923,1.3027240335941315,0.19856671011075377,-0.027867351716849953,0.0015038261808513198,0.7048467444255948,0.1074119582772255
657408,-1.7221667803823948e-05,0.05905675969552249,1.3392641171813011,0.14644730812869966,-0.02081807583454065,0.00010601587678138458,1.019486236386001,0.15517438820097595
658432,-0.004579473185003735,0.0573123125359416,1.257507111877203,0.15147048933431506,-0.04809549351921305,0.000684862550770049,1.1847405191510916,0.22543399455025792
659456,-0.0075602456636261195,0.05735663301311433,1.210984330624342,0.17836109083145857,0.006945459812413901,0.008012501635676017,1.4092028280720115,0.38552791834808886
660480,0.0008016656647669151,0.08580226439516991,1.159576591104269,0.18212178675457835,-0.08221715711988509,0.0028293664108787198,1.7678700238466263,0.6599360043182969
661504,0.0005722500354750082,0.05305904394481331,1.2342451363801956,0.1735006608068943,0.002793497347738594,0.0020239994873918477,0.013916391566453967,0.0014405811089091003
662528,0.003541764715919271,0.04009997996035963,1.3673560582101345,0.188060587272048,-3.569599357433617e-05,0.001364619954074442,0.003384853458555881,0.00023572752252221107
663552,-0.001048672856995836,0.05455536535009742,1.1667089350521564,0.13996167038567364,0.00013636815128847957,0.0011181842291989597,0.0228927155258134,0.0019963447703048587
664576,-0.0029990507173351943,0.040142137673683465,1.2530421279370785,0.14816082338802516,-0.01774036107235588,0.0008030310299318444,0.7653107265941799,0.12477081036195159
665600,0.0010650785261532292,0.061909185722470284,1.3362564705312252,0.19528390653431416,0.0018017273978330195,0.0008113099688671355,0.015062902530189604,0.004339655977673829
666624,0.009910284541547298,0.04961314727552235,1.3671690113842487,0.1952799498103559,4.853392601944506e-05,0.00019562560351005231,0.0039226390508702025,0.000285480753518641
667648,-0.008119300880935043,0.04373735631816089,1.3474897295236588,0.1734824157319963,-0.0001863664947450161,0.00023807038905943045,0.003979544329922646,0.000281632412225008
668672,-0.014380790511495434,0.029382004111539572,1.251147996634245,0.16852077608928084,-0.005752669851062819,7.153567202067279e-05,0.027714879819541238,0.0040649608126841486
669696,-0.011020806356100366,0.03706195286940783,1.21567627415061,0.15596287278458476,-0.003724624664755538,3.5538147173497237e-05,0.9227092214277945,0.15538223297335207
670720,-0.014093551464611664,0.05149792437441647,1.008777005597949,0.16523374058306217,-0.011822100161225535,0.008214180859795306,0.31800021696835756,0.050523470039479434
671744,-0.00038843241054564714,0.041029422427527606,1.0474507100880146,0.1577734905295074,-0.00017922106781043112,0.0001255234197401478,0.015017194004030898,0.0012011948274448514
672768,-0.009453330450924113,0.028983486408833414,1.0483163464814425,0.1265225124079734,-0.027865056676091626,0.0004340508751283778,0.4016483735758811,0.06181357032619417
673792,-0.006850108838989399,0.05364268086850643,1.0748814903199673,0.1909809885546565,0.020151351491222158,0.009725553492899053,2.225973330438137,0.6662798449397087
674816,0.006364968663547188,0.05455261445604265,1.0466943439096212,0.19176890142261982,0.025454691087361425,0.03671535413013771,0.8051576921716332,0.21772396250162274
675840,0.0023735844588372856,0.033233026624657214,0.9534528125077486,0.14321596454828978,-0.05212180077796802,0.0015871076939220075,0.4882468720898032,0.1182443022262305
676864,-0.007231926632812247,0.019273876619990915,1.1503658164292574,0.16259660595096648,-0.0058125385257881135,0.0003050613377126865,0.310387356672436,0.04205634945537895
677888,-0.005137417581863701,0.03003495984012261,1.2433090470731258,0.18277578661218286,-0.02835726286866702,0.0006017009018250974,0.8097713626921177,0.12015231093391776
678912,0.0012368157622404397,0.060007289866916835,0.9848251473158598,0.1498451018705964,-0.00161067332373932,0.006775899328204105,1.5479737762361765,0.3745446135289967
679936,0.00827410866622813,0.04779429500922561,1.085536576807499,0.15752168092876673,0.007367453625192866,0.007999187451787293,2.0916232019662857,0.4496932905167341
680960,-0.003220131329726428,0.04695478966459632,1.170622330158949,0.16641548415645957,-0.04031217344163451,0.013805906313791638,0.26996955508366227,0.05531800549943
681984,0.00905396263988223,0.020923302217852324,1.2901391759514809,0.13980726478621364,-2.832376048900187e-05,0.009779383674867859,0.021365950349718332,0.0017289994284510612
683008,0.006617092309170403,0.02053269778843969,1.5315547548234463,0.18347725830972195,-0.00010845594806596637,0.009372254255140433,0.032138173875864595,0.002764227334409952
684032,0.01041449983313214,0.026395091728772968,1.3591395914554596,0.16800703248009086,-0.014452627685386688,0.009906835974106798,0.7853834240231663,0.13701141788624227
685056,-0.0021967353532090783,0.07209673535544425,1.2023642919957638,0.20083680842071772,-0.02396391733782366,0.015937791598844342,1.5528332777321339,0.33081091893836856
686080,0.014518099778797477,0.05302740202751011,1.1822641678154469,0.23520566476508975,-0.00759971296065487,0.011341047851601616,0.590898203663528,0.09185862366575748
687104,-0.001417569539626129,0.05473979690577835,1.024680308997631,0.164869855158031,0.0007246906170621514,0.026462581678060815,1.8553408533334732,0.42552729323506355
688128,0.0005982591101201251,0.057824410730972886,1.1523536033928394,0.17229726212099195,-0.008851956692524254,0.0025267331975555862,0.5478821024298668,0.091467110440135
689152,0.0028265426226425916,0.05789063801057637,1.1571676135063171,0.16079461271874607,-0.015574150253087282,0.0018463435608282452,0.3997306600213051,0.07558697066269815
690176,0.0021434928639791906,0.06473805801942945,1.1919312812387943,0.18643036484718323,0.017882500134874135,0.009625783524825238,0.5319445910863578,0.12919950671494007
691200,-0.0010267735051456839,0.05774145480245352,1.1764794066548347,0.18375210743397474,0.00028630837914533913,0.00018603650687509798,0.03589402529178187,0.0031858027214184403
692224,-0.010305146832251921,0.03358175640460104,1.2143549397587776,0.15257942723110318,-0.00018534122500568628,0.00010681791059141688,0.044537538080476224,0.0045237254817038774
693248,-0.009559615646139719,0.037484030646737665,1.2511661127209663,0.1567558217793703,-0.00011938493116758764,4.073396331705226e-05,0.04039126995485276,0.003583662328310311
694272,-0.006749143612978514,0.0418455129256472,1.2760332189500332,0.1541888602077961,-0.004458518931642175,5.388448710164084e-05,0.3837433682056144,0.05514903709990904
695296,-0.017773707280866802,0.058011759305372834,1.1889319606125355,0.16372412536293268,-0.05512046816875227,0.0011864101943501737,0.9343125335872173,0.22209820710122585
696320,0.0032605205196887255,0.11225069058127701,1.3396989032626152,0.23224699730053544,-0.02189845687826164,0.0016847157185111428,0.5219600712880492,0.10673193202819675
697344,-0.0031028578232508153,0.034907912369817495,1.0078552924096584,0.14905157079920173,-0.004352552205091342,0.0007957187247029651,0.3456825533648953,0.04743304685689509
698368,-0.0009865394531516358,0.0497873144922778,1.1736491844058037,0.19547236198559403,-0.008396300254389644,0.006997217464231653,2.627200372517109,1.05671645142138
699392,0.0016257907263934612,0.05293576559051871,1.2034434452652931,0.20900709135457873,0.0046620494103990495,0.009119260263105389,2.9354777559638023,1.139193531125784
700416,-0.01054185806424357,0.050081159453839064,1.040240004658699,0.13775239791721106,-0.04026540194172412,0.002607642525617848,1.4503829777240753,0.41043973341584206
701440,-0.0032759551249910146,0.03310420969501138,0.9860390592366457,0.10346875758841634,0.00014590885257348418,0.0005815256045025308,0.0307189641171135,0.002504452131688595
702464,-0.006111709401011467,0.039657814777456224,1.2157189585268497,0.13968408084474504,-0.002340994600672275,0.0003669469580245277,0.41391678829677403,0.05655196344014257
703488,-0.02101113213575445,0.059772242908366024,1.1827613525092602,0.16726867575198412,-0.013976892194477841,0.013357637872104533,1.3674241285771132,0.24047072976827621
704512,0.008751651854254305,0.08407907350920141,1.2666244991123676,0.21856933971866965,0.011197582789463922,0.028264611726626754,1.7701745480298996,0.3841957184486091
705536,0.0038965038547758013,0.061818235903047025,1.1861231736838818,0.17146707559004426,0.0044156314979773015,0.01142330962466076,0.6158787971362472,0.09101493831258267
706560,-0.009300612931838259,0.044788712984882295,1.2123001664876938,0.1430562031455338,0.002686299994820729,0.008354354984476231,1.4048792608082294,0.2320585292764008
707584,0.0006574666476808488,0.04721646895632148,1.260335985571146,0.15754510462284088,-0.0035936713975388557,0.007613967049110215,0.7526698522269726,0.09724304301198572
708608,-0.009041508310474455,0.03747267439030111,1.275421429425478,0.15925593674182892,-0.026742218964500353,0.001700677006283513,1.456061266362667,0.20222585601732135
709632,-0.003925563243683428,0.021246828546281904,0.9346386641263962,0.08968544425442815,0.0004032897122669965,0.0011962705737005308,0.9056719094514847,0.1116897368337959
710656,-0.002352415700443089,0.07635025738272816,1.3919648490846157,0.16719603398814797,-0.027451896690763533,0.002282490226207301,0.8262383230030537,0.12630079966038465
711680,0.0006781320553272963,0.03483654872979969,1.290675062686205,0.15480028465390205,-0.01571144035551697,0.0016432581669505453,0.6594622861593962,0.10147136985324323
712704,-0.0147628128179349,0.0674659606302157,1.2642372995615005,0.16663280874490738,-0.007630794454598799,0.005418771248514531,1.191926909610629,0.20612592436373234
713728,-0.019009305018698797,0.025444975355640054,1.269196905195713,0.1842436706647277,-0.009839778736932203,0.006842340233561117,3.0179724916815758,0.9010573197156191
714752,-0.015988433529855683,0.02931934379739687,1.2004260756075382,0.1785508133471012,0.0275001936533954,0.0017508672190160723,1.9731065100058913,0.9124775175005198
715776,-0.007731028905254789,0.06625206465832889,1.066874172538519,0.18218591855838895,-0.051309508562553674,0.015149891252804082,0.4700262313708663,0.08167169010266662
716800,-0.00020730699179694057,0.04620049172081053,1.19616324827075,0.20369548816233873,-0.020663893403252587,0.011371058521035593,0.25179667258635163,0.0403436289052479
717824,-0.00495743373176083,0.062408785917796195,0.9028089940547943,0.11949703004211187,-0.0117199900560081,0.01145691036072094,1.3005010485649109,0.21542461588978767
718848,-0.000799922774604056,0.03984367998782545,1.0571835078299046,0.16310731833800673,-0.015451552986633033,0.0012253650825186924,1.2622143365442753,0.2003876210656017
719872,7.957844354677945e-05,0.054829456959851086,1.0551925525069237,0.1716066524386406,-0.025831539256614633,0.0009472654855926521,1.1382134016603231,0.1800153753720224
720896,-0.005433992235339247,0.05843866802752018,1.116293516010046,0.2090548244304955,-0.056826575251761824,0.0074838656291831285,0.28154870076105,0.04931808216497302
721920,-0.00030462547147180885,0.05080253293272108,0.9964523017406464,0.14760695351287723,0.00061134371208027,0.004084629419594421,0.021436352195451036,0.0019074721494689584
722944,0.0031306896125897765,0.04373942955862731,1.0124805886298418,0.15431154519319534,1.064813113771379e-05,0.0032646399404256954,0.0092333254578989,0.0006695023039355874
723968,-0.0011652446410153061,0.04016789386514574,1.0290278606116772,0.1545072845183313,-2.5828383513726294e-05,0.0031131933724282135,0.013184915180318058,0.0010130294831469655
724992,0.0014885824639350176,0.038207670324482024,1.0737641975283623,0.16035777237266302,-0.0011661012831609696,0.0020736832370857883,0.047504636633675545,0.004513881751336157
726016,0.0031212376488838345,0.049328369670547545,1.0819242224097252,0.20350413210690022,-0.007338792536756955,0.0009926632774295285,0.4709754108916968,0.07387132989242673
727040,0.010708625763072632,0.046109478804282844,1.060082133859396,0.1910371594130993,0.003267730586230755,0.025475414193351753,1.270387675613165,0.218950160080567
728064,0.002305108471773565,0.033627749944571406,1.077907755970955,0.18769528064876795,-0.01919814376742579,0.0024934116063377587,1.1367100160568953,0.17513450048863888
729088,-0.0003918857255484909,0.038411702669691294,1.1125305891036987,0.19123014947399497,-0.0024840665282681584,0.0016092059395305114,0.3345921291038394,0.04432761180214584
730112,-0.0063496134680463,0.02668608579551801,1.1251585558056831,0.18276048358529806,-0.019995206559542567,0.0016997417578750174,0.9422486294060946,0.16685868287459016
731136,-0.0028781432047253475,0.027631723147351295,0.8548861313611269,0.08238696306943893,-0.015587983536534011,0.0009455667895963416,0.7453424069099128,0.11071760760387406
732160,0.0008643069013487548,0.048928479198366404,1.0257749278098345,0.13908450864255428,0.002824295515893027,0.021843023248948157,0.7837635362520814,0.14372740243561566
733184,0.002512662817025557,0.049604218802414834,1.203736163675785,0.2031335011124611,0.006318409490631893,0.02241541910916567,1.7547634951770306,0.3412092812359333
734208,-0.0001543937687529251,0.04147364490199834,1.1575725488364697,0.18223442928865552,0.005125725787365809,0.005839223809743999,0.7426437176764011,0.10906495782546699
735232,0.0029565643199020997,0.045687551610171795,1.0684812553226948,0.16142540937289596,-0.05625791824422777,0.0034258911182405427,1.4138973131775856,0.2685267629567534
736256,0.0004206773010082543,0.03521831927355379,1.0728901140391827,0.17992635676637292,-0.011120874754851684,0.00575066520832479,0.26070457382593304,0.04108568170340732
737280,0.005871709043276496,0.031042666407302022,1.2431780211627483,0.2226087455637753,-0.002569447475252673,0.01188139891019091,0.930709782987833,0.14939070562832057
738304,-0.0033793117327149957,0.043938880087807775,1.174080803990364,0.19973373180255294,-0.01748303454951383,0.0066720169634209014,0.9521339014172554,0.15158162266016006
739328,0.0010142033570446074,0.04254327528178692,1.1928910352289677,0.21226909710094333,-0.006637241429416463,0.0077886703293188475,1.9605454318225384,0.42714280169457197
740352,-0.0024456460087094456,0.08507231553085148,1.0328546985983849,0.1764091202057898,-0.004836466978304088,0.020684538932982832,1.2261656075716019,0.25238344818353653
741376,-0.0033935050305444747,0.044010357349179685,0.9594096560031176,0.1529877227731049,0.008211348438635468,0.0036573069446603768,0.24451800424139947,0.032680036674719304
742400,-0.002922709390986711,0.052710396819747984,0.917898453772068,0.1450021700002253,-0.002675085561349988,0.0006335809939628234,0.12793289334513247,0.013470712292473763
743424,-0.0025265839358326048,0.03550624049967155,0.9369114320725203,0.14677262888289988,-0.009887232561595738,0.007960043829370989,1.1127889701165259,0.2247688467032276
744448,-0.008819818176561967,0.04629383294377476,0.9667544364929199,0.17451633140444756,0.0024610923137515783,0.018298364695510827,2.187236174941063,0.5032461760565639
745472,-0.003504901302221697,0.025260782218538225,1.0188773609697819,0.1790255792438984,-0.07752633304335177,0.005767983191617532,1.3311369232833385,0.2787462780252099
746496,-0.004058714534039609,0.04440618131775409,1.1450018286705017,0.16167614050209522,0.00132213335018605,0.006087323316023685,0.030575837765354663,0.0032456876360811293
747520,-0.005383850249927491,0.04030435741879046,1.1422043424099684,0.1319695571437478,-3.775369259528816e-05,0.0034800456396624213,0.005631789899780415,0.0006229409482330084
748544,-0.0015653054579161108,0.04032867378555238,1.2974151000380516,0.1489404533058405,0.00047840329352766275,0.00216739698589663,0.005255731754004955,0.00039304234087467194
749568,-0.0015620565391145647,0.03630798985250294,1.3508591130375862,0.1603738241828978,-1.188987516798079e-05,0.001752009304937019,0.004039567422296386,0.0002837597858160734
750592,-0.012876658816821873,0.03393498400691897,1.0667334198951721,0.15238716220483184,-0.0004578508378472179,0.0014973634106354439,0.048879924055654556,0.00466576125472784
751616,0.0004572649049805477,0.028165631054434925,1.037721773609519,0.15958623168990016,-0.010314511106116697,0.0005712354814022547,0.4638116592541337,0.06822813063627109
752640,-0.0037927580706309527,0.03698148095281795,1.1304149888455868,0.17214135825634003,-0.03308389720041305,0.004930978546326514,0.8308583404868841,0.13455443689599633
753664,-0.0001938377390615642,0.04343398648779839,1.0486579947173595,0.14844551356509328,0.005762209606473334,0.010001076574553736,1.5763636268675327,0.2724995450116694
754688,-0.0017174595268443227,0.0357449987786822,1.1279462948441505,0.1521339868195355,-0.006273211300140247,0.0019101140587736154,1.1904170736670494,0.18944182200357318
755712,-0.0022056205198168755,0.056405582814477384,1.1166945844888687,0.16528054606169462,-0.034693731504376046,0.008379599625186529,0.48897163290530443,0.07407906069420278
756736,5.893741035833955e-05,0.054241919540800154,1.201233234256506,0.17532190680503845,-0.00015812393394298851,0.00015814459970897587,0.027474996575620025,0.002173213753849268
757760,0.008906947085051797,0.05878690234385431,1.1873417757451534,0.1742977425456047,-0.0009370764601044357,0.00021545010281442956,0.0911656585521996,0.00848571746610105
758784,0.00962156560854055,0.04402493790257722,1.1066859997808933,0.17013358045369387,-0.020664896816015244,0.008484246929583605,1.0149757657200098,0.17542394308838993
759808,-0.00027072662487626076,0.04317184165120125,1.1733100339770317,0.19078767811879516,0.01518530017347075,0.010281107453920413,1.2425936609506607,0.21602031588554382
760832,-0.005129276614752598,0.039843032718636096,1.0540261678397655,0.16916103102266788,-0.0037379373679868877,0.008314501064887736,0.9277611598372459,0.15041948948055506
761856,-0.009869982262898702,0.028065818187315017,1.0720440484583378,0.1608075308613479,-0.003815797856077552,0.008103950221993728,1.1559237707406282,0.19225783785805106
762880,-0.0047448065161006525,0.03144335001707077,1.0555978920310736,0.14744548546150327,-0.002173158631194383,0.008560865961044328,1.3626707680523396,0.2222405388019979
763904,-0.012746342545142397,0.034352839342318475,1.0451800003647804,0.14006722369231284,-0.0020558723190333694,0.007227804332615051,1.5170426666736603,0.2595397769473493
764928,-0.0171066784823779,0.037579798663500696,1.0410934500396252,0.1518429582938552,-0.009753398306202143,0.001947444998222636,1.0517915915697813,0.15540400706231594
765952,-0.007048768689855933,0.049591663060709834,1.0750271659344435,0.16611138870939612,-0.006477120914496481,0.008877509018930141,1.133726129308343,0.17970136110670865
766976,-0.009500472297077067,0.058199297287501395,1.0907609835267067,0.1523458599112928,-0.0073851099296007305,0.023925157540361397,1.3674612939357758,0.23006310733035207
768000,0.0004930504655931145,0.04089251207187772,1.205646801739931,0.1478428195696324,-0.016163497319212183,0.000573180277569918,1.1693629547953606,0.1850353879854083
769024,-0.00573687965516001,0.07133252243511379,1.2586405836045742,0.14779994753189385,-0.011511871562106535,0.0003490890303510241,0.35983005445450544,0.0462161194300279
770048,-0.0008639928128104657,0.03705302864545956,0.9413765836507082,0.10203641117550433,-0.0013678272953256965,0.0022939279649563105,0.6084521375596523,0.08875668537802994
771072,0.0009678039932623506,0.06576269085053355,1.1875205263495445,0.17090722313150764,-0.01453894455335103,0.00804854850139236,1.6934181675314903,0.2928911540657282
772096,-0.001559937692945823,0.06218795501627028,1.1957126334309578,0.1772639756090939,0.009935973619576544,0.036263916874304414,1.362163484096527,0.21627369965426624
773120,-0.0035420733911450952,0.06310710753314197,1.185319535434246,0.18619943736121058,-0.0014038822264410555,0.023396109318127856,1.292725671082735,0.21419292455539107
774144,0.0023686590138822794,0.0743400432402268,1.0860692635178566,0.15558795537799597,-0.004497689398704097,0.0019596243946580216,1.1557893920689821,0.18842443311586976
775168,0.0023629993374925107,0.07522753428202122,1.04665457457304,0.1428439193405211,-0.03749668211094104,0.00853940480737947,1.498350277543068,0.3251456783618778
776192,0.007839370184228756,0.035837214323692024,0.8194351866841316,0.09072195086628199,-0.03797053769812919,0.007013189544522902,1.3611642215400934,0.3352087304228917
777216,-0.0002941401908174157,0.03271235735155642,0.9981265403330326,0.12582663702778518,0.0040773685032036155,0.008298756587464595,1.3240968566387892,0.3330820983974263
778240,-0.00515803461894393,0.02588941768044606,1.070880699902773,0.13549328898079693,0.024379821203183383,0.0004353283845830447,1.3989503476768732,0.2732605196069926
779264,-0.005948998325038701,0.026451364334207028,1.1731374934315681,0.15338665759190917,-0.004777941474458203,0.00044305826315849117,1.1343761291354895,0.14415526879020035
780288,-0.004931578921969049,0.040979314711876214,1.0855214763432741,0.10803370061330497,-0.0772146745439386,0.002996493452883442,1.7158667594194412,0.3339435257948935
781312,-0.0033061024150811136,0.05712432274594903,1.3505501672625542,0.16737354779615998,0.001454768527764827,0.004280328370441566,0.06718783581163734,0.006346078356727958
782336,-0.0015529176744166762,0.05665569368284196,1.2302013896405697,0.14819399174302816,-0.025253338390029967,0.0014209946821210906,0.9579557999968529,0.17578224651515484
783360,-0.0008397334604524076,0.07725703960750252,1.2385185062885284,0.19395172642543912,-0.008029797754716128,0.020152314653387293,1.4332364406436682,0.26690194429829717
784384,0.003166466165566817,0.10571960755623877,1.243723388761282,0.18578351568430662,0.004051344469189644,0.008290881691209506,1.5318346060812473,0.29142157826572657
785408,-0.0017290249234065413,0.07795394607819617,1.256787996739149,0.17050442891195416,-0.05661795538617298,0.012222580568050034,1.262427719309926,0.26345680048689246
786432,0.0017418032221030444,0.04499138845130801,1.2601129412651062,0.14445086405612528,-0.0020502695406321436,0.0027704824983629806,0.13721118052490056,0.015459320857189596
787456,-0.003148015821352601,0.057175297173671424,1.2528757937252522,0.17788959527388215,-0.03878252735012211,0.004072983290825505,1.0004852153360844,0.19624720723368227
788480,0.00024842900165822357,0.07036535162478685,1.2711677104234695,0.2076423540711403,0.011047655832953751,0.028700483933789656,1.4852191749960184,0.3336768632289022
789504,0.0016761397127993405,0.06305099546443671,1.2833781838417053,0.194728612434119,-0.007666375546250492,0.007838718105631415,1.8311494067311287,0.3513463446870446
790528,0.004445344879059121,0.06789854378439486,0.9774183016270399,0.1345503176562488,-0.0953378856938798,0.012471365720557515,1.5733169429004192,0.40534293930977583
791552,-0.0014358297776198015,0.053182694246061146,1.1501562967896461,0.14632589975371957,-0.005405105621321127,0.012993587592063705,0.4114175837021321,0.06094700988614932
792576,0.0008371969888685271,0.09496136102825403,1.2954901531338692,0.2136388854123652,0.019993989437352866,0.0537461040657945,1.3315225094556808,0.31626235274598
793600,0.00424012285657227,0.09507862292230129,1.2263603694736958,0.18151345336809754,-0.015165376651566476,0.02317672027857043,0.7075987504795194,0.10999934608116746
794624,0.002091917602228932,0.08020038460381329,1.0704813674092293,0.13260005065239966,-0.02444962991285138,0.004855047583987471,0.7631382774561644,0.13767015235498548
795648,-0.004830977850360796,0.07885288714896888,1.1849742196500301,0.15656487783417106,-0.007366888225078583,0.011620027406024747,0.7585448799654841,0.13767742924392223
796672,0.0001035751192830503,0.05193608929403126,1.1329056844115257,0.14778748946264386,0.0002145760809071362,0.003549081391611253,1.2274072244763374,0.2028975288849324
797696,-0.0024213623255491257,0.046214068424887955,1.1141549125313759,0.16482815286144614,-0.012712920652120374,0.01010640847380273,0.33792080637067556,0.04542273562401533
798720,-0.005998606298817322,0.04921574576292187,1.0732675306499004,0.16767978435382247,-0.010933670564554632,0.009066290298505919,1.0793194212019444,0.19658969435840845
799744,-0.001976559462491423,0.06329871097113937,1.0914409458637238,0.1508447709493339,-0.004927634494379163,0.015564016830467153,1.4041164889931679,0.253850971814245
800768,-0.005511924537131563,0.0838797998148948,1.1667787544429302,0.1600604234263301,0.01551137788919732,0.025963545020204037,1.3722024336457253,0.24031287897378206
801792,-0.0042906092130579054,0.06232411880046129,1.2363319173455238,0.1598988864570856,-0.003457872924627736,0.011051646426494699,1.3095397613942623,0.22073326772078872
802816,0.0015594647993566468,0.06848691473715007,1.3052214235067368,0.16918604401871562,-0.007591050962219015,0.002563042966357898,0.7924896199256182,0.12159657524898648
803840,0.004807546793017536,0.06781206780578941,1.2789402790367603,0.16373664187267423,0.010847970726899803,0.0006682206558252801,0.4949311465024948,0.07370828074635938
804864,0.0011729837424354628,0.049459408735856414,1.2413119040429592,0.1618151431903243,-0.001468210481107235,0.00030759237824895536,0.22483730129897594,0.026829914306290448
805888,-0.0017832660814747214,0.05700164963491261,1.2483019828796387,0.19028104282915592,-0.03627234464511275,0.019140041076752823,0.3003565538674593,0.04315933445468545
806912,-0.0019191819737898186,0.050222166581079364,1.2039758153259754,0.159880843013525,-0.06008140230551362,0.005437272746348754,0.9548308961093426,0.15661747683770955
807936,0.008011343539692461,0.04638288414571434,1.2915116138756275,0.2096044640056789,0.010621368273859844,0.008082042892056052,1.0134986266493797,0.1605239831842482
808960,-0.002509637692128308,0.05267774243839085,1.115118719637394,0.15543778706341982,0.006962412327993661,0.011008162691723555,1.1283809281885624,0.1714012916199863
809984,0.00355525960912928,0.05352657218463719,1.2456449419260025,0.18204757710918784,-0.0019564164977055043,0.01693575785611756,1.3689565993845463,0.23207141505554318
811008,0.0003680249355966225,0.05906870705075562,1.1537761725485325,0.16078237164765596,0.007623243087437004,0.009396033579832874,0.9654749687761068,0.14487986429594457
812032,0.0016418534214608371,0.050586054916493595,1.1551352515816689,0.1609611576423049,0.0038507098361151293,0.008294109917187598,1.3628415018320084,0.22324366495013237
813056,-0.002253613041830249,0.06471225630957633,1.298012275248766,0.18068909365683794,-0.005111077829496935,0.016679285588907078,1.3070152252912521,0.20178960170596838
814080,-0.0021327101276256144,0.041277140262536705,1.123694770038128,0.14284976851195097,-0.002400906611001119,0.008628362567833392,1.355008065700531,0.2213282543234527
815104,0.0025202294054906815,0.05984548374544829,1.204551875591278,0.17568750772625208,-0.010983771688188426,0.011394191038561985,1.264299150556326,0.2017402583733201
816128,-0.004552976111881435,0.04805907094851136,1.1614008657634258,0.14117938233539462,-0.027526836551260203,0.002399210414296249,1.0022807233035564,0.14786355290561914
817152,-0.004697536292951554,0.05359391728416085,1.1910074055194855,0.13934797700494528,-0.011836029589176178,0.017425769881810993,1.424520816653967,0.23180454317480326
818176,-0.004411082074511796,0.04707297554705292,1.240714956074953,0.13169107865542173,0.00465020741103217,0.02452789891685825,1.4172219224274158,0.24127650214359164
819200,-0.002436482027405873,0.053939123172312975,1.3314606249332428,0.15854000207036734,-0.001387657131999731,0.007963518473843578,1.2894434928894043,0.2131036608479917
820224,-0.005523415413335897,0.07984171446878463,1.3642619587481022,0.16318732360377908,-0.038968084947555326,0.002279625041410327,1.2195868585258722,0.2112951735034585
821248,8.400995284318924e-05,0.051179392263293266,1.318465020507574,0.19480646355077624,-0.005607059254543856,0.002150192914996296,0.18432687548920512,0.02325267408741638
822272,0.001841943769250065,0.04957772232592106,1.1322229113429785,0.14543503313325346,0.00017784084775485098,0.0007545985158685653,0.05631043261382729,0.005079290363937616
823296,-0.0031092829012777656,0.04952294297982007,1.2988553158938885,0.1824144832789898,0.00036114416434429586,0.0005892606277484447,0.11082359170541167,0.011154602514579892
824320,-0.0005678299639839679,0.04572015453595668,1.3386848643422127,0.17518266523256898,-0.017607520043384284,0.0005872586611985753,0.6398535696789622,0.09210383985191584
825344,0.0030216735613066703,0.09511114656925201,1.2088822945952415,0.19979349616914988,-0.0323284663609229,0.015016602163086645,0.9808368096128106,0.17650397727265954
826368,0.010289430982084014,0.06319288990925997,1.1880063079297543,0.19867543410509825,0.002073411043966189,0.0027384773293306353,0.13876109314151108,0.014901306014508009
827392,0.00135830145154614,0.05444297625217587,1.2393217869102955,0.19444343261420727,-0.011520780099090189,0.0017718073750074836,0.7604769906029105,0.12640737101901323
828416,-0.0031778890115674585,0.10359598556533456,1.2497163377702236,0.17831444833427668,-0.0027877668471774086,0.00912736506870715,1.2347103264182806,0.20888514770194888
829440,0.0006375548691721633,0.10061385785229504,1.1951689682900906,0.17010939540341496,-0.021427133644465357,0.0010765795623228769,1.0956248696893454,0.1703596576116979
830464,-0.0007703085939283483,0.07814169256016612,1.135206662118435,0.13955833110958338,-0.0681872139684856,0.0023412295795424143,1.340040998533368,0.2820468700956553
831488,-0.013234440819360316,0.029224365949630737,1.0218768939375877,0.149459779728204,-0.009200080443406478,0.002383243860094808,0.07168613898102194,0.01099878060631454
832512,-0.001757245117914863,0.04981793521437794,1.0161267332732677,0.1447184607386589,0.003643290532636456,0.004750105996208731,0.04083381198142888,0.00770925817778334
833536,-0.008341593522345647,0.035607862344477326,1.0921089965850115,0.14001474808901548,-1.105765113607049e-05,0.0005125790808051534,0.0025790972358663566,0.0001740035368129611
834560,-0.0023236371052917093,0.03937227395363152,1.1719851233065128,0.14826356852427125,-0.004241033340804279,0.007551685594080482,0.49384826608002186,0.07512684282846749
835584,-0.003771242787479423,0.06297216936945915,1.089105125516653,0.14104475593194366,-0.062355280737392604,0.0019409981850913027,1.0820752577856183,0.3430659945588559
836608,-0.00485263712471351,0.043109918595291674,1.2224257960915565,0.14539480349048972,-3.3285439712926745e-05,0.0013400245538832678,0.012284786236705258,0.0008995253592729568
837632,-0.0016309291095240042,0.024306433682795614,1.3241307139396667,0.1375422233249992,4.456785973161459e-05,0.0010856207734377676,0.009263846674002707,0.0006925900233909488
838656,-0.005142984722624533,0.026183040696196258,1.4221570901572704,0.15257136337459087,-0.006816135399276391,0.0008806582203533253,0.05208020517602563,0.008072094002272934
839680,-0.007423594157444313,0.019391231471672654,1.448005098849535,0.15473200753331184,6.493812543340027e-05,0.0006966688625880124,0.006170447159092873,0.0004394863499328494
840704,-0.010778934782138094,0.06227119278628379,1.2703556567430496,0.19925966439768672,-0.043036776303779334,0.017597943398868665,1.8212285973131657,0.5485990927554667
841728,-0.005432537160231732,0.05286504211835563,1.2397511415183544,0.17162645934149623,0.012083990091923624,0.007196499764177133,0.8782025156542659,0.2999528700020164
842752,-0.013731461862334982,0.03202921454794705,1.2097232602536678,0.16820143209770322,0.00013356772251427174,0.0050872724348209886,0.2786277225241065,0.030794123944360763
843776,-0.004876974897342734,0.04767296789214015,1.1563117653131485,0.1437286389991641,0.003867525578243658,0.005285171658471199,1.3215377014130354,0.20508002769201994
844800,-0.005960660259006545,0.044144135783426464,1.2116043232381344,0.14049651357345283,-0.0005178282299311832,0.002693771626468333,1.4497121945023537,0.22620325069874525
845824,0.0012981424224562943,0.08293756248895079,0.9562004823237658,0.12492883484810591,-0.0178036225552205,0.0060937261005165055,1.3640383128076792,0.24429438402876258
846848,-0.0005148138152435422,0.047430216684006155,1.0455597583204508,0.13941967650316656,0.0026916870556306094,0.0020114443577767815,1.0151419918984175,0.15534368646331131
847872,-0.005988714270642959,0.04992158187087625,1.2074154131114483,0.14075155835598707,-0.040737285977229476,0.0010572527553449618,0.7473443057388067,0.09378079487942159
848896,0.002794403349980712,0.049461091053672135,1.3466587886214256,0.15593610773794353,-0.02311327526695095,0.0009444351767342596,0.2594934622757137,0.02844397001899779
849920,0.002687933505512774,0.03993768838699907,1.4976796805858612,0.16905847238376737,-0.009603020967915654,0.0006734000127153195,0.6922806575894356,0.10089963360223919
850944,-0.0013828215742250904,0.10710821114480495,1.2805434986948967,0.1830242699943483,-0.012577438203152269,0.00229898450197652,0.4647932266816497,0.0696656487416476
851968,0.0030831607873551548,0.05900134961120784,1.2055821679532528,0.16587309772148728,-0.002663624967681244,0.008967153860794497,0.8973658224567771,0.15676984400488436
852992,-1.23372592497617e-05,0.07731247320771217,1.3230629563331604,0.18888849392533302,0.020610187202692032,0.031131425581406802,1.5485302451997995,0.28396505443379283
854016,-0.0016468055982841179,0.05233482061885297,1.2815416269004345,0.1873300070874393,0.00012005931057501584,0.0005139990676070738,1.0899252202361822,0.1777225062251091
855040,0.002767503072391264,0.06819730589631945,1.2481133751571178,0.17853802163153887,-0.011336727446177974,0.010187702835537493,1.2023375276476145,0.19920683931559324
856064,0.01027249643811956,0.058320023003034294,1.2007955349981785,0.2371711265295744,-0.012230521824676543,0.0033699584273563232,0.23295317264273763,0.03417212056228891
857088,-0.011228480230784044,0.05480419914238155,1.243314977735281,0.1693448475562036,-0.031423616921529174,0.0005285974611979327,1.0142664015293121,0.16500821593217552
858112,0.0015584135398967192,0.04561047675088048,1.2006577476859093,0.1728522595949471,-0.007532968069426715,0.008299861114210216,1.132583087310195,0.23012411408126354
859136,-0.0012592105194926262,0.06772000156342983,1.1209328286349773,0.1341134684626013,-0.017867303948150948,0.000791656707860966,1.1048933304846287,0.1806739317253232
860160,0.0030733262246940285,0.06331109965685755,1.1903023272752762,0.13348000636324286,-0.022090326732723042,0.0017122421240856056,2.534191969782114,0.8396730914246291
861184,-0.010076993159600534,0.0276555068558082,1.3826452866196632,0.16093664895743132,-0.018650181533303112,0.00026830352862816653,0.8562608773354441,0.18305614730343223
862208,0.010247348138364032,0.07052892609499395,1.364359237253666,0.20300229964777827,-0.0034385501930955797,0.023247891571372747,1.5003975741565228,0.25995117193087935
863232,0.001895999099360779,0.05692177196033299,1.251828234642744,0.17182174092158675,-0.008397611090913415,0.000524447363204672,1.034179100766778,0.19347031717188656
864256,-0.010801385855302215,0.046116227633319795,1.3167648166418076,0.16893438901752234,-0.013096251386741642,0.0003261119644548671,0.971307591535151,0.14404956763610244
865280,-0.013400114141404629,0.12655115476809442,1.1711931861937046,0.15497083822265267,-0.05312340462114662,0.005991065903799608,1.6540868212468922,0.46874280559131876
866304,0.00584258176968433,0.040935771889053285,1.3737225160002708,0.18274874845519662,-0.002101847028825432,0.00764680239262816,0.066129942657426,0.007624889025464654
867328,-0.0038783176278229803,0.028488356852903962,1.352597739547491,0.17156450729817152,0.0015490491350647062,0.006395087659257115,0.041211308795027435,0.0035978128435090184
868352,-0.0072136126982513815,0.029760795005131513,1.342310193926096,0.17105646943673491,-0.026818871789146215,0.005149697206434212,0.23068937566131353,0.03932016791077331
869376,0.00029362594068516046,0.053439331823028624,1.1264731846749783,0.20495625818148255,-0.024580371857155114,0.004092822369784699,2.5029206089675426,0.7922239233739674
870400,0.001927803983562626,0.050056535517796874,1.0909061655402184,0.1791476239450276,0.0005689990357495844,0.018486991233658046,2.519559472799301,0.732680625282228
871424,-0.0012716414057649672,0.05897555383853614,1.1372384130954742,0.1774436393752694,0.013274696771986783,0.030221724940929562,2.123750053346157,0.6608763732947409
872448,0.000710524182068184,0.05221971729770303,1.1576542370021343,0.17224151315167546,0.030277337064035237,0.002010502505072509,1.0994091643951833,0.27890320029109716
873472,-0.002057925368717406,0.04179465468041599,1.2252082116901875,0.1884859879501164,-0.012267009180504829,0.009079331480279507,1.8131296513602138,0.4233452279586345
874496,0.004689167559263296,0.04459228424821049,1.2464169934391975,0.19233691226691008,0.0457414286211133,0.0011404342176319915,1.68258715281263,0.4456951567553915
875520,0.0044971973256906494,0.05671579367481172,1.0907324068248272,0.15756343211978674,-0.02928499277913943,0.0026643014662113274,0.3751735258847475,0.06098993821069598
876544,0.004720661629107781,0.059145529521629214,0.931271281093359,0.14187405351549387,-0.018106630188412964,0.0013903315048082732,0.6571366344578564,0.09733724896796048
877568,0.00666553241899237,0.06216831097844988,1.0535258874297142,0.14394075982272625,-0.0008918623207136989,0.01661275232618209,1.8479703664779663,0.3689809706993401
878592,-0.007768779425532557,0.035421285836491734,1.2205145917832851,0.181855249684304,-0.002418639080133289,0.0016309993857248628,1.0932306367903948,0.17684624949470162
879616,-0.0148298543645069,0.031948784133419394,1.2395610585808754,0.1919407043606043,-0.01626637700246647,0.0009609225509166208,1.2145483661442995,0.1937919044867158
880640,-0.012132236763136461,0.0570889514638111,1.1393365748226643,0.16561442613601685,-0.06547719176160172,0.004459024927200517,0.9214650336652994,0.17792383232153952
881664,-0.0010835985885933042,0.08648844668641686,1.2846362069249153,0.19967868784442544,-0.006594295467948541,0.0007874380844441475,0.06889634439721704,0.009001543570775539
882688,0.0038895211473573,0.04537989408709109,1.1659816838800907,0.19134740997105837,-0.006717504351399839,0.008028250116694835,1.0484976442530751,0.21962851932039484
883712,-0.00029826736135873944,0.053763281903229654,1.141910895705223,0.17946819076314569,-0.01404182639089413,0.008541808027075604,2.380918599665165,0.6869989857077599
884736,0.004842447611736134,0.06865833268966526,1.1881359554827213,0.20225353119894862,0.035051530692726374,0.02344793573138304,1.4555447902530432,0.3846299310680479
885760,-0.0054811351001262665,0.04879503417760134,1.1286543868482113,0.17726948065683246,-0.07109141697583254,0.009934997196978657,0.5955176129937172,0.10346579167526215
886784,0.0031157166813500226,0.05255045380908996,1.0780402719974518,0.1572607564739883,-0.0055611247080378234,0.005539351596780762,0.1052204854786396,0.015629484434612095
887808,0.00419680291088298,0.05864620383363217,1.0425873324275017,0.14662233320996165,-0.003424600698053837,0.004015811049157492,0.38029425707645714,0.058386198594234884
888832,0.0017208375502377748,0.04716471303254366,1.2031451240181923,0.20903908368200064,-0.006703730177832767,0.016651363017444964,0.8533800691366196,0.1553623271174729
889856,-0.0018482290615793318,0.06449992407578975,1.2578924484550953,0.2006638920865953,0.014080854190979153,0.017331642637145706,1.391962256282568,0.23162277461960912
890880,0.0031178652425296605,0.05711608927231282,1.1898159608244896,0.18451700173318386,-0.029733028961345553,0.015289350427337922,0.9986877776682377,0.15902995434589684
891904,0.003734010737389326,0.05839543999172747,1.257823582738638,0.18189523788169026,-0.002355842851102352,0.009223626846505795,1.2414378710091114,0.20459492970257998
892928,-0.0018602626660140231,0.06782502902206033,1.2341705709695816,0.16470557963475585,-0.004825822048587725,0.01970385099411942,1.3486506715416908,0.22470561088994145
893952,-0.0027269424754194915,0.052763857413083315,1.2615568116307259,0.16136178839951754,0.00857980054570362,0.0026092985754075926,1.074691278859973,0.1657466208562255
894976,-0.002244552699266933,0.048395041143521667,1.1542445123195648,0.1491728420369327,-0.008202719152905047,0.0004146471305830346,1.0528873670846224,0.16016213409602642
896000,-0.009361312535475008,0.04025107168126851,0.9377572424709797,0.14287361782044172,-0.011713729240000248,0.005314590842317557,0.8327120877802372,0.1176610856782645
897024,0.0027052029690821655,0.03310011938447133,0.8924490008503199,0.13217377290129662,-0.0003907740319846198,0.02269093893119134,1.3821902573108673,0.22144698584452271
898048,0.0012504289479693398,0.03240192565135658,0.8945158664137125,0.12920945789664984,-0.004523037030594423,0.0006430247528896871,1.1025157626718283,0.18339155614376068
899072,-0.005971745908027515,0.03477162285707891,0.9656960014253855,0.14044734463095665,-0.007216894766315818,0.0004264952349330997,1.082490399479866,0.17231937032192945
900096,-0.002988164415000938,0.05515654606278986,0.9616691004484892,0.14123950293287635,0.00479942059610039,0.002035666579104145,0.3427980565465987,0.046811446198262274
901120,0.00953430964727886,0.050727365305647254,1.2523274943232536,0.1984485238790512,-0.0006845179304946214,0.0018184740738433902,0.11425642482936382,0.011583769810386002
902144,-0.0014112528006080538,0.050179111189208925,1.2182358466088772,0.16667440347373486,-0.0003963943454436958,0.0014816826642345404,0.20750858262181282,0.02282771235331893
903168,-0.0009223647211911157,0.049031544011086226,1.168379083275795,0.12601033970713615,3.81966819986701e-05,0.0007705073145416463,0.22897529229521751,0.025424196617677808
904192,0.005507227251655422,0.048635763581842184,1.340138278901577,0.19299548771232367,-0.0020564147853292525,0.0010792251637212757,0.5951398033648729,0.0749852149747312
905216,0.006189182429807261,0.08363005833234638,1.269305270165205,0.18313577957451344,-0.030315299751237035,0.011853997675643768,1.221666768193245,0.19837442180141807
906240,0.004935625838697888,0.057103024679236114,1.3212885111570358,0.19340399000793695,-0.0014761726197320968,0.0041438230027779355,0.28352042217738926,0.033866222482174635
907264,0.0002790648431982845,0.09645614423789084,1.2929987646639347,0.19646408688277006,-0.01767486473545432,0.022059625014662743,1.2802158202975988,0.22485683346167207
908288,-0.0018302195676369593,0.04406686360016465,1.0622434299439192,0.1716655595228076,-0.00132819710415788,0.0009349653601020691,1.0789356548339128,0.1635877883527428
909312,0.0098169808043167,0.05804841814097017,1.3027296662330627,0.22306410316377878,-0.015621046826709062,0.0009718503060867079,1.0793467368930578,0.1660746936686337
910336,0.0038931955787120387,0.07228107226546854,1.1709747165441513,0.18739377101883292,-0.041147476935293525,0.0038241565562202595,1.0900126695632935,0.1825009116437286
911360,-0.0003285453130956739,0.04701514984481037,1.1800856031477451,0.1812865138053894,-0.023505782592110336,0.0017762439110811101,0.8695752630010247,0.1667282278649509
912384,-0.004906089045107365,0.056241543497890234,0.9916279353201389,0.1404311265796423,-0.016477850876981393,0.009485808346653357,1.5828729756176472,0.37863883189857006
913408,-0.0006988649256527424,0.06718941067811102,1.172262016683817,0.18540577869862318,0.030452702980255708,0.01517363524180837,1.9352370388805866,0.43766778940334916
914432,-0.0013881544291507453,0.04572693491354585,1.2111579403281212,0.1691620140336454,-0.004519974201684818,0.0003711207814376394,0.9426913503557444,0.14939662907272577
915456,-0.006526668294100091,0.045721930102445185,1.039172237738967,0.15058130398392677,-0.013656191658810712,0.008702119128429331,1.1169428266584873,0.18344834726303816
916480,-0.004572374149574898,0.06296043063048273,0.878035256639123,0.11514835152775049,0.003014029556652531,0.011108091690402944,1.084389615803957,0.16821324173361063
917504,-0.0020586457976605743,0.04452298139221966,0.9564749244600534,0.13105061184614897,-0.018519098841352388,0.008881205663783476,1.390649951994419,0.24565411731600761
918528,-0.005728034419007599,0.05703704198822379,1.0839348621666431,0.15356717305257916,0.010207341285422444,0.008928097016905667,0.9522523134946823,0.17078559077344835
919552,-0.004110818321350962,0.05451693502254784,1.1268272884190083,0.1592401689849794,-0.0035879104980267584,0.0007132007594918832,0.6404000949114561,0.1001412613550201
920576,0.0034534976293798536,0.07825580798089504,0.8622843269258738,0.10936990403570235,0.0019886685186065733,0.002063583625385945,0.03869529522489756,0.003993999678641558
921600,-0.0009988296078518033,0.05017355096060783,1.104195348918438,0.15202222554944456,-5.6730350479483604e-06,0.00022062714606363443,0.009061325574293733,0.0006717027863487601
922624,-0.007611235691001639,0.03211189998546615,1.1265967227518559,0.15301509853452444,-2.699898323044181e-05,8.255406032731116e-05,0.007968635036377236,0.0005851532332599163
923648,-0.0126528652763227,0.02502027916489169,1.1514510810375214,0.15205468935891986,-1.6216537915170193e-05,4.711910818855358e-05,0.009380063536809757,0.0007007757667452097
924672,-0.011666108985082246,0.027548035141080618,1.1735416650772095,0.1586700165644288,-5.2164017688483e-05,2.8892410426806237e-05,0.01220558283966966,0.0009384698932990432
925696,-0.0010049426346085966,0.0660271457163617,0.976711193099618,0.12984347296878695,-0.00028943008510395885,0.01465191641545971,0.015435573470313102,0.001273936009965837
926720,-0.002135174785507843,0.05253860808443278,1.098317850381136,0.11389215826056898,4.163937410339713e-05,0.012220685526699526,0.011706711462466046,0.0009187951218336821
927744,-0.006750473970896564,0.03160290332743898,1.3677017390727997,0.14032331644557416,1.4245015336200595e-05,0.013654522562319471,0.01552193018142134,0.0012266766279935837
928768,-0.004524073388893157,0.02577239676611498,1.5159359164536,0.16033838083967566,-3.5561155527830124e-05,0.007701365982825337,0.01789247151464224,0.0014347757678478956
929792,-0.009171784986392595,0.031834645895287395,1.5100193917751312,0.15503780264407396,-5.8390432968735695e-06,0.005318243535839429,0.02354997006477788,0.001987400115467608
930816,-0.00010477425530552864,0.1050512962974608,1.3050817847251892,0.19423344545066357,-0.0009068674698937684,0.01211698999395594,0.050302823074162006,0.004714285489171743
931840,-0.0006544286152347922,0.059679975965991616,1.3207825124263763,0.1979997637681663,-0.008947612106567249,0.003606585865782108,0.3974259439855814,0.051918506156653166
932864,-0.013393667744821869,0.028797064151149243,1.240826778113842,0.18943210924044251,-0.009898991440422833,0.001291427432988712,0.6585604604333639,0.08819905761629343
933888,-0.005955294298473746,0.04288320860359818,0.9133186209946871,0.13207918824627995,-0.00704075547400862,0.004308462750486797,0.9501307457685471,0.13717935141175985
934912,-0.0008620366861578077,0.05013359209988266,0.9715517293661833,0.12393544893711805,-0.021656022159731947,0.002769561799141229,0.8725803140550852,0.12934933346696198
935936,-0.0015893732343101874,0.09154966892674565,1.1110749989748,0.14384020026773214,-0.02175358170643449,0.01280087186023593,2.2280903831124306,0.6219185804948211
936960,0.0009621461213100702,0.059405265492387116,1.1022111997008324,0.1512186867184937,-0.0005994112871121615,0.016035709195421077,1.9477107338607311,0.46684699738398194
937984,0.0028098285401938483,0.048783787875436246,1.0624249763786793,0.14646444050595164,0.00860190181992948,0.0017075269988708897,0.45207730773836374,0.10147211572621018
939008,0.005197255784878507,0.03833418246358633,1.2283308580517769,0.1732560838572681,-0.0007295044779311866,0.0008230061803260469,0.09967255499213934,0.009691140323411673
940032,0.002300369720614981,0.08328952244482934,1.3097041919827461,0.18343675043433905,-0.010107683076057583,0.0008590391064444702,1.151148478500545,0.19056069222278893
941056,-0.006631648546317592,0.05993065144866705,1.255169354379177,0.15394297521561384,-0.0470700106525328,0.005719788576243445,1.2749072015285492,0.22649417631328106
942080,-0.0025998040509875864,0.04120953299570829,1.1010105144232512,0.12714190687984228,-0.00928730212035589,0.013985786448756699,2.293782364577055,0.5673861596733332
943104,-0.0027226306265220046,0.057620864594355226,1.1698970012366772,0.14649449242278934,0.0210472927428782,0.0021207629106356762,1.56170922704041,0.33149976399727166
944128,-0.0010443049832247198,0.06641527987085283,1.2541406340897083,0.16168315056711435,-0.02366026864910964,0.0006982467848501983,0.7602708078920841,0.08542592928279191
945152,-0.001364862866466865,0.0759819180238992,1.2255661971867085,0.1654265238903463,-0.04563887987751514,0.002890227655370836,1.3769329115748405,0.22911212604958564
946176,0.0023659277358092368,0.057163548888638616,1.4989621341228485,0.20488873636350036,0.0003009527863468975,0.00232425087961019,0.07452407153323293,0.007045708014629781
947200,0.009484391717705876,0.06322585314046592,1.5005134381353855,0.18637098046019673,-0.03009520296473056,0.0022550779033281287,0.8803582023829222,0.14234772301279008
948224,0.006430614012060687,0.11584434099495411,1.2839037105441093,0.20203205849975348,-0.012388670482323505,0.02917559538036585,0.7801573649048805,0.12757047545164824
949248,0.004939513819408603,0.10049744788557291,1.3813885115087032,0.21791855245828629,0.018073983519570902,0.02238107772427611,1.220449147745967,0.22648824262432754
950272,0.005017916817450896,0.08998245070688426,1.2047165930271149,0.19102771067991853,0.008967625995865092,0.010773158908705227,1.4045753851532936,0.2353311120532453
951296,0.0011349854175932705,0.05735651555005461,1.1163951382040977,0.17906864639371634,0.001763917549396865,0.019202333845896646,1.3071606308221817,0.21620241599157453
952320,0.0014147199981380254,0.050912307924591005,1.0992411822080612,0.16278962092474103,0.004772434214828536,0.001186571578728035,1.1065305545926094,0.1713749854825437
953344,-0.0005596688715741038,0.0696311901556328,1.2145089954137802,0.1741393837146461,-0.010360915854107589,0.0006355994946716237,1.2109730951488018,0.1905407295562327
954368,0.0011202074820175767,0.06386309140361845,1.2175534814596176,0.16648770635947585,0.007234567106934264,0.0090094211154792,0.8774024695158005,0.12794130225665867
955392,0.004178957213298418,0.08325211436022073,1.2600447162985802,0.18754260521382093,-0.013047945452854037,0.010818840659339912,0.9806430824100971,0.14547790749929845
956416,0.0013159132358850911,0.06781314581166953,1.257094569504261,0.1721908370964229,-0.006037821156496648,0.0038851626122777816,0.9528426323086023,0.1404489518608898
957440,-0.003989075936260633,0.08012294012587517,1.3759231753647327,0.1888460721820593,-0.005518410529475659,0.008305395753268385,1.3297089487314224,0.21070886589586735
958464,0.0015264460525941104,0.08952808077447116,1.3409517742693424,0.1570978630334139,-0.017175820510601625,0.0015708509199612308,1.0260393042117357,0.15801277197897434
959488,-0.00012720297672785819,0.06039555941242725,1.43758799508214,0.16537756053730845,-0.03170238321763463,0.0010690229255487793,0.7197924312204123,0.1123730638064444
960512,-0.004097825760254636,0.06523518927861005,1.3009693138301373,0.1681366851553321,-0.019058883932302706,0.0028631956010940485,0.7473784666508436,0.11867406964302063
961536,-0.002868497831514105,0.06501088489312679,1.0356995072215796,0.13466055365279317,0.0016011770203476772,0.009569570262101479,1.166030589491129,0.17314095050096512
962560,-0.005367746693082154,0.0565984898712486,1.185948196798563,0.1612185244448483,-0.004731003078632057,0.01592385747062508,1.513197097927332,0.2592652514576912
963584,-0.0017538265674374998,0.05959648103453219,1.101276971399784,0.14101394778117537,0.0007690931088291109,0.009283001549192704,1.2463523000478745,0.19616857450455427
964608,-0.005667464603902772,0.05428229202516377,1.0793674103915691,0.14639948355033994,3.8557336665689945e-06,0.001248038672201801,1.211778013035655,0.1982821631245315
965632,-0.003882432181853801,0.05856375442817807,0.9845579322427511,0.12941385642625391,-0.013355538118048571,0.008768194922595285,1.1268500834703445,0.17497273930348456
966656,-0.003588148654671386,0.0747681021457538,1.0831236280500889,0.14250643691048026,-0.0013046026870142668,0.009960117466107477,1.0246730539947748,0.14665261656045914
967680,-0.0002719553012866527,0.07016999402549118,1.1139425933361053,0.1530832159332931,-0.0013151553575880826,0.00888443824078422,1.3031612746417522,0.19938328629359603
968704,0.0033744434622349218,0.05444192502181977,1.077757440507412,0.144857338629663,-0.002839554028469138,0.008921005130105186,1.398658897727728,0.2174003692343831
969728,0.00109299854375422,0.057529837475158274,0.971312103793025,0.12214318150654435,-0.012545671896077693,0.0004600372756158322,1.0866516958922148,0.16336363228037953
970752,-0.004833817554754205,0.057519435649737716,1.0839021652936935,0.1241595244500786,0.0021620550251100212,0.01675726413668599,0.821724871173501,0.11056465934962034
971776,-0.0016870082617970183,0.037373590224888176,1.119659025222063,0.13788241823203862,-0.008953244403528515,0.0015447064834006596,1.0590702537447214,0.14616419281810522
972800,-0.00408342745504342,0.04219047469086945,1.0915522407740355,0.13430946762673557,-0.016926426556892693,0.0010448576877024607,1.1553804259747267,0.16047481540590525
973824,-0.008686034896527417,0.023653330572415143,1.1344460807740688,0.16310267057269812,-0.02440386409580242,0.0007697964856561157,1.2162667885422707,0.17534525180235505
974848,0.003997579580754973,0.003184098837664351,1.5776782482862473,0.24264872865751386,-0.009380649251397699,0.008499344960000599,2.028907675296068,0.38489614240825176
975872,-0.008090551636996679,0.017886801244458184,1.697729840874672,0.2187894443050027,-0.03282545701949857,0.0025581060672266176,0.6724054561927915,0.16652942867949605
976896,-0.01429767964873463,0.018331963859964162,1.5258891247212887,0.18910876382142305,-0.02658248844090849,0.0022427892959058227,0.508974619442597,0.0928661865182221
977920,-0.008452639449387789,0.04129039327381179,1.0959662068635225,0.13587889703921974,-0.016903069044928998,0.02221609474509023,0.8083218391984701,0.1366941339801997
978944,-0.0003903503093170002,0.07989427167922258,1.2023109085857868,0.17733119102194905,0.018912479368736967,0.03305580173037015,1.6924471408128738,0.4948006491176784
979968,0.003813416144112125,0.05450135318096727,1.0884440578520298,0.16334801074117422,-0.0004904556553810835,0.0009595619117135357,1.094627346843481,0.1737670993898064
980992,-0.009577414428349584,0.04810710018500686,0.8870018795132637,0.13176899519748986,0.00011082753189839423,0.007738693613646319,0.2546773566864431,0.030931132670957595
982016,0.00545671941654291,0.03104586759582162,1.1438299603760242,0.11926990933716297,-0.003044534591026604,0.004343625883393543,0.19204678013920784,0.021954507450573146
983040,-0.017766244418453425,0.04294601711444557,1.0491225216537714,0.13182929577305913,-0.04255818377714604,0.0070266927577904426,1.12555830180645,0.19419633224606514
984064,0.00012237392365932465,0.03162828797940165,1.3008640334010124,0.1978372409939766,-0.001763246371410787,0.002670249163202243,0.3408544799312949,0.04837392701301724
985088,-0.007550738548161462,0.07209790300112218,0.9979436248540878,0.12580264289863408,-0.004834973718971014,0.006773426750442013,0.37144683254882693,0.04982617072528228
986112,0.0006900214066263288,0.07957690698094666,1.0394024904817343,0.1461432659998536,0.006068449642043561,0.016388094518333673,1.5106040835380554,0.27173504466190934
987136,-0.002064042055280879,0.019893643824616447,1.1345089972019196,0.1700271531008184,-0.007110573671525344,0.0016116445349325659,0.9394105523824692,0.14512547943741083
988160,-0.0018263436359120533,0.030254493525717407,0.9217131212353706,0.13592108921147883,-0.006960087601328269,0.0010955899392683932,0.8156234007328749,0.12110837060026824
989184,-0.010757132331491448,0.019514683895977214,1.0110299233347178,0.14040667423978448,-0.010515441099414602,0.0009101563218791853,1.0157807935029268,0.15831261896528304
990208,-0.0074140622455161065,0.04271905159112066,0.8980460427701473,0.13114489847794175,-0.06206600432051346,0.0027665476845868398,1.3330812565982342,0.23750708205625415
991232,0.0004606602306012064,0.02469399885740131,0.5052399002015591,0.037105836789123714,2.2963620722293854e-05,0.0020267992672415858,0.011515474354382604,0.0008470721077173948
992256,0.004426276063895784,0.02861615741858259,0.5123119661584496,0.03748634335352108,-0.008024436450796202,0.0018543142182352312,0.05893751385156065,0.007029237400274724
993280,0.004537253669695929,0.0235901974956505,1.0846690144389868,0.11800489178858697,-0.004257535649230704,0.00390319826965424,1.308520186925307,0.24985382350860164
994304,-0.010018540575401857,0.06206905539147556,1.1803277917206287,0.18261670926585793,0.009374732297146693,0.03392222587717697,1.3614839315414429,0.2576752945315093
995328,0.00044922303641214967,0.0635634025093168,1.198620654642582,0.1791835823096335,-0.006664319429546595,0.011219890089705586,1.06928332708776,0.17813310539349914
996352,-0.003975971019826829,0.05704988643992692,1.215612817555666,0.16840543085709214,-0.001247429841896519,0.008499790885252878,1.0734676029533148,0.1639161971397698
997376,-0.00621728235273622,0.0783309277612716,1.1475561670958996,0.1515641799196601,-0.007878477917984128,0.01319584769953508,1.3584248684346676,0.25000907899811864
998400,-0.0028102584910811856,0.07962081197183579,1.2370303571224213,0.1459712814539671,-0.004604621848557144,0.024395920598180965,1.2279345765709877,0.2278335844166577
999424,-0.008741806290345266,0.05373291834257543,1.1386996917426586,0.1549697732552886,0.004726365499664098,0.0038356260083673988,1.0453641396015882,0.17380916886031628
