step,agv_actor_loss,agv_value_loss,agv_entropy,agv_approx_kl,pick_actor_loss,pick_value_loss,pick_entropy,pick_approx_kl,agv_grad_norm,pick_grad_norm
1024,0.1612704172730446,0.07634739368222654,4.598112270236015,1.6766832657158375,0.21675886772572994,0.040305553236976266,4.527025908231735,2.141891773790121,0.365022542886436,0.3390026814304292
2048,0.11727920873090625,0.0883612004108727,4.27033206820488,1.0913796331733465,0.15619921800680459,0.05159889708738774,4.104466468095779,1.5487200990319252,0.3348590084351599,0.325966480653733
3072,0.10438778542447835,0.13194948015734553,4.124202601611614,1.079042250290513,0.11899577896110713,0.08086981438100338,3.94718961417675,1.3336030393838882,0.3274750174023211,0.3818129966966808
4096,0.12059034069534391,0.1417975362855941,3.804734691977501,0.7785253375768661,0.11621994362212718,0.07658947398886085,3.483781613409519,1.0010145455598831,0.39571533305570483,0.4949992382898927
5120,0.07336567423772067,0.14896041085012257,3.8927460461854935,0.7287302035838366,0.11101158417295665,0.05880056356545538,3.518956646323204,1.0195329617708921,0.34977799700573087,0.43287868425250053
6144,0.09755282383412123,0.11440284037962556,4.120169833302498,0.9702993799000978,0.0990484333015047,0.04228085547219962,3.723477892577648,1.184011347591877,0.3340054200962186,0.4231601799838245
7168,0.0997936597559601,0.06901122152339667,4.134814232587814,1.0006324164569378,0.09250697598326951,0.04522629070561379,3.5078213810920715,1.0850021848455071,0.38781245704740286,0.6763231502845883
8192,0.07960757240653038,0.10097544244490564,3.8991747573018074,0.8910509720444679,0.0657781278132461,0.07067356281913817,3.3371046409010887,1.0550649631768465,0.40023494604974985,0.5393848922103643
9216,0.07373691734392196,0.13524618675000966,3.750651828944683,0.7346360664814711,0.10506293544312939,0.07783145341090858,3.0988249853253365,0.9396792482584715,0.43970869574695826,0.5605479655787349
10240,0.11055324762128294,0.08598997700028121,4.0513347163796425,1.0000084675848484,0.11838986462680623,0.04988168983254582,3.6606272608041763,1.2003148272633553,0.3182114609517157,0.48854400496929884
11264,0.08285410876851529,0.1076427772641182,3.9992112144827843,0.9754822719842196,0.07069858952309005,0.05192205187631771,3.5962522253394127,1.293686680495739,0.3936764197424054,0.5110472356900573
12288,0.06837427790742368,0.0964618941070512,4.036818891763687,0.963302917778492,0.10955996450502425,0.04526729270583019,3.776441290974617,1.374297883361578,0.44105702824890614,0.5160671388730407
13312,0.07455165783176199,0.10179502423852682,4.071061000227928,1.050278764218092,0.06434882353642024,0.045924744685180485,3.5215781331062317,1.3922842927277088,0.424945549108088,0.4817123441025615
14336,0.0764612850616686,0.15921399579383433,3.825252465903759,0.8623409233987331,0.06932899769162759,0.0628334527136758,3.533777207136154,1.476805815473199,0.5194364953786135,0.5652695437893271
15360,0.10640496178530157,0.10635278257541358,3.915047876536846,0.9201166704297066,0.10255356720881537,0.05809722549747676,3.573874771595001,1.3765848688781261,0.496498666703701,0.587642758153379
16384,0.08899990748614073,0.11228765454143286,3.926430605351925,0.8462265934795141,0.1539856834569946,0.051088422420434654,3.9418200999498367,1.5207870230078697,0.4727462138980627,0.6244562873616815
17408,0.06722882756730542,0.08665786497294903,3.981875464320183,0.9845495671033859,0.11094468913506716,0.04742112185340375,3.8206105530261993,1.5204225853085518,0.4164361013099551,0.7548403069376945
18432,0.0897080588620156,0.13487336738035083,3.8892209082841873,0.8516454044729471,0.126936390879564,0.05541821848601103,3.88389702886343,1.5171146653592587,0.4774335278198123,0.519357250072062
19456,0.08271799236536026,0.1432792916893959,3.8600743860006332,0.8103526961058378,0.12719233508687466,0.059759914060123265,3.918363831937313,1.4197824448347092,0.5301346909254789,0.7951534083113074
20480,0.08403813251061365,0.0719377197092399,3.9448774307966232,0.8756339214742184,0.1221752738347277,0.03210983227472752,3.891414150595665,1.255766998976469,0.44855854101479053,0.6215996835380793
21504,0.07718590251170099,0.04621831182157621,4.135386362671852,1.051829569041729,0.08397790242452174,0.024100620386889204,3.791283704340458,1.4625950381159782,0.5315032117068768,0.629212130792439
22528,0.08202404738403857,0.0811600477900356,4.128586828708649,1.0844433270394802,0.0703738737211097,0.047371052496600896,3.6524041891098022,1.5151134133338928,0.44040124118328094,0.6845921939238906
23552,0.11135580774862319,0.10956514999270439,3.956639640033245,0.9338033646345139,0.15880516404286027,0.0463247939478606,3.973629929125309,1.6731705963611603,0.40554608311504126,0.49434803519397974
24576,0.08014701429056004,0.0874610769096762,3.903005689382553,0.8738186974078417,0.10816410835832357,0.03350665251491591,3.6017801389098167,1.2689336352050304,0.4214555723592639,0.5479790242388844
25600,0.10277247370686382,0.06221505079884082,3.966284953057766,0.8821120653301477,0.08711913647130132,0.01838374065118842,3.6469736099243164,1.2809307500720024,0.39101779740303755,0.5221447451040149
26624,0.07426674180896953,0.08756870054639876,3.8496552854776382,0.7683725170791149,0.1282018724596128,0.03774437482934445,3.7401227802038193,1.3763891756534576,0.43411178328096867,0.6744691384956241
27648,0.08057108800858259,0.10031106229871511,3.915591984987259,0.8321897871792316,0.085767744545592,0.0568582268897444,3.798238031566143,1.3609507121145725,0.50296944193542,0.7363649625331163
28672,0.09203954588156193,0.10309918085113168,4.008372761309147,0.862685089930892,0.12425892194733024,0.03389979823259637,3.7933051958680153,1.192851036787033,0.5256119836121798,0.5641207378357649
29696,0.07589985139202327,0.06684085947927088,3.9337466806173325,0.8738431595265865,0.12077745073474944,0.026793320867000148,4.025714531540871,1.4545663893222809,0.46928007155656815,0.6605441365391016
30720,0.07666138539207168,0.1260477271862328,3.791543632745743,0.8461190965026617,0.12660007737576962,0.05182076257187873,3.81915520131588,1.293275859206915,0.6865540202707052,0.8708738852292299
31744,0.08232039271388203,0.10593653656542301,3.751345857977867,0.7613009698688984,0.0979493178310804,0.04721866897307336,3.6589434668421745,1.1939452327787876,0.5979739781469107,0.7689517186954618
32768,0.08117642567958683,0.09360086685046554,3.6523594111204147,0.612193875014782,0.11717325478093699,0.02761639151140116,3.7579226046800613,1.3521750010550022,0.5051102209836245,0.5680274507030845
33792,0.08814832929056138,0.09851228492334485,3.726867340505123,0.6588084511458874,0.09161667633452453,0.03911142313154414,3.5119478031992912,1.1076530013233423,0.6362056178040802,0.6527004493400455
34816,0.06539458410406951,0.0813434348674491,3.848224125802517,0.7963831108063459,0.10517615324351937,0.029108096030540764,3.8603362813591957,1.5189673155546188,0.5057693282142282,0.6664955383166671
35840,0.07504493949818425,0.06652256171219051,4.062274433672428,1.075798338279128,0.0783716692822054,0.029995617107488215,3.730280965566635,1.5408191680908203,0.659028003923595,0.9427258521318436
36864,0.07369695529632736,0.07704319478943944,3.6441874355077744,0.6101453267037868,0.14382504113018513,0.030351648689247668,3.7268426567316055,1.4024429731070995,0.618795701302588,0.7212814334779978
37888,0.07835712231462821,0.06934942456427962,3.876148596405983,0.812823697924614,0.14195014769211411,0.031053668237291276,3.8550732657313347,1.484629288315773,0.5676424214616418,0.7045188108459115
38912,0.06371108692837879,0.08324406866449863,3.9422252774238586,0.8610020410269499,0.08232420866261236,0.028467261989135295,3.653362274169922,1.515829412266612,0.7147190906107426,0.660606412217021
39936,0.07161604560678825,0.0939615776296705,3.893919289112091,0.8371358122676611,0.07060438505141065,0.03499679476954043,3.67205972969532,1.366328202188015,0.6224110210314393,0.7419618042185903
40960,0.11444407282397151,0.144377997610718,4.014455445110798,0.8520113490521908,0.09912093193270266,0.022734490339644253,3.948720693588257,1.4153780788183212,0.7110462496057153,0.734036629088223
41984,0.07325173413846642,0.10673293564468622,3.7217285186052322,0.6289790347218513,0.14824928287998773,0.024347639817278832,4.01502937823534,1.84133992344141,0.8040533196181059,0.6124938586726785
43008,0.07842450722819194,0.08210886793676764,3.7573460787534714,0.6544454228132963,0.08396540768444538,0.014761372469365597,3.6029825061559677,1.2679115179926157,0.6202548975124955,0.5722072934731841
44032,0.06085405469639227,0.0895766424946487,3.7587680965662003,0.7368143927305937,0.0730270043713972,0.03192509012296796,3.7267097383737564,1.3427308220416307,0.8600146733224392,0.9520441042259336
45056,0.065947208146099,0.05627950851339847,3.754383258521557,0.6859906651079655,0.08596910821506754,0.033961563429329544,3.751110404729843,1.3852631822228432,0.6327796569094062,0.9348653359338641
46080,0.0704715297324583,0.05186660005711019,3.9856098517775536,0.932946352288127,0.07113928475882858,0.020366990676848218,3.7001437693834305,1.4655931144952774,0.5615879287943244,0.7873190985992551
47104,0.08079041005112231,0.06776673917192966,3.747121997177601,0.7425672318786383,0.0764296508859843,0.02559475932503119,3.4388342797756195,1.1682051196694374,0.5890475632622838,0.7668864261358976
48128,0.06570944580016658,0.05931231053546071,3.6955997347831726,0.6633350402116776,0.1421812813496217,0.026043810503324494,3.904758632183075,1.4488307908177376,0.6763421408832073,0.7489788513630629
49152,0.04396985803032294,0.04787034203764051,3.5444906279444695,0.5301984054967761,0.10341184656135738,0.022039053204935044,3.6619613096117973,1.4008026253432035,0.8120514834299684,0.7488193577155471
50176,0.05189291742135538,0.06428120750933886,3.495385803282261,0.5270848833024502,0.1345839638961479,0.02822979461052455,3.5731179416179657,1.311174875125289,0.7010315135121346,0.773930910974741
51200,0.07263648556545377,0.053924926556646824,3.8852239921689034,0.8227735981345177,0.06383459529024549,0.023119059478631243,3.303430989384651,0.9736708831042051,0.6103635039180517,0.7779853045940399
52224,0.06585494699538685,0.12326723267324269,3.5615701973438263,0.6508568394929171,0.10491179366363212,0.0478020329028368,3.3977135345339775,1.1219221465289593,0.8434226289391518,0.8685007877647877
53248,0.07686450832989067,0.0829913136549294,3.665657564997673,0.6480896193534136,0.09514909435529262,0.03958177659660578,3.878024347126484,1.4469467103481293,0.7249467577785254,0.8938472885638475
54272,0.04051526583498344,0.056877044728025794,3.5424657464027405,0.5161315863952041,0.10824112792033702,0.020719979045679793,3.70123178511858,1.296242581680417,0.8128793174400926,0.8198696682229638
55296,0.0553228774224408,0.071478295722045,3.787496581673622,0.6426686216145754,0.11717965640127659,0.03533329797210172,3.8038196712732315,1.5036676786839962,0.7042475081980228,0.7472278429195285
56320,0.05419557061395608,0.09169492567889392,3.797549918293953,0.6404392644762993,0.10857028339523822,0.038764089928008616,4.109867826104164,2.269600350409746,0.9085958609357476,0.7875222116708755
57344,0.05004497944901232,0.058439970831386745,3.5967659279704094,0.5011983532458544,0.15079371142201126,0.021896278049098328,4.042769059538841,1.8263769522309303,0.7427925057709217,0.6510107507929206
58368,0.05501848268613685,0.058198629412800074,3.804814003407955,0.6901801731437445,0.13748519262298942,0.025989441783167422,3.8379305824637413,1.6387843899428844,0.7208924172446132,0.8751086434349418
59392,0.07327329972758889,0.07765519502572715,3.6614715084433556,0.6276325285434723,0.10901694744825363,0.022019697877112776,3.585717335343361,1.092827197164297,0.6835202509537339,0.6876443661749363
60416,0.06518297878210433,0.06530357140582055,3.5906915366649628,0.577786136418581,0.12264179566409439,0.03214004906476475,3.7929306849837303,1.3504722863435745,0.6206880221143365,0.7598534813150764
61440,0.048373889017966576,0.04716549348086119,3.663336902856827,0.6474085133522749,0.11212430649902672,0.01942928950302303,3.760867163538933,1.2283560931682587,0.7232847362756729,0.8138821329921484
62464,0.06090517409029417,0.05931917286943644,3.775033712387085,0.7136334124952555,0.1283083886373788,0.027543624339159578,4.051373273134232,1.6898817904293537,0.7309256084263325,0.7054585870355368
63488,0.05111034543369897,0.07430064852815121,3.670698195695877,0.6490802764892578,0.11825815355405211,0.04864050808828324,3.9914393201470375,1.6450817584991455,0.8317413432523608,0.8770752195268869
64512,0.06861796646262519,0.07772651419509202,3.5495411083102226,0.5394304841756821,0.12783520814264193,0.03743373934412375,3.7195751070976257,1.44926168769598,0.7446442171931267,0.6674920786172152
65536,0.05693379932199605,0.06536467431578785,3.678799867630005,0.5895337648689747,0.1498356177471578,0.02745726570719853,4.11222431063652,1.7517985962331295,0.6156994681805372,0.5793106267228723
66560,0.058447312549105845,0.051222659880295396,3.501141496002674,0.5632633185014129,0.138101676129736,0.021976422722218558,3.7293799594044685,1.3832720890641212,0.5955294957384467,0.7657318450510502
67584,0.06038989787339233,0.048374241683632135,3.6431842744350433,0.6179239433258772,0.12754810001933947,0.021506656776182353,3.752654552459717,1.4169853292405605,0.6545097967609763,0.6314603043720126
68608,0.05738465269678272,0.0517172267427668,3.5617619529366493,0.5682844072580338,0.11525845725554973,0.027722229773644358,3.635362848639488,1.2907512485980988,0.6716519929468632,0.6444978602230549
69632,0.06315757211996242,0.06201785628218204,3.446714900434017,0.5368806133046746,0.11293187376577407,0.02315957413520664,3.680818237364292,1.5418488904833794,0.71282047778368,0.5900557804852724
70656,0.06044647336238995,0.05154015915468335,3.6679384484887123,0.5910481363534927,0.12362352345371619,0.021461633616127074,3.8350116908550262,1.5963259600102901,0.8683955231681466,0.6383767994120717
71680,0.06763341510668397,0.05431425350252539,3.5378592386841774,0.5790452565997839,0.1423559170216322,0.025476896320469677,3.8312466517090797,1.3118112422525883,0.6425494533032179,0.6943693049252033
72704,0.04937039554351941,0.06611457210965455,3.4677575901150703,0.5552476122975349,0.1050891688792035,0.03346427669748664,3.762460194528103,1.3821778148412704,0.8663183068856597,0.6150123197585344
73728,0.06805630843155086,0.04901368240825832,3.5240227803587914,0.620095755904913,0.13276766950730234,0.014998972183093429,3.4960428699851036,1.0744157247245312,0.7792629739269614,0.6469286037608981
74752,0.058541193255223334,0.030912210582755506,3.809577815234661,0.8438682723790407,0.11756107839755714,0.014299150119768456,3.819742940366268,1.3858335744589567,0.5813790475949645,0.5494955219328403
75776,0.07040248569683172,0.05983547354117036,3.6992530450224876,0.655868798494339,0.06452339049428701,0.0314292581169866,3.5338179916143417,1.1751793716102839,0.8324940633028746,0.7269820757210255
76800,0.06479386138380505,0.048391087097115815,3.617461457848549,0.5873136036098003,0.14968166896142066,0.024264909618068486,3.834700733423233,1.4347917512059212,0.8305407334119081,0.6525255972519517
77824,0.055567964736837894,0.04876577714458108,3.5778451934456825,0.5491864513605833,0.10870026500197127,0.027005656040273607,3.709151729941368,1.2418377175927162,0.6966105718165636,0.74689538218081
78848,0.051686233360669576,0.03553773934254423,3.6237110793590546,0.5831489395350218,0.1331722732866183,0.019532006263034418,3.522759862244129,1.0490493308752775,0.6507213460281491,0.5900388611480594
79872,0.06474806630285457,0.028137894114479423,3.732624538242817,0.5815759813413024,0.07890792599937413,0.013970857864478603,3.4062641859054565,1.0339308939874172,0.7136993436142802,0.5746537474915385
80896,0.056606729805935174,0.04473987512756139,3.677869640290737,0.6283774450421333,0.1023801313713193,0.02128918337984942,3.380485914647579,0.9790732935070992,0.6508062975481153,0.7297113696113229
81920,0.04651220471714623,0.04138293076539412,3.536662958562374,0.5752236479893327,0.08279980445513502,0.02767698693787679,3.314692832529545,0.9337413236498833,0.7020480986684561,0.7062120866030455
82944,0.07066486042458564,0.060209840536117554,3.8249136805534363,0.800670213997364,0.07647460211592261,0.029986188339535147,3.6080058813095093,1.2262146305292845,0.8348180558532476,0.6939773196354508
83968,0.06718888896284625,0.038538392924237996,3.4815755635499954,0.5728010721504688,0.1135811890126206,0.01611814383068122,3.6442448422312737,1.1708171516656876,0.8176301140338182,0.6960591822862625
84992,0.05547047720756382,0.05116741987876594,3.710865557193756,0.6417187638580799,0.06525523922755383,0.031047865108121186,3.7598938941955566,1.4084108658134937,0.8378825299441814,0.8353577647358179
86016,0.04902219797077123,0.02782951225526631,3.4063928425312042,0.46797087881714106,0.07618022453971207,0.014423013635678217,3.319499209523201,1.073945265263319,0.7788776019588113,0.6792336963117123
87040,0.05954354754067026,0.04919954773504287,3.6336202919483185,0.5532120307907462,0.056297123432159424,0.03425438603153452,3.738135978579521,1.6201532669365406,0.9500591177493334,0.815626323223114
88064,0.05706845162785612,0.08341220975853503,3.4866345524787903,0.49700667429715395,0.10660321707837284,0.07574581843800843,2.3279972299933434,0.5257517509162426,1.1662630196660757,1.3898661974817514
89088,0.0422784679394681,0.060646023019216955,3.554933398962021,0.5162259060889482,0.10209743428276852,0.030199841945432127,3.717675358057022,1.5943739116191864,0.7903655180707574,0.898619438521564
90112,0.08903838787227869,0.07053639297373593,3.6848244667053223,0.6722519025206566,0.11338789958972484,0.03233564941911027,3.413302503526211,0.9593968093395233,0.9492620378732681,0.8066700110211968
91136,0.05118031773599796,0.07158202980645001,3.803468130528927,0.6854376066476107,0.05907609866699204,0.036565683665685356,3.8683536648750305,1.58083681948483,0.9600411467254162,0.7386645842343569
92160,0.06843488095910288,0.08357487735338509,3.7280670776963234,0.6256221495568752,0.1099370060255751,0.04436794691719115,3.648534372448921,1.235665488988161,1.0377554148435593,0.6862632008269429
93184,0.056923234165878966,0.04893926624208689,3.692762203514576,0.5771370893344283,0.12597992888186127,0.025753141555469483,3.660646729171276,1.259432453662157,0.8500537062063813,0.6577456938102841
94208,0.051404238620307297,0.03970663371728733,3.628467097878456,0.5504523376002908,0.07070017227670178,0.02325667566037737,3.395704999566078,1.1880974974483252,0.7768142418935895,0.7509867064654827
95232,0.06208006659289822,0.028563126194057986,3.67251618206501,0.5888479370623827,0.15344407921656966,0.01777571946149692,3.8481184616684914,1.3391079045832157,0.7818386685103178,0.9318365519866347
96256,0.059145565261133015,0.0844120925758034,3.7125051841139793,0.6657296493649483,0.08972993056522682,0.03549790597753599,3.3213184028863907,1.024565426632762,0.7854871284216642,0.7140420125797391
97280,0.05392047352506779,0.07059877610299736,3.5398169234395027,0.5554395671933889,0.12555119302123785,0.03690498153446242,3.7473895102739334,1.2194295153021812,0.7272483501583338,0.6884067775681615
98304,0.0582121841434855,0.037874053057748824,3.6902554780244827,0.6179785262793303,0.12231384590268135,0.022729888441972435,3.7998120933771133,1.3628791607916355,0.6218783808872104,0.5760316587984562
99328,0.05095705285202712,0.05384990421589464,3.552818290889263,0.5356737161055207,0.08969631016952917,0.03449711902067065,3.572507716715336,1.1495513003319502,0.9420190788805485,0.6359669407829642
100352,0.05572167268837802,0.050533377565443516,3.7167134061455727,0.6197519749403,0.14459508808795363,0.029494891117792577,3.63955757021904,1.1038671135902405,0.7307217223569751,0.6200010031461716
101376,0.0535727414971916,0.06277327833231539,3.54932601749897,0.6405834946781397,0.11397930624661967,0.03554986364906654,3.589724138379097,1.026684695854783,0.7973026940599084,0.7304071169346571
102400,0.0611120059620589,0.04712658154312521,3.586300179362297,0.5753047037869692,0.07390877953730524,0.030953282839618623,3.4846056774258614,1.0432605650275946,0.9687559148296714,0.6360056111589074
103424,0.05455182961304672,0.05543692910578102,3.6950805634260178,0.6675588767975569,0.1059932594653219,0.03726224973797798,3.3016210719943047,1.1068574599921703,0.7548934351652861,0.711447105742991
104448,0.0658292142325081,0.05912032793276012,3.6749925762414932,0.6165103036910295,0.0971451197983697,0.04022342013195157,3.490992486476898,1.0922188796103,0.7846669936552644,0.6376745635643601
105472,0.05466545571107417,0.06334132701158524,3.5561649054288864,0.5115822199732065,0.10829368809936568,0.029560867173131555,3.4196335151791573,1.0358324628323317,1.010746505111456,0.6952138878405094
106496,0.04600225109606981,0.04153487127041444,3.652765192091465,0.609278030693531,0.12160362675786018,0.03262970864307135,3.475415088236332,0.990358754992485,0.8608228536322713,0.8606636254116893
107520,0.06017221894580871,0.0466114254668355,3.555940791964531,0.5433063339442015,0.1174230360193178,0.026285736355930567,3.742812193930149,0.9996781386435032,0.8837694637477398,0.6833373038098216
108544,0.06215676467400044,0.031549636158160865,3.8467354625463486,0.6906437128782272,0.11608504340983927,0.017204182659043,3.4812806844711304,0.927422147244215,0.8254826357588172,0.697191771119833
109568,0.04767445915786084,0.05632712633814663,3.8742354437708855,0.7564522959291935,0.08466893236618489,0.03970538260182366,3.7442233934998512,1.2474347837269306,0.8174456153064966,0.65830959379673
110592,0.052014077838975936,0.05006121256155893,3.5793160796165466,0.5539117315784097,0.11665575194638222,0.02762173963128589,3.567728452384472,1.3082203045487404,0.8771941279992461,0.7407345054671168
111616,0.030979210161603987,0.056078889523632824,3.682392403483391,0.6565849184989929,0.06970331337652169,0.039434586302377284,3.8572341203689575,1.6113316714763641,1.0384244229644537,0.7142045805230737
112640,0.060139400215120986,0.07330367888789624,3.529458597302437,0.6225875541567802,0.1280704322271049,0.03695470606908202,3.427753172814846,1.3239358235150576,0.7531367614865303,0.6757684154435992
113664,0.06210450174694415,0.037932652863673866,3.7047159150242805,0.7629525875672698,0.0754120055353269,0.02952153008664027,3.4305689707398415,0.9933805791661143,0.6365392860025167,0.7640573931857944
114688,0.07167371934338007,0.050752633600495756,3.740797333419323,0.7814526353031397,0.10042871354380623,0.019489061931381002,3.7641424164175987,1.6067712344229221,0.8070483021438122,0.8180235931649804
115712,0.07733716547954828,0.049412343301810324,3.6465669497847557,0.6423821318894625,0.14374721376225352,0.025765290658455342,3.691996432840824,1.2802099101245403,0.7346752788871527,0.6586166154593229
116736,0.05655066104372963,0.04974204790778458,3.5027401223778725,0.5342612527310848,0.08311534445965663,0.027771999913966283,3.589117869734764,1.156185321509838,0.7773695504292846,0.6086002346128225
117760,0.026891052271821536,0.043597915151622146,3.8367787152528763,0.9190293475985527,0.11175170377828181,0.027634832775220275,4.030148737132549,1.7984496615827084,0.6182414442300797,0.5758909527212381
118784,0.07508143282029778,0.05217744980473071,3.852811321616173,0.8657908737659454,0.09653006012376864,0.029318399901967496,3.74953792989254,1.249694688245654,0.792101233266294,0.659387812949717
119808,0.06631560628011357,0.04965787555556744,3.706607386469841,0.7788173742592335,0.10072295941063203,0.022513150004670024,3.6568644419312477,1.3501954171806574,0.799407540820539,0.6965656764805317
120832,0.060374302353011444,0.058131760684773326,3.7486711218953133,0.707272918894887,0.12876434228383005,0.02961415523895994,3.622000217437744,1.4318282566964626,0.9457679241895676,0.6324439188465476
121856,0.04488121983013116,0.05469747807364911,3.8050971552729607,0.7346600703895092,0.06721352058229968,0.022069260070566088,3.910166509449482,1.7678545229136944,0.9669736688956618,0.7237896183505654
122880,0.057329689152538776,0.053684733517002314,3.5505890622735023,0.6599230021238327,0.12222864374052733,0.02894013177137822,3.718459464609623,1.7757568396627903,0.6983084063977003,0.6771647157147527
123904,0.06431269907625392,0.07457768323365599,3.5935903936624527,0.6129291467368603,0.14836013491731137,0.04500465572346002,3.7215844988822937,1.3283103574067354,0.8358544930815697,0.864479842595756
124928,0.051642270700540394,0.029521619668230414,3.6279194578528404,0.701196713373065,0.12254759663483128,0.014997257705545053,3.8541382923722267,1.1262476462870836,0.5561394412070513,0.6736472207121551
125952,0.05916060405434109,0.06303832517005503,3.6952230110764503,0.6773894466459751,0.08218774819397368,0.0251084316696506,3.832370847463608,1.3652913495898247,0.9339870307594538,0.6181683437898755
126976,0.07240077538881451,0.029399920371361077,3.4252893775701523,0.5297463126480579,0.14338929299265146,0.012616125037311576,3.7539518624544144,1.203628247603774,0.9626587545499206,0.8731731586158276
128000,0.05110791581682861,0.03459098271559924,3.7766313925385475,0.7557356683537364,0.06921539141330868,0.022067734185839072,3.7050804123282433,1.403534833341837,0.7739238757640123,0.6721366243436933
129024,0.06897701026173308,0.0632778734434396,3.5977333337068558,0.6674492117017508,0.14510755287483335,0.031387762457598,3.956137791275978,1.7850812785327435,0.9316589720547199,0.708205389790237
130048,0.07718674525676761,0.059740405064076185,3.5202226117253304,0.5631477916613221,0.11049072293099016,0.02880046219797805,3.89239551872015,1.393940705806017,0.8592146895825863,0.6828354028984904
131072,0.04815800581127405,0.056957868626341224,3.747696839272976,0.6523752827197313,0.12274626741418615,0.03034436804591678,3.827579975128174,1.4402121603488922,0.7727256864309311,0.581406001932919
132096,0.06414140420383774,0.032595681434031576,3.781155504286289,0.7318350281566381,0.10317346744704992,0.01944252461544238,3.9103770926594734,1.3881365917623043,0.8501824084669352,0.7518321182578802
133120,0.052511678863083944,0.04466215142747387,3.6337138935923576,0.5845559518784285,0.09092991960642394,0.02339866737020202,3.616745300590992,1.22694755718112,0.8455006070435047,0.6731117507442832
134144,0.06489675099146552,0.05043399031274021,3.6039511784911156,0.5628509782254696,0.10519719566218555,0.027905253460630774,4.078991025686264,1.7839807160198689,0.7315280679613352,0.731389082968235
135168,0.046599697263445705,0.04372133524157107,3.4650863111019135,0.49055801425129175,0.10727646347368136,0.0304251505585853,3.796734407544136,1.5953822396695614,0.9863403998315334,0.6735523603856564
136192,0.03643555488088168,0.048146355082280934,3.6580419838428497,0.6257106699049473,0.09658048703568056,0.022400710731744766,4.023849979043007,2.2237974032759666,0.7324871942400932,0.4932116949930787
137216,0.05475375324022025,0.030397521099075675,3.6950531601905823,0.6900987178087234,0.1873471091967076,0.02212350716581568,3.983251117169857,1.6778971999883652,0.7374910125508904,0.5266936486586928
138240,0.03966211248189211,0.03435222286498174,3.452566981315613,0.45624349918216467,0.07576466095633805,0.014635755331255496,3.5759983509778976,1.3989627100527287,0.788401641882956,0.5252626142464578
139264,0.05825541209196672,0.04518191935494542,3.5396665781736374,0.5902874935418367,0.13322567293653265,0.026531050098128617,3.4622890427708626,1.1976988539099693,0.7734901867806911,0.7718720603734255
140288,0.04725859925383702,0.035204662301111966,3.732024386525154,0.754277678206563,0.13465153076685965,0.01587052710237913,3.7785994708538055,1.2283195704221725,0.7169938320294023,0.68843031860888
141312,0.0607460523606278,0.03840846155071631,3.8756951689720154,0.8661306779831648,0.05710156779969111,0.014612527418648824,3.5475220158696175,1.3150897417217493,0.7613238263875246,0.5091682360507548
142336,0.05816327119828202,0.0375166165176779,4.020492509007454,0.938508652150631,0.08461697271559387,0.016039879483287223,3.8508506044745445,2.0658335257321596,0.6881999745965004,0.6872405549511313
143360,0.042329044052166864,0.07834511378314346,3.5182195231318474,0.6241788621991873,0.12447511707432568,0.02184277950436808,3.8639024570584297,1.5607434622943401,0.9734254274517298,0.7016722010448575
144384,0.06906147248810157,0.08861090848222375,3.7809547781944275,0.8168008923530579,0.12715698149986565,0.033381848013959825,3.7181575521826744,1.4247388988733292,0.990589190274477,0.8590333256870508
145408,0.07202068966580555,0.042853067512623966,3.6431440114974976,0.707497913390398,0.09266687527997419,0.021397590840933844,3.921483524143696,1.488777993246913,0.6328549282625318,0.528213634621352
146432,0.04598580254241824,0.06930658128112555,3.6843099743127823,0.7116326242685318,0.09398052206961438,0.03630595363210887,3.7081070616841316,1.1281585600227118,0.7555792536586523,0.7473478298634291
147456,0.07072559220250696,0.04547913349233568,3.736912429332733,0.6616404112428427,0.1491832616738975,0.0309453594381921,4.059777811169624,1.5102110654115677,0.7594745494425297,0.770771793089807
148480,0.07313872119993903,0.03739376168232411,3.724229209125042,0.6723561193794012,0.12082259694579989,0.01886921195546165,3.577670030295849,1.2557300087064505,0.7973322588950396,0.9853522842749953
149504,0.05623911759175826,0.033443713386077434,3.623535268008709,0.5797833055257797,0.10762711800634861,0.016632576618576422,3.76317298412323,1.377492107450962,0.7861589575186372,0.6735061118379235
150528,0.0471455009537749,0.0534146138234064,3.8818248882889748,0.7640719804912806,0.08980076166335493,0.028178433421999216,3.896780014038086,1.536497537046671,0.8845132384449244,0.8649498829618096
151552,0.08410987793467939,0.07420697330962867,3.557412266731262,0.6421308154240251,0.195826604263857,0.02462193591054529,4.1725617572665215,2.0540580451488495,0.8597065806388855,0.453021758235991
152576,0.06584563996875659,0.07573415338993073,3.537078708410263,0.5818410264328122,0.1262102163163945,0.03530626784777269,3.7673270478844643,1.215713957324624,0.8478472996503115,0.7107034185901284
153600,0.04662402850226499,0.03709131828509271,3.8489046543836594,0.8142813425511122,0.07172403915319592,0.02557734219590202,3.833797112107277,1.5334022529423237,0.8092753849923611,0.7979443743824959
154624,0.060548565292265266,0.056882049422711134,3.8086410984396935,0.716661062091589,0.10599380021449178,0.03163740923628211,3.9362554773688316,1.6091632507741451,0.8892837278544903,0.7066038781777024
155648,0.07088054082123563,0.046590078505687416,3.7706736102700233,0.6675901934504509,0.1094712775957305,0.018219990946818143,3.5887214094400406,1.2118861712515354,0.9380510039627552,0.7327357558533549
156672,0.061487606217269786,0.04267998517025262,3.6385796070098877,0.6151303853839636,0.11440480302553624,0.015401322423713282,3.816026635468006,1.4787929467856884,0.63811428938061,0.6670432165265083
157696,0.07774460731889121,0.07385057536885142,3.6539491415023804,0.657290231436491,0.1079989883583039,0.0267708973842673,3.642941452562809,1.290027353912592,0.9068784471601248,0.7518457723781466
158720,0.053699744428740814,0.04813025577459484,3.7039665058255196,0.7380432263016701,0.10448868339881301,0.02418765507172793,3.6845761984586716,1.1275749504566193,0.8130657775327563,0.7178016901016235
159744,0.06444299779832363,0.05560030334163457,3.710966072976589,0.6834471337497234,0.09182550280820578,0.03168942261254415,3.558106079697609,0.9945524130016565,0.8469332531094551,0.7315352698788047
160768,0.053712637920398265,0.03091839689295739,3.678469993174076,0.6117446683347225,0.11021501908544451,0.013617754157166928,3.730545476078987,1.3253413289785385,0.7191345673054457,0.5517564238980412
161792,0.05538104643346742,0.01939736449276097,3.78657004237175,0.6610622256994247,0.07327081597759388,0.012728710833471268,3.358695663511753,1.0430218242108822,0.6054418291896582,0.7645164681598544
162816,0.05131658204481937,0.04166261840146035,3.4915026500821114,0.5837888699024916,0.07444303462398238,0.022353693027980626,3.2743812575936317,0.9581323955208063,0.6757572814822197,0.7221474731341004
163840,0.04416463608504273,0.03186351613840088,3.7494038343429565,0.6744054444134235,0.10069951880723238,0.020379382913233712,3.4014147743582726,1.1675558425486088,0.7508360268548131,0.7112054880708456
164864,0.07339006950496696,0.07361298135947436,3.476479485630989,0.6009771013632417,0.07040820000111125,0.0375757897272706,3.3118065372109413,1.0683061219751835,0.7885570572689176,0.8477525180205703
165888,0.051261559448903427,0.055342745617963374,3.6426809951663017,0.7403218690305948,0.07936975848861039,0.027318668260704726,3.534951329231262,1.4750614538788795,0.8373895324766636,0.8052739454433322
166912,0.03470245862263255,0.038432524306699634,3.6340053007006645,0.6693314500153065,0.19027107767760754,0.022546673309989274,4.01536001265049,2.0507748797535896,0.8207456627860665,0.6950631011277437
167936,0.06840300257317722,0.05529821547679603,3.7812381982803345,0.8685457166284323,0.0898622780223377,0.025416983757168055,3.9848240315914154,1.5186322815716267,0.7569879936054349,0.6703661419451237
168960,0.057879721774952486,0.07293150073383003,3.7154085636138916,0.7035947777330875,0.11354148219106719,0.029792518413159996,3.9267623350024223,1.6853195242583752,1.251945475116372,0.7064653793349862
169984,0.07646951836068183,0.061048152623698115,3.7850733548402786,0.7103291470557451,0.12511438061483204,0.041430909535847604,3.7048236280679703,1.1633219607174397,0.7364894896745682,0.8238021014258265
171008,0.06191665510414168,0.0433437010506168,3.599967934191227,0.5574744679033756,0.11198634217726067,0.018998422718141228,3.698174871504307,1.2568964790552855,0.7759048324078321,0.6932625696063042
172032,0.06005038623698056,0.025872933270875365,3.791676416993141,0.6565254405140877,0.10932598228100687,0.017688650055788457,3.7244871109724045,1.1681083776056767,0.5455078948289156,0.734133891761303
173056,0.053567831724649295,0.053053270326927304,3.7932975590229034,0.6873325128108263,0.08988453666097485,0.0340297378716059,3.713964208960533,1.259419985115528,0.8920951094478369,0.7985679181292653
174080,0.06649315304821357,0.0355465617030859,3.813337281346321,0.789663827046752,0.09714054927462712,0.017378221411490813,3.419135220348835,0.9603703394532204,0.5715686166658998,0.6965918550267816
175104,0.06166862530517392,0.04115585330873728,3.796717792749405,0.7053151056170464,0.09159226322663017,0.02825345133896917,3.6631863936781883,1.3020274750888348,0.7980686295777559,0.8531232746317983
176128,0.06141216293326579,0.03350586351007223,3.643428534269333,0.5606735907495022,0.12733037059661,0.016127741779200733,3.5878556296229362,1.3198471926152706,0.8445166405290365,0.6940459832549095
177152,0.048359897220507264,0.05334430478978902,3.502072900533676,0.5075316308066249,0.121158575755544,0.027966782450675964,3.595805086195469,1.4038816317915916,0.888196486979723,0.7849181294441223
178176,0.06316925899591297,0.04323559417389333,3.672924980521202,0.6093009244650602,0.09809879222302698,0.028650703723542392,3.521509975194931,0.9630284365266562,0.8166354987770319,0.6691455887630582
179200,0.04621642973506823,0.03206031222362071,3.6810318380594254,0.577390668913722,0.13561389432288706,0.023691325564868748,3.835136942565441,1.3781289421021938,0.9172013141214848,0.7344738775864244
180224,0.060450829594628885,0.04412320809205994,3.7306138649582863,0.6186454072594643,0.08730915980413556,0.01745655306149274,3.700798824429512,1.412003107368946,0.9129122151061893,0.6799774440005422
181248,0.04871469785575755,0.0266180902835913,3.490556038916111,0.5433126091957092,0.132571340771392,0.015039153804536909,3.740894101560116,1.2305933851748705,0.8858148790895939,0.8965737409889698
182272,0.06273529818281531,0.035898150876164436,3.7552944347262383,0.6766134267672896,0.10400031541939825,0.021300664026057348,4.1462898179888725,1.564589686691761,0.7051044134423137,0.9875748744234443
183296,0.05199774305219762,0.034419512026943266,3.8855292797088623,0.7617380600422621,0.08065151260234416,0.021162686054594815,3.900800935924053,1.5835938788950443,0.7667463226243854,0.7270919624716043
184320,0.05905277084093541,0.03436157951364294,3.9250218346714973,0.8679874371737242,0.08048940123990178,0.01776778037310578,3.899601310491562,1.7313360944390297,0.6244487073272467,0.7016602279618382
185344,0.07560427361750044,0.06982046586927027,3.6987044140696526,0.6914914958178997,0.12747627566568553,0.028104738739784807,3.685060642659664,1.3009910881519318,0.6302948361262679,0.7958727050572634
186368,0.0717632180894725,0.04970879072789103,3.8229147121310234,0.7182389255613089,0.10147821600548923,0.030790238262852654,3.7493215054273605,1.5679689422249794,0.67813013587147,0.8707555001601577
187392,0.05067030657664873,0.03520061372546479,3.760775178670883,0.719223465770483,0.13343678240198642,0.017481209157267585,3.9713478833436966,1.7031903117895126,0.7097589494660497,0.6209852015599608
188416,0.06234453435172327,0.05712970660533756,3.8696167692542076,0.7893995996564627,0.13064676203066483,0.03015549961128272,4.166493743658066,2.1352702863514423,1.0516206976026297,0.6819204920902848
189440,0.05711836749105714,0.0294176492607221,3.8582892566919327,0.7742952089756727,0.1291941899107769,0.017534613114548847,4.0635639652609825,2.026186667382717,0.8279966618865728,0.5574284736067057
190464,0.06946055038133636,0.044273133447859436,3.65929301828146,0.6227480713278055,0.12849758367519826,0.022601259261136875,3.80417363345623,1.523754145950079,0.7799953622743487,0.6028872728347778
191488,0.0456816842633998,0.03674884472275153,3.5677603259682655,0.5944221261888742,0.0935727902688086,0.02157228090800345,3.6205197498202324,1.332029465585947,0.709286873228848,0.704398712143302
192512,0.07115590310422704,0.04337998677510768,3.6753176748752594,0.6680808383971453,0.15278944722376764,0.03828655631514266,3.737729072570801,1.2793283201754093,0.71057447232306,0.8524833908304572
193536,0.055326128465821967,0.043382636504247785,3.8679573982954025,0.7536523900926113,0.08909158612368628,0.03272768604801968,3.8780361339449883,1.6095962785184383,1.0361585393548012,0.9340351652354002
194560,0.07623482996132225,0.04495237965602428,3.5763085559010506,0.6102193612605333,0.16635116515681148,0.02255685633281246,3.8403672352433205,1.3711862936615944,0.9153188345953822,0.7659899918362498
195584,0.05988510057795793,0.041626220918260515,3.8058670684695244,0.7208110522478819,0.07278801256325096,0.023527562676463276,3.75192604213953,1.3713375646620989,0.8411324629560113,0.9267568150535226
196608,0.05579320259857923,0.031506631115917116,3.737719513475895,0.6858751215040684,0.06863528362009674,0.017007167945848778,3.489268533885479,1.1254996582865715,0.882894198410213,0.8441459015011787
197632,0.07397485146066174,0.02831991796847433,3.8161874040961266,0.7135218475013971,0.08860971932881512,0.021338806924177334,3.024572692811489,0.8504603765904903,0.8898282693699002,0.9861241485923529
198656,0.0515239373780787,0.031919789500534534,3.8029256388545036,0.7494043428450823,0.08847977709956467,0.01804120175074786,4.061810560524464,1.901335421949625,0.8170075844973326,0.812069839797914
199680,0.06415652114083059,0.058425672934390604,3.7512265741825104,0.6839832924306393,0.11738181748660281,0.02305035022436641,3.7865085378289223,1.4846352078020573,1.0960658425465226,0.7910354789346457
200704,0.07629117707256228,0.05849053687416017,3.7640340700745583,0.7070727739483118,0.10742191661847755,0.02661834645550698,3.962144821882248,1.5207170583307743,0.8338197423145175,0.768028412014246
201728,0.07063508228748105,0.032801831199321896,3.9434664696455,0.9148936253041029,0.09777256532106549,0.018642373121110722,3.7780080810189247,1.473158922046423,0.617074535228312,0.9277133904397488
202752,0.07282297703204677,0.0265450308797881,3.786344826221466,0.6791026648133993,0.08543503968394361,0.014950602140743285,3.6328222677111626,1.3455126881599426,0.8123525362461805,0.6879879692569375
203776,0.06342083227355033,0.02982363710179925,3.7677566334605217,0.6482886858284473,0.17163947620429099,0.014577200636267662,4.1958319172263145,2.0418512038886547,0.6927350889891386,0.6119701853021979
204800,0.0632167917501647,0.027318039792589843,3.578855462372303,0.5844421088695526,0.0921820024959743,0.014451864903094247,3.6545009464025497,1.2088378500193357,0.7082792706787586,0.6822902830317616
205824,0.05721655522938818,0.03248261014232412,3.809317871928215,0.6547156311571598,0.0907249100273475,0.019362208899110556,3.8001226037740707,1.458936933428049,0.8085102066397667,0.7417269013822079
206848,0.07581664780445863,0.0433115201885812,3.759683445096016,0.6758094429969788,0.19677430810406804,0.015948239102726802,4.174967110157013,2.127052515745163,0.7439701594412327,0.6663444805890322
207872,0.04958413867279887,0.03254271222976968,3.6661894991993904,0.6365755032747984,0.12433512101415545,0.015242167384712957,3.8496849089860916,1.4755977652966976,0.8004858577623963,0.5375475287437439
208896,0.05948260580771603,0.03389055060688406,3.7440055310726166,0.6754627395421267,0.12461655342485756,0.017002241453155875,3.814214125275612,1.4965672940015793,0.7289941376075149,0.6689096093177795
209920,0.05444769733003341,0.03162061603507027,3.8842890709638596,0.7449089270085096,0.07935325725702569,0.021599668689304963,3.7546118423342705,1.4113667197525501,0.7203470719978213,0.7333535626530647
210944,0.05050741380546242,0.04644583759363741,3.7128686234354973,0.6917950604110956,0.09064647741615772,0.018492053146474063,3.626644805073738,1.3749469928443432,0.7300239354372025,0.6614120714366436
211968,0.08006622639368288,0.045315723633393645,3.6949832290410995,0.6914295274764299,0.11947676329873502,0.01944789188564755,3.3860663548111916,1.0545581262558699,0.7298782868310809,0.8167373612523079
212992,0.05399962859519292,0.04600351385306567,3.6327973380684853,0.5860116276890039,0.09597865503747016,0.020668351848144084,3.3440785259008408,1.2254499681293964,0.8763738377019763,0.8507850393652916
214016,0.04566066828556359,0.0314880374353379,3.7249397709965706,0.6663304036483169,0.12457491262466647,0.016984995105303824,3.990312546491623,2.04291158542037,0.9306172765791416,0.8289205711334944
215040,0.062276856682728976,0.04224957700353116,3.7583990171551704,0.6910074595361948,0.0800645362760406,0.02762380414060317,3.654444918036461,1.345305373892188,1.0130292046815157,0.7247669640928507
216064,0.06082747894106433,0.05941583286039531,3.4538557156920433,0.5373491151258349,0.11474954505683854,0.03377830743556842,3.7255548164248466,1.1437531244009733,1.2778256814926863,1.3048263918608427
217088,0.03755859879311174,0.040333395067136735,3.659582331776619,0.5882266610860825,0.0769919483573176,0.022444510541390628,3.8160158544778824,1.76460175588727,0.8046519104391336,0.7108987560495734
218112,0.057079431717284024,0.06395995314233005,3.676800273358822,0.6112794578075409,0.11266506253741682,0.033156124234665185,3.9812789633870125,1.785285547375679,0.8664639089256525,1.1826488208025694
219136,0.047807256181840785,0.037918265792541206,3.6417872309684753,0.5683783981949091,0.09505361804622225,0.023421780177159235,3.387449584901333,1.0773156564682722,0.8657177081331611,0.9320854507386684
220160,0.060417631510063075,0.043065672274678946,3.617705300450325,0.6667784135788679,0.10827418742701411,0.031860711867921054,3.4868498742580414,0.9981507044285536,1.0013925470411777,1.1186851179227233
221184,0.06059231184190139,0.040251771628391,3.670015461742878,0.6873595789074898,0.11222772405017167,0.029145562031771988,3.661305643618107,1.399932211264968,0.8139186445623636,1.0468158535659313
222208,0.07177604964817874,0.026606165803968906,3.463737651705742,0.5662885718047619,0.10066108836326748,0.012208394517074339,3.569096475839615,1.1027742736041546,0.9988961704075336,1.117055106908083
223232,0.04232857108581811,0.04615070857107639,3.8916233628988266,0.8579170014709234,0.08101220495882444,0.01620726121473126,3.6591408774256706,1.4128502495586872,0.7991351094096899,0.78221027366817
224256,0.07747080468107015,0.05128986923955381,3.6850379183888435,0.6996223051100969,0.10285782732535154,0.0234917271300219,3.6741191893815994,1.261930212378502,0.7710346123203635,0.7880103830248117
225280,0.0483306385576725,0.052718615042977035,3.846175394952297,0.757958497852087,0.08692695014178753,0.025435162911890075,3.635170429944992,1.4636518843472004,0.9265558756887913,0.7305646827444434
226304,0.05798335379222408,0.07448594470042735,3.765032447874546,0.726633483543992,0.10996593604795635,0.04320459137670696,3.6310391277074814,1.700386170297861,1.3873952943831682,0.7833822090178728
227328,0.054161172709427774,0.03703533159568906,3.7660350501537323,0.7441268749535084,0.11667434981791303,0.018088408483890817,3.303212583065033,1.0394286308437586,0.7988493014127016,0.7547879451885819
228352,0.057812879531411454,0.034114455978851765,3.7381661683321,0.6295772287994623,0.11215013085165992,0.011784577058278956,3.3212516754865646,0.9004949890077114,0.8301232103258371,0.6654704380780458
229376,0.0575285708764568,0.04788040590938181,3.9116025120019913,0.8017716445028782,0.09795951109845191,0.025671312178019434,3.5895932763814926,1.1245161071419716,0.9395782500505447,0.7918654698878527
230400,0.05447829101467505,0.053201692760922015,3.6608594059944153,0.6606816370040178,0.1026738800574094,0.017486859287600964,3.5141842663288116,1.0671966634690762,0.8711452288553119,0.7027860172092915
231424,0.056236579970573075,0.03098198736552149,3.6375260800123215,0.6157699376344681,0.09569702876615338,0.01518921452225186,3.3680360838770866,0.8936859983950853,1.010287869721651,0.7773886797949672
232448,0.05439640683471225,0.03900307969888672,3.6837898641824722,0.6871760506182909,0.06423554688808508,0.022327651357045397,3.214688330888748,0.922321017831564,0.7697591474279761,0.7016032543033361
233472,0.0525350957759656,0.0608908332651481,3.8716079592704773,0.8362699188292027,0.06834380148211494,0.033398476807633415,3.6401104256510735,1.243346506729722,0.8281601844355464,0.8696252536028624
234496,0.04947873447963502,0.057352405739948153,3.7946682497859,0.7848991043865681,0.06937948078848422,0.02593267834163271,3.802940934896469,1.7463223412632942,0.8341244794428349,0.7783218687400222
235520,0.05818857696431223,0.03822200233116746,3.638846032321453,0.6191291669383645,0.13891532726120204,0.0233611143194139,3.579707093536854,1.331313543021679,1.2017720071598887,0.6678709220141172
236544,0.04921556415501982,0.021092497248901054,3.3817103803157806,0.5765997553244233,0.149307902000146,0.02543683839030564,3.576279990375042,1.0536483395844698,1.0110809030011296,1.022607027553022
237568,0.0703846505493857,0.03438601270318031,3.720095857977867,0.6832567974925041,0.07440721848979592,0.01704643853008747,3.748573772609234,1.204762177541852,0.8711632005870342,1.0752537548542023
238592,0.050811976863769814,0.046142726205289364,3.8652101531624794,0.7822444532066584,0.035854987014317885,0.024341417534742504,3.686608761548996,1.7405368704348803,0.9834347777068615,0.8242501663044095
239616,0.06607059280213434,0.05381625017616898,3.828189395368099,0.8015285972505808,0.1438744663610123,0.03144339227583259,3.943612553179264,1.766106452792883,0.726834237575531,0.7101706881076097
240640,0.05367010468035005,0.03406463493593037,3.7042761221528053,0.6335750799626112,0.13326871942263097,0.01590682298410684,3.7168933376669884,1.2268982231616974,0.8002045936882496,0.5979585591703653
241664,0.04462736636924092,0.033424265042413026,3.66626063734293,0.5782196391373873,0.11974386312067509,0.014475428208243102,3.676722079515457,1.1845517493784428,0.997331403195858,0.6935486607253551
242688,0.052754421572899446,0.04703229130245745,3.8214423060417175,0.7366399336606264,0.07224624379887246,0.02123041040613316,3.5497375205159187,1.1388639602810144,0.8730094274505973,0.707048031501472
243712,0.06305705138947815,0.0380689634475857,3.706724174320698,0.6996176969259977,0.13068455620668828,0.021423594589577988,3.74847511947155,1.3322091400623322,0.73747827578336,0.7121717371046543
244736,0.06274309899890795,0.04981789842713624,3.6004696786403656,0.6428923420608044,0.11567806720267981,0.016960185137577355,3.455111011862755,1.0222185831516981,1.0149319246411324,0.9535893211141229
245760,0.06035812938353047,0.03452957147965208,3.629435531795025,0.6093313917517662,0.09766072710044682,0.0213472064351663,3.7480588629841805,1.4291036948561668,0.9450006047263741,0.7427667109295726
246784,0.0735385175794363,0.060744433547370136,3.93456219881773,0.8112377785146236,0.0630901996337343,0.029665095848031342,3.2912039756774902,1.0349058229476213,0.8945786189287901,1.0049563255161047
247808,0.07644891663221642,0.05499713821336627,3.867184616625309,0.7297082021832466,0.12370772077701986,0.02115563949337229,3.729962043464184,1.2214743848890066,0.8153299167752266,0.679323042742908
248832,0.061861230176873505,0.0484229153371416,3.868098199367523,0.8285750728100538,0.09453450550790876,0.026563128049019724,3.947748914361,1.4424949809908867,0.802959656342864,0.9516828134655952
249856,0.04981419839896262,0.0461038020439446,3.7924723476171494,0.7338418159633875,0.09840905989403836,0.028504021145636216,3.633622534573078,1.1625054311007261,0.7747785104438663,0.8434563456103206
250880,0.05831782869063318,0.039949664496816695,3.5100643932819366,0.57093246281147,0.13721222337335348,0.01721806966816075,3.6958433091640472,1.1562402695417404,0.8651092443615198,0.8179853884503245
251904,0.05745673569617793,0.032335675903595984,3.7997167482972145,0.7724048504605889,0.11747157844365574,0.012361918139504269,3.7989900037646294,1.4519482776522636,0.8128417646512389,0.7468549171462655
252928,0.05539515346754342,0.040166109218262136,3.418031968176365,0.5161564871668816,0.12833207723451778,0.01446499433950521,3.512102611362934,1.3046173714101315,0.8524168841540813,0.6280311131849885
253952,0.06125579302897677,0.031576081295497715,3.8166873455047607,0.6517273206263781,0.11532197578344494,0.01731206543627195,3.654362589120865,1.336547363549471,0.9364719223231077,0.774612738750875
254976,0.048542001692112535,0.03136672219261527,3.5503870844841003,0.5656594075262547,0.09011913003632799,0.015188324177870527,3.1851242259144783,0.7181157320737839,0.868482812307775,0.645929298363626
256000,0.05935896735172719,0.05529132904484868,3.77802312374115,0.7234687507152557,0.13247388321906328,0.038495325832627714,3.7518430203199387,1.2524889558553696,0.8398805614560843,0.8528146203607321
257024,0.06939201943168882,0.03146711498266086,3.5854618847370148,0.5307326633483171,0.09689893352333456,0.021650542330462486,3.668372832238674,1.1492279507219791,1.027922861278057,1.0204921923577785
258048,0.04524955741362646,0.038270659919362515,3.8470711186528206,0.7501553315669298,0.09235537372296676,0.021916665689786896,3.5901161432266235,1.2495879922062159,0.8548862412571907,0.8103219773620367
259072,0.054208770859986544,0.028161572699900717,3.7456948906183243,0.5634618299081922,0.11500278708990663,0.01189051456458401,3.612326018512249,1.292484924197197,0.7573452908545732,0.7330001043155789
260096,0.06037452397868037,0.03551617299672216,3.5715357214212418,0.5588083881884813,0.13951234647538513,0.017060071229934692,3.8305318877100945,1.6837427876889706,0.869900113902986,0.6461447179317474
261120,0.04955007851822302,0.028323819919023663,3.737702079117298,0.654114181175828,0.12405177764594555,0.019447817816399038,3.517237104475498,1.2829125709831715,0.8260486805811524,0.957971922121942
262144,0.07121458777692169,0.03913083142833784,3.813044384121895,0.7942747473716736,0.11795618908945471,0.028805170150008053,3.58508188277483,1.1005892176181078,0.7968017728999257,0.8825640389695764
263168,0.06839916165336035,0.020476999488892034,3.833315394818783,0.713559802621603,0.11029187793610618,0.01803983876015991,3.751524142920971,1.2940097991377115,0.8153671566396952,0.893241610378027
264192,0.05252963653765619,0.039715584833174944,3.8432596623897552,0.6855733953416348,0.11640416405862197,0.026869911700487137,3.856625698506832,1.3552056886255741,1.2330253068357706,0.9566246829926968
265216,0.05763786021270789,0.02100979970418848,3.6707869172096252,0.5954338759183884,0.13046244578436017,0.011427718069171533,3.780938468873501,1.3376390896737576,0.7510497150942683,0.7014390788972378
266240,0.050708926835795864,0.04473309509921819,3.7556485906243324,0.7432596758008003,0.06622130420873873,0.025684306194307283,3.757906459271908,1.327722243964672,0.8283323021605611,0.8521277429535985
267264,0.06175449475995265,0.048625173745676875,3.758713409304619,0.7025436200201511,0.10301944974344224,0.037361286114901304,3.8205352798104286,1.5622688122093678,0.9433343056589365,1.0065145902335644
268288,0.06336355779785663,0.0447160528274253,3.9141551330685616,0.765319749712944,0.10453685617540032,0.022359968483215198,3.7011803165078163,1.3683744966983795,0.7964550564065576,0.940059395506978
269312,0.06722143306978978,0.030554175609722733,3.7580589428544044,0.7089406102895737,0.13931370491627604,0.014587241632398218,3.6410133093595505,1.2136131897568703,0.6578072151169181,0.7215742543339729
270336,0.058608329272828996,0.03865105769364163,3.88699808716774,0.7556097898632288,0.07393698039231822,0.03130449348827824,3.767746679484844,1.336217973381281,0.8833460789173841,0.8048760239034891
271360,0.04061106569133699,0.04284960788208991,3.7463048920035362,0.6649116519838572,0.07861391548067331,0.02435810712631792,3.969910830259323,1.7401475217193365,0.8101314194500446,0.9554578959941864
272384,0.07943547191098332,0.04769441660027951,3.820606045424938,0.8037249725311995,0.14895425766007975,0.03146803623531014,3.78597392141819,1.2540402673184872,0.8970557153224945,0.8308720178902149
273408,0.0677223561797291,0.049130998202599585,3.966170333325863,0.8965078536421061,0.11121979297604412,0.022192709177033976,3.8425131514668465,1.2539845388382673,0.9450188055634499,0.6225386448204517
274432,0.05902219071867876,0.03936811536550522,3.716529257595539,0.6369821466505527,0.08189255444449373,0.027632512501440942,3.6041925624012947,1.2020599003881216,0.6879536230117083,0.7959061674773693
275456,0.06040297525760252,0.040328581468202174,3.8646500259637833,0.7495802231132984,0.07526336167939007,0.026590756431687623,3.8088865280151367,1.6069610714912415,0.9268168965354562,0.9603730142116547
276480,0.06314369817846455,0.03908468020381406,3.8480405509471893,0.7484892569482327,0.1108865265850909,0.031037477019708604,3.362673580646515,1.1681243404746056,0.8437221376225352,0.9884091671556234
277504,0.06955780624412,0.036796902189962566,3.650986395776272,0.654660027474165,0.12385072655160911,0.023430783243384212,3.952983021736145,1.7044089324772358,0.7812661994248629,0.7652739323675632
278528,0.05710301507497206,0.024287401989568025,3.6814775094389915,0.6466256231069565,0.1525850270409137,0.014407942464458756,3.691841073334217,1.3778562024235725,0.9709218107163906,0.7496290802955627
279552,0.054152723008883186,0.021138385025551543,3.4782570973038673,0.559855536557734,0.1565316178894136,0.016925809264648706,3.669397197663784,1.2447355072945356,0.9962594322860241,1.257250152528286
280576,0.0432810798229184,0.04486403439659625,4.059815816581249,0.9694390576332808,0.06995157734490931,0.031670047203078866,3.9578638672828674,1.6774649638682604,0.7701326077803969,0.8732880111783743
281600,0.06064038199838251,0.03821557777700946,3.932674042880535,0.8839546982198954,0.08748716884292662,0.022689203964546323,3.8476126715540886,1.7546948418021202,0.9827120155096054,0.7019250942394137
282624,0.05489269451936707,0.025841552473139018,3.617730960249901,0.5830821031704545,0.13434711791342124,0.015090479355421849,3.6663445457816124,1.5065592229366302,0.8751586489379406,0.910672995261848
283648,0.04359810444293544,0.020103157818084583,3.7656204625964165,0.6808327343314886,0.12526142445858568,0.01802035325090401,3.7341905161738396,1.2967876866459846,0.8099032128229737,0.7924503413960338
284672,0.061803959441022016,0.03260073345154524,3.8212139904499054,0.7384700644761324,0.10519003559602425,0.016124261339427903,3.785539209842682,1.374923050403595,0.94047143869102,0.700743431225419
285696,0.05074035283178091,0.0267216493957676,3.8179206401109695,0.6850833408534527,0.08488886430859566,0.017174696986330673,3.7321669831871986,1.5674743168056011,1.0857887603342533,0.6751967519521713
286720,0.06683751262607984,0.028643869736697525,3.810973070561886,0.7727352920919657,0.11694708094000816,0.016505677544046193,3.7734614834189415,1.3878075703978539,0.9138292809948325,0.6170096453279257
287744,0.06269914723816328,0.02733281470136717,3.4779661670327187,0.5139028644189239,0.10436673444928601,0.017852910124929622,3.2712262123823166,0.9392159413546324,1.0329191284254193,0.9247758071869612
288768,0.05530062533216551,0.03451390715781599,3.8510898649692535,0.7407079031690955,0.08947208622703329,0.0164022391254548,3.746759057044983,1.2795213218778372,0.8433570126071572,0.8447005860507488
289792,0.04093661799561232,0.0350312240771018,3.8911766409873962,0.8263676501810551,0.0765280065825209,0.025738853437360376,3.771247059106827,1.4159568417817354,0.939065482467413,0.9755998440086842
290816,0.07596521632513031,0.030505334376357496,3.80701295286417,0.7528697140514851,0.14961959654465318,0.01649119218927808,3.8505434915423393,1.6265715584158897,0.6638273149728775,0.5721074929460883
291840,0.054966417606920004,0.03604901203652844,3.661860540509224,0.6254336759448051,0.09882835351163521,0.0206242524436675,3.8138846307992935,1.4103619828820229,0.7962541868910193,0.6254129791632295
292864,0.07161639197147451,0.04134605370927602,3.805882766842842,0.7152277287095785,0.10482138258521445,0.02854380913777277,3.504998840391636,1.1349710933864117,0.9811809780076146,0.8583274753764272
293888,0.05633896100334823,0.0338155081262812,3.817078173160553,0.6646019592881203,0.08825959218665957,0.016225748200668022,3.6308900639414787,1.3890757709741592,0.8702336763963103,0.6809834884479642
294912,0.054942562885116786,0.025049373798538,3.7718463987112045,0.640195332467556,0.09252875961828977,0.0185812211711891,3.7633851766586304,1.408586461097002,0.7798206759616733,0.8152238773182034
295936,0.04959996239631437,0.029884896997828037,3.736199304461479,0.6715352218598127,0.07794637439656071,0.016308993217535317,3.3831768482923508,1.131049755960703,0.8215825548395514,0.8907840140163898
296960,0.07524774072226137,0.033885994052980095,3.67380428314209,0.6988299079239368,0.1282983256969601,0.025896410224959254,3.513804316520691,1.1167123690247536,0.856638228520751,1.0515688955783844
297984,0.054785184998763725,0.027886524854693562,3.724846638739109,0.731415431946516,0.07832830486586317,0.01820875608245842,3.8061657026410103,1.3422754611819983,0.8063482586294413,1.0548821296542883
299008,0.06937389614176936,0.03318388242041692,3.8182103112339973,0.7281337212771177,0.10640172485727817,0.014445673674345016,3.528075136244297,1.2041244078427553,0.9062250964343548,0.7526108184829354
300032,0.07997706590685993,0.026212074793875217,3.9014772325754166,0.8390283975750208,0.05631720655946992,0.018326976569369435,3.011672079563141,0.9767822101712227,0.6063000373542309,1.0070866458117962
301056,0.057369005924556404,0.043158345273695886,3.8770792558789253,0.7936287466436625,0.06621216662460938,0.0273683643899858,3.756342627108097,1.4916811846196651,0.7626114077866077,0.9452681569382548
302080,0.052937529486371204,0.04019903828157112,3.6641254648566246,0.5970938736572862,0.1427256902679801,0.026704757648985833,3.7432494163513184,1.2194040548056364,0.985992781817913,1.6085359193384647
303104,0.05302489540190436,0.04197132063563913,3.8109370097517967,0.6835486032068729,0.10989880393026397,0.02784867718582973,3.7796239033341408,1.6204519122838974,0.98390849865973,1.0037281084805727
304128,0.06618996420002077,0.03752595960395411,3.6729456409811974,0.6285386551171541,0.11751222668681294,0.01544797225506045,3.4366011917591095,1.2541503086686134,0.9341768082231283,0.9410980669781566
305152,0.0804645557072945,0.05693190812598914,3.775927536189556,0.6968064215034246,0.1289964858442545,0.03168501699110493,3.4529691264033318,1.0729375593364239,0.7425079140812159,0.8325698086991906
306176,0.06565698538906872,0.04233862576074898,3.6826275140047073,0.6248877923935652,0.10414703411515802,0.01942767691798508,3.512639082968235,1.1573787555098534,0.6709304386749864,0.7719846498221159
307200,0.05015577525773551,0.026682407391490415,3.7588978931307793,0.6483157817274332,0.09634780447231606,0.015136782021727413,3.843699909746647,1.4372024349868298,0.684428813867271,0.7370457854121923
308224,0.05835426380508579,0.01818544158595614,3.820493407547474,0.6926173996180296,0.15515578957274556,0.013259503830340691,3.845034673810005,1.3334322571754456,0.7059284336864948,0.8556145252659917
309248,0.07553418961470015,0.024308168969582766,3.6837423890829086,0.6400461960583925,0.09569070301949978,0.016116476006573066,3.919916182756424,1.2809257507324219,0.775157218798995,1.075302118435502
310272,0.06092222279403359,0.03262762259691954,3.71791722625494,0.6678770408034325,0.09023169035208412,0.012749811270623468,3.966137431561947,1.4667482450604439,0.8620101176202297,0.6920009590685368
311296,0.06859064375748858,0.03069959580898285,3.827457845211029,0.7235270831733942,0.13037847611121833,0.024523502943338826,3.896665081381798,1.392384123057127,0.8277146108448505,0.6509295646101236
312320,0.04306282493053004,0.024494610319379717,3.9586246237158775,0.9094525277614594,0.0716808681609109,0.027275263681076467,3.5622898787260056,1.0613070596009493,0.7456058748066425,0.9463155381381512
313344,0.06594046211102977,0.024961246352177113,3.9489885345101357,0.7884831484407187,0.10453648358816281,0.016904038639040664,3.919568881392479,1.642253365367651,1.0694947559386492,0.9341336330398917
314368,0.06393390882294625,0.02946336066816002,3.7479835972189903,0.6457257438451052,0.14134274248499423,0.017913767020218074,3.8884386345744133,1.4765039421617985,0.8069416796788573,0.7311221500858665
315392,0.0669218637922313,0.02941328997258097,3.8149662390351295,0.7189797461032867,0.09347440936835483,0.027196951094083488,3.9319208711385727,1.4343933388590813,0.7786192316561937,0.8133843326941133
316416,0.08185566228348762,0.02282837446546182,3.812688633799553,0.7386237718164921,0.0788602078682743,0.016793681628769264,3.8080621659755707,1.4765842035412788,0.6660516886040568,0.8891485650092363
317440,0.09646241727750748,0.019488164398353547,4.06409814953804,0.8795249797403812,0.08863523870240897,0.017970270477235317,3.549587659537792,1.055412182584405,0.8349853903055191,0.947463920339942
318464,0.047575730888638645,0.03556316182948649,4.105318084359169,1.037313362583518,0.07457726763095707,0.02533833251800388,3.9264237135648727,1.6312422789633274,0.7104201996698976,0.8799785133451223
319488,0.058405000308994204,0.050307013327255845,3.8667436465620995,0.8573834113776684,0.08461647157673724,0.03224211005726829,3.739551320672035,1.553359616547823,0.8621742129325867,0.8393999133259058
320512,0.07838770482339896,0.04645915067521855,3.9031713530421257,0.9032320491969585,0.1027949308627285,0.030863829131703824,3.851174145936966,1.4559657871723175,0.8660651203244925,0.9771446064114571
321536,0.03671032095735427,0.040106872271280736,3.7826185524463654,0.7888150941580534,0.10570030758390203,0.02191118084010668,3.9186689630150795,1.5023780949413776,0.9751215241849422,0.8421414401382208
322560,0.06238383977324702,0.0368764060549438,3.8481355234980583,0.9457384366542101,0.11829528689850122,0.020449326082598418,3.8157260715961456,1.2862950041890144,1.207366133108735,0.7786562852561474
323584,0.06925477617187425,0.0440133138326928,3.944862686097622,1.0326117109507322,0.0930953597126063,0.02585803109104745,3.8281575217843056,1.666357584297657,0.8734301459044218,0.8254426000639796
324608,0.051276592843350954,0.029308397497516125,3.7435761466622353,0.8393308613449335,0.11439270271512214,0.015437206922797486,3.574978969991207,1.535525979474187,0.99019037745893,0.8342410521581769
325632,0.05646116903517395,0.0458311156835407,3.8271256387233734,0.7344714142382145,0.09732624248135835,0.024462470057187602,3.6964369639754295,1.5549944154918194,1.1884447131305933,0.8719479646533728
326656,0.05297564450302161,0.053306726389564574,3.647731050848961,0.6445700600743294,0.07803153392160311,0.036653590854257345,3.579681821167469,1.2792630679905415,1.1270592901855707,0.9388728057965636
327680,0.06093985654297285,0.03776791278505698,3.804708570241928,0.6966965347528458,0.11744039680343121,0.02659319736994803,3.4292768761515617,1.072602242231369,1.0895863380283117,0.7095532827079296
328704,0.061608863645233214,0.04431191016919911,3.94683126360178,0.8635872434824705,0.07931948284385726,0.02925954741658643,3.3796216249465942,1.0135569386184216,1.0169915109872818,0.8570531774312258
329728,0.04657498614687938,0.029369075724389404,3.7561646327376366,0.7444930076599121,0.09405817574588582,0.022616441157879308,3.6176927536726,1.1823864877223969,0.8505590930581093,0.778565569780767
330752,0.05841269815573469,0.036073349067009985,3.8209727481007576,0.7546430267393589,0.08474166633095592,0.02357166027650237,3.7129289507865906,1.394804198294878,1.1392879327759147,0.8769947905093431
331776,0.06230135037912987,0.05587024800479412,3.7690230160951614,0.7077311147004366,0.0999004419427365,0.030810827913228422,3.910720907151699,1.6835347637534142,0.9675218593329191,0.8502359306439757
332800,0.05662229817244224,0.017785820527933538,3.714265838265419,0.5771594997495413,0.12040282820817083,0.012441351602319628,3.7188332229852676,1.6122984252870083,0.8898499514907598,0.9536057589575648
333824,0.05837676877854392,0.061228729668073356,3.7614121586084366,0.7169873155653477,0.06918022234458476,0.03232166217640042,3.5621433034539223,1.4087454788386822,1.1860808804631233,0.9895428419113159
334848,0.07312069740146399,0.03811697586206719,3.6476795971393585,0.5987436436116695,0.14127347874455154,0.018605284596560523,3.62807746976614,1.3133625350892544,0.967436520382762,0.7976493127644062
335872,0.06210660678334534,0.02664332394488156,3.542633630335331,0.5332307843491435,0.1285874565364793,0.025176814233418554,3.711707152426243,1.3403849694877863,1.0034066941589117,0.8970440560951829
336896,0.0590121230634395,0.03057276480831206,3.9501460194587708,0.8642913829535246,0.12153967458289117,0.02230089725344442,3.976422004401684,1.6627531722187996,0.9180250689387321,0.7900061337277293
337920,0.06728341479902156,0.03529151657130569,3.9752776250243187,0.9942238666117191,0.13518431864213198,0.02875604131259024,4.135089233517647,1.5062642805278301,1.0605506338179111,1.2244706768542528
338944,0.06037390953861177,0.02397874474991113,3.683557778596878,0.6038052849471569,0.11124898691195995,0.014283036289270967,3.8541855812072754,1.4435705803334713,0.9358112942427397,0.6744223106652498
339968,0.058842419879511,0.024304854799993336,3.6543020009994507,0.5938781313598156,0.10266194143332541,0.0159515669074608,3.773927390575409,1.2423068936914206,0.8284479612484574,0.8381560612469912
340992,0.06563403096515685,0.02221534922136925,3.9935713410377502,0.8602219577878714,0.12169403664302081,0.020948221703292802,3.865222916007042,1.4565207306295633,0.6940494393929839,0.8863686509430408
342016,0.05752611591015011,0.030718786641955376,3.6774594634771347,0.6462986245751381,0.11295825647539459,0.02166422037407756,3.694511093199253,1.2265673652291298,0.9299120232462883,0.7740764375776052
343040,0.0733561865054071,0.039236684096977115,3.675924926996231,0.6527070328593254,0.14752013701945543,0.030674064706545323,3.871976613998413,1.2780128084123135,0.7325295899063349,0.7438006587326527
344064,0.06450146913994104,0.03571667236974463,3.8805034458637238,0.7943470925092697,0.10297843007720076,0.02437885943800211,3.713742472231388,1.235237155109644,0.8408845141530037,0.9328368473798037
345088,0.04334427637513727,0.049877420999109745,3.76157246530056,0.713935250416398,0.10056363639887422,0.03827187645947561,3.8871284052729607,1.6346770785748959,0.9727680813521147,0.7919705798849463
346112,0.0701078849087935,0.03333851310890168,3.672679051756859,0.6745825298130512,0.13574734015855938,0.02226792901637964,3.654055416584015,1.2244990728795528,0.7524307304993272,0.7646846733987331
347136,0.06158562522614375,0.03387300617760047,3.7340166121721268,0.6413490734994411,0.09348252054769546,0.02465102114365436,3.776746541261673,1.365494679659605,0.7046869229525328,0.7611402831971645
348160,0.05816078980569728,0.03460762480972335,3.765400394797325,0.6564533077180386,0.1077910938183777,0.019275762868346646,3.619700141251087,1.2482527773827314,0.9614041745662689,0.9265563450753689
349184,0.04122952604666352,0.032716850691940635,3.52121389657259,0.48806155379861593,0.12476448155939579,0.017822443740442395,3.7956629171967506,1.402711108326912,0.9188212119042873,0.9520650003105402
350208,0.051791308680549264,0.03232052264502272,3.713348776102066,0.7287564985454082,0.11042411986272782,0.026875321986153722,3.679547779262066,1.2661218158900738,0.7474719667807221,0.9634596118703485
351232,0.066651662113145,0.019709639193024486,3.7733714133501053,0.6134923994541168,0.10460928600514308,0.017211510305060074,3.201382339000702,0.9185021743178368,0.7638413785025477,0.9337105294689536
352256,0.05759336278424598,0.04119499586522579,3.868043303489685,0.7394982818514109,0.12793910212349147,0.023849622084526345,4.15487489849329,1.8932306915521622,0.868686942383647,0.7270737998187542
353280,0.06977803792688064,0.03748568502487615,3.927579917013645,0.8520502187311649,0.11684028699528426,0.02436130354180932,4.007790170609951,1.71492388099432,1.0599346868693829,0.8971852995455265
354304,0.049313156196149066,0.04248082282720134,3.708520472049713,0.6523264646530151,0.10070867009926587,0.026745100156404078,3.6610926911234856,1.160370383411646,0.9447210999205709,0.9932848587632179
355328,0.06822217992157675,0.014629774435888976,4.013745717704296,0.8145632892847061,0.11154248738603201,0.009279219011659734,3.769783839583397,1.394638353958726,0.9596082521602511,0.7769167730584741
356352,0.06918928091181442,0.02856868552044034,3.777408979833126,0.7284093741327524,0.09006241959286854,0.010042903973953798,3.2156964391469955,1.031332964077592,1.0507735395804048,0.9264855021610856
357376,0.06620594614651054,0.03269334591459483,3.8316703885793686,0.7481023017317057,0.07312651997199282,0.020143977220868692,3.446142829954624,1.1551768332719803,0.893786427564919,0.920585261657834
358400,0.0694794505398022,0.03518583480035886,3.7802812606096268,0.689481507986784,0.09803476359229535,0.019436797098023817,3.8117004558444023,1.4956124424934387,0.6177733084186912,0.6710284249857068
359424,0.06680080571095459,0.03961694333702326,3.5059171840548515,0.5458941990509629,0.1083860766957514,0.016330419632140547,3.776236355304718,1.2337529882788658,0.8320899810642004,0.8267478225752711
360448,0.0414961609931197,0.07511919364333153,3.7050735875964165,0.7292017247527838,0.08302012184867635,0.04505101084941998,3.6902031749486923,1.3521036393940449,0.9165705880150199,1.0812665466219187
361472,0.04808091353334021,0.05832982552237809,3.725255310535431,0.7028956767171621,0.13274598331190646,0.031795414455700666,3.9314041286706924,1.7110095918178558,0.8849655045196414,0.8824812127277255
362496,0.0737703557824716,0.04987881751731038,3.674372725188732,0.6652138736099005,0.09042121784295887,0.028478848398663104,3.579136624932289,1.329390276223421,0.9956294680014253,0.7902272026985884
363520,0.05036107337218709,0.07026935252361,3.673067256808281,0.7549967486411333,0.12053257069783285,0.032940470962785184,3.72925978153944,1.1506673097610474,0.6713099638000131,0.8557639261707664
364544,0.06938025829731487,0.05588667618576437,3.75067737698555,0.6979281306266785,0.0959385463502258,0.029078854946419597,3.668846972286701,1.3145743273198605,0.8971061427146196,1.027021884918213
365568,0.06359519544639625,0.029680241597816348,3.966930642724037,0.7744374852627516,0.13000232918420807,0.01251895321183838,3.8640992119908333,1.582825630903244,0.6090323943644762,0.8085296396166086
366592,0.06555442789976951,0.05372730630915612,3.792832501232624,0.7357783783227205,0.1597012528218329,0.025554769206792116,4.07242925465107,1.765593871474266,0.9187118224799633,0.6224783658981323
367616,0.05241918144747615,0.042622946202754974,3.6795936077833176,0.6247227629646659,0.11080349271651357,0.027097088284790516,3.6910208612680435,1.1019402015954256,0.6849128631874919,0.7945442805066705
368640,0.0587580778519623,0.06049885775428265,3.804148390889168,0.6977933179587126,0.12326639352249913,0.026043057499919087,3.8023583739995956,1.2657217532396317,0.6633202936500311,0.7783178109675646
369664,0.06301358123891987,0.06381312455050647,3.6456918194890022,0.5624346006661654,0.11629622080363333,0.03183547972002998,3.599657118320465,1.1510314047336578,0.930597135797143,0.6613025618717074
370688,0.052062736242078245,0.058307639439590275,3.611958682537079,0.5727885235100985,0.0603848896571435,0.0409216646803543,3.6887870505452156,1.2450039312243462,0.988799300044775,1.0056266579777002
371712,0.04641041054856032,0.029158156539779156,3.7719351574778557,0.6898373290896416,0.11624572344589978,0.020160227199085057,3.7298026084899902,1.2586617358028889,0.823313788510859,0.9913330785930157
372736,0.07845679839374498,0.04486642929259688,3.7392401173710823,0.660884901881218,0.13494198000989854,0.03080677631078288,3.6213598176836967,1.1438644491136074,0.741900728084147,0.8885039445012808
373760,0.06222501306910999,0.026301223610062152,3.663276471197605,0.6052747871726751,0.09374655247665942,0.01837854617042467,3.419376954436302,1.1217718664556742,0.7029090169817209,1.0160493003204465
374784,0.04795978614129126,0.030212958925403655,3.7297517731785774,0.6615029033273458,0.097306638432201,0.019313701835926622,3.4900422543287277,1.0582177601754665,1.0048318803310394,1.0080564077943563
375808,0.0482071445294423,0.013196099840570241,3.8274136036634445,0.6719110570847988,0.051520431094104424,0.008984331929241307,3.4561629220843315,1.3732214532792568,0.8089253520593047,0.8700080588459969
376832,0.07127297949045897,0.02645050291903317,3.7389978915452957,0.7132071983069181,0.12333047890570015,0.023104893101844937,3.5762313082814217,1.2190792188048363,0.6719041578471661,0.9257344417273998
377856,0.06845954700838774,0.020327539590653032,3.887538157403469,0.7418508008122444,0.11566726269666106,0.010819648479809985,3.919318310916424,1.367392398416996,0.633803335018456,1.0607794132083654
378880,0.06328648584894836,0.03086615540087223,3.732206203043461,0.7259155530482531,0.09235895244637504,0.016818668198538944,3.7451374158263206,1.3641573674976826,0.789627231657505,0.7928937850520015
379904,0.05333139083813876,0.025591743527911603,3.6921808943152428,0.6094264518469572,0.12106229679193348,0.017623126681428403,3.726025775074959,1.3531559389084578,0.7196215931326151,0.7907579019665718
380928,0.062205745780374855,0.029892224294599146,3.9863061606884003,0.8298604376614094,0.09789472725242376,0.01696515519870445,3.9293361455202103,1.6400223039090633,0.8212265903130174,0.8057316998019814
381952,0.049609722569584846,0.023842292954213917,3.837478294968605,0.7672562934458256,0.09251641630544327,0.016350741556379944,3.749594025313854,1.6226880811154842,0.9676558896899223,0.9830349637195468
382976,0.07325466391921509,0.033876661444082856,3.8564634770154953,0.7934330999851227,0.17701587127521634,0.025735893403179944,4.067951291799545,1.7881309166550636,0.709561737254262,0.862440506927669
384000,0.05074485109071247,0.03188607207266614,3.641348846256733,0.6347766723483801,0.11461814132053405,0.018143451976357028,3.919193759560585,1.4069725275039673,0.8002653196454048,0.9593293480575085
385024,0.07141223852522671,0.04029423324391246,3.6218128725886345,0.6299347393214703,0.14542788011021912,0.015471997670829296,3.8777936324477196,1.431271430104971,0.9476099517196417,0.9651481667533517
386048,0.04311552947910968,0.037645965232513845,3.732851520180702,0.6732893250882626,0.09632674706517719,0.03115809621522203,3.912918671965599,1.5009077116847038,0.9696828667074442,0.7204986670985818
387072,0.05731562402797863,0.051038817036896944,3.4027554765343666,0.5457748537883162,0.15013270475901663,0.0256148818298243,3.567642018198967,1.0776654370129108,1.2954376246780157,0.9963371902704239
388096,0.044994340161792934,0.0414508186513558,3.833482876420021,0.7333627715706825,0.10338525267434306,0.02260333811864257,3.9960085600614548,1.5580604411661625,1.1501008234918118,0.8129011299461126
389120,0.08362531039165333,0.03607638995163143,3.703202322125435,0.6695115771144629,0.19758571707643569,0.029458605975378305,4.100649081170559,1.8639686480164528,0.9546402152627707,0.7115222690626979
390144,0.05311331237317063,0.04138847370631993,3.782872512936592,0.7379192039370537,0.1090849278261885,0.02099278854439035,3.716887556016445,1.4102393351495266,0.995926701463759,0.8173611788079143
391168,0.03840434618177824,0.031031577032990754,3.8073377534747124,0.7437827233225107,0.09769611651427113,0.01969192936667241,3.816695660352707,1.3616309501230717,0.8679340425878763,0.8757088119164109
392192,0.05761654151137918,0.0368273466010578,3.574185937643051,0.6000524368137121,0.12135422948631458,0.02259285163017921,3.605891704559326,1.2114891409873962,0.7953412989154458,0.9996374528855085
393216,0.049847836897242814,0.02730176947079599,3.8654294088482857,0.832434881478548,0.11116981884697452,0.014845753961708397,3.8109296709299088,1.316765770316124,0.7626373264938593,0.8062174376100302
394240,0.04714019052335061,0.02492497587809339,3.693766549229622,0.6363289160653949,0.10685888020088896,0.015875883371336386,4.006110280752182,1.5277696195989847,0.909181060269475,0.7778371572494507
395264,0.03510647288931068,0.04846512584481388,3.8880952447652817,0.7971227243542671,0.10199090675450861,0.022601471951929852,3.8963224589824677,1.7615660093724728,0.9009226746857166,1.0385784097015858
396288,0.05550625320756808,0.02982209314359352,3.835838697850704,0.7217272445559502,0.0936445576371625,0.019110090099275112,3.622347429394722,1.2262294981628656,1.0925975674763322,0.8761113965883851
397312,0.03241688638809137,0.04380862903781235,3.620054669678211,0.5589965963736176,0.07918285366031341,0.027316863124724478,3.511757142841816,1.4871996529400349,1.2836540546268225,1.0819961074739695
398336,0.07170718174893409,0.06205704517196864,3.7694208547472954,0.6858556140214205,0.11604245490161702,0.02705862413858995,3.8640172705054283,1.925713850185275,0.9568453133106232,0.8021667711436749
399360,0.06547048629727215,0.03399238234851509,3.72582296282053,0.624053617939353,0.15889330569189042,0.013673018373083323,4.017690181732178,1.8948805630207062,0.9239245681092143,0.6384249525144696
400384,0.056452176853781566,0.02629599190549925,3.674052156507969,0.6144059728831053,0.10532242810586467,0.015519819920882583,3.820980317890644,1.4051992371678352,0.9481552103534341,0.7827196540310979
401408,0.061789175029844046,0.03925561910727993,3.805517517030239,0.7044093869626522,0.12204858293989673,0.02422880061203614,3.7178251817822456,1.503983061760664,0.6285591199994087,0.9709706325083971
402432,0.053076255062478594,0.035093690908979625,3.75478083640337,0.6322425398975611,0.12045997194945812,0.022380046342732385,3.7987165674567223,1.414952490478754,0.9127699732780457,1.0971061838790774
403456,0.058045149431563914,0.03198235103627667,3.7697989270091057,0.6497961636632681,0.10427634022198617,0.020143173838732764,3.8415667563676834,1.4567716643214226,0.8255148082971573,0.7414980875328183
404480,0.03752053609787254,0.03672035638010129,3.905539944767952,0.795221596956253,0.10414627892896533,0.022539709432749078,4.085803382098675,1.9250106625258923,0.5963845243677497,0.950328104197979
405504,0.07217420573579147,0.046037739783059806,3.8938007056713104,0.8086557444185019,0.06646147888386622,0.022829448367701843,3.633179932832718,1.4626058116555214,0.7716351207345724,0.8309657024219632
406528,0.05659402551827952,0.04056699329521507,3.7896967083215714,0.6894896645098925,0.129842706839554,0.029735263728071004,3.892125964164734,1.6261409297585487,1.2242899183183908,0.8857806045562029
407552,0.04514592795749195,0.02655767439864576,3.801667235791683,0.7596441973000765,0.10409395777969621,0.02087490208214149,3.8802273720502853,1.3571245204657316,0.8160114837810397,0.9873473513871431
408576,0.05672263412270695,0.03802664938848466,3.7264188677072525,0.6612251754850149,0.1188965522160288,0.015211317833745852,3.6163877993822098,1.2362006567418575,0.9132051905617118,0.8132344046607614
409600,0.051924857587437145,0.05010805546771735,3.70842394977808,0.6117777563631535,0.11532617348711938,0.017719859664794058,3.6644488871097565,1.2219309955835342,0.9373224191367626,0.9736859016120434
410624,0.036018600934767164,0.032491391233634204,3.7298004776239395,0.7720415983349085,0.08849369361996651,0.020789443515241146,3.790753997862339,1.4210597705096006,0.8079510368406773,0.8236023457720876
411648,0.0862533591571264,0.05120915709994733,3.8062840327620506,0.7575692255049944,0.05829181690933183,0.031234627414960414,3.885887496173382,1.4647178761661053,1.0207976810634136,0.9776979191228747
412672,0.06046127970330417,0.03227333980612457,3.8682300224900246,0.7609560266137123,0.07067593617830426,0.029476556286681443,3.9343359917402267,1.8725857064127922,0.7051787357777357,0.8389936108142138
413696,0.07540398353012279,0.024895402078982443,3.68210157006979,0.6808244604617357,0.16260894888546318,0.01896491486695595,3.9613488167524338,1.683101810514927,0.8091338081285357,1.2268755175173283
414720,0.06397000403376296,0.021325888257706538,3.806647904217243,0.7710771299898624,0.06504654505988583,0.016772595379734412,3.668827809393406,1.3659205585718155,0.7192860152572393,0.8419619053602219
415744,0.06284006338682957,0.03401110589038581,3.9331577494740486,0.7498781848698854,0.05235073162475601,0.01792074672994204,3.8521042615175247,1.8248507529497147,1.0419297590851784,0.735969309695065
416768,0.06353083418798633,0.03792823769617826,3.7879707515239716,0.7969348803162575,0.06996324282954447,0.02823373762657866,3.7001838758587837,1.9873048476874828,0.7989676846191287,0.923454387113452
417792,0.033132512427982874,0.03710135584697127,3.8563751876354218,0.8007853124290705,0.09760201326571405,0.027684176398906857,3.7033019959926605,1.4384613148868084,0.9021802544593811,1.1211349498480558
418816,0.08087980933487415,0.03473157837288454,3.8326274380087852,0.7885026764124632,0.10842643459909596,0.026797715458087623,3.592064194381237,1.3173683658242226,0.7658567503094673,0.7516266545280814
419840,0.05849124101223424,0.04414911399362609,3.7669650241732597,0.6795380711555481,0.08780743020179216,0.024287739244755358,3.714345410466194,1.4235722571611404,0.7830148907378316,0.7084496635943651
420864,0.07070620550075546,0.027738123724702746,3.814202629029751,0.7110544443130493,0.08621021726867184,0.016898493748158216,3.7958823516964912,1.707655269652605,0.9645129684358835,0.8287922395393252
421888,0.07977510918863118,0.05225758871529251,3.7463094666600227,0.6203099396079779,0.12805358658079058,0.020805751293664798,3.636349603533745,1.3517038486897945,1.8826872948557138,1.0527328113093972
422912,0.037448192335432395,0.03318550280528143,3.610612653195858,0.5325160603970289,0.08912556245923042,0.01969068159814924,3.878696322441101,2.003426268696785,0.970017559826374,1.0310409367084503
423936,0.06617287325207144,0.031570229155477136,3.931667536497116,0.770712573081255,0.09559156256727874,0.02333289908710867,4.0394560396671295,1.8630472049117088,0.8585309255868196,1.1178643433377147
424960,0.04468143789563328,0.04354379960568622,3.7653797790408134,0.7370563019067049,0.0911180682014674,0.038290563330519944,3.852121628820896,1.4679017886519432,1.0180826485157013,1.0073535554111004
425984,0.049023486106307246,0.03486235119635239,4.017828032374382,0.9648467190563679,0.09675245522521436,0.021964352228678763,4.001567982137203,1.8361122123897076,0.7826105859130621,1.0080551654100418
427008,0.0672797774313949,0.029393906181212515,3.7689905613660812,0.8007826618850231,0.1674526373972185,0.021991194924339652,3.8390354439616203,1.6694756373763084,0.909104872494936,0.7817000057548285
428032,0.05664216945297085,0.03089747071499005,3.5778491720557213,0.6852344982326031,0.10381315514678136,0.018709504685830325,3.637500338256359,1.3294329959899187,1.138305351138115,0.853470541536808
429056,0.0530848182097543,0.02619125647470355,3.6659764796495438,0.5784607920795679,0.12858217325992882,0.016173271258594468,3.71709655970335,1.422948271036148,0.9069757303223014,0.8081770250573754
430080,0.05311915650963783,0.02607412845827639,3.6601167395710945,0.561774555593729,0.09044751920737326,0.020802697981707752,3.545816659927368,1.1901233363896608,1.131514210253954,0.9230763716623187
431104,0.04223241814179346,0.04981177736772224,3.622709184885025,0.5749270301312208,0.09730116036371328,0.032757843437138945,3.7225165590643883,1.4440420046448708,0.8704604003578424,1.1641440447419882
432128,0.05716732985456474,0.05872824660036713,3.893311396241188,0.7722963094711304,0.13057474442757666,0.02237809810321778,3.997637316584587,1.77366079762578,0.8803945649415255,0.816142943687737
433152,0.061607473995536566,0.025829095509834588,3.9165827855467796,0.7358370032161474,0.06922980173840187,0.019038837403059006,3.8172156885266304,1.7365088388323784,0.8589209150522947,0.8556638602167368
434176,0.05653476498264354,0.04322711919667199,3.7683643475174904,0.7315452229231596,0.10500146803678945,0.03978849382838234,3.740717999637127,1.56733088940382,0.802137328311801,1.0267071090638638
435200,0.04478304978692904,0.0545247484697029,3.582981586456299,0.5875352341681719,0.11830477410694584,0.031831165542826056,4.005061097443104,1.6489966847002506,0.8933190926909447,0.9056967068463564
436224,0.09607247519306839,0.028898331336677074,3.795780174434185,0.6868225634098053,0.14714413339970633,0.016087251700810157,3.70842382311821,1.376364629715681,1.1287312172353268,0.9673521742224693
437248,0.08096448934520595,0.026302955317078158,3.713366150856018,0.6363489609211683,0.11439513403456658,0.012542909229523502,3.6689146161079407,1.2012661900371313,1.3816557005047798,1.2864530552178621
438272,0.039212377392686903,0.029921953391749412,3.874531537294388,0.6940329354256392,0.05588954986887984,0.022452366509241983,3.885925404727459,1.7696875929832458,0.8396011767908931,1.0782856438308954
439296,0.059197385315201245,0.03937481052707881,3.997396595776081,0.968033067882061,0.11871810513548553,0.031094239908270538,3.638387642800808,1.303035944700241,0.6849552663043141,0.9551059156656265
440320,0.06014893724932335,0.037969922937918454,3.9074030220508575,0.7711391132324934,0.06173217052128166,0.014888403689838015,3.840709999203682,2.082475297152996,0.8044692259281874,1.0232870336622
441344,0.08361929142847657,0.09844827651977539,3.5541405379772186,0.5995090752840042,0.15902480436488986,0.028065756196156144,3.810942158102989,1.4844666719436646,0.9472228605300188,0.843304805457592
442368,0.042136249685427174,0.06887055281549692,3.550975427031517,0.564295832067728,0.09742684045340866,0.024201404710765928,3.759095251560211,1.1789703238755465,1.3630422428250313,1.0933393687009811
443392,0.02466537049622275,0.07868304883595556,3.800030380487442,0.7639973368495703,0.04485800117254257,0.03238300568773411,3.817456938326359,1.7639335691928864,1.1371820010244846,1.090871961787343
444416,0.05901402061863337,0.049678244278766215,3.871712453663349,0.8314599506556988,0.13094886066392064,0.024631616834085435,3.9422149658203125,1.9369492754340172,0.8213013550266623,0.8474300187081099
445440,0.05086543594370596,0.04451252135913819,3.6302970573306084,0.6239558570086956,0.10308886307757348,0.025441549310926348,3.6646860986948013,1.5475292056798935,1.1063915826380253,1.1953570265322924
446464,0.0722167408966925,0.06537171127274632,3.6789324805140495,0.6407385729253292,0.15593617863487452,0.030379801930394024,3.762416809797287,1.4770515337586403,1.0138914454728365,1.1599726174026728
447488,0.05398338075610809,0.042130598914809525,3.607296846807003,0.5869041197001934,0.12927629923797213,0.02449249502387829,3.3974616900086403,0.9198629576712847,1.0785228107124567,1.3424926977604628
448512,0.05844226782210171,0.05403456912608817,3.981330558657646,0.854156082496047,0.06982566701481119,0.02541186782764271,3.9787106588482857,1.7483442462980747,0.8426075372844934,0.9610655093565583
449536,0.06433488997572567,0.028214634861797094,3.781102254986763,0.6914021521806717,0.11582577398803551,0.021828097727848217,3.7516047582030296,1.5523381531238556,1.1129352198913693,1.0154295936226845
450560,0.06198458753351588,0.03283367841504514,3.6982728987932205,0.5998970381915569,0.13344372296705842,0.018130461423425004,3.5431424155831337,1.1855192221701145,0.9998681815341115,0.9771729111671448
451584,0.05490430042846128,0.03351018100511283,3.8168941885232925,0.6458132416009903,0.10757017199648544,0.015889656264334917,3.6190690249204636,1.221385806798935,0.7750842850655317,1.0386789329349995
452608,0.062186089489841834,0.032341663318220526,3.834009885787964,0.6837088875472546,0.11846295173745602,0.02321282055345364,3.78301078081131,1.2661742232739925,0.8210278712213039,0.963469922542572
453632,0.05577833185088821,0.042051450931467116,4.062332257628441,0.9493317194283009,0.07141718768980354,0.021106270636664703,3.7722999528050423,1.5923177972435951,0.9579420005902648,1.00193352997303
454656,0.07975328236352652,0.0552968739066273,3.646620437502861,0.7286279387772083,0.11209532676730305,0.026023928076028824,3.566968709230423,1.4525308832526207,1.0231501311063766,0.8710189629346132
455680,0.04837540446897037,0.03182077669771388,3.8516309931874275,0.7079865448176861,0.07763749669538811,0.01657615735894069,3.821188174188137,1.6676642708480358,0.8997123017907143,0.7848728932440281
456704,0.07945077802287415,0.048454878269694746,3.767472855746746,0.697308974340558,0.1319790801499039,0.02416784764500335,3.9319073483347893,1.9192641973495483,0.9624761426821351,0.8672654535621405
457728,0.08426791965030134,0.04980884597171098,3.5497739166021347,0.5703045073896646,0.17502173845423386,0.04141707200324163,3.945807248353958,1.4775185212492943,1.4124543629586697,1.4473936827853322
458752,0.041390492784557864,0.05413725122343749,3.7302470430731773,0.6901587285101414,0.12755913170985878,0.02661768122925423,3.8163722306489944,1.3292231410741806,1.14068110473454,1.0716737834736705
459776,0.06266953417798504,0.06358885276131332,3.761307507753372,0.7578202206641436,0.06790288916090503,0.02839546382892877,3.708924002945423,1.2709184102714062,0.9479873459786177,0.7648407481610775
460800,0.0602030206064228,0.04386455484200269,3.862135536968708,0.7841690871864557,0.058292442437959835,0.027352836274076253,3.8575432673096657,1.7787381298840046,1.0456066355109215,0.8724097004160285
461824,0.0610423574980814,0.0345185833866708,3.866052486002445,0.774403877556324,0.10958338549244218,0.01817670333548449,3.984370194375515,2.0894943177700043,0.7688527200371027,0.7547622555866838
462848,0.05325800203718245,0.026909095759037882,3.6380483880639076,0.5922963507473469,0.10832374927122146,0.014582447096472606,3.72173685580492,1.4076901152729988,0.8786900881677866,0.769126663915813
463872,0.07469604368088767,0.038254131155554205,3.6891573891043663,0.6551267392933369,0.08767235185950994,0.01762256067013368,3.511221930384636,1.3664894234389067,0.9186453064903617,0.8601122666150331
464896,0.049169792589964345,0.047559153696056455,3.706933170557022,0.5957744121551514,0.06982736819190904,0.03169511421583593,3.8699341416358948,1.7577367033809423,1.0088586024940014,1.1303831096738577
465920,0.059392147697508335,0.045398248825222254,3.7765589356422424,0.6962705589830875,0.19072496588341892,0.0437581135192886,3.9587282687425613,1.7721457108855247,0.7250667875632644,0.7238154141232371
466944,0.0624884283170104,0.0291546291555278,3.9250709414482117,0.778218237683177,0.097148202592507,0.022506336274091154,3.7766729593276978,1.1817758213728666,0.6980845546349883,0.760386441834271
467968,0.04872380621964112,0.03197713918052614,3.830646015703678,0.7449467182159424,0.0864920474414248,0.02356074980343692,3.724037915468216,1.3839958980679512,0.7698009768500924,1.010570092126727
468992,0.07232316117733717,0.05346451932564378,3.6198289021849632,0.5999600347131491,0.14425725722685456,0.031021682370919734,3.947831407189369,1.790658626705408,1.089070938527584,0.931347182020545
470016,0.058572245528921485,0.029357339488342404,3.8565757647156715,0.6774763856083155,0.11275308317271993,0.021464696183102205,3.829865761101246,1.6903956644237041,0.6463577840477228,1.0235001295804977
471040,0.048364527901867405,0.025899517349898815,3.771677553653717,0.6192106492817402,0.11699447326827794,0.01674277792335488,3.9431912526488304,1.9195280764251947,0.7677689781412482,0.8716803593561053
472064,0.05574658029945567,0.05364761222153902,3.6477917283773422,0.6360991550609469,0.15572186233475804,0.025679586920887232,3.993513487279415,1.534337542951107,0.9835460428148508,0.8471190296113491
473088,0.0627703809295781,0.036956258525606245,3.8602394685149193,0.7428520750254393,0.07047868118388578,0.024825293920002878,3.608394168317318,1.3079957272857428,0.927366609685123,1.0370131563395262
474112,0.06988175856531598,0.031246252299752086,3.8525526598095894,0.7153471782803535,0.11099302102229558,0.025858606124529615,3.637109160423279,1.2590861544013023,0.810982434079051,0.7767629493027925
475136,0.0622311329934746,0.03252075472846627,3.8307692483067513,0.6815953385084867,0.08078077412210405,0.024120804824633524,3.699915125966072,1.489430695772171,0.6413230234757066,0.7201041327789426
476160,0.05881870447774418,0.03273755725240335,3.6828067302703857,0.6234595216810703,0.10718416195595637,0.021468401537276804,3.9010839983820915,1.5573333948850632,0.8424603957682848,0.9346372988075018
477184,0.06535601074574515,0.03550981800071895,3.5803706273436546,0.5500694252550602,0.13866049936041236,0.030222254630643874,3.7167818173766136,1.3173557631671429,0.9263460794463754,1.1593064479529858
478208,0.03292557515669614,0.03927043831208721,3.91431874781847,0.7587917419150472,0.09365854726638645,0.025607163639506325,4.168699577450752,2.385129477828741,0.8622309863567352,1.0152134271338582
479232,0.09920689655700698,0.05231323488987982,3.8160358667373657,0.711000157520175,0.23518969304859638,0.03268453333294019,4.027115575969219,1.8287851810455322,0.8626396777108312,0.815241782926023
480256,0.05185409865225665,0.02804125682450831,3.9504478722810745,0.7644301746040583,0.053473229170776904,0.01696235194685869,3.874721296131611,1.5592394806444645,0.7511468920856714,0.86605822481215
481280,0.07466460618888959,0.02832261222647503,3.9019060134887695,0.7419033534824848,0.10582355206133798,0.016625298332655802,3.8178762793540955,1.5568623580038548,0.726984079927206,0.8845658516511321
482304,0.061333500838372856,0.033525252889376134,3.8147100433707237,0.6732338964939117,0.14190387207781896,0.02594438142841682,3.749304048717022,1.5429185070097446,0.7936967220157385,0.8975046342238784
483328,0.06339342860155739,0.03541528549976647,3.9612771347165108,0.7988169882446527,0.07924157835077494,0.020418017462361604,4.007187984883785,1.9953044950962067,0.8172848308458924,0.7543468065559864
484352,0.04348115202446934,0.04289119958411902,3.6409788206219673,0.6107502095401287,0.1065816490445286,0.022529529116582125,3.82236398011446,1.7726379297673702,1.1171067152172327,0.729538707062602
485376,0.05453457997646183,0.033274245739448816,3.879144087433815,0.8362960088998079,0.06455644872039557,0.022439651598688215,3.6157284304499626,1.3943736925721169,0.8267692709341645,0.8048249445855618
486400,0.0670468058087863,0.02794897649437189,3.7952779978513718,0.7473972849547863,0.14911082573235035,0.023570637626107782,3.8601792752742767,1.5616733320057392,0.937608340755105,0.6097147008404136
487424,0.06856192814302631,0.04395840800134465,3.9749211221933365,0.908973591402173,0.07973264047177508,0.030676653957925737,3.8230430334806442,1.526483692228794,0.8450487433001399,0.773201011121273
488448,0.07293017712072469,0.02497369871707633,3.6536960750818253,0.6577951405197382,0.10561982716899365,0.027788933861302212,3.5068071112036705,1.035482246428728,0.798902484588325,0.8703235350549221
489472,0.04704658829723485,0.057705628336407244,3.7014001086354256,0.7486712168902159,0.07753588573541492,0.02787740671192296,3.732010580599308,1.321927074342966,1.007443891838193,0.9341356987133622
490496,0.06156361263128929,0.028104424942284822,4.038557320833206,0.885021636262536,0.07684944593347609,0.01609830354573205,3.850046694278717,1.5252789370715618,1.0107696941122413,0.8144595818594098
491520,0.05763299760292284,0.038247221847996116,3.883701018989086,0.7250159215182066,0.09478822129312903,0.021727802697569132,3.486873395740986,1.4306931905448437,0.9000023482367396,1.0286157000809908
492544,0.0629769069928443,0.01967979478649795,3.6512807682156563,0.5881827510893345,0.16111603507306427,0.0125294775061775,3.7177581191062927,1.4014630764722824,0.9126419927924871,0.7166951838880777
493568,0.06129806279204786,0.026162681228015572,3.836091697216034,0.7086228765547276,0.09448198572499678,0.017733107903040946,3.7481725811958313,1.2937374040484428,0.9303452633321285,0.745516937226057
494592,0.07739467633655295,0.03160347405355424,3.7996255233883858,0.667925238609314,0.11224903084803373,0.020242959348252043,3.747262194752693,1.1715153641998768,0.8379586776718497,0.8178674774244428
495616,0.04838164625107311,0.050448804162442684,3.6853581815958023,0.6225452776998281,0.08312194488826208,0.029076338396407664,3.655137188732624,1.2630666624754667,0.932740418240428,0.761006873100996
496640,0.04667099111247808,0.022981517045991495,3.8367077335715294,0.7391665410250425,0.08654863282572478,0.017867589369416237,3.6588576212525368,1.272356791421771,0.9319683685898781,0.9064116552472115
497664,0.044311085919616744,0.04423771594883874,3.7208596989512444,0.7357987184077501,0.07456824430846609,0.031134778691921383,3.562026657164097,1.1619905158877373,1.03385466709733,1.012213415466249
498688,0.0650370437942911,0.01708844758104533,3.665286146104336,0.6146325767040253,0.152826061937958,0.016925721458392218,3.5675787553191185,1.1623623855412006,0.9891390334814787,0.8230984983965755
499712,0.05530499073211104,0.03835263988003135,3.8968907296657562,0.7413681205362082,0.09851699392311275,0.025147151201963425,3.854788064956665,1.3622510246932507,0.9049399625509977,0.8523004949092865
500736,0.06321469652175438,0.03477574628777802,3.7736854255199432,0.667417736724019,0.09810644009849057,0.02330241649178788,3.46713574975729,1.0600876938551664,0.7543223826214671,0.6975828092545271
501760,0.04679092549486086,0.03335284086642787,3.833528384566307,0.7137368433177471,0.08436452367459424,0.023752654873533174,3.8223255202174187,1.4363062717020512,1.0057663014158607,0.6596434833481908
502784,0.06140040507307276,0.032563332351855934,3.732738435268402,0.6311508640646935,0.11175327957607806,0.018717916536843404,3.564788080751896,1.389868538826704,0.7964380504563451,0.6719387723132968
503808,0.072898836035165,0.04597228346392512,3.6085183173418045,0.5744691286236048,0.11711591097991914,0.025685333384899423,3.5829341113567352,1.1453270055353642,0.8492240067571402,0.7236375929787755
504832,0.04942180946818553,0.03126239089760929,3.754908010363579,0.5998735688626766,0.09335112734697759,0.019295489852083847,3.873600944876671,1.544070914387703,0.6665087295696139,0.7535037230700254
505856,0.05183119067805819,0.02347956912126392,3.663066156208515,0.5513305906206369,0.18133405153639615,0.014425453613512218,3.8292590752243996,1.4465825781226158,0.7357196938246489,1.0487396027892828
506880,0.035527479252777994,0.06284136686008424,3.862554855644703,0.8306904304772615,0.07097844412783161,0.04622637282591313,3.835768848657608,1.4893395453691483,1.235968705266714,0.9960435070097446
507904,0.048036981926998124,0.0465910651255399,3.896578796207905,0.8812175411731005,0.0892152133747004,0.02655004692496732,3.8345695808529854,1.7000277787446976,1.1984521187841892,0.7521996954455972
508928,0.07547494035679847,0.04343328269897029,3.7934291809797287,0.7693137917667627,0.1616457737982273,0.027963830449152738,3.727931261062622,1.3952515348792076,0.8361455090343952,0.711226343177259
509952,0.06168092245934531,0.029306087060831487,3.7253031954169273,0.6316617596894503,0.08446183160413057,0.0260356641956605,3.54288811981678,1.0796563997864723,1.0507428124547005,0.8769862586632371
510976,0.05412986263399944,0.023517188034020364,3.894726663827896,0.7072619218379259,0.09550890669925138,0.01516885738237761,3.8023025691509247,1.4428879283368587,0.7654979303479195,0.7375257816165686
512000,0.04247879957256373,0.021810908685438335,3.933911010622978,0.8754404317587614,0.05265502675320022,0.014450560585828498,3.75183442234993,1.5377594269812107,0.8534867297858,0.7330910880118608
513024,0.061091199691873044,0.032853924261871725,3.6222974956035614,0.5969549398869276,0.13105426187394187,0.02369307359913364,3.4772087559103966,1.3093028292059898,1.0631870292127132,1.087491654790938
514048,0.046454568015178666,0.03231920674443245,3.8221315443515778,0.873567895963788,0.0628719404921867,0.0238501951971557,3.6254781633615494,1.7138407882303,0.8192092580720782,0.7283079829066992
515072,0.09820563439279795,0.0848302396479994,3.6635668128728867,0.7181963883340359,0.1976811159402132,0.0426826182520017,3.8668414279818535,1.5806548073887825,1.1026906035840511,0.9538956768810749
516096,0.06094160958309658,0.030512180645018816,4.030819892883301,0.9003377333283424,0.06305082733160816,0.02090866505750455,3.921288773417473,1.3614167030900717,0.7469010492786765,0.8053849004209042
517120,0.06844248360721394,0.03036628884728998,3.8073076009750366,0.6714307703077793,0.10097261273767799,0.021343067259294912,4.106824137270451,1.7271024025976658,0.7701826188713312,0.7799200648441911
518144,0.08037325588520616,0.023675930278841406,3.6413841545581818,0.6105128601193428,0.15107584890211,0.0210400503128767,3.956187166273594,1.4862490743398666,0.7640320146456361,0.733697097748518
519168,0.0543753590027336,0.03324351797346026,3.8204375952482224,0.7869298346340656,0.07396709924796596,0.028990122256800532,3.848793476819992,1.6037813127040863,0.7749744188040495,0.7460255529731512
520192,0.06590094848070294,0.032516363891772926,3.9071156084537506,0.8108719363808632,0.08091188431717455,0.021759509516414255,3.6313176974654198,1.3896220587193966,0.7300186855718493,0.8662411905825138
521216,0.0554719476349419,0.05511091509833932,3.801715187728405,0.7283497136086226,0.09650250867707655,0.031609282712452114,3.6289657652378082,1.4183749742805958,1.1360917948186398,0.8860888918861747
522240,0.08147334784734994,0.03142947220476344,3.7039588019251823,0.657600075006485,0.1306731110671535,0.01779520229320042,3.7150439992547035,1.194748729467392,0.8473656205460429,0.5838698353618383
523264,0.07347434852272272,0.032431500672828406,3.807613343000412,0.7341850213706493,0.11736994446255267,0.018459325860021636,3.5187272876501083,1.1081592720001936,0.7112332582473755,0.9081399729475379
524288,0.04679465215303935,0.021694579860195518,3.6317078769207,0.5370346903800964,0.09740454237908125,0.01686492093722336,3.6805407404899597,1.2356463000178337,0.7438639672473073,0.8263982972130179
525312,0.041669926431495696,0.0350051251007244,3.8461831510066986,0.7468387577682734,0.08783096756087616,0.025733760034199804,3.8539666682481766,1.5598597899079323,0.6405570143833756,0.540687533095479
526336,0.07433166750706732,0.03349902242189273,3.8020317032933235,0.7091674655675888,0.11593026539776474,0.026085327670443803,3.6675112396478653,1.2910787481814623,0.7411982575431466,0.8157373126596212
527360,0.07693884853506461,0.02505065535660833,3.7720547318458557,0.7167886234819889,0.0580158820230281,0.01852035618503578,3.124054402112961,1.0577705912292004,0.8472637590020895,1.032262752763927
528384,0.049717941670678556,0.01981098554097116,3.839279606938362,0.6794705297797918,0.1171366433845833,0.015022182051325217,3.697791986167431,1.2409127298742533,0.7457901211455464,0.6629196591675282
529408,0.05990266759181395,0.030499739455990493,3.7819535359740257,0.6869320776313543,0.07467797969002277,0.023465800390113145,3.3662510961294174,1.0602712612599134,0.689312337897718,0.8829744718968868
530432,0.056276447692653164,0.03895262035075575,3.6130411028862,0.5727597614750266,0.08091853212681599,0.019032535725273192,3.3517916202545166,1.0864284336566925,0.7869496531784534,0.824192151427269
531456,0.04547498251486104,0.038178441987838596,3.8207803517580032,0.6982217915356159,0.05472159732016735,0.022023663914296776,3.5153245851397514,1.675251491367817,1.1215175837278366,0.8852300895377994
532480,0.052692869532620534,0.03079566708765924,3.8490716591477394,0.6576865389943123,0.11780764936702326,0.020153674500761554,3.836886666715145,1.7730273641645908,0.7901449874043465,0.7699547437950969
533504,0.06275018973974511,0.03602007054723799,3.642031602561474,0.6193669866770506,0.18947325530461967,0.02495848835678771,3.9482450038194656,1.5998493619263172,1.0417931266129017,0.624093983322382
534528,0.06906137117766775,0.03654041886329651,3.6690710857510567,0.6393845099955797,0.12393368972698227,0.020584041019901633,3.5837217643857002,1.0486578177660704,0.7482362687587738,0.8130615456029773
535552,0.05621184839401394,0.019587302260333672,3.663956068456173,0.5675207786262035,0.14243009162601084,0.01860329558257945,3.6868527978658676,1.02888354472816,0.7802594024688005,0.7567399078980088
536576,0.05064199346816167,0.03274897957453504,3.9463725835084915,0.889668669551611,0.0835801272187382,0.021289216354489326,3.6544464454054832,1.0551954507827759,0.8594444757327437,0.6766354022547603
537600,0.07421175268245861,0.025855154322925955,3.6981667280197144,0.6249155234545469,0.13499460357706994,0.026909872540272772,3.6115080639719963,1.143393350765109,0.7018167730420828,1.004044121131301
538624,0.05435976420994848,0.022998011234449223,3.7594805285334587,0.6327466573566198,0.07867311956943013,0.017950274952454492,3.285440616309643,0.9206936284899712,0.7602454964071512,1.0038591884076595
539648,0.04601461745915003,0.03581290662987158,3.664044037461281,0.5427822479978204,0.0915680923499167,0.018717576953349635,3.6261330395936966,1.05923823826015,0.7786484137177467,0.6104651829227805
540672,0.040648343216162175,0.027008723642211407,3.8503190502524376,0.7408315390348434,0.11309196520596743,0.01989368023350835,3.915241189301014,1.4812723770737648,0.7267244169488549,0.715289294719696
541696,0.05747356594656594,0.037949216668494046,3.705077089369297,0.6767223924398422,0.0919127925299108,0.030365780810825527,3.7298628389835358,1.3373198062181473,0.7826827028766274,0.8398259896785021
542720,0.07297359639778733,0.024423730734270066,3.693022020161152,0.6276136934757233,0.17086409218609333,0.03114807396195829,4.027705572545528,1.4231444410979748,0.9055206477642059,1.1369967218488455
543744,0.05113375652581453,0.03668114996980876,3.698458820581436,0.5811679847538471,0.09611638329806738,0.02780055272160098,3.442019760608673,1.1203154250979424,0.863151459954679,0.9395166160538793
544768,0.0669221192074474,0.027001619018847123,3.757542297244072,0.6671630460768938,0.12651388678932562,0.027481562283355743,3.720015324652195,1.246317744255066,0.765254027210176,0.9348484426736832
545792,0.058386088378028944,0.03452736674807966,3.7587557807564735,0.6560665275901556,0.0629590405151248,0.027482830570079386,3.5352599173784256,1.1337338332086802,0.8171406257897615,0.8013889081776142
546816,0.04927828203653917,0.03885948722017929,3.872120685875416,0.8157823979854584,0.08234928082674742,0.0267124964739196,3.7629185765981674,1.3761592116206884,0.9149172781035304,0.8107708059251308
547840,0.0385334486636566,0.04128599772229791,3.817539758980274,0.762467497959733,0.09493140995618887,0.02964335196884349,3.969382293522358,1.597434975206852,1.0529387760907412,0.7428322266787291
548864,0.06413091480499133,0.03760849713580683,3.853802800178528,0.7730408366769552,0.11915755446534604,0.022510854265419766,3.6440487131476402,1.3481700234115124,0.7093424368649721,0.7045798618346453
549888,0.07009343357640319,0.03709190810332075,3.6174959912896156,0.642334857955575,0.13470931572373956,0.04345649271272123,3.5858198925852776,1.1526600122451782,0.9658397845923901,1.0377232218161225
550912,0.04727353066846263,0.01398510551371146,3.6998670399188995,0.572519775480032,0.08237145791645162,0.008873849306837656,3.774143911898136,1.3810436315834522,0.7031966140493751,0.6423223735764623
551936,0.05873230201541446,0.02496350696310401,3.710914023220539,0.6561165060847998,0.1400670442963019,0.014566105732228607,3.922810934484005,1.4163937531411648,0.8368320260196924,0.6645010858774185
552960,0.052830820612143725,0.024129767320118845,3.8887574076652527,0.7659944780170918,0.06522448084433563,0.014871986320940778,3.9864380210638046,1.6607053242623806,0.996977748349309,0.8346973741427064
553984,0.05355387198505923,0.028705501405056566,3.9082902669906616,0.7162408344447613,0.10476615151856095,0.019218770627048798,3.92805502563715,2.0130684208124876,0.947663214057684,1.1659817323088646
555008,0.04495953852892853,0.030119991104584187,3.8891819193959236,0.7563556265085936,0.13758205296471715,0.023301873152377084,3.9100261628627777,2.089872859418392,0.9725537057965994,0.7101298086345196
556032,0.044013408420141786,0.03281931224046275,4.064639151096344,0.9649275727570057,0.1303194013889879,0.022367661207681522,4.148111522197723,1.797206062823534,0.9145288467407227,0.7625837819650769
557056,0.056147649287595414,0.04351096518803388,3.7918489053845406,0.7327615022659302,0.08720962321967818,0.020919702568789944,3.6686630323529243,1.5395216755568981,0.9597388952970505,0.834993427619338
558080,0.06778501311782748,0.0430163283017464,3.7563146203756332,0.6698742788285017,0.12304224260151386,0.012371890275971964,3.49411940574646,1.4598909690976143,0.9069894701242447,0.6977432752028108
559104,0.06759754312224686,0.04699200391769409,3.772216811776161,0.6429557800292969,0.1309488342376426,0.01639728862210177,3.3437761440873146,1.0127203408628702,0.8257921328768134,0.7375620752573013
560128,0.0782988909049891,0.03656467248219997,3.8051810413599014,0.6904618050903082,0.0847667453053873,0.01682153806905262,3.744888089597225,1.0502570308744907,0.9504856197163463,0.6513618463650346
561152,0.04344210163981188,0.03674715990200639,3.9490350037813187,0.8209965117275715,0.09456062962999567,0.01818053613533266,3.5647062584757805,1.1309519931674004,0.9306997507810593,0.8273917194455862
562176,0.05283665595925413,0.026603002101182938,3.983503021299839,0.8922617174685001,0.08554529852699488,0.02084665501024574,3.9644741490483284,1.7951808422803879,0.7074320120736957,0.7391534317284822
563200,0.058646806501201354,0.03380343707976863,3.6460981965065002,0.5681054089218378,0.16056750784628093,0.024609959160443395,3.9333415627479553,1.5355433821678162,0.7865045228973031,0.5594707168638706
564224,0.06447501087677665,0.039096078427974135,3.767692968249321,0.6751648653298616,0.11350816464982927,0.022323609475279227,4.022808663547039,1.4429748952388763,0.9163434756919742,0.8576761670410633
565248,0.0518571057182271,0.02038803551113233,3.8677947223186493,0.7925561228767037,0.11961762653663754,0.015518728294409811,3.645748771727085,1.146693268790841,0.7158166700974107,0.6783488923683763
566272,0.04846087409532629,0.031167148903477937,3.73247417062521,0.7029715478420258,0.0837928157998249,0.023852349986555055,3.7119977474212646,1.1828247588127851,0.9084777310490608,0.626341006718576
567296,0.061648447561310604,0.05342498864047229,3.7162847071886063,0.7057491075247526,0.11804546206258237,0.02858058555284515,3.8469178155064583,1.304601363837719,1.1252982057631016,0.8420569570735097
568320,0.061284103023353964,0.03540547814918682,3.8471097201108932,0.769772494211793,0.09077308786800131,0.02398680755868554,3.6050427854061127,1.243490856140852,0.8327193427830935,0.6776738502085209
569344,0.0535700457112398,0.06517725100275129,3.866223879158497,0.8636892754584551,0.1126940983813256,0.03902108472539112,3.738659478724003,1.3200977891683578,0.7271546451374888,0.9237618939951062
570368,0.07164156559156254,0.05475150793790817,3.7951715514063835,0.7914733849465847,0.08529685187386349,0.019846488430630416,3.6319425255060196,1.1994247063994408,0.7690243246033788,0.7381414026021957
571392,0.061602984031196684,0.030175699619576335,4.04562321305275,0.9196838103234768,0.09242698614252731,0.017760939110303298,3.4313783273100853,1.1502619720995426,0.7318604262545705,0.6562126679345965
572416,0.0612584795744624,0.014505367289530113,3.968403123319149,0.8434983640909195,0.07725723006296903,0.014621383568737656,3.668122000992298,1.3319376222789288,0.6633812859654427,0.5862722340971231
573440,0.06653869478031993,0.024347672646399587,3.860037326812744,0.7791271824389696,0.12214694893918931,0.015584150940412655,3.8596324995160103,1.3728580325841904,0.7566522657871246,0.6427689893171191
574464,0.06527216313406825,0.02644812362268567,3.8972788751125336,0.8594892304390669,0.0752487014979124,0.01756870822282508,3.711090289056301,1.2447366211563349,0.7903148280456662,0.6131101390346885
575488,0.060847800166811794,0.0190090166288428,3.7949600517749786,0.7012842278927565,0.12429333210457116,0.014334503503050655,3.79892048984766,1.4304444268345833,1.0173508040606976,0.5627245642244816
576512,0.06021256512030959,0.02489659673301503,3.812788113951683,0.7009958047419786,0.06539833929855376,0.019611066178185865,3.672867141664028,1.513309933245182,1.0118917003273964,0.6725865062326193
577536,0.0627445163554512,0.021017624356318265,3.8679774180054665,0.6878611166030169,0.15710857114754617,0.01791430200682953,3.8905132934451103,1.8240719996392727,0.6292577423155308,0.6193392733111978
578560,0.0637295811320655,0.029142946761567146,3.8409608379006386,0.6780939660966396,0.1391384486341849,0.02749165179557167,4.001335211098194,1.7632904686033726,0.836690803989768,0.563998382538557
579584,0.05694846902042627,0.01680175436194986,3.829420305788517,0.6637502703815699,0.11158616631291807,0.015022192907053977,4.01546298712492,1.6776850670576096,0.6890160255134106,0.6121574528515339
580608,0.05731500266119838,0.01266844620113261,3.658283405005932,0.5365887023508549,0.1374284951016307,0.008045830560149625,3.7342276871204376,1.471865452826023,0.6807730356231332,0.5951300617307425
581632,0.05356810084776953,0.029174027673434466,3.869891621172428,0.7357275951653719,0.10868794447742403,0.012845307384850457,3.6345342621207237,1.2184539623558521,0.7044795155525208,0.5978210354223847
582656,0.06900601484812796,0.02297697775065899,3.7756447196006775,0.708688648417592,0.11038399615790695,0.01183594467875082,3.4833008721470833,1.037578685209155,0.7875130288302898,0.5637798896059394
583680,0.03837812633719295,0.024051285116001964,4.106740988790989,1.0348631478846073,0.08554128234391101,0.01919540564995259,3.797327846288681,1.3599283657968044,0.6320020090788603,0.73549485206604
584704,0.07464673987124115,0.039987378870137036,3.957038313150406,0.8447154741734266,0.12017256335821003,0.017206960794283077,3.834562949836254,1.4359800666570663,0.6302477503195405,0.5678122760728002
585728,0.05904849110811483,0.02729867259040475,3.9604781568050385,0.8385373521596193,0.10828430147375911,0.022285838174866512,3.9477054476737976,1.600415926426649,0.6990614794194698,0.6280333623290062
586752,0.048921280598733574,0.030499249405693263,3.7755542173981667,0.6619876902550459,0.11911272577708587,0.021189463936025277,3.8858697041869164,1.4509155303239822,1.200547899119556,0.6533243553712964
587776,0.05742738608387299,0.0298567985300906,3.6393031552433968,0.6520094741135836,0.13154415745520964,0.01735945721156895,3.644560396671295,1.0678581949323416,0.838763833977282,0.7664519585669041
588800,0.05705252196639776,0.029548958293162286,3.734902448952198,0.6803931053727865,0.12718780478462577,0.02444879009271972,3.7394258305430412,1.1012744847685099,0.9080066429451108,0.8601515181362629
589824,0.05186675058212131,0.03545477625448257,3.723896451294422,0.6190715786069632,0.06619750178651884,0.0266255916794762,3.566280223429203,1.1485774330794811,0.9769103340804577,0.7486641211435199
590848,0.043527296831598505,0.02554366714321077,3.919093929231167,0.7923693545162678,0.09428723820019513,0.016098296968266368,3.941018581390381,1.8462871350347996,1.0176175888627768,0.7037184992805123
591872,0.06655187474098057,0.029432264156639576,3.864173784852028,0.737048227339983,0.11205730075016618,0.020047241443535313,3.932494528591633,1.9143597297370434,0.6127128964290023,0.7263081353157759
592896,0.06978771951980889,0.02884890406858176,3.866533152759075,0.8350854888558388,0.11502846702933311,0.014847407408524305,3.6775998324155807,1.3903989437967539,0.8702644556760788,0.6495773242786527
593920,0.07413491641636938,0.04416373779531568,3.756482772529125,0.6808999497443438,0.13663474097847939,0.034587166155688465,3.8850773945450783,1.426951289176941,0.8326748721301556,0.8233569171279669
594944,0.05001667077885941,0.040840573725290596,3.7725371718406677,0.6830645781010389,0.07671880046837032,0.022812392126070336,3.9521185532212257,1.793424841016531,0.6194122936576605,0.657589646987617
595968,0.06823627644916996,0.0261222860426642,3.728030875325203,0.642691507935524,0.11185378735535778,0.016887260513613,3.825715482234955,1.5660181529819965,0.9400239828974009,0.8272440331056714
596992,0.04946181509876624,0.025419465906452388,3.5539363995194435,0.5981038585305214,0.11071983893634751,0.014460736769251525,3.3505528196692467,1.0808477252721786,1.0181411653757095,0.8286474393680692
598016,0.037437994542415254,0.03747526626102626,3.867065317928791,0.8447877876460552,0.07375382458849344,0.02925078140106052,3.7521487921476364,1.437266482040286,0.7106891479343176,0.9524457901716232
599040,0.08043182437540963,0.04375257855281234,3.7804944440722466,0.7084604110568762,0.15543543524108827,0.02517983625875786,3.728357680141926,1.6317818686366081,0.7673290483653545,0.6867192862555385
600064,0.052088042139075696,0.03408437763573602,3.9484107717871666,0.7738349139690399,0.06184864311944693,0.01955007156357169,3.835207089781761,1.7432239763438702,0.9131462033838034,0.7488087797537446
601088,0.062204881745856255,0.03343241551192477,3.830464690923691,0.7224351223558187,0.11431223200634122,0.01640291986404918,3.6695776134729385,1.74342355504632,1.0193200754001737,0.7193752601742744
602112,0.05848204254289158,0.02652124548330903,3.9710885733366013,0.8375779502093792,0.07481881871353835,0.017650694295298308,3.980000488460064,2.1508750915527344,0.7003322532400489,0.8102327212691307
603136,0.06293385435128585,0.03541835368378088,3.8072861060500145,0.6658104285597801,0.15667814807966352,0.029807460901793092,3.7882243990898132,1.5675646401941776,0.7779740169644356,0.7659703530371189
604160,0.05695971130626276,0.03956358280265704,3.6236138567328453,0.5998496022075415,0.09596649941522628,0.025873931881505996,3.6006249487400055,1.1874173991382122,1.2059009782969952,0.8285415852442384
605184,0.07046218035975471,0.028077726892661303,3.9333375096321106,0.8596150539815426,0.14474304160103202,0.01744370855158195,3.892954185605049,1.3218404091894627,0.7379538249224424,0.8594994759187102
606208,0.06679456701385789,0.01185062961303629,3.891462929546833,0.6964556891471148,0.10268733056727797,0.01310900886892341,3.4603710398077965,1.39254305139184,0.846446237526834,0.858811704441905
607232,0.04220212627842557,0.030784015951212496,3.808109924197197,0.6753551959991455,0.13523314578924328,0.015687423176132143,3.8094679415225983,1.565017357468605,0.7587984576821327,0.6163439229130745
608256,0.07604954577982426,0.03764650539960712,3.6265849620103836,0.6102771256119013,0.12765586125897244,0.034573762968648225,3.8032045513391495,1.2745140045881271,0.6962096700444818,0.8392295055091381
609280,0.057999008684419096,0.030624857055954635,3.8273143768310547,0.6886627525091171,0.06466031676973216,0.017574789861100726,3.9736583903431892,1.7766467034816742,0.8288707295432687,0.7249163631349802
610304,0.07246515186852776,0.03778694930952042,3.7559504359960556,0.6718251947313547,0.14770041569136083,0.027272702020127326,3.9937165081501007,1.543761394917965,0.7962009003385901,0.6026123194023967
611328,0.050099124026019126,0.029717237455770373,3.91086183488369,0.8669975604861975,0.11994177685119212,0.016056421416578814,4.129398062825203,1.7969132773578167,0.8176613030955195,0.5731486072763801
612352,0.054007409620680846,0.03186225477838889,3.9257160127162933,0.9373001344501972,0.08631370984949172,0.014454353542532772,3.817775644361973,1.6451716981828213,0.8573465049266815,0.7583013875409961
613376,0.07177857705391943,0.023489071609219536,3.820203125476837,0.7200731318444014,0.09998668066691607,0.012324803014053032,3.891404077410698,1.6592504791915417,0.7364586992189288,0.6350822132080793
614400,0.05017504980787635,0.025201473268680274,3.9172559902071953,0.815448522567749,0.12414425716269761,0.01667593084857799,3.7567125856876373,1.4892427064478397,0.7603853140026331,0.6857998315244913
615424,0.057940120132116135,0.026146959338802844,3.7561743184924126,0.6461198087781668,0.11713484057690948,0.02196376459323801,3.8206413313746452,1.3907491192221642,0.6802334990352392,0.6982448548078537
616448,0.054230228503001854,0.023328813927946612,3.9922035187482834,0.973195169121027,0.09206054906826466,0.020541138626867905,3.918811835348606,1.5544271878898144,0.7250586925074458,0.8896284103393555
617472,0.08488284517079592,0.0499454423552379,3.942564904689789,0.9436107166111469,0.13266571809072047,0.02360508096171543,3.993494763970375,1.6501811370253563,0.80308698117733,0.709725821390748
618496,0.06413386296480894,0.02086706575937569,3.821358747780323,0.7859468683600426,0.12342380848713219,0.01763317608856596,3.705901972949505,1.1906531564891338,0.741400882601738,0.6933129634708166
619520,0.05253460572566837,0.025479515083134174,3.8122628703713417,0.6565020084381104,0.11705329176038504,0.019142285600537434,4.026866436004639,1.4479093067348003,0.7756790881976485,0.7538774637505412
620544,0.06711849907878786,0.03708949114661664,3.5887988060712814,0.5871966909617186,0.09520440635969862,0.02194873007829301,3.8039515018463135,1.335216123610735,0.690222842618823,0.5174467600882053
621568,0.06603147921850905,0.0343173720757477,3.7310089990496635,0.6383971851319075,0.13439606595784426,0.0132019818702247,3.7867693975567818,1.5012528784573078,0.8540921099483967,0.5588619578629732
622592,0.05902068375144154,0.04455985326785594,3.8422639220952988,0.6634986773133278,0.09089304084773175,0.030968198378104717,3.834210880100727,1.5403477847576141,0.623564331792295,0.6391794150695205
623616,0.07719275512499735,0.04236290557309985,3.703686773777008,0.6907450947910547,0.10331299435347319,0.020272743073292077,3.5951057970523834,1.1105706356465816,0.8961082249879837,0.825352287851274
624640,0.07322387231397443,0.04153650294756517,3.8158708214759827,0.7274921648204327,0.1510672909207642,0.029038269945885986,3.747263692319393,1.2070910073816776,0.7869123006239533,0.6941544823348522
625664,0.0540458045725245,0.014008989062858745,3.804341845214367,0.645768066868186,0.07382097115623765,0.010338934007450007,3.5363316163420677,1.0843130350112915,0.6497173756361008,0.7436303235590458
626688,0.0430340826860629,0.04033996450016275,3.6186692863702774,0.6190665531903505,0.07029598910594359,0.02757800481049344,3.8224177062511444,1.4016360901296139,0.8225333876907825,0.7032747678458691
627712,0.07489175448426977,0.04286180774215609,3.640397772192955,0.627631857059896,0.10383505269419402,0.025821020477451384,3.8517986238002777,1.427222341299057,0.9420447098091245,0.6272196732461452
628736,0.06266753478848841,0.028676918183919042,3.7635481730103493,0.6819415520876646,0.12463932484388351,0.02170167744043283,4.011617183685303,1.614501029253006,0.8711939845234156,0.6908986493945122
629760,0.03714112895249855,0.013379883050220087,3.506678506731987,0.5197944715619087,0.08492977696005255,0.010565857563051395,3.847357302904129,1.3454871475696564,0.5242896610870957,0.7675161501392722
630784,0.06430480314884335,0.03286643140017986,3.635355480015278,0.6617796160280704,0.17151937610469759,0.037945760937873274,3.963420458137989,1.4475736282765865,0.7542363600805402,0.9844528138637543
631808,0.05651481790118851,0.024337924958672374,3.6835776045918465,0.6467020455747843,0.10379111330257729,0.018681701534660533,3.513755723834038,1.046036958694458,0.8764120880514383,0.9609928280115128
632832,0.037342922849347815,0.01819561011507176,3.6093223467469215,0.4701594701036811,0.061514525645179674,0.014179587378748693,3.598320722579956,1.3685400560498238,0.7089280122891068,0.7342921383678913
633856,0.03938638721592724,0.026795403566211462,3.7914893701672554,0.5985768456012011,0.07103754486888647,0.022106368007371202,3.7369172424077988,1.695963129401207,0.6930256020277739,0.853310133330524
634880,0.05062109307618812,0.026730893732747063,4.019765414297581,0.8246793765574694,0.032099368268973194,0.015337985183577985,3.646035075187683,1.6565474830567837,0.5957303019240499,0.6863811127841473
635904,0.07508369447896257,0.047247763141058385,3.8167894333601,0.7920937351882458,0.08048978669103235,0.02746471992577426,3.374888591468334,1.3126845806837082,0.8052732516080141,0.9408458173274994
636928,0.06196336532593705,0.02552525547798723,3.8063610419631004,0.6989932116121054,0.1657355243805796,0.02391337329754606,3.797936387360096,1.4622495137155056,0.7238244665786624,0.6954471906647086
637952,0.0299828628776595,0.021201413066592067,3.6384071111679077,0.5556439673528075,0.116914774174802,0.01888995955232531,3.881708100438118,1.642430890351534,0.7652545440942049,0.904536372050643
638976,0.04826977028278634,0.028328322747256607,3.9031989872455597,0.7568321209400892,0.11352812248514965,0.020693214813945815,3.86207864433527,1.6351888068020344,0.8063636226579547,0.7663319064304233
640000,0.07208179813460447,0.04613499983679503,3.5287290289998055,0.5979653242975473,0.1044747470295988,0.03345729812281206,3.547115720808506,0.9778415821492672,1.1253914795815945,1.1200263518840075
641024,0.035771588009083644,0.026433238468598574,3.5653943195939064,0.5323158986866474,0.07436221728858072,0.014849971194053069,3.612416483461857,1.272348865866661,0.7579338923096657,0.7375119794160128
642048,0.05050702558946796,0.017623851250391454,3.6526630520820618,0.5487309144809842,0.12437181011773646,0.009912436667946167,3.5985675007104874,1.3192896358668804,0.7026003394275904,0.8287103893235326
643072,0.05802711148862727,0.024357663496630266,3.875379167497158,0.7553391493856907,0.11323243897641078,0.01714004299719818,3.7104594707489014,1.3399477005004883,1.0046519674360752,0.8342403825372458
644096,0.05011173547245562,0.026279966346919537,3.802346482872963,0.7548879161477089,0.1004508322221227,0.01736661503673531,3.621263340115547,1.2435531951487064,0.697367187589407,0.7239582175388932
645120,0.06269604444969445,0.023060261679347605,3.7145414650440216,0.6442169491201639,0.10289009602274746,0.017104120866861194,3.534005418419838,1.1086618527770042,0.946928265504539,0.9702836144715548
646144,0.0533738934318535,0.031215321621857584,3.7658616602420807,0.6831269189715385,0.060718737135175616,0.02376459803781472,3.5537505000829697,1.2834152914583683,1.0403111074119806,0.6798292472958565
647168,0.05987411324167624,0.03345168993109837,3.7788132280111313,0.6798674054443836,0.12425634998362511,0.01888459303881973,3.750450775027275,1.2418573535978794,0.8442203979939222,0.5804902128875256
648192,0.047019897610880435,0.04428970534354448,3.8416121527552605,0.8072375599294901,0.06262846611207351,0.02336171202477999,3.146257698535919,1.015192549675703,1.0758112370967865,0.7507687611505389
649216,0.06433403308619745,0.03755544003797695,3.832606740295887,0.7385795935988426,0.12842802342493087,0.029404173197690398,3.818170763552189,1.5241499580442905,0.9968414036557078,0.8306996989995241
650240,0.064296948723495,0.02164197340607643,3.7643337100744247,0.6504066549241543,0.09821353113511577,0.017618026002310216,3.4603364691138268,0.9869923945516348,0.7775554629042745,0.7660663416609168
651264,0.07789823613711633,0.04776067065540701,3.720129944384098,0.7169383484870195,0.1314100084709935,0.02647900313604623,3.513904258608818,1.1389903500676155,1.032578106969595,0.824201138690114
652288,0.028430847625713795,0.029851456871256232,4.015011124312878,1.0075166448950768,0.03192118523293175,0.01209328358527273,3.823382467031479,1.439314391463995,1.2067853230983019,0.9775575818493962
653312,0.08254088775720447,0.028258683916646987,3.775875449180603,0.6878792177885771,0.10544938902603462,0.01597226527519524,3.556077979505062,1.1366921719163656,0.717725632712245,0.6030092388391495
654336,0.06018918741028756,0.027092240867204964,3.7989499792456627,0.6654805820435286,0.09591320191975683,0.019400434684939682,3.830517239868641,1.3183123879134655,0.7672878941521049,0.683555374853313
655360,0.05960220244014636,0.029668514616787434,3.734441637992859,0.6337993759661913,0.14701608289033175,0.020513359952019528,3.999335862696171,1.4985353089869022,0.7493911059573293,0.4937512706965208
656384,0.04966286857961677,0.023733070003800094,3.961034916341305,0.7672678474336863,0.1385841800365597,0.017251180513994768,4.026029907166958,1.4196000173687935,0.813945297151804,0.5698864907026291
657408,0.07166879024589434,0.03392323636217043,3.7574022710323334,0.6627738066017628,0.12423610710538924,0.023702776321442798,3.6935543566942215,1.200425311923027,0.7232356052845716,0.4680520500987768
658432,0.055407794076018035,0.03159571922151372,3.6993948742747307,0.5914587359875441,0.09632932487875223,0.02205394717748277,3.5008044317364693,0.9443598072975874,0.8023127913475037,0.5279094213619828
659456,0.04409550374839455,0.023741168581182137,3.685275673866272,0.5809623450040817,0.09563132282346487,0.0181725372094661,3.6627339273691177,1.1294093821197748,0.8654196439310908,0.7002916596829891
660480,0.07711447784095071,0.055036891251802444,3.691290818154812,0.7013485804200172,0.12305531720630825,0.02803319852682762,3.6855259388685226,1.3196262456476688,0.9920383095741272,0.848084875382483
661504,0.05143735749879852,0.03188758547184989,3.6638373285531998,0.5678413361310959,0.09986896277405322,0.022461293963715434,3.465590290725231,1.0073975697159767,1.2815918484702706,0.8979329727590084
662528,0.056222289698780514,0.02070184561307542,3.775364674627781,0.6154190339148045,0.11603243573335931,0.014409495866857469,3.7331725284457207,1.3258578553795815,0.9415687676519156,0.7094413489103317
663552,0.06120123411528766,0.014660871966043487,3.931870199739933,0.7311537936329842,0.09522199246566743,0.01395140853128396,3.7983998134732246,1.294465335085988,0.906174692325294,0.6963394787162542
664576,0.03342107232310809,0.036859127518255264,4.000608459115028,0.809841014444828,0.050878879643278196,0.02490070421481505,4.238355740904808,2.2108954712748528,0.8034433294087648,0.7735542645677924
665600,0.04976302818977274,0.03949942602775991,3.8315217047929764,0.7404802404344082,0.11786401679273695,0.024893350520869717,3.822056382894516,1.79511708766222,1.020259477198124,0.7802725024521351
666624,0.07309859280940145,0.025990924215875566,4.036576636135578,0.8585894387215376,0.07793907664017752,0.016466579254483804,3.744902789592743,1.5557325892150402,1.0039201695472002,0.7698549292981625
667648,0.07806914509274065,0.038153924979269505,3.8898347690701485,0.7905538473278284,0.15758277382701635,0.031017237983178347,4.026025950908661,1.7039577513933182,0.7553580142557621,0.5564810940995812
668672,0.05264073540456593,0.025544470816385,3.7697077989578247,0.6664668116718531,0.14777782023884356,0.017267441551666707,3.7760003730654716,1.3795425295829773,0.6919724205508828,0.5830100197345018
669696,0.05944066564552486,0.020822453370783478,3.9063500985503197,0.7586363852024078,0.10076751915039495,0.014470929629169405,3.884964741766453,1.2939198799431324,0.7341165049001575,0.6062892079353333
670720,0.055173322500195354,0.027235651796218008,3.722451649606228,0.6028346233069897,0.1277515233377926,0.012993325013667345,3.6994559839367867,1.2215215265750885,0.8121463330462575,0.5872632982209325
671744,0.05247289314866066,0.017341803933959454,3.8814270347356796,0.7002365905791521,0.12812429730547592,0.012223655707202852,3.8173838108778,1.4374148063361645,0.8089036671444774,0.5008049653843045
672768,0.05560043751029298,0.018069340236252174,3.8764917254447937,0.7016780842095613,0.09244039276381955,0.012746315740514547,3.934743471443653,1.496424239128828,0.8076358428224921,0.5927046416327357
673792,0.05947733894572593,0.01938490674365312,3.844579830765724,0.685514947399497,0.13774174550781026,0.017426005040761083,3.750883549451828,1.2655793465673923,0.62009362783283,0.750469584017992
674816,0.042414927447680384,0.031102759356144816,3.9241416975855827,0.7346761878579855,0.11258516309317201,0.021215077373199165,4.025169670581818,1.4766448810696602,1.0299901710823178,0.5825242092832923
675840,0.04512857327063102,0.026527341455221176,3.9164753407239914,0.8201532661914825,0.08800028823316097,0.018523814680520445,3.658946454524994,1.1592265758663416,0.8024828592315316,0.7258784715086222
676864,0.054531521862372756,0.03578514198306948,3.711448460817337,0.7139919996261597,0.09996582954772748,0.02197081787744537,3.631920672953129,1.2393304836004972,0.8533574314787984,0.7635893644765019
677888,0.051961367251351476,0.017017253499943763,3.736126445233822,0.6713240090757608,0.13758503191638738,0.012009783546091057,3.7315218299627304,1.4240734092891216,0.7505236743018031,0.5446384558454156
678912,0.05904785479651764,0.02680090523790568,3.751904860138893,0.6803998649120331,0.12448214698815718,0.013725751952733845,3.7987623810768127,1.5559792965650558,0.8568179737776518,0.5175458751618862
679936,0.06648051470983773,0.0195715386653319,3.7087572664022446,0.652512650936842,0.10332636587554589,0.01662906346609816,3.6981072425842285,1.3140837885439396,0.8604857362806797,0.6158168818801641
680960,0.05017094567301683,0.04200688621494919,3.7241612151265144,0.6420321948826313,0.1025426120031625,0.023215394088765606,3.529846780002117,1.09466059692204,0.9223497388884425,0.5836190665140748
681984,0.06342882764874958,0.033970433520153165,3.752481482923031,0.6430234014987946,0.11000510992016643,0.022503843385493383,3.6501893773674965,1.1586464028805494,0.7259424952790141,0.49152532033622265
683008,0.05804782836639788,0.03563100233441219,3.595852851867676,0.5391569770872593,0.09298505226615816,0.020882672630250454,3.406713120639324,0.9957347717136145,0.9430863335728645,0.6088721444830298
684032,0.04274194603203796,0.020414663100382313,3.678057424724102,0.6186183150857687,0.12399172496225219,0.014490105648292229,3.821099601686001,1.409101527184248,0.7267377097159624,0.6631180560216308
685056,0.060184906382346526,0.02705276705091819,3.7808514311909676,0.6850698441267014,0.09849488741019741,0.01756674944772385,3.843541793525219,1.5087956935167313,0.8682214515283704,0.668640049174428
686080,0.06151382124517113,0.027925625792704523,3.9226648584008217,0.6828134525567293,0.10169614464393817,0.01945382429403253,4.117852561175823,1.8760441467165947,0.7597574405372143,0.7166328299790621
687104,0.08106140256859362,0.03417661663843319,3.8087795227766037,0.6564533933997154,0.15877767151687294,0.02998735720757395,3.7516330182552338,1.379447665065527,0.9723646240308881,0.7802724069915712
688128,0.058885764330625534,0.028167663782369345,3.9596165642142296,0.796561025083065,0.08652709654415958,0.01943611929891631,3.8176669105887413,1.3826439455151558,0.7128688488155603,0.622574926353991
689152,0.05735933216055855,0.025462094199610874,3.8072861060500145,0.7383413221687078,0.13567162462277338,0.016115793958306313,3.921364113688469,1.4485331326723099,0.6300579560920596,0.6027867468073964
690176,0.03853478989913128,0.05142659065313637,3.9088321924209595,0.9186225365847349,0.0793368251179345,0.03010977170197293,3.6948285177350044,1.3171244822442532,0.8710011402145028,0.8837663726881146
691200,0.061875247716670856,0.03593224729411304,3.844910778105259,0.8246133271604776,0.1246875862707384,0.023474587447708473,3.9436916038393974,1.6371350958943367,1.0400446876883507,0.6391370799392462
692224,0.0538224293559324,0.026334481488447636,3.855268105864525,0.6743616536259651,0.11186001490568742,0.021652816591085866,3.9109613820910454,1.4518402144312859,0.6446178695186973,0.5166687443852425
693248,0.08405414427397773,0.05368692032061517,3.6964573562145233,0.7038018424063921,0.11656615347601473,0.02679535065544769,3.3982827961444855,1.0019527729600668,1.0995214451104403,0.605107325129211
694272,0.06572419541771524,0.03840084496187046,3.8193298801779747,0.6808269564062357,0.11003498011268675,0.027291365491691977,3.5360131561756134,1.1787342242896557,0.811222905293107,0.5968511970713735
695296,0.050481813872465864,0.04791734053287655,3.7797051146626472,0.6450283918529749,0.10004229674814269,0.02221957841538824,3.9297394528985023,1.3808853514492512,1.0077662728726864,0.7790809143334627
696320,0.04494571450049989,0.04042108298745006,4.051073387265205,0.8898958191275597,0.08619515632744879,0.02283415771671571,3.8005411848425865,1.2736589591950178,0.8579703010618687,0.6599710891023278
697344,0.057872247707564384,0.023445140104740858,3.9073800146579742,0.7912206463515759,0.0875978861877229,0.016288555518258363,3.4341320618987083,1.1934978272765875,0.7240285221487284,0.637298651970923
698368,0.06471878325100988,0.04278392961714417,3.8274425864219666,0.8130189310759306,0.11681518144905567,0.03654137469129637,3.6908424645662308,1.1848008874803782,0.9426136119291186,0.668567574582994
699392,0.09168578969547525,0.03151832497678697,3.778390310704708,0.7580387089401484,0.13366030267206952,0.02613842920982279,3.689890593290329,1.0802043974399567,0.7386017581447959,0.6067092753946781
700416,0.05564233401673846,0.03147510072449222,3.7999897077679634,0.6485893856734037,0.08751236990792677,0.020400372945005074,3.5663775578141212,0.9865879360586405,0.7378477388992906,0.6106828534975648
701440,0.05693231949408073,0.021224506897851825,3.7733332961797714,0.6800109595060349,0.06806183536536992,0.0146539029374253,3.6450762301683426,1.1631513219326735,0.6437690230086446,0.5589202409610152
702464,0.04599301810958423,0.05299133085645735,3.9512057304382324,0.8315384816378355,0.10522492598101962,0.03267619287362322,3.9450915828347206,1.5546071380376816,0.732140876352787,0.8387211300432682
703488,0.06968377687735483,0.026644348516128957,3.793099194765091,0.6516600325703621,0.1456482927314937,0.02910729224095121,4.276371575891972,2.0009685568511486,0.696878639049828,0.5414751935750246
704512,0.0536895671102684,0.027194946422241628,3.745996870100498,0.6112057231366634,0.10893892249441706,0.014383591362275183,3.7872076630592346,1.3158511072397232,0.767170281149447,0.5439081927761436
705536,0.04804124543443322,0.029833085020072758,3.580669641494751,0.5845858547836542,0.08416905289050192,0.02248881635023281,3.4931816309690475,1.0791543424129486,0.7455890430137515,0.6578686963766813
706560,0.07418836612487212,0.02808342274511233,3.7990293949842453,0.7275257464498281,0.12257878948003054,0.020284167054342106,3.5135058164596558,1.0121968127787113,0.8798440592363477,0.841596788726747
707584,0.04329574745497666,0.04560533701442182,3.7708766907453537,0.7507656682282686,0.06517059655743651,0.033510831533931196,3.661274529993534,1.3281443305313587,0.889125406742096,0.6359028993174434
708608,0.04595797255751677,0.017449336824938655,3.862249046564102,0.684055239893496,0.10872390313306823,0.013945638696895912,3.5646922066807747,1.2101472336798906,0.8295092526823282,0.6948898723348975
709632,0.04697526741074398,0.03425767063163221,4.010810054838657,0.8445838373154402,0.07141060837602708,0.01739671578980051,3.9581009596586227,1.6499160639941692,0.7992373164743185,0.6336654154583812
710656,0.055558108288096264,0.04978285974357277,3.788867264986038,0.7822898644953966,0.0655712194275111,0.03219324926612899,3.5833759531378746,1.3039635084569454,0.7270088782534003,0.6811674581840634
711680,0.09424588564434089,0.05062149511650205,3.7601738274097443,0.7654724661260843,0.1254601584514603,0.037132778321392834,3.574038542807102,1.2114307209849358,0.767144525423646,0.7828186396509409
712704,0.04216747486498207,0.025731373112648726,3.9010448828339577,0.7028307225555182,0.15300067514181137,0.018390784418443218,3.6965924724936485,1.406681802123785,0.7609964953735471,0.5624850895255804
713728,0.06559106087661348,0.03130503342254087,3.781950280070305,0.6483262609690428,0.16593809542246163,0.021981023659463972,3.762352466583252,1.261327974498272,0.7016322473064065,0.7398071996867657
714752,0.059028542949818075,0.0213066820288077,3.7162366807460785,0.5634698905050755,0.14177168055903167,0.012369255025987513,3.690897583961487,1.2429015263915062,0.7578007793053985,0.6162417037412524
715776,0.05399467650568113,0.035904042539186776,3.6416771337389946,0.5216020746156573,0.07906168766203336,0.02155406921519898,3.78573127835989,1.2911832574754953,0.7662904234603047,0.6877379789948463
716800,0.060485462920041755,0.03065455803880468,3.807944670319557,0.672005707398057,0.11165445449296385,0.026168086944380775,3.765024423599243,1.2977911233901978,0.7563942885026336,0.5717152487486601
717824,0.054026268306188285,0.04314354050438851,3.816924214363098,0.7098894007503986,0.08048348204465583,0.026230224350001663,3.6223639249801636,1.245121406391263,0.8972622379660606,0.7403685050085187
718848,0.06565291091101244,0.03642537695122883,3.433006137609482,0.5448632827028632,0.15996241103857756,0.024612748762592673,3.8255383893847466,1.3773215096443892,0.7252800641581416,0.700527785345912
719872,0.04710880454513244,0.030950586078688502,3.4829966127872467,0.498046706430614,0.09474007316748612,0.01717696979176253,3.623418591916561,1.0913245398551226,0.8243757719174027,0.8462844332680106
720896,0.032178854482481256,0.038342550746165216,3.803473986685276,0.6327165924012661,0.09343814168823883,0.030421281640883535,3.890273481607437,1.4442126862704754,0.6259311139583588,0.7094258004799485
721920,0.0538927543675527,0.041753398603759706,3.6706871539354324,0.5665017068386078,0.1279294233827386,0.02029735269024968,3.7445465326309204,1.355177078396082,0.5964528229087591,0.6788513008505106
722944,0.06237724545644596,0.038646908360533416,3.689269259572029,0.6210841462016106,0.09056633780710399,0.019227045559091493,3.6382385566830635,1.2982292361557484,0.7261031288653612,0.6866524629294872
723968,0.050320979207754135,0.026695813052356243,3.806842140853405,0.6772368084639311,0.1436881022527814,0.0161060712125618,4.016789212822914,1.5276321694254875,0.6995565062388778,0.4689230462536216
724992,0.057591021875850856,0.022227448818739504,3.63605909794569,0.5865580458194017,0.12932410230860114,0.03005289874272421,3.6728444322943687,1.1173764038830996,0.8503708820790052,0.9274363983422518
726016,0.06838488060748205,0.03803041216451675,3.942123308777809,0.797071535140276,0.10107466916088015,0.01926341757643968,3.871222883462906,1.1676195990294218,0.7098610578104854,0.6342054102569818
727040,0.08787576225586236,0.0359373043756932,3.9797006845474243,0.8397639822214842,0.1057337896199897,0.021155978058231995,3.6189376413822174,1.1694016866385937,0.654382910579443,0.5159545140340924
728064,0.042195612157229334,0.04407615592936054,3.7768918871879578,0.6004855316132307,0.08546842267969623,0.025654533121269196,3.657994031906128,1.2613724619150162,0.773579471744597,0.5959809273481369
729088,0.04960206098621711,0.024214651028160006,3.856478050351143,0.77530213072896,0.11836571095045656,0.016125224152347073,3.806316450238228,1.370932463556528,0.7672322038561106,0.5669492846354842
730112,0.07247732128598727,0.029204678838141263,3.764306701719761,0.643391003832221,0.13137636735336855,0.016354163963114843,3.693795807659626,1.201898943632841,0.6556133618578315,0.5922864843159914
731136,0.060161790606798604,0.016148026596056297,3.811321221292019,0.6742185186594725,0.11675549659412354,0.013109904830344021,3.8676449060440063,1.4333879817277193,0.5773318223655224,0.6723786550574005
732160,0.05495926406001672,0.02739307953743264,3.725006803870201,0.6410356787964702,0.09866797260474414,0.01293302267731633,3.5245690271258354,1.184155683964491,0.6438938537612557,0.5526365665718913
733184,0.05322641794919036,0.013676070491783321,3.6951737701892853,0.7227547513321042,0.10967524070292711,0.015930564841255546,3.8237963765859604,1.2741390112787485,0.5386194195598364,0.6410799482837319
734208,0.06730396108468994,0.027573203260544688,3.7696999981999397,0.6945567838847637,0.09189675527159125,0.015267170238075778,3.803599677979946,1.465116836130619,0.6574078528210521,0.6847817013040185
735232,0.06206923566060141,0.03311086690519005,3.48182812333107,0.5561743248254061,0.1462150753941387,0.01831515523372218,3.87241879850626,1.3496840260922909,0.7711054235696793,0.6375939734280109
736256,0.040510633451049216,0.02603057335363701,3.750625289976597,0.6302984524518251,0.07204312831163406,0.021882073866436258,3.6572756245732307,1.309209443628788,0.7618312314152718,0.7706596376374364
737280,0.066956709662918,0.06709860195405781,3.858483962714672,0.8003291860222816,0.12047123903175816,0.029471235116943717,3.685191586613655,1.2269366439431906,0.7731571337208152,0.9439819604158401
738304,0.04930327451438643,0.027875501662492752,3.8317141458392143,0.6910432111471891,0.1065306217642501,0.02367503079585731,3.773182325065136,1.346944898366928,0.7082282323390245,0.6803526738658547
739328,0.06477739733236376,0.027005730371456593,3.6955466270446777,0.6119126155972481,0.1375916504766792,0.02552722825203091,3.5761637836694717,1.0862349085509777,0.7940743705257773,0.7333364170044661
740352,0.053912566450890154,0.03763683215947822,3.5671419948339462,0.5154274245724082,0.08128043910255656,0.015349927241913974,3.338624618947506,0.9497958216816187,1.1490975357592106,0.8765318775549531
741376,0.04303055742639117,0.03777573234401643,3.707636095583439,0.5507776718586683,0.13903963402844965,0.02158052459708415,3.8565885201096535,1.4043250195682049,0.8579130321741104,0.6852256916463375
742400,0.042909928888548166,0.01876765995984897,3.6127845644950867,0.5139300255104899,0.09683045267593116,0.011952152504818514,3.87659028172493,1.4684423729777336,0.6709368899464607,0.5379411010071635
743424,0.04869522966328077,0.02453544008312747,3.9342319518327713,0.797256600111723,0.08592721604509279,0.01916710939258337,3.826530657708645,1.4355740956962109,0.7889897115528584,0.7660653293132782
744448,0.059423170663649216,0.026384551834780723,3.9427483305335045,0.7665712684392929,0.07447826483985409,0.018890128732891753,3.94951518625021,1.7440241575241089,0.7272062581032515,0.5934240501374006
745472,0.05197065608808771,0.029458023549523205,3.8984171003103256,0.7061826661229134,0.06858382353675552,0.01635560262366198,3.6260570287704468,1.403470367193222,0.6641349457204342,0.8433670848608017
746496,0.06758337374776602,0.04866850050166249,3.813190571963787,0.7217840980738401,0.1338349796133116,0.03488862147787586,3.8789954259991646,1.6169248707592487,0.7248883126303554,0.7163886614143848
747520,0.044187217703438364,0.03325908147962764,3.6641575023531914,0.6010935725644231,0.11895696143619716,0.019825806724838912,3.9783326387405396,1.6876720786094666,0.8014046652242541,0.7256424380466342
748544,0.06215067903394811,0.030269029433839023,3.7134706154465675,0.7817560993134975,0.1389692819211632,0.019999452109914273,4.055668950080872,1.457976195961237,0.772958667948842,0.5652916366234422
749568,0.05457448336528614,0.04382082971278578,3.772507295012474,0.7838535886257887,0.13685355917550623,0.025193464825861156,3.9992507621645927,1.4999842382967472,0.6539715388789773,0.730884444899857
750592,0.05545261445513461,0.047063906386028975,3.7367887422442436,0.6574413198977709,0.12370807307888754,0.038748114195186645,3.789519414305687,1.3423253037035465,0.8107833219692111,0.8238556906580925
751616,0.08317620394518599,0.08317876677028835,3.782936714589596,0.7543573193252087,0.17593611334450543,0.05011614004615694,4.092254303395748,1.5794957987964153,0.8142075184732676,0.9406402679160237
752640,0.055967855267226696,0.03714945662068203,3.930397219955921,0.8341401498764753,0.10530275152996182,0.021073148876894265,3.7612456679344177,1.2708526514470577,0.8001489611342549,0.7187550878152251
753664,0.04971524995926302,0.037360530346632004,3.879082679748535,0.789326986297965,0.13451048877323046,0.02593989300657995,4.052696108818054,1.8159090168774128,0.8561276374384761,0.7056589387357235
754688,0.08302289678249508,0.06898585916496813,3.8755820840597153,0.7746071517467499,0.16124475025571883,0.024582634185208008,3.908091388642788,1.466287024319172,1.0712348837405443,0.7164563266560435
755712,0.046454638009890914,0.059732024325057864,3.667251244187355,0.5893805809319019,0.07867562549654394,0.03593352611642331,3.990676201879978,1.5546527281403542,0.8682264313101768,0.8460124740377069
756736,0.04277101278421469,0.024237438919954002,3.666919194161892,0.5545340385288,0.13553401635726914,0.018443634849973023,3.8938674852252007,1.49824433401227,0.8022284023463726,0.6703409478068352
757760,0.06396618418511935,0.02729043090948835,3.8032334372401237,0.6260622385889292,0.11680545494891703,0.021697940974263474,3.822484001517296,1.2645644694566727,0.8181765992194414,1.0637048874050379
758784,0.05814668635139242,0.043245497858151793,3.6676267832517624,0.6431980859488249,0.10121857066405937,0.02738291514106095,3.5359437689185143,1.263612911105156,0.7193323755636811,0.862183048389852
759808,0.056946266879094765,0.05658708035480231,3.8484329655766487,0.7723288275301456,0.09596056980080903,0.025391350267454982,3.978865183889866,1.5563887432217598,1.1355256866663694,0.8524373816326261
760832,0.05302981589920819,0.03430369414854795,3.6917076408863068,0.6099919360131025,0.10045972789521329,0.024208803893998265,3.5017940551042557,1.2356998696923256,0.8984427060931921,0.7115952558815479
761856,0.06007608067011461,0.04904254502616823,3.9538554027676582,0.8927815705537796,0.1233042833628133,0.04061271215323359,4.072836682200432,2.0100628547370434,0.8514031786471605,0.7859167503193021
762880,0.06375103024765849,0.028551382129080594,3.8963909968733788,0.7877030111849308,0.14938348764553666,0.01436161165474914,4.1039348766207695,2.1379057466983795,0.827850840985775,0.558558682911098
763904,0.06160038959933445,0.0312635077862069,3.742257483303547,0.6717293746769428,0.12408776604570448,0.012469901092117652,3.6387728676199913,1.4443280883133411,0.8464838452637196,0.638612455688417
764928,0.054538644006242976,0.027983417210634798,3.6080027148127556,0.5408437009900808,0.15370790334418416,0.015876416611718014,3.7295689806342125,1.2976748831570148,0.7984929094091058,0.8314919667318463
765952,0.04456777239101939,0.01907144652795978,3.9711908251047134,0.7477387711405754,0.10540086982655339,0.013121280906489119,3.802473448216915,1.3638180047273636,0.8195452950894833,0.7885838812217116
766976,0.0769388847402297,0.040016267914325,3.9015176072716713,0.7826856188476086,0.11860187392449006,0.03432531439466402,3.7048274725675583,1.2462987788021564,0.7125560697168112,0.7057932717725635
768000,0.06401918496703729,0.022166347975144163,3.836644560098648,0.7027421612292528,0.10450683487579226,0.020261076075257733,3.566421501338482,1.2366512939333916,0.9070924883708358,1.2009079037234187
769024,0.05043596657924354,0.015661960031138733,3.6115800887346268,0.509807800874114,0.10722283020731993,0.012571508341352455,3.765569619834423,1.3874885961413383,0.6291272863745689,0.7284173863008618
770048,0.04980015382170677,0.02935178583720699,3.897740513086319,0.6759322620928288,0.12340298463823274,0.014981018524849787,3.9883739724755287,1.7355914190411568,0.8576844064518809,0.7666974766179919
771072,0.06690904073184356,0.026678567344788462,3.8425907269120216,0.6898101065307856,0.19853620254434645,0.012509775348007679,4.276152431964874,2.201859835535288,0.6760943755507469,0.5906748212873936
772096,0.045496451362851076,0.04205442912643775,3.7545353397727013,0.6477403771132231,0.11281031870748848,0.0301365366904065,3.67325709015131,1.3229893445968628,0.9102628966793418,0.6821508221328259
773120,0.06677472981391475,0.02414020779542625,3.8787662014365196,0.7438014689832926,0.10499650583369657,0.016228411986958236,3.9750167056918144,1.6491344012320042,0.8070830283686519,0.6068161698058248
774144,0.054715192411094904,0.0429253238835372,3.624466024339199,0.5946315359324217,0.09485487180063501,0.02386032260255888,3.875632233917713,1.5537579581141472,0.7901702681556344,0.7989977039396763
775168,0.07485047949012369,0.04657011467497796,3.730466417968273,0.6957809906452894,0.10870124341454357,0.021968995715724304,3.6312150582671165,1.3858906850218773,0.9825625512748957,0.7635682914406061
776192,0.05778587333043106,0.042014971433673054,3.8988113775849342,0.8060030154883862,0.1334659838466905,0.02964819868793711,3.7167710959911346,1.2794897221028805,0.7408453123643994,0.6974385548382998
777216,0.06426751281833276,0.03377419471507892,3.862608425319195,0.7678710054606199,0.10994790680706501,0.02536758524365723,3.4597175419330597,0.8802683036774397,0.7059332095086575,0.946905205026269
778240,0.04158793760871049,0.026982722047250718,3.821164481341839,0.6805830877274275,0.07539394247578457,0.018207866582088172,3.8110253736376762,1.3450207225978374,0.9196512661874294,0.6349123902618885
779264,0.04059890359349083,0.03573296219110489,3.9465755969285965,0.8132793866097927,0.07576522778254002,0.02509749008459039,3.812636084854603,1.4429243616759777,0.7991847936064005,0.7936716647818685
780288,0.08321384357986972,0.029060106142424047,3.9381862059235573,0.8609936125576496,0.10476984782144427,0.015458977140951902,3.9772797599434853,1.4920956082642078,0.7348455265164375,0.6233567586168647
781312,0.07831470856035594,0.03562062804121524,3.713130258023739,0.643024368211627,0.13784848479554057,0.038452837557997555,3.9676547199487686,1.4758989550173283,1.2287227250635624,0.7269580028951168
782336,0.07389742758823559,0.05068636895157397,3.6557800099253654,0.5960296224802732,0.13897037814604118,0.025212857697624713,3.6709328815340996,1.0571777112782001,0.7763923155143857,1.089275749400258
783360,0.05969729204662144,0.03764953766949475,3.69537665694952,0.5866229608654976,0.07854719099123031,0.017711101740133017,3.783596955239773,1.331688854843378,0.9340527579188347,0.7043011104688048
784384,0.055862047389382496,0.037664689123630524,3.8126529678702354,0.6876849662512541,0.09884536277968436,0.02336794981965795,3.629645735025406,1.2777855098247528,0.9874966284260154,0.8314917422831059
785408,0.05773003333888482,0.024761708598816767,3.7366194427013397,0.6735467929393053,0.10483832366298884,0.017546725721331313,3.5483379885554314,1.2077193930745125,1.0392654836177826,0.7599480887874961
786432,0.04928044695407152,0.03991158114513382,3.756931520998478,0.6098589822649956,0.06344445393187925,0.017497360560810193,3.5263480842113495,1.1970542594790459,0.9680600818246603,0.7879500715062022
787456,0.05899403750663623,0.019548047450371087,3.81345222145319,0.6802610624581575,0.13835073809605092,0.012450158974388614,3.9949025362730026,1.6785533055663109,0.9214823907241225,0.6074189124628901
788480,0.06547457841224968,0.022176808561198413,3.619817927479744,0.5259550828486681,0.15273925784276798,0.011894558818312362,3.690432459115982,1.3172110430896282,0.9290160294622183,0.6226775990799069
789504,0.05638566333800554,0.01878923235926777,3.922167830169201,0.8499668259173632,0.05882482437300496,0.01138121576514095,3.686880186200142,1.4703721646219492,0.8287861822172999,0.7522123781964183
790528,0.05147842693259008,0.039039274968672544,3.739575833082199,0.6574191655963659,0.1090343936230056,0.028281993872951716,3.6715845614671707,1.490689866244793,0.6919955564662814,0.9143975507467985
791552,0.057043608161620796,0.03176771296421066,3.8905550315976143,0.6928516589105129,0.09962848256691359,0.02130283456062898,3.9247619211673737,1.739254742860794,0.763375211507082,0.5978324338793755
792576,0.06803960235265549,0.023355447396170348,3.7371018454432487,0.671739911660552,0.14696581580210477,0.025960756902350113,3.607741594314575,1.184891752898693,0.7417331635951996,1.003989445976913
793600,0.054873100394615903,0.04102751659229398,3.6617724671959877,0.6244538426399231,0.09920766888535582,0.018013287044595927,3.609848305583,1.1492336113005877,0.9521492887288332,0.7291525108739734
794624,0.06301513811922632,0.03410049917874858,3.9432551115751266,0.9251304063946009,0.1063265839475207,0.02040021715220064,4.04409071803093,1.4311413578689098,0.8351833643391728,0.6957974955439568
795648,0.09907159514841624,0.03137959528248757,3.949077844619751,0.8181284610182047,0.14000080159166828,0.01945655536837876,3.8385998755693436,1.2587343715131283,0.7073735687881708,0.7964019412174821
796672,0.07960929356340785,0.05120734928641468,3.9678429514169693,0.7885295897722244,0.1373150460422039,0.025863598566502333,3.479899100959301,0.9729247260838747,0.6682507563382387,1.4125540489330888
797696,0.0358004804875236,0.042319201747886837,3.6350339353084564,0.5545802665874362,0.05993605812545866,0.027764743252191693,3.4139993488788605,1.0190951395779848,0.665699390694499,0.8441781392320991
798720,0.059513095882721245,0.03306047845399007,3.858494594693184,0.7194442246109247,0.07421615708153695,0.0257650229614228,3.841186672449112,1.5399587340652943,0.7309506358578801,0.6929480358958244
799744,0.061882740032160655,0.027963947039097548,3.757439136505127,0.6530456971377134,0.20246414886787534,0.03212484729010612,4.146300449967384,1.7968604564666748,0.6988003551959991,0.5142725771293044
800768,0.03856301779160276,0.03287548723164946,3.6311287954449654,0.5814235974103212,0.07163259229855612,0.019082588638411835,3.480280101299286,1.0004406347870827,0.7667504576966166,0.7369626713916659
801792,0.060703353374265134,0.026280776306521147,3.8771104142069817,0.7362748198211193,0.10878715879516676,0.02023828448727727,3.6214704290032387,1.1196051090955734,0.6604712512344122,0.7720956420525908
802816,0.06836770911468193,0.03347642673179507,3.789199121296406,0.6913576535880566,0.1031727206427604,0.017080782039556652,3.393173411488533,0.9075212888419628,0.8405497660860419,0.7019557943567634
803840,0.053608156347763725,0.019451389933237806,3.6313324570655823,0.6539718825370073,0.0822435180307366,0.0095579946791986,3.794568680226803,1.2624548003077507,0.6584211755543947,0.618252600543201
804864,0.07209805358434096,0.02739998622564599,3.6386167109012604,0.6698554754257202,0.10383393440861255,0.015611329698003829,3.792647048830986,1.3302304856479168,0.7713490379974246,0.762706883251667
805888,0.0531152221665252,0.02042596583487466,3.766749255359173,0.6031093951314688,0.1080263372277841,0.011453547907876782,3.987865947186947,1.625846967101097,0.5870954170823097,0.6209968188777566
806912,0.052513008820824325,0.028444695082725957,3.775167189538479,0.5937948655337095,0.09708310681162402,0.023248640267411247,3.7668762505054474,1.3162915483117104,0.648879487067461,0.5865606591105461
807936,0.0626326592755504,0.021576268452918157,3.9060862362384796,0.7492748722434044,0.07988698832923546,0.014827704115305096,3.7202593982219696,1.362266156822443,0.6567167919129133,0.7294039102271199
808960,0.03933451056946069,0.04646582645364106,3.855468638241291,0.8259385675191879,0.0869481367408298,0.03284658637130633,3.506859727203846,1.3495235033333302,0.9212003601714969,0.8327423818409443
809984,0.06554603870608844,0.02700483606895432,3.8999224975705147,0.8061496336013079,0.09361531696049497,0.014589887665351853,3.778302878141403,2.002673353999853,0.8656077524647117,0.6006440129131079
811008,0.05557359516387805,0.035775043768808246,3.588794454932213,0.5419271495193243,0.1531503115547821,0.02313026343472302,3.882078304886818,1.5946542397141457,0.7107459921389818,0.7762746689841151
812032,0.04199806851102039,0.04420481761917472,3.8968426138162613,0.7529101949185133,0.06818565537105314,0.03738831914961338,3.488538235425949,1.3694834485650063,0.7678632065653801,0.9176284465938807
813056,0.056876101793022826,0.03136700845789164,3.8671220168471336,0.6873005144298077,0.10159805533476174,0.020824227016419172,3.5987701192498207,1.2726981546729803,0.7999927196651697,0.7537694312632084
814080,0.039551855967147276,0.04074425285216421,3.7728541493415833,0.7389918342232704,0.0861110016121529,0.027527450874913484,3.5021471604704857,1.2839271500706673,0.8135481365025043,0.919388048350811
815104,0.05908400997577701,0.03463635983644053,3.6947331205010414,0.7056404929608107,0.12695620564045385,0.02899696509120986,3.726685009896755,1.2767317332327366,0.7705751061439514,0.7803137116134167
816128,0.04718418713309802,0.034298795158974826,3.700414277613163,0.6101676858961582,0.07560448528965935,0.0300710970768705,3.7245400846004486,1.3248689025640488,0.7475562915205956,0.816602498292923
817152,0.04948387044714764,0.036856323247775435,3.8124377727508545,0.7418646961450577,0.11806459503713995,0.030914053553715348,3.3899010643363,0.9946847781538963,0.8624328104779124,1.1970890294760466
818176,0.056183805980253965,0.039005542756058276,3.4003685414791107,0.489505079574883,0.12486913823522627,0.02872017415938899,3.693499594926834,1.1232954002916813,0.9265927821397781,0.9245902616530657
819200,0.05350456514861435,0.046130325412377715,3.863450050354004,0.7163920402526855,0.09671418758807704,0.028728316363412887,3.832686185836792,1.4793586805462837,0.8484299378469586,0.7442531976848841
820224,0.07844667564495467,0.019555381033569574,3.7087995260953903,0.7642629090696573,0.11873254075180739,0.012525945610832423,3.7327444329857826,1.322956558316946,0.716947234235704,0.46788325160741806
821248,0.04758541868068278,0.04326042300090194,3.820215404033661,0.7901650154963136,0.07893431757111102,0.03038960523554124,3.6156526431441307,1.2353561539202929,0.7767657618969679,0.7202720213681459
822272,0.054033960186643526,0.033537129347678274,3.927259661257267,0.9694825056940317,0.08128876821137965,0.02129866651375778,3.9156476706266403,1.6370518207550049,0.6568396352231503,0.5596697712317109
823296,0.06340116652427241,0.04280573199503124,3.919040933251381,0.948807155713439,0.12668365228455514,0.027326685143634677,3.7065301090478897,1.2981811687350273,0.8420982137322426,0.5880204578861594
824320,0.08115312724839896,0.03722964570624754,3.701287917792797,0.7277269940823317,0.1017020897124894,0.028435419721063226,3.580888345837593,1.0745001453906298,0.8494879305362701,0.6330354390665889
825344,0.05458603225997649,0.03631217195652425,3.8508942052721977,0.801309259608388,0.08395844924962148,0.027544432145077735,3.7088356018066406,1.3960390016436577,1.1677499432116747,0.6211139019578695
826368,0.07129839982371777,0.03319276974070817,3.812320053577423,0.7986839171499014,0.10056545177940279,0.025626511604059488,3.604608252644539,1.4336332976818085,0.8801203034818172,0.9404133474454284
827392,0.0637771024776157,0.02986365807009861,3.786989562213421,0.656953077763319,0.1864825035445392,0.025391491712071,4.321250684559345,2.599986668676138,0.6995224077254534,0.665905692614615
828416,0.046704825974302366,0.03765944403130561,3.7700342163443565,0.7295104581862688,0.12330808344995603,0.025666054512839764,3.847076043486595,1.420480515807867,0.7251621093600988,0.6146089555695653
829440,0.0479988657461945,0.039998749969527125,3.884948045015335,0.7783588226884604,0.08718131002387963,0.028203044435940683,3.8188595846295357,1.514487024396658,0.7464540861546993,0.6681862203404307
830464,0.0560323391109705,0.03190012922277674,3.713491551578045,0.6429292894899845,0.14149951236322522,0.015521424589678645,3.868829056620598,1.3609203062951565,0.8078784430399537,0.7112505249679089
831488,0.0589658044045791,0.03951398696517572,3.838946245610714,0.7727597374469042,0.1336625819094479,0.0237691979855299,3.9937151819467545,1.631330732256174,0.6940700737759471,0.45752750895917416
832512,0.07688341219909489,0.052107509691268206,3.5745222866535187,0.6151655688881874,0.18150905752554536,0.03281303256517276,4.061550997197628,1.487312886863947,0.7510362407192588,0.63853370398283
833536,0.05123444455966819,0.025722727936226875,3.7754213735461235,0.7336722034960985,0.08977837912971154,0.013966267259093001,3.6726125702261925,1.2003602366894484,0.7280656574293971,0.7903861552476883
834560,0.053974574664607644,0.022399923822376877,3.7354327142238617,0.6708076372742653,0.10565510112792253,0.014167327870381996,3.7486514300107956,1.281835325062275,0.7323889499530196,0.8798599354922771
835584,0.04572757752612233,0.014898635185090825,3.6850197315216064,0.5828053969889879,0.09964976529590786,0.012791960325557739,3.617877423763275,1.1486532669514418,0.8602212285622954,0.7699755411595106
836608,0.06101741181919351,0.038384914165362716,3.8957448229193687,0.7965138554573059,0.04764345826697536,0.03328761417651549,3.754912570118904,1.3038000352680683,0.8155921567231417,0.7398063633590937
837632,0.05121870536822826,0.021681869693566114,3.851838193833828,0.6882968991994858,0.08420968221616931,0.01768443817854859,3.8151242807507515,1.3764025829732418,0.7029970204457641,0.9140793289989233
838656,0.045931977132568136,0.04792603279929608,3.7411723509430885,0.6365898065268993,0.12872106913710013,0.031024152180179954,3.70284191519022,1.31713442876935,0.9482854716479778,0.97279904037714
839680,0.049883810366736725,0.04011114174500108,3.9477084577083588,0.7785298880189657,0.07485164242098108,0.0272819081437774,3.6996835619211197,1.5445476844906807,0.8411406390368938,0.8800414428114891
840704,0.0593012361205183,0.03100236237514764,3.759339801967144,0.7245820704847574,0.14870471064932644,0.018227553024189547,3.880610004067421,1.4348567314445972,0.5500663360580802,0.7426182786002755
841728,0.07102567492984235,0.038407894084230065,3.787628434598446,0.6977652665227652,0.09980706393253058,0.034089064109139144,3.6813086569309235,1.265609858557582,0.6032064743340015,0.7150433268398046
842752,0.07221690268488601,0.03056657558772713,3.7697480842471123,0.7033540867269039,0.10230367654003203,0.01839820819441229,3.950835905969143,1.453276615589857,0.5669855186715722,0.7403804128989577
843776,0.062189119795220904,0.035457742284052074,3.687785118818283,0.6169042941182852,0.11656307894736528,0.019520636036759242,3.6493940949440002,1.295420341193676,0.6086308900266886,0.6675172932446003
844800,0.05695091196685098,0.03391158767044544,3.869920901954174,0.746644077822566,0.06695907568791881,0.024863622966222465,3.432917647063732,1.1195677518844604,0.6152918571606278,0.7941577602177858
845824,0.030300703438115306,0.026477410458028316,3.9928766414523125,0.8077457305043936,0.07728600458358414,0.020853606110904366,3.7794410064816475,1.6707309857010841,0.7279076399281621,0.8000127542763948
846848,0.07013623783132061,0.06274752249009907,3.6177171617746353,0.6505680289119482,0.16015466675162315,0.043075669440440834,3.642271064221859,1.0925230029970407,0.8279498917981982,1.0243496298789978
847872,0.039807657318306156,0.025963592226617038,3.634446032345295,0.5277789840474725,0.06819988694041967,0.016103280446259305,3.941815607249737,1.8984237276017666,1.0415166495367885,0.7233377015218139
848896,0.052952660334995016,0.03686328121693805,3.9187240973114967,0.7813437692821026,0.10665413370588794,0.023669737216550857,4.1627069637179375,2.110164053738117,0.8263945234939456,0.7428755005821586
849920,0.05017905664863065,0.029840610513929278,3.718300111591816,0.6198029313236475,0.14425441599451005,0.02044592730817385,3.9823090881109238,1.8310465551912785,0.9642640724778175,0.8521716929972172
850944,0.06729428831022233,0.055785497766919434,3.637357771396637,0.6655917316675186,0.17013795860111713,0.03431512089446187,4.026033967733383,1.6885338574647903,0.7669931566342711,0.5931159043684602
851968,0.06414022360695526,0.04800983134191483,3.738488219678402,0.7011514771729708,0.11723059136420488,0.043666710262186825,3.4511569440364838,0.8046943582594395,1.033976249396801,1.1686076987534761
852992,0.037013168213889,0.026684539334382862,3.9358994513750076,0.7964046094566584,0.07780348544474691,0.020683807641034946,3.8987592458724976,1.5856936909258366,0.9736997876316309,0.706854653544724
854016,0.05780433930340223,0.036954041570425034,3.826888218522072,0.6960278023034334,0.0745330650388496,0.025517041416605935,3.350602924823761,1.0220996998250484,0.609940973110497,0.7697957269847393
855040,0.06269029201939702,0.0465540392906405,3.6544042453169823,0.6049666907638311,0.10164919425733387,0.028905073006171733,3.3998517617583275,1.1166638378053904,0.6738618398085237,0.946954264305532
856064,0.05525622580898926,0.035972667625173926,3.8005295246839523,0.6838114596903324,0.10624144005123526,0.027055762824602425,3.507175199687481,1.1720907464623451,0.7806523991748691,0.7369912406429648
857088,0.07032557856291533,0.03126515093026683,3.796394631266594,0.7162999082356691,0.11310980131383985,0.022951745020691305,3.4331306517124176,0.9017911609262228,0.6127651520073414,0.6581403613090515
858112,0.05755589038017206,0.043827473011333495,3.7388102635741234,0.6809042114764452,0.13943695212947205,0.02184268820565194,3.519268773496151,0.9633864797651768,0.9147965759038925,0.8144272034987807
859136,0.05289976739732083,0.04463693615980446,3.759540006518364,0.6846228782087564,0.11806980276014656,0.03013948243460618,3.756008490920067,1.092004081234336,0.8445518147200346,0.6749585410580039
860160,0.05319236002105754,0.024722707632463425,3.881624884903431,0.7052404098212719,0.10872331552673131,0.016297780064633116,3.789766378700733,1.194131787866354,0.7252525361254811,0.7201895834878087
861184,0.05999661737587303,0.03467423625988886,3.805535815656185,0.7533340398222208,0.1251858804607764,0.026145035692024976,3.752658374607563,1.1214090026915073,0.7133372649550438,0.690224464982748
862208,0.04970589322329033,0.03917493688641116,3.7615769132971764,0.6813828032463789,0.088369952281937,0.018281291500898078,3.613431438803673,1.1202110033482313,0.6703630741685629,0.7663300335407257
863232,0.05075989257602487,0.03162393858656287,3.7551955953240395,0.6364915445446968,0.12642320606391877,0.02537124848458916,3.7298351898789406,1.2134049907326698,0.6884682085365057,0.7299386905506253
864256,0.05075780936749652,0.030525506008416414,3.581433020532131,0.4724493883550167,0.1327475772704929,0.014281462485087104,3.61639541387558,1.1697940826416016,0.8316898383200169,0.9996486781165004
865280,0.053037013160064816,0.03697281831409782,3.8380625769495964,0.844726175069809,0.14374771737493575,0.019878758292179555,4.03298532217741,1.385126568377018,0.6115369228646159,0.744007270783186
866304,0.06742269260575995,0.023622784879989922,3.9956120774149895,0.8857439868152142,0.0997590902261436,0.016228546563070267,3.9542761594057083,1.5083763748407364,0.7040617782622576,0.8093149298802018
867328,0.0607800132711418,0.030823448323644698,3.8073985055088997,0.7183502689003944,0.10067651851568371,0.021179557079449296,3.8550782203674316,1.193092854693532,0.811790231615305,0.7687146700918674
868352,0.04431450511037838,0.029707458219490945,3.7630706056952477,0.7385477107018232,0.16053965827450156,0.0194867454119958,3.9062131196260452,1.2095395661890507,0.8367861527949572,0.880546722561121
869376,0.056849620828870684,0.024493280972819775,3.725912258028984,0.6383124906569719,0.1103356909006834,0.013756060623563826,3.8775241896510124,1.149867244064808,0.8133460283279419,0.9041106225922704
870400,0.03772089962149039,0.024436485138721764,3.7767327055335045,0.6367220338433981,0.06488779358915053,0.02204286417691037,3.981277897953987,1.4429730996489525,0.8653571670874953,0.979940171353519
871424,0.06213713530451059,0.03572299866937101,3.8839338421821594,0.8541297316551208,0.10485369071830064,0.02233050565700978,3.879128508269787,1.4482615813612938,0.8831358179450035,0.8206710405647755
872448,0.061689235939411446,0.01849931519245729,3.9528071209788322,0.8388778306543827,0.13491438631899655,0.013749760168138891,4.217008158564568,2.045360956341028,0.7665529008954763,0.8905286574736238
873472,0.05083656593342312,0.030887854809407145,3.699822060763836,0.6112463045865297,0.10650304751470685,0.022683987102936953,3.8040366992354393,1.3807711638510227,0.9095935644581914,0.6804963573813438
874496,0.059795435663545504,0.027702576655428857,3.840642422437668,0.7920661382377148,0.12122174364048988,0.013766114367172122,3.8377578034996986,1.3974265977740288,0.8322696294635534,0.6888237670063972
875520,0.03960419644135982,0.037821426056325436,3.9351041465997696,0.7751509957015514,0.11093705036910251,0.025105109671130776,3.7711261361837387,1.417365588247776,1.0114406514912844,0.749766506254673
876544,0.06777885052724741,0.03332595538813621,3.8435229808092117,0.7304999828338623,0.12895524688065052,0.015225432842271402,3.5556911677122116,1.148090898990631,0.6917382553219795,0.625810750760138
877568,0.04413561915862374,0.027013832877855748,3.8519696593284607,0.7429957389831543,0.08923032222082838,0.02797069650841877,3.652551345527172,1.1231837254017591,0.7041358379647136,0.7147573046386242
878592,0.08474275341723114,0.04697248060256243,3.687634214758873,0.7642239052802324,0.1259265496628359,0.027920142078073695,3.299183025956154,0.8402432892471552,0.8050433611497283,0.8062167996540666
879616,0.049218944885069504,0.02918354410212487,3.66850733011961,0.6759928381070495,0.08440178795717657,0.016159404040081427,3.7213905453681946,1.2101328298449516,0.6891878107562661,0.979005835019052
880640,0.05015628311957698,0.024928098428063095,3.741725981235504,0.6388910748064518,0.07672222191467881,0.019120878831017762,3.8684860318899155,1.5368018224835396,0.7266778331249952,0.6814374942332506
881664,0.05063623673049733,0.03997106885071844,3.8958869501948357,0.7924290280789137,0.09173719718819484,0.022146860806969926,3.5554738640785217,1.2014633119106293,0.936126783490181,0.754461869597435
882688,0.06042012639227323,0.04325060494011268,3.85684335231781,0.7986185532063246,0.11397470359224826,0.02426330343587324,3.3895703330636024,0.9680191352963448,0.8631838466972113,0.7340647326782346
883712,0.05794500428601168,0.03482826764229685,3.710606314241886,0.6884842123836279,0.11492306529544294,0.020958387234713882,3.538573272526264,1.0949237700551748,0.8321765176951885,0.6903777960687876
884736,0.06267311057308689,0.03825251152738929,3.7558898478746414,0.6742350645363331,0.09333754348335788,0.02264743688283488,3.3454569876194,1.0102026388049126,0.6984057305380702,0.7201521350070834
885760,0.0429633666499285,0.027207844075746834,3.63250545412302,0.5578842293471098,0.14416410448029637,0.018008969665970653,3.981481336057186,1.5799497812986374,0.7456089314073324,0.7097645998001099
886784,0.05929712322540581,0.02472470240900293,3.7078353986144066,0.6514012645930052,0.12047086970414966,0.017817000189097598,3.7550570741295815,1.1837809681892395,0.8725761184468865,0.762865855358541
887808,0.053586005145916715,0.021043930028099567,4.029024571180344,0.84810446575284,0.09822025810717605,0.015052457107231021,3.8508155941963196,1.2463171668350697,0.6009629406034946,0.7294899541884661
888832,0.05571331223472953,0.025039280531927943,4.057091750204563,0.9430066868662834,0.08376394712831825,0.015648070577299222,3.9350617974996567,1.4516527764499187,0.6395899057388306,0.5632315678521991
889856,0.06575991085264832,0.028213308774866164,3.9248249605298042,0.8523747026920319,0.07526582817081362,0.021267018310027197,3.507691875100136,1.2366883791983128,0.6626628143712878,0.852353828959167
890880,0.05146577605046332,0.035390721866860986,3.796759508550167,0.7151212599128485,0.07790172332897782,0.022731347649823874,3.748984344303608,1.4733616448938847,0.6607150677591562,0.7614919217303395
891904,0.060840789577923715,0.037586916354484856,3.935386084020138,0.7871415335685015,0.05588207094115205,0.020882146898657084,3.763926662504673,1.7798562124371529,0.9386519063264132,0.7306081308051944
892928,0.07275175620452501,0.03193704318255186,3.7520043775439262,0.6224831212311983,0.1978979327250272,0.019554527942091227,4.046159990131855,1.9636697098612785,0.6661558421328664,0.7966885073110461
893952,0.05580338969593868,0.021891380776651204,3.7140709459781647,0.5747064463794231,0.07557123259175569,0.015786455915076658,3.2213906571269035,0.9725717194378376,0.6041323067620397,0.6515403371304274
894976,0.04025973175885156,0.024420246190857142,3.6541689559817314,0.5645154947414994,0.09412680071545765,0.01448628400976304,3.7802248001098633,1.3762361332774162,0.6772799594327807,0.7746074218302965
896000,0.060418346256483346,0.037285195430740714,3.7049978971481323,0.5720793437212706,0.10523094981908798,0.019727713195607066,3.584462210536003,1.1763665098696947,0.8109639594331384,0.8320978619158268
897024,0.046272264400613494,0.026513810735195875,3.836529940366745,0.6754872091114521,0.10165720526129007,0.01713026623474434,3.846338525414467,1.716454867273569,0.7436346234753728,0.9777598306536674
898048,0.07831019473087508,0.020775799435796216,3.927278518676758,0.8103570938110352,0.1361968027194962,0.01702090274193324,3.834621898829937,1.443775199353695,0.6817890843376517,0.6380612617358565
899072,0.03621244168607518,0.025599458487704396,3.8017606884241104,0.6839388720691204,0.07351603853749111,0.015888059278950095,3.4636258259415627,1.1933079361915588,0.6926945028826594,0.9298302615061402
900096,0.07863098429515958,0.026815179677214473,3.9054816588759422,0.7716420665383339,0.136993833235465,0.01344750844873488,3.5815481320023537,1.0113968346267939,0.6760187093168497,0.7972347931936383
901120,0.06200049433391541,0.032231163466349244,3.8189642131328583,0.6527864523231983,0.09476348868338391,0.015810122044058517,3.8763883858919144,1.4465200938284397,0.7702825525775552,0.6752795660868287
902144,0.06792427896289155,0.019464473269181326,3.9639783203601837,0.7391025051474571,0.05501723475754261,0.010251050058286637,3.9052173420786858,1.7616866566240788,0.641568822786212,0.7885809149593115
903168,0.05139881148352288,0.03433093067724258,3.8642126321792603,0.7228168528527021,0.10051691133412533,0.02264992630807683,3.5822847113013268,1.3087023720145226,0.7952635576948524,0.9099549651145935
904192,0.053484128788113594,0.022360245347954333,3.9053949415683746,0.7137375064194202,0.06882072694133967,0.019978435739176348,3.590696781873703,1.4086163602769375,0.7203178331255913,0.8065635776147246
905216,0.03864235169021413,0.03777891839854419,3.9593942016363144,0.8340862020850182,0.10701465792953968,0.03202447068179026,3.866875559091568,1.6409828625619411,0.7662328481674194,0.8595431465655565
906240,0.05637538630980998,0.05571124772541225,3.571886830031872,0.6539528984576464,0.14102962729521096,0.036336942575871944,3.5789209753274918,1.0168445594608784,0.7828603535890579,1.0087986374273896
907264,0.04909746226621792,0.02781249734107405,3.9036338478326797,0.984328743070364,0.07938640992506407,0.016473087162012234,3.9093279018998146,1.6376202888786793,0.6510821152478456,0.7258680043742061
908288,0.0625804166047601,0.04710801527835429,3.761359676718712,0.7616741936653852,0.11868880630936474,0.02276420991984196,3.730094254016876,1.5373514629900455,0.7822141163051128,0.7592410985380411
909312,0.09177106735296547,0.026101781288161874,4.01166907697916,0.8806626591831446,0.10854660399490967,0.019577896397095174,3.573451481759548,1.1827904619276524,0.4997279429808259,0.6109141176566482
910336,0.07140887557761744,0.016234894224908203,3.770674705505371,0.6781070306897163,0.12625081645091996,0.01495006398181431,3.6175866797566414,1.1875406857579947,0.5310683725401759,0.736709812656045
911360,0.05487939968588762,0.03413770074257627,3.685757525265217,0.6305959559977055,0.11134046781808138,0.02896313607925549,4.078234165906906,1.6615448780357838,0.6060707364231348,1.115706393495202
912384,0.045539012673543766,0.026093589491210878,3.9384622275829315,0.7915797028690577,0.10164801386417821,0.014731233706697822,3.9534087479114532,1.481781516224146,0.6347573213279247,0.7295839414000511
913408,0.07901803479762748,0.02699085045605898,3.7469676434993744,0.6391187161207199,0.13381709228269756,0.016449079223093577,3.721734307706356,1.3103872425854206,0.6187431551516056,0.5917868195101619
914432,0.06453694845549762,0.033319708018098027,3.5406098887324333,0.5168753294274211,0.13430598564445972,0.027720748039428145,3.7307032346725464,1.109676219522953,0.6386948898434639,0.7595136957243085
915456,0.05528632640198339,0.02185511396965012,3.5430853962898254,0.5222376650199294,0.12707636994309723,0.013461135138641112,3.46377070248127,0.9325262233614922,0.6812526863068342,0.8194929044693708
916480,0.047692192150861956,0.03510705538792536,3.7255636006593704,0.6243875157088041,0.12074729427695274,0.025907691713655367,3.7432905733585358,1.1001274921000004,0.70018410962075,0.9047721857205033
917504,0.050244682788616046,0.027506433019880205,3.8716639280319214,0.6824227329343557,0.0685674463165924,0.02186530685867183,3.8823998495936394,1.5280726719647646,0.648917461745441,0.5522839473560452
918528,0.08301307901274413,0.0338298684800975,3.6629697903990746,0.6635703649371862,0.18439225875772536,0.02764361590379849,3.6688667237758636,1.106519216671586,0.6532948696985841,0.8081259718164802
919552,0.07625212175480556,0.01814096252201125,3.754119224846363,0.6625081468373537,0.07078634516801685,0.01346932799788192,3.4012195244431496,0.9535185545682907,0.8060677982866764,0.7638813424855471
920576,0.06193687912309542,0.026684465759899467,3.738499365746975,0.63195626065135,0.08301411318825558,0.0169561110669747,3.8742636144161224,1.4294654205441475,0.6503459457308054,0.5969138275831938
921600,0.05147051691892557,0.02985757280839607,3.874282978475094,0.7399914208799601,0.113505982037168,0.016872875537956133,3.989683486521244,1.4413237944245338,0.5528765209019184,0.7309488337486982
922624,0.05977438797708601,0.031036937492899597,3.7725143805146217,0.6228340622037649,0.07763951172819361,0.021480435912963003,4.002052493393421,1.776071224361658,0.6353361504152417,0.8648814270272851
923648,0.045377877686405554,0.04382003890350461,3.7348721250891685,0.6279897093772888,0.11167372763156891,0.030596674769185483,3.8500884026288986,1.5274797603487968,0.7476956201717257,0.6979618817567825
924672,0.05328278473461978,0.04096940183080733,3.677250176668167,0.6503150388598442,0.1311914185353089,0.027969065180514008,3.917759530246258,1.610512189567089,0.7356704380363226,0.8042788980528712
925696,0.058957636763807386,0.032010701310355216,3.8356576561927795,0.7664054427295923,0.13322529813740402,0.015160050243139267,3.8960984721779823,1.5639140456914902,0.8006884986534715,0.6857841070741415
926720,0.05779276572866365,0.053592402837239206,3.772857464849949,0.6831679418683052,0.09484144239104353,0.037099920329637825,3.8492016047239304,1.3482800461351871,1.0037804786115885,0.8902419526129961
927744,0.04963681181834545,0.03607410128461197,3.8197199031710625,0.7378715965896845,0.08945302525535226,0.02405665916739963,3.981854222714901,1.5012633129954338,0.6422566957771778,0.7960118856281042
928768,0.08026029984466732,0.03596834099153057,3.7287983670830727,0.6866692900657654,0.12349498004186898,0.01797489376622252,3.697002738714218,1.2159806676208973,0.7127607241272926,0.6268520588055253
929792,0.060252279246924445,0.021347658679587767,3.6766033843159676,0.578401243314147,0.13060725771356374,0.010048678450402804,3.6761030927300453,1.2447957806289196,0.6215530131012201,0.6972443703562021
930816,0.046110809955280274,0.022760700958315283,3.668948322534561,0.5321238357573748,0.08856226009083912,0.009904079299303703,4.0685484409332275,1.6989235281944275,0.5327302515506744,0.5947023229673505
931840,0.04242084776342381,0.03480979666346684,3.800267279148102,0.7001681569963694,0.07671749166911468,0.017478834022767842,3.8217262625694275,1.462139293551445,0.8392073176801205,0.7612231662496924
932864,0.05444421380525455,0.03348771668970585,3.7980386838316917,0.7655095309019089,0.12026058346964419,0.022314491914585233,3.3736662194132805,0.9980465173721313,0.806086553260684,1.0086060129106045
933888,0.06929967561154626,0.034649685432668775,3.8510847687721252,0.7427749708294868,0.12822125002276152,0.020039738941704854,3.718394346535206,1.2433814704418182,0.545258735306561,0.7173715084791183
934912,0.05268723797053099,0.018700485728913918,3.6939664259552956,0.5914377961307764,0.11064687816542573,0.016477138822665438,3.6417448967695236,1.1638705544173717,0.5280808275565505,0.6011630110442638
935936,0.05484696495113894,0.03479543112916872,3.68538711220026,0.624409606680274,0.099145353626227,0.017489689722424373,3.7371170669794083,1.379761092364788,0.5392900817096233,0.6492211343720555
936960,0.062052773631876335,0.03197801543865353,3.623169779777527,0.5562466029077768,0.1033229028689675,0.028281255799811333,3.5328399389982224,1.1391546092927456,0.660662466660142,0.7535435557365417
937984,0.05090803964412771,0.025473600631812587,3.606132410466671,0.5527360280975699,0.13070471887476742,0.017998701805481687,3.7996948808431625,1.3355768509209156,0.46887567918747663,0.6949333259835839
939008,0.039498001511674374,0.021986250183545053,3.5154116824269295,0.47923632338643074,0.0794399683654774,0.012754556082654744,3.6386482045054436,1.1565526518970728,0.6434856755658984,0.6758544594049454
940032,0.06886464438866824,0.02778123418102041,3.847864180803299,0.7009590081870556,0.0878111831843853,0.014532497589243576,3.7211505100131035,1.2096387799829245,0.7209375752136111,0.7706469558179379
941056,0.05164483634871431,0.03149256738834083,3.651136577129364,0.6717994883656502,0.09130205528344959,0.01702563083381392,3.861846223473549,1.5920401588082314,0.6053690975531936,0.6114739952608943
942080,0.05539733820478432,0.03014789940789342,3.800496496260166,0.6500269304960966,0.08645123441237956,0.01565874836524017,3.8111561983823776,1.7732362151145935,0.5470438310876489,0.6115735955536366
943104,0.061610737524461,0.024787829141132534,3.7933854088187218,0.6584896706044674,0.10443872757605277,0.0162713925819844,3.5666379258036613,1.327037949115038,0.5626441203057766,0.776478523388505
944128,0.050162858271505684,0.0337367937900126,3.792903356254101,0.6549890879541636,0.1139205438666977,0.022417916101403534,3.5748580396175385,1.2641803584992886,0.6587018119171262,0.838018411770463
945152,0.060827313689514995,0.03536707075545564,3.7668757513165474,0.6725004110485315,0.1114631126401946,0.01879850562545471,3.5556823536753654,1.1308948621153831,0.7996517280116677,0.8472611410543323
946176,0.06149597530020401,0.01979002292500809,3.8355095386505127,0.6879095993936062,0.09712160925846547,0.011145159412990324,3.6222130060195923,1.306801676750183,0.4697974529117346,0.6320815617218614
947200,0.0522051059815567,0.021604687499348074,3.676406241953373,0.5829664971679449,0.1243840903043747,0.009252519172150642,3.49354038387537,1.1151072829961777,0.5500449351966381,0.6425481364130974
948224,0.049525727445143275,0.018442674627294764,3.5612133368849754,0.5279611395671964,0.11477838770952076,0.01389739103615284,3.7351519092917442,1.2521273382008076,0.6586378188803792,0.666834132745862
949248,0.05076387940789573,0.04117729188874364,3.8445552811026573,0.8196913581341505,0.08593151991954073,0.03042075247503817,3.866038426756859,1.532065337523818,0.6486392160877585,0.7619487093761563
950272,0.04519623896339908,0.0578874375205487,3.900221534073353,0.8930684141814709,0.0868261078139767,0.028520381136331707,3.8581217229366302,1.3680125437676907,0.6010422930121422,0.7018916895613074
951296,0.07711934112012386,0.0415809519472532,3.9133932664990425,0.7439444158226252,0.12722131668124348,0.02741260948823765,3.956938847899437,1.5730762779712677,0.8158740876242518,0.8318063905462623
952320,0.05231351146358065,0.041890802269335836,3.7663214281201363,0.7047727778553963,0.10319781297584996,0.0303672956652008,3.8621108680963516,1.4843608811497688,0.7413757126778364,0.897805224172771
953344,0.057435220485785976,0.03746292827418074,3.6887093856930733,0.616968659684062,0.12462388497078791,0.021529251884203404,3.9287771210074425,1.4658743850886822,0.731537607498467,0.7165344869717956
954368,0.05420238565420732,0.022806065127952024,3.596269093453884,0.48704414442181587,0.12134725973010063,0.015459196933079511,3.775315783917904,1.3187527731060982,0.742273086681962,0.7488740235567093
955392,0.038823059876449406,0.03481807641219348,3.810635931789875,0.751881530508399,0.08240895354538225,0.015094084345037118,3.701762966811657,1.3121529072523117,0.5467289816588163,0.6872991165146232
956416,0.05626954190665856,0.02427665767027065,3.8864178135991096,0.7307173646986485,0.12653348525054753,0.02248948489432223,3.955817051231861,1.6214306876063347,0.6107125766575336,0.6750113284215331
957440,0.07012324724928476,0.04431487916735932,3.953940622508526,0.8099694345146418,0.1282871812582016,0.025476677430560812,4.040794797241688,1.4708847217261791,0.6406411025673151,0.6037991065531969
958464,0.06245619597029872,0.03620512777706608,3.7854400351643562,0.6325803361833096,0.09351550412247889,0.023806611337931827,3.8310885205864906,1.5583113469183445,0.6993153188377619,0.5914796972647309
959488,0.06665461335796863,0.042403323168400675,3.6999043226242065,0.6538111194968224,0.10029711021343246,0.03175556112546474,3.6168088614940643,1.3069941028952599,0.7400404047220945,0.9291214402765036
960512,0.06380105903372169,0.019992724526673555,3.8081176429986954,0.6789017710834742,0.093244721472729,0.019467830075882375,3.694671094417572,1.3744874615222216,0.5884161405265331,0.8193831592798233
961536,0.06478252343367785,0.021201557450694963,3.552538976073265,0.5816903654485941,0.09254710399545729,0.013918883545557037,3.584995813667774,1.240597940981388,0.6708227638155222,0.6652734875679016
962560,0.05653657528455369,0.02101828414015472,3.719863072037697,0.6436054892838001,0.14626956346910447,0.012959716899786144,3.6311885491013527,1.2188382893800735,0.7764163529500365,0.7618207363411784
963584,0.029572336774435826,0.022069988423027098,3.8844720870256424,0.8169304933398962,0.06382247619330883,0.020604422956239432,3.709730885922909,1.2067936100065708,0.9686422115191817,1.0036120750010014
964608,0.047706201643450186,0.029515300993807614,3.8602273613214493,0.7046216726303101,0.10093718642019667,0.015186196949798614,3.872678928077221,1.4402210116386414,0.5800097351893783,0.5545688290148973
965632,0.048113332770299166,0.03990669851191342,3.989794224500656,0.8759444691240788,0.11961874651024118,0.029740768892224878,4.015195019543171,1.5903914757072926,0.8137998441234231,0.6247892118990421
966656,0.07639056537300348,0.06367117876652628,3.6486797258257866,0.632721159607172,0.1313747690874152,0.03709126356989145,3.7689870670437813,1.2793268524110317,0.9161999318748713,0.5917628081515431
967680,0.03813524640281685,0.03162089211400598,3.632269859313965,0.5737656056880951,0.06828143098391593,0.01800540933618322,3.8246641531586647,1.403486404567957,0.7854900090023875,0.5480441637337208
968704,0.05054126562026795,0.023652568401303142,3.785037264227867,0.6337154805660248,0.16566192801110446,0.026336356298997998,4.122586935758591,1.691563405096531,0.9384783357381821,0.6745380740612745
969728,0.05379354146134574,0.031123050197493285,3.9172232896089554,0.7518686112016439,0.08641242719022557,0.0195211973041296,4.129353076219559,1.8247122094035149,0.7271462669596076,0.6482469690963626
970752,0.070406705228379,0.03811853507068008,3.705187641084194,0.680951714515686,0.13888538780156523,0.025087972404435277,3.9531812369823456,1.6659050658345222,0.8078747978433967,0.8406231226399541
971776,0.05283635813975707,0.026761415123473853,3.72273525595665,0.6021941117942333,0.15361568960361183,0.014081066270591691,3.8361466825008392,1.4910622984170914,0.6332091046497226,0.8034657342359424
972800,0.0635351033997722,0.03092400071909651,3.9880426675081253,0.7945676073431969,0.10213693068362772,0.02102018875302747,3.8882743269205093,1.3924804218113422,0.7130755688995123,0.5975884413346648
973824,0.055149568972410634,0.027747064596042037,3.8913050442934036,0.8388639464974403,0.06608751257590484,0.017705233593005687,3.804676376283169,1.273224163800478,0.6813568035140634,0.5895602637901902
974848,0.0656690524192527,0.029579655558336526,3.9385472014546394,0.7822165880352259,0.10999734565848485,0.01964735786896199,3.7853799387812614,1.3567574359476566,0.6151870647445321,0.6618917649611831
975872,0.056884747464209795,0.029654568410478532,3.7935048043727875,0.6675067972391844,0.06467841356061399,0.01584512781118974,3.696236476302147,1.469936665147543,0.6824753955006599,0.8221089076250792
976896,0.046258796646725386,0.047402772470377386,3.7370838671922684,0.6837679855525494,0.08676172932609916,0.028345830622129142,3.647680975496769,1.476637788116932,0.6689766552299261,0.8041853494942188
977920,0.0439336646522861,0.027002580638509244,3.9048027843236923,0.8254870567470789,0.08442758725141175,0.020075297768926248,3.848620928823948,1.6660795323550701,0.5692425379529595,0.7637317320331931
978944,0.05950572187430225,0.022516607714351267,3.909038133919239,0.759160665795207,0.1479700702475384,0.016592093335930258,3.59846942871809,1.433286439627409,0.5076642828062177,0.7563388226553798
979968,0.054658700100844726,0.028131188009865582,3.814940467476845,0.6868471540510654,0.14562168787233531,0.016375650389818475,3.929074928164482,1.5078024975955486,0.5884334575384855,0.6021243343129754
980992,0.05933029024163261,0.029101489984896034,3.5854827165603638,0.5878129322081804,0.1106890506343916,0.015460791561054066,3.382628880441189,0.9727508164942265,0.9338235091418028,0.8080147560685873
982016,0.06527776824077591,0.037279840442352,3.662917546927929,0.6352047473192215,0.11689661507261917,0.036977323587052524,3.577355958521366,0.981082497164607,0.7101882323622704,0.9063488198444247
983040,0.0454764572205022,0.04155945422826335,3.7373722791671753,0.7231867164373398,0.06282924889819697,0.02934600450680591,3.487764537334442,1.1041780766099691,0.55951470695436,0.6960845086723566
984064,0.056247361353598535,0.032764210598543286,3.7058099880814552,0.6095961313694715,0.11151854298077524,0.019228887249482796,3.6366768777370453,1.1315768286585808,0.6159010678529739,0.6794609008356929
985088,0.06538806996832136,0.04692142113344744,3.6592019498348236,0.5776116820052266,0.09940647921757773,0.036200157541316,3.544277958571911,1.0350463334470987,0.5700084585696459,0.6683860458433628
986112,0.03789036546368152,0.0347574605839327,3.7067163959145546,0.5746949687600136,0.08050286836805753,0.02121307182824239,3.7784409299492836,1.3545919321477413,0.6081199338659644,0.9258605903014541
987136,0.07395493076182902,0.04953738325275481,3.645974561572075,0.5844347234815359,0.1546598965069279,0.04236875555943698,3.845995008945465,1.2747939005494118,0.5231216391548514,0.7601985726505518
988160,0.057862992289301474,0.014917077642166987,3.545275568962097,0.48250225745141506,0.13537004822865129,0.009730683494126424,3.391152963042259,1.033079143613577,0.6291385805234313,0.7943392898887396
989184,0.05704222692293115,0.035789920133538544,3.6412559524178505,0.6508546117693186,0.11897398822475225,0.018513071903726086,3.892095349729061,1.4100645333528519,0.7623644964769483,0.6310390923172235
990208,0.04868824017466977,0.027919518179260194,3.75640719383955,0.6264757066965103,0.11724096117541194,0.017642354883719236,3.7473224475979805,1.357360277324915,0.6167427785694599,0.6365191359072924
991232,0.04265845462214202,0.028022472804877907,3.865799680352211,0.7503696996718645,0.07919569034129381,0.013485751231200993,3.8208571672439575,1.4450530409812927,0.5534572834149003,0.587420011870563
992256,0.054378859407734126,0.03137070336379111,3.926417149603367,0.7697927579283714,0.08443108035135083,0.02001882003969513,3.9321262910962105,1.5235082022845745,0.5757677331566811,0.7289105644449592
993280,0.06523779162671417,0.04072597954655066,3.7637113258242607,0.660278121009469,0.14577387075405568,0.024122129136230797,3.646823301911354,1.7057531736791134,0.7760306466370821,0.7571863243356347
994304,0.047879369638394564,0.031884661060757935,4.019501104950905,0.8531675934791565,0.08385647711111233,0.03131753532215953,3.809845983982086,1.5107506066560745,0.7704952955245972,0.7295647021383047
995328,0.0675919532077387,0.025513867964036763,3.8826360553503036,0.8449565768241882,0.1668620517011732,0.017299124971032143,4.174430251121521,1.6561590731143951,0.5806323541328311,0.531632368452847
996352,0.0537138759100344,0.029977663478348404,3.710149109363556,0.6237938590347767,0.08965757983969525,0.016594371641986072,3.5357683897018433,0.9816322010010481,0.71672189142555,0.7461269842460752
997376,0.04133221341180615,0.02434268535580486,3.6648483276367188,0.7670646514743567,0.09212020609993488,0.019804282404948026,3.6863263472914696,1.2495075231418014,0.8877315279096365,0.9264349443838
998400,0.07402278145309538,0.015460985450772569,3.791640914976597,0.7505775615572929,0.11794064322020859,0.01430309729767032,3.4831579849123955,1.036826616153121,0.5523557616397738,0.7081539453938603
999424,0.06630980831687339,0.03902141971047968,3.8391515240073204,0.687712823972106,0.1169353990117088,0.03156407253118232,3.7951025515794754,1.3606549855321646,0.7193611515685916,0.9833816764876246
