step,agv_actor_loss,agv_value_loss,agv_entropy,agv_approx_kl,pick_actor_loss,pick_value_loss,pick_entropy,pick_approx_kl,agv_grad_norm,pick_grad_norm
1024,0.1542516928166151,0.13547617732547224,4.563122481107712,1.602387998253107,0.19804639485664666,0.08317283587530255,4.451585724949837,2.3282144591212273,0.29065434634685516,0.2793047553859651
2048,0.11939743894618005,0.11752897896803916,4.296249404549599,1.2204875126481056,0.14705154177499935,0.0841643635649234,4.059861496090889,1.313035935163498,0.3051725416444242,0.37917940225452185
3072,0.1089114670176059,0.12683743820525706,4.019604206085205,0.8877031002193689,0.09589234221493825,0.06432040664367378,3.3214289844036102,0.8152665104717016,0.3411121224053204,0.3931145635433495
4096,0.11901002191007137,0.13891048589721322,3.9639740884304047,0.9193286225199699,0.11941439431393519,0.05507954000495374,3.7690707743167877,1.1852423027157784,0.3658553399145603,0.38348828069865704
5120,0.08521825366187841,0.14923300012014806,3.908888526260853,0.7995073907077312,0.07716542109847069,0.06170683796517551,3.1792730167508125,0.8064595181494951,0.5618638247251511,0.3987278859131038
6144,0.07302831462584436,0.11368285003118217,3.8560337349772453,0.7693353556096554,0.11287253745831549,0.05109154572710395,3.4851092249155045,0.9659141860902309,0.4887003321200609,0.4524632073007524
7168,0.09154471669899067,0.17844294430688024,3.8171558007597923,0.8402484767138958,0.07583395345136523,0.06220031174598262,3.3841824755072594,0.9971823859959841,0.427909467369318,0.5068178996443748
8192,0.09738375805318356,0.1316227219067514,4.204105526208878,1.2736767139285803,0.07248985531623475,0.06606004998320714,3.761920750141144,1.5350503735244274,0.42321540927514434,0.5344007136300206
9216,0.09226774843409657,0.2395346974954009,3.814370445907116,0.7796311266720295,0.2491191178560257,0.09053354803472757,4.394486181437969,2.8062857389450073,0.4787619486451149,0.45972172310575843
10240,0.09912170097231865,0.15244818455539644,3.921840660274029,0.8356193229556084,0.13649353489745408,0.05560723505914211,3.7955539599061012,1.3514417875558138,0.40780387725681067,0.5830092029646039
11264,0.11790387029759586,0.10312921204604208,4.007128432393074,0.9765850380063057,0.11106999847106636,0.037544795661233366,3.63863255828619,1.0708749257028103,0.3939226409420371,0.4835156789049506
12288,0.0744605787913315,0.12562379403971136,3.9618400260806084,0.8367636259645224,0.08877884468529373,0.04800496401730925,3.673419661819935,1.2390236295759678,0.36763204215094447,0.46405513770878315
13312,0.054142332810442895,0.18242147564888,3.797678753733635,0.6881880331784487,0.10667882859706879,0.05006943113403395,3.53410704433918,1.1653337981551886,0.46835814975202084,0.6335613755509257
14336,0.06652695033699274,0.16270487429574132,3.726772651076317,0.732490437105298,0.09525513398693874,0.04816333024064079,3.619610510766506,1.323546877130866,0.47913817316293716,0.5185204753652215
15360,0.08592343563213944,0.13132686144672334,3.7911731898784637,0.8501382004469633,0.06415480360738002,0.04719601006945595,3.503865472972393,1.275873526930809,0.4114571809768677,0.5971189476549625
16384,0.08251292177010328,0.12191335274837911,3.8306612074375153,0.7487201429903507,0.08293998462613672,0.04055080731632188,3.548634745180607,1.2614312935620546,0.42895889980718493,0.5906226290389895
17408,0.07453514041844755,0.12466130219399929,3.998464524745941,0.9167829696089029,0.08749749697744846,0.04124495934229344,3.6467307955026627,1.4252562168985605,0.4380442635156214,0.6044247569516301
18432,0.08427804941311479,0.12588795158080757,3.8105467781424522,0.7677273266017437,0.11448469932656735,0.038571691897232085,3.7975072637200356,1.3990458212792873,0.46618811693042517,0.6010101893916726
19456,0.0926740929717198,0.10428908187896013,3.9114316180348396,0.7995515838265419,0.09738122462294996,0.02993703488027677,3.6679509580135345,1.4664583839476109,0.4265769897028804,0.6406199503690004
20480,0.08297481076442637,0.09653864754363894,3.8787074759602547,0.766581142321229,0.07968612504191697,0.03237422282109037,3.4169294238090515,1.2408220171928406,0.49518566206097603,0.5812509004026651
21504,0.07526294974377379,0.12761645705904812,4.180496774613857,1.1128926817327738,0.08781720357364975,0.04949139175005257,3.9203392937779427,1.7268238998949528,0.4973369729705155,0.6495535131543875
22528,0.07220458032679744,0.12315322365611792,3.893343210220337,0.8081806991249323,0.09725793520919979,0.05795774143189192,3.746158316731453,1.4695679508149624,0.5281516537070274,0.6572745777666569
23552,0.0863349698483944,0.1384927004110068,3.7419710531830788,0.7385408021509647,0.1385687468573451,0.057202043826691806,3.8766925930976868,1.9625608250498772,0.5730014313012362,0.6855513975024223
24576,0.08343669073656201,0.11639201152138412,3.9186131581664085,0.8492279481142759,0.12712384958285838,0.03139320103218779,3.595381259918213,1.3240464851260185,0.5083540519699454,0.6537297144532204
25600,0.10757207253482193,0.08463879907503724,4.106660299003124,1.028659701347351,0.09568735625362024,0.028484580921940506,3.791188344359398,1.35225136205554,0.47430852707475424,0.7245510052889585
26624,0.07081846799701452,0.11035402910783887,3.824296608567238,0.824622631072998,0.10928416950628161,0.03998497361317277,3.8208379298448563,1.4609171263873577,0.5077777290716767,0.8558348137885332
27648,0.05096504828543402,0.1267209337092936,3.550442412495613,0.6307402094826102,0.0865207911701873,0.040312131226528436,3.4280731230974197,1.4634002521634102,0.9884052155539393,0.6953971115872264
28672,0.07676453044405207,0.1183704249560833,3.4457881152629852,0.5651628877967596,0.1121429008198902,0.03986883215839043,3.459755577147007,1.0499700345098972,0.6555098975077271,0.6579742981120944
29696,0.07652920225518756,0.1105137593112886,3.7167061418294907,0.6858991179615259,0.1007848201552406,0.040723862242884934,3.632976770401001,1.2769930697977543,0.556046417914331,0.7866523852571845
30720,0.07205032726051286,0.09861189173534513,3.719986081123352,0.7654205188155174,0.07939318503485993,0.027222317410632968,3.2836853489279747,1.0532955769449472,0.5913411444053054,0.6002418892458081
31744,0.08020078792469576,0.08046197157818824,3.8708000481128693,0.8904632795602083,0.09076809854013845,0.02599588967859745,3.5955958142876625,1.1505233459174633,0.6793503249064088,0.7061413144692779
32768,0.07309684786014259,0.08764688111841679,3.626573145389557,0.6873576566576958,0.09307436025119387,0.03326071525225416,3.41687074303627,1.245509685948491,0.7694927537813783,0.7472705226391554
33792,0.04970570610021241,0.08455714583396912,3.5579610764980316,0.6123402314260602,0.0936646021582419,0.04023042711196467,3.447581097483635,1.246163122355938,0.6403080215677619,0.7285816762596369
34816,0.07549415982794017,0.11523282644338906,3.802727058529854,0.8575783427804708,0.1056416193023324,0.036779806192498654,3.639068715274334,1.2462427727878094,0.6089526722207665,0.5717160645872355
35840,0.055686663545202464,0.08780433889478445,3.377421371638775,0.5275321770459414,0.11756108654662967,0.034128444211091846,3.4621862545609474,1.1724650263786316,0.6986550791189075,0.655343902297318
36864,0.0794301257119514,0.10750594595447183,3.7966817915439606,0.8003617580980062,0.0880961058428511,0.028750199067872018,3.5741356909275055,1.1231034025549889,0.5517789078876376,0.6105716293677688
37888,0.0657721622264944,0.0798912177560851,3.649059034883976,0.7174603659659624,0.12483087368309498,0.026378587761428207,3.691222168505192,1.2592290788888931,0.5715601462870836,0.6696592764928937
38912,0.08707259292714298,0.07203190692234784,3.877844884991646,0.8308841250836849,0.09496227547060698,0.027345685812179,3.836567059159279,1.4498739875853062,0.5845873933285475,0.6333130970597267
39936,0.0860723455552943,0.10140853642951697,3.7290381714701653,0.7410858199000359,0.08943317970260978,0.032479951390996575,3.5604000464081764,1.2856858186423779,0.6885504862293601,0.7589891813695431
40960,0.07592089235549793,0.09267291123978794,3.790735550224781,0.7811809945851564,0.11052011646097526,0.02808391529833898,3.5812197029590607,1.2814551964402199,0.5612158747389913,0.6221564309671521
41984,0.07718792499508709,0.08299463638104498,3.570685923099518,0.6043549627065659,0.1153615191578865,0.036972470581531525,3.4371113404631615,1.1754902359098196,0.7256728895008564,0.6612098757177591
43008,0.07381762235308997,0.09560561762191355,3.6943230032920837,0.6634967904537916,0.08709656476275995,0.02737426513340324,3.3077547401189804,1.0153133235871792,0.8250316865742207,0.6341702127829194
44032,0.05988605304446537,0.07817788678221405,3.6377423256635666,0.5580370984971523,0.09332437522243708,0.024150119570549577,3.4565021470189095,1.0144755598157644,0.7665326641872525,0.6129756681621075
45056,0.07514005791745149,0.0629977760836482,3.679565243422985,0.6698109172284603,0.09475759288761765,0.023463674675440416,3.5224652215838432,1.1727792918682098,0.5702637564390898,0.6267728079110384
46080,0.07551330758724362,0.13763346802443266,3.7018284425139427,0.7584647312760353,0.09210274741053581,0.056011013220995665,3.061261795461178,0.8392703756690025,0.8445587139576674,0.8352022832259536
47104,0.04773393244249746,0.0817369791911915,3.707149490714073,0.6291454676538706,0.08246208872878924,0.032215148326940835,3.7523849084973335,1.3673989586532116,0.8764180094003677,0.7528665186837316
48128,0.06823214059113525,0.0574598879320547,3.656048908829689,0.6164415180683136,0.12573922984302044,0.023929449525894597,3.3271324411034584,0.9862284678965807,0.836309876292944,0.6922867083922029
49152,0.08201299108623061,0.09337554266676307,3.762635111808777,0.7847575657069683,0.0892615023185499,0.03146443609148264,3.2604532837867737,0.8678385056555271,0.8468883670866489,0.7105227755382657
50176,0.07581848099653143,0.09313566144555807,3.6914444118738174,0.7542462386190891,0.055308884402620606,0.028995099768508226,3.2491550222039223,1.0139903463423252,0.7612956753000617,0.6509925341233611
51200,0.08809711958747357,0.10372284823097289,3.7380449399352074,0.7947981171309948,0.11814463185146451,0.029616237414302304,3.5337574258446693,0.9771775156259537,0.608592732809484,0.5496037006378174
52224,0.05607862153556198,0.10963638150133193,3.6124641448259354,0.5540285557508469,0.10098369547631592,0.024562754726503044,3.5453771501779556,1.1423116456717253,0.9323215829208493,0.560312807559967
53248,0.07100844639353454,0.11047804425470531,3.636534720659256,0.5804890561848879,0.09606075938791037,0.03897434432292357,3.5173878595232964,1.0550236236304045,0.8759984271600842,0.7760198339819908
54272,0.07231360112200491,0.05067015078384429,3.6300010830163956,0.6051331236958504,0.10795269111986272,0.018501260899938643,3.3423407450318336,0.9859354943037033,0.5833965092897415,0.6403073100373149
55296,0.04004537427681498,0.07282403053250164,3.398203618824482,0.43772526551038027,0.11555148556362838,0.02394004410598427,3.513607017695904,1.0913915485143661,0.8812162689864635,0.6041902014985681
56320,0.059236093919025734,0.055171651183627546,3.5192825868725777,0.5458853542804718,0.11629858531523496,0.029310456942766905,3.5058497712016106,0.9796254895627499,0.646241620182991,0.7430256102234125
57344,0.07958771067205817,0.06066616892348975,3.673751413822174,0.6843234170228243,0.117109255050309,0.023872020246926695,3.5029167383909225,1.0274315234273672,0.580687009729445,0.5471117813140154
58368,0.074585367256077,0.08488252514507622,3.7483384236693382,0.7355637885630131,0.06937467769603245,0.03311420656973496,3.4200201630592346,1.0895322002470493,0.6815723506733775,0.6037887446582317
59392,0.06954863702412695,0.08756922255270183,3.5521038994193077,0.5779141690582037,0.12046513514360413,0.03358533314894885,3.753457449376583,1.521002296358347,0.6565013518556952,0.713042214512825
60416,0.060550630529178306,0.0844048464205116,3.5008251890540123,0.5828301832079887,0.07707909506279975,0.031192894384730607,3.349901869893074,0.9225582703948021,0.9340691203251481,0.6663258066400886
61440,0.06643541186349466,0.06744286371394992,3.7256024330854416,0.7033223025500774,0.11588511732406914,0.030153342871926725,3.448630966246128,1.084281962364912,0.9745180197060108,0.8555809194222093
62464,0.08112371191964485,0.07835353258997202,3.71597158908844,0.6381774730980396,0.10697369370609522,0.028071881853975356,3.506941571831703,1.175814339891076,0.6170591926202178,0.6666690213605762
63488,0.08182909546303563,0.0758725709747523,3.860098898410797,0.8234268389642239,0.11721089854836464,0.026114631968084723,3.418925352394581,1.0033611096441746,0.5924183893948793,0.6457854900509119
64512,0.05949313018936664,0.07214292697608471,3.5248898565769196,0.5429692454636097,0.12942616071086377,0.022898097202414647,3.678139567375183,1.1810636315494776,0.7307108594104648,0.6438078982755542
65536,0.05721862835343927,0.07073243660852313,3.6130210384726524,0.6003859676420689,0.0768967957701534,0.025253472034819424,3.714878536760807,1.395348833873868,0.8714224305003881,0.6225515138357878
66560,0.058715035003842786,0.04828048299532384,3.588170677423477,0.5762159116566181,0.12463514262344688,0.02158172821509652,3.722596175968647,1.3111922107636929,0.7913782317191362,0.6413837922737002
67584,0.04185209555726033,0.0525424440857023,3.449467249214649,0.44970627035945654,0.12932527309749275,0.02957451916881837,3.82955963909626,1.3977357279509306,0.8404608210548759,0.851712073199451
68608,0.07887545702396892,0.0696668258169666,3.6452180966734886,0.5900741051882505,0.11132062110118568,0.02350713053601794,3.6468204632401466,1.3478790670633316,0.6925277449190617,0.7087878677994013
69632,0.06198315347137395,0.08402694622054696,3.595747284591198,0.5588367031887174,0.15273047634400427,0.036846072296611965,3.5188217014074326,1.097521374002099,0.8681843969970942,0.575156687758863
70656,0.0437339986092411,0.04772087302990258,3.5597471594810486,0.49219095427542925,0.10521717893425375,0.023468718165531754,3.4613696336746216,1.047887645661831,0.9483638796955347,0.743541806936264
71680,0.05932362662861124,0.06219860631972551,3.613013908267021,0.5544718988239765,0.11294933583121747,0.016934392537223175,3.41637010127306,1.082526307553053,0.997508468106389,0.701980353333056
72704,0.07576633174903691,0.06598688312806189,3.813154086470604,0.7087265625596046,0.1180874154670164,0.029198367847129703,3.814122222363949,1.249255197122693,0.7102140905335546,0.6385032786056399
73728,0.06105751731956843,0.05318549310322851,3.677552320063114,0.5787933133542538,0.11352099530631676,0.025238602043827996,3.554554261267185,1.0210515465587378,0.8157535418868065,0.6654786420986056
74752,0.06358809416997246,0.04451853776117787,3.6059201806783676,0.5932152066379786,0.08968696459487546,0.020091238751774654,3.5675643905997276,1.1216712109744549,0.6935184830799699,0.6087797898799181
75776,0.0520602305768989,0.05731735588051379,3.5758829787373543,0.5318066477775574,0.1068949461914599,0.018830455432180315,3.2407442703843117,0.8999363761395216,0.9141214974224567,0.8255771975964308
76800,0.055690891487756744,0.06096062727738172,3.6834740713238716,0.6075230557471514,0.08583612239453942,0.027103166619781405,3.7449996545910835,1.3196610175073147,0.7545941611751914,0.5788108939304948
77824,0.05991870463185478,0.06402415921911597,3.45442034304142,0.528581764549017,0.1768939383327961,0.027558568224776536,3.858848460018635,1.4778424613177776,0.9428066927939653,0.6061182543635368
78848,0.05046833970118314,0.0612605488859117,3.432968460023403,0.5490805264562368,0.12134306388907135,0.023994552553631365,3.336490698158741,0.9567506201565266,0.6476185135543346,0.6010576877743006
79872,0.0525584906572476,0.049487368669360876,3.650040991604328,0.5911535397171974,0.12085240404121578,0.02074599324259907,3.7302754670381546,1.2067661937326193,0.8467761492356658,0.5985840680077672
80896,0.06853554054396227,0.054272961569949985,3.6311555057764053,0.6018231380730867,0.12438215728616342,0.016618350811768323,3.4808932095766068,1.05404369905591,0.8886146936565638,0.5707946121692657
81920,0.0505221753846854,0.06472961558029056,3.524392530322075,0.555415565147996,0.089951227651909,0.028891243622638285,3.442868396639824,1.0048910416662693,0.9082823721691966,0.6887436835095286
82944,0.06910758337471634,0.05573280993849039,3.6637205630540848,0.6549677364528179,0.11019950942136347,0.02258996170712635,3.3930171951651573,1.0273771975189447,0.6796977100893855,0.6544846994802356
83968,0.05418432617443614,0.06027204974088818,3.4153615087270737,0.480511630885303,0.11856328113935888,0.021259949600789696,3.6659431383013725,1.1442147977650166,0.780756046064198,0.639357402920723
84992,0.049801511224359274,0.047211705008521676,3.5371913388371468,0.48111529368907213,0.1273953065974638,0.01909683641861193,3.651231586933136,1.1563971247524023,0.9602175997570157,0.6244241390377283
86016,0.06580273932195269,0.05705869721714407,3.507461115717888,0.6387526635080576,0.10524944291682914,0.021862177265575156,3.719509057700634,1.359278740361333,0.6561400461941957,0.6041232161223888
87040,0.07016533294518013,0.048421830870211124,3.671713411808014,0.6092974524945021,0.12001859024167061,0.02338285680161789,3.7288157641887665,1.1916196588426828,0.95509900059551,0.7138088475912809
88064,0.061644372835871764,0.06579434406012297,3.6647328436374664,0.5930656436830759,0.11026223434600979,0.029730193607974797,3.6717604249715805,1.2593704424798489,0.895385961048305,0.6707530673593283
89088,0.07453990768408403,0.05845981149468571,3.6879986971616745,0.62796775624156,0.12548053252976388,0.02772014297079295,3.7025132700800896,1.1634269431233406,0.6568004731088877,0.6651755003258586
90112,0.050563858676468953,0.06069530488457531,3.4932755678892136,0.5157763082534075,0.10870009197969921,0.033905932621564716,3.673575721681118,1.194105938076973,0.840939175337553,0.6870782608166337
91136,0.06008296168874949,0.060387323843315244,3.5803464204072952,0.5616619475185871,0.11695915064774454,0.02729422616539523,3.6337633803486824,1.1795345321297646,0.8799647148698568,0.7136943442746997
92160,0.0647535934112966,0.07168504106812179,3.588727481663227,0.5497195767238736,0.11783212795853615,0.022314375353744254,3.5110176503658295,1.0420290846377611,1.4072979763150215,0.635002383030951
93184,0.06786663795355707,0.058081672177650034,3.658508777618408,0.6410652734339237,0.06490447305259295,0.023853145219618455,3.7512433528900146,1.5733116548508406,0.7220762372016907,0.5306250061839819
94208,0.05906983219028916,0.04749426175840199,3.55911672860384,0.5710372552275658,0.12800757330842316,0.027769782638642937,3.684955544769764,1.2562692277133465,0.8013957133516669,0.6354447612538934
95232,0.06309334895922802,0.043947464029770344,3.7699534818530083,0.6776630245149136,0.11986717485706322,0.018982138659339398,3.5073157101869583,0.9531746618449688,0.7485932782292366,0.5618889946490526
96256,0.05333082673314493,0.07029754482209682,3.5026491582393646,0.5252136550843716,0.08648750418797135,0.030477314488962293,3.6579930931329727,1.2373580150306225,1.0246928445994854,0.6323418878018856
97280,0.06354720061062835,0.06830291997175664,3.572938345372677,0.5917401295155287,0.11234485101886094,0.026863722770940512,3.6773007288575172,1.21373987570405,1.0716185122728348,0.6657796436920762
98304,0.05430629104375839,0.08189014962408692,3.6516429111361504,0.6258928384631872,0.10507319075986743,0.040229896374512464,3.5427210703492165,1.160508994013071,1.0069545321166515,0.7413993515074253
99328,0.06576706224586815,0.07098925206810236,3.6276620104908943,0.6026716120541096,0.12740265403408557,0.02500330298789777,3.6772816479206085,1.2392641007900238,0.7751935422420502,0.5922175711020827
100352,0.07163242201204412,0.07954235537908971,3.5835241079330444,0.5982017852365971,0.1924770399928093,0.03963194397510961,3.9430201426148415,1.5092739649116993,0.7172815846279263,0.5019445409998298
101376,0.0715055736945942,0.05585046764463186,3.7448249757289886,0.682177871465683,0.07749879464972764,0.024277666670968756,3.597667932510376,1.0938178841024637,0.6929218508303165,0.5364124737679958
102400,0.05108226010634098,0.05953741946723312,3.647211529314518,0.6016951492056251,0.0662024715275038,0.029084810754284263,3.6847132965922356,1.3466121386736631,0.7986960150301456,0.635739354416728
103424,0.05517281161155552,0.04941218491876498,3.6105000153183937,0.6760761644691229,0.1349712962983176,0.022340296651236713,3.9229126945137978,1.6886720173060894,0.7967653814703226,0.6234424393624067
104448,0.04990128145436756,0.07776476012077183,3.5798990204930305,0.6126977764070034,0.11588607265730388,0.032082739926408976,3.73687931150198,1.43844560906291,1.008586049079895,0.6601273464038968
105472,0.0644172674510628,0.04418237745994702,3.5873024463653564,0.5741879781708121,0.08321175043238327,0.023446575360139832,3.6376056894659996,1.2426470890641212,0.8149585984647274,0.6374652897939086
106496,0.05811029011965729,0.08054257102776319,3.577657572925091,0.5575197748839855,0.1349356018472463,0.02528142399387434,3.688750699162483,1.2420242708176374,0.9097171537578106,0.7464289385825396
107520,0.06331321643665433,0.06873155839275569,3.677918568253517,0.6266710739582777,0.08553880034014583,0.025230963598005474,3.507443390786648,1.1305356603115797,0.7020667130127549,0.6131293829530478
108544,0.07715908694081008,0.05589985754340887,3.682841032743454,0.661765119060874,0.12178916379343718,0.020501793042058125,3.7254496291279793,1.2709352001547813,0.8581428369507194,0.6298193037509918
109568,0.06366940493171569,0.053706713020801544,3.660628281533718,0.644391130656004,0.109662369126454,0.0331548837129958,3.5538250356912613,1.1754057332873344,0.6596780763939023,0.7311720903962851
110592,0.05146550004428718,0.048099506413564086,3.7709922045469284,0.6585902534425259,0.0817474755749572,0.01766085933195427,3.4996848702430725,1.124937891960144,0.8390937699005008,0.6215357631444931
111616,0.05986176666920073,0.06825052725616843,3.501875415444374,0.5462750690057874,0.1097925070207566,0.023686204251134768,3.3710233345627785,1.092268018051982,1.020608089864254,0.6606089267879725
112640,0.04052038161898963,0.043864163861144334,3.5858989357948303,0.5386015297845006,0.12646474683424458,0.018854228081181645,3.6239532604813576,1.3896979913115501,0.7036328511312604,0.6139956256374717
113664,0.0485230156336911,0.06381351628806442,3.618980534374714,0.5782009810209274,0.10670331807341427,0.02729835652280599,3.702379420399666,1.236356446519494,0.7916642520576715,0.5814909217879176
114688,0.06193164750584401,0.07292251149192452,3.621629737317562,0.5785998031497002,0.08084078936371952,0.024960482405731454,3.50853181630373,1.2778749968856573,0.7702837362885475,0.5939204460009933
115712,0.05241534928791225,0.04151324648410082,3.6320373564958572,0.5356020703911781,0.10557594150304794,0.02117034315597266,3.421778328716755,1.2677580118179321,0.8587220199406147,0.596964537166059
116736,0.05278313686721958,0.06335745146498084,3.623754769563675,0.6338180135935545,0.08488892309833318,0.02154201196390204,3.745903894305229,1.3766540251672268,0.792671556584537,0.6144043356180191
117760,0.04788292417651974,0.09097052901051939,3.39377211779356,0.44975561648607254,0.1573006588150747,0.027856016473378986,3.7167912498116493,1.3123533502221107,1.0188669450581074,0.5857761288061738
118784,0.05193460933514871,0.043673884589225054,3.5986540615558624,0.5293375486508012,0.11585345724597573,0.022989174642134458,3.697789788246155,1.16464202105999,0.872532888315618,0.7774526691064239
119808,0.060347010410623625,0.07583317742682993,3.7561105713248253,0.6797744417563081,0.12670200210413896,0.033329991973005235,3.582800805568695,0.999390384182334,0.9448584569618106,0.7018650695681572
120832,0.06079305143794045,0.051148574566468596,3.608173042535782,0.6268027331680059,0.11353250266984105,0.025424614519579336,3.502819187939167,0.9311881959438324,0.7192431278526783,0.630515425466001
121856,0.06255839526420459,0.0571525685954839,3.745865121483803,0.7160159908235073,0.08786271524149925,0.023326502967393026,3.484177343547344,1.0053735449910164,0.8450779132544994,0.554938561283052
122880,0.07241825631354004,0.0692101715831086,3.66213721036911,0.6875269562005997,0.09215671735000797,0.030961163982283324,3.4380029290914536,1.0655741523951292,0.7124496418982744,0.6146434023976326
123904,0.07349105010507628,0.07804605376441032,3.6208202242851257,0.6241940706968307,0.10487522999756038,0.025431549816858023,3.5067661702632904,1.071646373718977,0.8226064452901483,0.5368983102962375
124928,0.06757409370038658,0.05273312679491937,3.5626505240797997,0.5908065177500248,0.14475570258218795,0.022938803042052314,3.7348720505833626,1.3199434410780668,0.9794653244316578,0.6980402488261461
125952,0.044195624970598146,0.048715618439018726,3.6472157016396523,0.5616291975602508,0.06784770442754962,0.023489100247388706,3.5689866468310356,1.120642164722085,0.9293409641832113,0.6903868149966002
126976,0.0637290581362322,0.06016858294606209,3.581301622092724,0.613552363589406,0.16685017012059689,0.04224021662957966,3.792196363210678,1.5185604691505432,0.8269007299095392,0.8286961438134313
128000,0.04881280587869696,0.053665923653170466,3.72223948687315,0.6797411497682333,0.0995666022063233,0.023859511624323204,3.848640315234661,1.5142791420221329,0.8375563398003578,0.6464634165167809
129024,0.061639811072382145,0.07972521055489779,3.4731335043907166,0.48774697352200747,0.17520220577716827,0.035192543058656156,3.9644744843244553,1.5284358970820904,1.0033916914835572,0.6137298084795475
130048,0.0804942251124885,0.06003951153252274,3.6538428738713264,0.6468569431453943,0.11389738437719643,0.02195056388154626,3.495262883603573,0.9444284662604332,0.9036180581897497,0.7001927951350808
131072,0.05252399903838523,0.047410374332685024,3.6288035809993744,0.5525875482708216,0.1335328419227153,0.01858171750791371,3.6081733256578445,1.2120818756520748,0.8697933340445161,0.6361991167068481
132096,0.04435892670881003,0.04184667795198038,3.553838834166527,0.5374922500923276,0.11562416679225862,0.011144529402372427,3.49416284263134,0.9896033853292465,1.0208445340394974,0.7194949360564351
133120,0.06758670319686644,0.04963879601564258,3.5670700296759605,0.5450238650664687,0.09468478593043983,0.01857735897647217,3.6989478692412376,1.2382281944155693,0.8587107406929135,0.5940930508077145
134144,0.061393880139803514,0.05056048545520753,3.6151101365685463,0.5806691013276577,0.1048237329814583,0.01924820855492726,3.4881284683942795,1.2348330542445183,0.7243734197691083,0.5949866715818644
135168,0.053174059838056564,0.04835448076482862,3.6063641235232353,0.5402326472103596,0.09275383490603417,0.021122739010024816,3.9329098239541054,1.5730768740177155,0.820723544806242,0.7648095730692148
136192,0.06081068271305412,0.03727051994064823,3.579944372177124,0.5857027284801006,0.2173780989833176,0.02567506837658584,4.248491704463959,2.378348160535097,0.8786620199680328,0.47902098670601845
137216,0.04935103398747742,0.07139492756687105,3.751403644680977,0.6490317415446043,0.10297226143302396,0.03771292179590091,3.646814003586769,1.2838065512478352,0.9531847331672907,0.8375931791961193
138240,0.06613359181210399,0.04724042001180351,3.7846034467220306,0.6211505234241486,0.09997561009367928,0.01746900874422863,3.64968428760767,1.1348585523664951,1.1284537073224783,0.7956451242789626
139264,0.06620257825125009,0.04890435643028468,3.689557909965515,0.624114265665412,0.10555836799903773,0.0206489686970599,3.6797280982136726,1.2541435193270445,0.8054077941924334,1.0036207437515259
140288,0.05586412959382869,0.06150255922693759,3.6352118849754333,0.5681903474032879,0.09167092794086784,0.027987073350232095,3.450585752725601,1.029747461900115,0.978252412751317,0.7292791735380888
141312,0.05236032008542679,0.03546769736567512,3.722803547978401,0.6476060524582863,0.059663749460014515,0.016659544315189123,3.6356293112039566,1.3560852967202663,0.7739045936614275,0.7952950727194548
142336,0.04180440097115934,0.038434581307228655,3.8481749147176743,0.7878950033336878,0.05779212192283012,0.015355461917351931,3.7345581501722336,1.683562483638525,0.7941561080515385,0.6043650731444359
143360,0.07170958264032379,0.0497234552167356,3.8315645083785057,0.756220793351531,0.1531265072990209,0.02298673099721782,3.9214490950107574,1.8004141487181187,0.7348650181666017,0.7967604259029031
144384,0.07003522728336975,0.062132483813911676,3.6321263387799263,0.6890725288540125,0.10047098103677854,0.032722496369387954,3.7040922418236732,1.4223904870450497,0.7544859768822789,0.7576282601803541
145408,0.04732177633559331,0.05746250040829182,3.778622902929783,0.6775183491408825,0.11384037788957357,0.02301409241044894,3.848238155245781,1.5347581468522549,1.1214884128421545,0.8318240903317928
146432,0.058910803141770884,0.03608682006597519,3.620826058089733,0.5694819986820221,0.10404320605448447,0.014074290709686466,3.770159848034382,1.380597673356533,0.868212359957397,0.7224421259015799
147456,0.0550657587882597,0.05696388625074178,3.63807026296854,0.605492765083909,0.10354715265566483,0.023976926662726328,3.3882439360022545,1.1578761972486973,0.776051645167172,0.8796406518667936
148480,0.05091511759383138,0.04604283394291997,3.5801688954234123,0.506906621158123,0.12822184161632322,0.015392147266538814,3.5515635907649994,1.242183405905962,1.003010363318026,0.8023720905184746
149504,0.06107987932045944,0.06411165941972286,3.630682796239853,0.6909463405609131,0.09806425060378388,0.029299722344148904,3.6526722386479378,1.4464521445333958,0.9091020487248898,0.8050478929653764
150528,0.06649110466241837,0.03762739396188408,3.59281075745821,0.5795897860080004,0.11225989821832627,0.01730578759452328,3.6086534783244133,1.2792125418782234,0.7147877411916852,0.7824940774589777
151552,0.06241942415363155,0.04582350340206176,3.7319746911525726,0.6303160469979048,0.1347703856881708,0.015205427509499714,3.6847796589136124,1.2862004768103361,0.9342570900917053,0.6459326790645719
152576,0.05213382575311698,0.055961210280656815,3.5029333382844925,0.5336020011454821,0.12282695341855288,0.01769683073507622,3.65347857773304,1.3167173229157925,0.7344175251200795,0.6431882614269853
153600,0.04912948147102725,0.05394300224725157,3.560317575931549,0.5578073197975755,0.06575371787766926,0.01914081393624656,3.3947783410549164,1.0920410454273224,0.8295907396823168,0.8165856134146452
154624,0.057536024803994223,0.06417543964926153,3.5550649166107178,0.5377561263740063,0.10257153253769502,0.026098128932062536,3.5117129534482956,1.2299635857343674,0.8770720548927784,0.7931886427104473
155648,0.05431368754943833,0.04518960788846016,3.6858545914292336,0.6519495528191328,0.14844916749279946,0.01944234102847986,3.8594726622104645,1.4787040501832962,0.7792905503883958,0.6530961720272899
156672,0.07638754579238594,0.048173013725318015,3.6932020410895348,0.6324252001941204,0.11199485359247774,0.015462406299775466,3.604214772582054,1.201396070420742,0.7505618361756206,0.664970625191927
157696,0.05759410071186721,0.02987412182847038,3.504796400666237,0.5318349190056324,0.13108961621765047,0.013166057789931074,3.5540736541152,1.1506411843001842,0.7937065251171589,0.7468830943107605
158720,0.055982659105211496,0.03019414300797507,3.5678664222359657,0.5486966166645288,0.09746103710494936,0.016600357863353565,3.8069955706596375,1.3951618801802397,0.7997041791677475,0.6760364305227995
159744,0.061090389965102077,0.043845808948390186,3.6887051314115524,0.7001624051481485,0.0955586172931362,0.015878246718784794,3.635526143014431,1.2054539825767279,0.7551649678498507,0.7312248321250081
160768,0.05926675544469617,0.04031506972387433,3.5006017461419106,0.5037907501682639,0.11355582112446427,0.013087610743241385,3.6168172881007195,1.2120153456926346,0.6736062690615654,0.5474943378940225
161792,0.058747333139763214,0.05602584243752062,3.648631401360035,0.5956109687685966,0.07574031909462065,0.02729215021827258,3.539433367550373,1.2166776098310947,0.8503023218363523,0.8601155197247863
162816,0.05950176139594987,0.039160053071100265,3.689917229115963,0.5656064664945006,0.1525783189572394,0.0203701609862037,3.947907157242298,1.801090769469738,0.8563472358509898,0.7144860187545419
163840,0.05914325965568423,0.033088094904087484,3.772391453385353,0.6905448045581579,0.09534852814977057,0.019685941049829125,3.7411111295223236,1.514102816581726,0.8183209858834743,0.8253478864207864
164864,0.055956300464458764,0.06673222163226455,3.760340563952923,0.7283700257539749,0.10905313171679154,0.03232284780824557,3.7574390918016434,1.5284861847758293,1.1647995598614216,0.7909165332093835
165888,0.0640181879280135,0.05197450902778655,3.783337466418743,0.7185070179402828,0.1437207441776991,0.029325341107323766,3.726081743836403,1.452546413987875,0.9328870233148336,0.7325523188337684
166912,0.08758261887123808,0.08074456278700382,3.5899832397699356,0.6959911268204451,0.14169379160739481,0.026821163774002343,3.81170816719532,1.4439178854227066,1.0044014602899551,0.6053863456472754
167936,0.06310317953466438,0.03909065847983584,3.780507616698742,0.6708812918514013,0.08631682343548164,0.01946658070664853,3.8868100866675377,1.5563840568065643,0.6590219596400857,0.6652802228927612
168960,0.04771965759573504,0.028835174918640405,3.588946469128132,0.5391380274668336,0.12630004907259718,0.016596210276475176,3.6673728302121162,1.3845666833221912,0.7015690114349127,0.7694891104474664
169984,0.05598232457123231,0.029353767924476415,3.562391981482506,0.5536232646554708,0.12106805853545666,0.01471137025509961,3.408367581665516,0.9926421735435724,0.6543575190007687,0.8031717725098133
171008,0.046916325693018734,0.03500856290338561,3.5706213116645813,0.5620624478906393,0.0924452506005764,0.016392132180044428,3.4918882474303246,1.027416368946433,0.7188630104064941,0.6343583473935723
172032,0.06056630829698406,0.03585240477696061,3.5828521102666855,0.5586726237088442,0.12132145135547034,0.012525535479653627,3.5994700118899345,1.2516711801290512,1.0799905266612768,0.9588762745261192
173056,0.0657160019618459,0.05422204209025949,3.870094485580921,0.7794304918497801,0.14442565920762718,0.02622109666117467,3.8098260313272476,1.5031542256474495,0.7682157829403877,0.6968573359772563
174080,0.04549672438588459,0.06066958187147975,3.7982212230563164,0.7164415922015905,0.07982893445296213,0.02672913222340867,3.876513421535492,1.451459813863039,0.9531305339187384,0.6737042479217052
175104,0.05778074199042749,0.050151809002272785,3.514270417392254,0.5107593880966306,0.13759286573622376,0.03459769478649832,3.689566656947136,1.2715277448296547,0.8504120856523514,0.6838281285017729
176128,0.05302021838724613,0.03266347461612895,3.632082588970661,0.6176416669040918,0.11050838441587985,0.026800235878909007,3.4756462052464485,0.9916364643722773,0.7364826602861285,0.5612847534939647
177152,0.05630460611428134,0.05447006202302873,3.858751803636551,0.7758904788643122,0.07979084696853533,0.02145638721412979,3.7835609689354897,1.3211076073348522,0.7705211704596877,0.7467864342033863
178176,0.06972914253128693,0.039111806778237224,3.687711365520954,0.6261702962219715,0.13308848324231803,0.01691061566816643,3.5572235137224197,1.2105741128325462,1.0146143436431885,0.6883984925225377
179200,0.05176876182667911,0.039259262033738196,3.524326905608177,0.5336317159235477,0.09328429878223687,0.014559328672476113,3.372673586010933,1.093246839940548,0.8823348470032215,0.6381360851228237
180224,0.05408968188567087,0.04431938729248941,3.811847597360611,0.7328971400856972,0.062309905304573476,0.024597314855782315,3.607709653675556,1.4090206045657396,0.675559070892632,0.7957922033965588
181248,0.07397557841613889,0.06498897122219205,3.556615464389324,0.6212388798594475,0.15615628112573177,0.025380157923791558,3.6143877506256104,1.3851309232413769,0.7230675276368856,0.6982748880982399
182272,0.044772607419872656,0.04850066895596683,3.5921186953783035,0.5176035296171904,0.10616897273575887,0.029404714179690927,3.7219802737236023,1.221001774072647,0.8107235003262758,0.7800541082397103
183296,0.06388920760946348,0.05047877016477287,3.639409013092518,0.657911866903305,0.09862035448895767,0.028098576643969864,3.6732572689652443,1.2640350237488747,0.7710100915282965,0.7155557936057448
184320,0.054563522222451866,0.046587082208134234,3.64616709202528,0.706704419106245,0.14505989814642817,0.022763918415876105,3.884102515876293,1.4268328286707401,0.8077905150130391,0.6810248466208577
185344,0.05614232082734816,0.04043268848909065,3.5932858511805534,0.5533810295164585,0.12242652059649117,0.021769679617136717,3.7871748507022858,1.337672982364893,0.7212119065225124,0.763776084408164
186368,0.05949100709403865,0.040072764619253576,3.650368332862854,0.5465094968676567,0.10088666604133323,0.013485437084455043,3.436410017311573,0.9975617434829473,1.0866799466311932,0.8027572343125939
187392,0.05698565411148593,0.055782590876333416,3.6980865001678467,0.5738208126276731,0.08004543333663605,0.019287660106783733,3.4526391997933388,1.1054118610918522,1.0464203506708145,0.8341117594391108
188416,0.060277924028923735,0.06174289342015982,3.532518617808819,0.5228918613865972,0.1786823970032856,0.029200130607932806,3.91460233181715,1.616271261125803,1.041720900684595,0.7694444237276912
189440,0.049160232389112934,0.05279380897991359,3.60791502147913,0.5284844245761633,0.11687368783168495,0.02316455409163609,3.730160631239414,1.2609259895980358,0.8616927824914455,0.8374636545777321
190464,0.054410956596257165,0.0347428023815155,3.478419415652752,0.5561698330566287,0.1600960383657366,0.014726081775734201,3.885293774306774,1.4983102194964886,0.7751157442107797,0.5399115467444062
191488,0.056509377784095705,0.052113219746388495,3.595584698021412,0.5701035559177399,0.1389171965420246,0.022557536547537893,3.765449807047844,1.2929322458803654,0.9015080919489264,0.6915200604125857
192512,0.059421102108899504,0.043796910787932575,3.6720577850937843,0.62575956992805,0.11278036498697475,0.024523075349861756,3.7214516550302505,1.2374332211911678,0.7559141833335161,0.8377441111952066
193536,0.0476062367670238,0.034047571185510606,3.8577089831233025,0.7439749017357826,0.0747267649276182,0.02277675981167704,4.166824750602245,2.0168100148439407,0.666721023619175,0.7405291218310595
194560,0.04888654527894687,0.059644006192684174,3.6300301626324654,0.5384866911917925,0.1335967853665352,0.022012642089975998,3.828118935227394,1.5379578433930874,0.7585794320330024,0.8224111022427678
195584,0.041636821639258415,0.04112279019318521,3.5801467522978783,0.5773139419034123,0.1196792225819081,0.022125810821307823,3.78946815431118,1.2348570674657822,0.7745420960709453,0.6570239001885056
196608,0.06075549474917352,0.07432700775098056,3.7235854417085648,0.7685225307941437,0.1281905259238556,0.04690662299981341,3.777938298881054,1.4749875515699387,0.6575661851093173,0.7037844751030207
197632,0.05226280467468314,0.05309714551549405,3.7632042840123177,0.7015215884894133,0.13403629045933485,0.023792472464265302,3.8068880811333656,1.4095671959221363,1.1244966136291623,0.6668409192934632
198656,0.05755596901872195,0.0481217474443838,3.632917247712612,0.7069935388863087,0.16567083704285324,0.024068391183391213,3.7916714027523994,1.3421593196690083,0.8227955810725689,0.6990203382447362
199680,0.05857709537667688,0.05775565083604306,3.5329780355095863,0.6312307361513376,0.16062760911881924,0.023864292656071484,3.899559296667576,1.2727863565087318,0.8554487321525812,0.8474612673744559
200704,0.0560956715780776,0.0559650301001966,3.630281373858452,0.6240891050547361,0.08351268037222326,0.023686919012106955,3.3370118737220764,0.8458215948194265,1.0562753900885582,0.6444463515654206
201728,0.061859091016231105,0.04158400709275156,3.699560210108757,0.5929207112640142,0.10491659765830263,0.01446088936063461,3.383356064558029,0.8983911201357841,0.8669319450855255,0.529381244443357
202752,0.06677680235588923,0.03918236418394372,3.756262019276619,0.7126972712576389,0.16317945183254778,0.013948997511761263,3.793498881161213,1.3084157183766365,0.6753098275512457,0.5185018936172128
203776,0.05712741456227377,0.03682476270478219,3.648224614560604,0.5861033778637648,0.083064719743561,0.014779072254896164,3.5035115480422974,1.022617682814598,0.8807856496423483,0.5409388747066259
204800,0.04956240628962405,0.04481360025238246,3.4963263496756554,0.48427673801779747,0.11997957667335868,0.022923024516785517,3.7128771468997,1.2814172953367233,1.1103154066950083,0.7509164474904537
205824,0.06902141484897584,0.03767740068724379,3.5156176015734673,0.5926624834537506,0.11905740073416382,0.017462807678384706,3.691225476562977,1.3049373589456081,0.7775396462529898,0.55845479760319
206848,0.04915240236732643,0.03251203027321026,3.5718552693724632,0.5052416445687413,0.13888503820635378,0.018654206418432295,3.685773029923439,1.079932926222682,0.715125072747469,0.7342162141576409
207872,0.04741952789481729,0.031521735014393926,3.6973049342632294,0.5364312585443258,0.06992186096613295,0.015988749190000817,3.61219522356987,1.0742801949381828,0.8341248594224453,0.6728064622730017
208896,0.06327248318120837,0.046808876970317215,3.5971335023641586,0.6189329251646996,0.10341365868225694,0.026759972097352147,3.5074963197112083,1.3001953400671482,0.7714812457561493,0.6529505169019103
209920,0.06226477402378805,0.03666743717622012,3.7406630516052246,0.5923553220927715,0.09928396390751004,0.015395651455037296,3.365584284067154,1.113519722595811,0.9375608395785093,0.7230556719005108
210944,0.04490674354019575,0.03872385056456551,3.7253266721963882,0.6653327010571957,0.09592160006286576,0.019315240439027548,3.8088767006993294,1.4884894583374262,0.9794547483325005,0.7123006889596581
211968,0.067116366350092,0.0452284348430112,3.5353909954428673,0.599013201892376,0.13323734782170504,0.016607906902208924,3.5965664982795715,1.3114528134465218,0.8939193282276392,0.6916144760325551
212992,0.054161669890163466,0.06362851604353637,3.605856768786907,0.6367694530636072,0.11031909135635942,0.028302713704761118,3.59054546803236,1.2583934962749481,1.0266306791454554,0.8556311903521419
214016,0.060381270915968344,0.03807539789704606,3.588322512805462,0.6865101009607315,0.13102320922189392,0.02055960157304071,3.70046179741621,1.2236600555479527,0.6809246735647321,0.5966301169246435
215040,0.06504513858817518,0.03272537310840562,3.756967782974243,0.637858584523201,0.07653848000336438,0.012531481814221479,3.5996526703238487,1.2001897878944874,0.8327421667054296,0.7368481997400522
216064,0.06420317574520595,0.03701613866724074,3.736483544111252,0.6680308897048235,0.11129813571460545,0.01918763274443336,3.7692550867795944,1.480612013489008,0.7125492133200169,0.7890677629038692
217088,0.06109483673935756,0.04850428004283458,3.6122453659772873,0.5642458945512772,0.11482867901213467,0.017109718843130395,3.6432027369737625,1.6294359490275383,0.7582224477082491,0.6004210477694869
218112,0.04600796292652376,0.029172394308261573,3.494157664477825,0.4727023420855403,0.10779327841009945,0.014393045363249257,3.7307968884706497,1.4850997030735016,0.9350299704819918,0.6675493931397796
219136,0.05534153766348027,0.03809327678754926,3.655693218111992,0.5375554244965315,0.15521426778286695,0.012017367465887219,3.8692666217684746,1.651135642081499,0.8290726114064455,0.7130770171061158
220160,0.04533914543571882,0.031147677393164486,3.791457064449787,0.6010738713666797,0.07782565912930295,0.02655158005654812,3.8661469891667366,1.5144594945013523,0.8778404975309968,0.8377798469737172
221184,0.06291865813545883,0.04177092184545472,3.939179502427578,0.7831563502550125,0.12286006013164297,0.019937435572501272,3.796107791364193,1.54270351678133,0.8393631428480148,0.6387578342109919
222208,0.06288900165236555,0.04692890285514295,3.472092092037201,0.6034479402005672,0.13559647556394339,0.019562401983421296,3.546047195792198,1.244369748979807,0.8736503981053829,0.5891471672803164
223232,0.06802167068235576,0.04412245278945193,3.744647555053234,0.7003991939127445,0.12808836379554123,0.022813217859948054,3.8492772951722145,1.3606650307774544,0.6896586446091533,0.6240994287654757
224256,0.08975199959240854,0.03548072587000206,3.791655980050564,0.816337313503027,0.14591658057179302,0.021727338869823143,3.967615492641926,1.5248078480362892,0.6719027748331428,0.5098533695563674
225280,0.05687959445640445,0.040335766796488315,3.6635728552937508,0.5861978363245726,0.09252712345914915,0.013584665430244058,3.4335820600390434,0.9745147619396448,0.7860984029248357,0.5835285345092416
226304,0.040603743720566854,0.04639437061268836,3.7022093310952187,0.6219358500093222,0.13528740213951096,0.026677114248741418,3.7362325936555862,1.4440234750509262,0.9236825397238135,0.8049275111407042
227328,0.06004391630995087,0.052692086435854435,3.6407220736145973,0.6305367909371853,0.11930626491084695,0.02718079707119614,3.723575137555599,1.2360437214374542,0.9082939680665731,0.7335712015628815
228352,0.04618141707032919,0.047437942354008555,3.720860131084919,0.6117457170039415,0.10442835467983969,0.022548140346771106,3.5950869768857956,1.1123328804969788,0.9599811462685466,0.7631316147744656
229376,0.056347139994613826,0.04285539384000003,3.6519565135240555,0.5670571886003017,0.08824265684233978,0.01551475957967341,3.3533936142921448,0.935717411339283,1.1787394043058157,0.698033913038671
230400,0.060318957577692345,0.03907708538463339,3.547962710261345,0.5412664143368602,0.156747717410326,0.027157054690178484,3.5111467093229294,1.0186462923884392,0.801087012514472,0.8357738889753819
231424,0.06419524838565849,0.053519535693340003,3.5690974220633507,0.6754812691360712,0.13475526531692594,0.02749200363177806,3.7824023440480232,1.3059406206011772,0.8513967245817184,0.6970269633457065
232448,0.05623586580622941,0.05217028665356338,3.668665371835232,0.5814957153052092,0.11461392405908555,0.026919539261143655,3.793711557984352,1.3861471489071846,0.9717592895030975,0.5756362220272422
233472,0.05860744050005451,0.060728511307388544,3.7254692539572716,0.6562491096556187,0.10685015755007043,0.03614949656184763,4.0457616820931435,1.7592653520405293,0.9352385699748993,0.7566927662119269
234496,0.05864078042213805,0.020518709905445576,3.725280746817589,0.5925652515143156,0.17581162066198885,0.010801405791426077,3.941011779010296,1.5014537386596203,0.7955246977508068,0.5409870939329267
235520,0.06659989472245798,0.03737461811397225,3.7490360140800476,0.628757581114769,0.10689373419154435,0.01981538240215741,3.4507341980934143,1.039554437622428,0.7963246004655957,0.530011379159987
236544,0.0445355441479478,0.03782351640984416,3.58139705657959,0.6003697756677866,0.07526044119731523,0.026392495637992397,3.697551541030407,1.3871972560882568,0.8568677371367812,0.663175861351192
237568,0.05593885452253744,0.040769795363303274,3.762977659702301,0.7140485271811485,0.1384961288422346,0.0252517570334021,3.9211506843566895,1.5933302603662014,0.7629582202062011,0.7272497303783894
238592,0.056339088652748615,0.04125691158697009,3.8254562839865685,0.7194498740136623,0.08779054187471047,0.026593264599796385,3.985574446618557,1.710744433104992,0.6992720747366548,0.650994585826993
239616,0.06374872851301916,0.051446572993882,3.697956643998623,0.6272218003869057,0.12998263284680434,0.023362219537375495,3.6748592033982277,1.334446158260107,0.7415114641189575,0.7838286766782403
240640,0.06450594018679112,0.029640060383826494,3.7361347153782845,0.6366360075771809,0.16530856839381158,0.008820187955279835,3.9579006284475327,1.3665288761258125,0.8084651827812195,0.4511571852490306
241664,0.061493519198847935,0.04116961103864014,3.7070972248911858,0.7576466612517834,0.10152735086739995,0.019886341324308887,3.9636210277676582,1.4548868723213673,0.692130015231669,0.5685311513952911
242688,0.05789119520341046,0.046425685461144894,3.73361187428236,0.7533514630049467,0.16334420116618276,0.020919187605613843,3.9313673302531242,1.471212137490511,0.7662310693413019,0.5784725183621049
243712,0.058252396585885435,0.0352700455696322,3.849240131676197,0.7019394598901272,0.10658095164399128,0.020501482271356508,3.7016279995441437,1.1407881956547499,0.8609508750960231,0.6164578096941113
244736,0.05394410123699345,0.04728636040817946,3.548773340880871,0.6916508376598358,0.07804721128195524,0.02356911581591703,3.7417442053556442,1.391599666327238,0.8391123069450259,0.5631301710382104
245760,0.07726945128524676,0.04293423506896943,3.7071821317076683,0.7103117890655994,0.16450614808127284,0.02282689747516997,3.7202900797128677,1.308671422302723,0.7593433689326048,0.7603624984622002
246784,0.05181197199271992,0.03654134296812117,3.8536171838641167,0.792115468531847,0.08999899204354733,0.02203344789450057,3.640320524573326,1.0601549465209246,1.0238629300147295,0.7209747992455959
247808,0.06327268434688449,0.047619571327231824,3.732769399881363,0.6553515829145908,0.09404225484468043,0.019830789329716936,3.6432584300637245,1.1339914686977863,0.7451911708340049,0.5907416185364127
248832,0.07234538794727996,0.043820848513860255,3.7644550874829292,0.7059203330427408,0.11469686403870583,0.015159989328822121,3.437686026096344,1.0853945426642895,0.6954734288156033,0.5815307246521115
249856,0.06699330033734441,0.028910707333125174,3.631731726229191,0.6081679277122021,0.12921710609225556,0.014161505998345092,3.4738272055983543,1.005480146035552,0.7439722390845418,0.633111696690321
250880,0.06215679063461721,0.04601665516383946,3.6949267014861107,0.6543930023908615,0.0720195074682124,0.021581912733381614,3.6119824647903442,1.1246037520468235,0.8530922699719667,0.6387984780594707
251904,0.057087156863417476,0.06339746643789113,3.7990188971161842,0.763246139511466,0.1065157228440512,0.03854568308452144,3.8375172913074493,1.5781634598970413,0.9680116716772318,0.8311393558979034
252928,0.07265711625223048,0.060107303550466895,3.776969261467457,0.699136869981885,0.07956328196451068,0.03025336636346765,3.656524881720543,1.6191680394113064,0.8523793118074536,0.6752575868740678
253952,0.061704906984232366,0.040832620463334024,3.7310908436775208,0.6683240421116352,0.10936564212897792,0.02138262614607811,3.77083633095026,1.447834800928831,0.8331811046227813,0.7528299456462264
254976,0.05711564209195785,0.04516111151315272,3.4223568364977837,0.5292068775743246,0.17365733161568642,0.026662816177122295,3.6213300302624702,1.3032805044203997,0.773038194514811,0.7990615563467145
256000,0.05821355208172463,0.04085203632712364,3.6495450735092163,0.5875050369650126,0.09565783111611381,0.014429238013690338,3.6603339463472366,1.245088119059801,0.9674636628478765,0.7012984156608582
257024,0.060091913110227324,0.03644234110834077,3.818542778491974,0.6737009696662426,0.112853639642708,0.017653677408816293,3.8667518720030785,1.5958291590213776,0.8598502539098263,0.6798704527318478
258048,0.0650485978112556,0.060024077305570245,3.762243703007698,0.6564252506941557,0.12899943185038865,0.016875980945769697,3.662337340414524,1.2212061434984207,0.8739868653938174,0.6220609610900283
259072,0.04906961153028533,0.0296917594387196,3.5916131660342216,0.512586466036737,0.09143227286403999,0.012526536709629,3.536326542496681,1.0834316425025463,0.9192537339404225,0.6903232280164957
260096,0.05810704437317327,0.04173509310930967,3.8434881269931793,0.764139536768198,0.06623238351312466,0.0220471678476315,4.029998689889908,2.167122643440962,0.9069291669875383,0.7132164533250034
261120,0.05680133536225185,0.05792128760367632,3.7839276641607285,0.7101695667952299,0.15115169994533062,0.02821332070743665,4.120968386530876,2.3089377358555794,0.9284234810620546,0.6543393256142735
262144,0.05960933241294697,0.042809043428860605,3.707159601151943,0.6622725743800402,0.10753442021086812,0.021228776400675997,3.5875517949461937,1.1602970454841852,0.9245042242109776,0.6984930951148272
263168,0.07770247512962669,0.05443042702972889,3.7934962436556816,0.6609698515385389,0.11885510757565498,0.02755126525880769,3.5834158211946487,1.1412197835743427,0.7309353994205594,0.8139406107366085
264192,0.06496830802643672,0.03728648432297632,3.6419615671038628,0.605024816468358,0.10466663702391088,0.021645500703016296,3.5945817306637764,1.064465707167983,0.7031692080199718,0.8445095429196954
265216,0.06064975867047906,0.03716212877770886,3.655128300189972,0.5902912523597479,0.19179949979297817,0.014520834636641666,3.8308157473802567,1.4429348073899746,0.6546760825440288,0.46961898263543844
266240,0.0506476086738985,0.036636796372476965,3.693945713341236,0.6359081864356995,0.11938891361933202,0.01876186634763144,3.294079378247261,0.8581296261399984,0.7391807483509183,0.7558699119836092
267264,0.04559987227548845,0.036252927500754595,3.5930528417229652,0.5387821514159441,0.09175110141222831,0.018953259044792503,3.6566240414977074,1.083272123709321,0.8332617245614529,0.7141855182126164
268288,0.06901480437954888,0.0369915448827669,3.8261817395687103,0.690269073471427,0.09274594107409939,0.023703242535702884,3.589980036020279,1.2592222038656473,0.9692454161122441,0.6720324521884322
269312,0.06527816448942758,0.02841719496063888,3.65332805365324,0.5723389238119125,0.12279058629064821,0.014859489921946079,3.4926665499806404,1.0679565072059631,0.7171980543062091,0.6307803159579635
270336,0.05630618112627417,0.02951117738848552,3.825221173465252,0.6986685488373041,0.08493209833977744,0.0217154668061994,3.6103504598140717,1.3470469396561384,0.983020044863224,1.0888665281236172
271360,0.07403331395471469,0.03878720349166542,3.7589049637317657,0.7033114917576313,0.10147593691363,0.01816384683479555,3.6554768681526184,1.2904538214206696,0.8721093609929085,0.6592642739415169
272384,0.08153683948330581,0.03931543376529589,3.7086935490369797,0.651877036318183,0.12244926119456068,0.02186353856814094,3.6390053406357765,1.3094048351049423,0.6925046425312757,0.6765020126476884
273408,0.05743021474336274,0.04831411154009402,3.653209187090397,0.5707789734005928,0.126508197048679,0.023780352028552443,3.9934828728437424,1.5567298494279385,1.1327602006495,0.783434297889471
274432,0.03611626953352243,0.03243640367873013,3.902525521814823,0.7852381505072117,0.07885399647057056,0.01282389322295785,3.769388698041439,1.423987202346325,0.8626499203965068,0.7961961822584271
275456,0.08285205659922212,0.0413076194236055,3.8717691227793694,0.762350345030427,0.12831025809282437,0.016292649670504034,3.6385545432567596,1.1407810896635056,0.9138850560411811,0.6924805799499154
276480,0.06782823096727952,0.03648265282390639,3.856383927166462,0.8296099547296762,0.09628505993168801,0.015690793734393083,3.905025966465473,1.4944387152791023,0.6293054996058345,0.5556900892406702
277504,0.07256042676453944,0.07792402629274875,3.6325226798653603,0.6778536327183247,0.1102409771992825,0.032543032721150666,3.586552210152149,1.1764933727681637,1.0959437247365713,0.8359041325747967
278528,0.059926430869381875,0.04111068800557405,3.9413023442029953,0.8255284335464239,0.10861919110175222,0.01472212522639893,3.905499540269375,1.491199355572462,1.0085726771503687,0.5882575334981084
279552,0.06913813453866169,0.036361339793074876,3.8133068084716797,0.708500862121582,0.12569696549326181,0.013553829601733014,3.804299920797348,1.277205804362893,0.905831852927804,0.727351046167314
280576,0.06568792843609117,0.03969697415595874,3.573105163872242,0.5671409480273724,0.11963965854374692,0.02478736304328777,3.6212144941091537,1.2649468779563904,0.8544457238167524,0.8169323839247227
281600,0.051165827666409314,0.06828745687380433,3.7818448916077614,0.7610037345439196,0.10272812086623162,0.0282687158905901,3.7565697208046913,1.3065776899456978,0.7434177594259381,0.7087309863418341
282624,0.06602539314189926,0.04593329003546387,3.697400264441967,0.6405363492667675,0.14765536494087428,0.02277019221219234,3.7765025720000267,1.2357732616364956,0.763223260641098,0.6081710802391171
283648,0.05012460917350836,0.0339551322394982,3.7423213943839073,0.6270684525370598,0.10235373536124825,0.014758456964045763,3.7662566155195236,1.3714394643902779,0.9240189678966999,0.6989785917103291
284672,0.048821781732840464,0.03615371778141707,3.6135421991348267,0.5913465963676572,0.10436119418591261,0.020739307859912515,3.4426121413707733,1.156373469159007,0.8966325791552663,0.8571225358173251
285696,0.049698795162839815,0.04346597660332918,3.581260822713375,0.6561500336974859,0.09381656430196017,0.021148954139789566,3.5773574262857437,1.4298570528626442,0.698304520919919,0.6830990146845579
286720,0.04901759164931718,0.046898836735635996,3.6325358152389526,0.6257898770272732,0.11950020963558927,0.01777675747871399,3.4218674078583717,1.534228004515171,0.9183231703937054,0.6798435831442475
287744,0.031075792183401063,0.024927049700636417,3.9970421716570854,0.9686240926384926,0.10900493204826489,0.01290756557136774,3.9539638310670853,1.9714911468327045,0.8786280853673816,0.726113679818809
288768,0.07856086266110651,0.06955151306465268,3.714041866362095,0.7440896034240723,0.12159717781469226,0.041905643651261926,3.655882701277733,1.5678427442908287,1.2639748882502317,0.9149560211226344
289792,0.07761117484187707,0.03903957473812625,3.5598305985331535,0.6126345004886389,0.22706837533041835,0.02106388987158425,4.174790650606155,1.9680153988301754,1.0449734972789884,0.749860092997551
290816,0.06282715901033953,0.04980235535185784,3.9017730578780174,0.8003677818924189,0.09641642571659759,0.03141569154104218,3.786561958491802,1.4134875163435936,1.028591686859727,0.7296183975413442
291840,0.04614553868304938,0.046104865381494164,3.858217976987362,0.7036752784624696,0.11460445693228394,0.030847721558529884,4.014224819839001,1.5457891821861267,1.0543338153511286,1.0382816372439265
292864,0.07720425288425758,0.03918728401185945,3.6258726716041565,0.6763213202357292,0.13983153260778636,0.016470834612846375,3.4621163830161095,1.0667582470923662,0.8663442702963948,0.6023929473012686
293888,0.05728270555846393,0.0653690731851384,3.5075880959630013,0.5253129592165351,0.09180954471230507,0.02183928675367497,3.367021568119526,0.8810801822692156,1.152115473523736,0.6921033738180995
294912,0.06357249376014806,0.044538749381899834,3.5689169093966484,0.5894335322082043,0.10800882079638541,0.02463897643610835,3.3537905886769295,0.8896671496331692,0.9012242387980223,0.6333648385480046
295936,0.054824546474264935,0.03591687680454925,3.678401879966259,0.6414964385330677,0.11023155727889389,0.014260741241741925,3.4338953867554665,0.9416590500622988,0.969942431896925,0.5893614729866385
296960,0.04221887278254144,0.04183568217558786,3.625090256333351,0.5729007693007588,0.10887208167696372,0.021055882709333673,3.5849287062883377,1.1159888450056314,0.8736094236373901,0.7569033773615956
297984,0.06327835313277319,0.03517358162207529,3.942750111222267,0.840116374194622,0.08989535534055904,0.019177145266439766,3.6793222799897194,1.2244921028614044,0.9216195475310087,0.5533207403495908
299008,0.04631129445624538,0.042348601506091654,3.566213332116604,0.5455595469102263,0.1331598541000858,0.022554733761353418,3.683496467769146,1.141234539449215,0.7576623614877462,0.7637143973261118
300032,0.06903558016347233,0.041895834379829466,3.8712339997291565,0.7594392877072096,0.11717509280424565,0.023232669685967267,3.572974808514118,1.1384669113904238,0.7272197622805834,0.7436723280698061
301056,0.07354289037175477,0.03439697704743594,3.654148630797863,0.6312047019600868,0.09460672712884843,0.010685068627935834,3.3001412227749825,0.8325263317674398,0.818678954616189,0.6675452888011932
302080,0.049522781977429986,0.04864753608126193,3.577472023665905,0.5996797438710928,0.10541263144114055,0.01611847770982422,3.4262522235512733,0.98774728551507,0.833146758377552,0.6428506057709455
303104,0.06861993609345518,0.041367714933585376,3.913838714361191,0.8060933090746403,0.07917881829780526,0.014863464792142622,3.6854855716228485,1.2320194076746702,0.8698566481471062,0.6066397000104189
304128,0.05875249454402365,0.04136290162568912,3.8110008388757706,0.7296280059963465,0.06766453228192404,0.013347722750040703,3.448474533855915,1.2373984269797802,0.8366856593638659,0.613260698504746
305152,0.06094597518676892,0.05345234181731939,3.6830425709486008,0.6298212893307209,0.16578859486617148,0.019169722974766046,3.7632796689867973,1.4241389073431492,0.9556397274136543,0.6265500858426094
306176,0.0400864970870316,0.03169842780334875,3.802069380879402,0.6490778885781765,0.09819083381444216,0.010797563343658112,3.7277763709425926,1.3333340138196945,1.018367612734437,0.608874992467463
307200,0.035359084329684265,0.03931864962214604,3.880654916167259,0.7483324836939573,0.06431110706762411,0.017536742612719536,3.721539482474327,1.4164842013269663,0.7158557483926415,0.6755966581404209
308224,0.07576583547051996,0.054167789057828486,3.749488450586796,0.7266264986246824,0.13436231145169586,0.02863388869445771,3.6045156121253967,1.2035468276590109,0.884066442027688,0.7234097048640251
309248,0.06626474545919336,0.030124569544568658,3.6394160762429237,0.611543070524931,0.11836492200382054,0.022851385845569894,3.8905956596136093,1.613177329301834,0.7466220064088702,0.5602088291198015
310272,0.06531949849158991,0.039968489727471024,3.908626027405262,0.7943254634737968,0.09221983910538256,0.01576817492605187,3.8357588201761246,1.6876877918839455,0.8147898036986589,0.7145962920039892
311296,0.04969103867188096,0.026082707045134157,3.695727415382862,0.5653631808236241,0.09165074536576867,0.00894397939555347,3.532377690076828,1.1788772772997618,0.9565865769982338,0.7431085836142302
312320,0.05654491312452592,0.03917310235556215,3.70255858451128,0.6665698811411858,0.10999760855338536,0.018489924375899136,3.6952304020524025,1.292842585593462,0.7799801798537374,0.7431128425523639
313344,0.06508337974082679,0.05298658669926226,3.800177700817585,0.6909339018166065,0.10571129253366962,0.02434622749569826,3.7926354333758354,1.611707091331482,0.9084909744560719,0.8184476559981704
314368,0.06907189480261877,0.03278466145275161,3.73864583671093,0.6429309360682964,0.12613732705358416,0.019717155257239938,3.7062594071030617,1.3525332547724247,0.8312541916966438,0.7841912833973765
315392,0.06255409761797637,0.02479801868321374,3.7463957741856575,0.6246123090386391,0.09915835672290996,0.009915332411765121,3.3734486028552055,1.0107377525418997,0.7516148900613189,0.7145959883928299
316416,0.06918944185599685,0.028788030496798456,3.717757873237133,0.6652221642434597,0.09707034903112799,0.008297605832922272,3.7111738845705986,1.4527824949473143,0.6453144233673811,0.578645208850503
317440,0.04964192156330682,0.04664788307854906,3.6443916335701942,0.5683569526299834,0.12816903181374073,0.020859087846474722,3.710315980017185,1.4906724616885185,1.1528440807014704,0.6946107260882854
318464,0.0479686081816908,0.046163302729837596,3.5358289927244186,0.6232109367847443,0.1474377193953842,0.022640545474132523,3.736848399043083,1.2971999421715736,0.8990909261628985,0.7200829507783055
319488,0.05776890096603893,0.05707455042283982,3.5996490716934204,0.6251919772475958,0.12709744554013014,0.022395247709937394,3.6683137267827988,1.2498195245862007,1.005905481055379,0.6468857824802399
320512,0.04841496906010434,0.049089300038758665,3.6765040904283524,0.7043786589056253,0.12136390205705538,0.028204002184793353,3.6045185029506683,1.1466897688806057,0.8554057655856013,0.7109965197741985
321536,0.056620109477080405,0.043065714882686734,3.704946994781494,0.6834382340312004,0.12754832324571908,0.017986691236728802,3.741145707666874,1.273296993225813,0.8186291549354792,0.6275891587138176
322560,0.0500263636931777,0.04135039000539109,3.5167907774448395,0.5590628199279308,0.08751926088007167,0.025952467665774748,3.4662757143378258,1.0574000999331474,0.8403673879802227,0.8464062036946416
323584,0.05351180872821715,0.05654310982208699,3.62125351279974,0.6222508698701859,0.0805981270968914,0.030014325748197734,3.6443490386009216,1.3074538633227348,0.9604796674102545,0.798535511828959
324608,0.06633355660596862,0.03559943672735244,3.554242365062237,0.5717183910310268,0.14184065046720207,0.022804804029874504,3.5322871431708336,1.1551921516656876,0.6404123203828931,0.7942184964194894
325632,0.06553308939328417,0.034179167880211025,3.6168249920010567,0.5824503935873508,0.12162009850726463,0.017241592868231237,3.4771963581442833,0.9425468724220991,1.0624253824353218,0.8544295830652118
326656,0.051146312966011465,0.03799828782211989,3.6355156153440475,0.5582841597497463,0.08000992884626612,0.020301979064242914,3.6261018961668015,1.1103278808295727,1.0580305540934205,0.8930784724652767
327680,0.04337630777445156,0.044390116177964956,3.7465261220932007,0.6539840698242188,0.08939405658748001,0.020058625552337617,3.440515048801899,1.1106813456863165,0.8030460067093372,0.8115500193089247
328704,0.06748651200905442,0.0406010583974421,3.7157562524080276,0.657348982989788,0.16997379064559937,0.014226789819076657,3.6405617222189903,1.170363087207079,0.8508451730012894,0.6504888059571385
329728,0.046718174635316245,0.037954402912873775,3.5422616973519325,0.4870940325781703,0.09085186070296913,0.010100363186211325,3.597623236477375,1.088561648502946,0.9429233018308878,0.6469827983528376
330752,0.05832008001743816,0.05290500575210899,3.6517467945814133,0.5975901652127504,0.12149732210673392,0.022072460153140128,3.7109014838933945,1.2293619252741337,0.7330891182646155,0.7870724508538842
331776,0.04897122550755739,0.03379583399510011,3.5661336556077003,0.5044469339773059,0.12598879932193086,0.010327617870643735,3.618681587278843,1.1871279682964087,0.8689984316006303,0.599592499434948
332800,0.0514438493992202,0.036843502370174974,3.7871201559901237,0.5885997209697962,0.10299479914829135,0.014497681870125234,3.65924883633852,1.2893365640193224,0.9108612984418869,0.7772110626101494
333824,0.06568758032517508,0.03451858670450747,3.721948705613613,0.6311400290578604,0.10294816258829087,0.021273831778671592,3.6267575323581696,1.1755024008452892,0.8320277174934745,0.7146426485851407
334848,0.06530180189292878,0.054923588526435196,3.593808464705944,0.5781166404485703,0.14478542667347938,0.0303915175027214,3.8729299530386925,1.2473568879067898,0.8231937838718295,0.8342101229354739
335872,0.027297158900182694,0.032925404550042,3.7574962750077248,0.6962158288806677,0.08037208698806353,0.018208716763183475,3.7978279516100883,1.3933561593294144,0.7771999724209309,0.6685382835566998
336896,0.083523022942245,0.03377079463098198,3.8591341376304626,0.8047895058989525,0.12477899077930488,0.021908586291829124,3.7237094417214394,1.296103473752737,0.6447831615805626,0.8228633599355817
337920,0.0456844935688423,0.03858702850993723,3.5355989933013916,0.5242607053369284,0.10440540504350793,0.01398094862815924,3.6132622063159943,1.1383157297968864,0.8775221304968,0.8426908068358898
338944,0.04873065465653781,0.03662356687709689,3.6075252443552017,0.5711559690535069,0.04074537713313475,0.018198982666945085,3.5909984409809113,1.4817651771008968,0.8522462025284767,0.6432213028892875
339968,0.05838511578622274,0.03871528618037701,3.5278390198946,0.4866286553442478,0.09774627990555018,0.01763301165192388,3.588991917669773,1.4433030821383,1.1011183643713593,0.8315505301579833
340992,0.047665963968029246,0.029174262541346252,3.7929505854845047,0.6678746957331896,0.11424787633586675,0.011931194909266196,3.7100512459874153,1.4857718124985695,0.9403577717021108,0.6571904933080077
342016,0.05597572971601039,0.04458036180585623,3.7492400258779526,0.7101925313472748,0.10976841952651739,0.021197064022999257,3.7116630151867867,1.4150146879255772,0.7670167284086347,0.6107974657788873
343040,0.03808891455992125,0.03672808699775487,3.7837119176983833,0.7125351782888174,0.10085771407466382,0.02343456246308051,3.480626344680786,1.2801983524113894,0.7614108379930258,0.9146073749288917
344064,0.0782517870538868,0.04084593371953815,3.7944913133978844,0.7519921958446503,0.14717582683078945,0.021243502385914326,3.7706665247678757,1.5506974197924137,0.8170324703678489,0.6116273831576109
345088,0.05998089937202167,0.055687351152300835,3.878772221505642,0.7593703959137201,0.11299361183773726,0.03363630274543539,3.717090457677841,1.3345574662089348,0.8691217917948961,0.8923482000827789
346112,0.0753369093145011,0.04275014763697982,3.6893071308732033,0.6890218500047922,0.11830074363388121,0.022735043050488457,3.4301146790385246,1.0517761316150427,0.6707310741767287,0.6896525267511606
347136,0.04531787120504305,0.03420714195817709,3.873543120920658,0.717685604467988,0.09655610041227192,0.030077890958637,3.86493631452322,1.409544948488474,1.1791298016905785,0.8344105081632733
348160,0.07671444852894638,0.04376938316272572,3.7504985705018044,0.7405608352273703,0.19716261071152985,0.02082497935043648,3.9972903728485107,1.5229650363326073,0.8944551441818476,0.7987881838344038
349184,0.05220028024632484,0.046886473428457975,3.831313394010067,0.7576779499650002,0.07887550682062283,0.020927234552800655,3.5823731496930122,1.095263758674264,0.8406380619853735,0.7076045302674174
350208,0.04999756325560156,0.041480316838715225,3.793128550052643,0.6877828165888786,0.0883746868930757,0.019481890223687515,3.6290426552295685,1.2994127050042152,0.9427048927173018,0.7951539140194654
351232,0.03987868303374853,0.03085324354469776,3.8636871576309204,0.7437320426106453,0.10499300935771316,0.021931302471784875,3.5671586990356445,1.3668861035257578,0.9793310966342688,0.8810790237039328
352256,0.06477631413144991,0.0530388216720894,3.8840100690722466,0.8294087033718824,0.11753099365159869,0.02925668185343966,3.630132645368576,1.2382393144071102,0.6817577173933387,0.5718020843341947
353280,0.07667873019818217,0.035122820001561195,3.694161295890808,0.6915057115256786,0.17280349973589182,0.021121577243320644,3.7757186368107796,1.2753732800483704,0.9299821630120277,0.6591025134548545
354304,0.06297385704237968,0.033533420180901885,3.8326891660690308,0.69194823410362,0.11677500559017062,0.011376550333807245,3.656557932496071,1.3074348084628582,0.7970839962363243,0.6798942601308227
355328,0.06819662224734202,0.028522169159259647,3.730875536799431,0.703031413257122,0.1090321860392578,0.012366463837679476,3.3260229602456093,0.9920122250914574,0.833902157843113,0.7885140450671315
356352,0.07124520582146943,0.039624666154850274,3.7332494482398033,0.7054112814366817,0.08392094779992476,0.01899487289483659,3.299331918358803,1.0507066464051604,0.7655566511675715,0.6492661889642477
357376,0.04767571153934114,0.041910992353223264,3.5863644182682037,0.4924555057659745,0.11089790484402329,0.022112705191830173,3.5412455275654793,1.2496835514903069,0.9510609395802021,0.927905454300344
358400,0.058975889754947275,0.02543393860105425,3.911382645368576,0.7903329264372587,0.07913743803510442,0.011327437125146389,3.474666014313698,1.2612458132207394,0.6894644647836685,0.613451624289155
359424,0.05480295736924745,0.03846739389700815,3.6473120376467705,0.5798028744757175,0.10698670288547873,0.02525261673144996,3.6512819826602936,1.408299371600151,1.0175130488350987,0.6848266189917922
360448,0.050786600972060114,0.026770478900289163,3.8281434774398804,0.6719744727015495,0.11278496700106189,0.019602961343480274,4.00500113517046,1.796193152666092,0.8313102703541517,0.637745251879096
361472,0.06885640759719536,0.03732468519592658,3.913204647600651,0.8125043977051973,0.13046385388588533,0.023810428072465584,4.011976294219494,1.6972445920109749,0.8217189088463783,0.8263878840953112
362496,0.08031059967470355,0.036622689745854586,3.7888399809598923,0.7784436922520399,0.13506963453255594,0.02232955818180926,3.7331748977303505,1.485858604311943,0.7570292232558131,0.6357383038848639
363520,0.05063410510774702,0.0415426375111565,3.7412132620811462,0.6545944809913635,0.1590879161376506,0.02332110214047134,3.860440820455551,1.423610433936119,0.8042642436921597,0.4753158427774906
364544,0.04808039063937031,0.037869840452913195,3.7698919996619225,0.6923103500157595,0.11386048910208046,0.015323758765589446,3.673875145614147,1.122728243470192,0.9034775178879499,0.5003775600343943
365568,0.06579237294499762,0.04527600260917097,3.901093788444996,0.7886183280497789,0.060335646878229454,0.017203791940119117,3.6075220182538033,1.2042920663952827,0.8016209835186601,0.6577904354780912
366592,0.06511481903726235,0.06766800675541162,3.4742996990680695,0.5853877812623978,0.15654402563814074,0.036964450671803206,3.5172742158174515,1.183656768873334,0.6804289538413286,0.741479204967618
367616,0.0473225295136217,0.03263944847276434,3.4613570496439934,0.5291007542982697,0.10277546301949769,0.01944410748546943,3.5407065749168396,1.0508566610515118,0.8133492823690176,0.6788988150656223
368640,0.05688244153861888,0.04846581944730133,3.4846964851021767,0.5151994954794645,0.10907623340608552,0.02591671730624512,3.64058193564415,1.1735257301479578,0.8971554525196552,0.6620207764208317
369664,0.07077640955685638,0.027350671211024746,3.645541824400425,0.5901459231972694,0.13792898831889033,0.016916359250899404,3.626977287232876,1.1262000668793917,0.7785309068858624,0.7300230171531439
370688,0.04032287414884195,0.039194585056975484,3.698767326772213,0.5895172189921141,0.11298250057734549,0.018902957846876234,3.8885836452245712,1.3575386740267277,0.7912117568776011,0.6090648891404271
371712,0.05964788669371046,0.0416629466926679,3.6760549545288086,0.6076051611453295,0.1243961569853127,0.021676110452972353,3.8239069059491158,1.3591225668787956,0.9204591289162636,0.5919991927221417
372736,0.05319025364588015,0.03179089102195576,3.6701019406318665,0.5579185094684362,0.11343114473856986,0.017930292553501204,3.4789842516183853,1.0528181437402964,0.969962652772665,0.7367867147549987
373760,0.04984508393681608,0.04311142233200371,3.557456962764263,0.5023826668038964,0.1297787184594199,0.019229064928367734,3.581229329109192,1.090247042477131,0.9003567323088646,0.7137018227949739
374784,0.061877990199718624,0.03484932298306376,3.4846741631627083,0.5908956453204155,0.10960217687534168,0.02204890112625435,3.4566072300076485,0.9315971955657005,0.7581314211711287,0.6678288681432605
375808,0.0485186327714473,0.03334963496308774,3.731046937406063,0.6977954097092152,0.09016138120205142,0.013317033924977295,3.8911989107728004,1.3868677653372288,0.7113909954205155,0.49894214514642954
376832,0.06847795235808007,0.04431935050524771,3.700867034494877,0.6957930214703083,0.10159511346137151,0.023583749833051115,3.6419103294610977,1.1107431277632713,0.8825682289898396,0.581202607601881
377856,0.04765923155355267,0.04573512985371053,3.748279996216297,0.6688094865530729,0.0819890308775939,0.022111107769887894,3.8776475116610527,1.471671886742115,0.9155883267521858,0.6903475793078542
378880,0.06601454168412602,0.03228574135573581,3.837962530553341,0.712088193744421,0.14753510314039886,0.014194415038218722,3.958278477191925,1.4645919650793076,0.6334328697994351,0.5052250809967518
379904,0.06725712973275222,0.03575757169164717,3.8762194514274597,0.8015644811093807,0.13011747965356335,0.015293150820070878,4.012327268719673,1.580533830448985,0.74560253508389,0.5835018334910274
380928,0.06851918232860044,0.042028913099784404,3.856969155371189,0.7065775562077761,0.11148724937811494,0.013350176974199712,3.890857830643654,1.3975090570747852,0.8506618635728955,0.6107942294329405
381952,0.06733174645341933,0.024133489350788295,3.802350401878357,0.6786600463092327,0.10702762304572389,0.012850698985857889,3.9097485914826393,1.4636504352092743,0.6884373528882861,0.599464911967516
382976,0.06735749437939376,0.026758029707707465,3.7535247430205345,0.6190173365175724,0.15057184430770576,0.01773536138352938,3.9208425730466843,1.536593597382307,0.8497338499873877,0.6368152741342783
384000,0.05265353951836005,0.02523543417919427,3.9247415214776993,0.8025838192552328,0.08763604974956252,0.01813289022538811,3.634346514940262,1.1590785346925259,0.7871456379070878,0.7005581222474575
385024,0.0615395076747518,0.04451454326044768,3.477846644818783,0.5190702108666301,0.1181473720644135,0.024618317343993112,3.571653187274933,1.1136794611811638,0.8102674316614866,0.6422819774597883
386048,0.06266159599181265,0.03962959966156632,3.622656151652336,0.664877712726593,0.14987215609289706,0.015544056717772037,3.841375395655632,1.3361138887703419,0.6727744257077575,0.5622513927519321
387072,0.055531452264403924,0.02833226736402139,3.825557515025139,0.6210266072303057,0.08314265566878021,0.01711043415707536,3.8676728680729866,1.3425106517970562,0.8793514054268599,0.637054368853569
388096,0.05533324080170132,0.022394022234948352,3.6393164694309235,0.5784529708325863,0.16184456535847858,0.016725108231185004,3.7645016089081764,1.2186739519238472,0.6733613014221191,0.6179845500737429
389120,0.04524298098112922,0.03153489378746599,3.613566540181637,0.6045368425548077,0.05926096680923365,0.017829304561018944,3.688032388687134,1.1307778283953667,0.853671851567924,0.7459091125056148
390144,0.04980994187644683,0.035317803209181875,3.7006653621792793,0.6121515575796366,0.15204613702371716,0.019004194618901238,3.88540381193161,1.5468482673168182,0.8239780142903328,0.6800894010812044
391168,0.06975391559535637,0.051712343585677445,3.827354721724987,0.7592671159654856,0.11169815971516073,0.024789097486063838,3.7093386054039,1.2963763996958733,0.7330511333420873,0.6361240409314632
392192,0.05005447973962873,0.04735530959442258,3.7460610046982765,0.7309595700353384,0.10765035112854093,0.025108417496085167,4.014839448034763,1.6570759937167168,0.7112862383946776,0.6698797103017569
393216,0.06362233348772861,0.045251409406773746,3.673895612359047,0.6229686886072159,0.1479764892719686,0.03230066422838718,4.053270064294338,1.7344817966222763,0.9421926159411669,0.618505253456533
394240,0.057671912538353354,0.056350758648477495,3.7297798097133636,0.5951144173741341,0.11913515056949109,0.02690324603463523,3.7935072854161263,1.3637043572962284,1.1882723979651928,0.6764893867075443
395264,0.060743258451111615,0.03425036836415529,3.7563664838671684,0.6277968902140856,0.10628253989852965,0.02331109729129821,3.8985540345311165,1.5192393995821476,0.8963771741837263,0.6765540177002549
396288,0.07450926702586003,0.028819767467211932,3.801650419831276,0.6926608681678772,0.13567156283534132,0.02505578170530498,3.785985082387924,1.3112191781401634,0.7736285133287311,0.8561471197754145
397312,0.058939013120834716,0.04102431872161105,3.729170337319374,0.6269564013928175,0.11675583687610924,0.02581591927446425,3.8768197521567345,1.3810902573168278,0.7353218272328377,0.7179547091946006
398336,0.05741217163449619,0.03967480541905388,3.732798792421818,0.6488702073693275,0.10637469287030399,0.023132517584599555,3.4089952930808067,1.0440946649760008,0.9770093830302358,0.561727630905807
399360,0.0746359329787083,0.04222604667302221,3.8795266076922417,0.7251301053911448,0.1410738870035857,0.018057395733194426,3.584179677069187,1.1604123711585999,0.7385608833283186,0.6319078579545021
400384,0.060585479193832725,0.038458145514596254,3.9119305312633514,0.7630299888551235,0.08461631584214047,0.024111790029564872,3.6807354539632797,1.1073946859687567,0.7106621004641056,0.6651165122166276
401408,0.07498866444802843,0.031064398819580674,3.8549193143844604,0.7982679475098848,0.17789421556517482,0.01957232234417461,4.041887804865837,1.6029867716133595,0.6173411067575216,0.43894135020673275
402432,0.07407566221081652,0.030993949563708156,3.809902712702751,0.7157194502651691,0.1236258652061224,0.017682888050330803,3.4925296381115913,0.9975503087043762,0.6679954146966338,0.49869665037840605
403456,0.0415434748865664,0.034457690198905766,3.669605314731598,0.6249540653079748,0.107293636421673,0.017296217440161854,3.6857320591807365,1.0581019446253777,0.821958165615797,0.5085161998867989
404480,0.0608533113845624,0.032760270580183715,3.7048753276467323,0.6926755588501692,0.10535207204520702,0.01572088256943971,3.484882764518261,0.9358299039304256,0.6883313562721014,0.4877198804169893
405504,0.0638278037076816,0.02152225442114286,3.6412375047802925,0.5662924759089947,0.1336529329419136,0.012064918264513835,3.410822480916977,0.9334708116948605,0.9140134882181883,0.574257118627429
406528,0.05553784944640938,0.031923531263601035,3.83481964468956,0.7054553683847189,0.06752271461300552,0.02075935815810226,3.8078843280673027,1.3135578911751509,0.7413604985922575,0.6903118854388595
407552,0.055511130834929645,0.034554955433122814,3.7313088700175285,0.5924573261290789,0.13960998703259975,0.015008853893959895,3.7943723872303963,1.3019877299666405,0.868454908952117,0.6694343527778983
408576,0.07011130021419376,0.029424305423162878,3.6467814072966576,0.6090116631239653,0.13417457265313715,0.014961141656385735,3.61095854640007,1.0573159530758858,0.7735097669064999,0.5867648283019662
409600,0.0701971086091362,0.027196563372854143,3.8268013820052147,0.7107565235346556,0.11216312588658184,0.014882948598824441,3.6908611059188843,1.0505841933190823,1.014944588765502,0.6300632962957025
410624,0.04899401235161349,0.03609699633670971,3.8364182263612747,0.7471729945391417,0.11648270778823644,0.01964848442003131,3.8577305004000664,1.2056123837828636,0.9820622121915221,0.632750260643661
411648,0.06231686510727741,0.042163037636782974,3.8314156383275986,0.7205998245626688,0.08839323371648788,0.03011998947476968,3.637152247130871,1.1326946970075369,0.8539513042196631,0.5753846289590001
412672,0.0692370328179095,0.04322835261700675,3.7234286218881607,0.7226583976298571,0.11246824264526367,0.025840458634775132,3.830196440219879,1.3442590236663818,1.1206338480114937,0.4754891963675618
413696,0.06097401771694422,0.045037148403935134,3.686086244881153,0.6434039790183306,0.10412640194408596,0.026893978123553097,3.595119923353195,1.1480192579329014,0.7355888895690441,0.6813803790137172
414720,0.057796521636191756,0.030209176358766854,3.8868414238095284,0.7325716614723206,0.1376009777886793,0.014761114318389446,3.9404385685920715,1.5461406335234642,0.7330552013590932,0.5962606044486165
415744,0.06397083803312853,0.0309171371627599,3.72335597127676,0.627558033913374,0.1296480699093081,0.01552984093723353,3.620558075606823,1.2154154516756535,0.8946328721940517,0.5397584838792682
416768,0.049750010104617104,0.04217215970857069,3.8114565014839172,0.6679731532931328,0.06696090829791501,0.02275548758916557,3.709367573261261,1.397368673235178,0.8455561716109514,0.7028152951970696
417792,0.05724589418969117,0.029027888958808035,3.75981467962265,0.7078306693583727,0.13102338125463575,0.01887952082324773,3.818948447704315,1.5591598711907864,0.6876766281202435,0.525667542591691
418816,0.050911185797303915,0.025853914092294872,3.5566517636179924,0.5147630330175161,0.2039381719660014,0.016281027696095407,4.049518138170242,1.745541874319315,0.7545269196853042,0.5359532288275659
419840,0.03667703540122602,0.04114649095572531,3.6729881316423416,0.6366043910384178,0.07364549156045541,0.021137319039553404,3.4327783808112144,1.0092339739203453,0.8864169288426638,0.6854615258052945
420864,0.0706179371336475,0.02641139819752425,3.7367550507187843,0.7141479719430208,0.0770895736059174,0.013696548499865457,3.2648387625813484,0.9539087750017643,0.83941993676126,0.6253376817330718
421888,0.05328440273297019,0.04146855650469661,3.632711671292782,0.6037219036370516,0.10222181968856603,0.023514198284829035,3.364061914384365,1.052644059062004,0.9197699688374996,0.7569681638851762
422912,0.04700775288802106,0.030923997808713466,3.7809204533696175,0.7379629593342543,0.12257603963371366,0.015734338856418617,3.7665988206863403,1.2129940837621689,0.9053079476580024,0.6509346887469292
423936,0.05075938065419905,0.04068317206110805,3.6496299356222153,0.6414651367813349,0.07835030951537192,0.020315732050221413,3.367148168385029,1.1011258382350206,0.7953688260167837,0.5795382624492049
424960,0.05905740136222448,0.06984084448777139,3.6180867552757263,0.6299887839704752,0.12082955241203308,0.025530325976433232,3.4250281378626823,1.0039633475244045,0.8138743937015533,0.6461849892511964
425984,0.05967124171729665,0.04931632545776665,3.6878328546881676,0.6868397425860167,0.09104973502689973,0.018821589037543163,3.5712126046419144,1.1047948505729437,0.9121532775461674,0.5998766478151083
427008,0.054940057976637036,0.03284572548000142,3.678960897028446,0.5991199240088463,0.1000757368747145,0.0188417618337553,3.3973442539572716,1.1171799767762423,0.7383158430457115,0.8049790635704994
428032,0.0613264765124768,0.02517254470149055,3.7388410940766335,0.632129954174161,0.15674887492787093,0.02102257963269949,3.8557170778512955,1.4988709390163422,0.7081307163462043,0.5919556245207787
429056,0.06101082850364037,0.0387821706244722,3.653843253850937,0.5718257026746869,0.1389120122184977,0.02001946189557202,3.7024804279208183,1.336607899516821,0.778379955329001,0.8161471616476774
430080,0.05248123899218626,0.05380538012832403,3.765733040869236,0.7415351644158363,0.10485832387348637,0.03172009193804115,3.730535827577114,1.1887911148369312,0.8091104878112674,0.6518676802515984
431104,0.04901477359817363,0.030304502113722265,3.659636303782463,0.6089349146932364,0.12010768672917038,0.01500141917495057,3.4764000475406647,1.218656986951828,0.7204659432172775,0.7106285626068711
432128,0.050890115002403036,0.04933440126478672,3.5551639944314957,0.5410903878509998,0.1279818657785654,0.021625442896038294,3.7349559143185616,1.345131615176797,0.7327748574316502,0.5713923331350088
433152,0.053258038286003284,0.028581172868143767,3.6321036592125893,0.6151302456855774,0.12401798588689417,0.012445124535588548,3.966988906264305,1.440950207412243,0.8737194864079356,0.6536686830222607
434176,0.07005842149374075,0.04945453302934766,3.6786081567406654,0.6407260801643133,0.14013369008898735,0.033987498260103166,3.807052120566368,1.2467624060809612,0.7181375520303845,0.7029662355780602
435200,0.06410082220099866,0.025387609493918717,3.7421013563871384,0.61915422976017,0.14475529571063817,0.013800726446788758,4.008368030190468,1.3986476100981236,0.7722867839038372,0.5214060554280877
436224,0.05621060621342622,0.029716520686633885,3.890584595501423,0.7296869102865458,0.11354334244970232,0.020611229410860687,4.021401435136795,1.4342746995389462,0.8187600113451481,0.5998045280575752
437248,0.052464854903519154,0.04444814403541386,3.7862356677651405,0.7113599348813295,0.09869548212736845,0.01987710504909046,3.7473893761634827,1.2636072784662247,0.7382573485374451,0.748795710504055
438272,0.07469531951937824,0.03584938152926043,3.7460422962903976,0.6761881206184626,0.09831777901854366,0.013118113551172428,3.6025998294353485,1.0877313297241926,0.6859904313459992,0.7077449383214116
439296,0.05843862387700938,0.03473196498816833,3.6465324386954308,0.600293880328536,0.13631176785565913,0.01429113608901389,3.7165740355849266,1.226587351411581,0.8200551318004727,0.5644449396058917
440320,0.0689772690529935,0.033588487131055444,3.946164555847645,0.7651006765663624,0.08266455994453281,0.013863094500266016,3.5441652983427048,1.0642149280756712,0.762263254262507,0.5793191092088819
441344,0.049509635093272664,0.04628786788089201,3.7328167855739594,0.5952571667730808,0.10807147563900799,0.024353576824069023,3.7099461928009987,1.25126326456666,0.7379725053906441,0.7107217898592353
442368,0.050183186467620544,0.027620040462352335,3.902782954275608,0.7225207611918449,0.11986481345957145,0.018100737681379542,3.8087991774082184,1.3615174032747746,0.722700908780098,0.7082442371174693
443392,0.07764226198196411,0.034416001581121236,3.687850534915924,0.64133046194911,0.07640495867235586,0.009307582149631344,3.472470812499523,1.1819709688425064,0.7101283520460129,0.6176453689113259
444416,0.038117069605505094,0.04974616505205631,3.5888849943876266,0.5754251908510923,0.09773604158544913,0.026192099205218256,3.7089534029364586,1.4061242081224918,0.6933564189821482,0.729197109118104
445440,0.06012798289884813,0.03664450574433431,3.452342540025711,0.549790732562542,0.19804377807304263,0.02106943860417232,4.090595230460167,1.9183839671313763,0.6193885756656528,0.5910724578425288
446464,0.05075186217436567,0.04487413167953491,3.575838215649128,0.5406963191926479,0.10415234067477286,0.023908887873403728,3.6122618094086647,1.1975275296717882,0.7749263625591993,0.720108394511044
447488,0.04345145952538587,0.03239957755431533,3.7681337520480156,0.7285630647093058,0.08267148851882666,0.018020846822764724,3.962957613170147,1.5951517559587955,0.9919263832271099,0.6890423744916916
448512,0.05514822025725152,0.03547266486566514,3.764673963189125,0.6984470821917057,0.10565573966596276,0.01838365924777463,3.6877645701169968,1.2764414846897125,1.028850158676505,0.6787142073735595
449536,0.07629304807051085,0.028735614381730556,3.7628308832645416,0.7065444663167,0.10641538322670385,0.024201110063586384,3.3711487501859665,1.0088888704776764,0.714475492015481,0.720658733509481
450560,0.04706441052258015,0.022427207295550033,3.677849620580673,0.5576996626332402,0.14470556029118598,0.020822587772272527,3.5339615419507027,1.01070137321949,0.7386914389207959,0.7870568176731467
451584,0.05446995061356574,0.03971401887247339,3.72613238543272,0.688142690807581,0.07787594432011247,0.020352566411020234,3.7418837174773216,1.330078300088644,0.7158542526885867,0.5621112370863557
452608,0.06442162382882088,0.03438957704929635,3.699785940349102,0.6458323802798986,0.11952830560039729,0.024691005353815854,3.398047596216202,1.0449612811207771,0.753133986145258,0.5528560597449541
453632,0.05438079504529014,0.018453439930453897,3.792357884347439,0.674791906028986,0.1045812570664566,0.011184713570401073,3.9044309332966805,1.3787666261196136,0.706215382553637,0.5583443166688085
454656,0.044194919522851706,0.0414535928866826,3.6697757467627525,0.5655162399634719,0.09714865649584681,0.019924428110243753,3.746459759771824,1.4114768020808697,1.1212769784033298,0.5878908280283213
455680,0.07381264574360102,0.055241325637325644,3.8384997323155403,0.8013453483581543,0.09502732299733907,0.028197258070576936,3.5027888044714928,1.1236584018915892,0.7700880356132984,0.6697246814146638
456704,0.06172653802786954,0.04437405476346612,3.7177054286003113,0.6988480817526579,0.08752211439423263,0.023626980662811548,3.475253663957119,1.3124008402228355,0.8454300286248326,0.6751718213781714
457728,0.055200085320393555,0.04749698261730373,3.6467956826090813,0.5798291945829988,0.10424560122191906,0.018981788132805377,3.8060519099235535,1.6325918696820736,0.9559769667685032,0.5884313303977251
458752,0.0627654692507349,0.05039063410367817,3.5872187837958336,0.532154880464077,0.1294107788708061,0.02330702409381047,3.787008687853813,1.3878661058843136,1.0148621993139386,0.6182811670005322
459776,0.053406414241180755,0.040324731438886374,3.597864583134651,0.5695064999163151,0.1084127948852256,0.020341229217592627,3.5210670456290245,1.138855753466487,0.757313746958971,0.6712717870250344
460800,0.04586421110434458,0.03348203143104911,3.6448139622807503,0.5776984840631485,0.10642780107446015,0.018586321704788134,3.556558571755886,1.2182413898408413,0.7951731272041798,0.6804299168288708
461824,0.06443150161067024,0.03929136268561706,3.4914831146597862,0.5344711691141129,0.13126975449267775,0.01658675487851724,3.73406545817852,1.0986456144601107,0.845445204526186,0.6209685662761331
462848,0.041330898355226964,0.04011103237280622,3.7272576838731766,0.5868530571460724,0.08775831799721345,0.022295084432698786,3.5967906564474106,1.1295030303299427,0.754520233720541,0.6549594784155488
463872,0.05182314815465361,0.04146733722882345,3.710146389901638,0.6576589159667492,0.09182940947357565,0.02553590983734466,3.6967882812023163,1.2629846297204494,0.7387975407764316,0.5930780405178666
464896,0.05574288431671448,0.03184812964173034,3.6363512203097343,0.5725392503663898,0.1310998536646366,0.0191641062265262,3.5931817442178726,1.1822401527315378,0.7150830775499344,0.7228761967271566
465920,0.0552603566320613,0.026455244864337146,3.76541043817997,0.5984729714691639,0.1310348380357027,0.014128626498859376,3.7944054156541824,1.3657856322824955,0.7354183904826641,0.8260513432323933
466944,0.05611838208278641,0.04419348284136504,3.660143680870533,0.6245969142764807,0.1129957550438121,0.018842306802980602,3.596109740436077,1.3292797803878784,0.7214250927790999,0.5590958055108786
467968,0.06352468818658963,0.04737744200974703,3.763789124786854,0.6757933162152767,0.13581498921848834,0.025446392013691366,3.760964013636112,1.4203735440969467,0.8439095569774508,0.8111226977780461
468992,0.06062858668155968,0.037702875677496195,3.5981315672397614,0.6417350508272648,0.10477498345426284,0.020459004590520635,3.7128520235419273,1.261482860893011,0.6857435638085008,0.7263535046949983
470016,0.051133141460013576,0.03248613508185372,3.921754002571106,0.7478434275835752,0.07589206777629443,0.01997223569196649,3.7691306471824646,1.5025804191827774,0.7807828215882182,0.7861935133114457
471040,0.05045803377288394,0.022442377055995166,3.7187626659870148,0.6171195153146982,0.14560933562461287,0.022087857796577737,3.7174007669091225,1.3863712549209595,1.0385608775541186,0.7900559157133102
472064,0.04707845428492874,0.036345373606309295,3.7740692496299744,0.6988953594118357,0.12323322880547494,0.023938580125104636,4.003711216151714,1.6605680659413338,0.8123681889846921,0.6777622867375612
473088,0.06508452360867523,0.03648393240291625,3.873731091618538,0.7933567315340042,0.1351559131871909,0.01831000906531699,3.9515876322984695,1.5343299433588982,0.6799690164625645,0.5837497115135193
474112,0.05170266004279256,0.03332754812436178,3.7473438009619713,0.7358602415770292,0.0962186815449968,0.01742005578125827,3.7608111202716827,1.3566096164286137,0.6871933816000819,0.6601698203012347
475136,0.06480268959421664,0.03632032818859443,3.709642216563225,0.6792657170444727,0.12233523905160837,0.01714772457489744,3.776319146156311,1.3302968367934227,0.6695846784859896,0.6916554821655154
476160,0.08441458409652114,0.03128627466503531,3.691323719918728,0.670936819165945,0.12879605661146343,0.013731728337006643,3.5240253061056137,1.1788246240466833,0.7226110231131315,0.6922922758385539
477184,0.05720605771057308,0.032758596586063504,3.783394545316696,0.6594319473952055,0.06275445627397858,0.019001148437382653,3.802827849984169,1.5183585286140442,0.7735502840951085,0.8103807726874948
478208,0.04941464588046074,0.029426194028928876,3.817197412252426,0.7122774291783571,0.08080900477943942,0.01944260625168681,3.853683978319168,1.3961861431598663,0.9442271552979946,0.7761832531541586
479232,0.06740266605629586,0.04171684477478266,3.800957754254341,0.7339045908302069,0.11970734945498407,0.02672473862185143,3.733717940747738,1.5762736201286316,0.6471800897270441,0.4966854816302657
480256,0.06203884637216106,0.04046749632107094,3.688768081367016,0.6234614383429289,0.11681792006129399,0.019044446613406762,3.5889889374375343,1.2285307552665472,0.6809461340308189,0.6249636542052031
481280,0.07053753605578095,0.03608129848726094,3.793426178395748,0.6803573034703732,0.12826513056643307,0.016529868327779695,3.929978482425213,1.4669573344290257,0.6183921592310071,0.5155234839767218
482304,0.05518825937178917,0.02979671850334853,3.6956659331917763,0.6454841587692499,0.09661591635085642,0.016594888729741797,3.600231371819973,1.260316088795662,0.6828508274629712,0.6778085976839066
483328,0.04601018107496202,0.044327567564323545,3.8400703370571136,0.7006245329976082,0.09339422889752313,0.02315678627928719,3.738508351147175,1.4340919367969036,0.7689628722146153,0.8509662011638284
484352,0.05482834539725445,0.04043870943132788,3.638580694794655,0.6353029124438763,0.11919825396034867,0.027567243378143758,3.3872085511684418,1.1002978775650263,0.8199277557432652,0.7963065523654222
485376,0.07003307720879093,0.035296330868732184,3.604353241622448,0.636821798980236,0.14333565416745842,0.02093453545239754,3.6405771374702454,1.3038468658924103,0.7374330461025238,0.7939064353704453
486400,0.050672322016907856,0.03123734233668074,3.46810070425272,0.45768539048731327,0.11730896309018135,0.018026984034804627,3.5748750120401382,1.0474904645234346,1.1605227198451757,0.9804875198751688
487424,0.0637645584938582,0.05953597719781101,3.6536510288715363,0.5427540326490998,0.10471359640359879,0.02833859861129895,3.836700417101383,1.2615482527762651,0.9826153675094247,0.6305335517972708
488448,0.06073203595587984,0.03934339398983866,3.7054159566760063,0.5563422366976738,0.11089988000458106,0.0298307076736819,3.695666901767254,1.1860763616859913,0.8155795857310295,0.8942211167886853
489472,0.04925482712860685,0.045920934062451124,3.619752712547779,0.5322322212159634,0.0855398197309114,0.02543943776981905,3.460825391113758,1.1664722133427858,0.8082648189738393,0.7605796661227942
490496,0.0563635556754889,0.028303413360845298,3.5629774630069733,0.5270280689001083,0.11841043265303597,0.016368033830076456,3.545753635466099,1.2477152645587921,0.8770862016826868,0.8251750357449055
491520,0.04503165677306242,0.03805795073276386,3.605838641524315,0.6412694603204727,0.09626801958074793,0.020986303832614794,3.5591690242290497,1.1954852789640427,0.9352232730016112,0.8620878010988235
492544,0.053268602496245876,0.031193868373520672,3.6856703981757164,0.5573706133291125,0.10668744216673076,0.022563859238289297,3.6372980251908302,1.1705577075481415,0.792775010690093,0.6089496128261089
493568,0.05762862763367593,0.025371386320330203,3.634901747107506,0.560864444822073,0.10491527509293519,0.019940798199968413,3.6902991831302643,1.367590844631195,0.7036181297153234,0.7962001925334334
494592,0.06376038008602336,0.022424261376727372,3.7904724404215813,0.6192105952650309,0.12074972508708015,0.013949039595900103,3.616174779832363,1.3395090140402317,0.6558977086097002,0.5588096342980862
495616,0.04725108208367601,0.0256977531244047,3.812778055667877,0.6309785358607769,0.0859538460499607,0.01791164407040924,3.752432331442833,1.233004828915,0.8262674836441875,0.5586417317390442
496640,0.059279736888129264,0.05528231605421752,3.6657591834664345,0.6322140581905842,0.07649675509310327,0.01908013445790857,3.6949522495269775,1.4655561726540327,0.6979268677532673,0.5815174616873264
497664,0.0569545102189295,0.03272744786227122,3.7540113404393196,0.6217490024864674,0.13221277331467718,0.01458262829692103,3.8377595990896225,1.4630589708685875,0.7985297348350286,0.6851588459685445
498688,0.05490323698904831,0.0329050401924178,3.609276220202446,0.5381954442709684,0.13299145817290992,0.02485102295759134,3.9353141635656357,1.443089410662651,0.6995181404054165,0.7040809690952301
499712,0.05893878120696172,0.026929991669021547,3.7254088893532753,0.6091428361833096,0.08421118813566864,0.011515578982653096,3.5616528019309044,1.2284777741879225,0.6864546062424779,0.6152373757213354
500736,0.04987964715110138,0.033411220530979335,3.5061818286776543,0.6025456860661507,0.05860170997038949,0.017966110463021323,3.7212514877319336,1.5030906647443771,0.6044125212356448,0.5469092028215528
501760,0.04325406329007819,0.031636486877687275,3.902928948402405,0.7798941377550364,0.08019016176695004,0.01827101959497668,3.82740880548954,1.7871449403464794,0.6917311372235417,0.6464100107550621
502784,0.08215559247764759,0.03691105172038078,3.7196043878793716,0.6674953121691942,0.13145346811506897,0.0206345766200684,3.542140021920204,1.4439589865505695,0.8325982019305229,0.6881127385422587
503808,0.06748722643533256,0.03406959259882569,3.761927507817745,0.6594527792185545,0.168466814677231,0.016517810290679336,4.118782080709934,2.210790541023016,0.7975326757878065,0.4920057854615152
504832,0.06785464184940793,0.04294202080927789,3.6461646780371666,0.6502841394394636,0.11840314645087346,0.015886348701315,3.561688758432865,1.2032482214272022,0.7435671398416162,0.6830491609871387
505856,0.0383859606081387,0.04351621586829424,3.561703972518444,0.48903697077184916,0.07874542096396908,0.03147157822968438,3.5148930475115776,1.0608051251620054,0.7493231035768986,0.8922035209834576
506880,0.045956846966873854,0.02811432135058567,3.4196289777755737,0.40981848165392876,0.12637816893402487,0.013844064087606966,3.671409271657467,1.2183113936334848,0.8434053920209408,0.5607768818736076
507904,0.05294609913835302,0.02364766932441853,3.542140454053879,0.5266757560893893,0.17307377606630325,0.015810864919330925,4.123116180300713,1.659572497010231,0.6921782027930021,0.6829421687871218
508928,0.04597855049360078,0.03187824267661199,3.661234512925148,0.6010186206549406,0.09192322462331504,0.020972358324797824,3.585959166288376,1.0601098481565714,0.8247385043650866,0.7477498548105359
509952,0.051747068675467744,0.038431998633313924,3.861347012221813,0.7560802865773439,0.11947460053488612,0.023985815496416762,3.913755737245083,1.4584042243659496,0.77376330178231,0.5727991545572877
510976,0.0683379169786349,0.03310239652637392,3.7501336857676506,0.7059949208050966,0.10958052764181048,0.017695559334242716,3.7835817486047745,1.3195357043296099,0.7453117147088051,0.5658668810501695
512000,0.053271441312972456,0.03992645058315247,3.7039107605814934,0.7251291666179895,0.1427176043507643,0.021348087902879342,4.00712525844574,1.6292468048632145,0.7507986640557647,0.6331717893481255
513024,0.06992485182126984,0.035683840105775744,3.828870803117752,0.7325646374374628,0.13741556415334344,0.01707253002678044,3.879649981856346,1.4914654046297073,0.7383779995143414,0.6327671753242612
514048,0.06392451620195061,0.06501286581624299,3.774292603135109,0.8639389090240002,0.15231999952811748,0.035841981414705515,3.989891618490219,1.4033276960253716,0.6562194367870688,0.7121477462351322
515072,0.06284797488478944,0.04154110507806763,3.659654811024666,0.7153456974774599,0.12224719469668344,0.027753714588470757,3.8731372877955437,1.425181072205305,0.8341607991605997,0.5140570513904095
516096,0.06715643830830231,0.03543289133813232,3.6715594604611397,0.6092766989022493,0.1223760359280277,0.021505450044060126,3.639545477926731,1.1864244490861893,0.7815916882827878,0.8121777987107635
517120,0.05188962099782657,0.035901388444472104,3.6443223506212234,0.6496463213115931,0.10149630083469674,0.023251282633282244,3.8462219834327698,1.329788152128458,0.7323392266407609,0.6761463833972812
518144,0.059404133062344044,0.03064720274414867,3.788592629134655,0.6929513700306416,0.10409129509935156,0.013368463551159948,3.6835005804896355,1.218555223196745,0.6120254639536142,0.6668674219399691
519168,0.05726655419857707,0.03496043948689476,3.6733303740620613,0.5970182698220015,0.11138908995781094,0.01588221054407768,3.8807396963238716,1.5218463353812695,0.9080763068050146,0.7570017818361521
520192,0.05025727520114742,0.03555833135033026,3.6934275925159454,0.6407033000141382,0.07986213816911913,0.021971565642161295,3.711538553237915,1.3911748453974724,0.7063337452709675,0.6903853416442871
521216,0.05490831955103204,0.04231584660010412,3.762460395693779,0.731594393029809,0.13907604105770588,0.029672800563275814,3.794733390212059,1.4135675802826881,0.705537966452539,0.5621472438797355
522240,0.048460102698300034,0.03924926748732105,3.856223404407501,0.834511261433363,0.08755590376676992,0.025890829070704058,3.8058371990919113,1.4433196820318699,0.7460210435092449,0.7606368502601981
523264,0.058526160806650296,0.029071051278151572,3.8623597025871277,0.7102128528058529,0.11065824941033497,0.02119848784059286,3.763233371078968,1.3936920762062073,0.7446537259966135,0.7978952918201685
524288,0.05535919236717746,0.030617396056186408,3.720337726175785,0.6785123310983181,0.1225657151080668,0.019374025374418125,3.6930602118372917,1.3217750154435635,0.8103981474414468,0.7004729714244604
525312,0.08271961455466226,0.04007660743081942,3.7254286110401154,0.7303470466285944,0.1512597834225744,0.01289238638128154,3.5717510506510735,1.1822075806558132,0.9808715106919408,0.5081208720803261
526336,0.05525463214144111,0.030816295591648668,3.580391511321068,0.5167532926425338,0.1353906576987356,0.010676165577024221,3.7393746599555016,1.3264410980045795,0.677240458317101,0.5495124878361821
527360,0.03878949521458708,0.0347392592811957,3.706546001136303,0.6511124148964882,0.0877205851720646,0.014485378138488159,3.547322563827038,1.0978734456002712,0.9298559576272964,0.7729848166927695
528384,0.059851715283002704,0.04061922599794343,3.7109216079115868,0.6130576748400927,0.08234342932701111,0.017929146270034835,3.7664648219943047,1.4802065156400204,0.7614067429676652,0.7978121703490615
529408,0.06501298883813433,0.05175632226746529,3.5648446157574654,0.5804063230752945,0.14401674561668187,0.028033804439473897,3.9330060333013535,1.4674721658229828,0.9129119496792555,0.6585082476958632
530432,0.05396869729156606,0.03269025019835681,3.784872181713581,0.6426906902343035,0.10514839750248939,0.012151081231422722,3.8658120781183243,1.585459653288126,0.9302296154201031,0.7955635618418455
531456,0.05354355927556753,0.03792646568035707,3.693666487932205,0.574592711403966,0.13137396157253534,0.0182460485084448,3.9402333945035934,1.61813597753644,0.8914314117282629,0.670581434853375
532480,0.057111709989840165,0.02964910550508648,3.698484405875206,0.6249197162687778,0.12000817828811705,0.020092875376576558,3.7075105458498,1.3035403937101364,0.7042339891195297,0.811378613114357
533504,0.06154033908387646,0.02346141985617578,3.5788608491420746,0.5411773100495338,0.12984017946291715,0.018688563402974978,3.8488829433918,1.398268211632967,0.8962544417008758,0.8025875929743052
534528,0.044590462144697085,0.031080791726708412,3.751000314950943,0.6011894857510924,0.05765558884013444,0.01822202951007057,3.912789471447468,1.6805396787822247,1.185104075819254,0.6987049654126167
535552,0.0570957392337732,0.05900910613127053,3.851572297513485,0.7764487955719233,0.12649568897904828,0.03376985003706068,3.8577507734298706,1.7268064357340336,1.031733427196741,0.8888635002076626
536576,0.05369206334580667,0.040937304962426424,3.8488435968756676,0.731740690767765,0.1523907515220344,0.02576167497318238,3.9168972596526146,1.6597986295819283,1.0166427809745073,0.6457757540047169
537600,0.05555729486513883,0.030135406064800918,3.5784084126353264,0.5536357630044222,0.14149330591317266,0.02017041394719854,3.8196432292461395,1.2764332816004753,0.7928269812837243,0.6404476081952453
538624,0.04138043231796473,0.03968844731571153,3.788265198469162,0.6701708287000656,0.10123757744440809,0.017167672369396314,3.6472306922078133,1.2555259205400944,0.7230917466804385,0.6753966165706515
539648,0.07125140482094139,0.03689573594601825,3.70308705419302,0.6503037288784981,0.1056943450239487,0.02408077850122936,3.6104955598711967,1.1780683174729347,0.6009394265711308,0.7542890245094895
540672,0.06330658463411964,0.035901644558180124,3.5829285457730293,0.5840535275638103,0.16713614179752767,0.023076044104527682,3.9878534451127052,1.4098306111991405,0.7750966725870967,0.4382669795304537
541696,0.05699084821389988,0.027441692422144115,3.6539500653743744,0.6188831850886345,0.10553831345168874,0.014739723817910999,3.7394346445798874,1.1700254827737808,0.8454944705590606,0.5582550205290318
542720,0.05908540840027854,0.025957177684176713,3.6329154148697853,0.6076936852186918,0.08280609821667895,0.0173026543634478,3.7844359427690506,1.3781371861696243,0.732509515248239,0.6019085003063083
543744,0.06743743346305564,0.035464363638311625,3.7184883132576942,0.6589921340346336,0.155102769844234,0.017641209036810324,3.856818124651909,1.3423894420266151,0.6443561501801014,0.570659913122654
544768,0.059317790961358696,0.04487674677511677,3.6360425651073456,0.5778151638805866,0.07625730460858904,0.016946885589277372,3.3175770714879036,0.9468521662056446,0.9008598988875747,0.6062650410458446
545792,0.050146083580330014,0.027740296442061663,3.5652902498841286,0.5006143441423774,0.12019665131811053,0.018546268256613985,3.3270506635308266,0.9587479401379824,0.7609449559822679,0.7585970871150494
546816,0.04687546598142944,0.034475615597330034,3.6777117624878883,0.6365877222269773,0.10580484109232202,0.018278672883752733,3.4357582554221153,1.0671013798564672,0.7437005285173655,0.692940796725452
547840,0.05752504535485059,0.03934335912344977,3.7408433631062508,0.7882373929023743,0.15969545976258814,0.03139145753812045,4.201312437653542,1.6826362162828445,0.5506523549556732,0.5798195926472545
548864,0.06501140912587289,0.0368370080832392,3.713335797190666,0.6336530651897192,0.11786189011763781,0.017880205443361774,3.5589464828372,0.9638440907001495,0.7508894363418221,0.5599193358793855
549888,0.06024587611318566,0.034990729414857924,3.744652681052685,0.639795059338212,0.11637494358001277,0.01570803177310154,3.908073663711548,1.3747273720800877,0.9393408233299851,0.5717425514012575
550912,0.06455441715661436,0.030150306702125818,3.8057898730039597,0.6773144956678152,0.11018760001752526,0.01513774847262539,3.722632221877575,1.319972824305296,0.709753624163568,0.6244725827127695
551936,0.04158115541213192,0.030882267048582435,3.736002266407013,0.6382651254534721,0.09850527660455555,0.01732676976826042,3.8894754201173782,1.6452168114483356,1.048788944259286,0.6259550796821713
552960,0.06804706485127099,0.040165526734199375,3.7759838104248047,0.6266579497605562,0.10129707347368822,0.019206233962904662,3.715557336807251,1.5446993708610535,0.8249387014657259,0.8522323714569211
553984,0.06300260324496776,0.04634846677072346,3.501810997724533,0.5709002315998077,0.15303682908415794,0.023298506566789,3.903445191681385,1.4419213831424713,0.7298682685941458,0.82482750993222
555008,0.06474207201972604,0.04101867281133309,3.633427172899246,0.6247838363051414,0.11821515648625791,0.024931229854701087,3.7034662067890167,1.1110625341534615,0.7141419537365437,0.6717794314026833
556032,0.05412818961485755,0.039321305172052234,3.7868074774742126,0.6766485571861267,0.12101613183040172,0.015417237969813868,3.861665114760399,1.4719599448144436,0.7582201035693288,0.5954595506191254
557056,0.0658586002246011,0.03929574170615524,3.7439689934253693,0.6714286152273417,0.1178682860918343,0.02093070454429835,3.9270075410604477,1.4703702256083488,0.733839601278305,0.5241463575512171
558080,0.04733409848995507,0.04017114650923759,3.692445896565914,0.6157789174467325,0.12703187833540142,0.02510051237186417,3.86277212202549,1.4062012620270252,0.7919908287003636,0.7033222932368517
559104,0.07667864867835306,0.050736324628815055,3.602552719414234,0.6145930793136358,0.14984963706228882,0.025455935741774738,3.5033299550414085,1.0432633589953184,0.8352826507762074,0.7530928878113627
560128,0.07256049488205463,0.026502514840103686,3.8797150179743767,0.7552561294287443,0.10535387531854212,0.014584221789846197,3.5039682537317276,1.051065707579255,0.6014442397281528,0.6235099295154214
561152,0.04746427254576702,0.027120316575746983,3.6097719445824623,0.554980993270874,0.08248264651047066,0.017211978847626597,3.0815026611089706,0.7571054436266422,0.6913187969475985,0.7970283385366201
562176,0.048196079398621805,0.03109346335986629,3.7947443947196007,0.6697809975594282,0.09784579672850668,0.010351475822972134,3.8285150229930878,1.4101969972252846,0.9604260521009564,0.5364219341427088
563200,0.04807631720905192,0.030996861052699387,3.5805828273296356,0.555107519030571,0.12786943675018847,0.02553150340099819,3.606093592941761,1.1890271585434675,0.8078405652195215,0.6900905957445502
564224,0.062426767908618785,0.032680415955837816,3.6797526255249977,0.6607269421219826,0.09767794638173655,0.017682865931419656,3.6446895822882652,1.2064338959753513,1.0419010892510414,0.659852247685194
565248,0.0463271384651307,0.03420927340630442,3.693089932203293,0.6191199105232954,0.07703353703254834,0.02130408037919551,3.2376164868474007,1.0434645172208548,0.8922477904707193,0.7417051792144775
566272,0.07204288378125057,0.033834756643045694,3.7546536326408386,0.6973941158503294,0.12261473934631795,0.020428632124094293,3.5076374113559723,1.0302757676690817,0.6690672179684043,0.714445386081934
567296,0.07190163203631528,0.03880419896449894,3.801194503903389,0.7472081817686558,0.12125820002984256,0.019870396907208487,3.844131112098694,1.413034450262785,0.7339879889041185,0.7327745947986841
568320,0.04887458935263567,0.023158682568464428,3.653794541954994,0.5944093782454729,0.09267324733082205,0.013089645537547767,3.6792431622743607,1.3509020693600178,0.654124554246664,0.6227745413780212
569344,0.05670486435701605,0.03952919482253492,3.7448707073926926,0.6880635283887386,0.09349275170825422,0.02863767184317112,3.5679326951503754,1.4689381420612335,0.7672198880463839,0.6447194404900074
570368,0.050109747709939256,0.020468515693210065,3.5613202676177025,0.5286489278078079,0.13325554062612355,0.01367036032024771,3.779703952372074,1.3640294056385756,0.7560011679306626,0.5729211084544659
571392,0.04714401965611614,0.032052686845418066,3.5925483405590057,0.5801724642515182,0.1097615011385642,0.011518667568452656,3.4695013388991356,1.0256455540657043,0.8346790010109544,0.745495461858809
572416,0.04090688258293085,0.037490260088816285,3.7891181260347366,0.6795508675277233,0.08272169413976371,0.021570772776613012,3.8330056369304657,1.5019897501915693,0.8289574589580297,0.6863011457026005
573440,0.0645491455506999,0.034210821497254074,3.801429457962513,0.6898744497448206,0.10907864675391465,0.019493437110213563,3.9321975708007812,1.5567160174250603,0.7731612352654338,0.646952535957098
574464,0.06419168223510496,0.0367863773717545,3.7351692467927933,0.6617322098463774,0.13364994584117085,0.025933505210559815,3.9150223955512047,1.4650352895259857,0.6639627069234848,0.6203843578696251
575488,0.058541405538562685,0.037382468522991985,3.7603245303034782,0.6947098951786757,0.07119109237100929,0.02112183245480992,3.8265310898423195,1.6783447116613388,0.8354698764160275,0.68640370760113
576512,0.04695496926433407,0.04212155949790031,3.7612235620617867,0.7423490788787603,0.08867322679725476,0.033798356307670474,3.5754086077213287,1.3443084359169006,0.778909525834024,0.6418722979724407
577536,0.04696525278268382,0.04905274719931185,3.6329019963741302,0.5214603468775749,0.13128558546304703,0.013025557869696058,3.856296807527542,1.6244606748223305,1.0869138799607754,0.7035043658688664
578560,0.04791873082285747,0.03408507665153593,3.7322968915104866,0.6308433162048459,0.0835234786500223,0.020491026167292148,3.775276906788349,1.5264892652630806,0.8199218772351742,0.7725606197491288
579584,0.05707861963310279,0.04753431282006204,3.7727702856063843,0.688342647626996,0.10340911280945875,0.018212181545095518,3.7334112748503685,1.412453081458807,0.8446354027837515,0.6223860774189234
580608,0.060185089125297964,0.046356334583833814,3.7837460041046143,0.6980193350464106,0.11670660617528483,0.019594941375544295,3.9277256801724434,1.4630695506930351,0.8663717303425074,0.7516432739794254
581632,0.0677312680054456,0.03886138676898554,3.692946307361126,0.6055607879534364,0.14464087202213705,0.016898644127650186,3.661064773797989,1.3096195310354233,0.8698809798806906,0.6814333526417613
582656,0.05983145808568224,0.03151322575286031,3.5617418214678764,0.5391678204759955,0.13036882516462356,0.01902699319180101,3.6887718737125397,1.243063047528267,0.7708712834864855,0.6465667253360152
583680,0.04339957519550808,0.03356597269885242,3.8342872709035873,0.6467117872089148,0.10526068657054566,0.022234586445847526,3.8850439190864563,1.4580199420452118,0.8243529321625829,0.68392248544842
584704,0.05168671112915035,0.03307620232226327,3.8686952888965607,0.7428954374045134,0.1109067625075113,0.018926105636637658,3.6058453023433685,1.1640743538737297,0.6818402353674173,0.6135344551876187
585728,0.06782399595249444,0.02715086966054514,3.885719858109951,0.6987742371857166,0.13780684885568917,0.012432004878064618,3.8232729211449623,1.354599816724658,0.6272516390308738,0.5404252046719193
586752,0.08707242790842429,0.039344373159110546,3.6689179465174675,0.7247990425676107,0.13782762450864539,0.021748290891991928,3.4901288747787476,1.0331440456211567,0.8144986275583506,0.7800739873200655
587776,0.0641759353748057,0.028966285928618163,3.8554077744483948,0.7443085461854935,0.09452387626515701,0.019649532536277547,3.763471208512783,1.2463224455714226,0.8733467916026711,0.6057551391422749
588800,0.06346083345124498,0.02678822516463697,3.7071930319070816,0.6108821202069521,0.1100419225404039,0.01733212251565419,3.613614819943905,1.1346792485564947,0.716522017493844,0.4671168914064765
589824,0.04648392045055516,0.03872490447247401,3.8171055912971497,0.7271218467503786,0.09230061434209347,0.024578667245805264,3.8567421212792397,1.31950100697577,0.7454368071630597,0.7550678197294474
590848,0.05860636162105948,0.04426601534942165,3.7152484878897667,0.6402372885495424,0.10083680367097259,0.022696708037983626,3.8216316550970078,1.3657646365463734,0.649907661601901,0.663761779665947
591872,0.05313035874860361,0.07508295075967908,3.5047540813684464,0.4975078972056508,0.16185997845605016,0.036867280083242804,3.8447104170918465,1.5254565887153149,1.1068309135735035,0.831092981621623
592896,0.0591286857961677,0.059240146074444056,3.731119357049465,0.6372576281428337,0.12147298897616565,0.03033307916484773,3.742137484252453,1.3182454966008663,0.9414273556321859,0.7395996870473027
593920,0.05929763035965152,0.044844796997494996,3.800292991101742,0.7459973078221083,0.08295630844077095,0.02435748785501346,3.8667201325297356,1.4051129706203938,0.7577404547482729,0.6224153134971857
594944,0.06884004909079522,0.05430785962380469,3.7802891582250595,0.7200230658054352,0.12733716575894505,0.02374813792994246,4.025698930025101,1.5052929073572159,0.7597357770428061,0.5347131313756108
595968,0.05689878643897828,0.033229304011911154,3.8095896765589714,0.7052228413522243,0.1253236458869651,0.01915241315145977,3.6370776519179344,1.1659386232495308,0.7886224696412683,0.7131584398448467
596992,0.057201089221052825,0.03125921357423067,3.75878369808197,0.6888118870556355,0.10606030627968721,0.015584361244691536,3.386982336640358,0.9446159489452839,0.6727065499871969,0.6246874444186687
598016,0.06215551361674443,0.039964421244803816,3.721202827990055,0.7482046745717525,0.10297619318589568,0.019454432011116296,3.319613628089428,0.9037670325487852,0.9197547975927591,0.7851646663621068
599040,0.043664655633619986,0.015535723592620343,3.693186156451702,0.5355254635214806,0.09746671677567065,0.009599988610716537,3.32145968824625,0.9539454001933336,0.8641727967187762,0.6853286614641547
600064,0.07621659897267818,0.054241974372416735,3.6756361424922943,0.6382377110421658,0.11342248209984973,0.026919128315057606,3.681287355720997,1.3059376776218414,0.7787991994991899,0.6022976310923696
601088,0.04457344027468935,0.04629492724779993,3.5876193791627884,0.5489621227607131,0.11099377163918689,0.019866690650815144,3.3901245668530464,0.9940973799675703,0.593811989761889,0.6007421473041177
602112,0.0609276031027548,0.02577976498287171,3.6750831976532936,0.5858449265360832,0.13337739481357858,0.01197806048730854,3.601341485977173,1.2647979743778706,0.6019180174916983,0.5849109794944525
603136,0.05063323560170829,0.04091477452311665,3.7685656994581223,0.7541653709486127,0.12433880771277472,0.023255303414771333,3.976469933986664,1.8800843227654696,0.6219671471044421,0.6766169751062989
604160,0.05605389425181784,0.03572295018238947,3.7757751643657684,0.6545569002628326,0.13155795575585216,0.014690789626911283,3.9073333516716957,1.4311998672783375,0.7141719870269299,0.5843551158905029
605184,0.06408499524695799,0.044469159096479416,3.632281720638275,0.5816669091582298,0.11183488310780376,0.021167908824281767,3.9522212892770767,1.3928910791873932,0.7192992838099599,0.6724021211266518
606208,0.056692160142119974,0.03811988089000806,3.685781307518482,0.6391610763967037,0.12021792423911393,0.022494806325994432,3.646154373884201,1.2656472027301788,0.66021712962538,0.5926628587767482
607232,0.05038094724295661,0.03090038720984012,3.8281289264559746,0.6648878399282694,0.08724292524857447,0.014768812281545252,3.6140612959861755,1.1406492181122303,0.6313368668779731,0.7019704105332494
608256,0.056881927128415555,0.02559149789158255,3.866768203675747,0.7665568925440311,0.09400838692090474,0.012915823041112162,3.6056036055088043,1.1170822754502296,0.6948754042387009,0.6100673107430339
609280,0.07639575670691556,0.05059854488354176,3.6266088783740997,0.6550052966922522,0.0917085941764526,0.025320375338196754,3.4975851625204086,1.1941978186368942,0.67520372569561,0.6502542970702052
610304,0.049043816688936204,0.034325000015087426,3.5544500201940536,0.5640102699398994,0.14378828858025372,0.025338589504826814,3.799139589071274,1.5208278521895409,0.5938711725175381,0.6532678175717592
611328,0.0451334118261002,0.03530921781202778,3.5993484258651733,0.49267448019236326,0.09827317699091509,0.020036919391714036,3.70455314964056,1.2809385359287262,1.0086008561775088,0.7982353651896119
612352,0.07019244408002123,0.031697043392341584,3.7197594717144966,0.6589715965092182,0.11176381964469329,0.017284628585912287,3.411041870713234,0.9939101468771696,0.5926733082160354,0.6868538931012154
613376,0.050258565082913265,0.03260791121283546,3.6678265184164047,0.5729132611304522,0.15633523371070623,0.024922662996686995,3.877288728952408,1.4722418189048767,0.5973764909431338,0.6014823345467448
614400,0.05248454285901971,0.02525165065890178,3.7484739273786545,0.6814236491918564,0.12323098978959024,0.0141017317364458,3.710369326174259,1.2467889189720154,0.5643819039687514,0.5545928981155157
615424,0.0539248721615877,0.03332956094527617,3.7182934135198593,0.6605761162936687,0.12884101527743042,0.022361280512996018,3.879229746758938,1.446975689381361,0.5726179648190737,0.6196853425353765
616448,0.06070549180731177,0.03242681355914101,3.7919886261224747,0.6960594542324543,0.11847178370226175,0.01999510359019041,3.862174041569233,1.4009029529988766,0.668020754121244,0.566552147269249
617472,0.05710651399567723,0.040677391400095075,3.7806222066283226,0.686676025390625,0.12168967089382932,0.020349990722024813,3.758730798959732,1.5104518719017506,0.7282223971560597,0.5943660875782371
618496,0.041501797444652766,0.024802749627269804,3.8478370532393456,0.744913574308157,0.11035114258993417,0.016158307465957478,3.6975144296884537,1.4026473052799702,0.6901461770758033,0.5765415551140904
619520,0.05946807799045928,0.03249150491319597,3.735499605536461,0.6999359391629696,0.13699351507239044,0.015459705900866538,3.6347671672701836,1.340614341199398,0.7431524805724621,0.5985110076144338
620544,0.06940348929492757,0.041005988081451505,3.6158511862158775,0.6246541794389486,0.15069937310181558,0.02086178635363467,3.626867063343525,1.1080572456121445,0.7488789698109031,0.6186788491904736
621568,0.0427081742673181,0.03631847404176369,3.742287702858448,0.6563517898321152,0.11013217887375504,0.018079392379149795,3.80498169362545,1.2354009225964546,0.7325431760400534,0.593411878682673
622592,0.046628988842712715,0.04474907915573567,3.7368772849440575,0.7230554670095444,0.09492434601997957,0.031230910040903836,3.6913176849484444,1.1636154651641846,0.7395902471616864,0.6406084140762687
623616,0.06579440913628787,0.06746591615956277,3.7481099739670753,0.6721095945686102,0.10197135352063924,0.028235650213900954,3.4988774955272675,1.038994314149022,0.6723683578893542,0.7337294965982437
624640,0.054332415806129575,0.03973917820258066,3.860702656209469,0.7158675920218229,0.1086861906806007,0.02248797455104068,3.7833992168307304,1.436784040182829,0.7317803921177983,0.5680644558742642
625664,0.06508076025056653,0.04544321168214083,3.73401315510273,0.6648150831460953,0.13303805456962436,0.03918088524369523,3.794000543653965,1.4108710587024689,0.7320877490565181,0.7493435684591532
626688,0.06220777449198067,0.038670807669404894,3.7539200484752655,0.6878492143005133,0.12516631977632642,0.020609286963008344,3.362689010798931,0.8987947106361389,0.8851005947217345,0.7216829927638173
627712,0.06999439833452925,0.03880604507867247,3.6553720384836197,0.6329272352159023,0.1250046927598305,0.020492548967013136,3.7455598264932632,1.1020941603928804,0.7691954858601093,0.5475495029240847
628736,0.05819871183484793,0.03592475352343172,3.792780376970768,0.6966845747083426,0.10484267229912803,0.016843301302287728,3.835472524166107,1.2191531956195831,0.556306098587811,0.5563069777563214
629760,0.053413889720104635,0.03028334176633507,3.724598743021488,0.5633544465526938,0.07388883479870856,0.012079172069206834,3.9072824269533157,1.4623150154948235,0.6041943775489926,0.6908141560852528
630784,0.051975820562802255,0.022079885617131367,3.7407554611563683,0.5690852515399456,0.14905274246120825,0.015060175966937095,3.8940029367804527,1.6545942090451717,0.6298570651561022,0.7603417728096247
631808,0.05502110213274136,0.02672357246046886,3.6976865977048874,0.5906640272587538,0.14860770176164806,0.015126781770959496,4.050140008330345,1.645112730562687,0.7389563173055649,0.635948708280921
632832,0.06596389281912707,0.04246596933808178,3.6117182821035385,0.6077125258743763,0.11357924272306263,0.03092417973675765,3.477148085832596,1.0278590191155672,0.5827106544747949,0.688569781370461
633856,0.05709842420765199,0.031751953647471964,3.668431594967842,0.624960221350193,0.10739444475620985,0.016194170631933957,3.7583087384700775,1.1842558570206165,0.5977318435907364,0.48821749445050955
634880,0.04773384137661196,0.04294601583387703,3.769641011953354,0.6383244693279266,0.1023783668933902,0.02233184123178944,3.8468992859125137,1.5388846695423126,0.7449274584650993,0.7737547634169459
635904,0.058763905079104006,0.0314319021999836,3.8364440724253654,0.6654591355472803,0.12324638973223045,0.02079871328896843,3.767827309668064,1.3205137699842453,0.6248844973742962,0.8269605673849583
636928,0.06594797183061019,0.04372206795960665,3.711728885769844,0.621054396033287,0.10946048190817237,0.022151816898258403,3.6961282789707184,1.3008342161774635,0.8373174276202917,0.7037536269053817
637952,0.056968548422446474,0.03696649899939075,3.667898468673229,0.5981146804988384,0.1527673916425556,0.01803516605286859,3.7554019391536713,1.2651131693273783,0.5385729260742664,0.838275570422411
638976,0.04292593129503075,0.0347645619767718,3.746437683701515,0.6744724120944738,0.11496194632491097,0.021836482017533854,3.9730276241898537,1.6863549314439297,0.675068243406713,0.6647068141028285
640000,0.05860786125413142,0.05602870020084083,3.7307802736759186,0.7571523599326611,0.1292891934281215,0.028704228228889406,3.88889279961586,1.438333734869957,0.7009211573749781,0.6370595768094063
641024,0.05925205390667543,0.04420078091789037,3.595967285335064,0.5449736630544066,0.10299396101618186,0.015798202948644757,3.6661507710814476,1.3353198245167732,0.6311749266460538,0.6892876951023936
642048,0.04833146980672609,0.04271588276606053,3.862674303352833,0.7739096311852336,0.07503129477845505,0.02369102163356729,4.142683163285255,2.0155809223651886,0.7199332946911454,0.6358887236565351
643072,0.08329557438264601,0.06124828534666449,3.6837997063994408,0.6339933332055807,0.15538173960521817,0.0291374102816917,3.6346788331866264,1.3851935677230358,0.8300772700458765,0.663357031531632
644096,0.04484417362255044,0.041206727153621614,3.809447906911373,0.6635339492931962,0.10678000515326858,0.024399036803515628,3.739472635090351,1.519942082464695,0.687328677624464,0.7669452000409365
645120,0.05470551847247407,0.04936671594623476,3.7166813537478447,0.6487806867808104,0.10466491378610954,0.018899776448961347,3.4676721170544624,1.2448819521814585,0.6400776272639632,0.6292525483295321
646144,0.08077586177387275,0.03627744544064626,3.6884447634220123,0.6401146985590458,0.0986034420930082,0.01614608379895799,3.2433923557400703,0.9114981312304735,0.7002532798796892,0.6397118614986539
647168,0.0584522775025107,0.033255672198720276,3.7107970789074898,0.6532994955778122,0.08364565181545913,0.018307247606571764,3.355215333402157,0.9133443348109722,1.0629563387483358,0.735882650129497
648192,0.044403740466805175,0.01663803559495136,3.6668479070067406,0.565126545727253,0.09159091563196853,0.009739401677506976,3.901331476867199,1.4796678833663464,0.6963870618492365,0.7087779715657234
649216,0.06336301431292668,0.05752641742583364,3.733642525970936,0.6495419070124626,0.13828287285286933,0.033694760175421834,3.7110212594270706,1.426917064934969,0.6321244081482291,0.7406165422871709
650240,0.05307956208707765,0.032888263813219965,3.788361117243767,0.6330573111772537,0.11548168188892305,0.024601122684543952,3.910893514752388,1.737467598170042,0.6513273706659675,0.6504761716350913
651264,0.052480995451333,0.02523123868741095,3.708131492137909,0.5719346143305302,0.1339751118212007,0.020671455073170364,3.629174582660198,1.2873678766191006,0.6019627014175057,0.8100371770560741
652288,0.05522403083159588,0.051107166800647974,4.0103921964764595,0.8229123055934906,0.08373243070673198,0.032114377710968256,3.912326753139496,1.447218718007207,0.7822100399062037,0.8948764549568295
653312,0.06821911659790203,0.023742825025692582,3.722322165966034,0.6711295135319233,0.16507988143712282,0.01407769595971331,3.802952066063881,1.344689454883337,0.6204606955870986,0.8258073078468442
654336,0.05719668672827538,0.030358290299773216,3.673777535557747,0.6282612327486277,0.1302265007980168,0.017383847414748743,3.4589195996522903,1.00093231536448,0.6399500360712409,0.6615358684211969
655360,0.05726057128049433,0.02857347414828837,3.7965089231729507,0.6729811728000641,0.052843668789137155,0.018178121448727325,3.475026860833168,1.186436364427209,0.6915689446032047,0.7669032774865627
656384,0.0571313186082989,0.02912648319033906,3.6491802036762238,0.5615382809191942,0.12123186484677717,0.015701357857324183,3.43275448679924,1.0164732802659273,1.0789392804726958,0.6719253025949001
657408,0.04688534101296682,0.03136018727673218,3.751725673675537,0.6729395557194948,0.08140713849570602,0.015274309611413628,3.8004483208060265,1.4213213920593262,0.7756210714578629,0.7232459522783756
658432,0.05622253945330158,0.030501602042932063,3.718076169490814,0.623574135825038,0.10309415718074888,0.014502946811262518,3.7900527864694595,1.3939608335494995,0.6850534165278077,0.6553937215358019
659456,0.06370427299407311,0.03793223644606769,3.7217936664819717,0.6418470442295074,0.08228813367895782,0.019859396037645638,3.3590733483433723,1.0947502925992012,0.7488514892756939,0.6326500931754708
660480,0.05746057687792927,0.023954538948601112,3.710856318473816,0.5465601999312639,0.10231196257518604,0.017553173180203885,3.800675317645073,1.4939979650080204,0.9129124116152525,0.7506932830438018
661504,0.05486287957319291,0.0394285797374323,3.742306135594845,0.6294680461287498,0.09965205559274182,0.0231604024884291,3.6790543273091316,1.3176646269857883,0.6729787578806281,0.6523541314527392
662528,0.05722821719245985,0.026058609189931303,3.6301404908299446,0.6175644025206566,0.1142587362555787,0.01390461012488231,3.758774094283581,1.4192261546850204,0.6126473564654589,0.6240522265434265
663552,0.04693131160456687,0.026025545550510287,3.7089768201112747,0.5683061378076673,0.06884304853156209,0.017980590200750157,3.867111451923847,1.8444975689053535,0.7875126851722598,0.8614335414022207
664576,0.0678205817239359,0.0328853617538698,3.912687487900257,0.8005802631378174,0.08379895956022665,0.021653745527146384,3.823412984609604,1.9747283570468426,0.6071982644498348,0.6989852730184793
665600,0.06778067388222553,0.030167206190526485,3.7229677215218544,0.6635464169085026,0.14726869633886963,0.02275327456300147,3.8304525539278984,1.5391353890299797,0.6208503227680922,0.568951677531004
666624,0.040453533409163356,0.03682690241839737,3.635792598128319,0.5462834937497973,0.1096913997316733,0.020925080141751096,3.871912084519863,1.464173063635826,0.7078420491889119,0.6819885838776827
667648,0.08233779712463729,0.04098749649710953,3.7325362116098404,0.7205965779721737,0.13144817436113954,0.017109536682255566,3.7540455237030983,1.4203064814209938,0.5946015883237123,0.5498473774641752
668672,0.05578585618059151,0.03277877124492079,3.8990295454859734,0.7692329119890928,0.10207399015780538,0.02225197054212913,3.7748768776655197,1.24182902649045,0.639171483926475,0.5323961498215795
669696,0.06777189497370273,0.03543232538504526,3.7811181470751762,0.6967624332755804,0.12726799077063333,0.023936944373417646,3.5669858157634735,1.1288807839155197,0.5628053126856685,0.7963756322860718
670720,0.053272235236363485,0.017831795033998787,3.7942590415477753,0.6351347919553518,0.11449579556938261,0.01170349377207458,3.776712067425251,1.2794916704297066,0.7330369651317596,0.6388944210484624
671744,0.0489176751289051,0.03958538465667516,3.7673449888825417,0.6821009665727615,0.09027311950922012,0.01537857367657125,3.533790796995163,1.0535904169082642,0.65862843580544,0.6562772421166301
672768,0.05853741252212785,0.03911214676918462,3.7469374239444733,0.7709182072430849,0.09536250488599762,0.02615379320923239,3.4963226690888405,1.0923334788531065,0.8332592276856303,0.757777820341289
673792,0.057104922278085724,0.05687204690184444,3.782863348722458,0.8018900640308857,0.10268361016642302,0.029073162411805242,3.842833526432514,1.4891654066741467,0.7603657059371471,0.7242631409317255
674816,0.07585498105618171,0.04075619898503646,3.7401834204792976,0.6735077071934938,0.20617281179875135,0.026648318045772612,4.073285333812237,1.8274885937571526,0.8907646564766765,0.6237417170777917
675840,0.05240049635176547,0.022185991692822427,3.7403221800923347,0.5751494821161032,0.1305191272404045,0.011871352457092144,3.6708965972065926,1.2462362628430128,0.8004756709560752,0.6857480490580201
676864,0.055144706391729414,0.021605900197755545,3.935461476445198,0.7465012408792973,0.0723390392086003,0.01433784757682588,3.8962602466344833,1.579519808292389,0.6413818337023258,0.6149163180962205
677888,0.05463826021878049,0.029688249400351197,3.6687096804380417,0.5807309085503221,0.14700329187326133,0.02225289464695379,3.769469380378723,1.4486932419240475,0.7303560301661491,0.7594718188047409
678912,0.055913632502779365,0.02805489260936156,3.66201963275671,0.5525217680260539,0.10164556495146826,0.016963710309937596,3.6466889083385468,1.2267439849674702,0.7786572929471731,0.6371057191863656
679936,0.058153433667030185,0.020322415861301124,3.650167316198349,0.5370681872591376,0.0898676817305386,0.01599252733285539,3.842104695737362,1.5254781916737556,0.6300124209374189,0.5366840437054634
680960,0.04486717934196349,0.024833808070980012,3.6901030987501144,0.5776038039475679,0.1112369661568664,0.01564606258762069,3.6899684742093086,1.5106576904654503,0.8003362650051713,0.6921193916350603
681984,0.06124666932737455,0.026833618874661624,3.5247326493263245,0.6069754119962454,0.07693736074725166,0.012314559076912701,3.6428302004933357,1.642348550260067,0.658329357393086,0.6637959536164999
683008,0.039382934948662296,0.025850139616522938,3.6422057151794434,0.5550289815291762,0.09903095621848479,0.01683384386706166,4.052287764847279,2.101545847952366,0.7890353947877884,0.727057671174407
684032,0.03946441471634898,0.04191641847137362,3.764695383608341,0.7206142991781235,0.12776551442220807,0.029197691939771175,3.7501851245760918,1.580861870199442,0.8090391103178263,0.7072235150262713
685056,0.05456110535305925,0.03886069206055254,3.9363051280379295,0.8038968332111835,0.09242540260311216,0.022761861619073898,3.7983132898807526,1.5957925654947758,0.7764496663585305,0.7087121410295367
686080,0.07154519992764108,0.06738169654272497,3.578791953623295,0.5591679010540247,0.19412111304700375,0.029222814657259732,4.020093254745007,1.6366935931146145,1.04362609423697,0.5462740901857615
687104,0.05390260135754943,0.03809469391126186,3.7247312739491463,0.6488957088440657,0.0875808245036751,0.02374210092239082,3.608723096549511,1.109798226505518,0.7755835568532348,0.6889129243791103
688128,0.05263183085480705,0.028913110261783004,3.6916854307055473,0.6029277704656124,0.10689247876871377,0.0248565997753758,3.5752412527799606,1.16077976860106,0.884518563747406,0.8428727071732283
689152,0.05029969848692417,0.05004221701528877,3.754790835082531,0.7192121241241693,0.07103696884587407,0.032492881698999554,3.6818312257528305,1.2788272015750408,0.7207670705392957,0.8487175516784191
690176,0.07183236442506313,0.029004060721490532,3.89362370967865,0.781423170119524,0.08869263267843053,0.01802804655744694,3.646315447986126,1.2579326070845127,0.8314415803179145,0.671459780074656
691200,0.06497058147215284,0.040299153595697135,3.6706687584519386,0.6348491832613945,0.21671887952834368,0.02722093663760461,4.159685507416725,1.958711676299572,0.5670124981552362,0.49625643296167254
692224,0.04133336301310919,0.02998632361413911,3.8541586473584175,0.7186297345906496,0.1056558188283816,0.021557004656642675,4.157260738313198,1.8665340319275856,0.6391277965158224,0.46249987464398146
693248,0.04952017763571348,0.025259375106543303,3.6775002777576447,0.5733904596418142,0.1344573445385322,0.015041669976199046,4.17221786826849,1.6249915845692158,0.7647253973409534,0.6215779581107199
694272,0.05391552820219658,0.03023866895819083,3.746575064957142,0.6563051585108042,0.13136407476849854,0.0177418343082536,3.8647352159023285,1.3383427001535892,0.7841902179643512,0.47378048580139875
695296,0.06780112261185423,0.03922574169700965,3.6135883778333664,0.6604520659893751,0.11801557178841904,0.015776893676957116,3.6007740199565887,1.1017485726624727,0.6334674619138241,0.62852917984128
696320,0.06283168218214996,0.031186955980956554,3.6262537986040115,0.6083612237125635,0.1291545038111508,0.019242209411459044,3.978958711028099,1.4431404061615467,0.6753548914566636,0.5359205966815352
697344,0.05627512795035727,0.04434526397380978,3.58860632032156,0.6319014057517052,0.1468866632785648,0.020287830266170204,3.9031107500195503,1.3046946004033089,0.5539168054237962,0.6261443346738815
698368,0.07753150688949972,0.031222069635987282,3.7106686010956764,0.6966908872127533,0.12403076258488,0.020630791870644316,3.8654785826802254,1.2473538406193256,0.5934113692492247,0.6288668159395456
699392,0.061141114827478305,0.025394543074071407,3.751516841351986,0.6426213551312685,0.11221927625592798,0.015125005156733096,3.7626403123140335,1.2441915050148964,0.5101856840774417,0.580240429379046
700416,0.0507153935614042,0.021057625534012914,3.6500474214553833,0.5462046060711145,0.1097164589446038,0.01568195308209397,3.7580090686678886,1.2688457518815994,0.6444932604208589,0.5695272455923259
701440,0.051250939490273595,0.04317582381190732,3.7329989597201347,0.7008684165775776,0.14062158949673176,0.023350925650447607,3.7962365597486496,1.3400329649448395,0.6825449010357261,0.5716648465022445
702464,0.05925321381073445,0.030379143019672483,3.7508160769939423,0.6214315332472324,0.11583169957157224,0.016056095802923664,3.685571052134037,1.3499219380319118,0.5888283923268318,0.5111225340515375
703488,0.05215406353818253,0.04480915860040113,3.6608021929860115,0.6307290084660053,0.11897174775367603,0.022794535238062963,3.680035136640072,1.0973513890057802,0.7784438878297806,0.5822970783337951
704512,0.06460412114392966,0.028568466019351035,3.7176648899912834,0.6237711310386658,0.13320852210745215,0.018105375405866653,3.8372367471456528,1.333162758499384,0.6558011872693896,0.4655658374540508
705536,0.05811255163280293,0.024581416859291494,3.769660636782646,0.6181762963533401,0.10553535132203251,0.01726106714340858,3.7272226437926292,1.2132739555090666,0.7298805881291628,0.5792467063292861
706560,0.03278139603207819,0.040883420035243034,3.7451834678649902,0.6892873123288155,0.1379775465466082,0.022498931706650183,3.972266413271427,1.3836881816387177,0.6385797616094351,0.52893032040447
707584,0.0844430717988871,0.0419624526402913,3.78191626816988,0.6970585603266954,0.14508210588246584,0.021101281308801845,3.741176374256611,1.1115351095795631,0.7538558105006814,0.5908091319724917
708608,0.05825396740692668,0.023540189489722252,3.6430301144719124,0.5864247009158134,0.07291588408406824,0.010103159002028406,3.349303178489208,0.8967015035450459,1.0221592988818884,0.5876032672822475
709632,0.07333528593881056,0.05497941421344876,3.7574123218655586,0.6911696754395962,0.1001969528151676,0.02721259367535822,3.5366198122501373,0.9994892347604036,0.7748867208138108,0.7252848828211427
710656,0.04792843997711316,0.06339281960390508,3.9098909869790077,0.8340562898665667,0.08681759156752378,0.03429676656378433,3.9891375228762627,1.5465167164802551,0.806437992490828,0.7607903694733977
711680,0.07575647090561688,0.04914677201304585,3.8138750791549683,0.8202174697071314,0.13571732945274562,0.024974966247100383,3.9037297815084457,1.3382702246308327,0.6918786093592644,0.5981261115521193
712704,0.06746717030182481,0.041672803461551666,3.773541957139969,0.6819239184260368,0.12438443407882005,0.020560495846439153,3.6985563412308693,1.135624485090375,0.5602313233539462,0.7349472036585212
713728,0.057688000379130244,0.02497635257896036,3.5758920311927795,0.5072351014241576,0.1417281413450837,0.018179114063968882,3.793807737529278,1.2288424298167229,0.6199263352900743,0.5712637007236481
714752,0.052564047859050333,0.034624732565134764,3.770527556538582,0.6693102233111858,0.1131167906569317,0.020059960428625345,3.708670526742935,1.1568628121167421,0.6253807162865996,0.6349231153726578
715776,0.047655394810135476,0.029442386876326054,3.8884090408682823,0.731961078941822,0.11191298445919529,0.013715723893255927,3.6877466216683388,1.1014651507139206,0.5786900455132127,0.5583135765045881
716800,0.042230532912071794,0.031077712308615446,3.6736085414886475,0.5483861872926354,0.10286509047728032,0.014710009272675961,3.6393017917871475,1.166391871869564,0.8167547676712275,0.6374494777992368
717824,0.061717147764284164,0.04027886874973774,3.7124856412410736,0.6276302337646484,0.12685154695645906,0.018191832583397627,3.794942982494831,1.2692672684788704,0.7013431573286653,0.5981639353558421
718848,0.05656003876356408,0.037152318574953824,3.652108445763588,0.6174980066716671,0.13114024919923395,0.016061617177911103,3.8923705145716667,1.2800398990511894,0.6047020591795444,0.5721409032121301
719872,0.06471930266707204,0.03945221524918452,3.8872942999005318,0.8215495329350233,0.1079347969207447,0.018351244478253648,3.2434584721922874,0.9167782794684172,0.6028433069586754,0.6638982202857733
720896,0.05780612537637353,0.027363890781998634,3.7907646223902702,0.6591546330600977,0.14455592050217092,0.011582294027903117,3.7951331958174706,1.1969437077641487,0.6265032384544611,0.4975548358634114
721920,0.06966222764458507,0.04707508452702314,3.7011519372463226,0.673279520124197,0.10976559447590262,0.030504325812216848,3.5749732330441475,1.053967634215951,0.8124227179214358,0.6284601362422109
722944,0.042310856661060825,0.06141963764093816,3.812218092381954,0.7584978677332401,0.0945707876526285,0.03299659217009321,3.6963482722640038,1.1183338277041912,0.8781911432743073,0.7944519054144621
723968,0.06599095388082787,0.03361162624787539,3.6507482528686523,0.6265989243984222,0.11541295249480754,0.02577732616919093,3.538186378777027,1.0760352201759815,0.6910401759669185,0.7280306024476886
724992,0.05689284179243259,0.03422455379040912,3.7921499013900757,0.6666803378611803,0.08194566296879202,0.017122087156167254,3.6657598689198494,1.230028860270977,0.7038609804585576,0.6407251441851258
726016,0.05122646962990984,0.047998518333770335,3.600720815360546,0.5624933764338493,0.08976396234356798,0.028875532851088792,3.256630025804043,0.8754066955298185,0.8158354898914695,0.7505633244290948
727040,0.04450791781709995,0.025325424678158015,3.4516344219446182,0.41282212920486927,0.14595244720112532,0.01780408204649575,3.6850863248109818,1.198003526777029,0.7966355439275503,0.9521325090900064
728064,0.04248774466395844,0.03766097902553156,3.555052272975445,0.49392527248710394,0.1532847173511982,0.028459383320296183,3.935189366340637,1.3497714065015316,0.5534307360649109,0.6355943707749248
729088,0.04478596182889305,0.026169364049565047,3.637978918850422,0.4832815192639828,0.13399694039253518,0.013099281175527722,3.87062755972147,1.2528062164783478,0.6705237030982971,0.7011267710477114
730112,0.048967057722620666,0.02023836868465878,3.662458084523678,0.4777490757405758,0.1203317848558072,0.01344784558750689,3.8902846574783325,1.2464401125907898,0.6330503923818469,0.6543141482397914
731136,0.04363068850943819,0.024088704609312117,3.5904540345072746,0.5162429194897413,0.11267992778448388,0.01317805759026669,3.7258527651429176,1.1335243918001652,0.5124061051756144,0.7111712712794542
732160,0.05844802854699083,0.024984863062854856,3.7276794239878654,0.5958399139344692,0.1287637259811163,0.016717138583771884,3.7737676203250885,1.1863486263900995,0.7051920145750046,0.7335911989212036
733184,0.044975082273595035,0.02950423792935908,3.7860368341207504,0.6998378299176693,0.07667122426209971,0.022050873551052064,3.9564951583743095,1.5768848434090614,0.5939365085214376,0.728552270680666
734208,0.039862629462732,0.020191097719362006,3.702937565743923,0.5585793517529964,0.11326093797106296,0.010374424688052386,3.9612245485186577,1.561163540929556,0.5066838813945651,0.6527740238234401
735232,0.05286254530074075,0.043062834709417075,3.79585050791502,0.6985206082463264,0.06682720125536434,0.025848214281722903,3.446038194000721,1.1035896949470043,0.866302102804184,0.7839426137506962
736256,0.06524986505974084,0.029209890984930098,3.8172988444566727,0.6622973009943962,0.08466019097249955,0.019798431458184496,3.639183782041073,1.2678124979138374,0.7695336658507586,0.7047623666003346
737280,0.06902567064389586,0.04101976379752159,3.796575553715229,0.6847044192254543,0.10965435142861679,0.016823421785375103,3.4745640382170677,1.1589213758707047,0.5899203959852457,0.5579806789755821
738304,0.04652559879468754,0.03433916304493323,3.759205177426338,0.6317849699407816,0.07020588862360455,0.019793947431026027,3.7888308390975,1.536830697208643,0.8019745880737901,0.7358818296343088
739328,0.061431801063008606,0.02564456732943654,3.6717275008559227,0.5590656688436866,0.1738519910722971,0.015346717496868223,4.08457574993372,1.8729867562651634,0.7317366050556302,0.5285825012251735
740352,0.05666955403285101,0.025535420048981905,3.840283840894699,0.6680292598903179,0.10574751946842298,0.015240691223880276,3.7616737633943558,1.199496790766716,0.8041711319237947,0.5597181040793657
741376,0.04615704753086902,0.03736525011481717,3.816091738641262,0.7500753365457058,0.08015157806221396,0.014997531674453057,3.9591137692332268,1.4258550480008125,0.7859964808449149,0.5393297784030437
742400,0.0738505971385166,0.035427062248345464,3.842400759458542,0.7487272713333368,0.12971983518218622,0.025418717123102397,3.7804074734449387,1.3857042007148266,0.6735821440815926,0.6900485437363386
743424,0.05280981113901362,0.0639361635548994,3.806858815252781,0.7068190705031157,0.08116471057292074,0.021321652980986983,3.7264862954616547,1.4370267279446125,0.7449800837785006,0.7426580106839538
744448,0.048999066377291456,0.05861621198710054,3.671195924282074,0.664159381762147,0.09835302666760981,0.026433842489495873,3.4349541664123535,1.312345888465643,0.6978529775515199,0.8573109768331051
745472,0.04763250547694042,0.028958640643395483,3.668957829475403,0.5764557737857103,0.10666223871521652,0.015631271060556173,3.473711870610714,1.1189445666968822,0.6124164341017604,0.8437978085130453
746496,0.06266663910355419,0.07611388328950852,3.627880983054638,0.6563089862465858,0.11221365595702082,0.0245313014020212,3.6521062403917313,1.3499045930802822,0.8245364846661687,0.5786511413753033
747520,0.0540621402033139,0.0467085117707029,3.6096794456243515,0.5376820415258408,0.11013780772918835,0.02028944226913154,3.578986883163452,1.3931675888597965,0.8006269382312894,0.7543002180755138
748544,0.0490659672068432,0.037114671315066516,3.749259628355503,0.620559673756361,0.09822239035565872,0.013940187374828383,3.734304815530777,1.2870706282556057,0.7200776394456625,0.646014322526753
749568,0.07502433244371787,0.04551430465653539,3.7488339841365814,0.6683695912361145,0.1669921218417585,0.018942641414469108,4.05916715413332,1.607814945280552,0.822841358371079,0.6893543843179941
750592,0.053248689451720566,0.05018305953126401,3.492435447871685,0.552236607298255,0.12842021347023547,0.023544077499536797,3.7304161936044693,1.387830201536417,0.7379738017916679,0.634802139364183
751616,0.05376432990306057,0.034466921584680676,3.7605501636862755,0.6472208760678768,0.12326411984395236,0.013132449355907738,3.787104107439518,1.3771306239068508,0.7087516337633133,0.5146001419052482
752640,0.04678568124654703,0.0330263915238902,3.661376029253006,0.5682947151362896,0.0863134921528399,0.019191327039152384,3.572908140718937,1.2173073031008244,0.65160206053406,0.5544430846348405
753664,0.032902375096455216,0.03899573429953307,3.8985399678349495,0.7419800721108913,0.07546029664808884,0.029146408662199974,3.662887878715992,1.3037340193986893,0.9534210367128253,0.848750364035368
754688,0.07019591523567215,0.03782766335643828,3.641720160841942,0.6307107917964458,0.15184944146312773,0.022121552523458377,3.6937069967389107,1.3588501550257206,0.7206822903826833,0.6970669459551573
755712,0.05684669975016732,0.04245615273248404,3.623773455619812,0.6762506514787674,0.09580864332383499,0.020054549793712795,3.7187870666384697,1.1910621263086796,0.7265688814222813,0.51828274410218
756736,0.0709442753723124,0.04524398408830166,3.602222576737404,0.5867723077535629,0.10837674851063639,0.031055313884280622,3.7688590958714485,1.434952523559332,0.7060279957950115,0.6948122046887875
757760,0.04844786468311213,0.020578228635713458,3.553249105811119,0.4782083285972476,0.14683823043014854,0.017481870629126206,3.927376367151737,1.5571047253906727,0.5928883021697402,0.7870753165334463
758784,0.03848489638767205,0.038201582385227084,3.421999931335449,0.4408641643822193,0.10829898458905518,0.0145519565558061,3.698182225227356,1.2481002807617188,0.9070807071402669,0.9097146391868591
759808,0.04991260406677611,0.028977715701330453,3.7756239101290703,0.641263228841126,0.07107323131640442,0.014359921085997485,3.7733785957098007,1.3407715484499931,0.8167629865929484,0.9911398012191057
760832,0.0744524605688639,0.029932076344266534,3.6531041115522385,0.6020364984869957,0.11226803439785726,0.016957993822870776,4.035609684884548,1.7006452791392803,0.7054304713383317,0.6620012754574418
761856,0.0513064541737549,0.016990837379125878,3.7551548033952713,0.5748291648924351,0.14740065101068467,0.009276283279177733,3.768458068370819,1.2872367426753044,0.5325899384915829,0.8357940064743161
762880,0.0545621236669831,0.03979301289655268,3.7625531926751137,0.6642281748354435,0.0878707300289534,0.027196278446353972,3.7026282027363777,1.2505151275545359,0.8845015624538064,0.6822191094979644
763904,0.07159248332027346,0.03326592408120632,3.639414630830288,0.5942199490964413,0.1474357561673969,0.021239168097963557,3.748147964477539,1.2463343366980553,0.6031067091971636,0.6328418422490358
764928,0.054995760263409466,0.032565692672505975,3.6287288293242455,0.5721770692616701,0.09345813881373033,0.02012209832901135,3.3379411920905113,0.8948834706097841,0.6887018056586385,0.7945578964427114
765952,0.044589476397959515,0.022299724107142538,3.67197448015213,0.5780891757458448,0.07438137533608824,0.014784249462536536,3.973684534430504,1.6025941856205463,0.6256324891000986,0.6514716306701303
766976,0.04652464123500977,0.028826231718994677,3.89429222792387,0.756786746904254,0.06927782206912525,0.01667494568391703,3.905587151646614,1.7341556586325169,0.7156462501734495,0.6437418311834335
768000,0.07335251729818992,0.024965509539470077,3.8230559080839157,0.6742940489202738,0.19232741929590702,0.014288017904618755,4.245967194437981,2.112939517945051,0.6535684065893292,0.43776876712217927
769024,0.06791409605648369,0.025633741810452193,3.721474751830101,0.5623655095696449,0.13961546029895544,0.014406344096641988,3.8332521840929985,1.2683414369821548,0.5629861960187554,0.5921009313315153
770048,0.04379262652946636,0.0282808929332532,3.7611402720212936,0.6067939698696136,0.09363909007515758,0.014753841038327664,3.7862953320145607,1.2584803774952888,0.6442873375490308,0.7511773137375712
771072,0.04710584654822014,0.03883488237624988,3.733006030321121,0.6455525038763881,0.10524105513468385,0.028576386510394514,3.8022332340478897,1.4041959308087826,0.6695451624691486,0.7218364123255014
772096,0.05882607580861077,0.04701105901040137,3.8646229282021523,0.7872911803424358,0.08899806946283206,0.02999412949429825,3.8514153510332108,1.747486136853695,0.7356187701225281,0.8007333287969232
773120,0.0673595086846035,0.04506029735784978,3.721367835998535,0.6188575904816389,0.1523982953513041,0.024254033487522975,3.775932766497135,1.7807872891426086,0.7721239756792784,0.7066855896264315
774144,0.06106107507366687,0.03691303601954132,3.7251974046230316,0.6337347626686096,0.1127046785550192,0.019627523695817217,3.8873129561543465,1.6714549735188484,0.558565185405314,0.5619222847744823
775168,0.05478930508252233,0.0439014412695542,3.7155176252126694,0.5567749850451946,0.1501073194667697,0.022300489130429924,4.017714500427246,1.982703797519207,0.6101512564346194,0.5096775591373444
776192,0.06242549017770216,0.028407371253706515,3.6696054339408875,0.6129137668758631,0.12125374563038349,0.016080691042589024,3.8511935025453568,1.423283714801073,0.5091380290687084,0.5663613649085164
777216,0.04791356920031831,0.0233832691446878,3.7407259196043015,0.6132310535758734,0.0742971342697274,0.012575315922731534,3.9335437938570976,1.6828345619142056,0.548602799884975,0.5531109618023038
778240,0.043817157798912376,0.03980020381277427,3.955463193356991,0.7425616905093193,0.1400217388290912,0.02485829489887692,3.968080163002014,1.7212976180016994,0.6841104431077838,0.8066056966781616
779264,0.08345283369999379,0.027605998620856553,3.7295165434479713,0.7077452633529902,0.11316953244386241,0.0133345045032911,3.7145134657621384,1.3204141650348902,0.5269631780683994,0.5726777082309127
780288,0.047976865724194795,0.03129974997136742,3.8408081457018852,0.6364206969738007,0.1402343533700332,0.02068920957390219,3.96359970420599,1.6276307664811611,0.5531368432566524,0.7411870872601867
781312,0.06519509162171744,0.04324202670250088,3.752036891877651,0.6443822979927063,0.13624156138394028,0.019082425336819142,3.7346069514751434,1.2005754709243774,0.5306768594309688,0.6878813952207565
782336,0.052587805534130894,0.03090526070445776,3.8574871197342873,0.7377160582691431,0.12116760353092104,0.01677050592843443,3.9738773331046104,1.4469621814787388,0.6326976679265499,0.5723343417048454
783360,0.08404644415713847,0.05702895869035274,3.8062072545289993,0.7720167338848114,0.16728172963485122,0.02519528055563569,3.8153627514839172,1.3272487968206406,0.5956954499706626,0.5909998528659344
784384,0.048323922615963966,0.03799837199039757,3.6654113680124283,0.6538349036127329,0.10382253408897668,0.02000420883996412,3.807086154818535,1.2288875691592693,0.6329712569713593,0.6668108198791742
785408,0.06362411080044694,0.03307160612894222,3.6900284588336945,0.6234672032296658,0.11233339458703995,0.0266562991309911,3.8983322381973267,1.3640388511121273,0.6820632554590702,0.6964063988998532
786432,0.05239847922348417,0.026031680579762906,3.720814995467663,0.6266554836183786,0.15507328195963055,0.019012551434570923,4.073440082371235,1.4602125063538551,0.5891805803403258,0.7134999446570873
787456,0.037626440040185116,0.02935828675981611,3.809493526816368,0.6442580409348011,0.10090209980262443,0.018709600175498053,3.694523885846138,1.1836582161486149,0.8228356568142772,0.8051164066419005
788480,0.05592679270193912,0.03981490444857627,3.6912968680262566,0.6380557212978601,0.09924241149565205,0.01567272187094204,3.6236454844474792,1.1406478956341743,0.6848833784461021,0.7336720796301961
789504,0.05202232545707375,0.029220148513559252,3.764494314789772,0.6891312841325998,0.12189207482151687,0.01688788621686399,3.8965369388461113,1.2733354307711124,0.616787395440042,0.675336416810751
790528,0.06078526229248382,0.0365193160250783,3.6430879086256027,0.5884896647185087,0.13517595932353288,0.025375067081768066,3.784504033625126,1.3179606273770332,0.5678190561011434,0.8014677418395877
791552,0.06018693884834647,0.02312662184704095,3.62511333078146,0.5731179099529982,0.1007929693441838,0.010363324676291086,3.5923105105757713,1.1251351162791252,0.6024775449186563,0.7453042771667242
792576,0.05128984764451161,0.029143209860194474,3.5369544327259064,0.5232916539534926,0.10851274838205427,0.01668304149643518,3.7819409742951393,1.2087402008473873,0.6864214818924665,0.7067138608545065
793600,0.05705028663214762,0.03443770861485973,3.8895333260297775,0.7252888064831495,0.11371885100379586,0.02660968602867797,3.997425816953182,1.5328859277069569,0.658343929797411,0.9331491384655237
794624,0.04262795363320038,0.03544240165501833,3.867608606815338,0.7274738997220993,0.08224251825595275,0.023988738597836345,3.9327981919050217,1.5314663723111153,0.6613613367080688,0.8521283874288201
795648,0.04862247413257137,0.05493723403196782,3.8044219240546227,0.7264589685946703,0.10436342284083366,0.032543804380111396,3.7728905975818634,1.675575815141201,0.8640755973756313,0.879774808883667
796672,0.05357071466278285,0.03571949788602069,3.8370101526379585,0.7141020018607378,0.12277931062271819,0.02495816955342889,3.7498800680041313,1.566578883677721,0.848794742487371,0.8508619554340839
797696,0.06055481015937403,0.0363144445582293,3.7978047654032707,0.6850032545626163,0.11697094980627298,0.01826408543274738,3.9099876657128334,1.641256920993328,0.6760178888216615,0.8931926880031824
798720,0.06553107729996555,0.04876941780094057,3.660896934568882,0.6203477326780558,0.1200497206300497,0.029945995192974806,3.585767909884453,1.301987912505865,0.7717644544318318,0.924357577227056
799744,0.04867342166835442,0.030252162367105484,3.7715958952903748,0.6539070419967175,0.11095651378855109,0.015937831572955474,3.4746584817767143,1.1957700233906507,0.6118045020848513,0.8380119083449244
800768,0.07498283393215388,0.04143418511375785,3.662364847958088,0.6347881779074669,0.13549650512868538,0.02271480899071321,3.6412490755319595,1.252228431403637,0.5145942578092217,0.720699449069798
801792,0.07118391703988891,0.028649857849813998,3.6931387707591057,0.628200639039278,0.1544174255686812,0.019096805335721,3.9108867794275284,1.4397854059934616,0.6731333015486598,0.7388601712882519
802816,0.05741351214237511,0.02510696940589696,3.9149658381938934,0.7524179052561522,0.07860708079533651,0.014313841835246421,3.9601919278502464,1.5808682553470135,0.4907910218462348,0.7317739864811301
803840,0.057017817482119426,0.03043953492306173,3.7107259184122086,0.6355047412216663,0.11714442609809339,0.014815663715125993,4.025710374116898,1.7449260130524635,0.646167790517211,0.7665608562529087
804864,0.05882492623641156,0.027793432760518044,3.7359829246997833,0.6321933008730412,0.11542700853897259,0.015606229659169912,4.176708623766899,1.9228913635015488,0.6735689174383879,0.684592705219984
805888,0.050311581551795825,0.03553784725954756,3.799375891685486,0.6704854890704155,0.10806568642146885,0.01928148523438722,3.953747622668743,1.5978247709572315,0.6853768397122622,0.8088406138122082
806912,0.05251523805782199,0.0280402799253352,3.688177227973938,0.6304736025631428,0.14441931783221662,0.019713173678610474,4.036080360412598,1.964979637414217,0.6228526029735804,0.5962316123768687
807936,0.0592209062888287,0.03728377248626202,3.9022513031959534,0.7800266481935978,0.13415044359862804,0.021039093582658097,3.934762455523014,1.81215238571167,0.6601336989551783,0.7199752600863576
808960,0.07346671639243141,0.03749465895816684,3.6456679329276085,0.6425072494894266,0.15853682742454112,0.02522679726826027,3.8340897262096405,1.4201779216527939,0.6213238490745425,0.6648865239694715
809984,0.05017972577479668,0.03130081563722342,3.788604721426964,0.680213138461113,0.10638030746486038,0.01863365081953816,3.862637758255005,1.658153135329485,0.6443845564499497,0.6867196056991816
811008,0.0488531535374932,0.035752948839217424,3.677934631705284,0.6485121678560972,0.12403114046901464,0.019034464290598407,3.813179388642311,1.4254836216568947,0.55274273827672,0.6092513604089618
812032,0.05626324098557234,0.026174409373197705,3.6229202896356583,0.5490936599671841,0.16164738102816045,0.01246167543285992,3.9487019553780556,1.5496248118579388,0.695475067012012,0.7495734458789229
813056,0.058528017048956826,0.05490931402891874,3.827216997742653,0.7157076429575682,0.14056803402490914,0.027927538205403835,3.8953534588217735,1.3986330665647984,0.7285524187609553,0.6558688618242741
814080,0.05236273881746456,0.028229348943568766,3.7744185104966164,0.6572322864085436,0.10713181902247015,0.0197329098591581,3.8784956261515617,1.4213257394731045,0.5763904973864555,0.6437094835564494
815104,0.03915807501471136,0.02232115314109251,3.6710744574666023,0.5432396586984396,0.0860616026329808,0.01415138237643987,3.664300389587879,1.2353526800870895,0.6712355650961399,0.6229560635983944
816128,0.07997296017128974,0.03648583829635754,3.824826441705227,0.716327827423811,0.12370557751273736,0.01982841207063757,3.4340396374464035,0.9987661074846983,0.7989033758640289,0.7517600134015083
817152,0.05120588149293326,0.029362404660787433,3.6839944198727608,0.5299451258033514,0.1252025265712291,0.019594534998759627,3.674421228468418,1.115810452029109,0.7205644017085433,0.5884496169164777
818176,0.043894232949241996,0.02997557504568249,3.5844133645296097,0.4948222264647484,0.09629715356277302,0.014682651642942801,3.6163515895605087,1.088782250881195,0.6499825213104486,0.5754761397838593
819200,0.048435138509375975,0.02444960954017006,3.8223420679569244,0.6525979936122894,0.08426135282206815,0.013766769450739957,3.679164633154869,1.522304467856884,0.7544936845079064,0.6038931906223297
820224,0.05535619831061922,0.03362530213780701,3.799914129078388,0.6152891218662262,0.09739607450319454,0.022030969674233347,3.77689415961504,1.5587381906807423,0.6096717258915305,0.7260842435061932
821248,0.05519833089783788,0.03452252206625417,3.7915501296520233,0.6419302616268396,0.11406352871563286,0.015831595577765256,3.738477163016796,1.372837495058775,0.5943885426968336,0.7637159992009401
822272,0.06349826761288568,0.022055796580389142,3.7421650514006615,0.6001876015216112,0.14473445643670857,0.009826671725022607,3.6290303170681,1.2736434303224087,0.5512047205120325,0.7504342366009951
823296,0.06320777378277853,0.02975642349338159,3.737296834588051,0.6187806446105242,0.13975078333169222,0.014063787006307393,3.5091713443398476,1.1722181718796492,0.4628074523061514,0.7057480504736304
824320,0.04541823419276625,0.02537707146257162,3.851979784667492,0.7520655337721109,0.09365224174689502,0.016384897695388645,3.7558929473161697,1.3217931166291237,0.5289883837103844,0.620994103141129
825344,0.056538481469033286,0.029523997684009373,3.830868788063526,0.718936376273632,0.10411750536877662,0.015975726157194003,3.8221267089247704,1.4604010730981827,0.889112027361989,0.5786959677934647
826368,0.06050747775589116,0.03633408457972109,3.748005025088787,0.6638275552541018,0.11608470347709954,0.02400870603742078,3.6093976944684982,1.2755880504846573,0.7614059271290898,0.6570983696728945
827392,0.07258298149099573,0.04495024878997356,3.7949072271585464,0.7616724763065577,0.10323428921401501,0.01658569779829122,3.778852641582489,1.4243957325816154,0.6548908483237028,0.6810108115896583
828416,0.06848491483833641,0.06058785051573068,3.7909137904644012,0.7159263417124748,0.11247289297170937,0.040323184977751225,3.5797392651438713,1.1141849774867296,0.6266908124089241,0.7059910707175732
829440,0.0617819742183201,0.04965880757663399,3.7397795915603638,0.6195761729031801,0.10618574154796079,0.029292615508893505,3.7406444400548935,1.2716911621391773,0.6009786361828446,0.6649743849411607
830464,0.06435234085802222,0.053629715577699244,3.662239246070385,0.606839356943965,0.1236895639449358,0.03423122555250302,3.521292544901371,1.1125765815377235,0.723647247068584,0.7814612919464707
831488,0.05301049828995019,0.04377868038136512,3.6805143281817436,0.5706857740879059,0.07035244521102868,0.028299471305217594,3.2265783473849297,0.9312465153634548,0.7697216579690576,0.7608153652399778
832512,0.05673757870681584,0.03074897307669744,3.7373049929738045,0.6379799749702215,0.12373026227578521,0.013152654733858071,3.7682203128933907,1.2832282111048698,0.8035454396158457,0.7499639121815562
833536,0.05294080950261559,0.05650968861300498,3.761516734957695,0.6079506687819958,0.12140038493089378,0.024013479182031006,3.4615457504987717,0.9728038068860769,0.6652044663205743,0.6942858528345823
834560,0.052672371588414535,0.029746472369879484,3.6835185289382935,0.5633048145100474,0.15236525051295757,0.014489546359982342,3.7039573416113853,1.0926647633314133,0.7096352074295282,0.5292533254250884
835584,0.05842139114974998,0.03565199620788917,3.6705884113907814,0.5916101075708866,0.08854240129585378,0.016650945355650038,3.4861548840999603,0.9128486979752779,0.6812191233038902,0.5556818637996912
836608,0.05349787989689503,0.04465665010502562,3.67910173535347,0.6187709625810385,0.08096071633917745,0.019836132996715605,3.5746782645583153,1.038557531312108,0.7726869890466332,0.7432128004729748
837632,0.0485143403057009,0.03453885536873713,3.6284958347678185,0.5852193236351013,0.12960101664066315,0.022225235676160082,3.5697388872504234,1.1244558207690716,0.642897761426866,0.7176236677914858
838656,0.05177277317852713,0.04161815805127844,3.5580445304512978,0.4968772828578949,0.15391472214832902,0.016069633304141462,3.9032938852906227,1.3381495252251625,0.6139051746577024,0.5644679139368236
839680,0.051416928094113246,0.0331710564205423,3.723196528851986,0.6058471603319049,0.06633090105606243,0.016077211388619617,3.6818145737051964,1.2816535085439682,0.742095154710114,0.6460595335811377
840704,0.06315203473786823,0.029757235839497298,3.7090240716934204,0.6155848503112793,0.11971833370625973,0.015911139140371233,3.735715225338936,1.2007006704807281,0.7261187909170985,0.5861214976757765
841728,0.048197000243817456,0.029786776518449187,3.5863157883286476,0.5656950697302818,0.10593813235755078,0.02010053864796646,3.610686995089054,1.160871498286724,0.7029290534555912,0.8085146211087704
842752,0.038977010146481916,0.02369961072690785,3.844880998134613,0.6529142539948225,0.0886324227321893,0.01406984927598387,3.884530335664749,1.5739029999822378,0.6373821971938014,0.6915407590568066
843776,0.04866251349449158,0.03941739583387971,3.6984594836831093,0.6568355225026608,0.13879957114113495,0.027873801009263843,3.6326924860477448,1.3306138440966606,0.6130716893821955,0.7901477888226509
844800,0.04768346187483985,0.04054769693175331,3.701291061937809,0.6128697656095028,0.10779871209524572,0.02053431811509654,3.93926490098238,1.4479964450001717,0.8118712585419416,0.5604122076183558
845824,0.04351127023983281,0.02970287308562547,3.8859964460134506,0.8908547274768353,0.10134275897871703,0.022202635038411245,3.9926442727446556,1.7127964682877064,0.6227091858163476,0.8006236329674721
846848,0.05895277124363929,0.029493273585103452,3.9207393378019333,0.7882564943283796,0.13692903611809015,0.017187952325912192,3.8925272077322006,1.4244982339441776,0.7529588062316179,0.7369907246902585
847872,0.07213938829954714,0.03741810895735398,3.6142787858843803,0.6682988218963146,0.10870896291453391,0.020394887833390385,3.607852280139923,1.0875139869749546,0.5854010647162795,0.6020309925079346
848896,0.060742562054656446,0.030062600504606962,3.6777158454060555,0.5715686846524477,0.1292424873681739,0.015425732737639919,3.8768963366746902,1.3850452303886414,0.5828363923355937,0.6563729317858815
849920,0.04851790257089306,0.022262983809923753,3.8033159226179123,0.5931429862976074,0.1736337635666132,0.01462891252595,3.9758756905794144,1.5431433245539665,0.612467180006206,0.5916087087243795
850944,0.04726875192136504,0.041303245758172125,3.871091105043888,0.7294101063162088,0.06951603008201346,0.01783302254625596,3.7776130586862564,1.2935545574873686,0.7874087393283844,0.7391802687197924
851968,0.06908582360483706,0.046132428804412484,3.6959924772381783,0.6269113104790449,0.0891209461260587,0.023327980044996366,3.5603023767471313,1.25489367172122,0.7591529777273536,0.7435497026890516
852992,0.0538996197283268,0.03800445148954168,3.743654042482376,0.6070834137499332,0.0942169246263802,0.019971653207903728,3.5821523666381836,1.2188728675246239,0.780852927826345,0.7553586745634675
854016,0.049795590253779665,0.03031767380889505,3.5745535492897034,0.5788817163556814,0.11558581230929121,0.016031787148676813,3.565780706703663,1.1000217981636524,0.5505783762782812,0.7130117760971189
855040,0.06567404883389827,0.025639377417974174,3.616694465279579,0.599230220541358,0.12440268008504063,0.016171762923477218,3.6797440573573112,1.1958070769906044,0.6153840571641922,0.5695450557395816
856064,0.045922127246740274,0.036304716661106795,3.7595799043774605,0.6533168274909258,0.09119695198023692,0.02933176895021461,4.029090724885464,1.7068224139511585,0.6099296100437641,0.7196467705070972
857088,0.06231539204600267,0.02667996648233384,3.6583942621946335,0.5744118485599756,0.15150162181816995,0.017114022775785998,3.9384202286601067,1.5131866596639156,0.5596479428932071,0.6382079096511006
858112,0.059979575336910784,0.030298168770968914,3.7291615679860115,0.6348939836025238,0.10838859548675828,0.018901106668636203,3.8998611718416214,1.4454779550433159,0.599089315161109,0.5422015581279993
859136,0.05739829117374029,0.026290440990123898,3.6931689456105232,0.6065497659146786,0.1148023508139886,0.022872016474138945,3.80969475209713,1.4105164408683777,0.5441301651299,0.682178670540452
860160,0.057254050887422636,0.033532729430589825,3.775881938636303,0.6078314799815416,0.12301343324361369,0.018355737120145932,3.7924878001213074,1.296832125633955,0.7658323142677546,0.5704723354429007
861184,0.051292389165610075,0.03368273004889488,3.793757677078247,0.6385448761284351,0.12172293104231358,0.022604738653171808,3.7599900141358376,1.1392010301351547,0.6798278484493494,0.597901907749474
862208,0.0450604143406963,0.03436819359194487,3.7216810062527657,0.6027247793972492,0.08908868665457703,0.024827397661283612,3.720371812582016,1.1529503241181374,0.6461309585720301,0.6460995646193624
863232,0.06520974458544515,0.026332202891353518,3.6810961440205574,0.6049072537571192,0.12164686957839876,0.01821025344543159,3.7722926065325737,1.2634908556938171,0.6821400951594114,0.6266196686774492
864256,0.029883336217608303,0.03981198254041374,3.826305702328682,0.6784100783988833,0.0727158913796302,0.026550416339887306,3.7801164239645004,1.2826787903904915,0.7313108639791608,0.8077862244099379
865280,0.06045611874287715,0.03568989515770227,3.6185563281178474,0.6162762613967061,0.13713018351700157,0.02153517716214992,3.2666187435388565,0.9396453686058521,0.6465388657525182,0.7777727441862226
866304,0.050339559209533036,0.036348334222566336,3.8878357484936714,0.7139957249164581,0.0920968443970196,0.016844599260366522,3.8538319543004036,1.4219840057194233,0.6532835084944963,0.6637266473844647
867328,0.05927434346085647,0.02674788038711995,3.7792384326457977,0.6339740846306086,0.10943404264980927,0.015772807848406956,3.6692063063383102,1.2112380228936672,0.6197340497747064,0.5926598245278001
868352,0.07171895320061594,0.041090574115514755,3.7464244589209557,0.6998392883688211,0.15182955493219197,0.021742814977187663,3.736640766263008,1.2185439616441727,0.6355873504653573,0.4689376801252365
869376,0.060536740435054526,0.0437426584539935,3.7083104625344276,0.6589620001614094,0.11098646838217974,0.024377705121878535,3.560611307621002,1.0741949770599604,0.5631808005273342,0.6713056294247508
870400,0.04689465973933693,0.049194744671694934,3.657316915690899,0.5606256145983934,0.1049773811828345,0.027960835781414062,3.948899932205677,1.3767924197018147,0.6304563712328672,0.5882581667974591
871424,0.07621577940881252,0.022643880802206695,3.8021363243460655,0.6991049032658339,0.10926120757358149,0.018164421897381544,3.803786590695381,1.2791706547141075,0.5069713238626719,0.6706069391220808
872448,0.049744354822905734,0.05592126911506057,3.7489423602819443,0.6137577071785927,0.08171538866008632,0.02528420145972632,3.7260220274329185,1.2570467069745064,0.7517884038388729,0.8119590105488896
873472,0.06005982737406157,0.027600256667938083,3.7555989027023315,0.6822082661092281,0.1160208604997024,0.02224561755429022,3.7942196279764175,1.293706014752388,0.6468006586655974,0.5440699309110641
874496,0.04303138703107834,0.03559131850488484,3.8119731694459915,0.678627410903573,0.11260546720586717,0.017228527372935787,3.6805883944034576,1.2801600955426693,0.8867299156263471,0.5651643732562661
875520,0.056878795905504376,0.04093961545731872,3.713921085000038,0.6408244967460632,0.11579770519165322,0.02227696729823947,3.64640361815691,1.0771159157156944,0.5313274832442403,0.543562600389123
876544,0.056570232613012195,0.025319158099591732,3.7404981553554535,0.6072618700563908,0.14334710745606571,0.01597690736525692,3.95416983962059,1.5259892977774143,0.5752786789089441,0.5535502540878952
877568,0.058359909016871825,0.042800551978871226,3.8520550951361656,0.7138436883687973,0.09465684319729917,0.023977689124876633,3.7475253865122795,1.2857887763530016,0.5518032861873507,0.603388037532568
878592,0.05605174880474806,0.042788001825101674,3.760058157145977,0.7579015754163265,0.12152494955807924,0.019738891773158684,3.6829563304781914,1.1743289232254028,0.5885850135236979,0.4711434440687299
879616,0.05559062630345579,0.031771049078088254,3.606854259967804,0.5680363960564137,0.09532505573588423,0.027324912953190506,3.7063248604536057,1.1815680712461472,0.639529257081449,0.5712690306827426
880640,0.05757546745007858,0.0365262771374546,3.820802442729473,0.7324535641819239,0.06443101810873486,0.017767488374374807,3.813406102359295,1.3981369324028492,0.6755758421495557,0.6088591255247593
881664,0.05895439568848815,0.03440548537764698,3.603640154004097,0.5417108908295631,0.11289819417288527,0.01706615465809591,3.8759379163384438,1.413990717381239,0.8547173049300909,0.5529032377526164
882688,0.05863704075454734,0.039345187542494386,3.8639747202396393,0.72370894998312,0.08477388857863843,0.017105234699556604,3.9258569106459618,1.6621040310710669,0.569640239700675,0.7180121382698417
883712,0.06785510171903297,0.03578437736723572,3.614949531853199,0.5726101286709309,0.13534720690222457,0.022312662476906553,3.595396690070629,1.4080089032649994,0.6419128803536296,0.7172948978841305
884736,0.04651448005461134,0.029999311664141715,3.6277781650424004,0.544094929471612,0.06443385686725378,0.014692375989397988,3.6766487509012222,1.8405670709908009,0.8261033305898309,0.572434957139194
885760,0.04526389471720904,0.03639490302884951,3.7776317968964577,0.6321772933006287,0.14045479206833988,0.019707563158590347,4.174102991819382,2.003663547337055,0.8750791531056166,0.6122756050899625
886784,0.06257371878018603,0.03182775230379775,3.730283483862877,0.6207427140325308,0.12188488838728517,0.0152019914239645,3.902744099497795,1.395917896181345,0.6254159482195973,0.5500444425269961
887808,0.06199945951811969,0.0532364264363423,3.9540371000766754,0.7799960058182478,0.1187090267194435,0.017169549479149282,3.825077958405018,1.3625898957252502,0.8290735306218266,0.5700557995587587
888832,0.08249659335706383,0.03677146969130263,3.9185960441827774,0.7795560006052256,0.1030202588008251,0.016006139223463833,3.6857830286026,1.2247706279158592,0.5591127201914787,0.4357165237888694
889856,0.04102879235870205,0.02958130557090044,3.819659896194935,0.6864250991493464,0.11160376248881221,0.019735434296308085,3.9487935453653336,1.4827978052198887,0.7555008446797729,0.6567756468430161
890880,0.04760816530324519,0.0462817067746073,3.761440798640251,0.6377230547368526,0.12009681633207947,0.03445573226781562,4.012681528925896,1.6650600023567677,0.7718997206538916,0.6640922585502267
891904,0.06037401914363727,0.03520841017598286,3.6932123005390167,0.6045581996440887,0.10248340497491881,0.01713713869685307,3.5293409898877144,1.0598859060555696,0.6132368668913841,0.680785701610148
892928,0.045362594159087166,0.03298720333259553,3.870127871632576,0.7106481697410345,0.13510859746020287,0.016908016987144947,3.9508521258831024,1.4379411898553371,0.619734100997448,0.6342095229774714
893952,0.043914208916248754,0.02876956685213372,3.6021595373749733,0.47744738310575485,0.10126754606608301,0.01466015458572656,3.632040351629257,1.1478036101907492,0.6320934118703008,0.5118852443993092
894976,0.047513009281829,0.031460947007872164,3.87423162907362,0.7045662086457014,0.11654030944919214,0.017781986331101507,4.023334480822086,1.6081174723803997,0.8046086328104138,0.7466014642268419
896000,0.0676275254227221,0.04810464906040579,3.61189503967762,0.5656170090660453,0.07697312592063099,0.022462092369096354,3.609653577208519,1.3124747835099697,0.7660157652571797,0.5233622658997774
897024,0.07025007947231643,0.03652180533390492,3.6529496759176254,0.6568346526473761,0.08568617049604654,0.02277612272882834,3.0182994306087494,0.8991002403199673,0.6118059419095516,0.7016027132049203
898048,0.0660467617562972,0.04393522487953305,3.7387125194072723,0.6844159699976444,0.1389135121135041,0.02568383637117222,3.6602289751172066,1.2715144250541925,0.6543835364282131,1.0787801453843713
899072,0.029988468158990145,0.03987552039325237,3.7135980278253555,0.6398417307063937,0.06869417038979009,0.026370460429461673,3.9017389714717865,1.6066957712173462,0.64852249994874,0.7422110699117184
900096,0.0611927442078013,0.051984683610498905,3.632906176149845,0.6802051179111004,0.07877191959414631,0.03235546190990135,3.6346678733825684,1.4528153948485851,0.7809581346809864,0.7994114328175783
901120,0.05499386366864201,0.03268121089786291,3.82532562315464,0.7206557802855968,0.11726877139881253,0.02244060975499451,3.4670587927103043,1.1180110275745392,0.7810589382424951,0.7667208556085825
902144,0.04924775668041548,0.03671590279554948,3.759884148836136,0.7005209848284721,0.0779152327158954,0.027771828114055097,3.6539675667881966,1.2462043575942516,0.8737715650349855,0.7025673957541585
903168,0.04964405289501883,0.046207683859393,3.5993748605251312,0.6544187217950821,0.11345299310050905,0.016147416114108637,3.6502325236797333,1.4442084915935993,0.7090224483981729,0.7635497935116291
904192,0.06690891325706616,0.052581552998162806,3.6308429315686226,0.7002045027911663,0.14311331827775575,0.02417146519292146,3.917852558195591,1.7438811957836151,0.7459380533546209,0.6538584195077419
905216,0.050848318918724544,0.0415519205853343,3.704867944121361,0.6769633460789919,0.1470411515329033,0.0294095718418248,3.716429963707924,1.4137501083314419,0.6502891527488828,0.7158076707273722
906240,0.05151228129398078,0.03540473140310496,3.5908531844615936,0.5463787885382771,0.11095251759979874,0.01995483585051261,3.6818936690688133,1.1668233405798674,0.5772767504677176,0.7426209831610322
907264,0.05543578675133176,0.03681397106265649,3.6856592670083046,0.6385380961000919,0.11212347200489603,0.02381314183003269,3.4125361889600754,1.0251513943076134,0.7535554748028517,0.8364122426137328
908288,0.06527203193400055,0.04199463169788942,3.720562867820263,0.6912507563829422,0.0969897357863374,0.021798273490276188,3.7393272295594215,1.2370979730039835,0.7206905819475651,0.7004574108868837
909312,0.060209532210137695,0.03248995583271608,3.530930772423744,0.5491404673084617,0.15635634900536388,0.026834287971723825,3.8181652799248695,1.292392734438181,0.7522765966132283,0.535117119550705
910336,0.054222002283495385,0.03976787265855819,3.7084521055221558,0.6060341503471136,0.058429409604286775,0.029862369294278324,3.7534584999084473,1.163588736206293,0.6012003980576992,0.7225681617856026
911360,0.05592751855147071,0.034892100491560996,3.8005440980196,0.7052240017801523,0.16181524144485593,0.028698267124127597,3.9702596366405487,1.6766021437942982,0.5025208406150341,0.5859535476192832
912384,0.06746292382013053,0.03004225151380524,3.7059860229492188,0.5933679081499577,0.156966284615919,0.026512877957429737,3.916889414191246,1.4360756911337376,0.6665345188230276,0.565025326795876
913408,0.05350913747679442,0.02506332698976621,3.590518079698086,0.5174580095335841,0.13670043274760246,0.010658971223165281,3.654814586043358,1.0821783412247896,0.7698150975629687,0.6950175678357482
914432,0.03623906726716086,0.031534610025119036,3.6218651235103607,0.4888166030868888,0.08496540595660917,0.017659954843111336,3.7700082659721375,1.204348661005497,0.7077672267332673,0.577377850189805
915456,0.04103109796415083,0.035331542312633246,3.6524383574724197,0.6061012260615826,0.08647757093422115,0.022146190312923864,3.952106699347496,1.5209216251969337,0.6347573595121503,0.6878962069749832
916480,0.0594602397759445,0.04932924540480599,3.725906878709793,0.5753992013633251,0.14393445756286383,0.023505228920839727,3.8739800080657005,1.4219826646149158,0.6648282110691071,0.6831368068233132
917504,0.05427063789102249,0.03037411457626149,3.668206676840782,0.5262964935973287,0.1090980427688919,0.011240821972023696,3.4762406647205353,0.9590763840824366,0.749955490231514,0.76689029391855
918528,0.056053623324260116,0.026851963833905756,3.586914099752903,0.5270973155274987,0.09238433896098286,0.01857410854427144,3.2833719551563263,0.9126527402549982,0.6092542903497815,0.8268124256283045
919552,0.04697208959260024,0.02407372317975387,3.6166681423783302,0.5274106869474053,0.1159959330689162,0.015057213400723413,3.907327763736248,1.5682145841419697,0.5625448310747743,0.7039101123809814
920576,0.03970451591885649,0.03120888420380652,3.644416958093643,0.5696656219661236,0.11325107503216714,0.019890209747245535,3.9254836067557335,1.5398186519742012,0.5945875383913517,0.8605778329074383
921600,0.05581921854172833,0.0407441578572616,3.665667235851288,0.64286033436656,0.11220306396717206,0.02479051786940545,3.627714663743973,1.1608014591038227,0.723934174515307,0.7642973577603698
922624,0.05295140537782572,0.03921317833010107,3.706832803785801,0.6614093352109194,0.08551509742392227,0.020306364982388914,3.8716726899147034,1.4176871329545975,0.840168728493154,0.7367429230362177
923648,0.04711355862673372,0.025371065828949213,3.6700810864567757,0.6051670573651791,0.13733923283871263,0.0142029408889357,3.8466449230909348,1.5168204493820667,0.6498103393241763,0.7019757106900215
924672,0.044964381522731856,0.04954340530093759,3.813303232192993,0.6986516136676073,0.08962028726818971,0.024906460690544918,3.948515996336937,1.60465207695961,0.861948624253273,0.874857728369534
925696,0.07720924424938858,0.03680588532006368,3.722781367599964,0.71949184499681,0.15529576141852885,0.02322545333299786,3.6189745366573334,1.2529391180723906,0.5994271645322442,0.9079596195369959
926720,0.06823346109013073,0.03603346913587302,3.654500775039196,0.6495303977280855,0.08713323331903666,0.02061960074934177,4.054665930569172,1.6603593192994595,0.658220212906599,0.6494363620877266
927744,0.050936444342369214,0.03422093961853534,3.732030689716339,0.5941060557961464,0.15038136742077768,0.015456604334758595,4.034163020551205,1.66878230124712,0.7079312484711409,0.7634336007758975
928768,0.04965531610650942,0.03806656855158508,3.755202941596508,0.6117967013269663,0.10180878767278045,0.024160842353012413,3.9322057962417603,1.621593713760376,0.5810531312599778,0.6020074067637324
929792,0.04005117015913129,0.018320904346182942,3.552768863737583,0.465625305660069,0.0788416720170062,0.0104002950101858,3.762944094836712,1.6867372766137123,0.6767850797623396,0.9471358815208077
930816,0.04540919786086306,0.026139182678889483,3.915863260626793,0.7957593314349651,0.06629090721253306,0.017959594610147178,3.781414084136486,1.650243617594242,0.5816308557987213,0.8628152906894684
931840,0.061015874467557296,0.031082827132195234,3.793342672288418,0.667618615552783,0.15480732405558228,0.011894441093318164,4.004284925758839,1.8977618291974068,0.6125661721453071,0.5777849014848471
932864,0.057380044119781815,0.035081505367998034,3.808172605931759,0.6476683970540762,0.08237275754800066,0.022385959193343297,3.7459375634789467,1.6627218164503574,0.6686842767521739,0.7982064466923475
933888,0.053837867541005835,0.025852794642560184,3.7277581617236137,0.6420271201059222,0.12312005821149796,0.01975965526071377,3.724224917590618,1.7163630835711956,0.5564349964261055,0.8010928891599178
934912,0.06770174246048555,0.03464697359595448,3.7903075218200684,0.7081719916313887,0.10564928024541587,0.016269097541226074,3.5700088664889336,1.4350993856787682,0.6539313225075603,0.7765079513192177
935936,0.049090455868281424,0.04926789819728583,3.8342190831899643,0.8094440959393978,0.09112557984190062,0.023071233212249354,3.730896584689617,1.6233734786510468,0.6453545540571213,0.6830893717706203
936960,0.06125392363173887,0.05084947496652603,3.736212007701397,0.667142428457737,0.1363284814869985,0.018931152822915465,3.626894883811474,1.4506932459771633,0.7951635671779513,0.6475390465930104
937984,0.055468134611146525,0.023540427471743897,3.7394734621047974,0.6062461417168379,0.13082118215970695,0.015211899124551564,3.7999985963106155,1.4017360657453537,0.6347287800163031,0.7542635221034288
939008,0.06053824475384317,0.03984102047979832,3.9033275097608566,0.771602600812912,0.10352982900803909,0.021330087474780157,3.718740016222,1.2927497755736113,0.6844402002170682,0.7799903880804777
940032,0.06485383753897622,0.03791118256049231,3.5766280218958855,0.6353274937719107,0.08439317950978875,0.016838690295116976,3.375781998038292,1.0218130555003881,0.6905264835804701,0.7645479589700699
941056,0.057241976785007864,0.05026601580902934,3.6126248985528946,0.5928015504032373,0.11248893331503496,0.02033694859710522,3.4794842004776,1.0833096448332071,0.6806418662890792,0.8459532912820578
942080,0.06084285851102322,0.038038853206671774,3.760237403213978,0.6589585524052382,0.09169901191489771,0.011713102096109651,3.3518728464841843,0.9971732590347528,0.6515431115403771,0.7571754595264792
943104,0.0500054971780628,0.044985175831243396,3.7465251088142395,0.7155375704169273,0.105824985075742,0.020387268683407456,3.5356380194425583,1.1205583363771439,0.6935786744579673,0.8340756744146347
944128,0.062130239442922175,0.05434468388557434,3.6983505934476852,0.6361235491931438,0.16662852535955608,0.03423622890841216,4.003328338265419,1.6866171136498451,0.7372353337705135,0.7460729023441672
945152,0.048839258204679936,0.024999658984597772,3.6586595252156258,0.5583761455491185,0.15489373449236155,0.014072052261326462,4.056743822991848,1.503487130627036,0.6648449171334505,0.6120486818253994
946176,0.04931375941669103,0.029087361879646778,3.66371963173151,0.6136556304991245,0.0904159841593355,0.01830977384815924,3.6674208268523216,1.1602114383131266,0.6383062163367867,0.6168153584003448
947200,0.06316667195642367,0.054238499607890844,3.745931789278984,0.6832155752927065,0.11918707995209843,0.03236407262738794,3.7272315248847008,1.2794856242835522,0.6567264348268509,0.6940368171781301
948224,0.054498501325724646,0.0297687771380879,3.6070546731352806,0.5401354767382145,0.12912099959794432,0.01871755250613205,3.727917082607746,1.1873196922242641,0.5795146767050028,0.4951203754171729
949248,0.060045908263418823,0.03642412245972082,3.7291732877492905,0.6965425238013268,0.08426892213174142,0.017642771679675207,3.735680542886257,1.2063383907079697,0.5812971647828817,0.5997141022235155
950272,0.05884435115149245,0.03800093987956643,3.616871692240238,0.6092806346714497,0.10010545025579631,0.019661095313495025,3.7354162484407425,1.3451746106147766,0.6166494181379676,0.6724485466256738
951296,0.046603531372966245,0.020259679411537945,3.6771867126226425,0.5697349077090621,0.15610033040866256,0.00882613925205078,3.971333459019661,1.381755031645298,0.5989840207621455,0.8369289711117744
952320,0.08533900549809914,0.04083585581975058,3.771461710333824,0.6940344460308552,0.09296274845837615,0.020686545263743028,3.409229762852192,0.9665757808834314,0.6391550377011299,0.7490260722115636
953344,0.053124128782656044,0.032294835487846285,3.632200963795185,0.5654964484274387,0.1063979776808992,0.015567937458399683,3.761295333504677,1.2758740615099669,0.6833931747823954,0.7178201293572783
954368,0.04348282518913038,0.02340868898318149,3.732777774333954,0.5794674418866634,0.09446754987584427,0.018995778285898268,3.906328894197941,1.7351463437080383,0.6936684045940638,0.6816344130784273
955392,0.032388627412728965,0.04342380876187235,3.8755242079496384,0.7449543587863445,0.05923821686883457,0.02388858943595551,3.83361853659153,1.685712419450283,0.7767532356083393,0.8570416765287519
956416,0.08074194850632921,0.05685057176742703,3.7597600370645523,0.7342270035296679,0.12810905161313713,0.018895887274993584,3.6617981493473053,1.3311391025781631,0.7857685424387455,0.8159449761733413
957440,0.05016276700189337,0.03311662783380598,3.6551432758569717,0.6017406471073627,0.08958868874469772,0.015089489606907591,3.515620730817318,1.23163328692317,0.7633853051811457,0.6643449002876878
958464,0.0351393295568414,0.050747718079946935,3.751716263592243,0.6720929509028792,0.053867008100496605,0.03370345686562359,3.488000735640526,1.2969300840049982,0.8729780521243811,1.050358441658318
959488,0.06799852283438668,0.031997355923522264,3.7467252612113953,0.6630935221910477,0.13339768740115687,0.02708111936226487,3.5955628976225853,1.3366368878632784,0.6227840501815081,0.9159627603366971
960512,0.056940903145004995,0.026567101129330695,3.63541479408741,0.555726720020175,0.11176199821056798,0.015781427879119292,3.4160006791353226,0.9646316487342119,0.5926663428544998,0.9211893435567617
961536,0.05149427297874354,0.025959596037864685,3.7614735439419746,0.6173219811171293,0.13809643080458045,0.013808121846523136,3.6881100982427597,1.1500582825392485,0.5717106852680445,0.8255772050470114
962560,0.08351849263999611,0.04591618326958269,3.7560209035873413,0.6684805899858475,0.1044500513235107,0.020371595863252878,3.475517399609089,0.9651290066540241,0.7253703121095896,0.5438060211017728
963584,0.06652880369802006,0.034968381107319146,3.677135817706585,0.6612321622669697,0.09706090152030811,0.02079779515042901,3.7214479744434357,1.1727270763367414,0.6688036499544978,0.5782236224040389
964608,0.038028231807402335,0.038375195930711925,3.763363152742386,0.638391500338912,0.11816308414563537,0.023561241570860147,3.998338721692562,1.5780882835388184,0.7398891896009445,0.7467025835067034
965632,0.058032215310959145,0.035006527323275805,3.6081446781754494,0.5415837271139026,0.1186033682897687,0.021272160694934428,3.6470410749316216,1.2166104912757874,0.7503059608861804,0.8393484111875296
966656,0.05286500960937701,0.0316216503852047,3.677878275513649,0.5907499045133591,0.10803906875662506,0.02153800061205402,3.253422662615776,0.8537553381174803,0.7191898729652166,0.8322307299822569
967680,0.060105057898908854,0.049976481357589364,3.7705698758363724,0.7504768911749125,0.10395535896532238,0.026017504511401057,3.685533009469509,1.1745714396238327,0.8427880629897118,0.7088547218590975
968704,0.06815478467615321,0.03875614679418504,3.780024066567421,0.6889513824135065,0.1271904888562858,0.019392300950130448,4.024054236710072,1.6337541937828064,0.6704723089933395,0.683934235945344
969728,0.06468650867464021,0.03322865557856858,3.7269673496484756,0.6249310970306396,0.09542216334375553,0.02149875499890186,3.4929318875074387,1.1092277001589537,0.66740314476192,0.9046232169494033
970752,0.0598478170868475,0.031349230150226504,3.684379756450653,0.6817161738872528,0.0912973967497237,0.02227047790074721,3.753091335296631,1.250574465841055,0.6249168878421187,0.8233750611543655
971776,0.06112212734296918,0.03318576846504584,3.7058487311005592,0.656067306175828,0.1548139974474907,0.022424188297009096,3.9990518912672997,1.626230202615261,0.6169750858098269,0.7982503920793533
972800,0.04140340173034929,0.03682120225857943,3.7456322759389877,0.6686314530670643,0.07232256117276847,0.027822722942801192,3.6729459166526794,1.4983398355543613,0.7512049609795213,0.8271266799420118
973824,0.05158787776599638,0.04558468784671277,3.7717613205313683,0.684326808899641,0.06958933750865981,0.029354560771025717,3.883570246398449,1.6224173232913017,0.9252370223402977,0.839126817882061
974848,0.04792748612817377,0.041703670751303434,3.706721395254135,0.6590205300599337,0.0847608779440634,0.026059270254336298,3.278287321329117,1.0443435311317444,0.8324479954317212,1.008264385163784
975872,0.05402211641194299,0.04114474542438984,3.9828916862607002,0.8546221517026424,0.08874896087218076,0.023606983391800895,3.9167484119534492,1.6370860673487186,0.8336383821442723,0.883262038230896
976896,0.0774726631352678,0.035843041085172445,3.75209704041481,0.6623221430927515,0.18199843051843345,0.024921150121372193,3.6659500896930695,1.3828348144888878,0.693820409476757,0.6177020780742168
977920,0.04478888798621483,0.04409825010225177,3.758653298020363,0.7655266672372818,0.09100225201109424,0.031624639756046236,3.7499010413885117,1.1599288992583752,0.576122559607029,0.6788314217701554
978944,0.06442688661627471,0.04498186311684549,3.685682937502861,0.6854907404631376,0.07354615951771848,0.028199371532537043,3.431299440562725,1.0627994500100613,0.5403914824128151,0.7376532610505819
979968,0.0700972830527462,0.051276315352879465,3.65798632055521,0.6082698032259941,0.14348342851735651,0.027026396768633276,4.013328887522221,1.3794474191963673,1.0158993257209659,0.7196943778544664
980992,0.05051653695409186,0.04023900831816718,3.741845667362213,0.6588043430820107,0.06077935569919646,0.021629728755215183,3.713519535958767,1.3878397345542908,0.626795208081603,0.9366304278373718
982016,0.05920800176681951,0.035948824079241604,3.916742853820324,0.7286483068019152,0.12870913092046976,0.02256559577654116,3.772106997668743,1.465532511472702,0.4858458722010255,0.897673336789012
983040,0.04819475568365306,0.028870209178421646,3.7096682712435722,0.5956678725779057,0.14805113710463047,0.015324303356464952,3.6177880614995956,1.2742602676153183,0.6758758584037423,0.6922818282619119
984064,0.061662466294365004,0.02996682852972299,3.803395375609398,0.7070935126394033,0.10499344696290791,0.022333508357405663,3.8216919228434563,1.3317671306431293,0.5258252816274762,0.6870265817269683
985088,0.06319052705657668,0.042526199598796666,3.8694972321391106,0.8023076448589563,0.11588283051969483,0.022956060100113973,3.6374232545495033,1.270469058305025,0.7180040804669261,0.7527109198272228
986112,0.0668638460629154,0.04233979422133416,3.6776744574308395,0.6480419710278511,0.12985479674534872,0.021517669170862064,3.611848622560501,1.227329358458519,0.7787631647661328,0.6361388331279159
987136,0.05815675019402988,0.03582532610744238,3.6794990599155426,0.5712420139461756,0.11335607676301152,0.01930728234583512,3.7330692782998085,1.298783291131258,0.6751491874456406,0.557391382753849
988160,0.05650347244227305,0.03847456333460286,3.638382077217102,0.5419038701802492,0.09096417936962098,0.016049318248406053,3.5585573986172676,1.0758138839155436,0.7577154552564025,0.7288272799924016
989184,0.06273272429825738,0.03222974203526974,3.6791253685951233,0.6468292251229286,0.1036686095467303,0.01994951389497146,3.374061666429043,0.8939078021794558,0.6841515256091952,0.6715853018686175
990208,0.04650338368082885,0.016476894583320245,3.7742020040750504,0.6347650028765202,0.10937144991476089,0.011565726745175198,3.636547051370144,1.218999383971095,0.6469829985871911,0.8682120079174638
991232,0.061921531916595995,0.038477933034300804,3.6639977768063545,0.6160252466797829,0.14790620608255267,0.029452770890202373,3.740314804017544,1.199819901958108,0.6406973702833056,0.8814967330545187
992256,0.0464293686527526,0.03481870569521561,3.616915963590145,0.5665844976902008,0.11022482626140118,0.023106239386834204,3.73431034386158,1.1704259403049946,0.7179771307855844,0.5640627276152372
993280,0.051291693263920024,0.03333353588823229,3.5119980722665787,0.5140837002545595,0.16366939712315798,0.03246103995479643,4.095415726304054,1.5631892457604408,0.7118448875844479,0.6459741424769163
994304,0.052712273376528174,0.03986257215728983,3.7098748236894608,0.6484687365591526,0.08599843076081015,0.0235769783903379,3.678448908030987,1.1806221157312393,0.6553098605945706,0.635600233450532
995328,0.03609963189228438,0.03581897111143917,3.8610899448394775,0.7540147937834263,0.0926485724048689,0.025381095561897382,3.8943939059972763,1.5482897721230984,0.7188272597268224,0.6668386394158006
996352,0.06805463976343162,0.030667681770864874,3.857411026954651,0.7213479075580835,0.1776641682954505,0.014257792005082592,3.9775687977671623,1.5915936417877674,0.6073729377239943,0.5068943295627832
997376,0.0562575374788139,0.035440010600723326,3.8051909059286118,0.7019237540662289,0.11734990825061686,0.01680103497346863,3.4337491169571877,1.000632768496871,0.5905538313090801,0.604652157984674
998400,0.08449420539545827,0.04415732098277658,3.7259597554802895,0.726657385006547,0.1036475362489,0.02946716040605679,3.5978218615055084,1.0779413357377052,0.6266839895397425,0.5508576147258282
999424,0.051766277669230476,0.040927340858615935,3.6826914250850677,0.5811891239136457,0.08546844741795212,0.018080733047099784,3.8214444741606712,1.3209689557552338,0.7118177115917206,0.5399844981729984
1000448,0.038923070271266624,0.03550645790528506,3.8312888517975807,0.669089475646615,0.07648956510820426,0.014091258228290826,3.9694057255983353,1.622933752834797,0.7229300532490015,0.6191222281195223
1001472,0.07127358968136832,0.035230729437898844,3.9142820313572884,0.7787031531333923,0.05509971777792089,0.024486077949404716,3.859911173582077,1.5835736580193043,0.7071252828463912,0.8344836262986064
1002496,0.04926305726985447,0.050995021825656295,3.778592348098755,0.6738282218575478,0.1050374656333588,0.027989100897684693,3.62925086915493,1.4460225030779839,0.7599226962774992,0.8935651201754808
1003520,0.07334729854483157,0.03123690764186904,3.743016965687275,0.6218087151646614,0.11490523640532047,0.011981546937022358,3.532524175941944,1.129432937130332,0.5954620642587543,0.8945286124944687
1004544,0.05266845633741468,0.025809897400904447,3.8678517043590546,0.6735110133886337,0.08049867174122483,0.01232114594313316,3.6722172647714615,1.4981432780623436,0.6926468331366777,0.7246549539268017
1005568,0.06857146703987382,0.03325984859839082,3.704254537820816,0.6236885394901037,0.15143551415530965,0.019526848453097045,4.112557306885719,1.829151801764965,0.5904632322490215,0.6207494558766484
1006592,0.05400778926559724,0.04103531583677977,3.636888302862644,0.5585150681436062,0.1508611289318651,0.02292664730339311,3.9945928156375885,1.6603930220007896,0.6220041746273637,0.5117867747321725
1007616,0.060550703783519566,0.042135711992159486,3.604021705687046,0.5377912884578109,0.1670377035625279,0.020259566779714078,3.810162015259266,1.2536602541804314,0.7901133568957448,0.4905371284112334
1008640,0.05460898709134199,0.01844292218447663,3.5531388968229294,0.5191200189292431,0.11097017774591222,0.01179236792086158,3.932726427912712,1.3077011778950691,0.5725730899721384,0.5077689820900559
1009664,0.05800137115875259,0.03651426866417751,3.740780621767044,0.5938993785530329,0.10479017766192555,0.019116187759209424,3.80944786965847,1.2759539745748043,0.6028734548017383,0.4845528295263648
1010688,0.06514307545148768,0.03586973447818309,3.8010894060134888,0.6671012435108423,0.10400443209800869,0.01882327371276915,3.8639146462082863,1.3933194130659103,0.5602069031447172,0.5313228666782379
1011712,0.04976988132693805,0.026498068240471184,3.566825956106186,0.554063817486167,0.12057020628708415,0.01581892085960135,3.8014692664146423,1.2053494192659855,0.5071012191474438,0.40162448072806
1012736,0.03913208679296076,0.03157066652784124,3.8164067789912224,0.7051372695714235,0.08775215456262231,0.02035796083509922,3.9754576459527016,1.5273134782910347,0.6682411963120103,0.5193089484237134
1013760,0.06827429364784621,0.03347841539653018,3.686421826481819,0.6119124721735716,0.161105896695517,0.019481465104036033,3.807494193315506,1.2159009706228971,0.6271672314032912,0.5407046163454652
1014784,0.05427488099667244,0.03132153965998441,3.8402031883597374,0.7083815541118383,0.10602963995188475,0.01848780518048443,3.5880550369620323,1.0199337471276522,0.5667064115405083,0.48120864387601614
1015808,0.06695107169798575,0.03532139543676749,3.7666966915130615,0.6671702414751053,0.10178191648446955,0.018946499563753605,3.754113905131817,1.166216081008315,0.5879648318514228,0.4280477464199066
1016832,0.056261995909153484,0.039933989464771,3.6754150986671448,0.5635215500369668,0.08435692358762026,0.025154639355605468,3.563281498849392,1.1297619454562664,0.8524296376854181,0.5814585657790303
1017856,0.04601894013467245,0.02802260551834479,3.478903166949749,0.45836721640080214,0.13102103967685252,0.016743031097576022,3.6388014182448387,1.325469695031643,0.8288641395047307,0.6313665173947811
1018880,0.04213716456433758,0.026824672939255834,3.6193879172205925,0.5204164432361722,0.12418538494966924,0.020030611602123827,3.893004819750786,1.4257697276771069,0.6750802416354418,0.7270757611840963
1019904,0.04762380334432237,0.04231483570765704,3.682019464671612,0.5563763966783881,0.12594788195565343,0.021974652947392315,3.805418461561203,1.2772356532514095,0.7433094689622521,0.7199635878205299
1020928,0.05922211107099429,0.05441739142406732,3.650433048605919,0.6027074865996838,0.12177538286778145,0.0283876089961268,3.8327371701598167,1.4134336970746517,0.7746296366676688,0.7258631158620119
1021952,0.04411585823982023,0.019391851645195857,3.778308741748333,0.6121299490332603,0.09284891877905466,0.009359668489196338,3.673986718058586,1.2097348924726248,0.6028193263337016,0.7169607589021325
1022976,0.044006848125718534,0.03343541291542351,3.669028915464878,0.544305332005024,0.08720129251014441,0.015404224366648123,3.8512396439909935,1.5112745184451342,0.6889576893299818,0.7667559999972582
1024000,0.04367826724774204,0.030983033473603427,3.6648642495274544,0.5798001661896706,0.17008542036637664,0.026258068159222603,4.051831386983395,1.7815925069153309,0.5449862936511636,0.6105163116008043
1025024,0.0595825819473248,0.027000070724170655,3.5590830594301224,0.5393922161310911,0.11196314846165478,0.013907695014495403,3.4883181378245354,1.1107681449502707,0.589436617679894,0.6507105408236384
1026048,0.03273489458661061,0.03678703017067164,3.5814191177487373,0.5029174797236919,0.1229269778705202,0.01915340480627492,3.7532044425606728,1.3200987968593836,0.5786290857940912,0.7538463333621621
1027072,0.040802985517075285,0.03546675277175382,3.8756395056843758,0.6960181258618832,0.11196365434443578,0.017646424239501357,4.071669742465019,1.6604423820972443,1.0507144909352064,0.5718193035572767
1028096,0.05303366013686173,0.05550583731383085,3.533676102757454,0.564846764318645,0.10960685065947473,0.030769114615395665,3.974930375814438,1.625659178942442,0.6804104866459966,0.5224868562072515
1029120,0.0457501561177196,0.0381154480855912,3.653673641383648,0.6275812797248363,0.12938360241241753,0.022399690293241292,3.8373154923319817,1.5882606841623783,0.6773272380232811,0.5593937365338206
1030144,0.058798001729883254,0.039881613512989134,3.6910218745470047,0.6371597610414028,0.12979362381156534,0.025080868741497397,3.7799186259508133,1.324637807905674,0.831756399013102,0.6854510447010398
1031168,0.044487570819910616,0.03625881613697857,3.775483749806881,0.6658596824854612,0.10118544413126074,0.023768195533193648,4.0400335267186165,1.6266854852437973,0.5545978453010321,0.5431408602744341
1032192,0.057961298094596714,0.04526248393813148,3.6508957520127296,0.6623887158930302,0.10859205119777471,0.030631057743448764,3.87173143774271,1.4637759886682034,0.5909518590196967,0.6067405045032501
1033216,0.06783142578206025,0.03826247836695984,3.6986625120043755,0.5994438007473946,0.11144993468769826,0.020163268432952464,3.6251053661108017,1.1999263372272253,0.7279659081250429,0.6830140594393015
1034240,0.05792401751386933,0.022382920142263174,3.62054942548275,0.5475235329940915,0.14054688368923962,0.013990888837724924,3.688267268240452,1.2245801072567701,0.9985556043684483,0.656866698525846
1035264,0.057779975002631545,0.024930962244980037,3.5670796036720276,0.584820494055748,0.10071128484560177,0.014874120795866475,3.3138327077031136,0.9797927588224411,0.6411616653203964,0.631754326634109
1036288,0.05538211524253711,0.039659554371610284,3.567690558731556,0.585372181609273,0.10107409913325682,0.02462743516662158,3.781637065112591,1.2949076369404793,0.5957273310050368,0.6507637184113264
1037312,0.05080627423012629,0.032128985156305134,3.7558108121156693,0.6377424262464046,0.11245700425934047,0.016749870585044846,3.817171685397625,1.3346166349947453,0.6163436714559793,0.6614826926961541
1038336,0.05893336798180826,0.021620262268697843,3.920214205980301,0.7462373990565538,0.16188584605697542,0.010167601954890415,3.9619266986846924,1.4563193172216415,0.45869314251467586,0.5549742020666599
1039360,0.06076715578092262,0.0462077627889812,3.780710570514202,0.7653646469116211,0.10829013062175363,0.027706528373528272,3.6473222970962524,1.088192518800497,0.7286067456007004,0.6764382319524884
1040384,0.04332410563074518,0.036075932905077934,3.809204548597336,0.7274347562342882,0.08660330972634256,0.018451389158144593,3.7024430334568024,1.1801056452095509,0.9763219300657511,0.7261378057301044
1041408,0.04980623093433678,0.03388390614418313,3.7134452909231186,0.5808946006000042,0.10855126415845007,0.014765138912480325,3.522265672683716,1.0521556288003922,0.7444244716316462,0.7397399051114917
1042432,0.05576321680564433,0.04051489243283868,3.740539140999317,0.629891699180007,0.06926960166310892,0.017611299001146108,3.7593909576535225,1.3241769932210445,0.7097529796883464,0.670152704231441
1043456,0.05237127162399702,0.04139089153613895,3.8544153720140457,0.7131600901484489,0.09640728402882814,0.025314740458270535,3.640402413904667,1.324200227856636,0.5916050169616938,0.6494509056210518
1044480,0.08019671239890158,0.055745584541000426,3.6650222316384315,0.6697900332510471,0.06769766338402405,0.028504277463071048,3.5868981927633286,1.279223307967186,0.6209365790709853,0.6863316120579839
1045504,0.05053103147656657,0.03750044869957492,3.526471495628357,0.5086999591439962,0.18237434141337872,0.025662814907263964,4.147421397268772,2.419990796595812,0.7746250564232469,0.5873425640165806
1046528,0.05815909482771531,0.03985549142817035,3.6556539610028267,0.5852893013507128,0.2099470249377191,0.02739724560524337,4.024135001003742,1.9916357472538948,0.5964604187756777,0.7652857461944222
1047552,0.051695692556677386,0.03238440572749823,3.703454315662384,0.6168503053486347,0.09821439447114244,0.012738265009829774,3.439016453921795,1.2205800414085388,0.6905913483351469,0.6755414921790361
1048576,0.06231166480574757,0.0412658792338334,3.7238886803388596,0.67702691629529,0.1437928174273111,0.02811499050585553,3.7623431235551834,1.2965355403721333,0.6797866662964225,0.5537727363407612
1049600,0.04656875575892627,0.03204211493721232,3.705873228609562,0.7693697661161423,0.08010275197739247,0.023007554409559816,3.960128739476204,1.6020681262016296,0.5601867148652673,0.6407608473673463
1050624,0.06968852807767689,0.03654191119130701,3.7977802976965904,0.66348672285676,0.18260572431609035,0.01943770400248468,4.07552982121706,1.6660115383565426,0.6019380651414394,0.5899770138785243
1051648,0.05639299348695204,0.03009596368065104,3.6128446981310844,0.5407448681071401,0.14331772190053016,0.014220419980119914,3.548261620104313,1.0986073669046164,0.5623619267717004,0.5374565329402685
1052672,0.04919723776401952,0.03492521063890308,3.780153028666973,0.6698811249807477,0.07234232022892684,0.015372673296951689,3.7991809099912643,1.3584569804370403,0.6235436554998159,0.5063483072444797
1053696,0.04326277124346234,0.03627472568769008,3.732531927525997,0.6653918083757162,0.07045424054376781,0.018542670411989093,3.7225753143429756,1.4794358611106873,0.6190196331590414,0.5875805532559752
1054720,0.048756430071080104,0.030727735138498247,3.6136225163936615,0.5634514512494206,0.09505257540149614,0.021863499277969822,3.5468971133232117,1.353152073919773,0.60658900719136,0.7050246000289917
1055744,0.058839399469434284,0.044441126519814134,3.4756221175193787,0.5220093606039882,0.15227740729460493,0.019098695105640218,3.7402210235595703,1.4794805012643337,0.5329048410058022,0.6169693134725094
1056768,0.038638848840491846,0.027029482123907655,3.5162327587604523,0.4703754223883152,0.15308275260031223,0.014969708223361522,4.005234621465206,1.5722146481275558,0.5928742745891213,0.5251613678410649
1057792,0.05963606666773558,0.02796442189719528,3.5831250697374344,0.5670001078397036,0.12882418907247484,0.013809359166771173,3.8213734924793243,1.3069256655871868,0.5240795845165849,0.5111359944567084
1058816,0.04296898195752874,0.03313164581777528,3.6796352341771126,0.6004335843026638,0.07208921771962196,0.013532783254049718,3.7797456309199333,1.3566582314670086,0.5115487407892942,0.5588945765048265
1059840,0.05548910915968008,0.033480443875305355,3.7669445499777794,0.7359899878501892,0.03436686648637988,0.022115210944321007,3.796066001057625,1.7699246108531952,0.470955528318882,0.49446342792361975
1060864,0.060055723777622916,0.03694288537371904,3.5606732293963432,0.5113135389983654,0.20388648798689246,0.022890301246661693,4.11831172555685,2.079879030585289,0.5728811733424664,0.8474292140454054
1061888,0.03905253513948992,0.028741637768689543,3.805375821888447,0.6763451360166073,0.10436023527290672,0.018523367238231003,4.117397926747799,1.9660705365240574,0.6633965037763119,0.6336351791396737
1062912,0.06531118368729949,0.031479880737606436,3.8438809663057327,0.6876133698970079,0.12253666284959763,0.03387392172589898,3.5188480764627457,1.160124197602272,0.5915835499763489,1.0079419687390327
1063936,0.052848379709757864,0.041563311708159745,3.7129593566060066,0.6621767282485962,0.14834081823937595,0.02200086967786774,3.7458608597517014,1.2004072722047567,0.539709810167551,0.6591138849034905
1064960,0.0625850121723488,0.042045643320307136,3.5960922688245773,0.5892432238906622,0.1173825376899913,0.017013817123370245,3.7709849178791046,1.2118146996945143,0.5327208284288645,0.6278869723901153
1065984,0.051632565387990326,0.0353128548595123,3.6264757439494133,0.5765006672590971,0.11477861518505961,0.02191315425443463,3.730622485280037,1.2794937677681446,0.5852721026167274,0.6549047129228711
1067008,0.05439709994243458,0.023482698277803138,3.753279574215412,0.6069462541490793,0.1288583551067859,0.016936203959630802,3.626860588788986,1.0767124742269516,0.499766755849123,0.6076736571267247
1068032,0.05531823757337406,0.03566813800716773,3.7697444707155228,0.6283117961138487,0.11730312719009817,0.015018369595054537,3.8615105524659157,1.3616250678896904,0.5942578921094537,0.6647031996399164
1069056,0.03522300501936115,0.025151329988148063,3.7929807156324387,0.6969772800803185,0.05889686738373712,0.017243470589164644,3.787146247923374,1.452433306723833,0.7519765263423324,0.7750233765691519
1070080,0.07351393744465895,0.035584935219958425,3.7466078475117683,0.6124508418142796,0.23235852643847466,0.01246857742080465,4.366007879376411,2.785763204097748,0.7024676222354174,0.5788417817093432
1071104,0.043562943901633844,0.031150030146818608,3.7124153450131416,0.6671155449002981,0.10411300224950537,0.024110928148729727,3.969805009663105,1.6690145693719387,0.7170807225629687,0.8213062910363078
1072128,0.04852857755031437,0.023982660728506744,3.947748877108097,0.7993681132793427,0.12754611775744706,0.011885287865879945,3.8806344270706177,1.3185853734612465,0.6121952096000314,0.6737533714622259
1073152,0.06116358701547142,0.03914270078530535,3.6575986221432686,0.6518640872091055,0.1376134029123932,0.02205434298957698,3.7384641468524933,1.1740344371646643,0.7802054109051824,0.6844753604382277
1074176,0.05534845759393647,0.022849263390526175,3.8166330456733704,0.6631001066416502,0.10649657039903104,0.010323596448870376,4.006950803101063,1.5126702524721622,0.6619666554033756,0.5594204748049378
1075200,0.04198907611134928,0.0457066762028262,4.041199833154678,0.9731798153370619,0.10091661859769374,0.022449767537182197,3.837672233581543,1.4320940040051937,0.5346276964992285,0.6497255219146609
1076224,0.07879813213367015,0.03869967983337119,3.941998839378357,0.827633710578084,0.11227943559060805,0.015936067647999153,3.777080535888672,1.3559190891683102,0.7144818408414721,0.6624056193977594
1077248,0.06192361915600486,0.057350631803274155,3.8128008618950844,0.7422954440116882,0.07504114659968764,0.03181769303046167,3.694705531001091,1.3213559724390507,0.5976254949346185,0.696118850260973
1078272,0.07501010710257106,0.056620015180669725,3.72166196256876,0.7145271729677916,0.08844655996654183,0.027594430663157254,3.6279674619436264,1.3119342401623726,0.6676854733377695,0.6825412763282657
1079296,0.061832710227463394,0.029900599794927984,3.729044295847416,0.6845923084765673,0.14122940762899816,0.016188257868634537,3.8734489753842354,1.5002114847302437,0.5044567845761776,0.6489675818011165
1080320,0.04233031743206084,0.027606687508523464,3.5749575346708298,0.47784788347780704,0.17582475836388767,0.010615410399623215,3.9920510202646255,1.4377549886703491,0.5477145314216614,0.5030500385910273
1081344,0.03955477390263695,0.03647227043984458,3.6591841802001,0.5865292865782976,0.13273740420117974,0.019506631477270275,3.694029852747917,1.1822880078107119,0.81701944116503,0.5137849459424615
1082368,0.03724053860059939,0.03663658705772832,3.885519616305828,0.7709766756743193,0.09834653971483931,0.019396701856749132,3.7243019863963127,1.1397158205509186,0.8416381636634469,0.43342349166050553
1083392,0.06301859334053006,0.04265856242273003,3.782114401459694,0.8528752457350492,0.09716038772603497,0.024211434763856232,3.6995719522237778,1.2365383431315422,0.6652420302852988,0.4842502851970494
1084416,0.04515962328878231,0.03837151167681441,3.7295051664114,0.6404596157371998,0.10673245810903609,0.021101791062392294,3.5266496390104294,1.02389051951468,0.7136795129626989,0.4571810197085142
1085440,0.061893052770756185,0.0349969394155778,3.808801047503948,0.7027688939124346,0.11145638686139137,0.017637518292758614,3.891891621053219,1.292258320376277,0.7303459094837308,0.4329702937975526
1086464,0.0552807599742664,0.04197401663986966,3.678155303001404,0.5749780554324389,0.11335151211824268,0.013386329796048813,3.9167497158050537,1.4002617225050926,1.1756144845858216,0.6040277956053615
1087488,0.04659796311170794,0.026499063824303448,3.5632872208952904,0.5030730161815882,0.11016216845018789,0.02099792202352546,3.644799329340458,1.1354103721678257,0.7517245234921575,0.8845798661932349
1088512,0.039606338017620146,0.03745812323177233,3.7415920197963715,0.6083136517554522,0.0858554587175604,0.01944932818878442,3.7956308647990227,1.2881332524120808,0.6838540295138955,0.6581992991268635
1089536,0.046102875741780736,0.030481320980470628,3.723551206290722,0.6702079940587282,0.08704721846152097,0.019659030542243272,3.6579358279705048,1.3399435095489025,0.5947220167145133,0.7506513586267829
1090560,0.05429285072023049,0.03567016206216067,3.7102382481098175,0.6494384333491325,0.15658143907785416,0.018713366705924273,3.8987801671028137,1.6169091127812862,0.6199991106987,0.6983840437605977
1091584,0.04865944784251042,0.029359927459154278,3.5505674853920937,0.5676538683474064,0.17723149922676384,0.02507472550496459,3.941272586584091,1.5267847664654255,0.6177091812714934,0.6664795521646738
1092608,0.03677675189101137,0.03572770382743329,3.462382197380066,0.4701304044574499,0.10017014911863953,0.01112641632789746,3.5840505585074425,1.1921399384737015,0.7329480359330773,0.7150221085175872
1093632,0.05063782073557377,0.030545073910616338,3.6352630257606506,0.5258715888485312,0.15031979512423277,0.013158332963939756,4.102743163704872,1.5229503996670246,0.609577658586204,0.5907046543434262
1094656,0.05607046908698976,0.041201651794835925,3.6771981343626976,0.6096238195896149,0.10904319159453735,0.025443074555369094,3.6914455369114876,1.16735427826643,0.5632881503552198,0.7896764418110251
1095680,0.05978486663661897,0.0336667372030206,3.6563010215759277,0.6187820099294186,0.124286022153683,0.015695056528784335,3.8954335898160934,1.4202547743916512,0.506260416470468,0.45827661361545324
1096704,0.06592869199812412,0.026939928415231407,3.648309141397476,0.5724552627652884,0.1310449547600001,0.015248656622134149,3.7290223762392998,1.1528738159686327,0.720915449783206,0.46585960779339075
1097728,0.048484914063010365,0.02226027415599674,3.4496399983763695,0.4438186166808009,0.1178646853659302,0.012604895455297083,3.500736005604267,0.9396095592528582,0.67436467949301,0.5239815241657197
1098752,0.05098119442118332,0.014438418089412153,3.672097682952881,0.5220942916348577,0.11216139222960919,0.005894004425499588,3.580452933907509,0.9741740580648184,0.5563591639511287,0.3139685718342662
1099776,0.04701400626800023,0.021527431497815996,3.7592088729143143,0.6290447805076838,0.11797475058119744,0.009431442216737196,3.584868259727955,1.0549411289393902,0.598474252037704,0.6105842869728804
1100800,0.07394594419747591,0.03304841282078996,3.70309354364872,0.6455462761223316,0.09966972126858309,0.012613168757525273,3.40694797039032,0.8940970208495855,0.5535035114735365,0.4824878750368953
1101824,0.038982597878202796,0.04305573727469891,3.7818820476531982,0.7010498680174351,0.08124215813586488,0.024588876636698842,3.822859525680542,1.2883646301925182,0.529012206941843,0.5970158874988556
1102848,0.05567325829179026,0.04598179436288774,3.6193220391869545,0.5524594122543931,0.11377231345977634,0.02070082354475744,3.569921262562275,1.1042721327394247,0.6045649880543351,0.8384759305045009
1103872,0.034856010490329936,0.03057037014514208,3.790388762950897,0.659736879169941,0.06837116184760816,0.015108680032426491,3.5612881630659103,1.177477976307273,0.47503179404884577,0.9165750034153461
1104896,0.048572885047178715,0.026762299879919738,3.738378994166851,0.6535300835967064,0.1074834578903392,0.014411807816941291,3.830423541367054,1.3798921667039394,0.6295411018654704,0.795729486271739
1105920,0.054815569368656725,0.04188063240144402,3.6971257850527763,0.6290823370218277,0.0724599941750057,0.02283155481563881,3.8407317399978638,1.58684441447258,0.5357882911339402,0.8231007400900126
1106944,0.061747395957354456,0.0400098969694227,3.6579521000385284,0.5983598679304123,0.09173859342990909,0.028485064918641,3.5859872922301292,1.3194115981459618,0.4841803293675184,0.9975329283624887
1107968,0.06504394035437144,0.0347219105460681,3.712695926427841,0.6184248514473438,0.11854370078071952,0.02032119472278282,3.4358656629920006,1.0645551215857267,0.5382599523290992,0.8632282763719559
1108992,0.06325262354221195,0.04108532518148422,3.74680358171463,0.6688888948410749,0.12026618095114827,0.021400558587629348,3.7457935139536858,1.2751557398587465,0.5274012060835958,0.6668975474312901
1110016,0.04679697297979146,0.029351344623137265,3.6848075464367867,0.5857675252482295,0.0808035519439727,0.02400933823082596,3.73232302069664,1.3464999124407768,0.522678891196847,0.8912948481738567
1111040,0.05893437752092723,0.03830373374512419,3.6782099083065987,0.6003385558724403,0.10773374181007966,0.028476455132476985,3.764204517006874,1.3922498151659966,0.5344468476250768,0.7052598688751459
1112064,0.049445053562521935,0.02718460519099608,3.7342325523495674,0.6127457674592733,0.0977349337481428,0.017607025190955028,3.7440980076789856,1.4018717855215073,0.6051719421520829,0.7152270153164864
1113088,0.07525726570747793,0.04062643687939271,3.67033401876688,0.6705582551658154,0.14574777684174478,0.018401683395495638,4.007354073226452,1.5429419577121735,0.6627224665135145,0.6209234185516834
1114112,0.05033933476079255,0.023606129398103803,3.7830245718359947,0.6537274550646544,0.08452973912062589,0.011636404786258936,3.5482074320316315,1.1947693787515163,0.5541084939613938,0.8020470179617405
1115136,0.05453529747319408,0.04458368709310889,3.789089448750019,0.673621928319335,0.07793097692774609,0.02610927796922624,3.721009775996208,1.341168139129877,0.7968480130657554,0.8309508115053177
1116160,0.05546242941636592,0.03571406257105991,3.8044353723526,0.7037777155637741,0.09259095904417336,0.028713727195281535,3.8762432783842087,1.6797026135027409,0.6553244600072503,0.6762004094198346
1117184,0.046019355417229235,0.07017896906472743,3.7476775720715523,0.7162477355450392,0.06415560567984357,0.055830635013990104,3.8739483803510666,1.6823363229632378,0.8944464679807425,0.9929177043959498
1118208,0.05363392969593406,0.03483544732443988,3.9792986288666725,0.9075643382966518,0.11271863686852157,0.02437443283270113,4.1015951707959175,1.7272436581552029,0.7213748972862959,0.685849335975945
1119232,0.06468028738163412,0.035046642064116895,3.806628204882145,0.7627557758241892,0.1045509601244703,0.025809887156356126,3.553673565387726,1.1194353010505438,0.6613225433975458,0.5751238483935595
1120256,0.06293913762783632,0.03545710205798969,3.6223224997520447,0.5693530552089214,0.18386013386771083,0.021019061212427914,3.915599212050438,1.3710489943623543,0.7865274110808969,0.8532098587602377
1121280,0.0505070970102679,0.042234867345541716,3.590758666396141,0.6148187210783362,0.06520783688756637,0.022164390509715304,3.378173552453518,0.9207080621272326,0.794643153436482,0.6725186360999942
1122304,0.06881802139105275,0.033844786579720676,3.6398200765252113,0.5793885737657547,0.07578792190179229,0.015270591771695763,3.4715557917952538,1.0645510014146566,0.6070084432139993,0.6085683330893517
1123328,0.049275743251200765,0.04188972286647186,3.7669273614883423,0.7068877406418324,0.10688219615258276,0.0291196841862984,3.680800974369049,1.3253407143056393,0.5687083760276437,0.662396615371108
1124352,0.05109831172740087,0.0369366190279834,3.8138899356126785,0.7619053963571787,0.09923900745343417,0.01899364171549678,3.8059951066970825,1.5267024897038937,0.6494529545307159,0.8129830304533243
1125376,0.06287314847577363,0.03941877686884254,3.8839386329054832,0.7497595883905888,0.15876963757909834,0.013913084840169176,4.126941733062267,1.7084796652197838,0.5442615244537592,0.9051672024652362
1126400,0.06675064165028743,0.03231148136546835,3.656496539711952,0.5659188330173492,0.09876406978582963,0.011210383774596266,3.786885365843773,1.404777992516756,0.5289737498387694,0.6887762816622853
1127424,0.06992251530755311,0.04379622609121725,3.627626270055771,0.6216273605823517,0.158996460493654,0.023487371421651915,3.910371296107769,1.5922422595322132,0.550156868994236,0.6816538041457534
1128448,0.05425798340002075,0.034492468694224954,3.57954291254282,0.5499956533312798,0.13810744532383978,0.022038151480956003,3.8731135427951813,1.4011362716555595,0.6256841635331511,0.6752133006229997
1129472,0.0418088304286357,0.04435839259531349,3.6485479921102524,0.6176731307059526,0.07200152442965191,0.022001784294843674,3.6302631720900536,1.2924965023994446,0.6225815787911415,0.6439997563138604
1130496,0.046414672411629,0.049308108049444854,3.6963183730840683,0.6198667883872986,0.08115411596372724,0.034875245532020926,3.4973007515072823,1.1699627414345741,0.8508575856685638,0.9011679543182254
1131520,0.06349915228202008,0.03916017583105713,3.5491302758455276,0.5711501743644476,0.1496239781845361,0.020685110124759376,3.768033027648926,1.4070581421256065,0.45554546546190977,0.7952278982847929
1132544,0.047630672983359545,0.03063167870277539,3.6340122148394585,0.5826752744615078,0.11719728610478342,0.017403804551577196,3.6283562183380127,1.1207913402467966,0.636592198163271,0.7496626321226358
1133568,0.052536582719767466,0.05342420958913863,3.575219012796879,0.6086652800440788,0.09302702447166666,0.028975981811527163,3.718535341322422,1.3462444581091404,0.6595409819856286,0.690581114962697
1134592,0.0668536233715713,0.039615333604160696,3.619060695171356,0.6592426113784313,0.12426664412487298,0.02214341127546504,3.686108723282814,1.4199459627270699,0.5170223033055663,0.855549625121057
1135616,0.06076843407936394,0.04440108092967421,3.758068412542343,0.6084446664899588,0.08997819264186546,0.021916671947110444,3.438082344830036,1.122559668496251,0.5946878651157022,0.7238279394805431
1136640,0.06369238544721156,0.028303511266130954,3.7096701189875603,0.6191893666982651,0.07599105942063034,0.014866128243738785,3.815376043319702,1.5144196636974812,0.6616799533367157,0.8709474597126245
1137664,0.055323985463473946,0.031716479803435504,3.6714834049344063,0.6162648163735867,0.13874262082390487,0.02593080696533434,3.8169940263032913,1.528398361057043,0.4523219633847475,0.7311559412628412
1138688,0.06042282666749088,0.030255841556936502,3.7386668622493744,0.6223388034850359,0.12454147334210575,0.02316700274241157,3.8474209904670715,1.4476202316582203,0.47651868034154177,0.7023098999634385
1139712,0.04835849655501079,0.03909796482184902,3.754424050450325,0.6200816128402948,0.07822637070785277,0.015142174495849758,3.6713925898075104,1.3385872058570385,0.5572349708527327,0.7093863021582365
1140736,0.05219196908001322,0.04451193002751097,3.731356844305992,0.6314490996301174,0.1315366605995223,0.02020756676211022,3.55536375194788,1.3297367542982101,0.5682234056293964,0.8243646780028939
1141760,0.04522659638314508,0.04077846504515037,3.5149222388863564,0.5145665183663368,0.07363441531197168,0.023309573152801022,3.4770078882575035,1.216024911031127,0.5822953805327415,0.9788614362478256
1142784,0.04398133116774261,0.05150576471351087,3.6908729895949364,0.5677252979949117,0.06108928671164904,0.020825854007853195,3.5423461869359016,1.5418717786669731,0.8876873962581158,0.6931720627471805
1143808,0.05550638464046642,0.028760029934346676,3.5536116138100624,0.4756025969982147,0.15287620812887326,0.024761444015894085,3.676537863910198,1.5255945585668087,0.5095475129783154,0.9950518617406487
1144832,0.05533339690009598,0.04591199615970254,3.60528165102005,0.5669114012271166,0.07765358116012067,0.022101202281191945,3.672767713665962,1.4188307113945484,0.5744075709953904,0.636331532150507
1145856,0.06260434194700792,0.033515406074002385,3.833975225687027,0.6476366631686687,0.1291300116572529,0.014146517118206248,3.668505258858204,1.3661517053842545,0.579526568762958,0.7285967217758298
1146880,0.05934851533675101,0.044614406768232584,3.7623656392097473,0.7369730323553085,0.11862793768523261,0.022814039752120152,3.8617357835173607,1.4180068485438824,0.5363390548154712,0.644841592758894
1147904,0.06094681238755584,0.04404181276913732,3.6343719959259033,0.5991162080317736,0.11682735109934583,0.021964317944366485,3.887700244784355,1.4467044696211815,0.5393796535208821,0.8572576707229018
1148928,0.055486626632045954,0.02780592761700973,3.575115792453289,0.5489311069250107,0.15905351494438946,0.013324092200491577,3.8347330689430237,1.4034694656729698,0.6114830169826746,0.5888927141204476
1149952,0.057123530699755065,0.025218945753294975,3.6673212870955467,0.6651861295104027,0.07889083909685723,0.013212890276918188,3.674051694571972,1.2200191356241703,0.5330065730959177,0.5445467494428158
1150976,0.03420130231825169,0.03234971757046878,3.7106397673487663,0.5853952933102846,0.05918501058476977,0.022356611560098827,4.014200918376446,1.6340953297913074,0.7785765631124377,0.6163414539769292
1152000,0.06073383678449318,0.03520257968921214,3.4673222973942757,0.5151520697399974,0.12455930071882904,0.03128291486063972,3.430288679897785,1.3287304118275642,0.5651763333007693,0.9418099727481604
1153024,0.053373956005088985,0.04524493799544871,3.7045002207159996,0.6417597401887178,0.09681861486751586,0.025655390811152756,3.599777191877365,1.8877313360571861,0.5683937156572938,0.645742048509419
1154048,0.04160469048656523,0.03713829180924222,3.8668453842401505,0.7933728992938995,0.07926218619104475,0.022495696262922138,3.623753145337105,1.4859197326004505,0.8085183212533593,0.6646110694855452
1155072,0.05203866632655263,0.02656290866434574,3.773131586611271,0.6712066512554884,0.0909341654041782,0.015252357756253332,3.412540629506111,1.0670027080923319,0.5006506191566586,0.7932458370923996
1156096,0.05474849938764237,0.04724749783053994,3.729751206934452,0.6826477125287056,0.17585170944221318,0.024087502097245306,3.990277349948883,1.754073392599821,0.5227819057181478,0.6119106393307447
1157120,0.07460674596950412,0.04128782404586673,3.818080149590969,0.6916747465729713,0.10656222523539327,0.023651062132557854,3.5212635323405266,1.1631951183080673,0.5745890950784087,0.832665404304862
1158144,0.053236017949529923,0.03694280795753002,3.703011505305767,0.5795981101691723,0.11105120944557711,0.02031728526344523,3.5419463589787483,1.0735336281359196,0.4874857943505049,0.6054445644840598
1159168,0.045537413243437186,0.03360546426847577,3.698261149227619,0.653501883149147,0.12047741038259119,0.022302004683297127,3.501200795173645,1.0452060792595148,0.4537271745502949,0.6014441261067986
1160192,0.04885461139201652,0.030494853970594704,3.641584023833275,0.5116561474278569,0.08969085270655341,0.015522365691140294,3.537637412548065,1.0726578533649445,0.5749034816399217,0.7362022362649441
1161216,0.04717832204187289,0.040521564544178545,3.7402282059192657,0.5940753780305386,0.11061154468916357,0.0210819783678744,3.211356520652771,0.8660187721252441,0.7169246347621083,0.7039688704535365
1162240,0.054592383559793234,0.033319498295895755,3.759993813931942,0.6403006110340357,0.08706471498589963,0.017418239876860753,3.71122282743454,1.2522445321083069,0.5636793617159128,0.6573938094079494
1163264,0.049008509929990396,0.03263107768725604,3.641229748725891,0.5981323337182403,0.15297772060148418,0.017824698676122352,3.719053976237774,1.2912351302802563,0.6071013063192368,0.6686032423749566
1164288,0.0608913186006248,0.041429589269682765,3.6567970663309097,0.5728413295000792,0.10344937891932204,0.02015910600312054,3.4917673990130424,0.9915106426924467,0.6458425996825099,0.5963219348341227
1165312,0.03922902772319503,0.024605909769888967,3.7143459841609,0.5375682506710291,0.08152483488083817,0.011352063840604387,3.550925925374031,1.1225358825176954,0.6838761959224939,0.6061103232204914
1166336,0.061059525673044845,0.02974768029525876,3.6670718491077423,0.6065578367561102,0.16209065751172602,0.018675844330573454,3.6004902198910713,1.1545770298689604,0.5826852163299918,0.6267870897427201
1167360,0.042147829837631434,0.043582432554103434,3.8737688288092613,0.7926930170506239,0.08411683855229057,0.02573184930952266,3.6408447325229645,1.142936360090971,0.7239985298365355,0.6424150066450238
1168384,0.05463016184512526,0.03356843045912683,3.7314067855477333,0.6442675441503525,0.06693162524607033,0.02212572016287595,3.544080138206482,1.2335305772721767,0.6535366689786315,0.7048208499327302
1169408,0.06358979328069836,0.034020852646790445,3.7689958214759827,0.6810238100588322,0.12297006242442876,0.020579127478413284,3.53166127204895,1.1574278324842453,0.6611446952447295,0.9261737363412976
1170432,0.05638741934671998,0.024677850829903036,3.621920771896839,0.5435538049787283,0.11703328069415875,0.01250908752263058,3.650541938841343,1.2339375503361225,0.6381398430094123,0.6359669091179967
1171456,0.05092542835336644,0.03168340801494196,3.7638484835624695,0.66420753672719,0.08533812602399848,0.015405805985210463,3.7472592517733574,1.7071607559919357,0.6317420052364469,0.7040013056248426
1172480,0.05433119327062741,0.03835181181784719,3.7608533054590225,0.6599972285330296,0.10370929795317352,0.018778336117975414,3.603971190750599,1.3913942351937294,0.749387089163065,0.9950808519497514
1173504,0.05800656575593166,0.04703732277266681,3.6776614114642143,0.5890710186213255,0.11035470198839903,0.023239877133164555,3.6781998053193092,1.4773039557039738,0.8105940138921142,0.6168162319809198
1174528,0.06330499102477916,0.03787902562180534,3.8182169422507286,0.6951219439506531,0.10491667117457837,0.017219949193531647,3.7411088719964027,1.3352781534194946,0.5209700614213943,0.6735451640561223
1175552,0.0559652303927578,0.034963236830662936,3.700669802725315,0.6453179717063904,0.1267658604774624,0.02394380114856176,3.781247891485691,1.2814145796000957,0.5371065624058247,0.6050586998462677
1176576,0.05576357676181942,0.03925681294640526,3.7527325078845024,0.6823527310043573,0.06447572374599986,0.022103728726506233,3.7302900329232216,1.526459440588951,0.5573269352316856,0.5806936165317893
1177600,0.0512602596427314,0.03550670394906774,3.89121400564909,0.8256918862462044,0.11068943596910685,0.02170813624979928,3.7560801431536674,1.6316617503762245,0.7034459784626961,0.6633899006992579
1178624,0.07177656989370007,0.053690219996497035,3.7426081523299217,0.7663961984217167,0.117252909229137,0.029962338332552463,3.7264322862029076,1.5511175468564034,0.7682987069711089,0.7775401873514056
1179648,0.05035486791166477,0.03578952670795843,3.8133943006396294,0.8469268120825291,0.12497471139067784,0.01764145793276839,3.725002981722355,1.394274789839983,0.5056863287463784,0.5954158985987306
1180672,0.05516076131607406,0.030206067662220448,3.7805336490273476,0.7095967084169388,0.12138197117019445,0.020500191138125956,3.632246643304825,1.244123037904501,0.7729722717776895,0.8143258895725012
1181696,0.06004507880425081,0.04205172538058832,3.762916684150696,0.7470220476388931,0.0998137638089247,0.02077590604312718,3.8196646869182587,1.3932598866522312,0.5710227163508534,0.918858758173883
1182720,0.06791288108797744,0.049707454279996455,3.678875468671322,0.6520514003932476,0.10048198490403593,0.0205244324170053,3.6014591306447983,1.2327171508222818,0.7693801485002041,0.8061362421140075
1183744,0.07167202513664961,0.03854645771207288,3.890917606651783,0.7365639582276344,0.11158033402170986,0.01732700245338492,3.9135169088840485,1.589843600988388,0.5436908099800348,0.9815717600286007
1184768,0.059430586581584066,0.03776031109737232,3.546225443482399,0.5658032707870007,0.1280503913294524,0.014808555628405884,3.947691187262535,1.6177710965275764,0.6556971594691277,0.8422812363132834
1185792,0.04859855028917082,0.03964182606432587,3.8669690042734146,0.7538799811154604,0.07895284792175516,0.02332778027630411,4.088338613510132,1.7790181450545788,0.7437900165095925,0.7694049254059792
1186816,0.05375484020623844,0.041679921792820096,3.822767235338688,0.8648502342402935,0.07609268283704296,0.02973032317822799,3.496969059109688,1.1996017023921013,0.5404202919453382,0.6519820541143417
1187840,0.07226272177649662,0.041411219572182745,3.8007429987192154,0.7131719049066305,0.10102356941206381,0.02231641480466351,3.4895130917429924,1.2158158123493195,0.6193004073575139,0.7616395577788353
1188864,0.07060566594009288,0.0629719567950815,3.78390733897686,0.7392336986958981,0.11279315172578208,0.02392606867942959,3.8367531299591064,1.3604210875928402,0.6603328082710505,0.8610768485814333
1189888,0.0670744228118565,0.05523276072926819,3.773430585861206,0.6932499539107084,0.16338134021498263,0.02652431299793534,4.034718006849289,1.9583325758576393,0.597905701957643,0.7167483968660235
1190912,0.06648340541869402,0.04480954119935632,3.575985074043274,0.5503226835280657,0.16647494351491332,0.02752627251902595,4.0589310079813,1.8700086288154125,0.541948008351028,0.8165260879322886
1191936,0.07857811026042327,0.03608731337590143,3.7065882235765457,0.6639100853353739,0.11850453779334202,0.024010067398194224,3.706884302198887,1.095867207273841,0.7872730493545532,0.736198553815484
1192960,0.05643682857044041,0.03124538518022746,3.653761439025402,0.5704334415495396,0.09967429155949503,0.015066249761730433,3.586690068244934,1.114853510633111,0.5193289406597614,0.5522020105272532
1193984,0.052814833470620215,0.031829152489081025,3.6975642815232277,0.6248809657990932,0.16512779472395778,0.0233381527941674,4.031099446117878,1.6086125522851944,0.6963348491117358,0.60250707808882
1195008,0.06167356966761872,0.030349078588187695,3.6824071183800697,0.5617111306637526,0.11830710514914244,0.01636459064320661,3.635633334517479,1.2125803716480732,0.687393213622272,0.8713475354015827
1196032,0.05002096181851812,0.028299422236159444,3.621364675462246,0.574970867484808,0.10258688020985574,0.01645974803250283,3.659270204603672,1.2031112033873796,0.5516518298536539,0.7026641787961125
1197056,0.054733630357077345,0.03579727828036994,3.6890672743320465,0.6542327497154474,0.095111065718811,0.025091644492931664,3.8265258595347404,1.4580117128789425,0.50551578681916,0.6497893538326025
1198080,0.04472850140882656,0.03404946799855679,3.8353183194994926,0.7330850791186094,0.04047102777985856,0.020818336633965373,3.87908773124218,1.7368519604206085,0.66173464525491,0.5605727946385741
1199104,0.05003533963463269,0.037295187648851424,3.8310277685523033,0.7555189691483974,0.09585450915619731,0.01977568879374303,3.5945690497756004,1.485298078507185,0.7192767225205898,0.9085515765473247
1200128,0.05851610645186156,0.029189517023041844,3.6637793853878975,0.6284368950873613,0.15003271296154708,0.02347893491969444,3.748602069914341,1.3128881007432938,0.5400123801082373,0.9755254657939076
1201152,0.05779387830989435,0.03349928365787491,3.755225256085396,0.7741726953536272,0.07272476039361209,0.02118935837643221,3.845106214284897,1.6421281322836876,0.5758019052445889,0.7308931145817041
1202176,0.04897240290301852,0.030721479037310928,3.5215722396969795,0.46706658136099577,0.15998964372556657,0.015549042291240767,4.1701081320643425,2.0871860422194004,0.7007893621921539,0.9166080616414547
1203200,0.06151874054921791,0.03650969942100346,3.6257796362042427,0.5279461527243257,0.1379765026504174,0.022368110629031435,4.041968010365963,1.7569215930998325,0.9692991999909282,0.7262551095336676
1204224,0.047149729667580687,0.027127829322125763,3.63303741812706,0.5375666581094265,0.10135494964197278,0.0213098521635402,3.7880246937274933,1.4472638797014952,0.5932050934061408,0.7057503955438733
1205248,0.050302073592320085,0.041245554690249264,3.7416139021515846,0.6460368763655424,0.06801810293109156,0.019655139214592054,3.823313020169735,1.5995409972965717,0.5907229436561465,0.8217823319137096
1206272,0.047169319819658995,0.02421160024823621,3.6608409732580185,0.5075093740597367,0.08928848389768973,0.016806902800453827,4.001557730138302,1.9711747840046883,0.48218333441764116,0.6659160228446126
1207296,0.043044257268775254,0.02972146205138415,3.8251305893063545,0.6943835709244013,0.1250141387572512,0.018227937165647745,4.081286504864693,1.990883644670248,0.4963330151513219,0.941492460668087
1208320,0.049129130216897465,0.03243680071318522,3.8422898575663567,0.6709514986723661,0.10618427733425051,0.01800538777024485,3.740723341703415,1.450892049819231,0.6407431168481708,0.874263821169734
1209344,0.049254413694143295,0.029151398804970086,3.7127057760953903,0.6636816132813692,0.1431987303076312,0.01608687685802579,3.8868872970342636,1.42255025729537,0.5698881233111024,0.8303121207281947
1210368,0.06401098205242306,0.027263005380518734,3.7355757355690002,0.6597463209182024,0.12930980045348406,0.01734334893990308,3.6467837393283844,1.4308318421244621,0.6651503397151828,0.6957168746739626
1211392,0.05819456247263588,0.049657462746836245,3.6582246348261833,0.6348358783870935,0.10385159339057282,0.029570416954811662,3.7600973919034004,1.2756487131118774,0.7266616811975837,0.7897471906617284
1212416,0.05899668674101122,0.028276341501623392,3.852914482355118,0.6889505609869957,0.12484432011842728,0.013365411577979103,3.814841777086258,1.2931404039263725,0.6960998764261603,0.7090596714988351
1213440,0.06581128013203852,0.04505694890394807,3.8293477445840836,0.7731677163392305,0.16136887669563293,0.02247000264469534,3.9212172627449036,1.503510732203722,0.8113615810871124,0.7261228794232011
1214464,0.05148079205537215,0.042947536800056696,3.796012796461582,0.659427847713232,0.06738948763813823,0.02050434786360711,3.5826032534241676,1.3542210683226585,0.6854915805160999,0.9901439715176821
1215488,0.049525011447258294,0.034568996576126665,3.601099692285061,0.5639069508761168,0.13055703917052597,0.019398648262722418,3.714025542140007,1.2598919160664082,0.6429868722334504,0.7356783449649811
1216512,0.05760948880924843,0.03859252133406699,3.7203233167529106,0.5944810323417187,0.0979144997545518,0.01981572198565118,3.9227950274944305,1.4150618612766266,0.7356924321502447,0.8956690803170204
1217536,0.07260231609689072,0.03387835470493883,3.760682612657547,0.6697483863681555,0.131554746767506,0.013403683144133538,3.6963132694363594,1.3282579593360424,0.5668694144114852,0.6595643879845738
1218560,0.050981255481019616,0.03928433288820088,3.676324337720871,0.6320420745760202,0.11316592391813174,0.025131424627033994,3.7498906031250954,1.297370869666338,0.6122874030843377,0.7167738554999232
1219584,0.06344768876442686,0.030143742100335658,3.728557288646698,0.6682036742568016,0.13040686666499823,0.014407984941499308,3.906790792942047,1.538145788013935,0.5829126788303256,0.6057684104889631
1220608,0.05051729513797909,0.026510102266911417,3.6746350154280663,0.6164535991847515,0.11800889391452074,0.01657768664881587,3.722854256629944,1.268848441541195,0.5184463681653142,0.7341609057039022
1221632,0.06098127056611702,0.04109395225532353,3.6332895383238792,0.639615448191762,0.12766662298236042,0.020915467524901032,3.817045070230961,1.3102946020662785,0.5933866454288363,0.5182313118129969
1222656,0.04661619350372348,0.02675888640806079,3.579494096338749,0.49895825795829296,0.12832486419938505,0.01497039434616454,3.918116971850395,1.3837461061775684,0.5909543735906482,0.8555101687088609
1223680,0.05473135918145999,0.037120417691767216,3.58786853402853,0.5243660910055041,0.11189336032839492,0.023011960205622017,3.5447392761707306,1.0943359322845936,0.7052341792732477,0.7116203252226114
1224704,0.05817307785036974,0.03180061804596335,3.6867258697748184,0.6165002658963203,0.08628378802677616,0.024200449202908203,3.6146911829710007,1.177611131221056,0.6028370605781674,0.7456926759332418
1225728,0.05512748705223203,0.02877934172283858,3.6548129469156265,0.572208309546113,0.10857621266040951,0.021071208058856428,3.88108579069376,1.4657608568668365,0.6313548171892762,0.6030974518507719
1226752,0.05525211789063178,0.03139603941235691,3.6488827615976334,0.6300929039716721,0.10669582246919163,0.01822629483649507,3.6175107806921005,1.1087062992155552,0.6802454078570008,0.9047614932060242
1227776,0.0397470569005236,0.027541967283468693,3.8896893188357353,0.7305756863206625,0.07714419718831778,0.020710695476736873,3.982816696166992,1.788373589515686,0.7167921150103211,0.7603366430848837
1228800,0.07975293847266585,0.055404562735930085,3.781023032963276,0.794407069683075,0.13575993559788913,0.01877702394267544,3.529297560453415,1.2304827719926834,0.6434480175375938,0.6781399929895997
1229824,0.05420857385615818,0.03917990828631446,3.76888158172369,0.6908431798219681,0.11434379359707236,0.02008357786689885,3.79133240878582,1.4117162264883518,0.6672002421692014,0.6562840444967151
1230848,0.07519685238366947,0.037417918792925775,3.6137358769774437,0.5992207229137421,0.1420021717203781,0.017713110690237954,3.516940951347351,1.1518600285053253,0.6467301249504089,0.7729287464171648
1231872,0.04590746384928934,0.033037510758731514,3.5673549622297287,0.5031538344919682,0.11512756434967741,0.01474444952327758,3.8429551795125008,1.3266279995441437,0.593522728420794,0.5554564632475376
1232896,0.04569221497513354,0.024411065242020413,3.5144051611423492,0.5039555346593261,0.11738654121290892,0.01075707410927862,3.2520611360669136,0.8641801755875349,0.5473057301715016,0.8390658451244235
1233920,0.04779814028006513,0.02838526788400486,3.5664889588952065,0.49938089214265347,0.13704243605025113,0.010096950165461749,3.7738683000206947,1.2223368268460035,0.6161807933822274,0.45032239984720945
1234944,0.049403205659473315,0.02279549604281783,3.855823628604412,0.6954079940915108,0.11446925101336092,0.01412279752548784,3.904383897781372,1.3577887453138828,0.5233305329456925,0.5916426759213209
1235968,0.0461293735424988,0.023902666405774653,3.847419150173664,0.7403404507786036,0.08082843699958175,0.011022351798601449,3.790272183716297,1.3946340084075928,0.5509059485048056,0.7711631273850799
1236992,0.0531350234959973,0.04076290171360597,3.732794836163521,0.6430364493280649,0.08507541171275079,0.02598856290569529,3.6126491725444794,1.3532506749033928,0.6449156366288662,0.7480306271463633
1238016,0.06049621882266365,0.03358858439605683,3.641982078552246,0.6100704614073038,0.12431292131077498,0.022421083296649158,3.777222841978073,1.4229266308248043,0.5059845689684153,0.745690138079226
1239040,0.05652579576417338,0.03394156275317073,3.489759087562561,0.5068734409287572,0.1109574873407837,0.015666436695028096,3.3183601200580597,0.930591493844986,0.6874101450666785,0.8576670661568642
1240064,0.044659051913185976,0.03527706011664122,3.6629847288131714,0.7121391491964459,0.0925107299699448,0.02692178316647187,3.8705327287316322,1.5547694191336632,0.5019403798505664,0.71364975720644
1241088,0.06988664082018659,0.043288083164952695,3.8324585780501366,0.7443071994930506,0.11070439650211483,0.018196749966591597,3.851968392729759,1.466373074799776,0.6433711564168334,0.5937773985788226
1242112,0.055445549718569964,0.023614056612132117,3.704710990190506,0.592203201726079,0.09513644129037857,0.013447598816128448,3.8145697712898254,1.5985459610819817,0.5298551144078374,0.6693234518170357
1243136,0.03367668256396428,0.03002549341181293,3.830472357571125,0.7642795853316784,0.06394440989242867,0.01588439618353732,3.629108726978302,1.5263718962669373,0.7712570354342461,0.8579324968159199
1244160,0.06503347333637066,0.049572380259633064,3.7312108650803566,0.7204927857965231,0.17874952894635499,0.023090532253263518,4.08063443005085,1.8138656690716743,0.4813987398520112,0.5259658275172114
1245184,0.07295715843793005,0.04462766903452575,3.6562073826789856,0.6096056364476681,0.15187870129011571,0.02548967831535265,3.738388478755951,1.2191846035420895,0.4828759701922536,0.637955516576767
1246208,0.04305076951277442,0.030984549841377884,3.7672672048211098,0.668566707521677,0.09689603158039972,0.023003481765044853,3.6584135740995407,1.1317215766757727,0.5191670386120677,0.680370019748807
1247232,0.037944331124890596,0.04590174090117216,3.7375575453042984,0.6460427101701498,0.09988958624307998,0.04183890111744404,3.765359692275524,1.2421732358634472,0.6886937562376261,0.7744719479233027
1248256,0.07701068639289588,0.042725928651634604,3.9261686727404594,0.7798472046852112,0.15207233629189432,0.022028954845154658,4.016168184578419,1.5690972916781902,0.5120835658162832,0.5060031097382307
1249280,0.057324324996443465,0.04481770930578932,3.6822466254234314,0.5984371807426214,0.13201962923631072,0.01965748585644178,3.670362502336502,1.109085850417614,0.6730163209140301,0.5584012242034078
1250304,0.05233787416364066,0.029924206784926355,3.6141319274902344,0.5382771156728268,0.12939680484123528,0.015963229088811204,3.6674495488405228,1.0704544931650162,0.5008634990081191,0.5721045583486557
1251328,0.04891557100927457,0.043009691406041384,3.8501778841018677,0.7311068009585142,0.1146395041141659,0.02773633529432118,3.7076691687107086,1.1389608513563871,0.5482344655320048,0.6387074058875442
1252352,0.06111383164534345,0.04071806417778134,3.743421107530594,0.6844805143773556,0.10621324722887948,0.028340842865873128,3.6784865707159042,1.1151213198900223,0.6463514361530542,0.7755859652534127
1253376,0.05931366729782894,0.035166575864423066,3.724241681396961,0.6923961695283651,0.10798020107904449,0.023425087914802134,3.638619542121887,1.171326894313097,0.563650680705905,0.8005816387012601
1254400,0.04261849887552671,0.026082344353199005,3.989669904112816,0.8243463449180126,0.08501292153960094,0.01822251788689755,3.86542234569788,1.3977873027324677,0.6959021044895053,0.9486274924129248
1255424,0.0660083374241367,0.04778916377108544,3.595830410718918,0.5695598786696792,0.14357629348523915,0.03361371177015826,3.586258642375469,1.1027423460036516,0.7278591962531209,0.6834506848827004
1256448,0.05574194730434101,0.042625321075320244,3.560283400118351,0.4894645167514682,0.10692971711978316,0.027070958341937512,3.281132958829403,0.9176813997328281,0.6545721255242825,0.8114864770323038
1257472,0.04810657846974209,0.0466541494242847,3.560972109436989,0.5269024455919862,0.11166421754751354,0.0216590597119648,3.7536516711115837,1.1496679559350014,0.5492741353809834,0.5785053884610534
1258496,0.042150933528319,0.03018076508305967,3.68257699906826,0.574044456705451,0.09220674881362356,0.015008474059868604,3.5489102080464363,1.0673554986715317,0.7210864871740341,0.5873947571963072
1259520,0.07391108624869958,0.045154811698012054,3.7458591759204865,0.7753533404320478,0.07708126725628972,0.024657727597514167,3.614756718277931,1.2574104070663452,0.4783347034826875,0.5024009849876165
1260544,0.061647053400520235,0.03864092647563666,3.8024460822343826,0.727768188342452,0.12132975354325026,0.023200783267384395,3.545785568654537,1.1703404374420643,0.5696794167160988,0.5539941759780049
1261568,0.06419244519202039,0.04922820848878473,3.62287824600935,0.6091674827039242,0.1168838341254741,0.025505876983515918,3.2845788672566414,0.8043462261557579,0.545888434164226,0.64157485216856
1262592,0.0423955485020997,0.03465278906514868,3.834848567843437,0.6600148985162377,0.09562474128324538,0.016156821104232222,3.5926923751831055,1.0901899319142103,0.5336935315281153,0.60098279081285
1263616,0.054287840670440346,0.04173559823539108,3.8342274129390717,0.7305412329733372,0.08349806137266569,0.018916667613666505,3.547340549528599,1.1813998855650425,0.5491799982264638,0.701371974311769
1264640,0.08066105307079852,0.052299583214335144,3.8157427310943604,0.6908944696187973,0.08854425005847588,0.028472050616983324,3.526278644800186,1.2121580224484205,0.5674575595185161,0.8872290831059217
1265664,0.03749717395112384,0.04888270201627165,3.8119316324591637,0.7114331033080816,0.07253724744077772,0.028446385345887393,3.599054381251335,1.335985604673624,0.6958300331607461,0.8225452415645123
1266688,0.09402850037440658,0.054870726191438735,3.6580591648817062,0.6826806049793959,0.1741678211838007,0.037985420785844326,3.801176443696022,1.4042221270501614,0.6453992975875735,0.8141216738149524
1267712,0.05376631481340155,0.03481785085750744,3.6147883236408234,0.5502947196364403,0.10656028683297336,0.024032085435464978,3.293688140809536,0.9321683272719383,0.5041749784722924,0.7697276081889868
1268736,0.054637178021948785,0.02368663268862292,3.5503879711031914,0.5516503592953086,0.0852715449873358,0.011508872383274138,3.420966789126396,0.9774155374616385,0.5511401118710637,0.5184342265129089
1269760,0.05317925146664493,0.026619436917826533,3.768381677567959,0.6165005043148994,0.11370749201159924,0.011767406831495464,3.8194246143102646,1.5370631888508797,0.5373081928119063,0.6528959460556507
1270784,0.049595998832955956,0.033627663855440915,3.7047060132026672,0.6576854977756739,0.12739068001974374,0.018475491291610524,3.8388262018561363,1.3554916493594646,0.5248363623395562,0.5095593063160777
1271808,0.054686867515556514,0.03258441522484645,3.8984846472740173,0.7127152867615223,0.12094177259132266,0.015047412744024768,3.8490718454122543,1.3497919403016567,0.71009336784482,0.5688912225887179
1272832,0.05418334039859474,0.02937223098706454,4.046934947371483,0.9190451949834824,0.07224207202671096,0.02325089561054483,3.903683438897133,1.4768110774457455,0.5897491434589028,0.7907773898914456
1273856,0.07149869290878996,0.039348531572613865,3.823385678231716,0.694342702627182,0.10135463759070262,0.014170036010909826,3.5595322251319885,1.2211261726915836,0.6869243513792753,0.79468450602144
1274880,0.06563414417905733,0.03879305173177272,3.756095141172409,0.5902678277343512,0.14778926875442266,0.013073884882032871,3.80062647908926,1.4787562303245068,0.7659401232376695,0.8404650753363967
1275904,0.05535729918483412,0.030607566121034324,3.661156214773655,0.5746697559952736,0.1609904074575752,0.026173643418587744,4.1279385313391685,1.554826058447361,0.6452181991189718,0.6219127057120204
1276928,0.045988394907908514,0.024736998893786222,3.6725848242640495,0.5796935204416513,0.11317748867440969,0.012916904815938324,3.7216482013463974,1.1667008846998215,0.6061387490481138,0.6965832114219666
1277952,0.043295138981193304,0.030323790793772787,3.7411060631275177,0.7041936619207263,0.07443560216051992,0.016440673207398504,3.601174160838127,1.3513797614723444,0.47083429992198944,0.5754658747464418
1278976,0.057292516954476014,0.035710392345208675,3.7875700891017914,0.6856463458389044,0.14310236438177526,0.026990824204403907,3.80511587113142,1.495304610580206,0.4939842540770769,0.7399613689631224
1280000,0.05151324727921747,0.02405593532603234,3.6414448991417885,0.5184855703264475,0.11495818628463894,0.01646637383964844,3.9360067322850227,1.6868532784283161,0.6223570564761758,0.9941124729812145
1281024,0.04925774168805219,0.032734544831328094,3.8129230588674545,0.6715979184955359,0.10630779631901532,0.025736510811839253,3.3177931532263756,1.3131419196724892,0.6484057176858187,1.4540687408298254
1282048,0.03184695917298086,0.033381572749931365,3.9898527041077614,0.8676573764532804,0.028466551506426185,0.022572844347450882,3.8520326614379883,1.7010883800685406,0.605325042270124,0.6215989608317614
1283072,0.05066394488676451,0.0394463301054202,3.8278036266565323,0.791133651509881,0.11302553594578058,0.0258360356092453,4.137373812496662,2.039766889065504,0.7252102056518197,0.6702866880223155
1284096,0.055424355959985405,0.03881437762174755,3.544011317193508,0.5643498916178942,0.18317400175146759,0.02544998424127698,3.880938805639744,1.6827598214149475,0.5387098332867026,0.9795844415202737
1285120,0.057238591951318085,0.03807470836909488,3.8144621774554253,0.7367310486733913,0.09497493493836373,0.021986475156154484,3.8513141870498657,1.4568445645272732,0.6158090708777308,0.6296136174350977
1286144,0.05837454315042123,0.05641510593704879,3.7294959276914597,0.7899228557944298,0.13704091805266216,0.02891948673641309,3.7592028975486755,1.372459776699543,0.6872474029660225,0.8713069781661034
1287168,0.06018534587929025,0.02877806156175211,3.7321526259183884,0.6861419416964054,0.13314718892797828,0.014944014634238556,3.8324391692876816,1.3830971978604794,0.5868499483913183,0.7642001919448376
1288192,0.046453168411972,0.03512537421192974,3.6993512585759163,0.6317472569644451,0.09994250332238153,0.019006255344720557,3.569120265543461,1.153764694929123,0.6008303537964821,0.7469888748601079
1289216,0.05099233363580424,0.037527865439187735,3.678109012544155,0.5942664369940758,0.10613082052441314,0.02380287364940159,3.892951123416424,1.4687997624278069,0.6039327383041382,0.8013498019427061
1290240,0.04318350806715898,0.04156967124436051,3.6543747931718826,0.5941602494567633,0.16291103698313236,0.020101554837310687,3.8981586769223213,1.3699501603841782,0.5864231130108237,0.507616107352078
1291264,0.08288836243445985,0.048516309820115566,3.7657741382718086,0.7084975298494101,0.15618638368323445,0.02617335395189002,3.7994033694267273,1.1592886187136173,0.5744530307129025,0.5478483606129885
1292288,0.06059917873062659,0.04038512508850545,3.7263323813676834,0.6501093804836273,0.09982756737736054,0.02002922142855823,3.594387248158455,1.003486705943942,0.5387315452098846,0.473707084544003
1293312,0.04503810255846474,0.030672092689201236,3.7892814576625824,0.666441148146987,0.07718638802180067,0.01520575350150466,3.6627512723207474,1.2118326127529144,0.5982357878237963,0.558258973993361
1294336,0.04978788350126706,0.03392534173326567,3.787482686340809,0.65336755476892,0.13260901276953518,0.021408531290944666,4.099069580435753,1.654028832912445,0.572992255911231,0.5683019934222102
1295360,0.060950861749006435,0.030576636840123683,3.879134215414524,0.7471465263515711,0.15295820822939277,0.01777142204809934,4.103476032614708,1.7115637697279453,0.5042252289131284,0.5443723546341062
1296384,0.0747646953095682,0.034345336665865034,3.8190576508641243,0.6495948061347008,0.1453532672021538,0.022047537902835757,3.82316455245018,1.38447917252779,0.6742252744734287,0.8753855219110847
1297408,0.05672110302839428,0.039500982500612736,3.6369113847613335,0.578393017873168,0.1266221358673647,0.020368681784020737,3.748835504055023,1.350168902426958,0.47214876487851143,0.8528742771595716
1298432,0.05056590196909383,0.02824235614389181,3.6147618740797043,0.5280729727819562,0.058625050471164286,0.012581993272760883,3.34347752481699,1.1012200266122818,0.5388189256191254,0.740214766934514
1299456,0.0547189060744131,0.029293199884705245,3.835992380976677,0.7204483691602945,0.11282986693549901,0.015838325984077528,3.817109152674675,1.4669166915118694,0.5941023267805576,0.8540536947548389
1300480,0.04928349272813648,0.036029651877470315,3.8227049335837364,0.6932148933410645,0.10222791449632496,0.01684541132999584,3.8766224682331085,1.5116728618741035,0.6344372760504484,0.8489244906231761
1301504,0.05931207531830296,0.03675308765377849,3.609910175204277,0.5740755312144756,0.11116362467873842,0.017695961374556646,3.5378541499376297,1.195165753364563,0.6744515411555767,0.6967996070161462
1302528,0.04803079683915712,0.03319553768960759,3.629835970699787,0.5600985791534185,0.12436396483099088,0.019699344906257465,3.7130387723445892,1.3526263199746609,0.5312992790713906,0.7533654887229204
1303552,0.05215686550945975,0.05314673809334636,3.667025461792946,0.6633268725126982,0.09489939082413912,0.034493951534386724,3.723689943552017,1.3797117285430431,0.7403035620227456,0.5778504833579063
1304576,0.05407343863043934,0.037454190896824,3.6111238971352577,0.604932427406311,0.10117829489172436,0.030086123035289347,3.8999280259013176,1.371842086315155,0.5256248423829675,0.759723381139338
1305600,0.04435706717777066,0.029886294505558908,3.6311704739928246,0.5593700362369418,0.14669420779682696,0.01935474417405203,3.906842865049839,1.518261544406414,0.6242801062762737,0.6814868645742536
1306624,0.0432900816667825,0.03448298916919157,3.647244520485401,0.5744466688483953,0.1235411269008182,0.019533521262928843,3.835172399878502,1.356965061277151,0.5682267220690846,0.641272934153676
1307648,0.06467667844844982,0.04517936136107892,3.6607308760285378,0.6120640411973,0.1255032728658989,0.022259431600105017,3.5512524470686913,1.0732923652976751,0.5632584057748318,0.5842225216329098
1308672,0.04378388405893929,0.03031331580132246,3.57843379676342,0.5169439725577831,0.0955071731004864,0.014484839892247692,3.6737927570939064,1.2220000233501196,0.6220972435548902,0.7847467167302966
1309696,0.054462460277136415,0.02840679866494611,3.595597743988037,0.49609736911952496,0.10239830031059682,0.011312884016660973,3.714323252439499,1.2610181644558907,0.5965282171964645,0.5338169215247035
1310720,0.045617522177053615,0.035367785254493356,3.745682567358017,0.6081551499664783,0.08971229719463736,0.017660077312029898,3.8262663185596466,1.4124745354056358,0.5287360679358244,0.680738260038197
1311744,0.06007679665344767,0.04063267901074141,3.754088342189789,0.6395117919892073,0.079466474999208,0.02234265801962465,3.669227786362171,1.2500994093716145,0.6361870002001524,0.6537181632593274
1312768,0.05541623485623859,0.06956406636163592,3.567861318588257,0.5452651176601648,0.09859790414338931,0.02292591566219926,3.2826028540730476,0.9735404830425978,0.7425559414550662,0.8034107079729438
1313792,0.04788168898085132,0.05367796216160059,3.6233548671007156,0.558122593909502,0.07956382285919972,0.0274392866413109,3.422739155590534,1.10246229916811,0.7251298800110817,0.7671962603926659
1314816,0.06333364051533863,0.04409786907490343,3.673253796994686,0.6206647735089064,0.09635207417886704,0.029741239151917398,3.6942874267697334,1.265986118465662,0.54099808819592,0.7919010054320097
1315840,0.04494141836767085,0.027144855412188917,3.760950669646263,0.720065776258707,0.09332165168598294,0.015260448068147525,3.700625143945217,1.7038842402398586,0.616948714479804,0.8286763289943337
1316864,0.04676230727636721,0.03424945694860071,3.694641701877117,0.6322720516473055,0.15423433645628393,0.019437310489593074,3.6919858902692795,1.4829723238945007,0.4971147933974862,0.8586504505947232
1317888,0.054096561812912114,0.03344669961370528,3.818097211420536,0.679714048281312,0.06902178926975466,0.022117612621514127,3.655373841524124,1.5367267578840256,0.5071714147925377,0.7812957176938653
1318912,0.05205094150733203,0.03023979754652828,3.773696966469288,0.6180102471262217,0.11318852484691888,0.01970419308054261,3.6444929391145706,1.5144920460879803,0.5006547309458256,0.9695182451978326
1319936,0.05480768674169667,0.030174862302374095,3.780638188123703,0.6395477447658777,0.14483435358852148,0.01851334862294607,3.7542384192347527,1.4911436550319195,0.5227616159245372,0.9171794392168522
1320960,0.053922150196740404,0.024294968170579523,3.5862694308161736,0.5078388964757323,0.1200447840965353,0.014507382962619886,3.5724260360002518,1.2902777418494225,0.5858898526057601,0.9025456979870796
1321984,0.05379053462820593,0.028147727251052856,3.6887869462370872,0.6001792084425688,0.0832939297251869,0.014025091048097238,3.6982953548431396,1.1706027910113335,0.550471244379878,0.745654528029263
1323008,0.04429735365556553,0.03147116274340078,3.619060292840004,0.5996709074825048,0.13239563489332795,0.02065073567791842,3.9362784922122955,1.6064459905028343,0.6336397333070636,0.6885240217670798
1324032,0.03636277819168754,0.04153139120899141,3.8609857484698296,0.7358428295701742,0.10804509080480784,0.03119444561889395,3.97561826556921,1.734060738235712,0.683838308788836,0.8653149446472526
1325056,0.043610155320493504,0.037959728098940104,3.846257448196411,0.7411325350403786,0.09398416039766744,0.029329676122870296,3.6978906095027924,1.4147232584655285,0.607341717928648,0.9967746641486883
1326080,0.05786623011226766,0.05155516532249749,3.774367868900299,0.6975159831345081,0.10881835100008175,0.027775284193921834,3.76762256026268,1.3746615275740623,0.6418324522674084,0.9160359632223845
1327104,0.03982021565025207,0.03883483121171594,3.7137397825717926,0.6906751338392496,0.11208836728474125,0.02183223335305229,3.642012171447277,1.26893912255764,0.5611628722399473,0.7786336420103908
1328128,0.057918291131500155,0.042591056670062244,3.6694820672273636,0.6101153865456581,0.12180476964567788,0.026741816895082593,3.7949526086449623,1.4060339778661728,0.6207263646647334,0.8941846657544374
1329152,0.05872702531632967,0.026714519248344004,3.739821247756481,0.6125206127762794,0.14428308448987082,0.016271624626824632,3.7136912867426872,1.3415417224168777,0.6044270703569055,0.8559262054041028
1330176,0.05145137177896686,0.023455538088455796,3.8617686554789543,0.7292262855917215,0.09283073636470363,0.011816246740636416,3.392099618911743,1.0549873523414135,0.5833821017295122,0.6440855702385306
1331200,0.0539885254111141,0.04886764520779252,3.5753431916236877,0.5881648333743215,0.10569554346147925,0.021377508557634428,3.819467395544052,1.468725997954607,0.6881101066246629,0.6728874109685421
1332224,0.04457047284813598,0.033091187477111816,3.7476977109909058,0.6642713472247124,0.07772354641929269,0.025134364346740767,3.672269105911255,1.602463435381651,0.5351306423544884,0.6656630476936698
1333248,0.04453172325156629,0.035870762541890144,3.791632242500782,0.7253003194928169,0.13505998288746923,0.0332772855181247,3.931812532246113,1.7441075220704079,0.5407306775450706,0.7461546119302511
1334272,0.07821889432671014,0.045338247320614755,3.729143649339676,0.7030202131718397,0.14886295516043901,0.02817970170872286,3.729841358959675,1.6176574006676674,0.6325446888804436,0.7193872425705194
1335296,0.06075905275065452,0.04024625918827951,3.6693214401602745,0.629565168172121,0.10858937405282632,0.02352767117554322,3.6838209331035614,1.3985443077981472,0.5663639353588223,0.6746150581166148
1336320,0.05129958799807355,0.05129125074017793,3.7033974081277847,0.6969266626983881,0.11750894252327271,0.030719587579369545,3.7444798573851585,1.3141208961606026,0.548839520663023,0.7036902410909534
1337344,0.05511716433102265,0.039714843151159585,3.7001605927944183,0.6205003168433905,0.12097165896557271,0.02780881291255355,3.854817681014538,1.387898724526167,0.5617523146793246,0.7057901276275516
1338368,0.051038986595813185,0.03154714370612055,3.551171436905861,0.5067567098885775,0.08290237947949208,0.015714841283624992,3.4246801659464836,1.15643454156816,0.6037310278043151,0.7776367422193289
1339392,0.04880058782873675,0.04091521771624684,3.6666747331619263,0.5994072463363409,0.08413472684333101,0.01838401227723807,3.7035892754793167,1.3522414863109589,0.5184296621009707,0.6416246388107538
1340416,0.05110299470834434,0.032124510093126446,3.8792206794023514,0.7134943008422852,0.0733590042218566,0.023989306995645165,3.8751741275191307,1.7776553630828857,0.5439039524644613,0.8824975863099098
1341440,0.045596238516736776,0.03670433763181791,3.783860519528389,0.6532681286334991,0.0948089249432087,0.01934518342022784,3.9573035314679146,2.1029205694794655,0.6609711302444339,0.6229381784796715
1342464,0.05266276601469144,0.03379486018093303,3.808740735054016,0.6933942753821611,0.14637344796210527,0.02637023094575852,3.996341660618782,2.0967142395675182,0.7707198234274983,0.6175164869055152
1343488,0.06022224685875699,0.04019487288314849,3.551334999501705,0.6358783133327961,0.13049253157805651,0.02468719257740304,3.789908118546009,1.5073591955006123,0.5707432553172112,0.544686115346849
1344512,0.06426675146212801,0.03392430447274819,3.716456316411495,0.6840264797210693,0.11483157076872885,0.018130430456949398,3.4240288138389587,1.1321768872439861,0.5638535274192691,0.6149101629853249
1345536,0.03699952602619305,0.04202968470053747,3.8926373720169067,0.7908403892070055,0.07064626028295606,0.028770476987119764,3.862970605492592,1.7853026278316975,0.6594057930633426,0.664780774153769
1346560,0.06674743961775675,0.035080177418421954,3.794443130493164,0.7084271069616079,0.10605398833286017,0.024387252575252205,3.5074899196624756,1.3067073337733746,0.6255540382117033,0.725003900937736
1347584,0.06793920884956606,0.04139662580564618,3.764209359884262,0.6828621532768011,0.11378183131455444,0.01805378479184583,3.352871708571911,1.0613054987043142,0.6473127203062177,0.657322165556252
1348608,0.06285947191645391,0.03821157704805955,3.697051763534546,0.6869822088629007,0.13381374848540872,0.026949903462082148,3.565021239221096,1.2914516553282738,0.4711972177028656,0.6945764692500234
1349632,0.04583284101681784,0.029966247151605785,3.7421427443623543,0.5918247681111097,0.11534602081519552,0.019979678792878985,3.780843712389469,1.430136289447546,0.5497114975005388,0.7166387876495719
1350656,0.057637105288449675,0.04192371532553807,3.6183268800377846,0.6117134410887957,0.11057663641986437,0.028712626430206,3.745347559452057,1.2158058770000935,0.6278304485604167,0.760867128148675
1351680,0.06890006488538347,0.023609868774656206,3.917757660150528,0.801722664386034,0.12131099624093622,0.023589745891513303,3.7156342193484306,1.2835166566073895,0.6235758308321238,0.866532881744206
1352704,0.07456284028012305,0.0422770653385669,3.6390833109617233,0.5791928973048925,0.1094169121934101,0.0312413873616606,3.6413645669817924,1.3207596354186535,0.7135264631360769,0.727460341528058
1353728,0.048842644871911034,0.031257848197128624,3.479638621211052,0.4629120333120227,0.1549180201254785,0.013938244053861126,3.7500607818365097,1.4047850333154202,0.603817792609334,0.7007566532120109
1354752,0.0474630854150746,0.03388949384680018,3.850726693868637,0.6872048359364271,0.07617565235705115,0.024753657256951556,3.7549324557185173,1.3785593919456005,0.5090867402032018,0.6266944874078035
1355776,0.06384090945357457,0.03090852068271488,3.907879576086998,0.8118194602429867,0.10440530476626009,0.01676657606731169,3.7543810456991196,1.2339590042829514,0.5235005598515272,0.6625135503709316
1356800,0.04277623788220808,0.03928327717585489,3.852325327694416,0.7361930385231972,0.07163726340513676,0.020234946627169847,3.4720021933317184,1.2311362624168396,0.6495054895058274,0.7700705491006374
1357824,0.07700587686849758,0.03781098872423172,3.8836212903261185,0.8151014875620604,0.06881485247868113,0.025990577472839504,3.491949461400509,1.2854989785701036,0.6783497491851449,0.8190782060846686
1358848,0.061041477194521576,0.05825847201049328,3.965123660862446,0.8420364763587713,0.13148774107685313,0.02971062035067007,3.832006685435772,1.5542374923825264,0.8666846100240946,0.7137131560593843
1359872,0.06149791317875497,0.04519552458077669,3.63659805059433,0.60256751999259,0.10736009478569031,0.017050070164259523,3.711667411029339,1.491677898913622,0.6620755335316062,0.6964553892612457
1360896,0.05544117421959527,0.03566302836406976,3.721146747469902,0.6378958523273468,0.16213269135914743,0.017041802522726357,4.0901966243982315,1.6959882378578186,0.6380007872357965,0.6535190027207136
1361920,0.05240781129396055,0.031580064562149346,3.6562843173742294,0.5912474673241377,0.1172384464298375,0.0199817908287514,3.737014263868332,1.3393960036337376,0.7128294790163636,0.673806426115334
1362944,0.05105963643291034,0.024594978371169418,3.540555566549301,0.4958342481404543,0.1361155451158993,0.01578301197150722,3.7398000434041023,1.3938450664281845,0.7319384356960654,0.7301306435838342
1363968,0.05355790088651702,0.029452465067151934,3.7468096762895584,0.6321103870868683,0.0680611603311263,0.014157583587802947,3.71855815500021,1.3603163585066795,0.5786487981677055,0.7420022431761026
1364992,0.04616972844814882,0.028808462026063353,3.707292564213276,0.6309683099389076,0.10628695588093251,0.012993201817153022,3.6919351369142532,1.498060703277588,0.5746436016634107,0.7165823569521308
1366016,0.06328117602970451,0.042663791216909885,3.6738343462347984,0.5584345133975148,0.17790997866541147,0.016932185128098354,4.055041752755642,1.761915896087885,0.6971449190750718,0.813183045014739
1367040,0.04951533384155482,0.04203497269190848,3.6536387279629707,0.5684337187558413,0.14333957573398948,0.01680247689364478,3.887922003865242,1.4895011857151985,0.6508191423490644,0.5718689877539873
1368064,0.05058485778863542,0.03518393274862319,3.6867278292775154,0.5828203745186329,0.08516996569233015,0.017346902488498017,3.750212751328945,1.2694206088781357,0.7101538721472025,0.6707314308732748
1369088,0.05976521028787829,0.04420013283379376,3.574967086315155,0.6437041498720646,0.1253051303792745,0.03299309080466628,3.4216723814606667,1.1022722404450178,0.6538723194971681,0.8034835318103433
1370112,0.05375523818656802,0.029733247705735266,3.8990047723054886,0.7430872339755297,0.12515003664884716,0.016446575638838112,3.9300118908286095,1.5860494524240494,0.684214262291789,0.7914017122238874
1371136,0.051627281529363245,0.031056025996804237,3.9558027908205986,0.7578434776514769,0.11194805760169402,0.01609811928938143,3.5791468918323517,1.1842523962259293,0.5932958973571658,0.9215433141216636
1372160,0.07185086207755376,0.03371974464971572,3.7612899020314217,0.6493903379887342,0.1375811850593891,0.016454224154585972,3.828881174325943,1.3853221014142036,0.7136200703680515,0.6459311107173562
1373184,0.06796632055193186,0.03232511063106358,3.6740167513489723,0.6347281038761139,0.04222714182105847,0.01853143746848218,3.4038361608982086,1.128176685422659,0.6084623606875539,0.6709779063239694
1374208,0.027708333247574046,0.033533820300363004,3.8574201464653015,0.7669437099248171,0.11660731624579057,0.02275869861477986,3.965274527668953,1.5364926308393478,0.6889290474355221,0.7663178909569979
1375232,0.0741678215272259,0.043935408466495574,3.7265312299132347,0.6184609420597553,0.18053244054317474,0.01717676076805219,3.864274837076664,1.4246248044073582,0.7341756662353873,0.6385344341397285
1376256,0.05252191868930822,0.03132776718121022,3.476239077746868,0.5105094062164426,0.11726161022670567,0.013702788841328584,3.7203016504645348,1.12022534199059,0.7163635464385152,0.6668585268780589
1377280,0.04853457096032798,0.026758443447761238,3.6615994349122047,0.5667449748143554,0.15912278438918293,0.014410862379008904,3.9226483330130577,1.3906248323619366,0.6460284721106291,0.8481466080993414
1378304,0.057692507369210944,0.02806362707633525,3.631398968398571,0.5511175896972418,0.1317852974170819,0.01288073492469266,3.8875656500458717,1.4016530215740204,0.5645581958815455,0.7061567716300488
1379328,0.06495137908495963,0.03870972275035456,3.7216813936829567,0.631247341632843,0.11233147990424186,0.016678089392371476,3.8039034232497215,1.4471355639398098,0.5455765184015036,0.5143948681652546
1380352,0.06344969689962454,0.031642161193303764,3.770075649023056,0.7011400461196899,0.11156139429658651,0.0142131962638814,3.746278263628483,1.3203621879220009,0.4771993178874254,0.6063397713005543
1381376,0.07686271145939827,0.0421771474648267,3.7538378089666367,0.7191361542791128,0.13064606770058163,0.019925648492062464,3.6452023088932037,1.176370408385992,0.47689388785511255,0.6418804340064526
1382400,0.043702858994947746,0.029343139787670225,3.7996367663145065,0.6756773293018341,0.09337358444463462,0.014751701601198874,3.71451149135828,1.3072410747408867,0.6216139327734709,0.7313466528430581
1383424,0.06395977971260436,0.03553274238947779,3.6275613382458687,0.5800463762134314,0.12099576275795698,0.020549600798403844,3.676316387951374,1.2327758818864822,0.5872020395472646,0.7326577063649893
1384448,0.038484970697027165,0.021677819197066128,3.6731314435601234,0.6072630286216736,0.09887660265667364,0.014354209008160979,3.5261324793100357,1.19399980828166,0.4784684795886278,0.6737207416445017
1385472,0.06302980420878157,0.0361846755258739,3.823168531060219,0.68791832216084,0.14035142806824297,0.01584172318689525,3.7388241961598396,1.195692926645279,0.5771173499524593,0.6409857198596001
1386496,0.06180699000833556,0.03756492445245385,3.6408301666378975,0.5992665402591228,0.16291604819707572,0.022895669797435403,3.9684531465172768,1.423515174537897,0.5482996869832277,0.6281900275498629
1387520,0.0710147384670563,0.030379230447579175,3.848925895988941,0.7689984943717718,0.12054666364565492,0.01886963046854362,3.617691583931446,1.128097603097558,0.5181613964959979,0.6446233913302422
1388544,0.0415140061522834,0.024534470576327294,3.577884465456009,0.520426893606782,0.0946904739830643,0.01154656549624633,3.6437930911779404,1.2590336706489325,0.6263132318854332,0.635585006326437
1389568,0.043887263658689335,0.047944571007974446,3.6558921486139297,0.5554430410265923,0.10494679806288332,0.03074468905106187,3.7232296764850616,1.215051457285881,0.6994789279997349,0.8175838682800531
1390592,0.06818826732342131,0.03907223051646724,3.790043458342552,0.6515971980988979,0.07557199086295441,0.033333678904455155,3.7862481474876404,1.4061388708651066,0.5686499467119575,0.8508229674771428
1391616,0.05924667915678583,0.02985305734910071,3.5803905725479126,0.5387534461915493,0.12551767728291452,0.01847213733708486,3.6318649500608444,1.2184705305844545,0.5663021216169,0.7713196203112602
1392640,0.04829923054785468,0.03725978051079437,3.562642514705658,0.5120823094621301,0.09910338476765901,0.0257658053888008,3.5970692336559296,1.1613699570298195,0.5899954615160823,0.7081675361841917
1393664,0.058902467135339975,0.03318126319209114,3.5955109894275665,0.5685563497245312,0.13829509273637086,0.015312096540583298,3.626965306699276,1.1097224671393633,0.6419866336509585,0.5533930361270905
1394688,0.046576972847105935,0.043050899577792734,3.637526534497738,0.5996494693681598,0.09068780025700107,0.026793888304382563,3.8864725902676582,1.4941817373037338,0.5733605930581689,0.6690359469503164
1395712,0.07244832857395522,0.05551305378321558,3.673299662768841,0.6235241331160069,0.08347017841879278,0.027478920586872846,3.4383876621723175,1.1162022147327662,0.6116586932912469,0.9484129585325718
1396736,0.0422663413482951,0.029820248775649816,3.8642543330788612,0.7272047027945518,0.0947573747835122,0.01518904505064711,4.0919362753629684,1.8814491257071495,0.5754722142592072,0.583732670173049
1397760,0.08072558685671538,0.040227718534879386,3.870590791106224,0.7715154141187668,0.12628942902665585,0.01915029893280007,3.849163271486759,1.5318309627473354,0.7097751777619123,0.7248936295509338
1398784,0.07830072147771716,0.029060270986519754,3.6566696912050247,0.637262649834156,0.13480576954316348,0.023469055478926748,3.5811699852347374,1.3255431465804577,0.7061450704932213,0.8640048019587994
1399808,0.04834915717947297,0.029725149739533663,3.7280212342739105,0.574920492246747,0.1120902975089848,0.018719678017077968,3.8511070236563683,1.4947435297071934,0.6898897457867861,0.7670160168781877
1400832,0.04896793107036501,0.0426934314891696,3.765133000910282,0.6237654574215412,0.1319236196577549,0.015479127381695434,3.6007008254528046,1.1953908950090408,0.6655364688485861,0.6688874717801809
1401856,0.02992555966193322,0.056621387717314065,3.7490135356783867,0.6424713730812073,0.08114854921586812,0.02320826778304763,3.6543287560343742,1.2865583933889866,0.7675215909257531,0.7403765777125955
1402880,0.06494731594284531,0.041564331913832575,3.5791243091225624,0.5787386819720268,0.1387842244002968,0.02566046713036485,3.9355990812182426,1.6549664549529552,0.5308417221531272,0.6763119148090482
1403904,0.05164113157661632,0.03691849409369752,3.786759376525879,0.6262808721512556,0.10614650847855955,0.02003937543486245,3.743244171142578,1.3505259864032269,0.5288023371249437,0.6391471661627293
1404928,0.04560288693755865,0.030493545054923743,3.6565941497683525,0.6313413605093956,0.11012501653749496,0.01964289604802616,3.4953904896974564,1.0755113661289215,0.673337078653276,0.5739345056936145
1405952,0.05979572996147908,0.027139871555846184,3.626504570245743,0.5378634268417954,0.09886210600961931,0.016549583931919187,3.2611002549529076,1.2054619863629341,0.5793274473398924,0.9704051930457354
1406976,0.03459073383419309,0.03908828453859314,3.739917829632759,0.6639021504670382,0.08709246898069978,0.014067776151932776,3.7995622530579567,1.4570519179105759,0.6986948363482952,0.6946292584761977
1408000,0.06695355422561988,0.036360885424073786,3.610009491443634,0.6459921114146709,0.1614885648014024,0.01907637107069604,3.675144962966442,1.3768852949142456,0.6181536139920354,0.8650999367237091
1409024,0.06114489783067256,0.02264721499523148,3.668230839073658,0.5453319745138288,0.04965349135454744,0.012433246563887224,3.261063016951084,1.1854289378970861,0.6488427203148603,1.1044844323769212
1410048,0.06601057780790143,0.05084852618165314,3.833985887467861,0.7322594039142132,0.12271310394862667,0.02776582643855363,3.4616935402154922,1.011556288227439,0.5207923892885447,0.7057156702503562
1411072,0.04895708343246952,0.031607394688762724,3.6947186812758446,0.6362541206181049,0.09910833393223584,0.02091201185248792,3.676187500357628,1.156072087585926,0.550324734300375,0.6563399480655789
1412096,0.05529216644936241,0.029443818028084934,3.664676643908024,0.5429052524268627,0.092987640586216,0.01395469918497838,3.5448606088757515,1.3306794129312038,0.5011272244155407,0.8326459089294076
1413120,0.036568675583112054,0.041257805889472365,3.7051934599876404,0.5253494596108794,0.10899198753759265,0.022388783720089123,3.889157235622406,1.8486399091780186,0.7402536869049072,0.6332883974537253
1414144,0.0587988534825854,0.036086742707993835,3.8305729627609253,0.7144938874989748,0.1066224086098373,0.02021569266798906,3.4217496886849403,1.2155266776680946,0.43958855234086514,0.7970131020992994
1415168,0.056782762898365036,0.039763860986568034,3.8366457894444466,0.7476415745913982,0.12407113728113472,0.02908768580527976,3.964655578136444,1.688126415014267,0.614521861076355,0.7373990043997765
1416192,0.06314512860262766,0.0674003956373781,3.7280237674713135,0.741310553625226,0.10360348215908743,0.0342454316560179,3.7923190370202065,1.3533083237707615,0.6715835016220808,0.6340404329821467
1417216,0.05723711953032762,0.027263112016953528,3.73420512676239,0.646447928622365,0.13518304825993255,0.013306566688697785,3.9759978652000427,1.5633377097547054,0.5087055955082178,0.616083562374115
1418240,0.048379939718870446,0.034530971315689385,3.772218771278858,0.6059827543795109,0.11909401824232191,0.019093244161922485,3.8810027092695236,1.5193797834217548,0.7645841520279646,0.7639636090025306
1419264,0.06819671031553298,0.050667922070715576,3.8383429870009422,0.6988009382039309,0.11185276979813352,0.02555090846726671,3.778318092226982,1.428473986685276,0.5256656082347035,0.6083473572507501
1420288,0.04304940384463407,0.03132003970677033,3.8773146718740463,0.7559831663966179,0.07152634955127724,0.021816858992679045,3.7671221420168877,1.3876630067825317,0.6099185207858682,0.7530397959053516
1421312,0.06734985596267506,0.027584081515669823,3.833790570497513,0.6843789983540773,0.10312836070079356,0.01388582235085778,4.07513403147459,1.6529182344675064,0.5118735823780298,0.6068016523495317
1422336,0.051896876393584535,0.04132412874605507,3.667128272354603,0.6349560171365738,0.11613241722807288,0.02658512518974021,3.7686522230505943,1.4457901939749718,0.5741041759029031,0.5838779369369149
1423360,0.060560999845620245,0.023382308601867408,3.6785517632961273,0.5634619016200304,0.14276088029146194,0.01438908465206623,3.9853569716215134,1.6344193741679192,0.36019110679626465,0.5672403583303094
1424384,0.05859958865039516,0.030349833017680794,3.6390125080943108,0.6275759004056454,0.15553099976386875,0.012732052011415362,4.09530682861805,1.475188996642828,0.5392159018665552,0.5207922793924809
1425408,0.0702805082546547,0.027787285449448973,3.6878040432929993,0.6799092907458544,0.13845593621954322,0.013086613224004395,3.7239533439278603,1.195833709090948,0.4519373942166567,0.5083414018154144
1426432,0.050449239410227165,0.024572680587880313,3.6143748611211777,0.6119854468852282,0.06723373162094504,0.007515668279665988,3.468240901827812,1.0637772884219885,0.48354605212807655,0.4427830036729574
1427456,0.050140149163780734,0.03280960471602157,3.751406706869602,0.596359733492136,0.10580071932054125,0.014487239095615223,3.8003522157669067,1.297285359352827,0.5360909951850772,0.5820416994392872
1428480,0.047486483497777954,0.02724374976241961,3.677157774567604,0.5476926490664482,0.11987738183233887,0.014278904360253364,3.8233326748013496,1.2968497574329376,0.5809801816940308,0.7251098854467273
1429504,0.06325709549128078,0.034213121223729104,3.6676856353878975,0.6344675831496716,0.10352126974612474,0.024678890011273324,3.632500857114792,1.1620475985109806,0.5789386043325067,0.7438730448484421
1430528,0.06192895059939474,0.03156556002795696,3.701341100037098,0.560911163687706,0.12102807394694537,0.018576466740341857,3.926472559571266,1.4546425566077232,0.4357867259532213,0.5366099150851369
1431552,0.049312468589050695,0.03135032585123554,3.8090916499495506,0.6522703357040882,0.07278540049446747,0.01521905412664637,3.6756593883037567,1.4125705286860466,0.6542719323188066,0.7054007407277822
1432576,0.04460573571850546,0.03397176071302965,3.836881324648857,0.6830987464636564,0.053589391653076746,0.023785945464624092,3.543946087360382,1.5324649512767792,0.6250527771189809,0.9335714587941766
1433600,0.05565498280338943,0.03289612551452592,3.827155776321888,0.7026612013578415,0.1212262719636783,0.017630542017286643,3.7862477526068687,1.50454356148839,0.6470042560249567,0.8437405098229647
1434624,0.06599154442665167,0.0480764105450362,3.6479362323880196,0.6595986373722553,0.1098373657441698,0.026488550240173936,3.5497708171606064,1.116093611344695,0.7325802929699421,0.7412777496501803
1435648,0.05983026113244705,0.031120684288907796,3.6471705213189125,0.6074955854564905,0.08616046205861494,0.01875249744625762,3.8500563874840736,1.4372917599976063,0.7233782587572932,0.6838642591610551
1436672,0.057305040245410055,0.035067883029114455,3.7278519347310066,0.6571951638907194,0.1250930584501475,0.022549970221007243,3.9281900972127914,1.5203093588352203,0.526887945830822,0.574848148971796
1437696,0.05461354700673837,0.032492509635630995,3.7191214710474014,0.5754840672016144,0.14444388696574606,0.016130122618051246,3.855657786130905,1.4436180479824543,0.5697387922555208,0.5661459974944592
1438720,0.04956590197980404,0.02583902986953035,3.667256534099579,0.5467731570824981,0.11025067901937291,0.017919429956236854,3.6911498308181763,1.1447397395968437,0.5218575838953257,0.6660061506554484
1439744,0.07422001074883156,0.02888659352902323,3.7024413496255875,0.6680725496262312,0.10479708918137476,0.01031530211912468,3.5182871595025063,1.0435815416276455,0.5354997059330344,0.7233836036175489
1440768,0.04600528732407838,0.043496277183294296,3.758318729698658,0.6380008403211832,0.07797439908608794,0.01945354073541239,3.8592624589800835,1.4965618327260017,0.6604667538776994,0.7483219746500254
1441792,0.03705922717927024,0.04232964711263776,3.6845952942967415,0.6652485895901918,0.09657891519600525,0.024302926001837477,3.7737648338079453,1.421156283468008,0.8429138464853168,0.7239863565191627
1442816,0.05534342545433901,0.03712248080410063,3.870512530207634,0.6752182357013226,0.1429750007810071,0.011820386338513345,3.9534861892461777,1.7281303517520428,0.5656597390770912,0.6529071107506752
1443840,0.06505019146425184,0.03307402884820476,3.577680893242359,0.5435543842613697,0.12244005966931581,0.014592163264751434,3.3478517085313797,1.1191988736391068,0.981678887270391,0.7214677846059203
1444864,0.04329588223481551,0.037024101649876684,3.4551217406988144,0.4765960155054927,0.09846657479647547,0.023116775962989777,3.7349919825792313,1.2939497269690037,0.8022641316056252,0.8544359989464283
1445888,0.05231766030192375,0.05346989817917347,3.5199156031012535,0.5709137339144945,0.09475838980870321,0.023619872226845473,3.897046409547329,1.4518068544566631,0.6498832711949944,0.6448398558422923
1446912,0.07533983327448368,0.040741025120951235,3.7258776053786278,0.7131351232528687,0.1444335385458544,0.019251157849794254,3.860666699707508,1.4407081343233585,0.5968977576121688,0.6280949721112847
1447936,0.052301582210930064,0.038102551363408566,3.5793773978948593,0.5139654641970992,0.09933553809241857,0.014204079081537202,3.920057661831379,1.5795908980071545,0.6308441888540983,0.9006527056917548
1448960,0.048509464046219364,0.025019653665367514,3.7151291742920876,0.5623733382672071,0.10109944752184674,0.01322512210754212,3.9060766771435738,1.5426479689776897,0.5847275340929627,0.6712052533403039
1449984,0.05682603153400123,0.03044870193116367,3.605039581656456,0.5387029377743602,0.13754390412941575,0.013932914793258533,3.64210794121027,1.2305323854088783,0.7234394000843167,0.8685278920456767
1451008,0.04444151377538219,0.02164423937210813,3.6265000849962234,0.563023405149579,0.09534989448729903,0.01280929462518543,3.4146279767155647,1.059097245335579,0.46241340320557356,0.7810802282765508
1452032,0.06315288439509459,0.03512324008625001,3.6767470836639404,0.5448630889877677,0.10150976368458942,0.01552915143838618,3.867801897227764,1.5414205268025398,0.6004358315840364,0.5711323120631278
1453056,0.05291222070809454,0.050930159515701234,3.7385668829083443,0.746244614943862,0.09916095685912296,0.028361229837173596,3.7992095202207565,1.4964750409126282,0.5666819522157311,0.5379765154793859
1454080,0.046976048295618966,0.03579467727104202,3.763053521513939,0.6820733603090048,0.11841512098908424,0.01694203424267471,3.715608410537243,1.55433489382267,0.5875976616516709,0.5439846822991967
1455104,0.08070409219362773,0.0317691097734496,3.872094787657261,0.775091739371419,0.14143953326856717,0.01694156031589955,3.9079505279660225,1.5913585722446442,0.5978481769561768,0.4397921795025468
1456128,0.0645445065893,0.042198011884465814,3.7641941234469414,0.733385881409049,0.0837875961442478,0.0212154459732119,3.7569730654358864,1.3432959020137787,0.6573402648791671,0.6569520998746157
1457152,0.08018473110860214,0.0365947064710781,3.716086596250534,0.6793489176779985,0.15244136308319867,0.016093281446956098,3.8849820867180824,1.4823796190321445,0.45266016107052565,0.4652832066640258
1458176,0.04224305771640502,0.04627538251224905,3.906599283218384,0.7776123732328415,0.09807954504503869,0.022699523949995637,3.7620465829968452,1.2413472682237625,0.8854047460481524,0.6304771741852164
1459200,0.05406954270438291,0.04042807570658624,3.656291112303734,0.6358318123966455,0.12552031537052244,0.026798235077876598,3.8544067591428757,1.4220790527760983,0.7447431450709701,0.579955373890698
1460224,0.065399048558902,0.03297530428972095,3.784213624894619,0.6794693637639284,0.17184660327620804,0.01956915541086346,4.1001157239079475,1.5520728826522827,0.5573890637606382,0.43158647138625383
1461248,0.05072042069514282,0.03847733500879258,3.7207894697785378,0.6010226793587208,0.10024945985060185,0.026736808533314615,3.5943410396575928,1.0512336697429419,0.5819971626624465,0.5041890125721693
1462272,0.045931790038594045,0.034994576300960034,3.764205828309059,0.6436180006712675,0.10928933718241751,0.02290218957932666,3.6988458037376404,1.1501931250095367,0.737612116150558,0.5791816720739007
1463296,0.05895600155054126,0.035706577356904745,3.636960543692112,0.5621240008622408,0.12362760119140148,0.019956502481363714,3.7654854878783226,1.2288467586040497,0.5156303774565458,0.5133845685049891
1464320,0.055539850596687756,0.032258243940304965,3.766803041100502,0.6387279946357012,0.12152319704182446,0.01609649063902907,3.7853421792387962,1.3011760488152504,0.6050973813980818,0.3961982661858201
1465344,0.06924736814107746,0.04445917042903602,3.5713704004883766,0.5845118146389723,0.1702867413405329,0.025138126977253705,3.843400850892067,1.4149291180074215,0.5986195066943765,0.4285997971892357
1466368,0.05159710074076429,0.02677717141341418,3.4702983051538467,0.48034093994647264,0.13683904171921313,0.01414293478592299,3.8801873177289963,1.21785356849432,0.5421200916171074,0.47871063090860844
1467392,0.038214105006773025,0.027861993003170937,3.722146525979042,0.5404885690659285,0.09624632679333445,0.011444688294432126,3.6771921887993813,1.071770079433918,0.6017213417217135,0.5538671035319567
1468416,0.044841354712843895,0.05329983215779066,3.6820386350154877,0.5666734669357538,0.09344764531124383,0.02414932131068781,3.6092962995171547,1.092740673571825,0.5790894404053688,0.7354901898652315
1469440,0.064400318718981,0.04246882407460362,3.636555105447769,0.5340614318847656,0.11054005025653169,0.014215544681064785,3.5896729454398155,1.2158312238752842,0.5498896855860949,0.6603825679048896
1470464,0.0579087516234722,0.04086438310332596,3.759171210229397,0.6444993279874325,0.06709936959668994,0.02410962898284197,3.5359970182180405,1.1874617543071508,0.582404738292098,0.6273335237056017
1471488,0.04950106123578735,0.043314404669217765,3.6759259030222893,0.6365521550178528,0.08134010585490614,0.023156321287387982,3.706808976829052,1.4630927667021751,0.7262363461777568,0.6373605551198125
1472512,0.06261952695786022,0.04026619635988027,3.5465691834688187,0.5231105256825686,0.13340652571059763,0.023898120067315176,3.9179487824440002,1.7638489753007889,0.555539638735354,0.6119515635073185
1473536,0.0359263485588599,0.03866678150370717,3.7163121923804283,0.5845839744433761,0.05247881973627955,0.03303645458072424,3.6542500108480453,1.435729756951332,0.6650324147194624,0.7822857582941651
1474560,0.0655690276180394,0.045218095066957176,3.830798849463463,0.6876933891326189,0.10148996289353818,0.03364966536173597,3.9190645962953568,1.6262301690876484,0.6312094265595078,0.7136928252875805
1475584,0.07355418405495584,0.050414246739819646,3.7403482869267464,0.6596042905002832,0.10587392112938687,0.029986413603182882,3.7085072472691536,1.3134682774543762,0.5330898687243462,0.7756045516580343
1476608,0.055251742160180584,0.026903582154773176,3.676925927400589,0.5520653054118156,0.0644134606118314,0.01725774587248452,3.8663824796676636,1.557883609086275,0.49574331752955914,0.6360576190054417
1477632,0.04007922920573037,0.0368237451184541,3.716924048960209,0.578758193179965,0.1503485096618533,0.02553793089464307,3.980702817440033,2.004250790923834,0.7666321331635118,0.8037326661869884
1478656,0.04874614914297126,0.04418821050785482,3.593907169997692,0.5211201934143901,0.13682994164992124,0.03253243048675358,4.0292748883366585,2.031637143343687,0.5019285213202238,0.6904707057401538
1479680,0.05045755118771922,0.028916111768921837,3.942111112177372,0.7798106390982866,0.048139868304133415,0.021104190149344504,3.7646065801382065,1.6192109324038029,0.622576268389821,1.0203437386080623
1480704,0.08451960573438555,0.06064441066700965,3.698728211224079,0.6635225154459476,0.15457326790783554,0.023152058507548645,3.8193659260869026,1.4503559432923794,0.6488357968628407,1.000521800480783
1481728,0.048994388431310654,0.02078740909928456,3.676330618560314,0.5193561865016818,0.15783987287431955,0.014830500178504735,3.6933141872286797,1.4682988077402115,0.5924481591209769,0.8995215203613043
1482752,0.05128661905473564,0.021225451462669298,3.6867228746414185,0.5733728501945734,0.12736927345395088,0.01425513590220362,3.7683069929480553,1.3665513060986996,0.5688760103657842,0.9763559019193053
1483776,0.059193912136834115,0.02717999939341098,3.9382038563489914,0.7560711186379194,0.05311079730745405,0.01488381666422356,3.8922300711274147,1.6302242241799831,0.5539959669113159,0.6701971823349595
1484800,0.05812417092965916,0.026958123198710382,3.856462150812149,0.7583512682467699,0.09742472908692434,0.019038482365431264,3.865843690931797,1.646339125931263,0.47085343301296234,0.581073404289782
1485824,0.05808380217058584,0.040349630638957024,3.8803405314683914,0.7321114540100098,0.0876131939003244,0.018078267225064337,4.153466194868088,1.9666933827102184,0.4701814064756036,0.8301759399473667
1486848,0.05262036042404361,0.03963622736046091,3.835257090628147,0.7255428656935692,0.057148134568706155,0.030382585537154227,3.9344773292541504,1.7064523100852966,0.684935811907053,0.9478739872574806
1487872,0.06077334302244708,0.034728724451269954,3.6819474771618843,0.6108857430517673,0.1493834205903113,0.028037980460794643,3.920243486762047,1.7683810628950596,0.6154419798403978,0.7036980651319027
1488896,0.0639849373837933,0.049222758621908724,3.574688956141472,0.6066122706979513,0.1457392959855497,0.02855609022662975,3.666126988828182,1.3293567597866058,0.5620957892388105,0.8220038060098886
1489920,0.039654406456975266,0.03371764061739668,3.8119767531752586,0.6221764041110873,0.153861298749689,0.022500315855722874,3.9884342327713966,1.5502014085650444,0.608954394236207,0.7339726248756051
1490944,0.03505071098334156,0.04339711368083954,3.7990492656826973,0.6366483103483915,0.08425751345930621,0.02384975229506381,3.6848584562540054,1.2004784941673279,0.7478913897648454,0.6515874192118645
1491968,0.04923981429601554,0.03274386964039877,3.657861165702343,0.6016234708949924,0.1522539563011378,0.02141314570326358,3.761465847492218,1.395237110555172,0.782617574557662,0.6011844668537378
1492992,0.05485884862719104,0.03653138718800619,3.6787554919719696,0.6150017753243446,0.13076126552186906,0.02019152566208504,3.8471250385046005,1.3280345760285854,0.6987951314076781,0.5672602318227291
1494016,0.05343010590877384,0.033206872176378965,3.6269520223140717,0.5309921614825726,0.13318296615034342,0.014297319517936558,3.901132456958294,1.3319306187331676,0.7470033979043365,0.4669561833143234
1495040,0.05757444311166182,0.034772523504216224,3.644801028072834,0.6613430986180902,0.13396059977822006,0.019394778151763603,3.8019181713461876,1.2366259060800076,0.6018701456487179,0.5036819661036134
1496064,0.04881405369087588,0.030128223064821213,3.7177575454115868,0.6139709241688251,0.15396272926591337,0.01886839492362924,4.048461437225342,1.4824206605553627,0.49969318602234125,0.8836398832499981
1497088,0.05225732523831539,0.030776495346799493,3.6612633690238,0.5440979935228825,0.11960134172113612,0.016763320803875104,3.875079996883869,1.2614585794508457,0.5252146180719137,0.4828892145305872
1498112,0.04830207442864776,0.041624009842053056,3.7881321609020233,0.6647017803043127,0.06573727069189772,0.02937888231826946,3.421201005578041,0.9646086283028126,0.8318353481590748,0.897215822711587
1499136,0.054618615366052836,0.020576954761054367,3.7550890296697617,0.5850543342530727,0.14254620764404535,0.01200647238874808,4.0329505652189255,1.4956605099141598,0.530065132305026,0.5506143681704998
1500160,0.040670378075446934,0.028244987945072353,3.6767995208501816,0.5788747277110815,0.09207307323231362,0.016187705798074603,3.8054263442754745,1.2612999342381954,0.6459689494222403,0.8742352779954672
1501184,0.04159251815872267,0.031447539397049695,3.6595192924141884,0.6470939107239246,0.11519962642341852,0.016476213233545423,3.5405428409576416,1.1858100462704897,0.7329843509942293,0.8605748461559415
1502208,0.0626870461856015,0.04366423434112221,3.620269201695919,0.5665836352854967,0.11732438113540411,0.02617351824301295,3.79314111918211,1.487444445490837,0.9057930763810873,0.7718439856544137
1503232,0.04007207922404632,0.027846977289300412,3.7830980271101,0.629965728148818,0.11516011651838198,0.015824365080334246,4.022430807352066,1.5249426327645779,0.569919353350997,0.6602036599069834
1504256,0.06662235723342746,0.04355779488105327,3.767802305519581,0.6779352128505707,0.15406806184910238,0.026358366769272834,3.9665027484297752,1.44056785851717,0.7071206541731954,0.49438667949289083
1505280,0.04972554219420999,0.026126380485948175,3.6777346581220627,0.5153763126581907,0.13178693829104304,0.01336950363474898,3.499757319688797,0.92790811881423,0.6105710584670305,0.4988474939018488
1506304,0.06167790270410478,0.03270333958789706,3.868967115879059,0.6588080637156963,0.09833178005646914,0.01790777506539598,3.814851090312004,1.2224047686904669,0.7417701603844762,0.5129877403378487
1507328,0.04225259245140478,0.04638302396051586,3.885759972035885,0.7045238632708788,0.07900382479419932,0.021873273275559768,3.660831891000271,1.2760195024311543,0.682704352773726,0.4453326025977731
1508352,0.0751637362409383,0.04953515366651118,3.7344428673386574,0.6946450527757406,0.16826743446290493,0.030214979546144605,3.848997548222542,1.4172897934913635,0.6872649686411023,0.4579776907339692
1509376,0.03579763803281821,0.04621390195097774,3.8239551186561584,0.7019469942897558,0.06040756363654509,0.02905633655609563,3.686704657971859,1.2224655114114285,0.7671992499381304,0.7090034047141671
1510400,0.07041697192471474,0.04596292332280427,3.6966489255428314,0.654886381700635,0.10472820475115441,0.02478431398048997,3.7195984199643135,1.3160092122852802,0.5170664889737964,0.5510906688869
1511424,0.05198881760588847,0.03222246584482491,3.563994288444519,0.5246811844408512,0.16183926491066813,0.023379799036774784,3.814411073923111,1.2662608213722706,0.4878781419247389,0.6650956319645047
1512448,0.03507852779875975,0.03423645766451955,3.8309884145855904,0.6870063692331314,0.08338048623409122,0.022672685678116977,3.7468423023819923,1.124106677249074,0.6122045768424869,0.5025378270074725
1513472,0.07554434292251244,0.041162720997817814,3.8267924785614014,0.7332434225827456,0.14441597473341972,0.02604028274072334,4.058545492589474,1.4493827298283577,0.532434412278235,0.621811980381608
1514496,0.036877692909911275,0.050691680284217,3.8006284087896347,0.7137040235102177,0.10294726374559104,0.030462771304883063,3.5838873013854027,1.2110052518546581,0.6141773220151663,0.5806853324174881
1515520,0.07513640951947309,0.05163361714221537,3.650079183280468,0.646283071488142,0.19017269439063966,0.033997993858065456,4.066385388374329,1.4915711022913456,0.5894533274695277,0.5404433477669954
1516544,0.04389190915389918,0.040025077119935304,3.693958133459091,0.5513198878616095,0.08877948898589239,0.021222314302576706,3.613069824874401,1.0534690357744694,0.570187034085393,0.4860371397808194
1517568,0.0705154966271948,0.04577406425960362,3.7102978378534317,0.6055359803140163,0.10616300971014425,0.01662017684429884,3.4280961751937866,0.9224281124770641,0.5506666423752904,0.49566935934126377
1518592,0.05463604236138053,0.026684653654228896,3.6446875035762787,0.5527780465781689,0.14352349890396,0.016645419178530574,3.7446733713150024,1.1171448733657598,0.5612895423546433,0.545289883390069
1519616,0.0539079547743313,0.03306471457472071,3.70612546056509,0.5746520031243563,0.09740817837882787,0.017562345921760425,3.480340912938118,0.9650613162666559,0.7051997827365994,0.6818519709631801
1520640,0.0459982808388304,0.03564012568676844,3.959645539522171,0.8303052540868521,0.06717634591041133,0.01853979646693915,3.8377506881952286,1.3249965272843838,0.7330309003591537,0.5472260434180498
1521664,0.08993143343832344,0.06554143759422004,3.5803106874227524,0.6470312587916851,0.18814766500145197,0.028656006848905236,3.9738563299179077,1.4881382621824741,0.834460886195302,0.7013790579512715
1522688,0.05886950809508562,0.037709661410190165,3.7361864000558853,0.6465266291052103,0.12060311192180961,0.01786262751556933,3.952179953455925,1.4836350940167904,0.48801553528755903,0.6813992764800787
1523712,0.04731644655112177,0.031021345523186028,3.7171852812170982,0.5966201107949018,0.11957683603395708,0.019329158996697515,3.6711640432476997,1.3084851056337357,0.4767936058342457,0.9675364354625344
1524736,0.04321302742755506,0.0407800970133394,3.7610586807131767,0.6094278898090124,0.1322331236442551,0.020124952163314447,3.9106581807136536,1.517997745424509,0.6357183586806059,0.8090590545907617
1525760,0.05820381047669798,0.045566470245830715,3.6139193922281265,0.5539948102086782,0.10074416198767722,0.01922056367038749,3.665491744875908,1.082620032131672,0.4668484963476658,0.5185929080471396
1526784,0.05588406271999702,0.0398527760989964,3.725354567170143,0.6108032073825598,0.08067452837713063,0.021646456967573613,3.531158059835434,1.1120549142360687,0.6606405815109611,0.583695531822741
1527808,0.06939099571900442,0.046047963201999664,3.5774509608745575,0.5048275338485837,0.11869918322190642,0.018263151694554836,3.6234202310442924,1.1080589182674885,0.5447442159056664,0.7929101064801216
1528832,0.04929841242847033,0.032744514755904675,3.5719405114650726,0.5031361598521471,0.08861413720296696,0.017380958393914625,3.9126947969198227,1.4194674380123615,0.4930690499022603,0.6014851033687592
1529856,0.05296325954259373,0.030697181646246463,3.568445347249508,0.5047827186062932,0.14648311806377023,0.017288218514295295,4.016318403184414,1.5834932550787926,0.5445931628346443,0.6763632539659739
1530880,0.02726251501007937,0.028194844373501837,3.8028643056750298,0.6826875172555447,0.04528290030430071,0.02091902433312498,3.922326683998108,1.5890208706259727,0.69248400721699,0.9639456272125244
1531904,0.056544773979112506,0.0385915320366621,3.754881836473942,0.6362545620650053,0.16537086688913405,0.016659288201481104,3.9017388075590134,1.4137033075094223,0.5006747236475348,0.570694936439395
1532928,0.05413363796833437,0.03414097335189581,3.7142930552363396,0.6228882763534784,0.10885052545927465,0.021527892764424905,3.604246012866497,1.2149157244712114,0.46772186923772097,0.6624354897066951
1533952,0.06098535492492374,0.04788405424915254,3.7182947546243668,0.624456625431776,0.12811154033988714,0.02223487786250189,3.922363243997097,1.479986511170864,0.6067738672718406,0.44720483804121614
1534976,0.05303211217687931,0.020954499574145302,3.8279253616929054,0.5953578520566225,0.13525550940539688,0.013848223112290725,3.7033310160040855,1.1674764212220907,0.4996620351448655,0.5138519131578505
1536000,0.051876737794373184,0.025887118303216994,3.6857509166002274,0.6184554528445005,0.0707962466403842,0.014785498875426129,3.732318840920925,1.2378491163253784,0.6540860682725906,0.4283790336921811
1537024,0.05734430474694818,0.04468243150040507,3.590087451040745,0.6289564464241266,0.13012765045277774,0.025170254870317876,3.5900912657380104,1.2090784348547459,0.7336806869134307,0.5523233842104673
1538048,0.04486122922389768,0.026489423937164247,3.696632534265518,0.6009456757456064,0.10434307798277587,0.0182673824892845,3.7913509160280228,1.3446245454251766,0.609293264336884,0.4584134854376316
1539072,0.049115188186988235,0.04177369590615854,3.803096830844879,0.6989429462701082,0.11058131034951657,0.023004822054645047,4.021234557032585,1.6119273751974106,0.6184494402259588,0.6424314128234982
1540096,0.05779779562726617,0.04585061559919268,3.8466302528977394,0.7654041219502687,0.144029195420444,0.02610571146942675,4.06129439920187,1.5441739037632942,0.49819381535053253,0.4802485378459096
1541120,0.05370318322093226,0.05280552140902728,3.6090770810842514,0.5669064586982131,0.12461074913153425,0.02468802034854889,3.7852488458156586,1.2624800652265549,0.5900574075058103,0.467159487772733
1542144,0.07122701403568499,0.06261308025568724,3.650206431746483,0.6195370759814978,0.15995239361654967,0.03205877146683633,3.9981602132320404,1.4125466793775558,0.6199523964896798,0.4765186896547675
1543168,0.05928777324152179,0.05625206581316888,3.811115637421608,0.7652088776230812,0.1096213543205522,0.03052188508445397,3.7352658584713936,1.0866675414144993,0.606391622684896,0.4807462617754936
1544192,0.05609641896444373,0.029055034276098013,3.902313582599163,0.7656644135713577,0.08700019196840003,0.01600163587136194,3.695772685110569,1.0857845842838287,0.8288057968020439,0.42749848775565624
1545216,0.068952978879679,0.026604838436469436,3.7301879301667213,0.6483971290290356,0.11560754699166864,0.013130379928043112,3.8875788003206253,1.3190062269568443,0.6616191454231739,0.41682820674031973
1546240,0.038989611726719886,0.03098825947381556,3.6476223468780518,0.5216209515929222,0.09840177648584358,0.02318033852498047,3.5788976177573204,1.1998029220849276,0.512488029897213,0.5029431348666549
1547264,0.06100671936292201,0.034358805627562106,3.6672294661402702,0.6233732141554356,0.12717448803596199,0.021772514446638525,3.2808249667286873,0.9985134713351727,0.6619586823508143,0.7941255550831556
1548288,0.053601096966303885,0.03765976714203134,3.6905315071344376,0.6711453832685947,0.08087013603653759,0.020253368391422555,3.804258704185486,1.3761923015117645,0.6475056726485491,0.5777750173583627
1549312,0.06270236388081685,0.044567391742020845,3.493706315755844,0.4878688156604767,0.18453713972121477,0.029044273134786636,4.136316761374474,1.9379014894366264,1.1615772526711226,0.6362797953188419
1550336,0.03879703496932052,0.026469459699001163,3.605301186442375,0.5399295054376125,0.09787845675600693,0.011843808999401517,3.740636520087719,1.3457235842943192,0.6934199091047049,0.5240912809967995
1551360,0.053410590771818534,0.04089036153163761,3.630225047469139,0.637541439384222,0.09846627889783122,0.027507192688062787,3.820154093205929,1.5988308154046535,0.6739276638254523,0.5305627416819334
1552384,0.05222216798574664,0.03313539718510583,3.708936758339405,0.6866382788866758,0.10240499442443252,0.018831072404282168,3.9134023785591125,1.5473748669028282,0.7006818791851401,0.6942839473485947
1553408,0.06905106082558632,0.03382694924948737,3.6739837750792503,0.6698061767965555,0.1404801660683006,0.024466600734740496,3.897477261722088,1.5290465354919434,0.6872391477227211,0.6300105191767216
1554432,0.04063624038826674,0.025294762395787984,3.8587912917137146,0.6810885928571224,0.09841700585093349,0.012937983803567477,3.8170338198542595,1.4902730137109756,0.5582580054178834,0.7937368405982852
1555456,0.0532373778114561,0.03560679958900437,3.7628945633769035,0.6858020946383476,0.08812884846702218,0.018239289260236546,3.6941299736499786,1.3118085823953152,0.5408893302083015,0.8186348425224423
1556480,0.062072436849121004,0.02969353972002864,3.6812308728694916,0.5878658052533865,0.12514144170563668,0.023620991792995483,3.7121635153889656,1.410137616097927,0.5177674721926451,0.9220482436940074
1557504,0.039270713459700346,0.03901113395113498,3.8385912254452705,0.6664389446377754,0.01792636144091375,0.023226248391438276,3.88886296749115,1.6800550632178783,0.6566527588292956,0.8563303891569376
1558528,0.07318316207965836,0.04893055360298604,3.790399082005024,0.7777067646384239,0.13900803145952523,0.03925518016330898,3.6312816217541695,1.434760369360447,0.6004157550632954,0.7597869383171201
1559552,0.06456511630676687,0.039005067432299256,3.6790169328451157,0.643528101965785,0.0936834555468522,0.02804343809839338,3.649123325943947,1.4202797748148441,0.64288120996207,0.8060568254441023
1560576,0.03819138937979005,0.02121796878054738,3.9744826555252075,0.8234847318381071,0.06335698021575809,0.014112961333012208,4.061086438596249,1.974580455571413,0.6261081229895353,0.6774731846526265
1561600,0.06351043988252059,0.05133915995247662,3.8111326694488525,0.7368695512413979,0.13858499808702618,0.02985299361171201,4.017530478537083,1.6118594221770763,0.5060882354155183,0.6535764597356319
1562624,0.056977092564920895,0.03037817741278559,3.7675413861870766,0.6736069805920124,0.1069736557547003,0.01658325278549455,3.8853085786104202,1.6165266185998917,0.5459047667682171,0.8311558878049254
1563648,0.07176579796941951,0.05737927136942744,3.6580322608351707,0.7094033565372229,0.09943784901406616,0.028030776360537857,3.6607394739985466,1.4363145269453526,0.4856681637465954,0.6736342953518033
1564672,0.0407770095334854,0.030338205106090754,3.705562584102154,0.6172282230108976,0.0933261203172151,0.018370016623521224,3.9915258437395096,1.670231245458126,0.5523255234584212,0.7958754096180201
1565696,0.05678687657928094,0.025674542237538844,3.9040702506899834,0.6703258380293846,0.11586007522419095,0.012475458366679959,3.861162170767784,1.5163307525217533,0.52865045145154,0.7613147245720029
1566720,0.0488808414520463,0.05348183074966073,3.7232855781912804,0.6890584342181683,0.10585490264929831,0.02376449535950087,3.6801409795880318,1.2941741198301315,0.5962550435215235,0.6866551758721471
1567744,0.04349054193880875,0.03614954941440374,3.856207452714443,0.7446383256465197,0.06891791320231277,0.023619429033715278,3.900997430086136,1.471060499548912,0.6038242913782597,0.7027214830741286
1568768,0.0476401280175196,0.036332395451609045,3.948415368795395,0.8075580801814795,0.07859809923684224,0.021806691773235798,4.0772411078214645,1.8055012710392475,0.5773046119138598,0.6368186213076115
1569792,0.059212590334936976,0.036063370178453624,3.839156113564968,0.826223960146308,0.13653907924890518,0.028424361371435225,4.004323609173298,1.9220375530421734,0.605849183164537,0.5227137692272663
1570816,0.07199574724654667,0.029234268295112997,3.835431955754757,0.7509242855012417,0.234947529155761,0.015292903204681352,4.375133737921715,2.006109230220318,0.6719966474920511,0.2958291806280613
1571840,0.04751191312971059,0.030386592785362154,3.915634088218212,0.7181091997772455,0.1117921503027901,0.018576942675281316,4.100845515727997,1.5390842743217945,0.6368500497192144,0.40962317772209644
1572864,0.06515355879673734,0.04052101128036156,3.790431037545204,0.6444525420665741,0.15904766041785479,0.01825273662689142,3.831307627260685,1.184498080983758,0.5962024526670575,0.47004886716604233
1573888,0.057059620186919346,0.034819325141143054,3.6832161024212837,0.5966122895479202,0.08279778197174892,0.01814035465940833,3.384195476770401,0.8277275133877993,0.5306967804208398,0.514274712651968
1574912,0.052984837791882455,0.019278773601399735,3.589663587510586,0.5115761421620846,0.09245962381828576,0.010470072011230513,3.4874803721904755,1.0077901054173708,0.5857460806146264,0.6576333483681083
1575936,0.035653012222610414,0.0355521384626627,3.779350556433201,0.637446453794837,0.06627058758749627,0.019289720512460917,3.823378801345825,1.457805398851633,0.553691141307354,0.5748561527580023
1576960,0.053442124983121175,0.03794889175333083,3.7911751717329025,0.6214980259537697,0.08960485382704064,0.022151430050143972,3.8806522712111473,1.5646275766193867,0.7056308872997761,0.8536979174241424
1577984,0.06016176204138901,0.05032023100648075,3.7270771339535713,0.6331597752869129,0.08366175554692745,0.030555045523215085,3.513516381382942,1.314776737242937,0.6041019139811397,0.9454469047486782
1579008,0.04279919801047072,0.029723651940003037,3.560680314898491,0.5193231208249927,0.11701521076611243,0.018313283653697,4.006360828876495,1.7445771060883999,0.6031346768140793,0.7616980811581016
1580032,0.06751402132795192,0.03401739476248622,3.6002291068434715,0.5836027823388577,0.088941952039022,0.02412071664002724,3.8749359771609306,1.5730794817209244,0.7552559701725841,0.9113893443718553
1581056,0.035421810403931886,0.03865230141673237,3.710997559130192,0.6085424078628421,0.05604582536034286,0.01915391575312242,3.618066392838955,1.5306017138063908,0.5733321448788047,0.8490583971142769
1582080,0.06474898679880425,0.03224594978382811,3.6099239960312843,0.5811509229242802,0.11965245380997658,0.017665290739387274,3.9158573001623154,1.5149202942848206,0.6000657184049487,0.8378755263984203
1583104,0.04510577619657852,0.032858937862329185,3.6372231915593147,0.5520576015114784,0.13029070058837533,0.020605540863471106,4.042478695511818,1.7776916697621346,0.6886408030986786,0.7428244585171342
1584128,0.051890522154280916,0.023774605826474726,3.7878222167491913,0.6065529137849808,0.1549745863303542,0.011867365901707672,4.0073691457509995,1.6251774579286575,0.581820766441524,0.6227465635165572
1585152,0.04600504340487532,0.039698874519672245,3.560757078230381,0.5564267300069332,0.10272441944107413,0.02575355098815635,3.6452385261654854,1.189475204795599,0.6574696833267808,0.7598536191508174
1586176,0.06121726395213045,0.04379760136362165,3.616793304681778,0.602134408429265,0.1638631576206535,0.017430284497095272,3.9325597286224365,1.5223995484411716,0.6283252099528909,0.6086796335875988
1587200,0.045366251113591716,0.04272947914432734,3.650480628013611,0.6368007864803076,0.09556516067823395,0.027130669448524714,3.6964897960424423,1.2312698364257812,0.5892518172040582,0.8044729195535183
1588224,0.05890419296338223,0.022510300390422344,3.7507336139678955,0.589028162881732,0.12461946380790323,0.014656724029919133,3.901421181857586,1.4553461633622646,0.5403331806883216,0.638098650611937
1589248,0.057962971593951806,0.03474076389102265,3.6981638595461845,0.5881611220538616,0.10443029974703677,0.017235252365935594,3.755757547914982,1.2719917856156826,0.47530134953558445,0.713107013143599
1590272,0.05053902490180917,0.028638711781241,3.731653578579426,0.5668014772236347,0.12679067882709205,0.016012876527383924,3.7690748795866966,1.2978269644081593,0.599381947889924,0.7643379271030426
1591296,0.03259203465131577,0.05110504518961534,3.770420476794243,0.6949003152549267,0.0588130607502535,0.030685315956361592,3.6949504241347313,1.2978805266320705,0.6202194690704346,0.90236846357584
1592320,0.06343607098096982,0.04911594814620912,3.7027936205267906,0.6674111746251583,0.10743812102009542,0.026093941763974726,3.7209125012159348,1.3800287880003452,0.5892358021810651,0.8115539792925119
1593344,0.057172962668119,0.041555693256668746,3.683322347700596,0.6041104216128588,0.11867958132643253,0.03103942662710324,3.6116496473550797,1.2819699458777905,0.5310767032206059,0.7709172004833817
1594368,0.060831354960100725,0.031541160540655255,3.618529111146927,0.5305744102224708,0.11119474831502885,0.02516057569300756,3.7105345875024796,1.1847246922552586,0.5022341292351484,0.5200947397388518
1595392,0.039284050290007144,0.02294653415447101,3.6056229919195175,0.5028052292764187,0.1378976113628596,0.01236514093761798,3.8736666664481163,1.3791932128369808,0.4977421397343278,0.3835225463844836
1596416,0.03806986410927493,0.03578559635207057,3.7590451762080193,0.6408586576581001,0.07929953455459327,0.020184297813102603,3.7530066817998886,1.2065939474850893,0.5389574998989701,0.6438769344240427
1597440,0.05244408006547019,0.03365006315289065,3.7605711817741394,0.6382585614919662,0.10689918469870463,0.019577577186282724,3.7143741995096207,1.2828484177589417,0.5686570545658469,0.7671234086155891
1598464,0.059332223900128156,0.025794728891924024,3.7191593945026398,0.5641507618129253,0.11402994941454381,0.012741918311803602,3.7714300230145454,1.3228964917361736,0.4361153105273843,0.8969443431124091
1599488,0.04522747080773115,0.03173625160707161,3.572865679860115,0.545306971296668,0.12553433107677847,0.0148595072387252,3.719928167760372,1.434560365974903,0.5254276180639863,0.683088393881917
1600512,0.03705309773795307,0.028101028292439878,3.7332013994455338,0.6496563199907541,0.050453079864382744,0.014176232099998742,3.23136442899704,1.0148177742958069,0.5935193318873644,1.0376995578408241
1601536,0.06179476159741171,0.047694722772575915,3.6313648149371147,0.6345712952315807,0.09763917548116297,0.029890313395299017,3.68056371062994,1.3318368531763554,0.5825229668989778,0.7945614233613014
1602560,0.045792838907800615,0.029748266329988837,3.8674266189336777,0.7191434390842915,0.10021636402234435,0.015074567490955815,3.7718259170651436,1.5628382563591003,0.6191162522882223,0.6823708396404982
1603584,0.061748212232487276,0.05333731963764876,3.6209479719400406,0.5944112651050091,0.19090149411931634,0.03349847241770476,4.1343652829527855,1.7349426113069057,0.6182834431529045,0.5771845979616046
1604608,0.0591707892017439,0.043871457572095096,3.636467032134533,0.6344821210950613,0.11949439730960876,0.022653059277217835,3.9029517620801926,1.3525988943874836,0.6159509010612965,0.6581903044134378
1605632,0.05012629920383915,0.049431849853135645,3.698986232280731,0.6497308108955622,0.08264241920551285,0.032683926401659846,3.486032858490944,1.1188560407608747,0.6406093994155526,0.581691324710846
1606656,0.034700876189162955,0.029068471922073513,3.840799570083618,0.7160191275179386,0.056454865145497024,0.021387187676737085,3.9410803765058517,1.7574143819510937,0.6946694571524858,0.6955704791471362
1607680,0.06563867669319734,0.04492671636398882,3.4815842732787132,0.5414666784927249,0.174537917599082,0.021259975561406463,3.864730104804039,1.5232903696596622,0.7743766009807587,0.6468160869553685
1608704,0.06317846709862351,0.03477803769055754,3.679579019546509,0.5632406398653984,0.15717573487199843,0.015278592589311302,3.8691674545407295,1.4043816737830639,0.6201019668951631,0.6463394872844219
1609728,0.05800867406651378,0.034449753002263606,3.734171397984028,0.6454172432422638,0.0958148863282986,0.015486013406189159,3.7086329609155655,1.1234464664012194,0.5877654533833265,0.6288727736100554
1610752,0.04869205551221967,0.039605080150067806,3.6813010424375534,0.638920471072197,0.07383555195701774,0.023688581481110305,3.622841037809849,1.2305718064308167,0.5834202142432332,0.7137323394417763
1611776,0.06008086632937193,0.04161545232636854,3.7248012870550156,0.606103915721178,0.10490976061555557,0.02425566629972309,3.807328648865223,1.4242320246994495,0.6629157913848758,0.8219941612333059
1612800,0.04695565042493399,0.030076383671257645,3.740255042910576,0.6712914686650038,0.1220988190616481,0.012277217581868172,3.8107840791344643,1.4782654270529747,0.6751790894195437,0.9929655957967043
1613824,0.04618385108187795,0.03870040940819308,3.506634995341301,0.46464621275663376,0.16965002659708261,0.020305917627410963,3.8142896741628647,1.3378692492842674,0.6469364818185568,0.7137344963848591
1614848,0.05180831247707829,0.03238119068555534,3.612562581896782,0.584392124786973,0.12337227712851018,0.018674373073736206,3.299308091402054,0.8566461745649576,0.7034709304571152,0.7336387438699603
1615872,0.0385733017756138,0.03550874505890533,3.6261263489723206,0.5775743834674358,0.08094635634915903,0.023954146599862725,3.582644023001194,1.0259083192795515,0.559621456079185,0.6786929918453097
1616896,0.06055643508443609,0.027716566517483443,3.6326288282871246,0.5673994310200214,0.11495925462804735,0.015344022016506642,3.462961383163929,0.967458114027977,0.5060330405831337,0.861196898855269
1617920,0.05012717968202196,0.04257975274231285,3.6447101905941963,0.6103485226631165,0.05416631459956989,0.01902167749358341,3.1119902580976486,0.8712702058255672,0.6124942163005471,0.6646264642477036
1618944,0.05637801467673853,0.027385254972614348,3.6954841166734695,0.624623142182827,0.13101479830220342,0.016498083423357457,3.673175260424614,1.2741985954344273,0.6328262444585562,0.7813562154769897
1619968,0.05069061802350916,0.021287549287080765,3.815339632332325,0.6236569657921791,0.10934929212089628,0.009951647924026474,3.8623112812638283,1.4159277193248272,0.6322897933423519,0.6796380020678043
1620992,0.05910740836407058,0.04160490771755576,3.8091640174388885,0.7629296407103539,0.08429841155884787,0.029538177710492164,3.506749115884304,1.1697079502046108,0.5489816991612315,0.8024653848260641
1622016,0.06193692493252456,0.03471537085715681,3.678175188601017,0.6425216738134623,0.11188730434514582,0.02384288643952459,3.426415041089058,1.1663895025849342,0.5977770080789924,1.0759610142558813
1623040,0.05106031140894629,0.03020287147955969,3.5894925370812416,0.49082701187580824,0.1502560315420851,0.01580435107462108,4.064847327768803,1.7853021807968616,0.6991300834342837,1.0362747348845005
1624064,0.041932402149541304,0.0455537096131593,3.780774250626564,0.6601019576191902,0.08135301011498086,0.027918341918848455,3.926893211901188,1.522148221731186,0.7393102906644344,0.7568358592689037
1625088,0.05921025015413761,0.02694663527654484,3.6868604496121407,0.5744482390582561,0.1869709964375943,0.01952801042352803,4.119572572410107,1.62057538703084,0.5342667046934366,0.6107639893889427
1626112,0.05135012371465564,0.046020395937375724,3.80494936555624,0.7603224329650402,0.10871835763100535,0.024500984465703368,3.939496658742428,1.3969519957900047,0.6684244954958558,0.6836309777572751
1627136,0.0671203451929614,0.034737228706944734,3.627087563276291,0.6217342615127563,0.1176844178698957,0.023162064666394144,3.5451704785227776,1.010720418766141,0.5742940371856093,0.6699518971145153
1628160,0.06199985364219174,0.040966913918964565,3.5176661536097527,0.563689336180687,0.10287277871975675,0.025316834507975727,3.4421184808015823,0.9598387777805328,0.6442796820774674,0.8412091033533216
1629184,0.05848580994643271,0.02541145106079057,3.582252837717533,0.560585742816329,0.12133075611200184,0.016861048352438956,3.790099650621414,1.2249074690043926,0.6682230532169342,0.6212509013712406
1630208,0.057255282561527565,0.0383820888819173,3.607473246753216,0.5858151074498892,0.08836554666049778,0.01926414659828879,3.6305156648159027,1.1703790128231049,0.864746623672545,1.0049073351547122
1631232,0.03295950868050568,0.029299591784365475,3.69451604783535,0.5758004738017917,0.0830491233500652,0.018740029248874635,4.0648374035954475,1.7418054081499577,0.7527071544900537,0.6713207866996527
1632256,0.060018868098268285,0.033669873198959976,3.8119856491684914,0.7334281578660011,0.07823063182877377,0.02276297443313524,3.960970237851143,2.038286428898573,0.6248638806864619,0.6160732163116336
1633280,0.04738945025019348,0.03758686542278156,3.708941265940666,0.6393742635846138,0.13008020888082683,0.024349122162675485,3.853967472910881,1.7218555770814419,0.5564144384115934,0.873456409201026
1634304,0.04638824670109898,0.03829971939558163,3.8455937057733536,0.7206582389771938,0.1253935825661756,0.032932001107838005,4.097752600908279,1.8901865556836128,0.6154980408027768,0.6343637527897954
1635328,0.06017183772928547,0.024771381984464824,3.8058595061302185,0.6823885887861252,0.14392895600758493,0.01691533188568428,3.927786596119404,1.5435838177800179,0.5458644367754459,0.5473642135038972
1636352,0.06281144684180617,0.05371998541522771,3.6301204934716225,0.5930924601852894,0.10070762573741376,0.021611098549328744,3.8331074491143227,1.5849012732505798,0.9630840700119734,0.624351205304265
1637376,0.055273147590924054,0.03742867609253153,3.6243368461728096,0.5737742651253939,0.09912975042243488,0.020350292819784954,3.812212571501732,1.7513872720301151,0.7559549082070589,0.661077719181776
1638400,0.04952897006296553,0.03378350590355694,3.674164764583111,0.56885040178895,0.09552716082544066,0.02259621923440136,3.7602491825819016,1.4644585102796555,0.5843581026419997,0.8596428781747818
1639424,0.06056927173631266,0.027178138552699238,3.735421545803547,0.5812215935438871,0.13905733998399228,0.015112416353076696,3.999646209180355,1.596625667065382,0.6066581960767508,0.5704232463613153
1640448,0.04883641601190902,0.04109120700741187,3.6360563710331917,0.5743314530700445,0.09901913348585367,0.02449554912163876,3.6767461076378822,1.2936384286731482,0.5709258420392871,0.6651766076683998
1641472,0.06429691883386113,0.03598210396012291,3.600885607302189,0.6142308339476585,0.14264991017989814,0.020989298704080284,3.835782177746296,1.4354288168251514,0.5879767471924424,0.5697314068675041
1642496,0.03076262144895736,0.05333458574023098,3.6403082609176636,0.5903467480093241,0.097231607476715,0.028404756099916995,3.902384899556637,1.3662917353212833,0.6388107156381011,0.782436621375382
1643520,0.05068076332099736,0.025246799632441252,3.66606342792511,0.5481175165623426,0.1653576010139659,0.008404773456277326,3.8946815878152847,1.381176471710205,0.5282685980200768,0.6124694561585784
1644544,0.04013494125683792,0.022386228491086513,3.567162238061428,0.4991762675344944,0.06904332884005271,0.01517600697115995,3.607982538640499,1.118918253108859,0.5476673301309347,0.8750990005210042
1645568,0.060761737055145204,0.03562117362162098,3.8353074714541435,0.7071354445070028,0.08080256980611011,0.022213827964151278,3.7893693298101425,1.3459289111196995,0.48357020504772663,0.8643623730167747
1646592,0.056225985346827656,0.03154591465136036,3.841636724770069,0.6973158624023199,0.08377452119020745,0.019313026365125552,3.7386520504951477,1.435948882251978,0.565798725001514,0.9566856902092695
1647616,0.05111040074552875,0.038976529031060636,3.49190940707922,0.4766620034351945,0.1538174517918378,0.019468787591904402,3.711393803358078,1.3437663652002811,0.5428745495155454,0.7187045998871326
1648640,0.052789837471209466,0.026867966342251748,3.6685629338026047,0.6167398849502206,0.13849991536699235,0.010188921456574462,3.8870964646339417,1.4074771292507648,0.5797024769708514,0.682692252099514
1649664,0.06325201116851531,0.02595332491910085,3.835675597190857,0.662224568426609,0.06610474712215364,0.011280245496891439,3.6924290359020233,1.1598122883588076,0.4429603200405836,0.8123216889798641
1650688,0.05174340246594511,0.0332406148663722,3.8110462054610252,0.7598950657993555,0.09435463306726888,0.01774651589221321,3.925558090209961,1.5294322464615107,0.43198175821453333,0.7829646859318018
1651712,0.057665193860884756,0.03806158306542784,3.7559974268078804,0.6820758990943432,0.0809430348163005,0.028973878012038767,3.8081955164670944,1.431662417948246,0.5939382743090391,1.096910280175507
1652736,0.056564687489299104,0.03427139000268653,3.800263710319996,0.7311452720314264,0.09890518221072853,0.021952322364086285,4.048657730221748,1.7288349941372871,0.4594276351854205,0.7726862002164125
1653760,0.05682306142989546,0.03195189899997786,3.550396256148815,0.47725813277065754,0.18326266040094197,0.016042313625803217,4.203516513109207,1.8981250263750553,0.5923781022429466,0.7052344935946167
1654784,0.0477512555080466,0.02341152523877099,3.6266209185123444,0.47692446131259203,0.11233043600805104,0.013036341581027955,3.409193567931652,1.1854991987347603,0.5274092676118016,0.8471375312656164
1655808,0.0401342145196395,0.02662343846168369,3.6670962423086166,0.5548308435827494,0.13761800841894,0.014456954260822386,3.977094441652298,1.410666260868311,0.4704982955008745,0.7692700093612075
1656832,0.06562232703436166,0.032772236212622374,3.675103686749935,0.6398043800145388,0.1372283329255879,0.01620848904713057,3.93181524425745,1.3166346549987793,0.5675456123426557,0.637389287352562
1657856,0.056437343067955226,0.027637546067126095,3.719219781458378,0.604546632617712,0.12090226972941309,0.014580034374375828,4.076285868883133,1.4758981503546238,0.482320049777627,0.6198322409763932
1658880,0.06655048456741497,0.03215904434910044,3.669407896697521,0.5784927885979414,0.12233960203593597,0.013819434039760381,3.6944119706749916,1.1873259842395782,0.5675398493185639,0.49379727710038424
1659904,0.04644612978154328,0.02756309014512226,3.671236738562584,0.5836883392184973,0.0987641024403274,0.01654817402595654,3.897006668150425,1.3263416029512882,0.6735820872709155,0.5809602942317724
1660928,0.0440439251542557,0.03330670477589592,3.7465416938066483,0.6074661621823907,0.11424057686235756,0.022857755044242367,3.736351951956749,1.3097587153315544,0.5840933853760362,0.8919098293408751
1661952,0.0591436884860741,0.03973816696088761,3.792180582880974,0.7251305356621742,0.10734523605788127,0.020221431768732145,3.613774724304676,1.186801988631487,0.5882434686645865,0.9058217629790306
1662976,0.04751411652250681,0.032779124507214874,3.6332931518554688,0.6410869937390089,0.1169026861898601,0.021332225122023374,4.058008037507534,1.7672255858778954,0.7063147779554129,0.5022671772167087
1664000,0.03621311316965148,0.0331691078026779,3.671588256955147,0.6716133952140808,0.07655366210383363,0.022256033611483872,3.6278571113944054,1.3932477235794067,0.6380008598789573,0.7953886967152357
1665024,0.04319696649326943,0.03692302340641618,3.790995940566063,0.7224229145795107,0.10587210825178772,0.02561900540604256,3.7642303854227066,1.423632923513651,0.7296512704342604,0.6912700720131397
1666048,0.06497004380798899,0.05671957309823483,3.6751278415322304,0.6422898136079311,0.16689319995930418,0.02907354902708903,3.9476004615426064,1.5361410938203335,0.5640179933980107,0.6645428705960512
1667072,0.05902387059177272,0.03077052702428773,3.746626652777195,0.6913300100713968,0.09527828264981508,0.014978997729485855,3.707660175859928,1.2791253291070461,0.4990180879831314,0.6417709477245808
1668096,0.07156042841961607,0.047382121440023184,3.647583231329918,0.6220301985740662,0.15008625260088593,0.016826171544380486,3.870503544807434,1.4193837232887745,0.5700690047815442,0.6620119577273726
1669120,0.04245888802688569,0.03403756988700479,3.5981017351150513,0.5179631561040878,0.08207656617742032,0.015999063529307023,3.5201754942536354,0.991626838222146,0.48782344721257687,0.6288607222959399
1670144,0.05691799789201468,0.03091296466300264,3.617935962975025,0.5194279626011848,0.09339049633126706,0.01449159687035717,3.4534302428364754,1.1124682016670704,0.4546867683529854,0.8123579956591129
1671168,0.04042086229310371,0.038288725540041924,3.580254413187504,0.47209425643086433,0.11279898637440056,0.020351629820652306,3.9827645123004913,1.5536616891622543,0.6294502895325422,0.6475045923143625
1672192,0.04451284141396172,0.025364346336573362,3.6803687810897827,0.5680269934237003,0.10403652960667387,0.012812371700420044,4.047734789550304,1.6319334544241428,0.616995457559824,0.6130642937496305
1673216,0.04524640197632834,0.028966564452275634,3.7797690257430077,0.6662384057417512,0.097602823167108,0.02257147536147386,3.8178112134337425,1.5750245675444603,0.6138530289754272,0.9272741246968508
1674240,0.05992078818962909,0.044915679027326405,3.666050009429455,0.6350043471902609,0.09917376714292914,0.027134547592140734,3.6397067084908485,1.5237579867243767,0.5156755372881889,0.9878381472080946
1675264,0.06015527973067947,0.036350986280012876,3.5680404528975487,0.560680702328682,0.14010749547742307,0.02136418063309975,3.868631824851036,1.496978733688593,0.5669845957309008,0.7107370710000396
1676288,0.048662398679880425,0.051615225384011865,3.6864930167794228,0.6084500774741173,0.09249402655404992,0.03370402997825295,3.458219178020954,1.1798001024872065,0.5684429621323943,1.0044518783688545
1677312,0.057653852622024715,0.045988809142727405,3.6053702011704445,0.5702814739197493,0.127935613039881,0.017611877556191757,3.6990439891815186,1.2316529043018818,0.6077570654451847,0.6238089622929692
1678336,0.04055122641148046,0.024101770133711398,3.539021424949169,0.4846050888299942,0.09745730017311871,0.015390026179375127,3.527493178844452,1.2592090051621199,0.569638641551137,0.8757608998566866
1679360,0.06718501111026853,0.028205477632582188,3.5613667219877243,0.5867100162431598,0.15833973803091794,0.01888712658546865,3.8978293165564537,1.5121996086090803,0.5434276186861098,0.8078997377306223
1680384,0.05348514681099914,0.034725171339232475,3.599204607307911,0.5467746164649725,0.0899873532471247,0.015210844401735812,3.296264886856079,0.9528207238763571,0.5096770608797669,0.9266177993267775
1681408,0.042032415614812635,0.022809048619819805,3.554197609424591,0.5002531660720706,0.14241875684820116,0.012288914367672987,3.8891074657440186,1.3852187991142273,0.4525871993973851,0.6934590041637421
1682432,0.0351979085826315,0.03166546829743311,3.6718550845980644,0.5535731501877308,0.03503234119853005,0.02450586491613649,3.847035214304924,1.554799985140562,0.5350708514451981,0.9766843868419528
1683456,0.03630630759289488,0.02840570267289877,3.698298327624798,0.555106676183641,0.06355987238930538,0.013273897697217762,3.8226696625351906,1.669833593070507,0.5842878110706806,0.8159230807796121
1684480,0.056715309561695904,0.034159731469117105,3.6228907257318497,0.5306768687441945,0.172994232038036,0.01698154504992999,3.881762631237507,1.539689477533102,0.6800164077430964,0.5700417570769787
1685504,0.057646083034342155,0.0343716605566442,3.707089602947235,0.633359257131815,0.10372470051515847,0.019867319060722366,3.82280183583498,1.3882784508168697,0.5344334375113249,0.6103264512494206
1686528,0.054639149515423924,0.0364147744840011,3.5634574592113495,0.5551110245287418,0.15157392248511314,0.01915067119989544,3.9922416508197784,1.5577846802771091,0.6186034474521875,0.7931224014610052
1687552,0.042095569835510105,0.030537579441443086,3.6634300723671913,0.5701326178386807,0.08834509487496689,0.017489892663434148,3.6843124702572823,1.2940304912626743,0.4947522347792983,0.7261531325057149
1688576,0.05211833928478882,0.030505340138915926,3.68836809694767,0.6097195353358984,0.10514938531559892,0.01130911021027714,3.857434570789337,1.4266944378614426,0.5270684398710728,0.5975719578564167
1689600,0.05920343307661824,0.03986795136006549,3.7450736612081528,0.6407247073948383,0.10319864714983851,0.018744734959909692,3.6915828734636307,1.244446326047182,0.4869121015071869,0.5816947473213077
1690624,0.054749078131862916,0.03954722499474883,3.7173665910959244,0.67687470279634,0.12529158277902752,0.01972980474238284,3.8101925626397133,1.360610593110323,0.5396328503265977,0.7680307719856501
1691648,0.07839263981441036,0.04751653550192714,3.59311006963253,0.5747107341885567,0.11799051240086555,0.02922962640877813,3.3457284346222878,1.0929789915680885,0.47478610556572676,0.8737760921940207
1692672,0.05480617011198774,0.03761775582097471,3.6044655591249466,0.5467604417353868,0.10722267685923725,0.028859087673481554,3.794706754386425,1.389493502676487,0.5350276287645102,0.731344529427588
1693696,0.048516875598579645,0.031583231524564326,3.668698951601982,0.5670987144112587,0.08299499220447615,0.017092839174438268,3.6900221332907677,1.4527142010629177,0.4804230276495218,0.8510781489312649
1694720,0.04583129675302189,0.03620428859721869,3.701754093170166,0.5442080479115248,0.1288497387431562,0.015574555029161274,3.761941649019718,1.5853914096951485,0.5065035400912166,0.6120701301842928
1695744,0.0601457781449426,0.035772016854025424,3.671354740858078,0.5656990800052881,0.12398760917130858,0.016924310562899336,3.9355766847729683,1.5643100775778294,0.5020432751625776,0.7157479599118233
1696768,0.049253980367211625,0.03720704931765795,3.5808096453547478,0.45894451811909676,0.14873475924832746,0.01708040665835142,3.899417109787464,1.5573073253035545,0.49374054837971926,0.6423108763992786
1697792,0.046965845103841275,0.045939087693113834,3.6631172746419907,0.6047922391444445,0.11381197010632604,0.031046714400872588,3.867234341800213,1.3134545162320137,0.5147170396521688,0.6560887917876244
1698816,0.03672050783643499,0.03278753045015037,3.734746128320694,0.6082775834947824,0.10253014246700332,0.021173240267671645,3.844012074172497,1.4516558051109314,0.59998291824013,0.8774634152650833
1699840,0.06274763020337559,0.02833432686747983,3.732114225625992,0.6286710873246193,0.12178190413396806,0.02126779148238711,3.908843383193016,1.4404770098626614,0.4977770932018757,0.7426940547302365
1700864,0.050559569121105596,0.030970404157415032,3.6772743836045265,0.5619243551045656,0.11529808572959155,0.013319511199370027,3.789822481572628,1.3418202884495258,0.4704422065988183,0.6321491273120046
1701888,0.05905005265958607,0.04088374902494252,3.6193463131785393,0.5714049097150564,0.12813765718601644,0.027203320001717657,3.4976653680205345,1.0557526294142008,0.4776787208393216,0.7913794461637735
1702912,0.040937629630207084,0.02532375801820308,3.8317106813192368,0.6308585628867149,0.058891378837870434,0.019673223345307633,4.059064261615276,1.5668611899018288,0.52207519300282,0.7885996485128999
1703936,0.06554389445227571,0.04403910902328789,3.834673620760441,0.6933176461607218,0.11427360540255904,0.01673667653813027,3.5325809568166733,1.2626857198774815,0.6494648875668645,0.7474953448399901
1704960,0.05963226003223099,0.036126652848906815,3.6810570657253265,0.5907256472855806,0.08745858544716612,0.02373550902120769,3.760200574994087,1.5593155287206173,0.5494175162166357,0.7889697337523103
1705984,0.07303798565408215,0.048752454575151205,3.65505114197731,0.6156834177672863,0.10687731666257605,0.02172317070653662,3.5706847235560417,1.266347300261259,0.5817523077130318,0.7916800575330853
1707008,0.04665778286289424,0.047384223667904735,3.6796365529298782,0.5559544190764427,0.10541949822800234,0.018258923635585234,3.6122879907488823,1.2183665055781603,0.513501113280654,0.8794266488403082
1708032,0.060567601438378915,0.031517608906142414,3.803739681839943,0.6226428095251322,0.11344751005526632,0.01806711923563853,3.9305597469210625,1.4398297853767872,0.6935736080631614,0.57598193641752
1709056,0.05884341860655695,0.03712332743452862,3.7780055701732635,0.670500498265028,0.08504863784764893,0.020622496027499437,3.509643703699112,1.1682593263685703,0.5714883767068386,0.730863181874156
1710080,0.04192239578696899,0.029557463596574962,3.6905052587389946,0.5912334676831961,0.13084109709598124,0.018092775862896815,3.608583003282547,1.1184567343443632,0.565078841522336,0.9076565764844418
1711104,0.05210757564054802,0.06549453863408417,3.7282865941524506,0.5752640273422003,0.0931622177013196,0.022211013652849942,4.0549852922558784,1.6835580095648766,0.6730155618861318,0.8108609179034829
1712128,0.03316717894631438,0.04730794148053974,3.737727202475071,0.7567116543650627,0.0616003496106714,0.03173638560110703,3.5953774005174637,1.2397764474153519,0.8696623416617513,0.7771405847743154
1713152,0.05393155451747589,0.03454445977695286,3.748102754354477,0.6900219302624464,0.12043225704110228,0.029269317048601806,3.69064524769783,1.4740150980651379,0.6223130654543638,1.1378269670531154
1714176,0.05711835151305422,0.026281771308276802,3.7946563363075256,0.6934945564717054,0.10487872647354379,0.0167078108061105,3.719278372824192,1.4064551815390587,0.6073187310248613,0.831002932973206
1715200,0.06297894005547278,0.029426423541735858,3.739818960428238,0.691244900226593,0.10159329714952037,0.020512795774266124,3.49685787409544,1.2674284130334854,0.5364035964012146,0.9539465587586164
1716224,0.06024507898837328,0.027416081400588155,3.7825386002659798,0.6966491583734751,0.08449357820791192,0.01798449782654643,3.6538258716464043,1.406763855367899,0.5367411468178034,0.9273693226277828
1717248,0.05790758130024187,0.039382662856951356,3.56391042470932,0.4859759295359254,0.10975338355638087,0.019973393209511414,3.854451633989811,1.5218828953802586,0.8701056549325585,0.930198104120791
1718272,0.0677411975339055,0.03841839882079512,3.638472802937031,0.5566519852727652,0.14548753132112324,0.024020777374971658,3.603760212659836,1.1676432453095913,0.6446941355243325,0.8694574888795614
1719296,0.060527266206918284,0.04338063084287569,3.715723104774952,0.6311126947402954,0.09382343763718382,0.019067894521867856,3.5103639140725136,1.0471984427422285,0.6135618602856994,0.7144891582429409
1720320,0.05148227419704199,0.03446710965363309,3.7050642296671867,0.6124723497778177,0.07794339480460621,0.016958163294475526,3.891715958714485,1.381532859057188,0.5916298637166619,0.5531180333346128
1721344,0.04602330127090681,0.037907255347818136,3.786730319261551,0.6286053005605936,0.13585490302648395,0.019810345926089212,3.896227091550827,1.5008753910660744,0.42871046252548695,0.7211595205590129
1722368,0.0487437276460696,0.047142622293904424,3.7532925829291344,0.6811903920024633,0.11529973964206874,0.02576919790590182,3.520480528473854,1.2099504861980677,0.43214269634336233,0.7870248779654503
1723392,0.06656361045315862,0.045236958598252386,3.6259513050317764,0.6198506206274033,0.13922410609666258,0.02641636342741549,3.670492112636566,1.152058057487011,0.5117619428783655,0.6608464308083057
1724416,0.05303548989468254,0.024493750417605042,3.684268780052662,0.5863442365080118,0.07160235854098573,0.012362380977720022,3.504082180559635,1.1115880217403173,0.5145155191421509,0.8171006087213755
1725440,0.06193622518912889,0.031181988772004843,3.603369891643524,0.5760442074388266,0.11492064705817029,0.019619515136582777,3.377334199845791,1.1179401837289333,0.49304219987243414,0.8191357897594571
1726464,0.05199908584472723,0.03705005120718852,3.5584337264299393,0.6661316584795713,0.11880335677415133,0.021114398899953812,3.664587087929249,1.223619632422924,0.50936627574265,0.597936911508441
1727488,0.048087590461364016,0.02759841101942584,3.7757224068045616,0.6330031007528305,0.10879812674829736,0.012685630179475993,3.826888270676136,1.3711676225066185,0.5533925956115127,0.6476415609940886
1728512,0.057068299676757306,0.03938334941631183,3.7906730994582176,0.6365454718470573,0.11047942622099072,0.021851596829947084,3.880087584257126,1.4250815995037556,0.4543958241119981,0.6422763420268893
1729536,0.0424222661240492,0.028378892980981618,3.689642772078514,0.5613047704100609,0.07380133401602507,0.017274136189371347,3.6479931622743607,1.2490681894123554,0.4865641603246331,0.6704569105058908
1730560,0.06668460828950629,0.04236383462557569,3.736896626651287,0.6801682692021132,0.10918415663763881,0.02349346684059128,3.6893629878759384,1.2624523527920246,0.6886660046875477,0.697199628688395
1731584,0.05986799133825116,0.03978118457598612,3.6309636309742928,0.5436382470652461,0.15719505405286327,0.01761523584718816,3.717941254377365,1.3368598073720932,0.39778363332152367,0.5201226091012359
1732608,0.04125754647247959,0.035310552862938493,3.7045490592718124,0.6307346541434526,0.09875021193875,0.016433310200227425,3.6780571416020393,1.2569280304014683,0.5606250856071711,0.44981267815455794
1733632,0.05849024798953906,0.04462470207363367,3.5767543837428093,0.6039465125650167,0.10957596788648516,0.02074779340182431,3.4437012001872063,0.9941208157688379,0.6148363891988993,0.6505238078534603
1734656,0.06598731284611858,0.038757485745009035,3.4579932764172554,0.5459207929670811,0.136821509571746,0.025030105432961136,3.3575459644198418,0.9148401971906424,0.6066668517887592,0.7271384838968515
1735680,0.047645361977629364,0.04026832524687052,3.4865392968058586,0.5027857106178999,0.10535327740944922,0.023479998955735937,3.705727756023407,1.0654590725898743,0.5817122273147106,0.7729656547307968
1736704,0.05218253153725527,0.04433322697877884,3.6291358321905136,0.5819027200341225,0.1155567382229492,0.0201336738828104,3.9009457528591156,1.3271974101662636,0.5672907195985317,0.6041438011452556
1737728,0.0659621479571797,0.037570762273389846,3.7872339636087418,0.6496398895978928,0.11013506265589967,0.02526174101512879,3.7291207313537598,1.1237609256058931,0.5596351251006126,0.599985882639885
1738752,0.05747666038223542,0.038021954824216664,3.8254277110099792,0.6665141601115465,0.06862742136581801,0.018330617051105946,3.813908964395523,1.307781234383583,0.5954138012602925,0.6793490247800946
1739776,0.07218491405365057,0.03782789420802146,3.8767775893211365,0.7734082378447056,0.10667524265591055,0.020976428495487198,3.715306170284748,1.3235655762255192,0.5608157766982913,0.6445640400052071
1740800,0.05948635685490444,0.049921255675144494,3.849658891558647,0.7518882770091295,0.06752855039667338,0.021503945958102122,3.8069493547081947,1.6539642326533794,0.6836350318044424,0.5776365869678557
1741824,0.0670786258415319,0.03505297610536218,3.6870933547616005,0.6232555247843266,0.11938890174496919,0.01861984172137454,3.6800942346453667,1.368087824434042,0.6605401271954179,0.5367087060585618
1742848,0.041807479748968035,0.0287318168557249,3.6982753202319145,0.612696485593915,0.10599519684910774,0.029062466695904732,3.8074386417865753,1.4689644984900951,0.6032805796712637,0.7967239320278168
1743872,0.07678768452024087,0.03872104047331959,3.630939446389675,0.641603596508503,0.15064533666009083,0.02443552215117961,4.039051897823811,1.5503332130610943,0.5840663714334369,0.5505783502012491
1744896,0.04152074619923951,0.027717580320313573,3.775917023420334,0.6484536780044436,0.061321016313740984,0.01624921045731753,4.046884827315807,1.7946915030479431,0.7090800115838647,0.5827953405678272
1745920,0.07609799734200351,0.05594304366968572,3.7176968082785606,0.6936021465808153,0.1674388397950679,0.022937273897696286,3.9202785789966583,1.5725581385195255,0.6496117915958166,0.5766759933903813
1746944,0.05524645559489727,0.03822162590222433,3.6364375203847885,0.6380749624222517,0.09086963054141961,0.01913489869912155,3.6282357200980186,1.1187692191451788,0.7070680195465684,0.5886275144293904
1747968,0.05735384009312838,0.04091556998901069,3.5802464485168457,0.5108796842396259,0.12816767441108823,0.022916305111721158,3.4658933356404305,1.0697765592485666,0.6176296742632985,0.6883345590904355
1748992,0.046446993335848674,0.03447898314334452,3.713924363255501,0.5985607393085957,0.1296658602077514,0.014709772018250078,3.828490622341633,1.2132198046892881,0.5877749482169747,0.6593239083886147
1750016,0.03803389225504361,0.033048279699869454,3.4812876135110855,0.4408504953607917,0.0746433543972671,0.022014534886693582,3.548877142369747,1.143278956413269,0.502793088555336,0.7410471756011248
1751040,0.05920546443667263,0.03992447967175394,3.803882881999016,0.6788579244166613,0.13385345751885325,0.02215355887892656,3.9501177221536636,1.531795796006918,0.4883483601734042,0.5981550291180611
1752064,0.05951569403987378,0.032744472671765834,3.8855771720409393,0.7671836949884892,0.1389373216079548,0.016627812234219164,3.920031391084194,1.5915720984339714,0.5357072297483683,0.6655898448079824
1753088,0.07014873667503707,0.05146017053630203,3.7258860245347023,0.6930235400795937,0.09347382315900177,0.028365817735902965,4.049327239394188,1.6152329221367836,0.6754118166863918,0.5911056622862816
1754112,0.06246471306076273,0.03906643850496039,3.6623949259519577,0.6082478147000074,0.12585533398669213,0.02540234330808744,4.02955986559391,1.5337211638689041,0.5632417192682624,0.44981089886277914
1755136,0.058155294915195554,0.035132387769408524,3.6345565393567085,0.5820279959589243,0.15315437922254205,0.02312484962749295,3.8670292124152184,1.3742776848375797,0.6661969972774386,0.5465811416506767
1756160,0.046508538391208276,0.027438327262643725,3.7287370786070824,0.5992243010550737,0.12904936383711174,0.015121797798201442,3.8263292014598846,1.3553104661405087,0.5764269782230258,0.5034570805728436
1757184,0.06706021245918237,0.04140310612274334,3.7187040522694588,0.6631626840680838,0.09416957988287322,0.019097138690995052,3.5962725654244423,1.0085917189717293,1.0425457246601582,0.48593461606651545
1758208,0.05160995270125568,0.02135990100214258,3.6916489228606224,0.577102042734623,0.1389726831112057,0.019822387577733025,3.854227237403393,1.3396148644387722,0.4380110455676913,0.5857073524966836
1759232,0.06371520795801189,0.03471436718245968,3.7282520681619644,0.6240430064499378,0.11523254355415702,0.02487865023431368,3.423202984035015,1.0282400399446487,0.43303688056766987,0.7666343450546265
1760256,0.050870305800344795,0.04177627805620432,3.6234414279460907,0.5479452293366194,0.12133201857795939,0.02627723221667111,3.527106210589409,0.9356177859008312,0.5904535464942455,0.5965900840237737
1761280,0.04050948758958839,0.03078549657948315,3.703713558614254,0.598760824650526,0.09512077568797395,0.021449465391924605,3.887716233730316,1.3395408876240253,0.4895912129431963,0.5906765991821885
1762304,0.051988496401463635,0.03869355109054595,3.774332858622074,0.7342946324497461,0.12230403954163194,0.026315019465982914,3.8779991641640663,1.479825921356678,0.5243951426818967,0.6870577093213797
1763328,0.07063058044877835,0.036999263626057655,3.8515286594629288,0.6911864914000034,0.16780288703739643,0.015167624922469258,4.035242825746536,1.4922005198895931,0.48712484259158373,0.5799256376922131
1764352,0.050375559760141186,0.027532486827112734,3.7470367029309273,0.6357632875442505,0.11776357586495578,0.013628258690005168,3.538046918809414,0.9868038948625326,0.5169829996302724,0.7925345348194242
1765376,0.04719720539287664,0.034076281590387225,3.733938366174698,0.6506062410771847,0.10682365170214325,0.01705064531415701,3.7781337946653366,1.12389868311584,0.5509150391444564,0.6045008487999439
1766400,0.05927073679049499,0.03503458452178165,3.6841021478176117,0.6619849391281605,0.1420033078175038,0.023222021496621892,3.8381728380918503,1.1964179947972298,0.5817903243005276,0.6005037939175963
1767424,0.048186392814386636,0.055471394676715136,3.667818509042263,0.6194168440997601,0.10243394714780152,0.029873049235902727,3.863983228802681,1.1835011392831802,0.736498941667378,0.6676797615364194
1768448,0.04621584448614158,0.032484527793712914,3.661391004920006,0.5997362192720175,0.12069467408582568,0.018707284732954577,4.0303880870342255,1.4854029417037964,0.5329810231924057,0.5549349440261722
1769472,0.04108421270211693,0.04186061839573085,3.685476668179035,0.6054909564554691,0.11251906369579956,0.02121706132311374,3.68546299636364,1.2267628125846386,0.6126940147951245,1.010149092413485
1770496,0.06829112401464954,0.03582899394677952,3.700172998011112,0.6927732899785042,0.16127262570080347,0.020484083652263507,3.8538618832826614,1.3431862369179726,0.5006193034350872,0.6031327592208982
1771520,0.03917470554006286,0.028090620937291533,3.627991020679474,0.5533387809991837,0.07927954150363803,0.0213284908386413,3.7450133115053177,1.2953196056187153,0.5976574653759599,0.7454737545922399
1772544,0.04439508444193052,0.031979219522327185,3.8262102380394936,0.6737299989908934,0.08510162692982703,0.015479576482903212,3.7412445470690727,1.3692256771028042,0.5772999301552773,0.5477770352736115
1773568,0.04732248923392035,0.03583923587575555,3.6589085534214973,0.5821464657783508,0.12100749521050602,0.019585211237426847,3.5494685247540474,1.1006618738174438,0.5838472293689847,0.7808496952056885
1774592,0.0549425165518187,0.04403749480843544,3.5908636450767517,0.5549410060048103,0.10883020516484976,0.01834981734282337,3.64519439637661,1.2517562545835972,0.5275239637121558,0.5542146805673838
1775616,0.05503274060902186,0.03142132988432422,3.792573243379593,0.7286795321851969,0.08979919628472999,0.016694243997335434,3.891215056180954,1.4109066277742386,0.5262855896726251,0.7002729577943683
1776640,0.05050069830031134,0.03467235527932644,3.7317192554473877,0.7026018556207418,0.12144918518606573,0.013631086912937462,3.950199581682682,1.4282115437090397,0.5422012936323881,0.4766746452078223
1777664,0.05418571806512773,0.03355924866627902,3.583508461713791,0.5833636540919542,0.11754475574707612,0.01493294644751586,3.565297484397888,1.162816122174263,0.5359763149172068,0.5821522902697325
1778688,0.05421990528702736,0.04126883496064693,3.5563651621341705,0.5265947785228491,0.10445010603871197,0.024571898829890415,3.780210502445698,1.2460408322513103,0.7191101275384426,0.6756018009036779
1779712,0.042221190815325826,0.03131172765279189,3.7346769496798515,0.674999114125967,0.12262627074960619,0.02720459271222353,3.6270448490977287,1.1390750370919704,0.4890800518915057,0.7696349732577801
1780736,0.07257737152394839,0.04034420056268573,3.7125736996531487,0.6125811580568552,0.12323735986137763,0.013699602423002943,3.525908187031746,1.0337330866605043,0.6270815245807171,0.7211029464378953
1781760,0.03947969575528987,0.03933799086371437,3.6152270138263702,0.48059110436588526,0.08614560577552766,0.015870410134084523,3.443250820040703,1.0345204696059227,0.5403669672086835,0.6960891205817461
1782784,0.04507658276997972,0.04860252526123077,3.849111370742321,0.7628946714103222,0.07206691219471395,0.02923624444520101,3.847875662147999,1.3694900870323181,0.5870539555326104,0.6697843689471483
1783808,0.06596805111621507,0.049817563965916634,3.715392641723156,0.715437538921833,0.12039686902426183,0.02796752384165302,3.5713750049471855,1.2029814720153809,0.6647824123501778,0.9351866124197841
1784832,0.054080583606264554,0.043803311651572585,3.489294148981571,0.4732773154973984,0.1698048054240644,0.026161223999224603,4.049614101648331,1.6188956312835217,1.0384898073971272,0.7052398817613721
1785856,0.04578635918733198,0.031707899062894285,3.5936995446681976,0.5045491922646761,0.10876478004502133,0.016002250849851407,4.123477414250374,1.6533111929893494,0.7194466618821025,0.5194207774475217
1786880,0.04763673333218321,0.02240071864798665,3.683689847588539,0.5530755650252104,0.08594747842289507,0.013303920073667541,3.9839948117733,1.7056824304163456,0.8965483987703919,0.7105560302734375
1787904,0.044855550993815996,0.05878125783056021,3.9441467821598053,0.7970833238214254,0.0704919254349079,0.025792239292059094,3.668174535036087,1.4330820888280869,0.6138552390038967,0.9039112292230129
1788928,0.07009422918781638,0.04244969313731417,3.8296535536646843,0.708537021651864,0.18661124259233475,0.018945693474961445,3.972133219242096,1.8073283322155476,0.5225867470726371,0.778556939214468
1789952,0.05039684462826699,0.03403815283672884,3.6034290939569473,0.5589837562292814,0.152867496246472,0.021064237866085023,3.807988867163658,1.345217265188694,0.4300249209627509,0.5395408906042576
1790976,0.037977375177433714,0.02297697518952191,3.739668019115925,0.5769130028784275,0.06553913961397484,0.010042076857644133,3.948413521051407,1.531311932951212,0.6403752584010363,0.6816617408767343
1792000,0.06209724105428904,0.028039739932864904,3.678505852818489,0.5696966014802456,0.10315667081158608,0.01907935057533905,3.95029853284359,1.5727034471929073,0.5781415374949574,1.0006213244050741
1793024,0.03884914725495037,0.03063433349598199,3.7478684186935425,0.7099033538252115,0.047481814777711406,0.018531818554038182,3.6484998166561127,1.4053160101175308,0.6513793170452118,0.8591924319043756
1794048,0.06577408313751221,0.038199333823286,3.7748450115323067,0.7623252756893635,0.10759973467793316,0.0195633313851431,3.4698613733053207,1.2151241898536682,0.6078445399180055,0.8414034396409988
1795072,0.04620461352169514,0.036156946036498994,3.6061092764139175,0.5578190013766289,0.1289024220313877,0.01779779908247292,4.129307895898819,1.9047953449189663,0.4885940616950393,0.647701290436089
1796096,0.04484434926416725,0.04822622274514288,3.716227188706398,0.7512889299541712,0.0818955042923335,0.021688259614165872,3.9020425230264664,1.5431173257529736,0.7270549032837152,0.6767628947272897
1797120,0.05805450974730775,0.03501459117978811,3.6090029776096344,0.5917874276638031,0.1531541096046567,0.022881028766278177,3.8974205926060677,1.5740023776888847,0.5620474135503173,0.907693600282073
1798144,0.05438200650678482,0.0432919948361814,3.76562263071537,0.6347478218376637,0.11372077823034488,0.02463536092545837,3.874036528170109,1.594616036862135,0.6825006939470768,1.0385695789009333
1799168,0.05701191769912839,0.04275537538342178,3.665015012025833,0.5850243493914604,0.09848172646888997,0.020102788199437782,3.580379568040371,1.1793558299541473,0.6056228438392282,0.6559213660657406
1800192,0.04714268969837576,0.035974675964098424,3.687243014574051,0.6229677116498351,0.13759167748503387,0.023977173521416262,3.976138487458229,1.7123282942920923,0.6144784204661846,1.0080565111711621
1801216,0.04230227376683615,0.03991944657173008,3.723339520394802,0.6498433444648981,0.08861631364561617,0.01819732875446789,3.5869883224368095,1.2167936358600855,0.6632016533985734,0.5739131541922688
1802240,0.07261443190509453,0.03582924901274964,3.7531938180327415,0.6902636419981718,0.11405402066884562,0.01875269418815151,3.4719052836298943,0.9581785183399916,0.6130713503807783,0.6637552436441183
1803264,0.038198751979507506,0.04113360622432083,3.7377455979585648,0.6738865133374929,0.10254594899015501,0.023517796827945858,3.8090739622712135,1.2545081973075867,0.6270645027980208,0.6509338021278381
1804288,0.07434774126159027,0.03588790254434571,3.697286270558834,0.6433454789221287,0.17091324995271862,0.022633277636487037,4.001367747783661,1.4334171749651432,0.5432825339958072,0.5538149424828589
1805312,0.05278006044682115,0.030668400460854173,3.7216880545020103,0.61739800311625,0.11383458744967356,0.02035742561565712,3.822303667664528,1.1709206327795982,0.5950269158929586,0.6406833399087191
1806336,0.05490147936507128,0.03511186473770067,3.606193743646145,0.5210899030789733,0.15748666995204985,0.010319077468011528,3.766750507056713,1.0735641419887543,0.5093730054795742,0.5768824201077223
1807360,0.044107405192335136,0.026720390073023736,3.6743892654776573,0.5612297868356109,0.0762996576668229,0.0181223299150588,3.768525570631027,1.1503372061997652,0.5795788187533617,0.6915049571543932
1808384,0.04651467059738934,0.028981589421164244,3.616395525634289,0.5182227892801166,0.06913099036319181,0.022046237310860306,3.4773493707180023,1.195479091256857,0.5001910626888275,0.9984792722389102
1809408,0.057931855371862184,0.042470060056075454,3.5840132161974907,0.5368307689204812,0.13865733379498124,0.01763407399994321,3.884507305920124,1.4542842842638493,0.6717243641614914,0.737814012914896
1810432,0.05553207450429909,0.03742449905257672,3.8088614642620087,0.6866967845708132,0.06784159614471719,0.023032376921037212,4.0885187312960625,1.7426758594810963,0.5645063295960426,0.659687789157033
1811456,0.05211337187211029,0.04798959684558213,3.656246565282345,0.6496874541044235,0.07639338649460115,0.03473821491934359,3.7199493274092674,1.2888981252908707,0.5907166497781873,0.9259604010730982
1812480,0.05595639476086944,0.030627525527961552,3.7371873259544373,0.6109188832342625,0.12670914677437395,0.022480953455669805,3.690993271768093,1.250994261354208,0.5772612364962697,0.7306421278044581
1813504,0.04476236624759622,0.024070553947240114,3.764625132083893,0.5756694031879306,0.10880572104360908,0.013675170193891972,3.691299393773079,1.2690366692841053,0.5624521635472775,0.7765293903648853
1814528,0.05664489878108725,0.030548602808266878,3.788456119596958,0.6800917498767376,0.11870939959771931,0.011492800244013779,3.7788798213005066,1.3418637812137604,0.5793037554249167,0.7590639386326075
1815552,0.04037425678689033,0.035438449063804,3.671108826994896,0.5452770842239261,0.1120617437409237,0.022983558010309935,3.8396733179688454,1.351320281624794,0.6204654527828097,0.6353387655690312
1816576,0.06477399065624923,0.033993878634646535,3.6706003844738007,0.6405953541398048,0.1327182031236589,0.016620511742075905,3.7173997163772583,1.1310749929398298,0.5457851542159915,0.6791564300656319
1817600,0.0562233324162662,0.04567761265207082,3.7698296159505844,0.6343836113810539,0.1195734305656515,0.016976905812043697,3.7091234251856804,1.0954246707260609,0.6977027114480734,0.5858252700418234
1818624,0.05671392925432883,0.027022293710615486,3.6509200260043144,0.5888337083160877,0.06796561920782551,0.013559327431721613,3.5189303904771805,1.1065856721252203,0.5975487194955349,0.8088807575404644
1819648,0.0462834602149087,0.03792532329680398,3.6469508334994316,0.5364289805293083,0.12694625603035092,0.020544994593365118,3.7143463268876076,1.5130288992077112,0.6286051841452718,1.0237646428868175
1820672,0.06120099168037996,0.05388577561825514,3.838401585817337,0.6842426210641861,0.06410312908701599,0.022339151735650375,4.019982568919659,1.756313782185316,0.6350717917084694,0.8638733262196183
1821696,0.048679745057597756,0.024761738255620003,3.8023193180561066,0.6237487364560366,0.06188569890218787,0.017246989722480066,4.054122895002365,1.9063885658979416,0.5125620774924755,0.8036325862631202
1822720,0.060723527043592185,0.04598615929717198,3.6851540878415108,0.6249673012644053,0.10860030690673739,0.022826337342849,3.739451088011265,1.4813339486718178,0.6601674724370241,0.714769346639514
1823744,0.041422547394176945,0.03602983808377758,3.7775879949331284,0.646740535274148,0.06301920328405686,0.01381985831540078,3.617907926440239,1.3824211470782757,0.7781202765181661,0.8137731282040477
1824768,0.05571233408409171,0.040475138812325895,3.7867232859134674,0.6704639811068773,0.14319916628301144,0.02541867591207847,3.8034205362200737,1.464277271181345,0.481783926486969,0.7088455026969314
1825792,0.06026322647812776,0.04529420763719827,3.641188107430935,0.6010844018310308,0.15293207811191678,0.019398549280595034,3.7334069833159447,1.2634108029305935,0.6498341178521514,0.6233667442575097
1826816,0.04897069337312132,0.02559431066038087,3.79394493997097,0.6859578918665648,0.08555668807821348,0.01979090750683099,3.713640421628952,1.1467394977807999,0.5190942948684096,0.9843744309619069
1827840,0.05695170717081055,0.03413266810821369,3.6097143813967705,0.5517155844718218,0.10578902560519055,0.01700407627504319,3.6429644003510475,1.2791715525090694,0.4905773112550378,0.5768774077296257
1828864,0.044826646539149806,0.02947262325324118,3.659098692238331,0.6154806204140186,0.13588707544840872,0.022393154475139454,3.927729383111,1.5573566928505898,0.4524103095754981,1.0818707952275872
1829888,0.06241389672504738,0.03570243564900011,3.7221546918153763,0.5800692122429609,0.141695658210665,0.020627595979021862,3.839240461587906,1.3962366357445717,0.5060214707627892,0.6736313216388226
1830912,0.04434412052796688,0.02574154658941552,4.006098918616772,0.830545324832201,0.037342437863117084,0.016168783942703158,3.8730525746941566,1.5328404419124126,0.766812696121633,0.7089525824412704
1831936,0.06765865994384512,0.04436356917722151,3.7638416588306427,0.6652618031948805,0.12654500547796488,0.02190620789770037,3.5804644599556923,1.2906097956001759,0.547691966407001,0.8128035496920347
1832960,0.059956711338600144,0.03556514292722568,3.6446292027831078,0.5832202360033989,0.12299054779578,0.03251286468002945,3.83894994109869,1.5216621570289135,0.6202824888750911,0.7261111605912447
1833984,0.05010375162237324,0.02883454051334411,3.766614980995655,0.6826762780547142,0.11075491335941479,0.014504799706628546,3.9481983184814453,1.5558149963617325,0.4249281920492649,0.6747218407690525
1835008,0.04217982169939205,0.03566653560847044,3.5854816511273384,0.505011391825974,0.059289356315275654,0.018902506213635206,3.4832787215709686,1.1892624124884605,0.5128681678324938,0.7949597826227546
1836032,0.05176744997152127,0.04411382641410455,3.7777044773101807,0.6600555889308453,0.09954897250281647,0.030412316438741982,3.71374973654747,1.5012601912021637,0.6888216380029917,0.749951877631247
1837056,0.04339997109491378,0.0476520243100822,3.771236687898636,0.6573885399848223,0.09490285749780014,0.02843565569492057,3.636039011180401,1.4431592337787151,0.7045550849288702,0.8720406526699662
1838080,0.05532306671375409,0.03683130978606641,3.8000650852918625,0.6894919015467167,0.1054077997978311,0.0139405440131668,3.67011371999979,1.229785569012165,0.690684306435287,0.5453078700229526
1839104,0.05542193495784886,0.04847781092394143,3.711313880980015,0.617350609973073,0.16201241710223258,0.029631918529048562,3.8918461725115776,1.585561603307724,0.7600815268233418,0.5862858640030026
1840128,0.05677912867395207,0.042386584100313485,3.679950639605522,0.595337338745594,0.13956825574859977,0.021504854987142608,3.840964749455452,1.4820178374648094,1.4040798973292112,0.6958325179293752
1841152,0.04937288022483699,0.032127331010997295,3.583081342279911,0.5211118133738637,0.09883179992903024,0.022317191760521382,3.76422081887722,1.3035097941756248,0.45088047720491886,0.5799486292526126
1842176,0.04089533907244913,0.03696597623638809,3.739044800400734,0.6598948296159506,0.13036117563024163,0.01780436866101809,3.774777442216873,1.2423078790307045,0.5134711191058159,0.643544333986938
1843200,0.04789159118081443,0.041735985258128494,3.5881524980068207,0.5479448065161705,0.12246259991661645,0.023166282277088612,3.685469776391983,1.169638678431511,0.5049118101596832,0.6208860613405704
1844224,0.07247168035246432,0.04543932748492807,3.7370600476861,0.6769710443913937,0.10073737613856792,0.02028939631418325,3.4600498154759407,1.0108064878731966,0.47875493578612804,0.6019365331158042
1845248,0.05132572480943054,0.035480733669828624,3.606625013053417,0.5247074291110039,0.10257888090563938,0.020417739258846268,3.7227379381656647,1.19707889854908,0.47864239290356636,0.6054340321570635
1846272,0.04122399233165197,0.029950435156933963,3.639945812523365,0.5005179569125175,0.10593033651821315,0.013919728400651366,4.020743317902088,1.5439717322587967,0.5778998043388128,0.5595400528982282
1847296,0.04887272499036044,0.02957802190212533,3.7372446432709694,0.5882470179349184,0.12528670148458332,0.022228137822821736,4.018045969307423,1.4876460209488869,0.48485715314745903,0.5953864250332117
1848320,0.044256119610508904,0.02956755069317296,3.676610291004181,0.5521401148289442,0.14367062994278967,0.017750379542121664,4.075861670076847,1.6050900928676128,0.47660181671380997,0.6489604199305177
1849344,0.05788125790422782,0.0483056353405118,3.6782344803214073,0.5774620827287436,0.13572399178519845,0.026118894631508738,3.853455536067486,1.4047826454043388,0.5341784060001373,0.7039707852527499
1850368,0.043941898955381475,0.052074806997552514,3.6266161277890205,0.5802708119153976,0.08220016857376322,0.02988569688750431,3.6699749380350113,1.151138212531805,0.7080268673598766,0.7348656803369522
1851392,0.05948339233873412,0.03471407509641722,3.745363801717758,0.6806388311088085,0.12081526039401069,0.0141626764961984,3.5022200495004654,1.1134446263313293,0.6513752471655607,0.6748639419674873
1852416,0.0592483137443196,0.025917275226674974,3.7040821984410286,0.6265045516192913,0.1536218433175236,0.013030500660534017,3.751737914979458,1.1704405192285776,0.5481759449467063,0.48025630693882704
1853440,0.08609258092474192,0.02624333096900955,3.7165692821145058,0.7094228994101286,0.1318369001382962,0.0124797315656906,3.5134650468826294,0.9348236154764891,0.5210157078690827,0.48773752246052027
1854464,0.04954409765196033,0.04453054285841063,3.7420670613646507,0.5844185911118984,0.0776163840200752,0.024748911033384502,3.757514774799347,1.2431461289525032,0.7113539893180132,0.5914821531623602
1855488,0.04016930257785134,0.03161928942427039,3.7952116653323174,0.6282205265015364,0.11396521073766053,0.014832629123702645,4.143741965293884,1.6218824498355389,0.4963665930554271,0.786192602943629
1856512,0.04314483130292501,0.03561947087291628,3.7516786754131317,0.6147353900596499,0.09309507804573514,0.01720468743587844,3.5396478176116943,1.2653314657509327,0.5935050640255213,0.7196023417636752
1857536,0.056145242211641744,0.04824321728665382,3.729225128889084,0.6403998769819736,0.12283684231806546,0.02468203066382557,3.771944187581539,1.335791401565075,0.6455712448805571,0.6720871115103364
1858560,0.056615008012158796,0.044099127291701734,3.811904288828373,0.7051213290542364,0.10509122954681516,0.027724810119252652,3.7763409540057182,1.457913115620613,0.5629311064258218,0.7815703647211194
1859584,0.06844846151943784,0.03467012447072193,3.64608371257782,0.590594669803977,0.15789514617063105,0.022376335778972134,4.002002723515034,1.4938983619213104,0.5669206157326698,0.497278549708426
1860608,0.04927879280876368,0.017571516131283715,3.9058160483837128,0.709261953830719,0.12866340455366299,0.01003818069875706,3.8619719967246056,1.2070156894624233,0.5227529788389802,0.6224896423518658
1861632,0.04921258433023468,0.03154886711854488,3.748994395136833,0.6546500213444233,0.07466687069972977,0.02033372613368556,3.5958490818738937,1.030349338427186,0.7091886857524514,0.6818709839135408
1862656,0.05064729499281384,0.028464457136578858,3.6130627170205116,0.5405340250581503,0.12138151656836271,0.015148980630328879,3.643639415502548,1.1076625380665064,0.6597099136561155,0.5863040322437882
1863680,0.051118086790665984,0.02560414408799261,3.7783681973814964,0.6298125889152288,0.10882068111095577,0.011911105786566623,3.8485534489154816,1.2171567603945732,0.5433106813579798,0.4777368726208806
1864704,0.05931828109896742,0.03684842272195965,3.695590600371361,0.6171826831996441,0.12250176619272679,0.019161708187311888,3.68425265699625,1.2508769873529673,0.5006132954731584,0.5950339743867517
1865728,0.056042645242996514,0.04107850993750617,3.677766665816307,0.6029181834310293,0.11924623895902187,0.028487094794400036,3.9122214540839195,1.4052341096103191,0.5506323911249638,0.5851107481867075
1866752,0.050915212341351435,0.03432479372713715,3.613579422235489,0.6065085157752037,0.1201346410671249,0.018586169317131862,3.509074665606022,1.011077418923378,0.6319663589820266,0.7480975249782205
1867776,0.0613225307315588,0.021089815767481923,3.8133784532546997,0.7249403987079859,0.05765308975242078,0.015141924523049966,3.4047674983739853,1.1197528410702944,0.7131754038855433,0.6736299069598317
1868800,0.05779337958665565,0.049329252913594246,3.7045863270759583,0.6036608424037695,0.10173887119162828,0.030372231325600296,3.732097879052162,1.401386197656393,1.3687526239082217,0.7691200040280819
1869824,0.054016751470044255,0.03786865377333015,3.93048557639122,0.7713865116238594,0.13510187290376052,0.018955101986648515,3.9077182710170746,1.484716683626175,0.8899953234940767,0.7745405696332455
1870848,0.05400544131407514,0.03431016992544755,3.73572900891304,0.6233993582427502,0.13573116005863994,0.019081290840404108,3.6710671111941338,1.2078192792832851,0.7272121757268906,0.7014748295769095
1871872,0.06098360728356056,0.03318902920000255,3.6170684844255447,0.5805765558034182,0.12543142563663423,0.01658286713063717,3.647695057094097,1.0357127338647842,0.6540335230529308,0.5226028086617589
1872896,0.04323839001881424,0.04719341895543039,3.6210159212350845,0.5286096855998039,0.08503600797848776,0.013891501497710124,3.6316194757819176,1.1122444421052933,0.6178810084238648,0.5917497836053371
1873920,0.0541076005611103,0.03671984130050987,3.718587063252926,0.6876315865665674,0.07506600971100852,0.015881949744652957,3.620615892112255,1.1796288155019283,0.5263499720022082,0.6452815840020776
1874944,0.06037677178392187,0.04504328052280471,3.6490066945552826,0.6994775347411633,0.08678511413745582,0.02054110003518872,3.6034437865018845,1.1751462761312723,0.5754610048606992,0.6579014314338565
1875968,0.05254601238993928,0.04441092669731006,3.7241884246468544,0.6398072708398104,0.11412066698540002,0.015586067253025249,3.697852708399296,1.406954638659954,0.8215952040627599,0.6101025938987732
1876992,0.060939518705708906,0.03757550043519586,3.7713575959205627,0.6671908833086491,0.13188019092194736,0.023107386892661452,3.5557527244091034,1.155081732198596,0.8670504102483392,0.580303942784667
1878016,0.06255159867578186,0.02699429984204471,3.7658301815390587,0.6465056110173464,0.09698606515303254,0.016360747249564156,3.5189180746674538,1.0024203471839428,0.5195419266819954,0.6963175926357508
1879040,0.043507596230483614,0.02663265122100711,3.663624309003353,0.5406696442514658,0.09010673419106752,0.01039050285180565,3.4644688963890076,1.060297705233097,0.7245521079748869,0.5847363555803895
1880064,0.06481529190205038,0.052491130656562746,3.627380535006523,0.6469055190682411,0.1211815302085597,0.03415023349225521,3.4181001409888268,1.12867240794003,0.6688629323616624,0.620509397238493
1881088,0.05749393864243757,0.0406818215851672,3.656216576695442,0.6541362907737494,0.10915939917322248,0.021474460430908948,3.7027866765856743,1.2986187636852264,0.5598027817904949,0.5133872600272298
1882112,0.042502887081354856,0.029323194117750973,3.567912273108959,0.5726563669741154,0.11621743603609502,0.017307042988250032,3.634627401828766,1.1801122296601534,0.5623792055994272,0.5184073750860989
1883136,0.04732541317935102,0.03501867421437055,3.6355861499905586,0.6621655505150557,0.08660355584288482,0.017714738787617534,3.66702701151371,1.1528330575674772,0.5776051413267851,0.7539414996281266
1884160,0.046376129204872996,0.045054855989292264,3.6632272079586983,0.7206300552934408,0.06813763588434085,0.016393435333156958,3.469192460179329,1.1742044258862734,0.8919564839452505,0.7320008324459195
1885184,0.0553173988009803,0.0378302785102278,3.688793867826462,0.643193582072854,0.11030970304273069,0.022798417194280773,3.7237075492739677,1.4094998501241207,0.6735219024121761,0.5848432322964072
1886208,0.061431424284819514,0.035169707727618515,3.7390405610203743,0.6353391259908676,0.11611002328572795,0.01620267890393734,3.942404091358185,1.4387710690498352,0.8073380766436458,0.4837643848732114
1887232,0.05856804069480859,0.03155127674108371,3.801065482199192,0.6501525063067675,0.09948279365198687,0.01357040244329255,3.5726215913891792,1.2872316800057888,0.8024580096825957,0.5041006784886122
1888256,0.05015882969019003,0.050495670875534415,3.7327673211693764,0.68311189673841,0.05963455158052966,0.019665223197080195,3.804296590387821,1.6676453948020935,0.6492030099034309,0.5378166111186147
1889280,0.06284878100268543,0.03668157913489267,3.713051863014698,0.6758078318089247,0.14236478973180056,0.02415225433651358,3.840867705643177,1.7269202657043934,0.7843229249119759,0.7592841293662786
1890304,0.05884778033941984,0.044440538389608264,3.695905238389969,0.6568157374858856,0.10603578592417762,0.03597179421922192,3.664295457303524,1.398185145109892,0.8005791679024696,0.6402739100158215
1891328,0.05698950523219537,0.037114424572791904,3.830974981188774,0.6964063290506601,0.12592835596296936,0.026314314221963286,3.837290644645691,1.5193192660808563,0.5941753070801497,0.6502695102244616
1892352,0.04698784062929917,0.04144251416437328,3.7445209324359894,0.6733118370175362,0.13078960229177028,0.020146179129369557,3.9364369064569473,1.500768020749092,0.8263606540858746,0.7999702747911215
1893376,0.04960805451264605,0.032029109133873135,3.738001547753811,0.6497450135648251,0.08242876530857757,0.019502778013702482,3.8071157038211823,1.3805458769202232,0.6824730429798365,0.5757604641839862
1894400,0.06558695784769952,0.03861983714159578,3.6441638618707657,0.6353524308651686,0.13156758132390678,0.02482381771551445,3.5976043567061424,1.1688009221106768,0.5754582416266203,0.6820178916677833
1895424,0.06464608179521747,0.035059573012404144,3.6051170229911804,0.6429859083145857,0.15082128637004644,0.018541458470281214,3.6166038289666176,1.149899672716856,0.8347442923113704,0.6705668102949858
1896448,0.061687132096267305,0.03622679738327861,3.7167339622974396,0.7260185070335865,0.07813107455149293,0.01855098598753102,3.5936713069677353,1.0798561088740826,0.5950075313448906,0.6592405745759606
1897472,0.03949319820094388,0.04119440197246149,3.8471544310450554,0.7643885184079409,0.08406746576656587,0.018544446676969528,3.7047814577817917,1.2565152868628502,0.7410823907703161,0.6336467191576958
1898496,0.05292127121356316,0.0384011174319312,3.7975192815065384,0.7014123667031527,0.08935947401914746,0.02106733451364562,3.4160009026527405,1.2013433501124382,0.5913810348138213,0.7804055511951447
1899520,0.05968825987656601,0.05658254190348089,3.7813778668642044,0.7417367212474346,0.08672081655822694,0.0318051659851335,3.596797801554203,1.1953704990446568,0.9031452015042305,0.7932826289907098
1900544,0.07053082514903508,0.04321525013074279,3.747367776930332,0.6945354081690311,0.15029772371053696,0.0202916610869579,3.910348579287529,1.4490260109305382,0.548400946892798,0.4797328859567642
1901568,0.05343993939459324,0.04526655375957489,3.734186165034771,0.6143355686217546,0.0957715343683958,0.025675044569652528,3.8517249822616577,1.4086639322340488,0.7241039257496595,0.5593835534527898
1902592,0.07199912358191796,0.04055754898581654,3.6719648465514183,0.5777502041310072,0.1327455029822886,0.023537631088402122,3.6644724309444427,1.1538223419338465,0.665429824963212,0.6780248079448938
1903616,0.05169895652215928,0.04252864827867597,3.6437493190169334,0.585889246314764,0.10069042426766828,0.025350469979457557,3.282354660332203,0.9189615976065397,0.6301852511242032,0.6707785716280341
1904640,0.04705273413856048,0.029127617774065584,3.74004615098238,0.5765480305999517,0.12267301185056567,0.017445957666495815,3.844923347234726,1.2294361293315887,0.5229540811851621,0.5195153327658772
1905664,0.05957049032440409,0.029338109772652388,3.8588870018720627,0.7045654393732548,0.14043362881056964,0.01454823961830698,3.8308275565505028,1.238887831568718,0.5637575527653098,0.5445947553962469
1906688,0.06174622947582975,0.028144086885731667,3.628840811550617,0.5847135726362467,0.14067274960689247,0.013008695212192833,3.7163338363170624,1.1739881001412868,0.5513256182894111,0.5810562632977962
1907712,0.0465377920481842,0.041092684550676495,3.7987077236175537,0.701105784624815,0.04043614908005111,0.027352900593541563,3.7690489068627357,1.2745274305343628,0.5924149099737406,0.6145796719938517
1908736,0.06062387820566073,0.029245208483189344,3.7985918894410133,0.6539371833205223,0.1591554256156087,0.014216057301382534,3.9267584830522537,1.5957533568143845,0.613160265609622,0.7474569324404001
1909760,0.05376630264800042,0.03617631969973445,3.6622389927506447,0.6785218436270952,0.12077310588210821,0.0234078005887568,3.912251442670822,1.5642726458609104,0.5142440013587475,0.5662508667446673
1910784,0.045283978164661676,0.02613180730259046,3.6722459495067596,0.5479793315753341,0.1357629873091355,0.01853437940008007,3.8488904237747192,1.5586613416671753,0.5717847221530974,0.7148478468880057
1911808,0.054185954213608056,0.03390725707868114,3.7517010271549225,0.6431480702012777,0.04962264950154349,0.01766589900944382,3.5197430849075317,1.2093011997640133,0.608383166603744,0.7387888021767139
1912832,0.05389913116232492,0.03743655455764383,3.709218345582485,0.6116535663604736,0.06855100291431881,0.025311483477707952,3.6497707068920135,1.335028000175953,0.650660615414381,0.7794328695163131
1913856,0.0555504045332782,0.029230277927126735,3.3675985783338547,0.45088949147611856,0.17219790793024004,0.018971898389281705,3.984837658703327,1.6769018061459064,0.6761146876960993,0.8535099914297462
1914880,0.04598245833767578,0.03353997191879898,3.5605707988142967,0.48880337458103895,0.048802539182361215,0.016128106275573373,3.4244970083236694,1.2683416418731213,0.5097759738564491,0.6860604984685779
1915904,0.04562062135664746,0.036906832770910114,3.736857131123543,0.6252722525969148,0.08815314318053424,0.022377170535037294,3.832028493285179,1.4685750268399715,0.8934684451669455,1.0271085323765874
1916928,0.06649910617852584,0.03984633018262684,3.8112434297800064,0.6958363614976406,0.13257902883924544,0.023000247951131314,3.8557943925261497,1.4998272843658924,0.5250453054904938,0.7147237295284867
1917952,0.050150156079325825,0.02982760255690664,3.724767714738846,0.6357123721390963,0.11095310101518407,0.02026403247145936,3.9562726989388466,1.540357332676649,0.45901927538216114,0.6235866919159889
1918976,0.05442603147821501,0.0334806265309453,3.73284325748682,0.6467972490936518,0.10601823648903519,0.020036705827806145,3.877409815788269,1.441593810915947,0.59912995621562,0.6162246046587825
1920000,0.03841708324762294,0.03480518271680921,3.594096541404724,0.520350044593215,0.12781962694134563,0.025557774875778705,3.8599823489785194,1.5169270224869251,0.4417377533391118,0.5822407267987728
1921024,0.0601650754106231,0.05432901042513549,3.6668585166335106,0.677091320976615,0.15446951345074922,0.02379447204293683,3.751288376748562,1.2143317349255085,0.5389695102348924,0.6655446290969849
1922048,0.0439955239999108,0.0367192568955943,3.783368468284607,0.6353962123394012,0.08610247235628776,0.022040119773009792,3.7030269131064415,1.1671002358198166,0.7169364681467414,0.46162502840161324
1923072,0.04733967679203488,0.023908517556264997,3.6446337923407555,0.6005282029509544,0.08540497365174815,0.015560737490886822,3.924709789454937,1.39641572535038,0.500319879502058,0.6033004708588123
1924096,0.050165456283139065,0.037351739360019565,3.76335546374321,0.7065058201551437,0.11255045721190982,0.023203227086924016,3.741816073656082,1.3910717945545912,0.5789729156531394,0.6465982599183917
1925120,0.05162490933435038,0.020453324948903173,3.6999437883496284,0.530572148039937,0.11586435121716931,0.015700613730587065,3.8969836980104446,1.5453992933034897,0.5016171475872397,0.6412861058488488
1926144,0.07438886992167681,0.04045007337117568,3.740355223417282,0.6435876581817865,0.10510786176018883,0.018169882067013532,3.428349956870079,1.1150376945734024,0.5289973551407456,0.4681224152445793
1927168,0.03851661377120763,0.01725863292813301,3.740585930645466,0.585348654538393,0.08888393430970609,0.01078377867816016,3.7820066958665848,1.4634097628295422,0.5627829506993294,0.5680735539644957
1928192,0.062445058807497844,0.03081382642267272,3.718859478831291,0.6154951397329569,0.11907120852265507,0.01871054811635986,3.7683697268366814,1.3103997744619846,0.5664179353043437,0.733510778285563
1929216,0.07457844645250589,0.03680747788166627,3.648929215967655,0.673326876014471,0.14212065597530454,0.018547112587839365,4.031164288520813,1.5321350656449795,0.6521508088335395,0.7102669663727283
1930240,0.04209495653049089,0.043931758671533316,3.648256577551365,0.5935494694858789,0.09075818461133167,0.025335517653729767,3.8819649294018745,1.4025261513888836,0.7156257340684533,0.5444950861856341
1931264,0.053764911368489265,0.030936375551391393,3.7386088222265244,0.6866460647433996,0.08154728205408901,0.021779397560749203,3.4843305498361588,1.165245410054922,0.6195064503699541,0.5679741399362683
1932288,0.05916744057321921,0.04119232326047495,3.8328493162989616,0.8374580480158329,0.1423733038827777,0.02595231225132011,4.146377801895142,1.7143319435417652,0.6275073857977986,0.7101349094882607
1933312,0.06410068122204393,0.05146379314828664,3.7603292763233185,0.7862449735403061,0.15300092147663236,0.030710712948348373,3.872785434126854,1.5180541649460793,0.6626182403415442,0.9820934757590294
1934336,0.04317788840853609,0.02608066872926429,3.8252047076821327,0.6778978854417801,0.10014874138869345,0.014776662457734346,4.092871069908142,1.808904755860567,0.5586340948939323,0.9308928679674864
1935360,0.040657103701960295,0.0543069071136415,3.788930334150791,0.8062870129942894,0.09036474779713899,0.03919885779032484,3.761009104549885,1.359614972025156,0.7991698617115617,1.0666439775377512
1936384,0.06499417874147184,0.04238132882164791,3.6834718212485313,0.7077439688146114,0.1228393237106502,0.017851370037533343,3.7903764098882675,1.354887429624796,0.5910102762281895,0.632234912365675
1937408,0.05615271694841795,0.08703157887794077,3.775041773915291,0.7040159273892641,0.12686626927461475,0.024133637285558507,3.907367765903473,1.3041302673518658,0.7801921330392361,0.7198736425489187
1938432,0.06499455508310348,0.04154491686495021,3.584264539182186,0.5691268146038055,0.09396063489839435,0.01959681379958056,3.577150672674179,1.1771853230893612,0.8195623746141791,0.8261478720232844
1939456,0.04415446182247251,0.02836290909908712,3.66009658575058,0.5454565556719899,0.11280906427418813,0.017262903798837215,3.94136231392622,1.587247684597969,0.6121630435809493,0.6341894967481494
1940480,0.040264338298584335,0.04710261570289731,3.5897244215011597,0.5412662383168936,0.12579158844891936,0.02724197064526379,3.820835694670677,1.4697672165930271,0.8554708827286959,0.8275380255654454
1941504,0.05853675017715432,0.04403846419882029,3.815148390829563,0.695347249507904,0.11094277200754732,0.019746642385143787,3.7961485981941223,1.4818572141230106,0.8076365096494555,0.6576621513813734
1942528,0.05459153396077454,0.03380008559906855,3.906313955783844,0.737816957756877,0.11511792859528214,0.023466113430913538,4.140498027205467,1.8182003535330296,0.5423310790210962,0.7546668443828821
1943552,0.07039946957957,0.04509767598938197,3.71188323199749,0.6829678304493427,0.15894608106464148,0.02612656186101958,3.738323211669922,1.4046019650995731,0.6461972976103425,0.7874211985617876
1944576,0.06488606581115164,0.04239954805234447,3.6869198381900787,0.686968494206667,0.1393363723764196,0.022926237259525806,3.7318119928240776,1.216741219162941,0.6604481525719166,0.6555624669417739
1945600,0.04994621695368551,0.0378914155298844,3.7521953359246254,0.6568653304129839,0.08328336296835914,0.024208459042711183,3.691499963402748,1.1674042046070099,0.7053563380613923,0.8197573535144329
1946624,0.06008310045581311,0.022381925315130502,3.7191262021660805,0.614311907440424,0.11221146635944024,0.016308335994835943,3.4420797005295753,1.0001884028315544,0.5611457703635097,1.0739348158240318
1947648,0.057440412492724136,0.044262050243560225,3.51510126888752,0.541730054654181,0.10582700523082167,0.02061400530510582,3.6258962750434875,1.1405204981565475,0.6335598006844521,0.8638627855107188
1948672,0.055590587377082556,0.03271588677307591,3.6860408931970596,0.6287928968667984,0.09612897562328726,0.01659036660566926,3.7165646255016327,1.3536300584673882,0.493590010330081,0.7420354373753071
1949696,0.0630180237640161,0.04962449939921498,3.7156707793474197,0.6635898649692535,0.08339739323128015,0.030497786938212812,3.657447136938572,1.3774822615087032,0.7411850020289421,0.8380921427160501
1950720,0.054931642807787284,0.026496488775592297,3.7639347165822983,0.606960004195571,0.15120741655118763,0.01964223786490038,4.092115789651871,1.643301546573639,0.6245108461007476,0.6851546764373779
1951744,0.04095999139826745,0.05653551546856761,3.743023194372654,0.6345146931707859,0.07600704254582524,0.028633276058826596,3.809573568403721,1.418479859828949,0.6966470619663596,0.8877839520573616
1952768,0.05293993777013384,0.039346189761999995,3.779384545981884,0.6791541706770658,0.1194663334172219,0.023017033410724252,3.828384540975094,1.4257787838578224,0.6865617474541068,0.7597137186676264
1953792,0.05601341073634103,0.047910190594848245,3.9248490259051323,0.8235744461417198,0.11653059045784175,0.020555796654662117,3.9353073611855507,1.5724299252033234,0.49493933841586113,0.9379333388060331
1954816,0.07250618073157966,0.04115196893690154,3.7527164071798325,0.6357025597244501,0.18163811997510493,0.023961175669683143,4.018526487052441,1.601724449545145,0.5965891322121024,0.6622134167701006
1955840,0.054250590270385146,0.051091238972730935,3.6971719935536385,0.6472846195101738,0.10803671763278544,0.02483532964834012,3.621768943965435,1.136866096407175,0.6087272213771939,0.7376968003809452
1956864,0.05537504580570385,0.02636884432286024,3.3675366193056107,0.4741480741649866,0.1312279948615469,0.013523210844141431,3.322953626513481,0.9828044809401035,0.6647190237417817,0.6838667374104261
1957888,0.04063962001237087,0.04243120679166168,3.7720850333571434,0.6882632523775101,0.0755170299380552,0.01831699413014576,3.720114566385746,1.343256700783968,0.5953142149373889,0.7125595239922404
1958912,0.04912193687050603,0.032875808246899396,3.6982792764902115,0.6178722940385342,0.1295385784469545,0.019527090626070276,3.693972632288933,1.2772813700139523,0.4992614611983299,0.6156158717349172
1959936,0.07022075616987422,0.0407777072978206,3.6218993216753006,0.566464276984334,0.13985019479878247,0.02432776938076131,3.615624137222767,1.2355732209980488,0.8068491714075208,0.7759913811460137
1960960,0.048251861371682025,0.037227697495836765,3.7344351336359978,0.5836094692349434,0.1065052041085437,0.02446720117586665,3.9052257984876633,1.3842212744057178,0.5351834250614047,1.0121618937700987
1961984,0.04351224613492377,0.037406875111628324,3.615611359477043,0.6245890650898218,0.09247091984434519,0.02316933061229065,3.661674477159977,1.2623371630907059,0.6001157620921731,1.0211105234920979
1963008,0.05366870618308894,0.045402866206131876,3.690623290836811,0.6435120850801468,0.13491495861671865,0.025827499164734036,3.8163502737879753,1.3464818969368935,0.4919902216643095,0.5128161618486047
1964032,0.04435906861908734,0.032937449344899505,3.6015385687351227,0.5097073568031192,0.1575871070381254,0.014743997890036553,3.994484193623066,1.289739165455103,0.578074705787003,0.5088203670457006
1965056,0.055852910154499114,0.03169572341721505,3.5935972929000854,0.5344596672803164,0.11934527521952987,0.016485711821587756,3.5769209787249565,0.928660973906517,0.5204049702733755,0.45870885346084833
1966080,0.029648498340975493,0.027829787286464125,3.905681386590004,0.7990371901541948,0.07052089783246629,0.019295438280096278,3.7031903490424156,1.1404968444257975,0.6145293898880482,0.5458472520112991
1967104,0.053320912760682404,0.03530439059250057,3.7389053106307983,0.6141498740762472,0.08339023604639806,0.016558063944103196,3.8249913826584816,1.3363863825798035,0.6157213281840086,0.4493577480316162
1968128,0.045758460750221275,0.030599279969464988,3.759754002094269,0.6075885761529207,0.11870601068949327,0.019950565038016066,3.536241754889488,1.1637676730751991,0.4959605233743787,0.5654725125059485
1969152,0.06746624929655809,0.0330885000876151,3.7639819905161858,0.7259558774530888,0.12806508142966777,0.0153004496532958,3.583301268517971,1.0914061479270458,0.5411373786628246,0.3969112588092685
1970176,0.04961017916502897,0.04305618186481297,3.6656197980046272,0.6853022240102291,0.09535740764113143,0.028804570611100644,3.673972100019455,1.218069775030017,0.48699450120329857,0.5913756191730499
1971200,0.047548387257847935,0.03165015752892941,3.8260710537433624,0.7148377187550068,0.12166720302775502,0.02171717130113393,4.114408396184444,1.7095188833773136,0.5434944564476609,0.49918185733258724
1972224,0.053998451301595196,0.034929447167087346,3.6913833618164062,0.6593408193439245,0.1309783821925521,0.024747482559178025,3.9214939698576927,1.4081161618232727,0.44505109265446663,0.5704559497535229
1973248,0.04786317049001809,0.03092237835517153,3.6567077189683914,0.604227252304554,0.13959375000558794,0.020560535369440913,3.7992583736777306,1.220845453441143,0.49910791497677565,0.5275846952572465
1974272,0.05175670303287916,0.029019826848525554,3.7208260595798492,0.6289160717278719,0.10157398215960711,0.0170502191176638,3.8722202703356743,1.2845307439565659,0.5368755590170622,0.5179013730958104
1975296,0.04323984887741972,0.026151413389015943,3.642079882323742,0.5117952888831496,0.09543876821408048,0.012290955579373986,3.7630717381834984,1.2037624195218086,0.4811744252219796,0.9466371815651655
1976320,0.05575499913538806,0.02968038502149284,3.7488652244210243,0.6244198232889175,0.12335991306463256,0.017103344289353117,3.803081251680851,1.2267048507928848,0.5423672143369913,0.6334090027958155
1977344,0.045451295358361676,0.03454961971146986,3.711298294365406,0.5753135569393635,0.1110052224539686,0.020673929568147287,3.6637949496507645,1.203099574893713,0.5081224795430899,0.801909826695919
1978368,0.038524310919456184,0.03662615327630192,3.851464554667473,0.6502585168927908,0.05682352202711627,0.019193654152331874,3.752397760748863,1.2233229894191027,0.537659521214664,0.8758743163198233
1979392,0.07567637707688846,0.03250674234004691,3.8182317540049553,0.7491259109228849,0.14775099651888013,0.01696248783264309,3.8128015398979187,1.3792172074317932,0.49236928299069405,0.6417009038850665
1980416,0.0599130560294725,0.03779664292233065,3.6528314650058746,0.6390822306275368,0.09063917957246304,0.018209521454991773,3.3500977009534836,0.9170687552541494,0.5702087124809623,0.6330529246479273
1981440,0.0742860920727253,0.032187681063078344,3.9197988137602806,0.8271246924996376,0.13184036617167294,0.022337765636621043,4.056567586958408,1.5865191854536533,0.6830945564433932,0.6128176935017109
1982464,0.05472706430009566,0.039558629039675,3.9133955612778664,0.7653846070170403,0.14709183666855097,0.019417833216721192,4.107607111334801,1.6593611240386963,0.6535581899806857,0.6925310045480728
1983488,0.07142998254857957,0.047128309146501124,3.6490805596113205,0.5961816720664501,0.1372076489496976,0.018947554985061288,3.787646606564522,1.21980557218194,0.6882042959332466,0.5678667556494474
1984512,0.049433967564255,0.0269109028740786,3.645929306745529,0.5601096209138632,0.12220800935756415,0.013707083038752899,3.7750958874821663,1.1962028816342354,0.5367432590574026,0.7785983402282
1985536,0.04734920142800547,0.02448804263258353,3.7802239283919334,0.6407048981636763,0.0752153621870093,0.01592895862995647,3.744974136352539,1.2075569666922092,0.5140153896063566,0.7506472822278738
1986560,0.07271902123466134,0.049380464712157845,3.7157798185944557,0.7402734085917473,0.06799729035992641,0.02422839787323028,3.215027205646038,0.9322782903909683,0.652819138020277,0.7725077969953418
1987584,0.05728577199624851,0.04287334164837375,3.620362050831318,0.5889797508716583,0.11890254192985594,0.025835784210357815,3.8402323573827744,1.429049514234066,0.7108755195513368,0.9315670048817992
1988608,0.06379244039999321,0.027918276493437588,3.62826070189476,0.6237708181142807,0.11502901994390413,0.016273148561595008,3.7210071682929993,1.202478677034378,0.7165783774107695,0.8984261937439442
1989632,0.04824360506609082,0.03220316412625834,3.7119257003068924,0.5770209953188896,0.10970317397732288,0.016604486445430666,4.04069497436285,1.4560754261910915,0.8684772122651339,0.5877158707007766
1990656,0.05876510372036137,0.04019204946234822,3.651950016617775,0.6266722921282053,0.12879933381918818,0.018908761849161237,3.931518077850342,1.409008864313364,0.5724628390744328,0.4751121588051319
1991680,0.04791376893990673,0.027265759359579533,3.675372041761875,0.5603369083255529,0.08767609560163692,0.008904102171072736,3.667212463915348,1.2457980960607529,0.5575242144986987,0.4931136080995202
1992704,0.04348789603682235,0.04745447135064751,3.6216044276952744,0.6315898895263672,0.11143564491067082,0.019677286851219833,3.5273321494460106,1.0716216247528791,0.6017405278980732,0.6523724412545562
1993728,0.06175865596742369,0.04057720710989088,3.7135385796427727,0.6613561566919088,0.1308346486184746,0.02091141726123169,3.8787889629602432,1.5331868268549442,0.5593957426026464,0.6269085304811597
1994752,0.06794393731979653,0.046177531592547894,3.5572225898504257,0.5463529918342829,0.18530680006369948,0.025639176048571244,3.8784614726901054,1.3666513115167618,0.6564036924391985,0.6196576617658138
1995776,0.033226374216610566,0.02519250416662544,3.778019607067108,0.6280399281531572,0.06639806539169513,0.018134602723876014,3.737727403640747,1.1189009137451649,0.7036356357857585,0.6761902971193194
1996800,0.05632741213776171,0.03611030586762354,3.7326444685459137,0.6599867939949036,0.14704650128260255,0.017057500663213432,3.8677064552903175,1.2561039254069328,0.6213957695290446,0.6083060819655657
1997824,0.04921327720512636,0.04146657994715497,3.742038607597351,0.6539106611162424,0.15543008712120354,0.020344513846794143,3.9424754828214645,1.3552934788167477,0.717978548258543,0.5248028878122568
1998848,0.0639364781382028,0.05290545092429966,3.7135084867477417,0.7446923274546862,0.1000235264946241,0.029183564300183207,3.739114537835121,1.0480062384158373,0.5792923513799906,0.6242050798609853
1999872,0.07717224495718256,0.04438469070009887,3.6519930586218834,0.6786188688129187,0.14920817967504263,0.02936764227342792,3.852123111486435,1.242376059293747,0.8889442011713982,0.5240221982821822
