step,total_steps,agv_actor_loss,agv_value_loss,agv_entropy,agv_approx_kl,pick_actor_loss,pick_value_loss,pick_entropy,pick_approx_kl
1024,1024,0.17846920853480697,0.019469649938400835,4.506573870778084,1.3158093430101871,0.267706535756588,0.009755895254784264,4.054054997861385,3.6720907762646675
2048,2048,0.1163866266142577,0.010032498321379535,3.8823789954185486,0.7563463430851698,0.21891668299213052,0.003431140896282159,1.1802311204373837,4.3092788234353065
3072,3072,0.08885509218089283,0.012279959162697196,3.5517251268029213,0.5904499981552362,0.12378879403695464,0.003036948364751879,0.8584089623764157,3.75781686604023
4096,4096,0.06122570077423006,0.009373698034323752,3.2815718054771423,0.5731240175664425,0.17018868471495807,0.0024829119829519186,0.4870391059666872,4.07818877696991
5120,5120,0.11099170672241598,0.005925298130023293,3.1296303495764732,0.6126616038382053,0.09985004464397207,0.002490205497451825,1.019323568791151,3.4951922819018364
6144,6144,0.14314635703340173,0.006139836215879768,2.9624696895480156,1.0224051475524902,0.046398484584642574,0.0025160826044157147,0.3488279916346073,1.4406813811510801
7168,7168,0.12525612651370466,0.005170504431589507,2.6145491898059845,1.017791636288166,0.08360968533088453,0.001735573319820105,0.9003303563222289,1.2242152094841003
8192,8192,0.09427686303388327,0.006225724493560847,2.5688949897885323,0.8095959015190601,0.06935580522986129,0.0036379672128532548,1.120377965271473,1.4311393983662128
9216,9216,0.12980395648628473,0.00600340938399313,2.620150163769722,0.8580380063503981,0.07812639554322232,0.002871561580832349,0.5100576551631093,2.01895022764802
10240,10240,0.09364594670478255,0.006600245214940514,2.4508599638938904,0.6972927134484053,0.16814236855134368,0.004141516434174264,0.6540853660553694,2.35510678216815
11264,11264,0.124996232916601,0.0015760252717882395,2.259273484349251,0.8150113578885794,0.0025850651145447046,0.0005133036665938562,0.435655209235847,0.10224029049277306
12288,12288,0.12975309556350112,0.002108171356667299,2.12352392077446,0.7625648565590382,0.0007710853242315352,0.0018736475867626723,0.9594821538776159,0.16094370791688561
13312,13312,0.09042180120013654,0.0024043297707976308,2.065842278301716,0.7218007277697325,0.0009231233561877161,0.002306557109932328,1.2530663087964058,0.20513101248070598
14336,14336,0.08077630965271965,0.0017437774604331935,2.0558090433478355,0.7707723528146744,-0.006001922185532749,0.0017939899739758403,1.180375561118126,0.18133252300322056
15360,15360,0.10329587524756789,0.003437964518525405,2.150955080986023,0.8893230427056551,0.066050001361873,0.0037073255407449324,1.326274063438177,0.8563037505373359
16384,16384,0.15648826747201383,0.004400555168103892,2.139035500586033,1.1198314353823662,0.0006987366359680891,0.0036233669707144145,0.4404663313180208,0.08223155909217894
17408,17408,0.12323436560109258,0.012439899255696218,2.3061629459261894,1.0456273555755615,0.023595907390699722,0.010373524281021673,0.3194306679069996,0.9573918618261814
18432,18432,0.11652964050881565,0.01297965954290703,2.3715599477291107,1.0444788001477718,0.009204588131979108,0.010677208047127351,0.19119430659338832,0.9694750662893057
19456,19456,0.13921642722561955,0.008458460753899999,2.3962945714592934,0.9415711965411901,0.005839544930495322,0.007194337515102234,0.18245944799855351,2.0442141257226467
20480,20480,0.1257391155231744,0.016619655274553224,2.4534298852086067,0.9011161662638187,0.08170701545896009,0.01574088292545639,0.17118800058960915,2.3258281759917736
21504,21504,0.1180567437550053,0.006354927172651514,2.3622044697403908,0.8588259313255548,0.0023706885403953493,0.005326462851371616,0.3080976977944374,0.7391092088073492
22528,22528,0.13390707736834884,0.004620804451406002,2.231681413948536,1.0544017385691404,-0.013745649135671556,0.002735747410042677,0.37957617174834013,1.396114494651556
23552,23552,0.101136619807221,0.0026918259609374218,2.0871351063251495,0.9452460054308176,0.03342072537634522,0.0014786010397074278,0.3906567916274071,1.447291199117899
24576,24576,0.16147326934151351,0.0011560643870325293,2.0154097452759743,1.1665599755942822,-0.015883485320955515,0.0008241981795436004,0.10276593826711178,0.9871970117092133
25600,25600,0.15118494420312345,0.006271703394304495,2.059165321290493,1.019621130079031,0.015011904761195183,0.006325009340798715,0.32192061375826597,0.5998622477054596
26624,26624,0.12576696858741343,0.002423237052425975,2.035405710339546,0.9535019360482693,-0.006200970936333761,0.001738114007821423,0.4157086620107293,0.13439245242625475
27648,27648,0.059940661274595186,0.0035309309896547347,2.1041800901293755,0.9097488038241863,-0.006691989110549912,0.002942021696071606,0.40592884831130505,0.15468424546997994
28672,28672,0.11199622682761401,0.004348378657596186,2.0891138911247253,0.8358945492655039,-0.009587502223439515,0.0036282683613535482,0.45542921870946884,0.3624923978932202
29696,29696,0.08345232316059992,0.005311204586178064,2.497121572494507,0.8893175385892391,0.006602142515475862,0.004706602689111605,0.2883742921985686,0.780012708157301
30720,30720,0.08637066965457052,0.008846268647175748,2.2123007252812386,0.8501101695001125,0.051418246526736766,0.010659866027708631,0.4903382947668433,0.7087839767336845
31744,31744,0.11879276053514332,0.005324591387761757,2.0619809329509735,0.9372999016195536,0.049779280670918524,0.004180857373285107,0.6842826288193464,1.4689450822770596
32768,32768,0.12537337350659072,0.005555217823712155,2.1722507998347282,0.9910810925066471,-0.013871806237148121,0.004865553208219353,0.5022655818611383,1.2670328803360462
33792,33792,0.11236556083895266,0.00742767343763262,2.14133919775486,0.9506538305431604,0.03420999861555174,0.0069058125554875005,0.37478730361908674,2.3371648006141186
34816,34816,0.050724476808682084,0.00439439782712725,2.0547346025705338,0.5980498511344194,0.14133268618024886,0.00340405614770134,0.23460208531469107,5.255026578903198
35840,35840,0.0658625048090471,0.018695400503929704,2.152730271220207,0.8923746515065432,0.06771636754274368,0.022121513553429395,0.6559202475473285,2.0365189537405968
36864,36864,0.10093024803791195,0.0054295560184982605,2.094153843820095,0.8158629257231951,0.002598365943413228,0.0026518924096308183,0.36889171274378896,1.5382404513657093
37888,37888,0.10107846790924668,0.005093191357445903,2.095532227307558,0.885069103911519,0.003592807741370052,0.003190580195223447,0.23991459421813488,1.5029122792184353
38912,38912,0.10869768972042948,0.004496297333389521,2.213346391916275,0.8827885650098324,0.028176950523629785,0.002730377083935309,0.39960778411477804,3.421674430370331
39936,39936,0.10328478901647031,0.0035005102326977067,2.201961874961853,0.7665178216993809,0.06949543469818309,0.001521810589110828,0.32149045914411545,4.37618862092495
40960,40960,0.07931229105452076,0.014826154641923495,2.079002507030964,0.8492418844252825,0.02280432591214776,0.013544586094212718,0.2201060368679464,1.1795579865574837
41984,41984,0.07557845732662827,0.005074005966889672,2.019974034279585,0.7859553266316652,-0.0013541695370804518,0.002915065906563541,0.24142061034217477,0.38943567033857107
43008,43008,0.10738955100532621,0.0010246147103316616,1.9668648280203342,0.7754564080387354,0.04599192034220323,0.0009557661596772959,0.7521200822666287,2.3066693730652332
44032,44032,0.09871138189919293,0.002135318125510821,2.0337354838848114,0.8639124855399132,0.04841775173554197,0.0013221322224126197,0.15761662763543427,3.7498570531606674
45056,45056,0.06694152159616351,0.009796463564271107,2.0139383375644684,0.733390724286437,0.0850547777954489,0.012440227554179728,0.41040757670998573,1.6698307264596224
46080,46080,0.11089882242958993,0.017404953279765323,2.1379267126321793,0.9406064134091139,0.24080743757076561,0.014819028743659146,0.41662751603871584,4.757085181772709
47104,47104,0.08919308037729934,0.01061367649526801,2.1081734970211983,0.8609018549323082,0.029097121267113835,0.007621273791301064,0.4120268444530666,4.837512165307999
48128,48128,0.07686078755068593,0.00472103482024977,2.0589992329478264,0.7155217695981264,0.20066195516847074,0.003353856911417097,2.414549019187689,3.13853520154953
49152,49152,0.07516704415320419,0.002946325999801047,1.9832376167178154,0.5957534350454807,0.08889390790136531,0.0013658750503964256,0.5865628691390157,2.6748256385326385
50176,50176,0.044549931975780055,0.004060123275849037,1.9911925196647644,0.5714971590787172,0.05905303108738735,0.0042137008531426545,0.3297052476555109,1.7892640829086304
51200,51200,0.10575340152718127,0.0018072713828587439,1.9110022075474262,0.9062923304736614,0.03830385804758407,0.0012772860627592308,0.11365699069574475,1.0074206665158272
52224,52224,0.11715813865885139,0.0019988594394817483,1.9309044368565083,0.9031514953821898,0.06436797653441317,0.0014684249326819554,0.09437662456184626,1.3663410358130932
53248,53248,0.11528121843002737,0.004377455410576658,1.8704738467931747,0.9129804614931345,-0.008683987602125853,0.0037674386985599995,0.0840263245627284,0.3677169932052493
54272,54272,0.08665645529981703,0.004681544865889009,1.9719478003680706,0.8368963692337275,0.03199919615872204,0.004011710801933077,0.16337776207365096,1.1410076674073935
55296,55296,0.12057078664656729,0.009776783343113493,1.9400597661733627,0.8309782110154629,0.12864379468373954,0.01097325881710276,0.09803137159906328,1.6235349737107754
56320,56320,0.0931076668202877,0.006152697547804564,1.7525746040046215,0.7628591042011976,0.0008298216707771644,0.0027576073807722423,0.09210034040734172,0.3254835824482143
57344,57344,0.08718608564231545,0.0026348622996010818,1.7056705057621002,0.7769425734877586,0.050714016309939325,0.0007996617850949406,0.20933432364836335,0.7357225669547915
58368,58368,0.0852043311460875,0.0034390277942293324,1.8500700891017914,0.8137067221105099,-0.022189987415913492,0.0016147821934282547,0.40130591206252575,0.8105349559336901
59392,59392,0.08219533908413723,0.002062554714939324,1.8783700950443745,0.8457131609320641,-0.0016786705527920276,0.0014084502090554452,0.21326023852452636,1.4770514629781246
60416,60416,0.1326871446799487,0.007984624375239946,1.7850413732230663,0.7970436587929726,0.06720017726183869,0.010372312310209963,0.0847347762901336,1.802490297704935
61440,61440,0.0695183684292715,0.0015081164783623535,1.614682536572218,0.5706953462213278,-0.0008032110054045916,0.00112576499577699,0.20024956529960036,0.02955305454088375
62464,62464,0.07153976598056033,0.0012539398521766998,1.671545833349228,0.5866060070693493,-0.02928256639279425,0.0005063505996076856,0.6562026031315327,0.1525902186986059
63488,63488,0.07865532548748888,0.004020959429908544,1.814800437539816,0.7906048744916916,0.013829428644385189,0.0032449280879518483,0.24004907114431262,0.3865896724164486
64512,64512,0.0755527705186978,0.0036522184345813002,2.003496989607811,0.8902245610952377,0.0015876924153417349,0.002534248607844347,0.23688580375164747,0.4841521726921201
65536,65536,0.12171941588167101,0.01149284653365612,1.9475364796817303,0.9394700583070517,0.08796628475829493,0.013063663922366686,0.14057979453355074,1.2175915110856295
66560,66560,0.07721246703295037,0.00591586550581269,1.7640647739171982,0.7079610414803028,-0.019678295764606446,0.0028069321415387094,0.2333275848068297,1.0557095259428024
67584,67584,0.09316356689669192,0.0026970664912369102,1.7945023588836193,0.833835044875741,-0.009051542379893363,0.0019602549909905065,0.15141677856445312,1.5468688979744911
68608,68608,0.0447815558873117,0.00307129367502057,1.4745105914771557,0.48860272392630577,-0.03316552584874444,0.0015239320127875544,1.0378543278202415,0.27073982055298984
69632,69632,0.03681258487631567,0.004587563194945687,1.766723494976759,0.9060668982565403,0.04968675252166577,0.0027535728113434743,0.10559536202345043,0.7823434211313725
70656,70656,0.1204544099746272,0.012501951212470885,1.6003114618360996,0.83013323135674,0.00894742039963603,0.01575736368249636,0.29960954328998923,1.108030492439866
71680,71680,0.07443172938656062,0.0028000602942483965,1.9025332555174828,0.8730285540223122,0.004263725699274801,0.0027131195238325745,0.15340749104507267,1.0332616902887821
72704,72704,0.09937735158018768,0.002113345075485995,1.853822186589241,0.840043218806386,-0.003665622847620398,0.0012098026254534489,0.08476602588780224,2.0294606387615204
73728,73728,0.08237222756724805,0.0024174306563509163,1.7363185621798038,0.6669394448399544,-0.007001503050560132,0.0012827950849896297,0.06493083341047168,3.6659128963947296
74752,74752,0.07187088928185403,0.0019489184487611055,1.8717024773359299,0.6468231398612261,0.06676127397804521,0.0016984947305900278,0.05350291600916535,5.437788426876068
75776,75776,0.08004943776177242,0.020749241244629957,1.8389968387782574,0.7409423273056746,0.07212372263893485,0.02227600746846292,0.07267039828002453,0.9196821171790361
76800,76800,0.07276906270999461,0.008171671302989125,1.6920746080577374,0.7070026099681854,0.015202234033495188,0.005290029708703514,0.18825796362943947,0.10822128038853407
77824,77824,0.0679043298587203,0.007179509702837095,1.7356790341436863,0.8325721863657236,0.01684551700600423,0.006504032760858536,0.8192401370033622,0.7001726254820824
78848,78848,0.09805322566535324,0.003972050173615571,1.7866274453699589,0.9108449798077345,0.06161385599989444,0.0016135122150444658,1.068332590162754,2.3623161651194096
79872,79872,0.09861051430925727,0.002300038202520227,1.9260369949042797,0.7624946814030409,0.1440544279757887,0.0006269447285376373,1.4111665915697813,2.1274407021701336
80896,80896,0.07166139007313177,0.012816415634006262,1.7225348502397537,0.7712363097816706,0.09003914953791536,0.011123864002001937,0.7498045768588781,0.6416863519698381
81920,81920,0.059348595212213695,0.0028627775100176223,1.716923963278532,0.6235370337963104,-0.009366028272779658,0.0017888766378746368,0.5595833044499159,0.412533538416028
82944,82944,0.09075793110241648,0.0007964585965964943,1.6258371286094189,0.5708593335002661,-0.00010333614773117006,0.0008050113428907935,0.06904847081750631,0.006993874325416982
83968,83968,0.0637586884549819,0.000623274525423767,1.5695277750492096,0.48936973325908184,0.0001172209158539772,0.00041357968120792066,0.10164741124026477,0.010662533692084253
84992,84992,0.03951037643128075,0.002560543085564859,1.5527000315487385,0.5487162061035633,0.004581168730510399,0.0017542699588375399,0.2807573501486331,0.05501967534655705
86016,86016,0.037443590081238654,0.009702490267955,1.652042891830206,0.5907966066151857,0.0006498791044577956,0.009884871858957922,0.07740959525108337,0.015580620849505067
87040,87040,0.07379553170176223,0.002189132086641621,1.5901936404407024,0.5042766248807311,0.00017367093823850155,0.0021353649390221108,0.11999375675804913,0.012757814256474376
88064,88064,0.061629041156265885,0.0032775359322840814,1.5885577611625195,0.6080822385847569,-0.0043878072465304285,0.002904166918597184,0.33790457621216774,0.6225393302738667
89088,89088,0.058371247054310516,0.0043536693083296996,1.5804648660123348,0.8048512786626816,0.0016754547832533717,0.0039150314005382825,0.3675256008282304,0.6316863838583231
90112,90112,0.07944516431598458,0.011143164112581871,1.6407999657094479,0.7409501634538174,0.05728989094495773,0.013778489905234892,1.0218971651047468,2.2257084026932716
91136,91136,0.050206916232127696,0.0034727184975054115,1.5376373790204525,0.5382915697991848,-0.005944322649156675,0.005778747647127602,1.1559832692146301,0.19971304526552558
92160,92160,0.03010268835350871,0.0005305341792336549,1.4585360027849674,0.45042560808360577,-0.00019856778089888394,0.00042820524276976357,0.9920932669192553,0.15111776371486485
93184,93184,0.04727579552854877,0.00022915788758837152,1.428114540874958,0.39520786702632904,0.0012847998295910656,0.000196944999970583,1.118334323167801,0.16972555499523878
94208,94208,0.04486517369514331,0.0005868331481906353,1.5015085116028786,0.4695352939888835,-0.004950538801494986,0.0002264054388660952,1.2500269934535027,0.19350489880889654
95232,95232,0.06199049056158401,0.007261344129801728,1.5141563676297665,0.8693058975040913,-0.002274604659760371,0.009248634589312132,0.7335338070988655,0.43521308433264494
96256,96256,0.08415985177271068,0.0017670973393251188,1.5997133255004883,0.6434593666344881,-0.003779098595259711,0.0016353446844732389,0.9503915468230844,0.45902510173618793
97280,97280,0.06963964414899237,0.0017417751378161483,1.5446075312793255,0.6630505342036486,-0.02890544815454632,0.0032552384182054084,0.7859236462973058,0.4045376917347312
98304,98304,0.06210284333792515,0.0023040078713165713,1.5478853695094585,0.5302299577742815,0.02334029908524826,0.0018067074738610245,0.4231048549991101,0.0839105045888573
99328,99328,0.03677126676484477,0.005072632244264241,1.5661841817200184,0.7148595098406076,0.009449690696783364,0.005032863553424249,0.0750196345616132,1.0304561778903008
100352,100352,0.12208360177464783,0.019200494309188798,1.5399979650974274,0.7477933056652546,0.12015169876394793,0.020302878285292536,0.09150083782151341,1.6293828673660755
101376,101376,0.061622353561688215,0.006719677432556637,1.622952975332737,0.7549683172255754,0.019135560287395492,0.005527980280021438,0.17315015941858292,0.18245356855913997
102400,102400,0.06945984461344779,0.00345264336647233,1.5524382069706917,0.5400453917682171,0.022973435319727287,0.0022239224199438468,0.6343206558376551,0.28514002403244376
103424,103424,0.0677484119660221,0.0023975388758117333,1.517597310245037,0.7327995989471674,0.006126718741143122,0.001878084640338784,0.3845279263332486,0.2241245349869132
104448,104448,0.06940780446166173,0.0017366604952258058,1.6117101274430752,0.793815691024065,0.01594981597736478,0.001436146563719376,0.41333396499976516,0.5834621554240584
105472,105472,0.1025456968927756,0.007712835649726912,1.5149882920086384,0.8167427033185959,0.03822886888519861,0.011006957807694562,0.24234059872105718,1.319690253585577
106496,106496,0.08911669164081104,0.002092724957037717,1.4680507220327854,0.7302872911095619,-0.012419356557074934,0.0012827711125282804,0.25654209218919277,0.6249531926587224
107520,107520,0.07497695024358109,0.0029009132376813795,1.4610938765108585,0.8296853397041559,0.029789056337904185,0.002231818574728095,0.6889362316578627,0.9212191440165043
108544,108544,0.10528500925283879,0.003676395983347902,1.5335596688091755,0.8336077034473419,0.028815209108870476,0.003114077286227257,0.9553429502993822,0.9805225431919098
109568,109568,0.04626154393190518,0.003163991783367237,1.631355170160532,0.7337829023599625,0.05741266696713865,0.004249825475199032,1.5640443600714207,1.358064990490675
110592,110592,0.11835820181295276,0.02833190030651167,1.474883895367384,0.6885932814329863,0.0561945516965352,0.03220858349232003,0.912902258336544,0.7222818275913596
111616,111616,0.07053465519857127,0.007768447991111316,1.6146130748093128,0.6214618179947138,-0.006808700913097709,0.006741959150531329,1.0017553325742483,0.17848022491671145
112640,112640,0.03502539778128266,0.004361584498838056,1.4759940020740032,0.5583968926221132,-0.026616073155310005,0.004860332701355219,0.9927980350330472,0.17416509555187076
113664,113664,0.06212226889329031,0.0034254247511853464,1.4787000268697739,0.7710824739187956,0.0031654421181883663,0.002536742700613104,0.14321653894148767,0.23374240822158754
114688,114688,0.04618857815512456,0.0013650016881001648,1.4178750216960907,0.4024359015747905,-0.00046007143100723624,0.0005983424034639029,0.15284202410839498,0.0161896082572639
115712,115712,0.040465382793627214,0.011217650222533848,1.4587592110037804,0.7429930809885263,-0.004368954454548657,0.015512365964241326,0.25958589650690556,0.5533494744449854
116736,116736,0.060731556615792215,0.00475953293062048,1.5445825830101967,0.8490907344967127,-0.007254601368913427,0.002774240432700026,0.9236953118816018,0.9269274286925793
117760,117760,0.04976897020242177,0.0022106686446932144,1.4120740070939064,0.5884556565433741,0.09086146991467103,0.001579851821588818,0.18134463764727116,0.6731816353276372
118784,118784,0.072155870962888,0.0030577832148992456,1.5206222981214523,0.652554688975215,-0.01288035704055801,0.0015476178414246533,0.6640678374096751,1.933752678334713
119808,119808,0.090870306128636,0.002612762180433492,1.6047705486416817,0.6626622211188078,0.027939698949921876,0.0017378527982145897,0.5342598091810942,2.0982909724116325
120832,120832,0.07016739743994549,0.017519382570753805,1.6437827534973621,0.848680067807436,0.07259119508671574,0.01854619099322008,0.24326026067137718,1.0762869287282228
121856,121856,0.06782651680987328,0.00453085743720294,1.5343929640948772,0.5147831123322248,-0.0008919480314943939,0.00378876785725879,0.3907234128564596,0.04760904225986451
122880,122880,0.07666693307692185,0.0013832843305863207,1.489179566502571,0.7250683065503836,0.06047290383139625,0.0011943647277803393,1.3689632564783096,0.4936375441029668
123904,123904,0.0695236383471638,0.001240234601937118,1.3118520267307758,0.7139491531997919,-0.05382159840519307,0.0011056745770474663,1.1639246586710215,0.22008003201335669
124928,124928,0.025431792804738507,0.001349599897821463,1.1897649243474007,0.47523452062159777,-0.012448707828298211,0.001627437650995489,0.45062575582414865,0.08002182136988267
125952,125952,0.04703202903328929,0.008002315622434253,1.3235370814800262,0.7481987737119198,-0.010854520747670904,0.009118816298723686,1.6747776474803686,0.3735392992384732
126976,126976,0.06456815398996696,0.0010227696766378358,1.3522391021251678,0.6429536174982786,-0.05723614280577749,0.0010729342138802167,2.290320917032659,1.0634396640816703
128000,128000,0.04914378872490488,0.0016336129792762222,1.3086181655526161,0.49284501001238823,0.010215155256446451,0.0014534042948071146,0.10153479070868343,0.015055296826176345
129024,129024,0.023054290330037475,0.0020509563601081027,1.3518744073808193,0.5237997202202678,-0.00016615859931334853,0.0019085470376012381,0.030324879160616547,0.014069820172153413
130048,130048,0.021761617907031905,0.006315271439234493,1.3038390465080738,0.5108680324628949,-0.004441154858795926,0.008283853319881018,0.14144771615974605,0.049437594891060144
131072,131072,0.06713263186975382,0.001985210743441712,1.4544893875718117,0.7222673762589693,-0.03190552555315662,0.0013066086503386032,1.5016394294798374,0.44141855742782354
132096,132096,0.06132240008446388,0.003177833354129689,1.4603795260190964,0.850199157372117,-0.014631550293415785,0.0021418291853478877,0.9394762422889471,0.64597746450454
133120,133120,0.06958777016552631,0.003051278876228025,1.2982393205165863,0.7979321349412203,-0.018854412803193554,0.0033767357699616696,0.8020264622755349,0.1352707066689618
134144,134144,0.06266895799490158,0.0031283119351428468,1.4664998278021812,0.5530887003988028,0.004124778264667839,0.0024928683997131884,0.043141195841599256,0.013977686467114836
135168,135168,0.04302703947178088,0.013590166054200381,1.3921888917684555,0.6193508394062519,-0.007778735423926264,0.01765080264158314,0.6438409087713808,0.5677909948863089
136192,136192,0.11696116079110652,0.004205733552225865,1.43424117192626,0.7985482066869736,0.012828215840272605,0.002535374955186853,1.309073006734252,1.5057838521897793
137216,137216,0.07301777409156784,0.0021993369882693514,1.4667325839400291,0.6933791730552912,0.04718919738661498,0.001998399735384737,0.9188102097250521,0.8173275496810675
138240,138240,0.07081408350495622,0.004368383495602757,1.4943715743720531,0.7514884229749441,0.02780991850886494,0.0030142431569402106,0.44970048079267144,1.858215842396021
139264,139264,0.06333385570906103,0.002137826435500756,1.6411359831690788,0.6515936627984047,0.03409551683580503,0.0014024700158188352,0.47864089999347925,2.38321203738451
140288,140288,0.08331482627545483,0.015387201201519929,1.5553035587072372,0.599075373262167,0.15597022778820246,0.021154574773390777,1.0088525954633951,1.6005865018814802
141312,141312,0.0592384553165175,0.0039795562261133455,1.5625551231205463,0.5682647824287415,0.07314608109300025,0.003258849959820509,0.7621328197419643,0.8956547491252422
142336,142336,0.09031239995965734,0.003581929631764069,1.4922533072531223,0.6916029658168554,0.00714083161437884,0.0032362385754822753,0.7244440708309412,1.7756027393043041
143360,143360,0.049301511666271836,0.0027627635481621837,1.4091706201434135,0.6054440587759018,0.04708409117301926,0.003134584861982148,0.7192555721849203,1.5278060156852007
144384,144384,0.02782321971608326,0.0011849572449591506,1.412019271403551,0.4108930993825197,-0.021626327943522483,0.0011348841983362945,0.6600847151130438,0.30326394084841013
145408,145408,0.0376423465058906,0.029265969147672877,1.4727903790771961,0.618145165964961,-0.06253256974741817,0.03848234385077376,0.24019864783622324,1.888087011873722
146432,146432,0.08229688374558464,0.020950414080289192,1.5828363373875618,0.728504529222846,0.08187960222130641,0.019647271488793194,0.27464558533392847,2.630729019641876
147456,147456,0.06385016460262705,0.005959642132438603,1.3058353513479233,0.47905736323446035,2.441025571897626e-06,0.0074301919194113,0.017772987426724285,0.001761646824888885
148480,148480,0.06534701623604633,0.0021927792786300415,1.3123814053833485,0.4873230392113328,1.1705851648002863e-05,0.0020453342422115384,0.01769459852948785,0.0017345743253827095
149504,149504,0.0534682355937548,0.00021784666068924707,1.3651737160980701,0.4653830910101533,-8.530798368155956e-06,0.00019028047336178133,0.01871412870241329,0.0018448038026690483
150528,150528,0.03754990061861463,0.006433135822589975,1.3156459406018257,0.6065283175557852,0.014593638625228778,0.008705525015102467,0.02891995874233544,0.4870661683380604
151552,151552,0.05590461479732767,0.001537560787255643,1.3819925151765347,0.6880605965852737,0.009007849788758904,0.0009064504465641221,0.023038120532874018,0.40325788874179125
152576,152576,0.0362271220801631,0.0025420090387342498,1.3532605096697807,0.446439485065639,9.068619692698121e-05,0.0015706901249359362,0.023517200374044478,0.0023144310107454658
153600,153600,0.06151904643047601,0.00722566680633463,1.4023876748979092,0.5689403042197227,-0.004802561074029654,0.00432358307443792,0.027000763977412134,0.5607611415907741
154624,154624,0.03661462137824856,0.004500249479747254,1.422426026314497,0.5556876584887505,5.202650208957493e-05,0.004181023722367172,0.03204087587073445,0.0034769197227433324
155648,155648,0.06718542690214235,0.019500811722537037,1.4993868991732597,0.5500304801389575,-0.002399098942987621,0.024685722368303686,0.029236693517304957,0.26759308855980635
156672,156672,0.08021059195743874,0.014392851997399703,1.5787681378424168,0.6803285144269466,0.005271016038022935,0.008842051567626186,0.07624540710821748,0.9045551624149084
157696,157696,0.08746543270535767,0.004561248053505551,1.4349231086671352,0.8887634072452784,0.013892960385419428,0.0020438206011021975,0.0698978214059025,0.5829917695373297
158720,158720,0.07309075802913867,0.002433310444757808,1.2736717946827412,0.7253644242882729,0.0015085080376593396,0.0015488655226363335,0.11052218615077436,0.5230920007452369
159744,159744,0.09891164393047802,0.0031942434325173963,1.2562969587743282,0.743305142968893,-0.01018091567675583,0.0031077169587661047,0.2121686120517552,0.2522969441488385
160768,160768,0.10189643315970898,0.01486668073630426,1.2689234353601933,0.8670258726924658,-0.009593370268703438,0.019400042641791515,0.3019221294671297,0.24660839443095028
161792,161792,0.04058831642032601,0.0029309184592420934,1.419172141700983,0.5325900809839368,-0.001252455753274262,0.001940455150361231,0.3097877111285925,0.07781732256989926
162816,162816,0.025443599879508838,0.001981422377866693,1.5092707350850105,0.6034642644226551,-0.01660464666201733,0.0011025958738173358,0.6712860111147165,0.19926639692857862
163840,163840,0.012037333246553317,0.0015610855843988247,1.5623991638422012,0.508283007889986,-0.022575761686312035,0.0008040422717385809,1.040673041716218,0.22225426090881228
164864,164864,0.03515406901715323,0.0028777838306268677,1.4986327178776264,0.6921357996761799,0.043833184958202764,0.0018887640162574826,0.4732588455080986,0.813746090978384
165888,165888,0.03997173852985725,0.008520936127752066,1.4095277711749077,0.8058308679610491,-0.004566067247651517,0.012371010896458756,0.6875940673053265,0.1124707730486989
166912,166912,0.028957760223420337,0.002222702489234507,1.4441033452749252,0.8757401648908854,-0.008643730659969151,0.0015934680232021492,1.2981582963839173,0.5382935898378491
167936,167936,0.05393133475445211,0.0018697604282351676,1.4422543086111546,0.7941509690135717,0.0045112854277249426,0.0012858667769251042,1.422275498509407,1.4478655345737934
168960,168960,0.08685461129061878,0.0018847512819775147,1.608874797821045,0.8286792747676373,0.03736869679414667,0.0011442744485066214,0.7350773485377431,1.2113076224923134
169984,169984,0.05243487696861848,0.00221773938392289,1.565321009606123,0.8215719312429428,0.008858067798428237,0.0012273249240024597,1.239820996299386,2.5690867602825165
171008,171008,0.036261936387745664,0.01604332750866888,1.6606168858706951,0.8567284066230059,-0.0035735838173422962,0.019614319229731336,0.7689166609197855,0.9714701734483242
172032,172032,0.057172495624399744,0.007698874309426174,1.5438508205115795,0.6712766289710999,0.019717984017916024,0.004350312156020664,0.9558630846440792,2.4007793739438057
173056,173056,0.06826681477832608,0.004739233911095653,1.5978822000324726,0.8347799740731716,-0.013187324715545401,0.002211895913205808,0.10563188861124218,2.810631327331066
174080,174080,0.05646045837784186,0.002095079773425823,1.4709212817251682,0.8133935481309891,0.032936408140813,0.0009197441122523742,0.06641254876740277,2.2245811261236668
175104,175104,0.03677306114695966,0.009425563126569614,1.517649482935667,0.8830252066254616,0.0006311734614428133,0.011240276369790081,0.10420191241428256,1.5930279269814491
176128,176128,0.05149902225821279,0.0019510695310600568,1.6502647921442986,0.6207648105919361,-0.007114826992619783,0.0012628920467250282,0.06482106039766222,0.2786673619411886
177152,177152,0.08509112964384258,0.0032398429757449776,1.5059627443552017,0.7825093399733305,0.02267761799157597,0.0015492493639612803,0.10736718541011214,1.7292411588132381
178176,178176,0.08295128867030144,0.0014555868256138638,1.4373806789517403,0.8243161756545305,0.030039918521651998,0.000949892943026498,0.06639185559470206,2.1956277899444103
179200,179200,0.053550523065496236,0.003858162723190617,1.4322824776172638,0.6404172610491514,-0.022278267424553633,0.002690868997888174,0.3631947133690119,1.3096778243780136
180224,180224,0.09244915598537773,0.01420613170193974,1.534920185804367,0.740883469581604,0.06651386333396658,0.020284680707845837,0.10058631538413465,1.4457127414643764
181248,181248,0.09212402952834964,0.011199376633157954,1.6081514209508896,0.767567340284586,0.010643904359312728,0.007385174394585192,0.5009736218489707,1.0171444993466139
182272,182272,0.03516840489464812,0.009136185195529833,1.3419060036540031,0.7826586794108152,-0.008137648983392864,0.0043141954083694145,0.934596068225801,0.21982137626037002
183296,183296,0.047957109796698205,0.004535943291557487,1.3127498254179955,0.7218509521335363,-0.009810900024604052,0.002284723745106021,0.8171531651169062,0.6585718402639031
184320,184320,0.06294588150922209,0.0007958771293488098,1.2880016453564167,0.5890050884336233,-0.04425077760242857,0.0006119872005001525,1.0088826906867325,0.7670150008052588
185344,185344,0.03173890017933445,0.0065546549994905945,1.335611242800951,0.5906990021467209,-0.009569804446073249,0.009001494363474194,0.7875571623444557,0.3373632491566241
186368,186368,0.08232450403738767,0.0021036221805843525,1.331759236752987,0.709335183724761,-0.00021628191461786628,0.000989563354778511,1.1452157218009233,1.0817652363330126
187392,187392,0.05142929728026502,0.003651843930128962,1.3784584403038025,0.7010792475193739,0.0524176153994631,0.0019259321961726528,0.219076176173985,1.5877755545079708
188416,188416,0.10423131863353774,0.002713877032874734,1.5234038718044758,0.8416639044880867,0.06811656465288252,0.0024890659533411963,0.4832546007819474,2.343838658183813
189440,189440,0.06470164930215105,0.004257838780176826,1.623555850237608,0.7412384562194347,0.04259347773040645,0.003011427963429014,0.47115024365484715,2.851163402199745
190464,190464,0.10815350280608982,0.017978884832700714,1.6083393208682537,0.7999182548373938,0.1607602818403393,0.022549212852027267,1.9010799583047628,3.118713766336441
191488,191488,0.05203003509086557,0.008533776432159357,1.3942676484584808,0.6697614714503288,0.016575004818150774,0.006594223821593914,1.1522910417988896,1.2568739484995604
192512,192512,0.0800978749175556,0.0030540308471245226,1.6129775196313858,0.826657772064209,0.012947504728799686,0.0017228978413186269,0.19533305033110082,1.155585726723075
193536,193536,0.07144064176827669,0.0038226838369155303,1.4698981158435345,0.7735296674072742,0.024816687393467873,0.002091473448672332,0.5317283887416124,2.360230155289173
194560,194560,0.07983613666146994,0.0010150117368539213,1.3342310562729836,0.8448219057172537,0.09811958701175172,0.0009133887879215763,0.5908245118334889,1.468694794923067
195584,195584,0.0958984128665179,0.009581774807884358,1.4850478321313858,0.6281551625579596,0.03247769130393863,0.012255390429345425,0.3628601939417422,0.8814257048070431
196608,196608,0.04310550773516297,0.001430491569408332,1.5661903023719788,0.6812350880354643,0.04342384188203141,0.0011672036180243595,0.05525194719666615,0.5917593250051141
197632,197632,0.06535960789187811,0.0010008134850068018,1.3510778546333313,0.6446910090744495,-0.007811161951394752,0.0006133295873951283,0.916874379850924,0.15983891324140131
198656,198656,0.06674668635241687,0.0029031222438788973,1.4797138795256615,0.8236989881843328,-0.011241790431085974,0.001907450970975333,0.2851245468482375,0.5978967761620879
199680,199680,0.08025738102151081,0.002160350899430341,1.6108871102333069,0.8898032512515783,0.050287048041354865,0.0014861407607895671,0.05746517956140451,1.1457514688372612
200704,200704,0.08880274533294141,0.02074982579506468,1.397520087659359,0.6752804275602102,0.0036959158023819327,0.023153456175350584,0.02285179920727387,1.7959339544177055
201728,201728,0.08442442247178406,0.00542018569103675,1.4560826867818832,0.8713678158819675,0.07725433530868031,0.004207519446936203,0.015567225636914372,3.2209790125489235
202752,202752,0.07361288159154356,0.0021159468742553145,1.2781450189650059,0.6929471492767334,0.01621686015278101,0.0013219498214311898,0.05765048606554046,1.6437626741826534
203776,203776,0.09046227799262851,0.001123300171457231,1.3981920890510082,0.5927293952554464,0.04809855803614482,0.0005519587757589761,0.01257217553211376,2.311009645462036
204800,204800,0.03753841918660328,0.003176832375174854,1.3651141412556171,0.5529344994574785,0.07136039310717024,0.0019973378421127563,0.006199934723554179,3.1739230677485466
205824,205824,0.0073364111594855785,0.013025306230701972,1.4410381577908993,0.41426894534379244,0.23336910735815763,0.015390758511784952,0.008933712961152196,1.7259089946746826
206848,206848,0.09113698406144977,0.003603251447202638,1.3949799314141273,0.5472349924966693,0.004306778981117532,0.002684841354493983,0.023716522380709648,0.6359640303999186
207872,207872,0.04527537798276171,0.0004903208091491251,1.2950612045824528,0.45683797914534807,-0.0004086057306267321,0.0005140115472386242,0.043551636510528624,0.004085652995854616
208896,208896,0.05182336154393852,0.00547325071238447,1.4481642507016659,0.6789512950927019,0.04236849851440638,0.0035374142753425986,0.022641054645646363,1.9372753724455833
209920,209920,0.054670022713253275,0.0020573872989189113,1.258629683405161,0.5241730315610766,1.6031699487939477e-05,0.0016406657632614952,0.011504139140015468,0.0009353316854685545
210944,210944,0.053170454513747245,0.020484610460698605,1.7845342196524143,0.9738084748387337,-0.011099485302111134,0.02203693805495277,0.033455837168730795,2.330596264451742
211968,211968,0.08846584148705006,0.010783822304802015,1.4373845010995865,0.8629115745425224,0.051981107622850686,0.009822671938309213,0.038005634443834424,3.054472029209137
212992,212992,0.09655462659429759,0.005101709866721649,1.4209876023232937,0.8012811858206987,0.05623746302444488,0.0037748679733340396,0.04871680692303926,4.1154975816607475
214016,214016,0.06177178944926709,0.0033875742010422982,1.6224023215472698,0.7047199122607708,0.04250494121515658,0.0019399488555791322,0.039314099529292434,0.7842957824468613
215040,215040,0.056785745749948546,0.004524300231423695,1.490893516689539,0.6104951575398445,0.04121768203913234,0.004836320644244552,0.05702029529493302,0.9637467507272959
216064,216064,0.0817052957136184,0.003813685390923638,1.4239214845001698,0.7004243321716785,0.05763444141484797,0.0023447109197149985,0.2254525376483798,1.6303470097482204
217088,217088,0.05926887388341129,0.005693030150723644,1.392726644873619,0.7373065929859877,-0.012244299694430083,0.004042999527882785,1.3843094296753407,2.550757423043251
218112,218112,0.07763429428450763,0.0033764630588848377,1.363239485770464,0.6058752946555614,0.011990019556833431,0.0029995100649102824,0.729423544369638,1.3540735803544521
219136,219136,0.058312863402534276,0.0031062696525623323,1.4547080770134926,0.5314959343522787,0.01305086349020712,0.0028164596296846867,0.5771709699183702,1.4603529386222363
220160,220160,0.047484909067861736,0.012056224513798952,1.4476556777954102,0.5811983551830053,0.001847395091317594,0.013900775098591112,0.4486731179058552,1.2795642130076885
221184,221184,0.04679625667631626,0.004842237027332885,1.5046430602669716,0.4701120238751173,0.1637390225660056,0.004397388627694454,0.305851953336969,2.389173376141116
222208,222208,0.03984649649646599,0.0020482205582084134,1.3719653114676476,0.4477199474349618,0.015331837290432304,0.0011649583102553152,0.03066720554488711,0.08379612979479134
223232,223232,0.030205444054445252,0.0007227033829622087,1.4383497908711433,0.46988292690366507,-0.004225275595672429,0.00040623546146889566,0.12497041380265728,0.0323631358332932
224256,224256,0.051092989393509924,0.004233492603816558,1.3378950506448746,0.5688378065824509,0.0032813134603202343,0.00281272941356292,0.020872480527032167,0.6429367708042264
225280,225280,0.08065907831769437,0.007194767509645317,1.2686702348291874,0.759134940803051,0.019231199024943635,0.009304154729761649,0.03804305783705786,0.7429849421605468
226304,226304,0.07005960587412119,0.00583422533236444,1.2645120173692703,0.9122977647930384,-0.01562714361352846,0.0032559845531068277,0.09302733326330781,0.7892001559957862
227328,227328,0.060897456656675786,0.0006332545535769896,1.24565077573061,0.4302122909575701,-3.5330274840816855e-05,0.0006284124447120121,0.02164239890407771,0.0019664076389744878
228352,228352,0.07682356060831808,0.000920639728064998,1.3470155000686646,0.44103151466697454,-0.0013121117081027478,0.0010000004804169293,0.06751523492857814,0.08752072154311463
229376,229376,0.07103669591015205,0.0021067363977635978,1.1564622968435287,0.8428580239415169,0.04738549163448624,0.0017464390039094724,0.0625783491996117,0.2335098353214562
230400,230400,0.135047422721982,0.007167792868131073,1.346028622239828,0.7664629407227039,-0.017954293289221823,0.009877268472337164,0.1574114030227065,0.5339584890753031
231424,231424,0.042392488481709734,0.001090913641746738,1.4799956642091274,0.4571997793391347,-0.015803928312379867,0.0008115577229546034,1.0687014926224947,0.21124001406133175
232448,232448,0.04719055941677652,0.001512143968284363,1.2683712914586067,0.41221415996551514,0.003253700095228851,0.0012306952994549647,0.8472799509763718,0.12439734302461147
233472,233472,0.04090970748802647,0.00260350751614169,1.288728717714548,0.40078111086040735,-0.0038904455432202667,0.001972172786736337,1.2024555690586567,0.18480443814769387
234496,234496,0.03711865044897422,0.004090695960258017,1.4607830718159676,0.6552483979612589,0.09534793708007783,0.0036881025525872246,1.5494293496012688,0.9326739031821489
235520,235520,0.14217480178922415,0.018800877576722996,1.3679892532527447,0.9062867760658264,0.046571915328968316,0.022830151632661,1.4182109460234642,1.0751884989440441
236544,236544,0.03858904927619733,0.006682910392555641,1.5024717822670937,0.46194008737802505,0.029298567736987025,0.0068263480461610015,1.1653145402669907,0.5535092744976282
237568,237568,0.03715489745081868,0.0030879384794388898,1.3232404068112373,0.3832740467041731,-0.026364329329226166,0.003662476228782907,1.1100550424307585,0.17556804115884006
238592,238592,0.05048991774674505,0.0006080072398617631,1.293834924697876,0.4225486917421222,-0.015880919701885432,0.0005281088151605218,0.995918033644557,0.15604363032616675
239616,239616,0.01944890318554826,0.0011104364948550938,1.266498763114214,0.36896685417741537,-0.013308119188877754,0.0008462136102025397,0.8086347430944443,0.11875718622468412
240640,240640,0.0330245014411048,0.00541163538582623,1.118858177214861,0.5964717250317335,-0.002193020161939785,0.008096627869235817,0.04772432832396589,0.4247511331923306
241664,241664,0.06854307750472799,0.0018025049976131413,1.2215560376644135,0.7353126052767038,0.08663561719004065,0.0011166298809257569,0.00711118480830919,1.42049496807158
242688,242688,0.037468804366653785,0.0015355738396465313,1.0884489230811596,0.41443219780921936,-0.0076212396525079384,0.001246156622073613,0.10032783227507025,0.2595398807898164
243712,243712,0.05546843577758409,0.002453925848385552,1.0387214869260788,0.3844758588820696,-0.00011058629024773836,0.0022061352283344604,0.024772349919658154,0.002172766486182809
244736,244736,0.025780276744626462,0.0018619420882259874,1.0705769956111908,0.31999861262738705,3.419932909309864e-05,0.0022077291210393923,0.050588978570885956,0.004787054494954646
245760,245760,0.04513632158341352,0.008907677824026905,1.211170706897974,0.5474144527688622,-0.005579185002716258,0.010446117870742455,0.4334910693578422,0.2827610895037651
246784,246784,0.06733001885004342,0.0044679011989501305,1.1223007589578629,0.6558011341840029,0.004906300222501159,0.0037736056037829258,0.012103801127523184,0.42186173191294074
247808,247808,0.012552412415971048,0.001976815436137258,1.2206547670066357,0.49719913862645626,0.00010801227472256869,0.0021761830566902063,0.01173064365866594,0.0009583464125171304
248832,248832,0.023951224007760175,0.003946493314288091,1.1861810758709908,0.4562998292967677,-0.01080689113587141,0.0032942710422503296,0.07631848769960925,0.30676484294235706
249856,249856,0.04215348165598698,0.004866110863076756,1.2569748982787132,0.6729352194815874,-0.0011643295001704246,0.0037647211847797735,0.013707850797800347,0.2850151638267562
250880,250880,0.08768072433304042,0.023900898115243763,1.5216377936303616,0.6516520846635103,-0.0030682874494232237,0.02652869012672454,0.009259410580853,0.380744147580117
251904,251904,0.04238312609959394,0.005038718962168787,1.4890152029693127,0.7092710249125957,0.0005776046309620142,0.003721070122992387,0.009784449852304533,0.03671781555749476
252928,252928,0.05295237261452712,0.0004789320896634308,1.18620515614748,0.450418196618557,7.821974577382207e-06,0.0003663086495180323,0.012121312436647713,0.0010211941553279757
253952,253952,0.01950955603388138,0.003411250283534173,1.19620131701231,0.510820803232491,-0.0005552832444664091,0.0018457108635629993,0.01215660126763396,0.11915348283946514
254976,254976,0.035801217309199274,0.0016018386058931355,1.1294575743377209,0.7541148886084557,0.0018686675757635385,0.0010083505094371503,0.008626152091892436,0.025492651853710413
256000,256000,0.043944386212388054,0.007545407155703288,1.135025266557932,0.7292967475950718,4.570189048536122e-05,0.010597884640446864,0.013962319411803037,0.001153950928710401
257024,257024,0.09088783792685717,0.000956987800236675,1.0729629844427109,0.6429002936929464,0.0012488043867051601,0.0007616950515512144,0.028619001124752685,0.0037399614229798317
258048,258048,0.1264021540991962,0.0010772608293336816,1.0347642377018929,0.6945329364389181,-1.76670728251338e-05,0.001001385090603435,0.008508137543685734,0.0006789512699469924
259072,259072,0.09904561331495643,0.0035352908435015706,1.0451288558542728,0.7215538751333952,-1.0764400940388441e-05,0.0037604075314447982,0.008534409804269671,0.000681281671859324
260096,260096,0.04343906731810421,0.018238391436170787,1.0459224618971348,0.5708179045468569,0.008278035500552505,0.022561948135262355,0.047695311019197106,0.39355400344356894
261120,261120,0.07774973334744573,0.0065150475784321316,1.125179499387741,0.782938614487648,-0.013065222883597016,0.0062014774994167965,0.00933421464287676,0.9471915829926729
262144,262144,0.08242907340172678,0.002342429299460491,1.1518599428236485,0.7252353169023991,-0.007321536133531481,0.001850228962211986,0.008063960209256038,0.8949898555874825
263168,263168,0.11149797169491649,0.0009244104494428029,1.0950073152780533,0.7718792427331209,0.004230448394082487,0.0007051175107335439,0.009640767268138006,0.5863587856292725
264192,264192,0.0654254720575409,0.0019795425369011355,1.0694761388003826,0.7191599924117327,-0.0091463677235879,0.0012495803221099777,0.007897557399701327,0.44489038176834583
265216,265216,0.10999957181047648,0.00947646545682801,1.0639414601027966,0.7489770017564297,0.007136185595300049,0.012656740262173116,0.008900476124836132,0.3212933740578592
266240,266240,0.1040302844485268,0.0023953797171998303,1.013761343434453,0.7270146235823631,-0.0056966174161061645,0.0023060441944835475,0.008782086108112708,0.45773041527718306
267264,267264,0.08401581173529848,0.000768658749620954,1.0235667452216148,0.6376629881560802,0.016508506290847436,0.0005144524866409483,0.008839931746479124,0.2861237800680101
268288,268288,0.022656113636912778,0.006065136127290316,1.0434902161359787,0.7158700432628393,-0.010908339289017022,0.0026510823063290445,0.012062387657351792,0.8312306394800544
269312,269312,0.03547233188874088,0.005526682245545089,1.1360289305448532,0.7792472206056118,-7.477449253201485e-05,0.002639153504787828,0.013281884632306173,0.0011276440927758813
270336,270336,0.0658029037003871,0.007463120382453781,1.0757472477853298,0.7720127031207085,0.024743808869970962,0.009774556492629927,0.014632763806730509,0.6684980681166053
271360,271360,0.09559009119402617,0.0021467790647875518,0.9864017497748137,0.9404193125665188,-0.006281211884925142,0.0022156202685437165,0.017513204540591687,0.31105849938467145
272384,272384,0.11011681379750371,0.003917955424185493,0.953363535925746,0.8748063817620277,4.8564106691628695e-06,0.003392722767785017,0.01768672780599445,0.0014915108913555741
273408,273408,0.09087003651075065,0.004400940483719751,1.022933553904295,0.9557177182286978,4.468020051717758e-07,0.0031442353373449805,0.020770002796780318,0.0017748521640896797
274432,274432,0.09277721063699573,0.0018073316009576956,0.9750762153416872,1.145828541368246,0.005280735611449927,0.00228873480546099,0.023533695843070745,1.212659239768982
275456,275456,0.11332751414738595,0.013818716704918188,0.9677504971623421,0.9642153978347778,2.971146022900939e-05,0.019625663160695694,0.018500266887713224,0.0015711463056504726
276480,276480,0.08100093010580167,0.002030620518780779,1.0063399486243725,0.853458208963275,0.0007263391744345427,0.0018150142823287752,0.026385369594208896,0.013051725109107792
277504,277504,0.06529965830850415,0.0031035631327540614,1.03097690269351,0.7571923024952412,0.006051251199096441,0.002952299935714109,0.0299862006213516,0.03511024045292288
278528,278528,0.05514621548354626,0.0011119061655335827,1.1983304731547832,0.47803749050945044,-0.0008768877014517784,0.000955053113671056,0.12289556511677802,0.013096320675686002
279552,279552,0.02618271336541511,0.0017613903255551122,1.181416917592287,0.5897755958139896,0.02734982004039921,0.0012351963478067773,1.476329199038446,0.48144787922501564
280576,280576,0.07727435365086421,0.019314618315547705,0.9668255224823952,0.8028272110968828,-0.03552284769830294,0.025366903872054536,1.074434787966311,0.5655421176925302
281600,281600,0.018727740447502583,0.008315617531479802,1.2934809885919094,0.6285568084567785,-9.053220856003463e-05,0.004793547603185289,1.5415522158145905,0.3107996229082346
282624,282624,0.050618656299775466,0.0019253299942647573,1.2930259853601456,0.47707726061344147,0.0005955465312581509,0.0013249097291918588,0.04802198859397322,0.00452682317700237
283648,283648,0.04574442366720177,0.0005654977585436427,1.2811833024024963,0.46578296460211277,-4.568073200061917e-05,0.000284513744418291,0.047141898423433304,0.004330265801399946
284672,284672,0.05735565462964587,9.6117920065808e-05,1.2706003785133362,0.4971884600818157,-9.759876411408186e-05,9.742037514115509e-05,0.10093352233525366,0.010116724646650255
285696,285696,0.05495810029970016,0.01350711754639633,1.264596451073885,0.6145308259874582,-0.030088723404332995,0.015828745046746917,2.210432634688914,1.5071377122076228
286720,286720,0.040723550773691386,0.001510510350271943,1.2323820851743221,0.5262665990740061,0.05289388200617395,0.0017455593779232004,1.629528368357569,0.8736775257857516
287744,287744,0.05070614720170852,0.0003475133798929164,1.1919203400611877,0.43021244928240776,0.003390674653928727,0.0003697728761835606,1.062162021175027,0.15854455018416047
288768,288768,0.015505854928051122,0.0018081701400660677,1.2888618744909763,0.581891180947423,-0.023355471959803253,0.0009042528836289421,1.727515321224928,0.8658839743584394
289792,289792,0.035924049181630835,0.0024834882315190043,1.389995377510786,0.5730955805629492,-0.031141427723923698,0.0011554653647181112,2.3807740788906813,0.7672455210704356
290816,290816,0.041923695913283154,0.012556156012578867,1.0362942814826965,1.0008025169372559,0.028400253388099372,0.013330860456335358,1.420052021741867,0.9617044273763895
291840,291840,0.1173978487495333,0.001954919045601855,1.002333503216505,0.8160693757236004,0.028803084933315404,0.0021699908584196237,0.8258485075784847,0.23458554281387478
292864,292864,0.07657468994148076,0.0021482176780409645,1.118897683918476,0.48183207027614117,-0.04144136980175972,0.0010246015644952422,1.106580892112106,0.7127710240893066
293888,293888,0.04120142995088827,0.002751210155111039,1.1287042759358883,0.4036125876009464,-0.001080074958736077,0.002019839837885229,0.5872000707313418,0.10089137230534106
294912,294912,0.04454958700807765,0.0032250961667159572,1.231896784156561,0.34763995837420225,-0.012322170165134594,0.003182027468483284,1.0600408557802439,0.1621331658679992
295936,295936,0.012949697738804389,0.01176748491707258,0.9631553050130606,0.6894080676138401,0.0013051734713371843,0.014306532277259976,0.09963401651475579,0.0263885457534343
296960,296960,0.10821586102247238,0.0013386948758125072,0.9286270011216402,0.7065983098000288,0.000469682679977268,0.0012975089503015624,0.04656742006773129,0.0066548281465657055
297984,297984,0.07501598802627996,0.0011648993640847038,0.8985742572695017,0.663124481216073,-5.417299689725041e-06,0.0012132216779718874,0.009148561279289424,0.0007247483590617776
299008,299008,0.08130511827766895,0.005612142078462057,0.9363989923149347,0.7067954521626234,0.013799073087284341,0.005225053031608695,0.013129484432283789,0.3800366697832942
300032,300032,0.05305089405737817,0.011683316341077443,0.9103305488824844,0.8020820077508688,0.0036126505583524704,0.015107485378393903,0.011484823218779638,0.5840899553149939
301056,301056,0.0606073989183642,0.003810862321188324,0.8784620445221663,0.587919345125556,-0.002729287778493017,0.0033899513209689758,0.6449816690292209,0.11955597368068993
302080,302080,0.04070356982992962,0.002252432404930005,0.9480150602757931,0.6815567780286074,-0.024672802654094994,0.001725120328956109,1.3497697114944458,0.35739936598110944
303104,303104,0.1045989355770871,0.0005266607586236205,0.8978431671857834,0.6985032111406326,-0.01849836972542107,0.0005117651398904854,1.0458745658397675,0.15496419975534081
304128,304128,0.10302798624616116,0.001341692719506682,0.9193022008985281,0.7124283313751221,-0.011549025279236957,0.0013309950873008347,0.9931439682841301,0.14676732989028096
305152,305152,0.05032126113655977,0.008274432882899418,0.904108852148056,0.8368792962282896,-0.023806797893485054,0.01136929804488318,0.5739642158150673,0.2965292655862868
306176,306176,0.0624776377226226,0.0033429740542487707,1.0880394838750362,0.7548934184014797,0.0067197963944636285,0.003233823154005222,0.7388890571892262,0.40601322101429105
307200,307200,0.030725044780410826,0.0013073497734694683,1.2617102451622486,0.45233559142798185,7.311292574740946e-05,0.0011515780724948854,0.027961933461483568,0.0024231455754488707
308224,308224,0.053974002570612356,0.0013722909516218351,1.3942461349070072,0.5396203100681305,-0.00030185372452251613,0.0017007319947879296,0.04863613285124302,0.0044715621042996645
309248,309248,0.032941164157819,0.0007261029963956389,1.339030597358942,0.43222049437463284,-0.004668719979235902,0.0004434698271893467,0.541350323241204,0.080802665441297
310272,310272,0.07025160366902128,0.013585273394710384,0.9919259343296289,0.7157384529709816,0.01169226216734387,0.016989521885989234,0.12256504327524453,0.2024523492436856
311296,311296,0.0411452577682212,0.0037710086653532926,1.0462349504232407,0.5163022838532925,0.00520601769676432,0.0024449734919471666,0.012725349195534363,0.012224933947436512
312320,312320,0.06706475568353198,0.0004656109690586163,1.195879366248846,0.37857147492468357,-2.8798240236938e-06,0.00018499121097192983,0.009172618680167943,0.0007260087877511978
313344,313344,0.06186409411020577,0.00017353028056277253,1.2241215109825134,0.41310027055442333,-9.955547284334898e-07,0.00026126933607883984,0.009555625409120694,0.0007591362809762359
314368,314368,0.00513487053103745,0.0018454766723152716,1.4091546162962914,0.5527803851291537,-1.8070772057399154e-05,0.0006825128175478312,0.009933285677107051,0.0007920624921098351
315392,315392,0.034960502707690466,0.010970637529680971,1.1469646133482456,0.697426076978445,-0.00695888910559006,0.012930518223583931,0.06891000340692699,0.22426471067592502
316416,316416,0.05451408348744735,0.0010619286422297591,0.9386507291346788,0.6439319644123316,-0.003432987112319097,0.0012069797830918105,0.09877254534512758,0.2729980265721679
317440,317440,0.08756776456721127,0.0013405479621724226,0.8557335529476404,0.6498170867562294,-0.0018682664667721838,0.0017927894004969858,0.7655274397693574,0.10753717634361237
318464,318464,0.0749389311822597,0.0020881497853224573,0.8684212230145931,0.6179553028196096,-0.005968806421151385,0.002713398409923684,1.1508473977446556,0.17078094743192196
319488,319488,0.05309691787988413,0.0018005377423833124,0.8740340862423182,0.6407199800014496,-0.023815648833988234,0.002014140783330731,1.0667621809989214,0.1588958129286766
320512,320512,0.08673104527406394,0.03379109986417461,0.8786045573651791,0.7697443254292011,-0.011914745176909491,0.03981838122854242,0.3575752847827971,0.38291294360533357
321536,321536,0.00598376989364624,0.01370646327995928,1.0815530456602573,0.5495557552203536,0.040510831924621016,0.011212673773115966,1.242216753133107,1.2004058193415403
322560,322560,0.024670241225976497,0.00707695315577439,1.0908324271440506,0.567678052932024,-0.00038976065116003156,0.0057269050885224715,0.027886352268978953,0.012804313795641065
323584,323584,0.050459016842069104,0.0023063741773512447,1.1637526899576187,0.492588022723794,7.958948845043778e-05,0.002128900508978404,0.042853937251493335,0.003898622002452612
324608,324608,0.05671196774346754,0.0003067541965720011,1.1117624752223492,0.4092930369079113,9.923471952788532e-05,0.0003141895867884159,0.06340313074178994,0.006001284695230424
325632,325632,0.027656789985485375,0.005154529029823607,0.9445070363581181,0.7051657494157553,-0.001596569549292326,0.008500643052684609,0.049117100425064564,0.18652701959945261
326656,326656,0.058845191553700715,0.0014564856892320677,0.852536940947175,0.7101447451859713,0.024080506700556725,0.0009446949616176425,0.027855858323164284,0.1670927134109661
327680,327680,0.07280020671896636,0.0007130995397801598,0.7272016797214746,0.720562033355236,0.0002833762264344841,0.0005409230739132909,0.03205675241770223,0.0028222635155543685
328704,328704,0.08412237232550979,0.00099372030831546,0.7919375021010637,0.7580034285783768,0.0001289405336137861,0.0007584826923903165,0.030381723714526743,0.002660463796928525
329728,329728,0.11693282949272543,0.0015934149964778044,0.8641236200928688,0.8563475571572781,2.638628939166665e-05,0.00131101583247073,0.03294047783128917,0.002909707836806774
330752,330752,0.07224031689111143,0.013690943997062277,1.1774416267871857,0.5971875442191958,-0.01935556234093383,0.018910266604507342,2.057931642513722,2.1275057857856154
331776,331776,0.04823973680322524,0.0020558893666020595,1.233802430331707,0.45761304534971714,0.26122732809744775,0.001469547622036771,3.890707839280367,3.556779562262818
332800,332800,0.039797410849132575,0.0010387507754785474,1.0807644091546535,0.674714470282197,0.016884607961401343,0.00033527724281157134,0.18045826256275177,0.6463546687737107
333824,333824,0.06356000000960194,0.00018996881544808275,0.8260931018739939,0.6838544979691505,-0.009280370868509635,0.00010939440744550666,0.04318931954912841,0.2841082555241883
334848,334848,0.0431552966037998,0.0016387777686759364,0.8759407084435225,0.6628048457205296,-0.007123736577341333,0.000800096066086553,0.04594375391025096,0.152315468294546
335872,335872,0.055203710799105465,0.010483167061465792,0.8663926608860493,0.8489912990480661,0.01836669212207198,0.013102983437420335,0.053082585451193154,0.15683271433226764
336896,336896,0.07003242158680223,0.0016575975041632773,1.1302908398211002,0.5940599255263805,0.0018494584583095275,0.0014277992377174087,0.21867825975641608,0.03549694339744747
337920,337920,0.05537436154554598,0.00023340482539424556,1.1514842323958874,0.40668013133108616,-0.009314637281931937,0.00022003232743372791,0.9660884365439415,0.16135714924894273
338944,338944,0.047504501169896685,0.00016213041089940816,1.1232674680650234,0.4791580578312278,-0.029340202308958396,0.00011253535637933965,1.0170546881854534,0.19035556190647185
339968,339968,0.04602377688570414,0.00011795096190780896,1.1540196985006332,0.38925410248339176,-0.02094115677755326,0.00012639737690278707,1.7759254053235054,0.51741196308285
340992,340992,0.01804313542379532,0.010355359183449764,1.043392762541771,0.5081971464678645,-0.0215192410396412,0.013143116191713489,0.18916957639157772,0.16315794945694506
342016,342016,0.026968982987455092,0.00528813075288781,1.2104500867426395,0.43748932518064976,-0.0010518290218897164,0.004554296290734783,0.12593767512589693,0.023404766689054668
343040,343040,0.030835961981210858,0.005990548914269311,1.3117472380399704,0.5594444945454597,0.0287568187341094,0.00515050888134283,0.3870305214077234,0.8777430150657892
344064,344064,0.05320674044196494,0.004018156469101086,1.4246810600161552,0.8344495035707951,0.04491257085464895,0.0031172871495073196,0.43450741097331047,2.014257274568081
345088,345088,0.02900801887153648,0.01483853675017599,1.1749457903206348,0.5831318227574229,0.04157587050576694,0.020615229979739524,0.49918858089949936,1.4482574947178364
346112,346112,0.049517881765495986,0.007096618668583687,1.1321727558970451,0.5744026731699705,0.005982387927360833,0.007843441337172408,0.007014006638200954,0.45003757113590837
347136,347136,0.10324260441120714,0.006981882965192199,1.1399936005473137,1.1280804015696049,0.023641593812499195,0.0057885961286956444,0.005973346589598805,2.020816121250391
348160,348160,0.11046840727794915,0.0024061900439846795,1.1591855846345425,0.8661599289625883,-0.009670996485510841,0.0012243608944118023,0.005501205756445415,3.3900099024176598
349184,349184,0.12115648901090026,0.0013118926217430271,1.1328185386955738,0.7403410617262125,-0.028029473294736817,0.0009305020212195814,0.005146474519278854,4.9275432378053665
350208,350208,0.07901445054449141,0.01411558459221851,1.1228994280099869,0.8058024235069752,0.09250647432054393,0.01815094342600787,0.005921786112594418,5.592198893427849
351232,351232,0.08756009867647663,0.0034829912983695976,1.104481890797615,0.6161201521754265,-0.008564596675569192,0.005160586872079875,0.00617384715587832,6.832486391067505
352256,352256,0.037118222360732034,0.007419169196509756,1.1312294527888298,0.4557652650400996,0.21188338287174702,0.004336221223638859,0.006861340356408618,9.68400052189827
353280,353280,0.06174659452517517,0.0018864272205973975,1.199880514293909,0.39476643316447735,0.32419765274971724,0.00071670651959721,0.008417381381150335,12.305458694696426
354304,354304,0.025865411989798304,0.0004206885062103538,1.2083574868738651,0.3220079531893134,0.2948969933204353,0.0003444314222633693,0.009478263673372567,12.16064390540123
355328,355328,0.019162210533977486,0.010006314856582321,1.0662793666124344,0.5928507149219513,0.2209506523795426,0.015402485405502375,0.009483384870691225,8.236784592270851
356352,356352,0.07706432393752038,0.0025016599502123427,1.0039336886256933,0.7062263265252113,-0.011410162638640031,0.0013972800497867865,0.01795231070718728,0.76921955216676
357376,357376,0.035030658124014735,0.0013612475486297626,0.94162985868752,0.47840446047484875,0.0009972335828933865,0.0011231804219278274,0.015249662479618564,0.01238637138158083
358400,358400,0.07403546957357321,0.0012184275692561641,0.8831963110715151,0.6796711273491383,-4.951725713908672e-06,0.001268690101824177,0.00474148774810601,0.0003572426503524184
359424,359424,0.07580765994498506,0.001513001761054511,0.8541775401681662,0.607750654220581,-2.3895699996501207e-06,0.0014290963026724057,0.004880952867097221,0.00036865612491965294
360448,360448,0.07742476789280772,0.014748497123946436,0.9334457106888294,0.803981639444828,-0.0015456719556823373,0.020898993367154617,0.012982621061382815,0.11584841168951243
361472,361472,0.041431052835832816,0.0031451138529519085,1.233640056103468,0.7303558010607958,-0.007899884629296139,0.002461858341121115,0.5504610075149685,0.10731982148718089
362496,362496,0.06644438009243459,0.0012228012801642762,0.9842338860034943,0.8093650210648775,-0.007666588309803046,0.0009949302966560936,0.6862976416014135,0.21755967929493636
363520,363520,0.04335688840365037,0.001066665387043031,0.963564071804285,0.6795591171830893,0.03731682681245729,0.0005798507554573007,0.7176453256979585,0.2595080644823611
364544,364544,0.0426468745135935,0.002663202136318432,1.0649501457810402,0.6326604317873716,0.03291502725915052,0.002054979784588795,0.9724872298538685,0.3696138528175652
365568,365568,0.054450039664516225,0.013247926355688833,1.092674184590578,0.6147513538599014,-0.03148116645752452,0.01695718841801863,0.7861218880861998,0.1958472749684006
366592,366592,0.043205342430155724,0.0012659833337238524,1.1706508174538612,0.36823215801268816,-0.00030118360882624984,0.0012227505430928431,0.11750503163784742,0.011855842545628548
367616,367616,0.04956423019757494,0.0008335604361491278,1.215331844985485,0.41816432122141123,-0.000800476293079555,0.0004616678743332159,0.7278768033720553,0.10169204603880644
368640,368640,0.04174009518465027,0.002838196865923237,1.237541388720274,0.6187954545021057,-0.016066781914560124,0.0018902971660281764,1.4918331503868103,0.31344336085021496
369664,369664,0.09743337144027464,0.005791436567960773,1.1699618846178055,0.7206716891378164,-0.009837337071076035,0.00379618581791874,1.1107398103922606,0.6272321809083223
370688,370688,0.08530960883945227,0.028817746351705864,1.203290719538927,0.6722366362810135,0.001264006074052304,0.030802486624452285,0.1526883444748819,0.20261646679136902
371712,371712,0.040503299693227746,0.005910561667406,1.2051657401025295,0.4469848731532693,-0.0006864358729217201,0.005811423878185451,0.26412989874370396,0.03018918656744063
372736,372736,0.036234180559404194,0.0014412924956559436,1.2124840430915356,0.40835138969123363,-0.0028264997235964984,0.0015096960123628378,0.9775660168379545,0.14176108478568494
373760,373760,0.051344735868042335,0.0013205444593040738,1.1958768665790558,0.4093046644702554,0.018961026740726084,0.0007458158379449742,1.0176022630184889,0.2615103553980589
374784,374784,0.038288064766675234,0.0011507357285154285,0.9812908656895161,0.5648350231349468,-0.010172264068387449,0.0010800053205457516,0.8796166414394975,0.13037696084938943
375808,375808,0.04371276653546374,0.007717931694060098,0.9352961964905262,0.7629274651408195,0.0056518883211538196,0.01215667327051051,0.2486211289651692,0.029472248628735542
376832,376832,0.03378570720087737,0.0008909428133847541,1.1263865754008293,0.5513003412634134,-0.002624147542519495,0.0012627001124201342,0.13605820504017174,0.02197361655998975
377856,377856,0.06110854240250774,0.0008769316391408211,1.1668198183178902,0.39730452094227076,-0.005762865650467575,0.0008358184222743148,0.7796501768752933,0.11359348823316395
378880,378880,0.058355284985736944,0.002458052072142891,1.1627720445394516,0.3953854460269213,-0.015088683110661805,0.001989798762224382,1.174076983705163,0.18041885737329721
379904,379904,0.03968319806153886,0.001951148922671564,1.2076936587691307,0.3896806286647916,-0.016750082198996097,0.0019562111795039527,1.3940337859094143,0.2238896070048213
380928,380928,0.010362102912040427,0.02494369717896916,0.8367669507861137,0.7497071530669928,-0.007660919509362429,0.02924553054617718,2.6246735900640488,0.7060716273263097
381952,381952,0.04885356654995121,0.006274564209888922,0.831474220380187,0.49796168971806765,0.013247864902950823,0.007610663627929171,1.0536126280203462,0.2052365904673934
382976,382976,0.0858561007771641,0.0023145542154452414,0.8765140250325203,0.7265105154365301,-0.014676193706691265,0.0017576403242856031,1.0056618619710207,0.14811690524220467
384000,384000,0.08046689195907675,0.00033690134159769514,0.851183483377099,0.6724293064326048,-0.0020167825859971344,0.0002781881526061625,0.916663920506835,0.13171139149926603
385024,385024,0.030784718452196103,0.00591332207841333,0.8317598346620798,0.5546289030462503,0.003101812821114436,0.008669051974720787,0.7271131873130798,0.09835475008003414
386048,386048,0.05574123303813394,0.005028168440730951,0.8793040215969086,0.6060343999415636,-0.00556202867301181,0.004644275271857623,0.6510733044706285,0.09112985909450799
387072,387072,0.07097647554473951,0.0015398393716168357,0.8541750870645046,0.6680642329156399,-0.039406645635608584,0.0014999136146798264,0.9521708767861128,0.36804283084347844
388096,388096,0.0657067354186438,0.0014687864459119737,0.8522747494280338,0.5676150768995285,-0.010333697515306994,0.0016718156257411465,0.7646911274641752,0.11334532732143998
389120,389120,0.0599557067907881,0.0027114803679069155,0.8250307124108076,0.6328179761767387,-0.013898549426812679,0.0029189497072366066,0.9397479929029942,0.13845064351335168
390144,390144,0.050269859784748405,0.008824304673908046,0.8296017795801163,0.6027431506663561,-0.027893964186660014,0.012983671156689525,0.8153606113046408,0.20768927945755422
391168,391168,0.042081461317138746,0.0008680490627739346,1.0101815350353718,0.6972676981240511,0.022920024784980342,0.0007417431152134668,0.9789519151672721,0.30078083963599056
392192,392192,0.05472312678466551,0.00037621985302394023,0.7836228404194117,0.5471955891698599,-0.012987012378289364,0.00039943569208844565,0.6923552623484284,0.102065245853737
393216,393216,0.06939279864309356,0.001160825031092827,0.7927858307957649,0.6275715138763189,-0.026808055874425918,0.001302813023357885,0.9998392518609762,0.15856190072372556
394240,394240,0.05164324789075181,0.001801738606559411,0.8071816600859165,0.5039368094876409,-0.017978134303120896,0.001908603211177251,1.0417039263993502,0.17701367381960154
395264,395264,0.0467705633782316,0.00979260748863453,0.8717617653310299,0.4522214960306883,-0.02041194716002792,0.014864788441627752,0.8783181123435497,0.2829868346452713
396288,396288,0.06341208798403386,0.0025008844095282257,1.2640753015875816,0.6489923372864723,0.02039632832747884,0.002363725670875283,1.5643548099324107,0.7787515129894018
397312,397312,0.06158978752500843,0.0023246695564012043,0.8435377292335033,0.7182904072105885,-0.0028343343583401293,0.002381068352406146,0.1750330519862473,0.5916567733511329
398336,398336,0.045331841334700584,0.0036410435786820017,1.0797651521861553,0.504303484223783,0.027107244241051376,0.0037009770258009667,0.03787373809609562,0.2274193150224164
399360,399360,0.06178504886338487,0.0026449556262377882,0.8130296561866999,0.5848940387368202,1.5129044186323881e-06,0.0032190453021030407,0.0156148822279647,0.0012716411147266626
400384,400384,0.0765415005153045,0.016806125349830836,0.9715266823768616,0.65651860460639,-0.010200658405665308,0.022736937855370343,0.5331002224702388,0.47388565028086305
401408,401408,0.051922697108238935,0.005288994598231511,0.8260012939572334,0.7197654265910387,0.04920554475393146,0.004145702027017251,0.9154289406724274,0.21439554926473647
402432,402432,0.05864001129521057,0.0018091194706357783,0.7911108564585447,0.6360571514815092,-0.00028115182067267597,0.0012731720998999663,0.033254070789553225,0.0029273597756400704
403456,403456,0.0570280616520904,0.0003352621165504388,0.7894511502236128,0.49551372695714235,-1.6083737136796117e-05,0.00017527715363030438,0.0368374198442325,0.0032742066541686654
404480,404480,0.0768999102874659,0.0009717363373056287,0.7911967020481825,0.5484351459890604,0.0019360462902113795,0.0006126574467089085,0.04885096242651343,0.015546628972515464
405504,405504,0.03176248798263259,0.009631290511606494,0.8410302121192217,0.5581162832677364,-0.017172211199067533,0.013730558232055046,0.5049783340655267,0.0768294963054359
406528,406528,0.043963416799670085,0.0020551317666104296,0.8586607296019793,0.7466890886425972,0.019177189620677382,0.0015084057122294325,0.9400886744260788,0.4936591451987624
407552,407552,0.043929768609814346,0.0005009353708373965,0.8351511545479298,0.5166187696158886,0.01235769153572619,0.0005705782814402482,0.07498269015923142,0.22913962206803262
408576,408576,0.04825279020587914,0.0014776110201637493,0.8005205001682043,0.5487302662804723,0.001203767373226583,0.0012769383502018172,0.0635823153425008,0.016075400984846056
409600,409600,0.06226622228859924,0.0026152971695410088,0.8227704241871834,0.4379695951938629,0.001077593129593879,0.002616520532683353,0.05575128801865503,0.20596848195418715
410624,410624,0.062422303191851825,0.0285175884491764,0.735226359218359,1.2640766203403473,-0.012063825794029981,0.03173980342398863,0.58091562660411,1.5427625440061092
411648,411648,0.09389093273784965,0.007646722926438088,0.8111125137656927,0.8465026747435331,-0.008018489024834707,0.006124135161371669,0.8207965157926083,1.3408001959323883
412672,412672,0.04558874492067844,0.0030620622274000198,0.9625416994094849,0.46798771154135466,-0.014549075727700256,0.002442693343255087,0.8857466066256166,0.13348262233193964
413696,413696,0.03410290904866997,0.0013849729621142615,1.0702031794935465,0.4058690732344985,-0.031861124880379066,0.000977540486928774,1.0118951927870512,0.15571630536578596
414720,414720,0.027622643450740725,0.0013473053695634007,1.0160730816423893,0.4269115161150694,-0.0026812729192897677,0.0010589804833216476,1.837389038875699,0.9722289070487022
415744,415744,0.06694435782264918,0.01038828921446111,0.8680252470076084,0.7278077881783247,-0.019941561215091497,0.012058217842422891,0.9029585868120193,0.41089993389323354
416768,416768,0.05501353558793198,0.001795867232431192,0.9126148764044046,0.7782853320240974,0.002688412554562092,0.0015058064745971933,1.0481045013293624,0.19623023527674377
417792,417792,0.028810007905121893,0.001162903368822299,0.798802312463522,0.46317711751908064,-0.008266145800007507,0.000960785580900847,0.6609743884764612,0.09192325524054468
418816,418816,0.05462986772181466,0.0031934478174662217,0.7462722398340702,0.5224924022331834,-0.03312030321103521,0.0027553204099604045,0.9333964418619871,0.39795189443975687
419840,419840,0.02547075344773475,0.0031747881748742657,0.7482229005545378,0.37820063438266516,-0.019725115329492837,0.003585370571272506,0.7965173968113959,0.12140812771394849
420864,420864,-0.0014148029003990814,0.020334634522441775,0.7961013317108154,0.5349374348297715,-0.017714249435812235,0.02391570077452343,1.1425814647227526,0.21957868873141706
421888,421888,0.046566862089093775,0.00403968149839784,0.7239088322967291,0.5480227852240205,-0.018089875811710954,0.003621839330662624,1.086043476127088,0.19515255163423717
422912,422912,0.03701664606342092,0.0010573999479674967,0.8006483539938927,0.55685362406075,-0.02502256093430333,0.000829162787340465,1.2548961956053972,0.24490839266218245
423936,423936,0.04782048195193056,0.0008278761815745384,1.026219431310892,0.37571859266608953,-7.373077096417546e-05,0.0006979039153520716,0.026367998856585473,0.0022491562413051724
424960,424960,0.03719259504578076,0.0009537460073261173,1.0432966649532318,0.43657852057367563,-5.304749356582761e-05,0.0009984118046304502,0.02838764787884429,0.002438285620883107
425984,425984,0.009404402444488369,0.01146210038132267,1.1054032370448112,0.6119625251740217,0.0028268282767385244,0.012851756655436475,0.36685140198096633,0.04884381155716255
427008,427008,0.0501552647765493,0.005893379646295216,0.884096797555685,0.6370718684047461,-0.02925103712186683,0.0037925752076262143,1.6686034789308906,1.2513027526438236
428032,428032,0.06066154665313661,0.0014429079710680526,0.8304112926125526,0.5115295443683863,0.056460788066033274,0.0010753102114904323,0.6352513683959842,0.873610932379961
429056,429056,0.046377403239603154,0.001628617388632847,1.0406833477318287,0.3979369308799505,-0.0013712758664041758,0.0009714740444906056,0.8577683558687568,0.41275720531120896
430080,430080,0.021471562853548676,0.007358685023064027,0.8911872040480375,0.46966037154197693,0.06692396732978523,0.009606035881006392,2.0417793579399586,1.246055115479976
431104,431104,0.031971860298654065,0.0024181435801438056,1.3693364225327969,0.7165587116032839,-0.007869445136748254,0.0011648945710476255,0.5811363374814391,0.8462047073990107
432128,432128,0.039926276076585054,0.002776693152554799,1.3035117760300636,0.5678565613925457,-0.024355622474104166,0.0017405842700100038,1.2353028878569603,1.0467901043593884
433152,433152,0.05434019639506005,0.0018494122195988894,1.1562499403953552,0.7264571338891983,-0.012517388066044077,0.0011419369820941938,0.5552966892719269,1.252446522936225
434176,434176,0.024717731401324272,0.001041901011376467,1.1156362853944302,0.3797724759206176,0.0012862493458669633,0.0009711210532259429,0.01877773314481601,0.010227388353087008
435200,435200,0.05534669276676141,0.01252719208423514,1.025110436603427,0.5572482580319047,0.011379708623280749,0.014518529191263951,0.7773535642772913,1.062442047521472
436224,436224,0.020201056089717895,0.0037901783907727804,1.1695459187030792,0.3822065982967615,-0.009266595327062532,0.002934491916676052,0.7978546656668186,0.12183471326716244
437248,437248,0.04280230790027417,0.0002817947561197798,1.16302689909935,0.3501580208539963,-0.0083576763572637,0.0002055445247606258,1.1309140026569366,0.170126857701689
438272,438272,0.020246943517122418,0.00038492213388963137,1.113273561000824,0.31645857635885477,-0.0027449890330899507,0.000299719242775609,0.8271975703537464,0.11823086254298687
439296,439296,0.018844702644855715,0.0016843481635078206,1.0043190959841013,0.3551713302731514,0.053322397550800815,0.001179069782665465,1.0773151833564043,0.3237266247160733
440320,440320,0.04090937544242479,0.005434220558527159,0.9190675802528858,0.5992239788174629,-0.032784262381028384,0.005794207187136635,0.7207647478207946,0.3624313392210752
441344,441344,0.02328271137957927,0.003676050535432296,1.0204817838966846,0.5053705163300037,0.028270349750528112,0.002439366617181804,0.25688405125401914,0.08204743347596377
442368,442368,0.027109115559142083,0.0004972542656105361,0.8964397516101599,0.26048164442181587,0.00031091492564883083,0.0004969935698682093,0.0454425549833104,0.004111152142286301
443392,443392,0.01335704728262499,0.00045125511815058417,0.9982475023716688,0.2627311246469617,-0.00033732905285432935,0.0003323516900763934,0.048565558274276555,0.004409624030813575
444416,444416,0.025389751623151824,0.001337328925728798,1.0650229044258595,0.3143801111727953,0.00013053725706413388,0.001017090876302973,0.06618247542064637,0.006209930055774748
445440,445440,0.008601853158324957,0.00978722536819987,1.1063519641757011,0.3398739602416754,-0.055340883089229465,0.0119295254444296,1.4078738950192928,0.6504635722376406
446464,446464,0.017106117506045848,0.004233748437400209,0.9476857464760542,0.38139933720231056,0.023604049027198926,0.0030047920408833306,1.4418877167627215,0.5691230371594429
447488,447488,0.052336550696054474,0.0012763407794409432,0.7987822573632002,0.5030682655051351,-0.011928095977054909,0.0009330623342975741,0.6906375298276544,0.09965165541507304
448512,448512,0.04699103502207436,0.0025619908701628447,0.7442377544939518,0.5042478023096919,0.00378215778619051,0.0019520885070960503,1.0980510078370571,0.5988040221855044
449536,449536,0.058502305881120265,0.003573587615392171,0.7730663325637579,0.40649103093892336,0.012736990058328956,0.0037477089963431354,0.20437160378787667,0.5321392687037587
450560,450560,0.03512917720217956,0.015530979726463556,0.9035280626267195,0.4424364725127816,-0.01704693523788592,0.014869939317577519,0.5215761149302125,0.5681104334071279
451584,451584,0.04356557549908757,0.0038744288540328853,0.9504766128957272,0.4781326288357377,0.0036091377842240036,0.0020029349234391702,0.8412869721651077,0.983730137348175
452608,452608,0.04949519761430565,0.002382021539233392,1.002428025007248,0.4347452074289322,-0.029043467482551932,0.0011930813252547523,0.9329074621200562,1.127472909167409
453632,453632,0.030688939557876438,0.004468562900001416,1.045178335160017,0.5700921900570393,0.031443733198102564,0.003136611747322604,1.664316888898611,1.3768221996724606
454656,454656,0.008464587139314972,0.004764900862937793,0.9528048615902662,0.49153452552855015,0.027343898225808516,0.003640981300122803,1.0728730726987123,1.0222603548318148
455680,455680,0.0034253362246090546,0.013985751022119075,1.2837862744927406,0.667765436694026,-0.05956999518093653,0.017863663349999115,2.5158170387148857,1.39937805198133
456704,456704,0.020679364097304642,0.0037690182325604837,1.0032700300216675,0.5127136586233974,-0.005598221847321838,0.0033173283736687154,1.4229084216058254,0.4292252683080733
457728,457728,0.03646358603145927,0.0010222983182757162,0.8518955539911985,0.31327719800174236,0.0001718729909043759,0.0008674486434756545,0.017347321147099137,0.001497559598647058
458752,458752,0.020974588420358486,0.0008890762510418426,0.9032175112515688,0.2665245169773698,1.0042014764621854e-05,0.0008489140855090227,0.011329105531331152,0.0009005001047626138
459776,459776,0.015702180040534586,0.0007540691399299249,0.8819038011133671,0.244114404078573,8.472002809867263e-05,0.0007369847223799297,0.013146673009032384,0.0010657653911039233
460800,460800,-0.006956438388442621,0.008453051636024611,0.6988138239830732,1.0331225600093603,-0.033929252123925835,0.011006435550370952,2.2645385591313243,0.8153248276794329
461824,461824,0.053720958283520304,0.005019947151595261,0.8072567787021399,0.6541891265660524,0.10638892283895984,0.002265367413201602,1.8019797378219664,0.9050882291048765
462848,462848,0.021775776796857826,0.0007239001351990737,0.7773245871067047,0.4050338165834546,-0.00074216682696715,0.00040258810895466013,0.031882485665846616,0.0028316876851022243
463872,463872,0.016884829208720475,0.004219210444716737,0.8343375399708748,0.5437360936775804,0.004088650268386118,0.002223556162789464,0.04217482963576913,0.03885463823098689
464896,464896,0.024631822539959103,0.0042512027102930006,0.8425071313977242,0.3529206831008196,0.0011967377067776397,0.00205059121526574,0.02892041963059455,0.002625295426696539
465920,465920,0.01808998445631005,0.01116384549823124,0.8912334255874157,0.37575524765998125,0.0020749584946315736,0.010929322495940141,0.08911393699236214,0.01813554111868143
466944,466944,0.02324685985513497,0.000660153310491296,0.9165736585855484,0.3013596683740616,0.0006754123605787754,0.0002030249140716478,0.013434628723189235,0.0011187474010512233
467968,467968,0.013005596949369647,0.0004221225617584423,0.9372543208301067,0.30398122128099203,-9.888201020658016e-06,0.0004550494431896368,0.009441947244340554,0.0007448977557942271
468992,468992,0.00902585923904553,0.0008253337805399497,0.921344481408596,0.20007725479081273,4.351109964773059e-05,0.001089496402983059,0.00950704954448156,0.0007499790517613292
470016,470016,0.001790832495316863,0.009298498669522814,0.9050289709120989,0.22974760364741087,-0.0009283315157517791,0.013451903243549168,0.01603195397183299,0.0014929401222616434
471040,471040,0.031503961770795286,0.014300612063379958,1.0140215139836073,0.43512025382369757,-0.002970608533360064,0.005874566471902654,0.8247713418677449,0.6135851908475161
472064,472064,0.025326080532977358,0.0016170122198673198,0.8653355222195387,0.35822079237550497,-0.006160061544505879,0.001094275200557604,0.1315948343835771,0.022680863388814032
473088,473088,0.03855981020024046,0.0021514731051865965,0.8265626151114702,0.5060064252465963,0.00914893887238577,0.0012721507355308859,0.41301277093589306,0.2648312821984291
474112,474112,0.04332072997931391,0.001165098754427163,0.7855777684599161,0.4057073323056102,-0.0366103753040079,0.0011935841794183943,0.9634452424943447,0.1657894691452384
475136,475136,0.021703407866880298,0.011374501613317989,0.7532667610794306,0.4966262988746166,-0.024918156981584616,0.015002893094788305,0.3950634952634573,0.22357177874073386
476160,476160,0.04211865861725528,0.011853862961288542,0.872504897415638,0.6186031624674797,0.024831713031744584,0.007092933534295298,0.7465344602242112,0.40170889254659414
477184,477184,0.03241081570740789,0.00441240623149497,0.817921495065093,0.43606321327388287,-0.017646590480580926,0.004107860871954472,0.18114646151661873,0.09502824430819601
478208,478208,0.047420190094271675,0.004373473428131547,0.892616493627429,0.4351519690826535,-0.011221434717299417,0.003456922760960879,0.27756756148301065,0.17705862323055044
479232,479232,0.052457854166277684,0.0009809536386455875,0.8443233761936426,0.37836076226085424,0.006734189228154719,0.000740368688639137,0.7280547432601452,0.5136201130226254
480256,480256,0.021625163266435266,0.0061976168435649015,0.7719024196267128,0.38376359920948744,-0.031966431881301105,0.006486601931101177,0.8992800433188677,0.28766650054603815
481280,481280,0.03494536888319999,0.006843062001280487,1.1815423034131527,0.46216155122965574,0.001269303058506921,0.0030785927556280512,1.5063212402164936,1.7496337667107582
482304,482304,0.007006972315139137,0.0024474693345837295,0.9458613321185112,0.3066407134756446,-0.02685964308329858,0.0017797405671444722,1.3059072513133287,0.22309464891441166
483328,483328,0.012077683662937488,0.0018577055161586031,1.004001023247838,0.24136984068900347,-0.009164280840195715,0.0015900758289717487,0.9869219958782196,0.16399562498554587
484352,484352,0.038688167434884235,0.0035361073751118965,1.161869890987873,0.40609131660312414,-0.027239093236858025,0.0018530710731283762,3.038215219974518,1.9014790765941143
485376,485376,0.00020891117310384288,0.0052483067447610665,0.9930269159376621,0.3653016686439514,0.04448319318180438,0.006782521128116059,0.6334964295529062,0.3291220281389542
486400,486400,0.023003369293292053,0.0012750878668157384,0.8824063166975975,0.32260048389434814,0.003128330485196784,0.001174178023575223,0.0024567377258790657,0.011750859790481627
487424,487424,0.013834067256539129,0.0012814842434636375,0.8287872392684221,0.2720616045407951,6.909802323207259e-06,0.0013321644937605015,0.0018410971642879304,0.00012604112271219492
488448,488448,0.021042583321104757,0.0025777066439331975,0.8262999448925257,0.22014112351462245,0.00016486109234392643,0.0023035335061649675,0.004441472668986535,0.0004123304388485849
489472,489472,0.008893320889910683,0.0018103725424225559,0.8492667283862829,0.23937296262010932,4.945031832903624e-06,0.001899520706047042,0.0015786623480380513,0.00010693992953747511
490496,490496,-0.0010892039572354406,0.013884472180507146,0.8689950928092003,0.41260435804724693,-0.00262261982425116,0.016150516938068904,0.003962279311963357,0.1293629223946482
491520,491520,0.036432025546673685,0.0072677919088164344,0.8284956160932779,0.4150845380499959,0.007010034547420219,0.003720293721926282,0.03407085487560835,1.6767854690551758
492544,492544,0.028550158051075414,0.0022299174634099472,0.933655496686697,0.4051296915858984,-0.004953852534526959,0.0010913409078057157,0.00397128544136649,0.7108680699020624
493568,493568,0.017849697993369773,0.0013979321392980637,0.7834473382681608,0.35778701677918434,0.01177478619501926,0.0009491751698078588,0.0056493117299396545,0.6642026398330927
494592,494592,0.004230402504617814,0.001396489476064744,0.6744855120778084,0.2848694920539856,-0.0006361510022543371,0.0014058363271942653,0.006622652232181281,0.16402164101600647
495616,495616,0.009969441802240908,0.007466155984729994,1.3878620080649853,0.6623540380969644,-1.790124224498868e-05,0.010067446186440066,0.006930640389327891,0.5203176317736506
496640,496640,0.06961697794031352,0.002631738785566995,1.1550694964826107,0.6188202574849129,0.019294073252240196,0.0011555037344805896,0.006486521553597413,2.703383155167103
497664,497664,0.04832322592847049,0.0013284093538459274,0.9052910786122084,0.5070019457489252,0.006729248852934688,0.0011929885877179913,0.01323335527558811,0.5912028048187494
498688,498688,0.04800252031418495,0.0018861328308048542,0.882543221116066,0.4706940408796072,0.057668163935886696,0.0017778650362743065,0.009648649691371247,0.6632893672212958
499712,499712,0.05413269324344583,0.002138028438821493,0.8233679197728634,0.5034085623919964,-2.2371707018464804e-05,0.002403773698461009,0.01046364032663405,0.0008227735524997115
500736,500736,0.03596477335668169,0.02170318139178562,0.7499497998505831,0.37863690312951803,-0.04334089232725091,0.02796094624500256,1.8875483465380967,0.9027164244907908
501760,501760,0.01801710129075218,0.009987190867832396,0.9101106729358435,0.2846933505497873,0.05907744979776908,0.00712087815918494,1.5979579277336597,0.421709262765944
502784,502784,0.023329194693360478,0.003781334431550931,0.9087533354759216,0.2950711967423558,-0.05759309453424066,0.003009841595485341,1.4264286290854216,0.5714894840493798
503808,503808,0.01079492041026242,0.0021145566715858877,0.7032507248222828,0.21129303006455302,0.001297653914662078,0.0014886032731737942,0.010118618578417227,0.024941881420090795
504832,504832,0.018395351551589556,0.0025387051227880875,0.6144538018852472,0.21990028209984303,-4.3489737436175346e-05,0.0026543745552771725,0.008769251377088949,0.0006837702821940184
505856,505856,-0.0007032246503513306,0.007101504656020552,0.7387645374983549,0.329883573576808,0.0003894877736456692,0.008832449224428274,0.005438493026304059,0.013439563568681479
506880,506880,0.01747125455585774,0.0003251597117923666,0.64524956792593,0.23729882575571537,3.177422331646085e-05,0.0004064879949510214,0.005661649469402619,0.00042873015627264977
507904,507904,0.006535465421620756,0.000958301074206247,0.6230047773569822,0.20995089737698436,-1.9109458662569523e-05,0.0009691834402474342,0.004637274279957637,0.00034414511173963547
508928,508928,0.014392261378816329,0.0013803018414364487,0.6589549127966166,0.2677601734176278,7.529219146817923e-06,0.0014509930967960827,0.004151006025495008,0.0003047651844099164
509952,509952,-0.0031074699654709548,0.0024130751844495535,0.704286327585578,0.26677364530041814,-9.423703886568546e-05,0.0014662236544609186,0.0035268563151475973,0.026596552459523082
510976,510976,0.01983394447597675,0.008584075127146207,0.6293946169316769,0.4838502611964941,-8.024333510547876e-06,0.012454218303901143,0.005879430260392837,0.0004444585647433996
512000,512000,0.031977821126929484,0.0009361122884001816,0.6471107937395573,0.3373700249940157,-5.250627873465419e-05,0.0009041077391884755,0.005188848008401692,0.0003883145982399583
513024,513024,0.01869678869843483,0.0005402943949093242,0.6811280250549316,0.32889416720718145,-7.894274313002825e-05,0.0006515147840104873,0.0068891052942490205,0.000526958261616528
514048,514048,0.0016030165133997798,0.00038558025477186675,0.643789991736412,0.22752709640190005,-0.002176841371692717,0.0004373656464906617,0.00682805608084891,0.25575506943278015
515072,515072,0.01097110632690601,0.00981955192219175,0.6720248684287071,0.2844233182258904,0.015370103355962783,0.015071449568495154,0.013455196167342365,0.2944936288986355
516096,516096,0.016120412867167033,0.0011155436168337474,0.6904790289700031,0.26248235488310456,-0.0009154639556072652,0.0011773997866839636,0.003980372806836385,0.3344987747259438
517120,517120,0.015623876170138828,0.0009300004248871119,0.6201325580477715,0.30706578958779573,-0.00830104727356229,0.001011788509458711,0.028175825951620936,0.5649737929925323
518144,518144,0.0034765589371090755,0.001861249183093605,0.5782834105193615,0.2937107770703733,3.229663707315922e-05,0.002008129473779263,0.01100975030567497,0.0008724190993234515
519168,519168,0.0112767287355382,0.001953098987314661,0.5880350973457098,0.28625306859612465,2.4617838789708912e-05,0.0017133661933712574,0.011224140820559114,0.0008888591546565294
520192,520192,-0.0023377410252578557,0.01619287649373291,0.7128202114254236,0.28325867373496294,-0.003960555826779455,0.023751542452373542,0.010242328135063872,0.20505638071335852
521216,521216,0.018444814486429095,0.0056890809755714145,0.9429214913398027,0.3421610500663519,0.013799176478642039,0.004858522714130231,0.004690536443376914,0.3323796303011477
522240,522240,0.034158464055508375,0.0018410062530165305,0.7451905384659767,0.29933779779821634,0.001274562644539401,0.0015162007111939602,0.008878586639184505,0.008716100710444152
523264,523264,-0.003352225059643388,0.0003142320174447377,0.9079457987099886,0.1709597217850387,-3.452732926234603e-06,0.00011030508858311805,0.0026000930956797674,0.00018269522115588188
524288,524288,0.007376177891273983,9.683908433544275e-05,0.8866919595748186,0.18638605391606688,-1.8441816791892052e-05,3.333789828730005e-05,0.003079647765844129,0.00021970621310174465
525312,525312,-0.017422637291019782,0.016001736796170007,0.8800474274903536,0.3397951303049922,-0.008736309770029038,0.01833305705076782,0.04017607821151614,0.22351246990729123
526336,526336,0.029713467025430873,0.01213763831765391,0.7974100951105356,0.40046671964228153,0.00036790219019167125,0.010238419419692946,0.8204013137146831,0.7001668130978942
527360,527360,0.015561115040327422,0.007036276772851124,0.83111278899014,0.1824422562494874,-0.003223195773898624,0.005165935497643659,0.41334822913631797,0.06032184715149924
528384,528384,-0.004593495716108009,0.0007442156711476855,0.845078032463789,0.14691579551436007,-0.013146239551133476,0.0008454389335383894,1.0218946058303118,0.15340902958996594
529408,529408,-0.011059214928536676,0.0003198247009095212,0.9028227515518665,0.16646722424775362,-0.011794439051300287,0.00019932334566874488,0.9152788110077381,0.1367378558497876
530432,530432,-0.012478896824177355,0.005558695731451735,0.743593119084835,0.2915033404715359,0.002627365931402892,0.007468424188118661,0.18290583696216345,0.031556468922644854
531456,531456,-0.006022504414431751,0.001671732099566725,0.7078993935137987,0.33742530085146427,-0.020892851491225883,0.001158555283836904,1.025019292254001,0.2147087740013376
532480,532480,0.011348784188157879,0.0036668805114459246,0.7364358697086573,0.44788119941949844,0.027691927301930264,0.0014253414501581574,0.9676966089755297,1.2392061557620764
533504,533504,0.02757976739667356,0.0027967680907750037,0.8201693668961525,0.4315548427402973,-0.003144378832075745,0.0016874056964297779,0.21186803141608834,0.6596731273457408
534528,534528,0.025163012214761693,0.0021115065392223187,0.9350798912346363,0.313142410479486,-0.025541820737998933,0.001755273523485812,0.9813907642383128,0.639764036051929
535552,535552,0.021908397277002223,0.009024542996485252,0.6189292203634977,0.33259955421090126,0.001056895824149251,0.013186369360482786,1.3141232449561357,0.4438933162018657
536576,536576,0.014601622431655414,0.00038444171605078736,0.7565423063933849,0.3052479298785329,0.0062611169123556465,0.0004914190367344418,0.8317123828455806,0.12777330132666975
537600,537600,0.007564656640170142,0.0007202075303212041,0.6260611526668072,0.21865670196712017,-0.011858966841828078,0.0008930100593715906,1.0133787114173174,0.1467590848915279
538624,538624,0.01325696824642364,0.000788423317771958,0.7008330281823874,0.27046825643628836,-0.026622357894666493,0.0009150146179308649,0.9835314992815256,0.15536926174536347
539648,539648,0.01259834598749876,0.001224309462486417,0.9771426860243082,0.37760280445218086,-0.003451569296885282,0.0011426010460127145,0.3446436831727624,0.06280392315238714
540672,540672,0.006470814667409286,0.01956613657239359,1.0016120541840792,0.5650044959038496,-0.022852942580357194,0.020489266025833786,0.429285760037601,1.3587907403707504
541696,541696,0.02894613608077634,0.011629887478193268,0.9143829829990864,0.4201772212982178,0.004526623786659911,0.008620511958724819,1.90144357457757,1.6232569888234138
542720,542720,0.011433099454734474,0.004402844308060594,1.0831665005534887,0.44772898592054844,-0.018497146607842296,0.003213021756891976,1.4864260405302048,0.554289928637445
543744,543744,0.027099711704067886,0.002565796392445918,0.881191149353981,0.3451714785769582,-0.013470205885823816,0.0013264014305605087,0.9610649142414331,1.2644031792879105
544768,544768,0.034355887677520514,0.003063046260649571,0.7182854525744915,0.42298110853880644,0.03205966990208253,0.0022393773651856463,0.08588784106541425,2.0298756659030914
545792,545792,0.04871944442857057,0.019291617747512646,0.995568560436368,0.5262757651507854,-0.007421172835165635,0.02227071821835125,2.0209061428904533,1.139990333467722
546816,546816,0.046297713241074234,0.009605819650460035,0.8574950564652681,0.658021891489625,-0.016205375257413834,0.008506556569045642,0.659698392264545,1.6817211955785751
547840,547840,0.038766272249631584,0.00433792339390493,0.7112352661788464,0.5697855520993471,0.011477343097794801,0.003818757442786591,0.10507661721203476,0.5490229725837708
548864,548864,-0.0064966578502207994,0.0015243292509694584,0.7142066694796085,0.2126049753278494,-0.0125031674397178,0.0014874616972520016,0.5910021224990487,0.08645252493442968
549888,549888,0.004038378814584576,0.0022626870741078164,0.6137008462101221,0.20740579860284925,-0.027760005556046963,0.0024995881412905874,1.0035564806312323,0.15301772626116872
550912,550912,-0.009606243358575739,0.0051922487873525824,0.6180349346250296,0.2268727058544755,-0.017316440149443224,0.006365162771544419,1.0936121325939894,0.41154945688322186
551936,551936,-0.010887503827689216,0.0026991867016477045,0.6338427402079105,0.22544336784631014,-0.020284466969314963,0.0030902713078830857,0.8531076898798347,0.1434658142970875
552960,552960,-0.013886342771002091,0.0020799167282348208,0.5967045724391937,0.2465698611922562,-0.0422506621980574,0.003172655629896326,1.2284301407635212,0.24299806472845376
553984,553984,-3.0324328690767288e-05,0.0018885255349232466,0.5499496199190617,0.18744912138208747,-0.0357157948310487,0.001901150120602324,1.4765135236084461,0.3678320487961173
555008,555008,0.0012976660655112937,0.008779852116276743,0.5780037567019463,0.2149513396434486,-0.0020366749085951596,0.013437206758680986,0.8090248508378863,0.1860078200697899
556032,556032,0.025100963743170723,0.005146128052729182,1.014300523325801,0.3457229267805815,-0.004722427838714793,0.004297162697184831,1.0666639413684607,0.9826056249439716
557056,557056,0.02102862819447182,0.0013108546208968619,0.7005461696535349,0.23403532058000565,0.0027344821428414434,0.0011070454038417665,0.07819213496986777,0.4247702765278518
558080,558080,0.019428508647251874,0.0009844957003224408,0.6932226400822401,0.2674894966185093,-0.00037286500446498394,0.0005830628742842237,0.09291910409228876,0.3549660504795611
559104,559104,0.021286763745592907,0.0003570522285372135,0.7905995957553387,0.19411272509023547,0.0006857624102849513,0.000508127298871841,0.5027643581852317,0.06860662112012506
560128,560128,-0.006884884875034913,0.008322203200805234,0.7350871618837118,0.26496689580380917,-0.02288371542817913,0.011112571450212272,0.3517421227879822,0.1187833514995873
561152,561152,0.03130201617022976,0.006290896206337493,0.8355493228882551,0.2504478977061808,-0.0256708741071634,0.0038234495877986774,0.563734526745975,0.1962240890134126
562176,562176,0.011273974145296961,0.0008005862200661795,0.869608536362648,0.1772204451262951,-4.571687895804644e-06,0.0005629494789900491,0.0029306773794814944,0.0002088557230308652
563200,563200,-0.003189890194335021,0.0009219581361321616,0.9838511142879725,0.22539636073634028,0.06661504390649498,0.0007642972404937609,0.0789492151234299,0.26381946448236704
564224,564224,0.03168813120282721,0.0018787009867082816,1.0943127367645502,0.34030803479254246,0.03962747455807403,0.0011253174934608978,0.2070440873503685,0.2192425935063511
565248,565248,0.00032535495120100677,0.006303478690824704,0.8082693684846163,0.19647172559052706,-0.025869530683849007,0.008827560905046994,0.397336398717016,0.10490141331683844
566272,566272,0.019551996927475557,0.000841300743559259,0.6356511320918798,0.4542564367875457,0.05357018340146169,0.0005474232730193762,1.4050769214518368,0.3890817409264855
567296,567296,0.03736929676961154,0.0017340181329927873,0.5548697635531425,0.3757993346080184,-0.0012062725727446377,0.0019516401189321186,0.11025045928545296,0.01101105660200119
568320,568320,-0.004337678023148328,0.0031063165806699544,0.46918573416769505,0.14913090271875262,-0.0045692358107771724,0.003089345717398828,0.37724650371819735,0.04652158101089299
569344,569344,0.004428946471307427,0.003091041160587338,0.5133080566301942,0.19297902565449476,-0.012191421294119209,0.003932318112219946,1.0539563801139593,0.1586817300412804
570368,570368,-0.00892802226007916,0.011860871221870184,0.6209587659686804,0.2971733221784234,-0.03455086168833077,0.01594450725679053,0.8052814844995737,0.9410585965961218
571392,571392,0.03964762094983598,0.001902128762594657,0.9737149551510811,0.37436079513281584,-0.014112171658780426,0.0012935508475493407,0.4314640015363693,0.16061182029079646
572416,572416,0.02607115378486924,0.0014234614154702285,0.8193171918392181,0.1831395118497312,0.001548409229144454,0.001255706240044674,0.015839703133678995,0.0015565829235129058
573440,573440,0.009302410413511097,0.0012393055485517834,0.8481369949877262,0.1726996717043221,6.376052624545991e-06,0.0008564857162127737,0.005405800620792434,0.0004055378958582878
574464,574464,0.0061642789805773646,0.000695068699769763,0.9907449912279844,0.2376265092752874,8.65278416313231e-05,0.0006816620274889829,0.005199129009270109,0.00038723426405340433
575488,575488,0.0032817093742778525,0.012734886397083756,0.9925716370344162,0.32938951812684536,-0.04149044904625043,0.016756767145125195,1.462690930813551,0.9211438074707985
576512,576512,0.01901212550001219,0.0037360864625952672,1.0299132391810417,0.2969037457369268,-0.005559627374168485,0.0031106763090065215,1.0943315606564283,0.6181339947506785
577536,577536,0.0034711026964941993,0.0010892748996411683,0.8929192442446947,0.10802922095172107,-0.003364648437127471,0.0005700797155441251,0.8080308712087572,0.11560397798893973
578560,578560,0.0033907312172232196,0.0011471660454844823,1.0090343281626701,0.147926903096959,-0.01856016050442122,0.00100020200079598,0.9912424329668283,0.1462653276976198
579584,579584,0.010403841704828665,0.001569777706208697,1.020094869658351,0.1697350973263383,-0.008297007094370201,0.0015030804381694907,0.9793130066245794,0.14393605454824865
580608,580608,-0.027677788340952247,0.016402994879172184,1.1568113397806883,0.5168655076995492,-0.04602008929941803,0.02068076777504757,1.5120287593454123,0.5576159954071045
581632,581632,0.0033937806438189,0.00580250423081452,0.9849739167839289,0.21384904067963362,-0.0008687732042744756,0.005368592723243637,1.358792232349515,0.2367184858303517
582656,582656,0.03866064366593491,0.002229742174677085,1.0198547132313251,0.3095953082665801,-0.016668143740389496,0.0027762435529439244,1.5895390436053276,0.8676071390509605
583680,583680,-0.0023067885485943407,0.004940144848660566,0.9754286296665668,0.346676304936409,0.002955579839181155,0.002532199796405621,0.26852948125451803,0.3506265436299145
584704,584704,0.03292682135361247,0.0007267084592967876,0.9212257638573647,0.27368734404444695,0.004097704484593123,0.0004945013456563174,0.007365986079094,0.009634658577851951
585728,585728,-0.0029030567675363272,0.014714944394654594,0.8903582133352757,0.33923745062202215,-0.006334437610348687,0.014835398586001247,0.39567483216524124,0.5804235581308603
586752,586752,0.005351516912924126,0.0019171093990735244,0.9509045910090208,0.1809132625348866,-0.001679580338532105,0.0016143283664860064,0.21122550225118175,0.0315340097877197
587776,587776,-0.0018644072697497904,0.0008367441332666203,0.9604873899370432,0.1497713872231543,-0.01960057544056326,0.00045394862991088303,1.1099626291543245,0.17506722547113895
588800,588800,0.042730898421723396,0.005739639826060738,0.963891975581646,0.3422840517014265,0.028668336337432265,0.0035796850061160512,0.7346807913854718,1.0814800914376974
589824,589824,-0.010344952606828883,0.0017912514813360758,1.0056510865688324,0.17319306498393416,0.004365542816231027,0.0015555851900899142,0.1908089273783844,0.026160480978433043
590848,590848,0.007061750424327329,0.008872814032656606,0.6710575930774212,0.2355986349284649,-1.4997436664998531e-05,0.011852349853143096,0.004689322639023885,0.0003491395618766546
591872,591872,0.021310569063643925,0.0005135469773449586,0.6877596210688353,0.2708980059251189,-1.1138297850266099e-05,0.0005055187884863699,0.0027931894146604463,0.0001993004698306322
592896,592896,-0.0008369147253688425,0.0022972667029534932,0.607020104303956,0.2607368351891637,-1.3886892702430487e-05,0.002760862445938983,0.001568876894452842,0.00010698148980736732
593920,593920,-0.006303882386418991,0.00583847084271838,0.8660160079598427,0.29486988484859467,0.0062041478959145024,0.006240727952899761,0.12636411836501793,0.033150706556625664
594944,594944,0.013298316189320758,0.004315437565310276,0.7566771153360605,0.2800050680525601,0.004748764215037227,0.004962184775649803,0.0009391395506099798,0.17707129335030913
595968,595968,0.006397406163159758,0.024551059424993582,0.8239334933459759,0.599677718244493,-5.329260602593422e-05,0.031213380018016323,0.0047350970562547445,0.024564854335039854
596992,596992,0.04637450692825951,0.013839208739227615,0.7152815107256174,0.48659991286695004,0.004979560500942171,0.010617698120768182,0.002810927981045097,1.0371617320924997
598016,598016,0.00018987547082360834,0.0036348740504763555,0.4978822199627757,0.15530533087439835,-2.4114560801535845e-05,0.0038493220672535244,0.002247600095870439,0.0001575137721374631
599040,599040,0.002634629636304453,0.0011936508835788118,0.5357334660366178,0.23764264583587646,-7.835857104510069e-06,0.0010227981183561496,0.0015205633899313398,0.00010298285633325577
600064,600064,0.0006975035212235525,0.007771111389956786,0.5510297957807779,0.23297521425411105,-1.0707939509302378e-05,0.010920680964773055,0.001386062904202845,9.485299233347178e-05
601088,601088,0.04464239877415821,0.009924302299623378,1.146115392446518,0.5421354277059436,-0.021516083827009425,0.0021113228394824546,1.22965750657022,1.2091304557397962
602112,602112,0.025283459057391156,0.0035844399171764962,1.0519734062254429,0.4277746407315135,0.002781185379717499,0.0019787951387115754,0.008963106884039007,0.8569673113524914
603136,603136,0.027400521095842123,0.002727509370743064,0.9803553614765406,0.350153804756701,0.04395310991094448,0.0016840326152305352,0.006847415963420644,1.1370261833071709
604160,604160,0.03248140899813734,0.0027046899958804715,0.8413870688527822,0.35228281281888485,0.005157540086656809,0.002183292177505791,0.023192166991066188,1.5044674761593342
605184,605184,0.024192432625568472,0.011782742622017395,0.9374790992587805,0.4188419273123145,0.037740428175311536,0.015506479918258265,0.006724667196976952,1.7017253711819649
606208,606208,0.03549924939579796,0.0048652389596099965,0.7546134795993567,0.5269019352272153,0.0014671426906716079,0.004882470726442989,0.07143205020111054,0.022956427710596472
607232,607232,-0.007129279867513105,0.001435845109881484,0.563732635229826,0.1922340546734631,-0.00014728092355653644,0.0012711794770439155,0.013473084836732596,0.0010877647437155247
608256,608256,-0.007105256197974086,0.0008041623150347732,0.5781103502959013,0.20454047666862607,0.004821053415071219,0.0004884793620476557,0.01211024823714979,0.012667507282458246
609280,609280,0.017165844910778105,0.0006037232878952636,0.9028240591287613,0.4524207906797528,6.3827610574662685e-06,0.00019873515770996164,0.0019251707453804556,0.00013205409049987793
610304,610304,-0.009751456425874494,0.011057054362026975,0.9086856078356504,0.24252646043896675,-0.00021727188141085207,0.014725620967510622,0.004459325435163919,0.00035588652826845646
611328,611328,0.027655559781123884,0.009797569480724633,0.6887916196137667,0.3277222290635109,0.0036141751625109464,0.006350827210553689,0.015466574026504532,1.295876493677497
612352,612352,0.004785833094501868,0.003144347843772266,0.87215387634933,0.3013408393599093,0.012240323223522864,0.0019944553805544274,0.05032331770780729,0.1716890597017482
613376,613376,0.009664011493441649,0.0012815707432309864,0.6571701411157846,0.2824057783000171,0.01072828914038837,0.0009462906364205992,0.0012026439253531862,0.5290152207016945
614400,614400,0.007656879868591204,0.0026345844380557537,0.7582744881510735,0.28358369693160057,-0.0012683292443398386,0.001353582014417043,0.0009169149852823466,0.013147302088327706
615424,615424,0.017034496035194024,0.011568174857529812,0.9158194921910763,0.3342900602146983,-0.0042992532544303685,0.013074854556180071,0.7800462974701077,0.9245052365586162
616448,616448,0.019435661495663226,0.003752879158128053,0.9460365809500217,0.44408795423805714,0.004798748734174296,0.0021711575900553726,1.3597670011222363,0.4188892380334437
617472,617472,0.0023436902556568384,0.0031808078856556676,0.9134253356605768,0.37788079399615526,0.01611939989379607,0.0014991736916272203,1.405801348388195,0.8932151813060045
618496,618496,0.007924166740849614,0.0018409023596177576,0.9929576721042395,0.18764057476073503,0.18084794096648693,0.00199163573779515,4.079440161585808,3.0921894647181034
619520,619520,0.00887397612677887,0.002148057511476509,0.973387386649847,0.17139176977798343,-0.0021042210573796183,0.0023990350164240226,0.26491727447137237,0.03155605966458097
620544,620544,-0.00768199737649411,0.015706320147728547,1.0270881857722998,0.24952537845820189,-0.011959883995587006,0.019448301893135067,0.32518691569566727,0.048866694152820855
621568,621568,0.010702990577556193,0.007178694526373874,0.9837820492684841,0.2615078594535589,-0.02525754607631825,0.003929904843971599,1.3203420788049698,0.30882793897762895
622592,622592,0.012461457619792782,0.0015754897758597508,0.9026114046573639,0.20577965304255486,-2.4333829060196877e-05,0.0015362677440862171,0.006278924833168276,0.0004752306267619133
623616,623616,0.01191611000103876,0.00028381777428876376,0.9428627174347639,0.19652930460870266,-2.037244848906994e-05,0.0002483122216290212,0.007529583366704173,0.0005812004674226046
624640,624640,0.0038310692907543853,0.0004335866356086626,1.0598883740603924,0.1862183208577335,-3.5152334021404386e-05,0.00036862204206045135,0.01813158002914861,0.0015163300558924675
625664,625664,0.013369480933761224,0.008213054941734299,0.8528090864419937,0.6364789959043264,-0.006034449179423973,0.009569333749823272,0.2377191948471591,0.06970105733489618
626688,626688,0.0070475176617037505,0.002241974278149428,0.8051131758838892,0.2250180011615157,0.016308216596371494,0.0012570724229590269,0.4405121239833534,0.17685337603325024
627712,627712,0.014077682368224487,0.0014356828942254651,0.8397996816784143,0.17796353017911315,-0.00013996008783578873,0.0014421345604205271,0.020314350782427937,0.0016992699820548296
628736,628736,0.008246062556281686,0.0026377867488918127,0.7616515345871449,0.24769450770691037,0.013956821960164234,0.002195306955400156,0.11065791413420811,0.15993097936734557
629760,629760,0.018793171679135412,0.0018941464732051827,0.582417756319046,0.2110052560456097,-0.00013548691640608013,0.0019852885620821326,0.030515335965901613,0.0026654243702068925
630784,630784,-0.0024052481749095023,0.009629662839870434,0.8516952414065599,0.5627019070088863,-0.009002115315524861,0.013593349613074679,1.6942515764385462,0.6622642436996102
631808,631808,0.02248617581790313,0.0065542551601538435,1.1102816127240658,0.4748860476538539,0.00825849141983781,0.002187589678214863,1.476202940568328,1.3042313233017921
632832,632832,0.01051848437055014,0.0032813903017085977,0.7648445796221495,0.31395069882273674,0.05255345307523385,0.0011225369580643019,1.346599217504263,1.1296680122613907
633856,633856,0.016687427327269688,0.0014650680550403195,0.7471155002713203,0.3175769466906786,0.005066611091024242,0.0006172122789394052,1.0521463956683874,0.5728469826281071
634880,634880,0.01731111714616418,0.0010778235364341526,0.7169230245053768,0.2767976843751967,0.015649066626792774,0.0009812024313760048,1.007577983662486,0.34342113556340337
635904,635904,0.009859939891612157,0.012170626316219568,0.7823654059320688,0.3493875125423074,-0.003128405980532989,0.015785663839778863,1.3115426748991013,0.6357352063059807
636928,636928,0.02365750155877322,0.0024853365612216294,1.012718640267849,0.30217250157147646,-0.011223823094042018,0.0012111288933738251,1.4625746496021748,0.6227018423378468
637952,637952,-0.009568378183757886,0.0002954890014734701,0.6014692299067974,0.19940993702039123,-0.01646838858141564,0.00024127545111696236,0.23135042283684015,0.25643285689875484
638976,638976,0.007585584651678801,0.0012494361199060222,0.7265243697911501,0.23693348607048392,-0.003425593633437529,0.0012423222196957795,0.2501515340991318,0.35080946842208505
640000,640000,-0.0008009072043932974,0.009928394304552057,0.6064300406724215,0.1944714030250907,0.002793420251691714,0.01452792584314011,0.10050493234302849,0.047716005909023806
641024,641024,0.013380400210735388,0.0015020425107650226,0.9691857770085335,0.28546946914866567,0.03546499175718054,0.0011824577904917533,0.7930494751781225,0.6154236001893878
642048,642048,0.007210071096778847,0.00035852744713338325,0.9082577060908079,0.13406845601275563,4.814803833141923e-05,0.000280618951364886,0.00294665529509075,0.00021801440743729472
643072,643072,0.0004514199972618371,0.0004785450046256301,0.9104883875697851,0.12169500766322017,7.146445568650961e-06,0.0004944532302602056,0.0016021934025047813,0.00010944646783173084
644096,644096,0.002852032193914056,0.0003299266847989202,0.9983708430081606,0.13676975714042783,1.4964607544243336e-05,0.0003609048694102057,0.001575099096953636,0.00010737567208707333
645120,645120,-0.005891494627576321,0.011896743897523265,0.9986286517232656,0.18283860757946968,-0.0076695904426742345,0.01695412456683698,0.13879701326368377,0.052220636658603325
646144,646144,0.01163754635490477,0.0049814380654424895,1.0665079206228256,0.21589327324181795,-0.018264643556904048,0.004092891507752938,1.5511457808315754,0.3242760165594518
647168,647168,0.03038824678515084,0.002451782213029219,0.7842944897711277,0.3093448206782341,0.030312193528516218,0.0013975161346024834,1.163302455097437,0.8333481326699257
648192,648192,0.01009929075371474,0.002975848732603481,1.1956187337636948,0.364388738758862,-0.006431383226299658,0.001427827068255283,1.485333874821663,0.4353902949951589
649216,649216,-0.0012539293675217777,0.0011949351992370794,1.16972104460001,0.30539404693990946,0.06823226844426244,0.0005798642196168657,0.36732622678391635,0.6669052289798856
650240,650240,0.012849387101596221,0.011846356981550343,1.1976113691926003,0.276070814114064,0.0021456348476931453,0.012279129718081094,0.19691703049466014,0.2904892081860453
651264,651264,0.013650542430696078,0.0007103261832526186,0.6391183622181416,0.20683136023581028,-0.00162459013517946,0.0005110448173581972,0.03635118642705493,0.005510466668056324
652288,652288,0.025316021085018292,0.0020035126854054397,0.7745523694902658,0.2687819884158671,-0.003812625916907564,0.0013595632917713374,0.054181551560759544,0.20856114046182483
653312,653312,0.003765969508094713,0.002180842639063485,0.7549329735338688,0.2664995947852731,-0.032409438194008544,0.001841517132561421,1.2702298047952354,0.5870092718396336
654336,654336,0.010583378389128484,0.004047044769322383,0.6899236366152763,0.2792844381183386,0.009815386845730245,0.003304766172732343,0.77424047421664,0.7947178166359663
655360,655360,0.006211963685927913,0.01637986885907594,0.7444816138595343,0.5295329401269555,0.027996141492621973,0.02302804605278652,0.962670766748488,1.4892875161021948
656384,656384,0.030545667133992538,0.0020220675851305714,0.6549330037087202,0.2997902128845453,0.0011025932617485523,0.0020275307997508207,0.13316451964783482,0.43193418765440583
657408,657408,0.0006344964785967022,0.0009054766478584497,0.7131797540932894,0.3326506791636348,0.0010149245208594948,0.0006802417074140976,0.00852577606565319,0.38881546445190907
658432,658432,0.0016941633948590606,0.00158053942504921,0.8818325400352478,0.2250034767203033,0.0007932680891826749,0.0010762296869870625,0.009338660180219449,0.014758480479940772
659456,659456,-0.002724943798966706,0.00024027672941429046,0.4900044444948435,0.1347213990520686,-7.024357910268009e-05,0.0004340464722076831,0.01729579141829163,0.0014350049896165729
660480,660480,-0.0018059421272482723,0.02254711686691735,0.8028662279248238,0.360588850453496,-0.026755592494737357,0.026090414918144234,0.714701755438,0.5753052532672882
661504,661504,0.007050803193124011,0.009235597688530106,0.8852815944701433,0.178315585013479,0.01932671482791193,0.007847119344660314,1.3388250693678856,0.35584719642065465
662528,662528,0.003487568668788299,0.00282537262137339,0.9103875327855349,0.12905886652879417,-0.02021226449869573,0.0025168346146529075,0.9398132637143135,0.14319379325024784
663552,663552,0.00027668551774695516,0.0012275740027689608,0.8756172601133585,0.15038991416804492,-0.006570123659912497,0.0007825717066225479,1.0878483466804028,0.1936473259702325
664576,664576,-0.007864469138439745,0.0002604429510029149,0.8614459168165922,0.13283170550130308,-0.01599779716343619,0.00015101538451745,0.5374374110251665,0.08895597711671144
665600,665600,-0.008978417943581007,0.01206070845364593,0.9586868342012167,0.4637540178373456,0.011369213490979746,0.015705564132076688,2.170187596231699,0.92979328148067
666624,666624,0.016042887466028333,0.0057276503794128075,0.8107979111373425,0.3049733489751816,-6.622434011660516e-05,0.0021572222794929985,0.8457144033163786,0.617641425691545
667648,667648,0.0246892120630946,0.0014837277103652013,0.6424383763223886,0.25393080385401845,-0.04608420003205538,0.0008273638031823793,1.1028038123622537,0.3028717638226226
668672,668672,-0.009875213290797547,0.0012720227960016928,0.5450935438275337,0.19536904664710164,-0.00013704304001294076,0.001441903459635796,0.02819274307694286,0.002430407446809113
669696,669696,-0.004519087495282292,0.0007465047416417292,0.5413746880367398,0.17755791544914246,-0.00036753626773133874,0.0010701329138100846,0.04136447928613052,0.0037141889333724976
670720,670720,-0.010084410263516475,0.013445629978377838,0.9862063713371754,0.3849606942385435,-0.01076155313057825,0.01758670967683429,0.8031718777492642,0.21865209960378706
671744,671744,0.040286563511472195,0.006856300838990137,1.138153050094843,0.45898326579481363,0.035663021029904485,0.003173321507347282,0.39149604726117104,1.031806556507945
672768,672768,0.008068147071753629,0.002040043011220405,1.2637906484305859,0.327416580170393,0.01017715540365316,0.0010314653627574444,0.01817567422403954,0.15329706482589245
673792,673792,0.009323153964942321,0.001830796023568837,1.1031734496355057,0.20197862247005105,0.0008134203380905092,0.0007195938342192676,0.5651209759525955,0.7169916527345777
674816,674816,0.009762873291037977,0.002036217816566932,0.5607314854860306,0.1804604297503829,0.01790087975678034,0.0018646702465048293,0.007518926082411781,0.581194693222642
675840,675840,-0.010964713859721087,0.014586630772100762,0.8726526759564877,0.3310779915191233,-0.005729945725761354,0.019399315104237758,0.17183996667154133,0.43780089961364865
676864,676864,0.028355207585263997,0.003662197748781182,1.0432400833815336,0.3722023740410805,-0.021037436526967213,0.002661355189047754,0.8864966314285994,0.9680152256041765
677888,677888,0.0039697663160040975,0.0017379833516315557,1.1017297506332397,0.22530821477994323,0.03483769731246866,0.0010905849339906126,0.8840354038402438,0.23245505295926705
678912,678912,-0.010152943606954068,0.0010953875353152398,1.1005900837481022,0.21966985799372196,-0.013457967026624829,0.0004702731348515954,0.4458234333433211,0.1784524628892541
679936,679936,0.006590187025722116,0.00031741205748403445,0.633462555706501,0.23689084965735674,-0.01481630199123174,0.00024025001312111272,0.31427256599999964,0.37566522927954793
680960,680960,0.0035953822953160852,0.006314330257737311,0.6612649373710155,0.21149065904319286,-0.010986455337842926,0.00897621009426075,0.6201480440795422,0.2407354589086026
681984,681984,-0.012332564016105607,0.0010115293789567659,0.5934225311502814,0.18355596205219626,-0.0015724909026175737,0.0009072618559002876,0.28552468912675977,0.03572927217464894
683008,683008,-0.0009295166819356382,0.001323463031440042,0.6106838099658489,0.16359719540923834,-0.016760819940827787,0.0009701049402792705,1.1323746386915445,0.1733699096366763
684032,684032,0.02418740064604208,0.0012557104519146378,0.8227010909467936,0.24181074230000377,0.02466434770030901,0.0014102218447078485,2.1221103444695473,1.1309739407151937
685056,685056,0.005184903347981162,0.009544227490550838,0.8337550982832909,0.22852555196732283,0.011956448695855215,0.01301259105821373,1.041745675727725,1.3154943995177746
686080,686080,0.04769668765948154,0.0026225228830298875,0.7858638390898705,0.41065901424735785,0.02063129228190519,0.003512959854560904,0.5260383032727987,1.4256559535861015
687104,687104,0.02731703399331309,0.0026429884892422706,0.8157068360596895,0.2646100418642163,-0.027959799219388515,0.002226643518952187,0.1993636297993362,1.3893207851797342
688128,688128,0.014053111342946067,0.002099298559187446,0.5764981601387262,0.2387987868860364,-0.0010132436291314662,0.002872281520467368,0.09577636769972742,1.167224619537592
689152,689152,0.01236461877124384,0.002879138359276112,0.5827497281134129,0.20669277384877205,0.020700943103292957,0.0033721148947734036,0.13943962357006967,1.0460096132010221
690176,690176,-0.007840204329113476,0.015512815305555705,0.5607697134837508,0.20852738106623292,-0.0021810714388266206,0.022407984804885928,0.2819299423135817,0.2128734232392162
691200,691200,-0.002850304765161127,0.0024956290653790347,0.9429087918251753,0.23404415464028716,-0.014836165762972087,0.0019248750559199834,1.0219112504273653,0.41713990550488234
692224,692224,0.023265214593266137,0.0013874662890884792,1.05071721971035,0.28641445795074105,-0.01113252856885083,0.0012851428673457121,0.800742918625474,0.1383957682410255
693248,693248,0.00011772970901802182,0.00036034653157912544,0.9941842034459114,0.27477293694391847,-0.0004045251989737153,0.00031461019898415543,0.004540183712379076,0.0003515416756272316
694272,694272,0.01112731226021424,0.0005385485978877114,0.9727122485637665,0.2407905114814639,-0.0002491831546649337,0.00039599865522177424,0.0061188691324787214,0.0004978729411959648
695296,695296,-0.012604366929735988,0.011981975480011897,0.8496328461915255,0.4042498324997723,-0.03684629377676174,0.018091085737978574,0.8582428833469748,0.5588470502698328
696320,696320,0.03452566236956045,0.004473486347706057,0.9825827088207006,0.4717430705204606,0.040486580663127825,0.005302254074194934,1.8951325472444296,1.963468849658966
697344,697344,0.005881647681235336,0.001160623543910333,1.0578767862170935,0.2724879514425993,0.004163362609688193,0.0009471411603954039,0.26421143393963575,0.07883797347312793
698368,698368,0.011935404385440052,0.0010451716862007743,0.784714475274086,0.2641630209982395,-0.0059729489221354015,0.0006230285407582414,0.4063586052507162,0.42677303589880466
699392,699392,-0.008405186876188964,0.0014339252702484373,0.7485256250947714,0.25043968250975013,0.04694086467497982,0.0009009762216010131,1.218173323199153,0.8788928221911192
700416,700416,0.0015379744145320728,0.02023026799724903,0.6483025960624218,0.5379225583747029,0.016959810425760224,0.026582571197650395,0.5158252413384616,1.381854496896267
701440,701440,0.07366736073163338,0.012995291137485765,0.9840551987290382,0.7349140122532845,0.0013416530564427376,0.009453808459511492,0.43149247858673334,1.7740776129066944
702464,702464,0.04720884530979674,0.009312343099736609,0.9341599401086569,0.5616097841411829,0.04342406053910963,0.006840942405688111,0.30085676768794656,1.0290550366044044
703488,703488,0.03329311401466839,0.003764252622204367,0.9485579151660204,0.42219603806734085,0.018946313008200377,0.002940452814073069,0.11858282203320414,1.1235021762549877
704512,704512,0.004758886818308383,0.004533234467089642,1.0518187768757343,0.37118060141801834,-0.019308172748424113,0.0019581977285270113,0.07460015662945807,2.1548168659210205
705536,705536,0.018333918778807856,0.009471264776948374,0.7997092679142952,0.3922796994447708,0.006809117970988154,0.011082450568210334,0.03138393734116107,1.1793724615126848
706560,706560,-0.005711713965865783,0.0031348163829534315,0.6657117195427418,0.3526748027652502,0.013813934958307073,0.003853290996630676,0.033397830731701106,0.18301814456935972
707584,707584,-0.00991714336851146,0.0015149767683624304,0.5152139300480485,0.13817720767110586,-8.08027689345181e-05,0.0019863012641962996,0.06458343949634582,0.006043098750524223
708608,708608,-0.0019916206802008674,0.0013450835688217921,0.483921030536294,0.1898121703416109,-0.0004150848835706711,0.0012937753946289376,0.13550187787041068,0.013866026711184531
709632,709632,0.02001877410657471,0.0008455796374278179,0.547616221010685,0.23559517972171307,-0.0006935292039997876,0.0009445746750031958,0.6457044030539691,0.08890684886137024
710656,710656,0.0017742248164722696,0.01568397562368773,0.7498529721051455,0.37335431342944503,-0.005256588861811906,0.02195950490568066,0.7289668824523687,0.3200526596046984
711680,711680,0.05359126294206362,0.0025266153643315192,0.9575141407549381,0.4019085867330432,0.03997672293917276,0.0014878322599543026,0.09211578103713691,0.5131560815498233
712704,712704,0.004368252804852091,0.0020269975157134468,0.6384283620864153,0.23753668321296573,0.052694168203743175,0.0017993493547692196,1.4087871201336384,0.7307323459535837
713728,713728,0.04391569542349316,0.0005511199706234038,0.7163844741880894,0.26606538565829396,-2.881436375901103e-05,0.0005551378553718678,0.053558867890387774,0.004915217403322458
714752,714752,0.017074899922590703,0.0009459135749239067,0.6671844124794006,0.18939791899174452,-0.0004473963053897023,0.0010692770522382489,0.14205379295162857,0.014772584312595427
715776,715776,-0.010117496742168441,0.013694907327590045,0.6563820615410805,0.44069456262513995,-0.019437441020272672,0.019103957594779786,2.3318766448646784,0.7507027910323814
716800,716800,0.017007372123771347,0.0006931399093446089,0.6551307514309883,0.29745833994820714,0.05325200845254585,0.0006491468993772287,1.356427445076406,0.37846937467111275
717824,717824,0.014871450810460374,0.0009081336957024178,0.5867725983262062,0.21939618000760674,-0.0037930237886030227,0.0015938571441438398,0.4487321665510535,0.057951490103732795
718848,718848,0.0013628111482830718,0.0006870413594697311,0.5197894424200058,0.1811285624280572,-0.005104178708279505,0.0014431792492359818,1.170220285654068,0.17547977296635509
719872,719872,-0.006322247427306138,0.0010192597555942484,0.6978111676871777,0.25333173759281635,0.05134211864788085,0.0011263693104410777,1.5268644839525223,0.41043476946651936
720896,720896,0.0053655601950595155,0.013516510691260919,0.9793913699686527,0.35989786917343736,-0.00953688018489629,0.020913642656523734,1.391954641789198,0.22896135272458196
721920,721920,0.0028379893337842077,0.0016382739231630694,0.8605377469211817,0.2539064106531441,-5.715829320251942e-05,0.0011112708634755109,0.5541563611477613,0.09442360373213887
722944,722944,0.017349532441585325,0.001358147866994841,0.6826571095734835,0.32313179690390825,0.0051366819243412465,0.0008182751225831453,1.218636680394411,0.887278575450182
723968,723968,0.007479175692424178,4.987564642533471e-05,0.5539659261703491,0.17402396304532886,-0.013463330309605226,6.675763881958119e-05,0.9427876155823469,0.23102315654978156
724992,724992,-0.014623825991293415,3.402613759817541e-05,0.514070781879127,0.17301710695028305,-0.04049856509664096,3.700924247596049e-05,1.2273790761828423,0.22107541235163808
726016,726016,-0.0061349305033218116,0.01187999438479892,0.7905188295990229,0.2834150898270309,-0.009050761465914547,0.016772590086475248,1.016704075038433,0.2724388847127557
727040,727040,-0.005204002794926055,0.0005045099442213541,0.5645874626934528,0.20308136427775025,-0.013650372362462804,0.0004155220540269511,0.7636798182502389,0.11970572709105909
728064,728064,-0.005500774728716351,0.0011498613121148082,0.7341015599668026,0.18424887442961335,-0.025725510276970454,0.0011218251984246308,1.0026798713952303,0.9087290465831757
729088,729088,-0.006528870144393295,0.0005973391819225071,0.6735024005174637,0.11373434099368751,0.0036695527378469706,0.0007201200855888601,0.012888412547908956,0.0020663453615270555
730112,730112,-0.0067730690643657,0.014915216099325335,0.7546873483806849,0.20192747749388218,-0.00612351082963869,0.02182898776663933,0.08642526809126139,0.02213603467680514
731136,731136,0.028047791740391403,0.008340439540916122,0.7949350252747536,0.3273116182535887,0.009861410246230662,0.005179360916372389,0.05738771028700285,0.5902940835803747
732160,732160,0.011068680469179526,0.002664739167812513,0.9538131300359964,0.284857623744756,0.026846849388675764,0.0014899805009918055,0.19206414930522442,0.6647413824684918
733184,733184,0.03614206629572436,0.003356845125381369,0.7342219222337008,0.3375321514904499,0.00693544972455129,0.001718746929327608,0.2020418280735612,1.059509726241231
734208,734208,-0.0005587704654317349,0.0012449623427528422,0.7510318141430616,0.21508023655042052,-0.005644846569339279,0.0006901480910528335,0.6760478275828063,0.779656745493412
735232,735232,0.003539746510796249,0.010639151849318296,0.7406551539897919,0.3340901453047991,0.006976400502026081,0.011247958122112323,0.4639181746169925,2.2215757109224796
736256,736256,0.02712483875802718,0.004027833281725179,1.1062541231513023,0.523930219002068,0.03140672770678066,0.004324689456552733,1.148882707580924,1.3689072374254465
737280,737280,0.008983703111880459,0.003898616101650987,0.9798293765634298,0.2848682999610901,0.12603707029484212,0.00816493337333668,1.2336946614086628,2.2152454368770123
738304,738304,0.018266825194587,0.004291429329896346,1.0227905418723822,0.2788040516898036,0.03488727830699645,0.003385255295142997,1.229321425780654,1.1936948467046022
739328,739328,0.014139943203190342,0.002921178995165974,0.9264387879520655,0.3180935401469469,0.004224923264700919,0.002230293976026587,1.2288642320781946,2.0481125861406326
740352,740352,0.01575308188330382,0.012398074119118974,0.8610596768558025,0.38272145204246044,0.06565622857306153,0.015472168415726628,0.5821360908448696,2.005700048059225
741376,741376,0.008480808450258337,0.0038989569220575504,0.8518302757292986,0.30852064210921526,-0.015207420365186408,0.003551852500095265,0.8609751276671886,0.5048801209777594
742400,742400,0.008000115776667371,0.001061663211658015,0.7825628034770489,0.18972309865057468,0.07327278025331907,0.0010036286412287154,0.3280888597946614,1.0319616422057152
743424,743424,-0.00034615345066413283,0.0007357930480793584,0.6555352434515953,0.1925936178304255,0.03149420645786449,0.0005699095372619922,0.10032667894847691,0.44738167338073254
744448,744448,-0.013412025436991826,0.0011300509977445472,0.6744234170764685,0.16715806582942605,-4.822522168979049e-05,0.0011221240270060662,0.08271960634738207,0.007929504965431988
745472,745472,-0.015344218962127343,0.012254429824679391,0.7973523195832968,0.4950898354873061,-0.019453900604275987,0.01741945990579552,0.38374400651082397,0.42200490832328796
746496,746496,0.021943996060144855,0.0049880534897965845,0.6772935260087252,0.5245417449623346,0.1022795913158916,0.004075927532539936,1.5366389798000455,3.0677421391010284
747520,747520,-0.018092367361532524,0.002325101988390088,0.6622647438198328,0.2806635079905391,-0.039647996512940153,0.002100844659253198,1.049362275749445,0.41160116298124194
748544,748544,-0.025801090654567815,0.0007502060525439447,0.7385262660682201,0.20231679640710354,0.006396357319317758,0.0007796631416567834,0.3418113519437611,0.7509785592556
749568,749568,0.0007649691251572222,0.0017768125180737115,0.6616319604218006,0.1542133493348956,0.01058428335818462,0.0015365224389825016,1.0465317890048027,0.3243733923882246
750592,750592,-0.015374515671283007,0.014000877708895132,0.862187834456563,0.46777087915688753,0.006181748511153273,0.011600904574152082,0.3465464864857495,0.14826897135935724
751616,751616,0.015975098198396154,0.000891709913048544,0.9266761485487223,0.2342492169700563,-9.627081453800201e-06,0.0003344963943163748,0.001898184393212432,0.0001311994856223464
752640,752640,-0.003970611636759713,0.00010535615683693322,0.9213302116841078,0.12785468390211463,-6.680871592834592e-06,8.929932835144427e-05,0.0017396511684637517,0.0001191118499264121
753664,753664,-0.011449303710833192,6.500539154785656e-05,0.9154914561659098,0.12480226787738502,-2.751272404566407e-06,6.292946073926942e-05,0.0018527009888202883,0.0001275584800168872
754688,754688,-0.008211430249502882,0.0004937182593494072,1.2552419919520617,0.22201575618237257,0.06983014504658058,0.00046843784093653085,0.004319179934100248,0.16779426240827888
755712,755712,0.0051281975174788386,0.006279201254073996,0.6340672168880701,0.243675010278821,0.012949942727573216,0.008302731846924871,0.24818482901901007,0.30462353280745447
756736,756736,-0.001893423672299832,0.0008000592197277001,1.0536480490118265,0.15336110326461494,0.004186459118500352,0.0005294389238770236,0.003724025475094095,0.013049636268988252
757760,757760,-0.013024728075833991,0.00045729927842330653,0.9907561428844929,0.13653056020848453,-0.00011833186727017164,0.00016373487778764684,0.0051227055373601615,0.0004216779489070177
758784,758784,0.00027326002600602806,0.0015866629019001266,0.9840886984020472,0.16290909564122558,0.0037205335684120655,0.0013269612354633864,0.040657560573890805,0.013827480375766754
759808,759808,-0.021756710048066452,0.0006822168679718743,0.6442288197577,0.18445849674753845,-0.027980874030617997,0.0008115476857710746,0.8960396740585566,0.1397346964222379
760832,760832,0.013301210477948189,0.012986715897568502,0.978077745065093,0.2865196941420436,-0.009836496465140954,0.013315638272615615,0.19068820541724563,0.49445489794015884
761856,761856,0.009977453155443072,0.00256695846474031,0.867720590904355,0.3619202319532633,-0.023200772266136482,0.0015826856460989802,1.872714938595891,0.9331552414223552
762880,762880,-0.00047431004350073636,0.000612425013059692,0.5524243135005236,0.14288252778351307,0.009523346379864961,0.00037369958681665594,0.0680007787887007,0.7044430607929826
763904,763904,0.015323933941544965,0.001063117575540673,0.6139290872961283,0.22608628077432513,-0.010264892975101247,0.0008613112813691259,0.05901298869866878,0.9926870372146368
764928,764928,-0.010695645309169777,0.0025650953721196856,0.7958441134542227,0.12736812350340188,-0.006654239958152175,0.0018185143353548483,0.01657309869187884,0.3153484147042036
765952,765952,-0.00642897431680467,0.015296602039597929,1.0252370201051235,0.3477538153529167,-0.004029530071420595,0.015886300636339,0.34669862082228065,1.5487901866436005
766976,766976,0.012071959907189012,0.005965363423456438,1.0625751912593842,0.3589811520650983,-0.0036945206520613283,0.003146093229588587,0.7958976924419403,1.1430649664252996
768000,768000,0.016130579591845162,0.0010758356802398339,0.6736479829996824,0.26344198221340775,0.011242736858548597,0.0008559409598092316,0.4905071979155764,1.796324983239174
769024,769024,0.005514039134141058,0.0013021565773669863,0.6809799503535032,0.22669082134962082,-0.005979546811431646,0.000949054301599972,0.018993836943991482,0.47369671426713467
770048,770048,0.006922509637661278,0.007007990025158506,0.598018255084753,0.2446674257516861,0.0162912136875093,0.008040426699153613,0.05983363575069234,1.1930559743195772
771072,771072,0.03378830802103039,0.005464487272547558,0.8189181387424469,0.3200706485658884,0.010729032015660778,0.002084043157083215,0.1423700216691941,2.1968952491879463
772096,772096,0.03450943928328343,0.0017176155888591893,0.936334528028965,0.3630374036729336,-0.004366580978967249,0.0008921099797589704,0.046339940279722214,2.053761973977089
773120,773120,-0.0053302415035432205,0.0029178087279433385,1.1373986210674047,0.24924592999741435,0.009593605995178223,0.002155651285647764,0.0696699091931805,0.11252745182719082
774144,774144,-0.013787289237370715,0.002520832485970459,1.0096505023539066,0.16140450444072485,0.004796632187208161,0.001984852004170534,0.0144135951413773,0.2895058896392584
775168,775168,-0.011106222882517613,0.006155171980935847,0.9495057407766581,0.22947449749335647,0.001643599011003971,0.008144222385453759,0.017875649355119094,0.3145392306614667
776192,776192,0.033693785313516855,0.003531724098138511,0.7120973318815231,0.4115880159661174,-0.006717960553942248,0.0017481059385318076,0.02833642516634427,1.9720616079866886
777216,777216,0.006719782366417348,0.000819336330096121,0.5162616474553943,0.17410795902833343,0.0014418503851629794,0.0008757171708566602,0.02248847152804956,0.40875875344499946
778240,778240,-0.00481038614816498,0.000917640354600735,0.6086172424256802,0.18065846152603626,0.0024512113304808736,0.0009958024425031908,0.0509158797794953,0.014830046391580254
779264,779264,-0.002145849444787018,0.001630925798053795,0.7108099386096001,0.19374663196504116,-0.01017426623729989,0.0016307877353938238,0.643527667503804,0.10324050206691027
780288,780288,-0.0016440913313999772,0.00936666894267546,0.9546422902494669,0.2623400017619133,-0.009329871172667481,0.012810970474674832,0.1300599827663973,0.3839320559054613
781312,781312,0.0011560303246369585,0.0031885033895378,1.1508085206151009,0.4125123769044876,0.01755127272917889,0.0012447813405742636,1.3118256069719791,1.276213826611638
782336,782336,0.009789068615646102,0.0019131252192892134,0.8690305147320032,0.3179269675165415,0.004369664937257767,0.0015555522513750475,0.634550416842103,0.5501302983611822
783360,783360,0.005335689565981738,0.0014419857116081403,0.8350206706672907,0.2422232530079782,-0.02270927462086547,0.0013352653550100513,0.9296822845935822,0.2884479174390435
784384,784384,0.010319602974050213,0.001894002384688065,0.9748865365982056,0.1698836195282638,0.006966693501453847,0.0014531725782944704,0.03743366706476081,0.005054543726146221
785408,785408,-0.013723898417083547,0.02129072702518897,0.9565130919218063,0.5286015942692757,-0.02081293211085722,0.023778347691404633,0.19612809258978814,0.5972152799367905
786432,786432,0.0638201346155256,0.013283898733789101,0.9041929394006729,0.6691000200808048,0.010240094386972487,0.009757180698215961,0.6119069829583168,2.7841381430625916
787456,787456,0.01089292232063599,0.006169936084916117,0.9412920996546745,0.2799371690489352,-0.014634556253440678,0.005106580701976782,0.7982112350873649,0.2664855678449385
788480,788480,0.031765303923748434,0.0015623480303474935,0.7583361007273197,0.3917618356645107,-0.006890911201480776,0.0013968450657557696,0.8593283910304308,0.3975620153360069
789504,789504,0.0003776822704821825,0.0009115457560255891,0.7668699882924557,0.22559388726949692,0.00571257270348724,0.0006382693791238125,0.6214232239872217,0.4055228531360626
790528,790528,-0.006859859102405608,0.004100028303582803,0.7338188830763102,0.27122259698808193,-0.0038584774592891335,0.005608177272733883,1.0563134141266346,0.1891816882416606
791552,791552,-0.014057270949706435,0.001521519074231037,0.8747717682272196,0.17003935063257813,-0.035356591892195866,0.0007848130635466077,0.42570077162235975,0.11475132161285728
792576,792576,0.002451403997838497,0.0013908043310948415,0.7958262041211128,0.11147070582956076,-0.004759126371936873,0.0010718272387748584,0.5894671677378938,0.09474127984140068
793600,793600,0.016271184911602177,0.0009720265143187135,0.9039105866104364,0.15853068279102445,-0.018938363791676238,0.0008865284590342526,1.1773706190288067,0.1901847100816667
794624,794624,-0.0013362434838199988,0.0007660465524850224,0.9571365267038345,0.14007558533921838,-0.019623956526629627,0.0005995145589281492,1.1049747169017792,0.20404981449246407
795648,795648,-0.0170486637216527,0.015483693714486435,0.8512208871543407,0.523531193844974,-0.02854539648978971,0.016608526348136365,0.40189105924218893,1.7716803774237633
796672,796672,0.02868117815523874,0.006776917965908069,0.9071875251829624,0.24761577369645238,-0.014984729787101969,0.0041166024566337,1.033408340997994,0.1829709216253832
797696,797696,0.00846049960819073,0.002078485289530363,0.9366980697959661,0.19861896056681871,0.07324097701348364,0.0022135280232760124,1.162236548960209,0.6895981831476092
798720,798720,0.01511464497889392,0.0016809312919576769,0.6991931144148111,0.3318781084381044,-1.423241337761283e-05,0.0017836560000432655,0.0639508084859699,0.005956862820312381
799744,799744,0.00418234639801085,0.0030456003587460145,1.015016257762909,0.22517736814916134,0.04048263616277836,0.002702093812331441,0.132624457241036,1.1968744676560163
800768,800768,-0.006744940998032689,0.012221369295730256,1.1718383841216564,0.40667996276170015,0.008020778943318874,0.014516278664814308,0.49735173117369413,0.730461897328496
801792,801792,0.006775051268050447,0.0021219995251158252,0.9587504491209984,0.21979023097082973,-0.01844418779364787,0.0021659196791006252,1.1333502847701311,0.4144349005073309
802816,802816,0.005346653750166297,0.0018329237318539526,0.9641256295144558,0.1140835233964026,-0.03016142509295605,0.001698258212854853,0.8929012697190046,0.1420908544678241
803840,803840,-0.008959857805166394,0.002093421069730539,0.9211687799543142,0.11337402067147195,-0.02970405825180933,0.001573621703300887,0.7746833181008697,0.12968292576260865
804864,804864,-0.005608331208350137,0.0014586309957849153,0.9779751915484667,0.11835863464511931,-0.0018105482740793377,0.0009651294269588107,1.557298943400383,0.37673250981606543
805888,805888,-0.005807726323837414,0.013052993752353359,1.1085717491805553,0.4445441458374262,0.021144313068361953,0.015004837157903239,0.982691939920187,0.7952509056776762
806912,806912,0.010646219219779596,0.006745370163116604,1.113947581499815,0.29697490856051445,0.0009547746158204973,0.0050240398340974934,0.3924818108789623,0.47671747021377087
807936,807936,-0.0036409021267900243,0.0031813138994039036,1.0692854281514883,0.25865051336586475,0.0240594208589755,0.0022514546690217685,0.34797545755282044,0.6049088751897216
808960,808960,0.0405166691634804,0.003340284605656052,0.7144675329327583,0.2503585312515497,-0.028387653146637604,0.0026175142629654147,0.6797958370298147,1.0974253695458174
809984,809984,0.004291437493520789,0.005204351649808814,0.6939221173524857,0.20939944311976433,0.0015001942665548995,0.004903497587292804,0.15888506616465747,0.5595659101381898
811008,811008,-0.0027223850920563564,0.007028708787402138,0.8642830960452557,0.182443221565336,0.0023119975230656564,0.00786431746382732,0.21905911853536963,0.032011923438403755
812032,812032,0.005677287408616394,0.0011626942941802554,0.9483769256621599,0.10985855595208704,-0.005451029923278838,0.0012130600807722658,0.581924345344305,0.08249025681288913
813056,813056,-0.004812142316950485,0.0024003550061024725,0.8930003121495247,0.1570207318291068,0.003926632140064612,0.002635186585393967,0.9055313263088465,0.1472397616598755
814080,814080,0.00488951189618092,0.0022149049163999734,0.5955474842339754,0.23787742434069514,-0.036243405440473,0.00327004916016449,0.9696774519979954,0.15443781879730523
815104,815104,0.002445660575176589,0.010874756302655442,0.6007662937045097,0.19053439982235432,-0.00816737039713189,0.016144058852660237,0.6052746949717402,0.09092397626955062
816128,816128,0.03774611266271677,0.0065236312366323546,1.1775573529303074,0.4773002127185464,0.027172263216925785,0.0024052427797869314,0.7778921965509653,1.2477535605430603
817152,817152,0.02706116292392835,0.002663014103745809,1.1592899896204472,0.3137769871391356,-0.03286883799592033,0.002358128998821485,2.2525482922792435,1.0393654992803931
818176,818176,0.011513819365063682,0.0025719186960486695,0.5123310424387455,0.17306311568245292,-0.006196233502123505,0.002566586456850928,0.0082829334132839,0.27111474913544953
819200,819200,0.011098837130703032,0.0023147369875005097,0.5207164771854877,0.29266760498285294,-0.00012150470865890384,0.002278969594499358,0.008134125819196925,0.0006325057474896312
820224,820224,-0.008613081387011334,0.012344516413577367,0.5806120028719306,0.280913301743567,-0.025304844690253958,0.017495010135462508,0.5889194295741618,0.29869695170782506
821248,821248,0.024692593855434097,0.003794784701312892,1.2972298301756382,0.30387333780527115,0.05663198555703275,0.0021607432536256965,1.121699284762144,0.3146138056181371
822272,822272,0.01063427233020775,0.003050503226404544,0.9486639518290758,0.3422103524208069,0.01339491835096851,0.0016931759637373034,0.880057780072093,0.8177619129419327
823296,823296,0.008119366597384214,0.0010809230552695226,0.7482210900634527,0.3768882751464844,-0.02245379239320755,0.0007340637075685663,1.3406154457479715,0.4635354452766478
824320,824320,0.0033775013725971803,0.001557805173433735,0.7094151861965656,0.21715317480266094,-0.05789060494862497,0.0010519570569158532,1.5725225042551756,1.0029096528887749
825344,825344,-0.0073707671981537715,0.014163763364194892,0.6185140386223793,0.20322663616389036,-0.03783132086391561,0.01627351537172217,1.2795789316296577,1.381239127367735
826368,826368,0.025392796756932512,0.0072659149300307035,0.9360504318028688,0.28033634880557656,0.05585441301809624,0.003914132539648563,1.0374092627316713,1.159178340807557
827392,827392,-0.012672657561779488,0.0017199729300045874,0.7768230177462101,0.23481164872646332,0.0028471552941482514,0.0011709540558513254,1.227857269346714,0.5012733265757561
828416,828416,-0.011136907385662198,0.0012433077008608961,1.0418405942618847,0.3061463995836675,-0.04799412831198424,0.00095927031179599,1.3745476547628641,0.2798225535079837
829440,829440,-0.0007402869523502886,0.0019871488707394747,0.8679995257407427,0.11619775975123048,6.532791303470731e-06,0.0022117307339613035,0.014550214051268995,0.0011738609755411744
830464,830464,0.0050302081945119426,0.01463304708886426,0.9810159150511026,0.2558821262791753,-0.016423916473286226,0.019396896728721913,0.7058707224205136,0.3143911057850346
831488,831488,0.0694426303380169,0.00897285716200713,1.211935967206955,0.40350673720240593,0.014960791304474697,0.0028647053295571823,1.4290505778044462,1.1993287298828363
832512,832512,0.040972657850943506,0.0048074206642922945,1.0481584388762712,0.3508672686293721,0.08549660409335047,0.00228709508155589,0.6461613615974784,2.3746211864054203
833536,833536,0.012324815092142671,0.004985488354577683,0.9264956656843424,0.35763505566865206,0.04780819582811091,0.002465918429152225,0.33876178320497274,3.169766388833523
834560,834560,-0.0034641864185687155,0.004982780432328582,0.9775898773223162,0.24197594309225678,0.00402316584950313,0.0030979938674136065,0.5011932710185647,1.721135351806879
835584,835584,0.008581298709032126,0.018041737050225493,1.051284620538354,0.3434342872351408,0.11390033570933156,0.021715256298193708,1.2783345822244883,1.5870880261063576
836608,836608,0.0649662845680723,0.007282366554136388,1.2296123206615448,0.5188993932679296,0.06667667743749917,0.0063217039132723585,1.7515983078628778,1.5966514181345701
837632,837632,0.036470140650635585,0.0023685136839048937,1.058225855231285,0.3134136190637946,0.02101519695133902,0.0020989663498767186,0.37336027063429356,0.7959639355540276
838656,838656,0.021010207914514467,0.0010424087995488662,1.0424484703689814,0.22504073195159435,0.0713716177851893,0.0004842006574108382,0.3002809504978359,0.42120751086622477
839680,839680,0.007359938128502108,0.0010904676328209462,0.616367656737566,0.20408109575510025,0.020311971369665116,0.000753169914787577,1.0457888785749674,0.7875482300296426
840704,840704,-0.0036095265531912446,0.010321612571715377,0.5704986164346337,0.17473710933700204,0.005483682150952518,0.015383795922389254,1.278336564078927,0.44998772349208593
841728,841728,0.005947905025095679,0.000863100317928911,0.42472076043486595,0.13859995687380433,-0.0021029066992923617,0.0009686783246252162,1.236976858228445,0.18726635025814176
842752,842752,-0.006369680515490472,0.0009925014201144222,0.5685261767357588,0.19226594548672438,-0.026197947561740875,0.0013050368997937767,1.308808833360672,0.20614344161003828
843776,843776,-0.007294037495739758,0.0008141854673340276,0.9353966359049082,0.1838349374011159,-0.01349883052171208,0.0014907150134604308,0.9490289269015193,0.18397755501791835
844800,844800,-0.009313955932157114,0.0011124278503302776,1.1374526303261518,0.24935917207039893,0.08704994909930974,0.0011512558007780171,2.0453322380781174,0.6831098552793264
845824,845824,0.04778942262055352,0.025066717789741233,1.180365763604641,0.7041967790573835,0.021892963646678254,0.025378542370162904,1.8086883090436459,2.3408284932374954
846848,846848,0.0587346971151419,0.011643404795904644,1.163191394880414,0.5323376413434744,0.11246746894903481,0.009266310436942149,1.5430194530636072,2.516143001616001
847872,847872,0.02800114815181587,0.005173094177735038,1.2373718246817589,0.42169149313122034,0.052186874439939857,0.003582581579394173,0.8682330399751663,2.3038795590400696
848896,848896,0.002028321352554485,0.004048350332595874,0.9298288337886333,0.20972823817282915,0.07428981189150363,0.0021478646121977363,0.8853313475847244,2.967647060751915
849920,849920,0.011945351972826757,0.0019112855989078525,0.9540863316506147,0.22079225117340684,0.09988289041211829,0.0013712031668546842,0.728497788310051,2.925715394318104
850944,850944,0.005675678068655543,0.011354524205671623,1.118007032200694,0.33711581118404865,0.039865659055067226,0.012755436240695417,0.9326989324763417,0.4395081284455955
851968,851968,-0.00029979198006913066,0.002005763610213762,1.261236760765314,0.3233287762850523,-0.02498687180923298,0.0015549345152976457,1.2257739938795567,0.32054946199059486
852992,852992,0.01977188090677373,0.0029202524419815745,0.8686550706624985,0.32939145248383284,-0.014003424148540944,0.0016605870259809308,0.7261709645390511,0.3947786083444953
854016,854016,0.008331338714924641,0.0015811124176252633,0.9932410214096308,0.26730618672445416,0.04862331791082397,0.00104042128623405,0.2205323982052505,0.24198865389917046
855040,855040,0.00025441916659474373,0.008964827546151355,0.5236499840393662,0.18480380391702056,-0.018121103843441233,0.01179491765651619,0.4281019838526845,0.12594623351469636
856064,856064,0.04997013838146813,0.011100979667389765,0.9762342385947704,0.3747545424848795,-0.001652704639127478,0.007336224512982881,0.25910460960585624,3.2086831405758858
857088,857088,0.013895550000597723,0.000986555121926358,0.9518210124224424,0.18223218526691198,-4.792690742760897e-05,0.001087728471702576,0.03020627802470699,0.002616028592456132
858112,858112,0.043931654770858586,0.005821639744681306,1.1772309374064207,0.4331027138978243,0.06900445569772273,0.001940358619322069,0.026223585300613195,3.015416242182255
859136,859136,0.016104683541925624,0.003104602794337552,1.1960571706295013,0.38103015813976526,0.03362111738533713,0.001503315448644571,0.04459522198885679,4.842407926917076
860160,860160,0.016322565541486256,0.008846068565617315,1.0285336766391993,0.403719674795866,0.1082197719370015,0.01096987005439587,0.16839536745101213,5.034629359841347
861184,861184,0.02976503048557788,0.011353714391589165,1.093449829146266,0.4716332545503974,0.028225459333043545,0.008017606269277167,0.6783466888591647,1.3771463669836521
862208,862208,-0.0051825020054820925,0.003243885272240732,0.93895791657269,0.31625900883227587,0.102033699688036,0.0027670916279021185,0.9905460570007563,1.190123187378049
863232,863232,0.004867128023761325,0.001765385115504614,0.6682812608778477,0.15849417867138982,-0.00970559474080801,0.0008419604164373595,0.6505260160192847,0.5851856749504805
864256,864256,-0.010567928649834357,0.0004967223487710726,0.5067109055817127,0.08017628628294915,-0.0021680179343093187,0.00021369694295003683,0.5037470154929906,0.07037076668348163
865280,865280,-0.022674849344184622,0.007136275642551482,0.7019132561981678,0.237608274910599,-0.05157343918108381,0.007928213530249195,0.9896853975951672,1.4782025516033173
866304,866304,0.019931328686652705,0.007808164940797724,0.7952870894223452,0.2441342701204121,0.07391482387902215,0.0050688525625446346,1.2405153773725033,1.5231539607048035
867328,867328,0.0050048242846969515,0.005842658996698447,1.0474007669836283,0.28275693114846945,-0.024179722648113966,0.003054404129215982,1.0574393197894096,0.6909947171807289
868352,868352,0.010508692910661921,0.001228121012900374,0.8306107707321644,0.2543367585167289,0.023492057604016736,0.0004632057707567583,1.302513586357236,0.5903661232441664
869376,869376,0.010365261368860956,0.0012627300620806636,0.6946228537708521,0.24418496992439032,-0.00018756662029772997,0.0007947370013425825,0.7242215517908335,0.2526052840985358
870400,870400,0.012108248876756988,0.005961352668236941,0.8310668226331472,0.34245755057781935,-0.022610971034737304,0.00691427948186174,0.48804402351379395,0.1809421038487926
871424,871424,0.013815505677484907,0.004740648524602875,1.1720709651708603,0.2899671928025782,0.016217815544223413,0.003208891961548943,2.0533262193202972,1.067975489422679
872448,872448,0.006953844043891877,0.0015306723216781393,0.8849034458398819,0.24945938866585493,-0.0003888785431627184,0.0006931544758117525,1.3298291936516762,0.8120959084481001
873472,873472,0.009913365516695194,0.002103008609992685,0.8718885406851768,0.23921120865270495,-0.016306788864312693,0.001074691488611279,1.3745593670755625,0.8358949776738882
874496,874496,0.011583618092117831,0.001965817737072939,0.8535334467887878,0.18734253104776144,0.007777687627822161,0.0016491142314407625,0.6456247894093394,0.39590140525251627
875520,875520,-0.022509000737045426,0.006016209845256526,1.0824152044951916,0.36172244511544704,-0.06519720080541447,0.006889734144351678,1.4471616791561246,0.9369760975241661
876544,876544,0.006594280421268195,0.002584045647381572,1.1225254200398922,0.37557413149625063,0.004845860254135914,0.0014721412735525519,1.8571690525859594,0.7707852860912681
877568,877568,0.01883618345891591,0.0005577100337177399,0.9199870768934488,0.19621893670409918,0.0007566411222796887,0.0005437510608317098,0.007393016858259216,0.0006174186710268259
878592,878592,0.008139964091242291,0.0015638704717275687,0.9318739306181669,0.1559953074902296,0.0002303016372025013,0.0010799154006235767,0.011114622378954664,0.0009759230306372046
879616,879616,-0.006717121897963807,0.0038911327574169263,0.9736205823719501,0.16851139068603516,-0.006872388883493841,0.003891553780704271,0.6516890549100935,0.11296344740549102
880640,880640,0.006236543631530367,0.019998605086584575,0.8176380097866058,0.6097109848633409,-0.07186475273920223,0.017795455059967935,1.6836361847817898,1.8001092448830605
881664,881664,0.018481018400052562,0.0058373973006382585,0.7943741008639336,0.2974253431893885,0.07757863600272685,0.003810057260125177,3.215051840990782,2.2710360176861286
882688,882688,0.0063019779190653935,0.0014967228125897236,0.7302837055176497,0.22486023837700486,-0.03539827557688113,0.0012263568278285675,0.7662723492830992,0.548596772365272
883712,883712,0.022288398788077757,0.0032135545516212005,0.6190873421728611,0.1993380538187921,0.007440331421094015,0.002033278298767982,0.11025519575923681,0.9055027263239026
884736,884736,0.006672720337519422,0.006251973973121494,0.6588191073387861,0.2547959410585463,-0.009772327321115881,0.005510141625563847,0.03196277946699411,1.2155611142516136
885760,885760,0.005503628257429227,0.006393375981133431,1.1430579964071512,0.4684996856376529,-0.03505153441801667,0.0071176930505316705,0.84618582110852,0.8256533956155181
886784,886784,0.003336660360218957,0.004963475272234064,1.0979815423488617,0.23524594400078058,-0.013483360002283007,0.0030403839409700595,0.34166367212310433,0.11258345446549356
887808,887808,0.008475053517031483,0.005670441023539752,0.9026880208402872,0.3540128041058779,0.012484124687034637,0.005105485190142645,1.4683242961764336,1.9318166971206665
888832,888832,-0.009014796989504248,0.005074740511190612,0.8957599923014641,0.2394664748571813,-0.004749985208036378,0.004854815553699154,0.5541808614507318,1.5191318541765213
889856,889856,-0.006526446348289028,0.003459181189100491,1.1348511278629303,0.3457759814336896,0.010456158022861928,0.00426768313809589,0.42876247013919055,1.3782306909561157
890880,890880,0.009177098807413131,0.008805066165223252,0.9895729459822178,0.3279605805873871,0.06849563028663397,0.010269174577842932,1.8953021317720413,1.1241355277597904
891904,891904,0.030481178837362677,0.003100604757491965,0.6593834441155195,0.22914953157305717,-0.006286008341703564,0.0013084078273095656,0.9405394736677408,0.7750262916088104
892928,892928,0.014619979890994728,0.0006887569888931466,0.5682948548346758,0.20684901997447014,-0.017248747317353263,0.000700727120602096,1.0612300541251898,0.15704993112012744
893952,893952,0.021242915652692318,0.0025326268405478913,0.9921390935778618,0.39697767700999975,-0.02372753684176132,0.0019984085201940616,1.1353393662720919,1.1983602698892355
894976,894976,0.02965941105503589,0.0019993991645606,1.0037401095032692,0.3915440058335662,-0.011607355525484309,0.0019825959689114825,1.247091505676508,1.8275518901646137
896000,896000,-0.0016834949201438576,0.011276040488155559,0.9434967022389174,0.30593791184946895,-0.007522521045757458,0.012598503468325362,0.828828115016222,0.5402766773477197
897024,897024,0.02578002003428992,0.0012756631513184402,0.7376301325857639,0.23579291021451354,-0.03331631016044412,0.0009929215702868532,0.9004194149747491,0.13494151807390153
898048,898048,-0.01216027481132187,0.00023697039796388708,0.6172247193753719,0.14148389757610857,-0.029331052239285782,0.00032970077199934167,0.8850347409024835,0.13950736890546978
899072,899072,-0.010499669937416911,0.0013915331055613933,0.5706226415932178,0.14009072817862034,-0.019314336183015257,0.0008762383854445943,0.9179821452125907,0.15785495401360095
900096,900096,-0.00968603920773603,0.007612622150190873,0.6676325760781765,0.16271990723907948,-0.011255466903094202,0.009466602161410265,0.34503920702263713,0.5159041984006763
901120,901120,0.04635742452228442,0.008888175492757,0.8601244054734707,0.2886352282948792,0.04583598623867147,0.0035332872648723423,0.5170395909808576,1.6301406249403954
902144,902144,-0.0006840974529040977,0.0017191281040140893,0.6415110025554895,0.2006161343306303,-0.021118685719557106,0.0011397697744541802,0.1307989340275526,1.6880470514297485
903168,903168,0.020174950259388424,0.0015020188729977235,0.6657548826187849,0.2297372124157846,-0.014879276510328054,0.0016088290249172132,0.0665417613927275,0.413157697301358
904192,904192,0.014958701154682785,0.0022515576888508804,0.7097291797399521,0.19442978594452143,-0.0001402166672050953,0.003067780257879349,0.0786299598403275,0.0076440300908870995
905216,905216,-0.0021559135639108717,0.012950642172654625,0.7966442797333002,0.28570951661095023,0.01993065030546859,0.01749830777407624,0.5721900872886181,1.0153005607426167
906240,906240,0.030417494650464505,0.004138513744692318,1.0054624900221825,0.3148709228262305,-0.004167061037151143,0.0039023836579872295,0.8353489907458425,1.2950677871704102
907264,907264,0.017631218157475814,0.002064788935967954,0.7580812517553568,0.2551069986075163,-0.006506169040221721,0.0016895061344257556,0.953590976074338,1.0278208889067173
908288,908288,-0.0051056695519946516,0.001374197341647232,0.8235168214887381,0.15603303955867887,-0.018838298332411796,0.0011211017581445049,0.4519302798435092,0.40239568147808313
909312,909312,0.006660959130385891,0.0017119101521529956,0.9755158200860023,0.26775552704930305,-0.002588412637123838,0.0015314236443373375,1.0244227088987827,0.3032339704222977
910336,910336,-0.015399443422211334,0.00993314844527049,0.6869203932583332,0.3399455565959215,0.021427924366435036,0.014954724261770025,1.015633286908269,0.905643979087472
911360,911360,0.07137228146893904,0.0020517813645710703,0.6979614943265915,0.5006883461028337,-0.008077483260422014,0.0017634378746151924,0.8267245283350348,0.28448147885501385
912384,912384,0.016669895325321704,0.0018415592585370177,0.6624743603169918,0.3590214066207409,-0.03183670531143434,0.0018526344974816311,1.0064646024256945,0.3435394852422178
913408,913408,0.010192167188506573,0.002383151150752383,0.6055456679314375,0.20633342443034053,-0.015879715356277302,0.0024493487849213125,0.8344726543873549,0.12223103200085461
914432,914432,-0.0072193993255496025,0.002655180031524651,0.6734064016491175,0.30113601218909025,-0.02748799484106712,0.002674105965979834,1.7633828818798065,0.35049442294985056
915456,915456,0.0011541561834746972,0.021622275482513942,0.752691674977541,0.3212758651934564,-0.0260077107232064,0.02512677385675488,1.5907045416533947,0.5272157546132803
916480,916480,-0.0103295454318868,0.005087336350698024,0.9796920884400606,0.28630479238927364,0.022897213755641133,0.0031791974615771323,0.48687203018926084,0.5386406099423766
917504,917504,0.005799325575935654,0.0022823596009402536,0.8327410519123077,0.2689478248357773,-0.009415745415026322,0.0012500001002990757,1.2524146232753992,0.8255969379097223
918528,918528,0.0032624394516460598,0.003476024248811882,0.7705034371465445,0.33154087234288454,0.004324656241806224,0.0013746867734880652,0.1944202862214297,0.765523754991591
919552,919552,-0.008548365643946454,0.0002655730866081285,0.6136389803141356,0.19168352195993066,-0.0005282028578221798,0.00025039403476512234,0.08743183594197035,0.008490971580613405
920576,920576,-0.0024270390131277964,0.01668417103064712,0.7343802750110626,0.3893623920157552,-0.016574920926359482,0.019880313237081282,1.628022100776434,1.0679009594023228
921600,921600,0.024561326630646363,0.004088047471668688,0.7696890123188496,0.37798622343689203,0.03488796128658578,0.003500926615743083,1.5006689997389913,0.985002001747489
922624,922624,-0.005076787172583863,0.0012534909910755232,0.6252203825861216,0.3044505915604532,-0.02324060717364773,0.0011548616330401273,0.9914853041991591,0.36259904503822327
923648,923648,-0.000519702531164512,0.000879500429618929,0.5083101214841008,0.258704983163625,-0.01990098087117076,0.0004735647817142308,1.1832974534481764,0.1994235897436738
924672,924672,-0.00028901830955874175,0.0004892833517260442,0.49199286475777626,0.19182319892570376,-0.015937985328491777,0.0006384894118127704,0.5507148592732847,0.6579508408904076
925696,925696,0.011601749574765563,0.015304384680348448,0.7852616552263498,0.6092311283573508,-0.002622233994770795,0.016090435645310208,0.12657809699885547,0.8142435755580664
926720,926720,0.025681942606752273,0.004836414696910651,1.0052426047623158,0.39612917602062225,0.036658252705819905,0.004777374371769838,0.05577641591662541,0.6120539861731231
927744,927744,0.0023594917147420347,0.0025982002716773422,0.8917921539396048,0.27917533414438367,-0.0007612456829519942,0.002544383183703758,0.009552447882015258,1.064687730744481
928768,928768,0.0019532384467311203,0.0009281185448344331,0.5955435652285814,0.18109628092497587,-0.008303597278427333,0.0006731357480020961,0.009018206415930763,0.883297435939312
929792,929792,0.010784818092361093,0.0026172496945946477,0.4274964341893792,0.18989999825134873,0.015382922836579382,0.0012364268495730357,0.006597867359232623,0.34125266573391855
930816,930816,0.00022889988031238317,0.008496920563629828,0.9349259026348591,0.32728729769587517,0.020164629735518247,0.009585231317032594,0.007111832397640683,1.139162177219987
931840,931840,0.028675260764430277,0.0032694121400709264,0.8905662633478642,0.26081813452765346,0.0011372356675565243,0.0013678187260666164,0.07178945711348206,3.961247406899929
932864,932864,0.018445171765051782,0.0017594735072634649,0.8169999774545431,0.24823321448639035,0.09439461556030437,0.0006228951306184172,0.016422105458332226,5.064419761300087
933888,933888,0.011553916774573736,0.0014747781679034233,0.9028401486575603,0.2332292520441115,0.07589913276024163,0.0010083248371302034,0.007507030459237285,3.725846529006958
934912,934912,-0.005841413396410644,0.0023920500170788728,0.9556466825306416,0.2063438813202083,0.12251822292455472,0.002466356369041023,0.004797739034984261,3.1217774227261543
935936,935936,0.00928913929965347,0.017677914569503628,0.9601323157548904,0.28934940602630377,0.049228267482249066,0.019978942611487582,0.4899043864570558,1.4383629132062197
936960,936960,0.021952052135020494,0.008832474632072262,1.075691144913435,0.27852894738316536,-0.027742874663090333,0.00567217510251794,1.2881004568189383,1.0566895250231028
937984,937984,0.008225832862081006,0.0033323415991617367,1.0983678959310055,0.30456701200455427,-0.01590002483862918,0.0018558179181127343,1.7628304064273834,0.9732032939791679
939008,939008,0.0003068853111471981,0.0013146621095074806,0.6187518844380975,0.17453938210383058,-0.00018215959426015615,0.0012384213214318152,0.009959258721210063,0.0007869513938203454
940032,940032,-0.0045339054631767794,0.006314265076071024,0.6243064012378454,0.16076425090432167,-0.010810863663209602,0.008520747163856868,0.1282025072723627,0.5262446282431483
941056,941056,0.036780869675567374,0.006968632427742705,1.185427088290453,0.41370672080665827,0.008763598088989966,0.0033497562653792556,1.0651139933615923,2.0597776770591736
942080,942080,-0.005718441097997129,0.0021710031978727784,1.0922138784080744,0.2320322459563613,0.029067172479699366,0.0011555906985449838,2.2214180026203394,1.7519180849194527
943104,943104,0.02409815543796867,0.001061128927176469,0.8147734422236681,0.2850415608845651,0.04307076142868027,0.0005061445353931049,0.2644521067850292,1.578632716089487
944128,944128,-0.00794919827603735,0.002038605736743193,0.9267293736338615,0.2457133592106402,-0.032947433152003214,0.0018827894109563204,0.9856607643887401,1.01918138936162
945152,945152,-0.007090126571711153,0.00822546158451587,0.7633675914257765,0.21679101465269923,0.012655040962272324,0.010897320840740576,0.3946548867970705,1.5822775810956955
946176,946176,0.027085734691354446,0.004637051184545271,1.0615375768393278,0.3135993159376085,0.043747535833972506,0.0031722341664135456,0.47475042985752225,1.9122264422476292
947200,947200,-0.010391029994934797,0.0019212137740396429,0.8476012274622917,0.2162384851835668,0.006040357111487538,0.0014829112496954622,0.15490873507224023,2.0007255524396896
948224,948224,-0.015044363317429088,0.001725220425214502,0.5797901097685099,0.17291820468381047,-0.0024215342855313793,0.0012626049719983712,0.018667392898350954,0.7733032638207078
949248,949248,0.0053573058830806985,0.001543595481052762,0.5894336253404617,0.1789506427012384,0.048599696485325694,0.0019581725437092246,0.009482623325311579,0.4804698098450899
950272,950272,-0.024134208229952492,0.009731762838782743,0.7896258253604174,0.29177571134641767,0.004873911486356519,0.012474362272769213,0.1332112645613961,0.5288854744285345
951296,951296,0.037411826400784776,0.005575268005486578,1.234803892672062,0.5249656811356544,0.08377161552198231,0.0024513595089956652,1.0172683075070381,2.624533399939537
952320,952320,0.009528278635116294,0.0026504057314014062,0.8299674838781357,0.29976789513602853,0.042067050584591925,0.0015747457200632198,0.5090091598685831,0.9361044727265835
953344,953344,0.008736035451875068,0.0011026481988665182,0.43566626869142056,0.19652757700532675,0.05270483234198764,0.0012970605139344116,0.32589486381039023,0.4027761030010879
954368,954368,0.007014512768364511,0.00185531908118719,0.4257902344688773,0.16409371281042695,-0.016040988732129335,0.001941646303748712,1.131038498133421,0.17372083570808172
955392,955392,-0.02706091760774143,0.011500221793539822,0.8459574244916439,0.33683547005057335,-0.06990417270571925,0.015885814726061653,1.7149540968239307,1.1489237528294325
956416,956416,0.02641032586689107,0.006063403343432583,1.3683160208165646,0.4039490129798651,0.05712936128838919,0.007069753824907821,1.4438273441046476,1.6549560762941837
957440,957440,0.007261566614033654,0.0025354647495987592,1.0587339010089636,0.35230246745049953,0.03944603694253601,0.002749399985987111,0.5114366831257939,2.8432530388236046
958464,958464,-0.011201766115846112,0.0016873077329364605,0.8258535005152225,0.22374066291376948,-0.026524679735302925,0.0015821199303900357,0.7888854229822755,1.3799345642328262
959488,959488,0.004023603803943843,0.003198911810613936,0.6240252107381821,0.2330900114029646,0.032633156079100445,0.0026307692714908626,0.8866070611402392,0.9557994212955236
960512,960512,-0.010779539021314122,0.009722852089907974,0.8475989568978548,0.22290025930851698,-0.007323577447095886,0.008253255167801399,0.42108449270017445,0.09925572463544086
961536,961536,0.007182297980762087,0.003507868430460803,0.969874108210206,0.28653161274269223,-0.015511703619267792,0.0032817036835695035,1.2802867833524942,0.38418402103707194
962560,962560,-0.0023411062720697373,0.002618704618726042,0.841099800541997,0.19925475493073463,0.0048066705639939755,0.00302327531062474,0.11540999193675816,0.03336588433012366
963584,963584,0.016929812059970573,0.003883790584950475,0.9032682627439499,0.1917590438388288,0.014542711724061519,0.004536546635790728,0.506793134380132,0.2117809052579105
964608,964608,3.9811566239222884e-05,0.003020941421709722,0.6232005730271339,0.1804563496261835,0.0003955302236136049,0.004150607777773985,0.1674846988171339,0.027765946288127452
965632,965632,-0.010971265088301152,0.012497985851950943,0.7926436215639114,0.473127031698823,-0.04697678209049627,0.01807920785358874,2.040059208869934,0.573139030020684
966656,966656,0.03183497011195868,0.0047544342232868075,0.7062249798327684,0.33179556112736464,0.013885757885873318,0.0018643195617187303,0.5558559079654515,0.3651465990114957
967680,967680,0.013725230906857178,0.0005832515762449475,0.4963381960988045,0.16157254739664495,-1.139348023571074e-05,0.0006160086477393634,0.01567331890692003,0.0012860383721999824
968704,968704,0.002422328485408798,0.0010520643827476306,0.6704850224778056,0.19732814095914364,9.205288370139897e-05,0.0009253763246306335,0.01572965018567629,0.0012931213714182377
969728,969728,0.005936453599133529,0.0012982152288714133,0.6319286003708839,0.15987981529906392,8.032313780859113e-05,0.001482942031998391,0.02224120474420488,0.0018993318662978709
970752,970752,-0.006913971767062321,0.019061690487433225,1.006567532196641,0.317314057610929,-0.020603159617166966,0.022250062713283114,1.0726463813334703,0.9741638014093041
971776,971776,0.014043067756574601,0.004717557611002121,0.9842943400144577,0.3100426057353616,0.01098390412516892,0.0029962306762172375,0.380611939355731,0.4558923440054059
972800,972800,0.011811771692009643,0.0019102853057120228,1.2422067634761333,0.3446074817329645,-0.019308366638142616,0.0015545109708909877,0.2572465161792934,0.4391654385253787
973824,973824,0.0005745032394770533,0.004527219709416386,1.0235117301344872,0.25296617997810245,-0.007831784838344902,0.0020441750639292877,0.5628062905743718,0.407087835483253
974848,974848,0.00433624119614251,0.001448998591513373,0.8017987739294767,0.22144853649660945,0.003095854859566316,0.0006859889490442583,0.08742951229214668,0.6608750708401203
975872,975872,0.014914377738023177,0.014278730275691487,0.8570794221013784,0.41836301330477,-0.011113796877907589,0.01687316648894921,1.0162833938375115,1.1525133792310953
976896,976896,0.01637430470145773,0.005836420001287479,1.018573671579361,0.3270432441495359,-0.02887829567771405,0.003158200557663804,1.619793500751257,1.8413783684372902
977920,977920,-0.006513071391964331,0.0038079270016169176,1.0093687064945698,0.40308425202965736,0.0118983437132556,0.0021181022566452157,1.4450721926987171,2.8794258534908295
978944,978944,0.007164105714764446,0.0012367618655844126,1.3127692975103855,0.3523237709887326,0.11779237253358588,0.000715799025783781,2.086773158982396,1.9696226753294468
979968,979968,0.01143357835826464,0.0005153808115210268,0.6605030670762062,0.23297387082129717,-0.004744995283544995,0.0004908045757474611,0.1033067743992433,0.8303356394171715
980992,980992,0.025228478290955536,0.012775507871992886,0.9637737646698952,0.2910681301727891,0.036560520267812535,0.011374067740689497,0.5348565252497792,1.2630700320005417
982016,982016,0.019008474075235426,0.005131341851665638,0.9957264624536037,0.2915000133216381,-0.0007530744769610465,0.0025319526248495094,0.10285355779342353,2.794631242752075
983040,983040,0.024973442385089584,0.002895151046686806,0.8576118797063828,0.3030194593593478,-0.016748435751651414,0.0016590028844802873,0.03399549424648285,2.7763062454760075
984064,984064,0.0014400920772459358,0.0012025503056065645,0.9419012814760208,0.29557698406279087,0.01493724700412713,0.0010512960980122443,0.03387531329644844,1.5109749492257833
985088,985088,0.00787598648457788,0.008595407780376263,0.8401431050151587,0.2732873442582786,0.04402157265576534,0.011845175016787834,0.008584502909798175,3.576954208314419
986112,986112,0.006854558188933879,0.004470882537134457,1.2345201522111893,0.3091068207286298,0.015335809555836022,0.002047979440249037,0.19880183413624763,1.828137680888176
987136,987136,0.03664977147127502,0.005200097111810464,1.2666251175105572,0.3694833191111684,-0.018269066989887506,0.0028258559250389226,0.06844581488985568,4.128740601241589
988160,988160,0.00308183474407997,0.002856235660146922,0.7972451727837324,0.26771561428904533,-0.01290791122301016,0.0014839588420727523,0.7095034308731556,1.556921450421214
989184,989184,0.027532023086678237,0.003803488965786528,0.9757550843060017,0.3680299762636423,0.05967558320844546,0.0025105577151407488,0.044294546940363944,2.0244255438447
990208,990208,-0.01587429828941822,0.016026660465286113,0.83164057508111,0.3561794012784958,0.012691923213424161,0.0225995655200677,0.6129682501778007,1.9086420498788357
991232,991232,0.05198769588605501,0.021248250064672902,1.2007739003747702,0.7647745255380869,0.11361882201163098,0.01803066357388161,0.9100286271423101,4.731862485408783
992256,992256,0.0028311099449638277,0.01255517022946151,0.966731010004878,0.40771332290023565,-0.002767145400866866,0.014266285113990307,0.07988447404932231,3.2081753835082054
993280,993280,0.006426012332667597,0.008385836452362128,0.984986936673522,0.3564093066379428,0.0531035871244967,0.005082442927232478,0.0242802998109255,3.643316552042961
994304,994304,-0.035551205510273576,0.005371916828153189,0.6866497248411179,0.2347071715630591,-0.0021544339251704514,0.0019149080326315016,0.0024810855538817123,0.23021394247189164
995328,995328,-0.0035893251770175993,0.0067579709575511515,0.7086361758410931,0.1562704259995371,0.006555959116667509,0.00656230066306307,0.036037386453244835,0.32927113864570856
996352,996352,-0.012807272403733805,0.0037158366321818903,0.9704496413469315,0.2863293010741472,0.016007766855182126,0.0022206296598596964,0.012489742774050683,0.710514010861516
997376,997376,-0.00042473965731915087,0.004567794196191244,0.8158959653228521,0.26777554070577025,0.04990224074572325,0.0026300829522369895,0.027350364456651732,1.2482314798980951
998400,998400,-0.0021549429220613092,0.004101423026440898,0.9030419439077377,0.238791907671839,0.05471251381095499,0.0032915086376306135,0.0870788534048188,1.0768741462379694
999424,999424,-0.0034481751499697566,0.0031833667962928303,0.848066670820117,0.09050611942075193,2.589775249361992e-06,0.0029368097839324037,0.004199711773253512,0.00031642126850783825
1000000,1000000,-0.0021949539659544826,0.02220478839444695,1.008686764165759,0.1428634834010154,-1.631738996366039e-05,0.024419250730716158,0.004573767684632912,0.00034645531286514597
