step,total_steps,agv_actor_loss,agv_value_loss,agv_entropy,agv_approx_kl,pick_actor_loss,pick_value_loss,pick_entropy,pick_approx_kl
1024,1024,0.19513542344793677,0.03305582539178431,4.579456567764282,1.391464039683342,0.2704894207417965,0.014036461463547312,4.358637645840645,3.627449408173561
2048,2048,0.11900781840085983,0.019594721699832007,3.9589782506227493,0.7639674060046673,0.25392232090234756,0.005957669571216684,1.5802722088992596,3.9259723350405693
3072,3072,0.07952589495107532,0.027459464909043163,3.4524828493595123,0.6165457721799612,0.1768909099046141,0.004796551897015888,1.229318305850029,4.113777928054333
4096,4096,0.07680072786752135,0.02184842000133358,3.1613197028636932,0.5702037885785103,0.22160565480589867,0.005072979140095413,1.876131471246481,3.701252654194832
5120,5120,0.0986762895481661,0.017785280128009617,3.0519890636205673,0.6203139219433069,0.12870745675172657,0.007178853571531363,1.0562963541597128,3.6407031789422035
6144,6144,0.11847402853891253,0.017946439038496464,2.777914881706238,0.9470638260245323,0.13277424965053797,0.008476013463223353,1.300451260060072,2.2269525453448296
7168,7168,0.09675296396017075,0.015262336091836914,2.3489205464720726,0.8735062610358,0.08771957631688565,0.004710978297225665,1.3193912580609322,1.1539911217987537
8192,8192,0.12772093852981925,0.017414277361240238,2.4022204354405403,0.8742718920111656,0.11247406236361712,0.0035343147137609776,1.3987471498548985,1.1494377870112658
9216,9216,0.11897237272933125,0.01774390967329964,2.5336821898818016,0.7738082464784384,0.09729971253545955,0.002716120045079151,1.1419231705367565,1.2618420794606209
10240,10240,0.10493640252389014,0.02209096805017907,2.643141895532608,0.778762873262167,0.07052033195941476,0.008426155683991965,1.4060624074190855,1.0192581117153168
11264,11264,0.12523610680364072,0.02102787484182045,2.5860160440206528,0.8356213942170143,0.07149709906661883,0.010341024652007036,1.5925892069935799,1.0673269871622324
12288,12288,0.08264267689082772,0.009067078572115861,2.441608101129532,0.7632952854037285,0.11279188972548582,0.007247167268360499,1.5787928700447083,3.065141849219799
13312,13312,0.14026333950459957,0.003827555410680361,2.1746970862150192,0.8710703402757645,0.21605378593085334,0.001058205549725244,3.6613526418805122,2.575395215768367
14336,14336,0.1186007639626041,0.005267071881462471,2.0863187089562416,0.7923633605241776,-2.5502013158984482e-05,0.0006287180499384704,0.31560930516570807,0.0365144515526481
15360,15360,0.11516409693285823,0.009641737520723836,2.138446234166622,0.7925775088369846,0.021601893357001245,0.01172590892383596,1.2446835665032268,0.8405507197603583
16384,16384,0.13073845137842,0.0036415723952814005,2.309355080127716,1.045108726248145,0.057729743493837304,0.014567196429197793,0.15079406811855733,0.3722526258789003
17408,17408,0.09927375568076968,0.006037322171323467,2.3452545180916786,0.8438661694526672,0.0013857290468877181,0.014501496356388088,0.38370523881167173,0.14090976305305958
18432,18432,0.09925506717991084,0.006172010507725645,2.3792410120368004,0.9598932657390833,0.009631646040361375,0.011593718809308484,0.7289143148809671,0.3645208631642163
19456,19456,0.1021681681741029,0.006771830565412529,2.4257333129644394,0.8823084868490696,0.013253835611976683,0.007042857605483732,1.1075954735279083,0.32055073347873986
20480,20480,0.15987152978777885,0.010848405290744267,2.268558330833912,1.0976225696504116,0.018623750598635525,0.02213174939970486,0.869806433096528,0.9766837731003761
21504,21504,0.10690188955049962,0.004731531371362507,2.3022098392248154,0.9859871622174978,0.09620521409669891,0.0167866732517723,2.106201123446226,1.839523870497942
22528,22528,0.07348850765265524,0.005493875614774879,2.1814688444137573,0.792483838275075,0.057696926523931324,0.013693739922018722,0.8863752037286758,0.5843739481642842
23552,23552,0.08826021652203053,0.0036904183725710027,2.076915740966797,0.7321352101862431,0.08128428604686633,0.005922409793129191,1.354346765205264,0.4932579379528761
24576,24576,0.06964080029865727,0.003162622579111485,2.0636359602212906,0.6526661310344934,-0.004282806621631607,0.0033177861996591673,1.2947551906108856,0.2129604141227901
25600,25600,0.15335117373615503,0.017324288724921644,2.135158136487007,0.8314697090536356,0.04645419749431312,0.010659431893145666,1.46256672590971,0.5366808772087097
26624,26624,0.08704839937854558,0.008797569054877385,2.181819476187229,0.8058899510651827,0.029613499820698053,0.011609550245339051,0.7168203573673964,0.39564121421426535
27648,27648,0.16202598391100764,0.0023784232143952977,2.0782040655612946,0.9708178732544184,0.04262704311986454,0.006802058262110222,1.3612748011946678,0.800207793712616
28672,28672,0.1300167366862297,0.003961484097089851,1.932245384901762,1.1713810600340366,0.024162553600035608,0.0010806536774907727,0.6358198104426265,0.3756516936700791
29696,29696,0.19067269889637828,0.006740557491866639,1.7230180688202381,1.322198037058115,0.009912358655128628,0.0019590058673202293,0.9278688812628388,0.5770260840654373
30720,30720,0.15775581146590412,0.016044829681050032,2.192307498306036,1.0727696605026722,0.01314123536576517,0.01386823364009615,0.4273462062701583,0.30103315552696586
31744,31744,0.09082219877745956,0.0008234698598243995,1.9644287414848804,0.6920932680368423,7.147309952415526e-05,8.10772301065299e-05,0.15108628757297993,0.01614677527686581
32768,32768,0.08238985971547663,0.0011108427788713016,1.979849435389042,0.6835262458771467,1.874058216344565e-05,0.0004557528047826054,0.25498718954622746,0.029217999428510666
33792,33792,0.1038215373409912,0.0011355188489687862,1.969029638916254,0.6276524197310209,-0.005431664118077606,2.576680702759404e-05,0.9320833282545209,0.141153211472556
34816,34816,0.10347362770698965,0.0016971619570540497,2.0147983469069004,0.6025110743939877,-0.019840395398205146,9.011410668335884e-06,1.0775456558912992,0.16638252511620522
35840,35840,0.07642297679558396,0.01083002085215412,2.0121335610747337,0.9233131874352694,-0.03546555335924495,0.011231859207327943,0.8080676170065999,0.3969229809008539
36864,36864,0.04785032774088904,0.003332789674459491,1.8584078140556812,0.6734286826103926,0.05006310102180578,0.008757196759688668,1.3669113367795944,0.5704831792972982
37888,37888,0.08691231918055564,0.008478962525259703,2.0944250896573067,1.0430240333080292,0.02781653215060942,0.012909554148791358,0.8540733624249697,0.6451590275391936
38912,38912,0.06741178134689108,0.005830034977407195,2.1677534133195877,0.9093934521079063,0.11890246026450768,0.01092880753276404,2.2367849610745907,1.5207550544291735
39936,39936,0.09664079587673768,0.0017679516968200915,1.8931051641702652,0.7089828234165907,0.04849407862639055,0.004477876929740887,1.3954344503581524,0.7198497913777828
40960,40960,0.06169604416936636,0.0213854662142694,2.01252518594265,0.844429126009345,0.05497000104514882,0.02126095155836083,0.901957431808114,0.6176455337554216
41984,41984,0.09703546774107963,0.0016353396913473262,1.9425195530056953,0.5883330944925547,-0.004817181878024712,0.004619932058631093,1.3105045519769192,0.2087845210917294
43008,43008,0.05788206693250686,0.0027867539574799594,1.9591925144195557,0.730172635987401,0.025697308825328946,0.010767684900201857,1.135829109698534,0.5270767025649548
44032,44032,0.06518830600543879,0.0031461033431696706,1.9682631455361843,0.6739561595022678,-0.0031959080952219665,0.0044919767206010874,0.9285403676331043,0.15331894299015403
45056,45056,0.056695260500418954,0.02057192925713025,2.023860137909651,0.6926634106785059,0.002259120490634814,0.013913572707679123,0.5554699879139662,0.6494136461988091
46080,46080,0.11221313348505646,0.028002643637591973,2.0356821343302727,0.8958963546901941,0.03537239272554871,0.010930841788649559,1.439895274117589,1.074834419414401
47104,47104,0.11829590681008995,0.010680786479497328,1.9255994409322739,0.8608175795525312,0.010412353483843617,0.012777981086401269,1.503246944397688,0.7468680925667286
48128,48128,0.10120875493157655,0.004796972621988971,2.013194914907217,0.9595526680350304,0.04802828979154583,0.01303697971161455,1.0364908650517464,0.8924666028469801
49152,49152,0.0637226014805492,0.007563037004729267,2.054203364998102,0.7744256258010864,0.030918464181013405,0.010549925063969567,0.46224846690893173,0.9115734361112118
50176,50176,0.08621630386915058,0.014185408683260903,2.0353695452213287,0.7978022713214159,0.12380809884052724,0.012522799603175372,1.09728872962296,1.520574513822794
51200,51200,0.09717768896371126,0.007735866267466918,1.9588264860212803,0.8223472591489553,0.09487669647205621,0.021289203607011586,2.300637874752283,1.344365682452917
52224,52224,0.05287188314832747,0.005087199417175725,1.8519485630095005,0.655705664306879,0.0466400879813591,0.003156595941618434,0.9643913926556706,0.6730752177536488
53248,53248,0.09482531587127596,0.008017288499104325,2.0074696578085423,0.8394376300275326,0.04751219821628183,0.010484665748663247,1.7425015531480312,0.9302188344299793
54272,54272,0.08590380265377462,0.005676628290530061,1.9544516615569592,0.7818022295832634,0.08071800763718784,0.006238591646251734,3.0688704922795296,1.6082141920924187
55296,55296,0.05271247723430861,0.01768971382989548,1.8034720458090305,0.6174294631928205,0.028308314678724855,0.007780127234582324,1.2280036509037018,0.5549542652443051
56320,56320,0.04757969710044563,0.0034979477495653555,1.554867759346962,0.4975180234760046,-0.017144906159956008,0.004658307647332549,3.110611744225025,1.0680811842903495
57344,57344,0.04948467868962325,0.0022058519534766674,1.6342481151223183,0.503120488487184,-0.01595381397055462,0.0015648559656256111,2.7461020443588495,0.8894137628376484
58368,58368,0.054697049883543514,0.0029098271152179223,1.737464364618063,0.5490030683577061,-0.0011652580287773162,0.002254401162645081,1.1855335272848606,0.3013464561663568
59392,59392,0.0320861551881535,0.002444652500344091,1.690721783787012,0.44537992775440216,3.591208951547742e-05,0.000441430091541406,0.030525111651513726,0.0027050285134464502
60416,60416,0.09724417247343808,0.02847753040259704,1.6724006570875645,0.7622161693871021,0.03433363203657791,0.012981514286366291,0.08960861805826426,0.4692652625963092
61440,61440,0.12454282818362117,0.006987303437199444,1.664565820246935,0.8160631917417049,0.05275924687157385,0.011252834781771526,0.09596023731864989,0.5947961267083883
62464,62464,0.0714987592655234,0.0023630999130546115,1.3408169262111187,0.44975026696920395,0.010953678953228518,0.002004759408009704,0.05738768575247377,0.015413138025905937
63488,63488,0.10173825465608388,0.0028588370987563394,1.4276851452887058,0.5034123659133911,0.002001735119847581,0.0031994352975743823,0.07992883143015206,0.01727729948470369
64512,64512,0.0519497579371091,0.00815491566027049,1.5159986466169357,0.48869587387889624,0.06340002210345119,0.0016123270088428399,0.10044650291092694,0.3357627638615668
65536,65536,0.07698760915081948,0.02590466283436399,1.6157819889485836,0.7112735584378242,0.08465612691361457,0.030006269982550293,0.36564736906439066,1.3931065872311592
66560,66560,0.08279443631181493,0.006115747615695,1.5551822856068611,0.7249848414212465,0.011112971231341362,0.011467087737401016,0.39974740240722895,0.17727145762182772
67584,67584,0.05513934654300101,0.001519058339908952,1.5954086035490036,0.46137483790516853,-0.000316245190333575,0.0007547104487457545,0.3329862877726555,0.038369774469174445
68608,68608,0.07001355028478429,0.0036967070045648143,1.6536006815731525,0.4885414447635412,0.0537606609868817,0.0012477178279368673,1.2967684958130121,0.5519976392388344
69632,69632,0.06670524174114689,0.00802488381305011,1.6333164647221565,0.7480175737291574,0.020728555537061766,0.004465387544769328,1.4344415664672852,0.7409424018114805
70656,70656,0.06291880962089635,0.024770290357992053,1.6836085990071297,0.7186143044382334,0.0036641589540522546,0.021713894471758977,0.8282944913953543,0.7397094164043665
71680,71680,0.06041231460403651,0.005071453932032455,1.6799458302557468,0.683242928236723,0.03099566453602165,0.009476505947532132,0.1617432942148298,0.39507999271154404
72704,72704,0.04311925481306389,0.0007056659160298295,1.6008409783244133,0.5351289585232735,0.00017201306764036417,0.0058727926916617434,0.04017917485907674,0.0036236419109627604
73728,73728,0.05335377238225192,0.0016613721836620243,1.4976349249482155,0.48259630147367716,0.005429772718343884,0.0029428381221805466,0.05877766967751086,0.015063275175634772
74752,74752,0.011231789452722296,0.0018323964750379673,1.4391917362809181,0.4414575509727001,-0.0008057061932049692,0.003041234388547309,0.13621957134455442,0.01396552415098995
75776,75776,0.04466534256062005,0.02975533665448893,1.5525797605514526,0.7461874466389418,0.055822246038587764,0.007911195381893776,1.0567002180032432,0.4530718345195055
76800,76800,0.07480773821589537,0.006157986317703035,1.886468581855297,0.8446087725460529,0.0551990675739944,0.005808309171698056,1.7826617732644081,0.816441772505641
77824,77824,0.051085467988741584,0.005476844919030555,1.5618444867432117,0.5115399286150932,-0.006290630204603076,0.003470450195891317,2.515789084136486,0.7125973063521087
78848,78848,0.05391591578518273,0.003154338450258365,1.570297833532095,0.575221499428153,0.014444637054111809,0.004847294352657627,2.064001627266407,0.5990798226557672
79872,79872,0.06421389942988753,0.004580213262670441,1.7095327600836754,0.8975318651646376,0.018196085060480982,0.009140067268162966,1.6270308792591095,0.5539907077327371
80896,80896,0.06475213044905104,0.023948359201312996,1.618187077343464,0.5797680485993624,0.012246508791577071,0.00877021915948717,0.22092881018761545,0.25066096952650696
81920,81920,0.052543637342751026,0.0034865482593886554,1.6167151257395744,0.5709392800927162,0.021062533822259866,0.005454208465380361,0.09367753274273127,0.1585822869092226
82944,82944,0.10594992991536856,0.0030320123260025866,1.6036175973713398,0.7185441590845585,0.048929719952866435,0.0049010113725671545,0.2944328156299889,0.3744447799399495
83968,83968,0.057945950742578134,0.007825435910490341,1.5614591874182224,0.7576790526509285,0.012745580621412955,0.0077969870253582485,0.19645158504135907,0.4460342046804726
84992,84992,0.07785036382847466,0.0031843681426835246,1.5593237094581127,0.7870575841516256,0.03133639766019769,0.004314613241149345,0.24447563337162137,0.2011210664641112
86016,86016,0.04974764799408149,0.03318692299944814,1.480995811522007,0.8373199980705976,0.048129247181350365,0.008086290588835254,1.2468161722645164,1.2439211905002594
87040,87040,0.1166841903468594,0.006346691894577816,1.3350384533405304,0.785902839154005,0.01936437509721145,0.0012956301366102707,0.6888571023009717,0.2522157516796142
88064,88064,0.11871011366019957,0.001344642212643521,1.2680151723325253,0.8025264516472816,0.0025516877067275345,0.0016558707493459224,0.2993993158452213,0.1763106808066368
89088,89088,0.06983363162726164,0.0027397642843425274,1.2204885073006153,0.8262339644134045,0.0028494441939983517,0.0028107590151194017,0.5261529814451933,0.07340252783615142
90112,90112,0.08384521346306428,0.020766059853485785,1.2455135844647884,0.8284874260425568,0.0299779080087319,0.007424890725815203,2.3776796609163284,1.4723268765956163
91136,91136,0.09212599019519985,0.011308191358693875,1.3583739325404167,0.8718272354453802,0.01574209779209923,0.0013194637731430703,0.8875526245683432,0.15219770307885483
92160,92160,0.08600545744411647,0.003531954214849975,1.3475003130733967,0.748939560726285,-0.003832566784694791,0.0010307799786914984,0.26724460488185287,0.031965567904990166
93184,93184,0.07761410891544074,0.0021155326830921695,1.2751675844192505,0.8110739961266518,-0.00956669167499058,0.0010701212272579141,0.7406099271029234,0.13631531526334584
94208,94208,0.1095815091393888,0.0017038013284036424,1.2107572741806507,0.7832145094871521,-0.012068864714819938,0.000520066832905286,0.9478163067251444,0.1599215716123581
95232,95232,0.09519090957473963,0.019205138334655203,1.2260405011475086,0.7633674293756485,-0.007877639887738042,0.004617594080627896,1.3818420637398958,0.6511466838419437
96256,96256,0.0938926161325071,0.0073871634813258424,1.3441955856978893,0.7557739298790693,0.0010877842432819307,0.0036765432141692145,0.7009783498942852,0.13451874745078385
97280,97280,0.08533661521505564,0.002998730411491124,1.4051772765815258,0.6302704811096191,-0.004406726628076285,0.004708403808763251,1.0640778969973326,0.21031429152935743
98304,98304,0.07096607109997422,0.004452881301403977,1.4807269163429737,0.659653790295124,0.0012012349325232208,0.0019595401640799537,0.11447854875586927,0.011651887441985309
99328,99328,0.04082356655271724,0.00943360295786988,1.447931945323944,0.5978495851159096,0.04400040884502232,0.011937304894672707,0.6030807988718152,0.5508978338912129
100352,100352,0.053784803400048986,0.024872555732144974,1.2695628628134727,0.5670149922370911,0.042458146024728194,0.009816357058298308,1.4379913415759802,0.4789988975971937
101376,101376,0.09878249000757933,0.008528514328645542,1.363454133272171,0.786161731928587,0.009243018488632515,0.0035679585416801274,1.477057009935379,0.3552030485589057
102400,102400,0.10966101556550711,0.0013622476471937262,1.2509725093841553,0.7445967234671116,-0.005650795035762712,0.000693159108323016,1.0550045240670443,0.16107824444770813
103424,103424,0.10155806178227067,0.0033948363525269087,1.1339737698435783,0.8483135998249054,-0.052502422826364636,0.0005228728404063077,0.9453984275460243,0.15533638605847955
104448,104448,0.0879188502440229,0.005656995363096939,1.1574794724583626,0.9183690417557955,0.012384319968987256,0.001444984220142942,0.14240494929254055,0.11623606190551072
105472,105472,0.11980050476267934,0.03253217626479454,1.2603806890547276,0.8733333460986614,0.05982335461885668,0.005680143507561297,0.08397315233014524,0.310579682700336
106496,106496,0.06940961809596047,0.013348680706258165,1.3447303473949432,0.90320048853755,0.009146752330707386,0.00615304446182563,0.11143697309307754,0.020600450108759105
107520,107520,0.08485618385020643,0.005875679577002302,1.0956664457917213,0.5526957642287016,-0.0006320647080428898,0.002353527086597751,0.13954459107480943,0.014823407866060734
108544,108544,0.07848057771843742,0.0022437298011936946,1.2324818260967731,0.6281150486320257,-0.018189149908721447,0.0012086031792932772,1.586342006456107,0.33241969090886414
109568,109568,0.03924254223238677,0.00843363071908243,1.459273662418127,0.6601147036999464,-0.008187215455109254,0.0020731013628392247,1.3599332366138697,0.2560115559026599
110592,110592,0.052422847045818344,0.01506166257604491,1.3727635592222214,0.7209254633635283,-0.054599767667241395,0.013753204388194717,1.5056585613638163,0.6357514970004559
111616,111616,0.11802568193525076,0.0015331186477851588,1.3683388121426105,0.7540134154260159,0.04288493900094181,0.00940249166887952,2.9465615898370743,1.353628487791866
112640,112640,0.06684631909593008,0.004627658177923877,1.2490134499967098,0.656391691416502,0.0021647312387358397,0.007755166960123461,0.15047579910606146,0.01641723554348573
113664,113664,0.05116006903699599,0.004114863939321367,1.2967743761837482,0.7479975130409002,-0.031188493798254058,0.007116397635400062,0.9521613689139485,0.22643592522945255
114688,114688,0.01281649392331019,0.003522934785905818,1.4221951104700565,0.591644961386919,-0.0315879829286132,0.004352332157168348,3.050800859928131,1.294378012418747
115712,115712,0.061309718803386204,0.03016494124312885,1.335454098880291,0.7550449576228857,0.001534312847070396,0.006981426879065111,1.128429140895605,0.9729327708482742
116736,116736,0.07138472254155204,0.015129480336327106,1.2835024185478687,0.7799973003566265,0.11745208199135959,0.004821409500436857,2.4294592924416065,1.144946649670601
117760,117760,0.10059725708561018,0.005986072625091765,1.2521520666778088,0.7979390509426594,0.02916538470890373,0.0036339802099973895,1.620395589619875,0.5220067640766501
118784,118784,0.11590363341383636,0.0019095598363492172,1.236942671239376,0.7910992130637169,0.022219806094653904,5.067909904710177e-05,0.8783607655204833,0.16711964592104778
119808,119808,0.10636153316590935,0.0032752345523476833,1.219526793807745,0.7004700694233179,-0.0006320830143522471,2.9666010220807948e-05,0.4191080164164305,0.052739869337528944
120832,120832,0.05293428126606159,0.03699637847603299,1.3485401086509228,0.8048186115920544,0.0009207658586092293,0.0026266858376402524,1.2206247933208942,0.21056490670889616
121856,121856,0.10110332153271884,0.0056790366797940806,1.2737215720117092,0.7879178412258625,0.005739482221542858,0.002726482403886621,0.5017009498551488,0.41421297658234835
122880,122880,0.12618360598571599,0.00447481084120227,1.3426388539373875,0.7706037778407335,0.004009179960121401,0.002788013374811271,0.44817272014915943,0.3378828354179859
123904,123904,0.051957311894511804,0.012275898538064212,1.4248108714818954,0.7550214231014252,0.04511063592508435,0.011304568368359469,0.45087417773902416,0.4127465132623911
124928,124928,0.07151638512732461,0.009935812689946033,1.3541412614285946,0.759918013587594,0.02358765190001577,0.005848556313139852,1.219861663877964,0.5776295335963368
125952,125952,0.07910007692407817,0.018913387815700844,1.426966156810522,0.8336814902722836,0.0652388918097131,0.01360276818741113,1.3864368721842766,0.7109575513750315
126976,126976,0.09565263136755675,0.0013544439007091569,1.477363146841526,0.6302130948752165,-0.030947870545787737,0.0006100826376496116,1.317952673882246,0.2129411557689309
128000,128000,0.08298701216699556,0.0005645541527883324,1.6230481937527657,0.6555644161999226,0.004692894493928179,0.00025126197942881845,0.479210143443197,0.06335971300723031
129024,129024,0.08966901572421193,0.0004243554772074276,1.7837511450052261,0.7294295262545347,0.00020524775027297437,0.00021090686743718834,0.3985853558406234,0.04950797843048349
130048,130048,0.05001753312535584,0.015091979264980182,1.6540289148688316,0.7578329145908356,0.007074451656080782,0.002987281473906478,0.6420770175755024,0.08684412529692054
131072,131072,0.0997683487366885,0.011325514904456213,1.4716301076114178,0.8805364202708006,-0.037135480728466064,0.007841432860004716,0.8469342114403844,0.15137822402175516
132096,132096,0.10345306398812681,0.0036623043779400177,1.4948186352849007,0.8196956608444452,-0.019116991737973876,0.004354577304184204,0.8582289405167103,0.6345323901623487
133120,133120,0.09626722638495266,0.003037933234736556,1.2443963885307312,0.8899914529174566,0.057411455461988226,0.0038823497743578628,1.4912726888433099,1.0696323653683066
134144,134144,0.06658148497808725,0.006339136976748705,1.459424465894699,0.6865011155605316,0.03528980031842366,0.00907776907843072,0.8685488067567348,0.659366681240499
135168,135168,0.07259282923769206,0.02366942858498078,1.381743874400854,0.6744496338069439,0.006022922083502635,0.00541785857785726,1.6785010639578104,0.4868018780834973
136192,136192,0.05725123768206686,0.011319066135911271,1.365553505718708,0.5665503852069378,0.006420638237614185,0.002037566991930362,0.08666107547469437,0.01872930844547227
137216,137216,0.06922097032656893,0.0018796918720909161,1.4232527874410152,0.5489799594506621,-9.78881143964827e-06,0.0010149589870707132,0.07711814600042999,0.007463728601578623
138240,138240,0.06987557525280863,0.002228022971394239,1.4078582860529423,0.7351880017668009,0.011304040934192017,0.003954025916755199,0.1355367221403867,0.2853294478263706
139264,139264,0.041216213794541545,0.00856410531559959,1.4610561914741993,0.6148942522704601,0.08173190456000157,0.007010108245594893,0.3224493693560362,0.4544989839196205
140288,140288,0.0759145844494924,0.017805841867811978,1.2802737429738045,0.6610159203410149,0.06896331402822398,0.016357094602426514,0.3270527934655547,0.41000848170369864
141312,141312,0.08086351183010265,0.014774382507312112,1.3565535508096218,0.8605311661958694,0.0006363313586916775,0.007745821756543592,0.5736433137208223,0.3075359002687037
142336,142336,0.08408563944976777,0.004726280189061072,1.3682200759649277,0.6824265327304602,0.020767069392604753,0.005371513208956458,1.2969757318496704,0.5005480004474521
143360,143360,0.1046497814822942,0.001928794623381691,1.1844308823347092,0.846657844260335,0.048391090211225674,0.002911832376412349,0.9940770976245403,0.23604793939739466
144384,144384,0.1011959376046434,0.0027378974700695835,1.1230475902557373,0.7635363694280386,-0.019199234142433852,0.00019358277995706885,1.0709137711673975,0.16646892204880714
145408,145408,0.10639225540217012,0.015888867295871023,1.1163058392703533,0.7700624819844961,0.0347192824119702,0.004717456497019157,1.7367035634815693,1.098385002464056
146432,146432,0.09043412643950433,0.002803766074066516,1.243117418140173,0.935331566259265,-0.005576924333581701,0.003302103610621998,0.40541303530335426,0.1852954332716763
147456,147456,0.04337354231392965,0.005717138716136105,1.3927075080573559,0.715382007881999,0.030800127744441852,0.004533137631369755,1.835401512682438,0.7652122024446726
148480,148480,0.05699324409943074,0.0069034530242788605,1.396254699677229,0.7013964559882879,0.001178209437057376,0.0054303097786032595,1.9891148004680872,0.859576279297471
149504,149504,0.04910297840251587,0.01002999025513418,1.4393478035926819,0.6988544370979071,-0.0007886061212047935,0.0030936472030589357,0.21623287023976445,0.03338587447069585
150528,150528,0.058375938824610785,0.015671091932745185,1.1857392080128193,0.8257442880421877,0.027646003960398957,0.008356159458344337,0.39839113876223564,0.17977595794945955
151552,151552,0.05017428146675229,0.0037003809011366684,1.2777156792581081,0.8773778546601534,-0.006848919059848413,0.002333301457838388,0.9386688210070133,0.2992812185548246
152576,152576,0.05300592878484167,0.003128842272417387,1.1794328913092613,0.6262121591717005,0.010963912529405206,0.00274763833022007,1.4733543768525124,0.25486895348876715
153600,153600,0.06987099861726165,0.0022236108452489134,1.2931872978806496,0.587677288800478,0.005805143591715023,0.0007980632514659192,1.3189802467823029,0.2027100706472993
154624,154624,0.07563196297269315,0.004599364398018224,1.3269274830818176,0.5719350390136242,0.006524462049128488,0.0005543202254330026,1.2966575622558594,0.19649213086813688
155648,155648,0.045584706793306395,0.02047109966952121,1.5295924432575703,0.7662179842591286,0.0071474240539828315,0.004640934472263325,1.0705659873783588,0.3238628292456269
156672,156672,0.07039856462506577,0.020771226263605058,1.187350820749998,0.8513185512274504,0.028167455253424123,0.009796215643291362,0.5427214726805687,0.6635313369333744
157696,157696,0.09174562967382371,0.0024901928300096188,1.0256234649568796,0.7714578527957201,0.01301481676637195,0.0017909570497067762,1.8494484424591064,1.104580570012331
158720,158720,0.10043492144905031,0.0032173704930755775,1.0239889919757843,0.7606155145913363,0.014190798319759779,0.0009204701309499796,1.2551673371344805,0.8562464602291584
159744,159744,0.06127372931223363,0.005979860310617369,1.0738074406981468,0.7234712205827236,0.04142751629115082,0.0037440379019244574,0.5233820602297783,0.9029011316597462
160768,160768,0.10586532845627517,0.028965514895389788,1.262196857482195,0.7378752622753382,0.004345290784840472,0.005355496810807381,1.0664119981229305,0.29197824094444513
161792,161792,0.043735725252190605,0.012577621237142012,1.456882055848837,0.5245699789375067,0.0004977918288204819,0.0003165865548453439,0.22206000797450542,0.024026196857448667
162816,162816,0.09200739418156445,0.0015396109374705702,1.4457911923527718,0.5880977623164654,-9.829309419728816e-05,0.0002085920842773703,0.6120913019403815,0.08211997407488525
163840,163840,0.06636197378975339,0.0026064051908178953,1.499850608408451,0.49405239149928093,-0.00023363131913356483,0.00015017976681974687,1.232263956218958,0.18469825806096196
164864,164864,0.07663212076295167,0.002249313307856937,1.5586259365081787,0.5952638611197472,-0.001147428498370573,0.00011572768670475853,1.2885059714317322,0.1949204527772963
165888,165888,0.04956711575505324,0.02016281202668324,1.476787280291319,0.574531476944685,0.01719009585212916,0.016267769067781046,1.3360615856945515,0.35544644203037024
166912,166912,0.08179360057692975,0.002508673343982082,1.475962720811367,0.49306654185056686,-0.006042985740350559,0.005942066231909848,1.4304541200399399,0.2257040198892355
167936,167936,0.06633939844323322,0.0011333068305248162,1.5525108575820923,0.5210441472008824,-0.006292943347943947,0.004450150272532483,1.460307277739048,0.2352931033819914
168960,168960,0.037148119328776374,0.0036148113395029213,1.5889951400458813,0.49446744564920664,0.022846117382869124,0.008815256500383839,1.3357121273875237,0.3972447030246258
169984,169984,0.02847003769420553,0.0025151292720693164,1.563977386802435,0.6329934783279896,0.08689267642330378,0.005820378290081862,2.0292802900075912,0.6080370005220175
171008,171008,0.0545788757444825,0.016949341239524074,1.1837419271469116,0.7882799152284861,0.09256326945615001,0.009145551317487843,2.1493103113025427,0.9942653924226761
172032,172032,0.07029257883550599,0.005128511867951602,1.101736906915903,0.7467458564788103,0.010394376527983695,0.0011423551786720054,0.8293749373406172,0.2049032592913136
173056,173056,0.029305270058102906,0.0040659939168108394,1.0410567186772823,0.6199113186448812,0.006282922433456406,0.001097727392334491,0.11462205718271434,0.021454979781992733
174080,174080,0.06625214542145841,0.002355360922820182,1.0030556451529264,0.6415372118353844,3.679082146845758e-05,6.552333582021674e-05,0.0856450842693448,0.008412481984123588
175104,175104,0.06756111024878919,0.023691361158853397,1.0229350179433823,0.6964491885155439,-0.0008412777388002723,0.0005535819732358505,0.12285454641096294,0.012660104082897305
176128,176128,0.09432407811982557,0.011311696900520474,1.089290626347065,0.7926879618316889,0.021045281406259164,0.0011639058402579394,0.4891683040186763,0.38001301558688283
177152,177152,0.08485535520594567,0.004275594845239539,1.051031704992056,0.8440496008843184,-0.014522135839797556,0.0012439404372344143,0.5318410340696573,0.1787813282571733
178176,178176,0.07792105205589905,0.0037216410928522237,1.131003063172102,0.8010100591927767,0.046095952013274655,0.00360971104237251,1.2625144077464938,0.42231471207924187
179200,179200,0.06389591295737773,0.0037422003333631437,1.0240675508975983,0.7873625233769417,0.03057124072802253,0.0008005024833437346,1.5579123636707664,0.4659860786050558
180224,180224,0.06054258847143501,0.022312076180242002,1.2583671920001507,0.6513782143592834,0.06504449859494343,0.008736480536754243,2.0810442958027124,1.1150274220854044
181248,181248,0.07525840267771855,0.0065025934964069165,1.1401876881718636,0.8325921390205622,0.03615779912797734,0.00471534727330436,1.2880017217248678,0.4864876717329025
182272,182272,0.07436112689902075,0.0013331593454495305,1.1089147925376892,0.672149894759059,-0.0003136383311357349,0.0013267875847304822,1.2980718053877354,0.19906549155712128
183296,183296,0.09258772130124271,0.002810273945215158,1.0297117847949266,0.8404390010982752,0.026736212661489844,0.0040116376421792665,1.6345913149416447,0.34901035111397505
184320,184320,0.04869764018803835,0.003966424013924552,1.2261109091341496,0.46092478558421135,0.01123909157468006,0.001980114189791493,0.9678764212876558,0.14978880318813026
185344,185344,0.05980733345495537,0.027409771864768118,1.291734989732504,0.6156363990157843,-0.044340122054563835,0.004484329700062517,0.9123796001076698,0.24260820355266333
186368,186368,0.10012815380468965,0.017350087931845337,1.1913466975092888,0.8936283942312002,0.0052418582199607044,0.0037308853861759417,0.604118637740612,0.4816029304638505
187392,187392,0.09857296454720199,0.007799778629305365,1.0724676102399826,0.8579390496015549,-0.00014337975881062448,0.0010697149110683313,0.11515040998347104,0.011833853146526963
188416,188416,0.11813763633836061,0.002516207969165407,1.1073986813426018,0.8205176461488008,-6.6184758907184e-05,0.0007825594975656713,0.24458514712750912,0.028289719542954117
189440,189440,0.10407873900840059,0.0028625628547160886,1.0626548826694489,0.8590361215174198,0.003946388460462913,0.0005807902101082618,0.9588486347347498,0.14531615329906344
190464,190464,0.13761257519945502,0.022974839055677876,1.151270505040884,0.7756691630929708,0.010409689377411269,0.00283345989373629,0.34566244459711015,0.23934171022847295
191488,191488,0.07898945768829435,0.005040477677539457,1.428336676210165,0.5205283043906093,-5.094250082038343e-05,0.0015169355282296237,0.03106605156790465,0.0027543462347239256
192512,192512,0.058754288766067475,0.0014890228758304147,1.461311623454094,0.5538006750866771,9.441858856007457e-05,0.0015732416795799509,0.028424869989976287,0.0024876543320715427
193536,193536,0.07108558519394137,0.0015743195363029372,1.5256167277693748,0.4668635753914714,-0.0001311849628109485,0.0009213882566427856,0.03194335108855739,0.002831098565366119
194560,194560,0.07012467781896703,0.001510569382844551,1.637396164238453,0.5663351863622665,5.892798071727157e-06,0.00067192533930438,0.034366161562502384,0.0030588515801355243
195584,195584,0.09628852643072605,0.01688195180031471,1.2163020372390747,0.7596323266625404,-0.003124347684206441,0.0004586137947626412,0.09650646452791989,0.02843492856482044
196608,196608,0.034952816808072384,0.01917589857475832,1.1983748972415924,0.6346243247389793,-0.012249049032106996,0.0006427303787859273,1.0582180144265294,0.2442176714539528
197632,197632,0.06111188358045183,0.00525894441670971,1.4503137357532978,0.47244502417743206,-0.036885257868561894,0.00019474162047572463,3.1729598343372345,0.9249050561338663
198656,198656,0.07190721167717129,0.0010727517310442636,1.5381992161273956,0.4397909389808774,0.012985842360649258,9.198061545845349e-05,1.4326575845479965,0.30104526598006487
199680,199680,0.06281038201996125,0.003736730050150072,1.536675438284874,0.4736286336556077,0.0132049634703435,6.427482305326748e-05,1.141179544851184,0.1705582314170897
200704,200704,0.043463508161948994,0.021392736423877068,1.2825149446725845,0.7208247892558575,-0.013449911319185048,0.0010678478356567211,0.6658063661307096,0.3071766553912312
201728,201728,0.06165571030578576,0.026556666591204703,1.1955983936786652,0.7380648609250784,0.06105530104832724,0.01470015084487386,0.3558101353701204,1.006084056571126
202752,202752,0.03944261948345229,0.006520622155221645,1.067804042249918,0.7522056717425585,0.014578998379874974,0.005941565221291967,2.5356044434010983,1.218645860441029
203776,203776,0.06842965638497844,0.002965937186672818,1.0524890832602978,0.6741934809833765,0.04517367505468428,0.0005579244507316616,1.5060250791721046,0.5405138107016683
204800,204800,0.08382856083335355,0.007608228603203315,1.0479471497237682,0.6709609255194664,0.06410974729806185,0.0062325994949787855,0.4268263578414917,0.40358774550259113
205824,205824,0.08517451165243983,0.025933073251508176,1.2361582815647125,0.6304965652525425,0.08612225571414456,0.008029929857002571,1.7522374708205462,0.7605292359367013
206848,206848,0.08084717695601285,0.00472675097262254,1.3109628185629845,0.511344326660037,-0.009684521908638999,0.0006809369879192673,2.8798374980688095,0.6702098557725549
207872,207872,0.07444629055680707,0.0022660976010229206,1.3633566126227379,0.5288627576082945,0.011788726667873561,0.00011792427341106304,1.2347555933520198,0.23749476135708392
208896,208896,0.0699364097090438,0.007295853778487071,1.3459238484501839,0.6076228599995375,0.008189475105609745,0.00270272735360777,0.992629811167717,0.36430619191378355
209920,209920,0.06899683951633051,0.0018747246267594164,1.0358380153775215,0.6429588198661804,0.0031300063128583133,6.619434793719847e-05,0.19839761452749372,0.021686447376850992
210944,210944,0.042729602530016564,0.012089753829059191,1.1352892443537712,0.727943217381835,0.055217416360392235,0.007593804330099374,0.5958306603133678,0.7094345334917307
211968,211968,0.0821104152710177,0.001703055260804831,1.0306050591170788,0.6690933164209127,-0.0005836832860950381,0.00012531281231531466,1.1048168446868658,0.16265139915049076
212992,212992,0.04469836851058062,0.003508687932480825,1.1303748115897179,0.5010801982134581,0.01688020104484167,0.0021026270451329765,2.4920136518776417,0.7442679312080145
214016,214016,0.043555560943786986,0.0067142128755222075,1.080035600811243,0.6237679552286863,0.07248195330612361,0.004125126873987028,2.0402928180992603,0.6548399366438389
215040,215040,0.05012807363527827,0.02169482214958407,1.1551933512091637,0.6783604398369789,0.09837809795862995,0.00221040754513524,2.097654741257429,1.270471127703786
216064,216064,0.08451086026616395,0.009650479005358648,1.36099598929286,0.8926808144897223,0.05408879468450323,0.00895222600956913,0.7190949879586697,0.6138418596237898
217088,217088,0.05585901776794344,0.007841128724976443,1.2072653025388718,0.7151527907699347,0.013549784169299528,0.009079917646886315,0.6623266320675611,0.5840241499245167
218112,218112,0.09760196320712566,0.0029718598889303394,0.9787711035460234,0.6546692885458469,-0.009774814854608849,8.599723082625133e-05,0.8917152462527156,0.1586095099337399
219136,219136,0.09530342154903337,0.0018873088083637413,0.9818375688046217,0.8011610582470894,-0.009272998926462606,2.6186521836280008e-05,0.8025708477944136,0.11950217070989311
220160,220160,0.08217094041174278,0.018617706300574355,0.9593155682086945,0.9436815828084946,0.011617309879511595,0.0017281189957429888,0.34058494539931417,0.06231452664360404
221184,221184,0.05944054356950801,0.010958773716993164,1.5133531875908375,0.5526303946971893,0.03880489937728271,0.0038248964592639823,1.4402524009346962,0.4713592240586877
222208,222208,0.05330095379031263,0.007198854014859535,1.1624596789479256,0.6644275803118944,-0.013306374821695499,0.005380988266551867,0.8950493074953556,0.19638523366302252
223232,223232,0.034490588266635314,0.0013904504921811167,1.2789457738399506,0.4258790062740445,0.0092327487654984,0.0015936856161715696,1.0437046745792031,0.16715360968373716
224256,224256,0.09996505279559642,0.014386667549842969,1.355629738420248,0.754362728446722,0.021123161393916234,0.011328043474350125,0.5856577819213271,0.6140125039964914
225280,225280,0.06312364622135647,0.047446610464248806,1.2699319757521152,0.5381721686571836,-0.043924533762037754,0.002188161781305098,1.5870525324717164,0.36400698870420456
226304,226304,0.082872393890284,0.014731171628227457,1.3905135802924633,0.6954943221062422,0.03503862474462949,0.007365956524154171,0.197066068649292,0.26561782183125615
227328,227328,0.08382261195220053,0.01640832211705856,1.1107404120266438,0.9993664417415857,0.15437613928224891,0.002224326335635851,0.026527767826337367,0.6565819652751088
228352,228352,0.07674406509613618,0.031722284329589456,1.1821373999118805,0.7596954256296158,0.04447474348125979,0.004626252328307601,0.06053977180272341,1.115498311817646
229376,229376,0.06452382972929627,0.01151714357547462,1.4181379973888397,0.6946964394301176,0.0685473513440229,0.011275894517893903,0.07265955081675202,1.7842186838388443
230400,230400,0.09894912195159122,0.026548542358796112,1.2761544696986675,0.7094109896570444,0.07425962571869604,0.008032969475607388,0.16943588061258197,0.6940629724413157
231424,231424,0.0742553208838217,0.011784212878410472,1.0699369236826897,0.8573784660547972,0.0007123273680917919,0.0013458791281664162,0.06269084429368377,0.015641435224097222
232448,232448,0.1181683074682951,0.004080510410858551,0.9905864987522364,0.7267857324331999,-0.0010017369058914483,0.00043402596588748565,0.09165555844083428,0.009184523660223931
233472,233472,0.09686833107843995,0.0008828374648146564,0.9420629739761353,0.7334749605506659,-0.0017300181207247078,0.000289647804663673,0.3176733562722802,0.03789675765438005
234496,234496,0.044213183340616524,0.004812619597942103,0.9722731616348028,0.7055678218603134,-0.005676310684066266,0.0009829700275076902,0.8332997765392065,0.1195370078785345
235520,235520,0.0806848180363886,0.014778195982216857,1.0797817073762417,0.7379332296550274,0.045042107230983675,0.005075369903352112,1.1045294627547264,0.5354820992797613
236544,236544,0.06943945022067055,0.006726002058712766,1.0293156448751688,0.9439099449664354,0.07937803189270198,0.0103320198104484,1.0711760688573122,0.6855986155569553
237568,237568,0.05704890697961673,0.0063436092241317965,1.0935997255146503,0.7112817615270615,-0.011087857536040246,0.0008523001815774478,0.7461287658661604,0.10867620399221778
238592,238592,0.06362953304778785,0.008737666823435575,0.9665542542934418,0.7971433568745852,0.028966124693397433,0.006023818452376872,0.516112650744617,0.42989964224398136
239616,239616,0.04404636785329785,0.006215050489117857,1.3238284662365913,0.5883586518466473,0.0030705254757776856,0.0008702099803485908,1.0691697280853987,0.1633486223872751
240640,240640,0.07906624517636374,0.026042118392069824,1.1805973574519157,0.9521319922059774,-0.020205642096698284,0.005350726169126574,0.9263539090752602,0.42191491974517703
241664,241664,0.06867974332999438,0.017903307190863416,1.0028842594474554,0.6411788109689951,0.06269601453095675,0.008119186764815822,0.19286823133006692,0.5921722333878279
242688,242688,0.08863487537018955,0.006510792067274451,0.9818640202283859,0.7490839343518019,0.06636705959681422,0.0073800460013444535,0.3140430338680744,0.701064514927566
243712,243712,0.05441945878555998,0.005327417944499757,1.0610384531319141,0.6500264555215836,0.013588051268015988,0.0013038104470979306,0.44470700109377503,0.06926106271566823
244736,244736,0.05536908737849444,0.009258752441382967,1.025743205100298,0.7458183411508799,0.0035936760250478983,0.005030952757806517,0.5458248425275087,0.4834303045645356
245760,245760,0.10176396142924204,0.03672054340131581,1.1735863573849201,0.7412912230938673,0.06373893324052915,0.012699938051810022,0.5358183891512454,0.8329455181956291
246784,246784,0.07045313209528103,0.009279190315282904,1.1405173614621162,0.968080684542656,0.05367516330443323,0.01407361903693527,0.1553325285203755,0.586278922855854
247808,247808,0.046935605350881815,0.008836653825710528,1.3570541255176067,0.6269965022802353,-0.018186744477134198,0.003709735447046114,0.7395504205487669,0.12735271675046533
248832,248832,0.07726968976203352,0.0006712945801155001,1.5180808529257774,0.5430921390652657,0.009583395178196952,0.0022727678488081438,0.384705358883366,0.05521348846377805
249856,249856,0.10423329740297049,0.004846840907703154,1.1442642398178577,0.7787028718739748,0.056565659877378494,0.004888090974418446,0.0471828687004745,0.33853480173274875
250880,250880,0.07984582762583159,0.022507063986267895,1.25428806245327,0.8998057134449482,0.053349366469774395,0.011226292772335,0.13197080907411873,0.2693779021501541
251904,251904,0.06050621820031665,0.005362060932384338,1.3719510398805141,0.6071266308426857,0.031283027870813385,0.008926270384108648,0.25101047195494175,0.3721121954731643
252928,252928,0.0931128008523956,0.004773139262397308,1.3165432699024677,0.6673499625176191,0.058594559581251815,0.0066753865030477755,0.9131470378488302,0.6852738773450255
253952,253952,0.04004300251835957,0.0057509500766173005,1.2925991714000702,0.6714419964700937,-0.026303768099751323,0.01179113649413921,1.5424683187156916,0.4808486714027822
254976,254976,0.06050780041550752,0.005039691925048828,1.3420689031481743,0.8514552246779203,0.052705307491123676,0.003446260750934016,1.4225156027823687,0.6105082696303725
256000,256000,0.05113408692704979,0.026820670274901204,1.268885675817728,0.7064054049551487,0.05289891129359603,0.011809364499640651,2.1096143955364823,0.9668061984702945
257024,257024,0.057515053485985845,0.004721702229289804,1.2491131760179996,0.5140202203765512,0.010482784011401236,0.008463156113066361,2.689841441810131,0.7665016874670982
258048,258048,0.06842427866649814,0.0008146038253471488,1.1690308786928654,0.5158086996525526,-0.011201233312021941,0.005015893386371317,1.556478574872017,0.25457008043304086
259072,259072,0.05992659693583846,0.0017943067387022893,1.221859011799097,0.44655262026935816,0.00798490981105715,0.003854876891182357,0.8165324479341507,0.11227388447150588
260096,260096,0.055151746433693916,0.021719975949963555,1.1592667177319527,0.6448030602186918,0.03939107069163583,0.006754146139428485,2.3199968077242374,1.2477791686542332
261120,261120,0.09353196306619793,0.017437219386920333,0.9689215682446957,0.9064797293394804,0.025002705573569983,0.004699469354818575,0.3758214171975851,0.6727518690750003
262144,262144,0.09721894632093608,0.008585170900914818,1.0033964235335588,0.804488493129611,0.018402498360956088,0.005166603979887441,1.3758898759260774,0.4227063984144479
263168,263168,0.0761973517946899,0.004524906828009989,0.9261676762253046,0.6573066841810942,0.02590882428921759,0.00020622523516067304,0.7986858068034053,0.17632841860176995
264192,264192,0.07513084297534078,0.006850684840173926,0.8738367818295956,0.6139794364571571,-0.0011021283571608365,0.00012252018422032052,0.22195271961390972,0.02426835597725585
265216,265216,0.058215201876009814,0.020303381264966447,0.895167289301753,0.6006253641098738,0.001662788214161992,0.0034588088710734155,1.3693325016647577,0.3164363361429423
266240,266240,0.06356073130154982,0.012634047685423866,0.8818583879619837,0.6892361920326948,0.008484079706249759,0.0013531838785638683,1.028947121463716,0.1868838754016906
267264,267264,0.054007885191822425,0.0046840157301630825,0.8078113291412592,0.6982217393815517,-0.0018849442712962627,0.0012483131595217856,0.7698457352817059,0.2030687634833157
268288,268288,0.08766850284882821,0.0034274038989678957,0.8128280844539404,0.6992790903896093,-0.0013813890400342643,6.169494906771433e-05,1.1989255510270596,0.17890394665300846
269312,269312,0.08820241212379187,0.00419008489461703,0.8672199286520481,0.6727389395236969,0.0015541499597020447,3.729758321924237e-05,1.0990126207470894,0.16019682446494699
270336,270336,0.07078143069520593,0.02475833876815159,0.842965254560113,0.5927425473928452,-0.03321178402984515,0.0009700411037556478,0.9381891395896673,0.14358198991976678
271360,271360,0.06471947209502105,0.004378330777399242,0.8547305837273598,0.6228279285132885,0.0018696778861340135,0.0006484418657919377,1.0980573613196611,0.1623030211776495
272384,272384,0.037212029623333365,0.006078682061342988,0.8849204760044813,0.5115072401240468,0.0027164624334545806,0.0033053367951652035,0.9410133715718985,0.2498400160111487
273408,273408,0.06678733782609925,0.010342801608203445,0.8884739242494106,0.5702562499791384,0.051779455636278726,0.004946048677084036,0.875388141721487,0.40799461025744677
274432,274432,0.0703160546545405,0.007824458072718699,0.8941742703318596,1.0383162330836058,0.04281703653396107,0.006553653351147659,0.32600355613976717,0.3119502845220268
275456,275456,0.08676044916501269,0.025732312191394158,0.9804227538406849,0.7085767481476068,0.07127080031204969,0.013974021232570522,1.166517872363329,0.616630363278091
276480,276480,0.06269536119361874,0.007056073176499922,0.8598757814615965,0.7261753771454096,-0.0023854953178670257,0.006400988102541305,0.533042099326849,0.2793911504559219
277504,277504,0.05007295675750356,0.002707306575757684,0.8412612397223711,0.6390960719436407,0.006245924858376384,0.005329787374648731,1.448960803449154,0.2458098134957254
278528,278528,0.02494213657337241,0.009235432036803104,0.8857066314667463,0.7561192065477371,0.0084308753721416,0.004438108429894783,1.329868458211422,0.22280020266771317
279552,279552,0.03305087477201596,0.006966604305489454,0.927116459235549,0.7646823041141033,0.001493891526479274,0.0040248463810712565,1.2525188140571117,0.22783285239711404
280576,280576,0.10295089706778526,0.04392167640617117,0.9822584465146065,0.7739526852965355,-0.018305146979400888,0.007051135020446964,1.0611963830888271,0.1890641264617443
281600,281600,0.05989223616779782,0.007406067068586708,0.873325863853097,0.5555918384343386,0.012761201185639948,0.0009540467099213856,0.6595141473226249,0.2744017879012972
282624,282624,0.07840562087949365,0.003548819004208781,0.8574656713753939,0.7661678846925497,0.02747426336281933,0.002330080431420356,0.35167433600872755,0.8475617580115795
283648,283648,0.10367546766065061,0.0032418947703263257,0.8191556930541992,0.8661400228738785,0.17046999442391098,0.0006892168185004266,0.49671906884759665,3.2392498925328255
284672,284672,0.11570508312433958,0.0034676029717957135,0.7671991866081953,0.8160092942416668,-0.028302324237301946,0.00032945498838898857,0.8298449404537678,1.4212442506104708
285696,285696,0.1083308917004615,0.037159818573854864,0.7871106863021851,0.7882127612829208,0.05535746845998801,0.0029373723446042277,0.3830819558352232,0.9008729439228773
286720,286720,0.08779583021532744,0.011321235302602872,0.8736550398170948,0.8727598879486322,-0.019243722344981506,0.00031718760942567314,0.05927406158298254,0.6413408666849136
287744,287744,0.09572760039009154,0.002340901715797372,0.8196838889271021,0.7104726210236549,0.18886747886426747,0.00019474000089303445,0.04286210204008967,0.6410423517227173
288768,288768,0.08761372807202861,0.0031651552235416602,0.7787260133773088,0.7516790255904198,0.10040341794956475,8.475237802940683e-05,0.05484322097618133,0.6232297485694289
289792,289792,0.10436497291084379,0.005621372378300293,0.7777218949049711,0.7487114071846008,0.04774130511214025,6.246058535452903e-05,0.07797987561207265,0.5993621917441487
290816,290816,0.09255296486662701,0.03959743556333706,0.8511941414326429,0.799808306619525,-0.006399813617463224,0.008951770578278229,0.23651678254827857,0.3619865635409951
291840,291840,0.07671754562761635,0.004292115387215745,0.9080340303480625,0.7641110960394144,-0.0061164634535089135,0.0060573290356842335,1.3423934020102024,0.237585729919374
292864,292864,0.05009582612547092,0.0015797264095454011,0.967802781611681,0.7882801238447428,0.01139446219895035,0.00984989463177044,1.6635518297553062,0.5493945209309459
293888,293888,0.09300592623185366,0.0018374145874986425,0.8212580494582653,0.6467338036745787,-0.016040700691519305,0.0010098914614218302,1.4021778237074614,0.2582441633567214
294912,294912,0.0696490038826596,0.004265742050847621,0.9213862773030996,0.7358816582709551,0.04305881360778585,0.0046257015856099315,1.2534336857497692,0.468542966991663
295936,295936,0.03365459134511184,0.01631042426743079,0.8595623075962067,0.6372833140194416,0.07608506997348741,0.01982901718292851,0.2104213391430676,0.5114618018269539
296960,296960,0.03684148192405701,0.002211951225035591,0.9721655659377575,0.7542778477072716,0.04911139653995633,0.020049379891133867,0.17685486236587167,0.3698675320483744
297984,297984,0.03533266703016125,0.002474880704539828,0.807775130495429,0.6394511330872774,0.06572458706796169,0.009605115872545866,0.06480806111358106,0.23748563416302204
299008,299008,0.09066670207539573,0.000849566455144668,0.8191174641251564,0.7030081190168858,-0.0070161763578653336,0.005135700960863687,0.4146549429278821,0.0868100345833227
300032,300032,0.02178847650066018,0.018993182689882815,0.9350873101502657,0.6370950601994991,0.004441417200723663,0.009700301925477106,0.25894566299393773,0.12191678863018751
301056,301056,0.058014823094708845,0.012992040319659282,0.8233114909380674,0.6998060774058104,-0.00015322506078518927,0.006105940563429613,0.2026464722584933,0.05152629461372271
302080,302080,0.067034877021797,0.0034329904046899173,0.8021335806697607,0.5090330420061946,8.371299190912396e-05,0.002788663327422114,1.390670470893383,0.21831244882196188
303104,303104,0.04937799653271213,0.0015199489389488008,0.8091781195253134,0.4023902490735054,-7.096250192262232e-05,0.002065249601287178,1.4243951849639416,0.22394087119027972
304128,304128,0.10192216100404039,0.005715474904718576,0.8330074865370989,0.49971152748912573,0.024373311185627244,0.0020726010579892318,1.2117957845330238,0.2979791718535125
305152,305152,0.0498590758361388,0.035379484470468014,0.7889382429420948,0.4981704084202647,0.0981415503192693,0.0042383664040244184,1.3684272728860378,0.7777406051754951
306176,306176,0.045707910670898855,0.006802073847211432,0.7916365899145603,0.5592438839375973,0.0888392744527664,0.0003532261694090266,0.7598675116896629,0.4629455553367734
307200,307200,0.0534966160194017,0.004401848589623114,0.8032710589468479,0.6695315651595592,-0.0008621986344223842,0.000907768716388091,0.851371880620718,0.36225048173218966
308224,308224,0.05764362312038429,0.001229007790243486,0.7645763475447893,0.6118043586611748,0.06740305805578828,3.7433395334574016e-05,1.2574374079704285,0.6407079035416245
309248,309248,0.07954294444061816,0.004860552246100269,0.7156351655721664,0.5077634295448661,-0.03567794848640915,2.0682770809798967e-05,0.5623693345114589,0.34663126710802317
310272,310272,0.05294974989374168,0.025576291314791888,0.7102687899023294,0.5569675667211413,0.06747682628338225,0.004612143158738036,0.3704973738640547,0.379495888017118
311296,311296,0.0644902316853404,0.007038272087811492,1.045429140329361,0.7594810537993908,0.09010262117953971,0.013374894071603194,1.0388100855052471,0.5389794744551182
312320,312320,0.08849300479050726,0.007947677979245782,0.9968860447406769,0.6817693654447794,0.015344380110036582,0.01568668952677399,1.0801829807460308,0.40627224184572697
313344,313344,0.06811389491485897,0.002671317517524585,0.9178659617900848,0.7142170984297991,0.06191543966997415,0.010882655085879378,0.30761927645653486,0.8194424044340849
314368,314368,0.060962171090068296,0.002887070388169377,1.0026139225810766,0.681683074682951,0.016424352739704773,0.0040469964769727085,0.4795130202546716,0.2937887697480619
315392,315392,0.0771208752412349,0.01955235497734975,0.8859221693128347,0.7580484058707952,0.07192772344569676,0.01528065264574252,0.5596972368657589,0.897055534645915
316416,316416,0.09029481239849702,0.0030858740501571447,0.8445613700896502,0.7721257992088795,0.0036834878847002983,0.004833501057873946,1.1882931385189295,0.3177255094051361
317440,317440,0.0818685231206473,0.0019064663738390664,0.812589718028903,0.8067307434976101,-0.022689321514917538,0.0020579222082233173,0.8200269117951393,0.22573414188809693
318464,318464,0.07534829989890568,0.0016624895788481808,0.8015089612454176,0.7219309937208891,-0.007627529907040298,0.0017131418128428777,0.8548242039978504,0.31831811694428325
319488,319488,0.02287179663835559,0.005692187951353844,0.7754554525017738,0.6262325271964073,-0.003347369027324021,0.0018725848317444616,0.5402144696563482,0.516938273794949
320512,320512,0.05914929119171575,0.025825379823800176,1.0472433101385832,0.6382351294159889,-0.006872615835163742,0.007951700186822563,0.9018798191100359,0.5907100336626172
321536,321536,0.08333693025633693,0.003949559308239259,1.0030915942043066,0.8717750366777182,0.09834839240647852,0.008035137914703228,1.405785284936428,0.6930946810171008
322560,322560,0.08362675888929516,0.001555945038489881,0.8107945639640093,0.7565593607723713,0.06630882900208235,0.005098007488413714,1.2834665682166815,0.39534159284085035
323584,323584,0.07436451918329112,0.0049073442387452815,0.8158632479608059,0.7532105892896652,0.03256708162371069,0.005483670611283742,1.4246136769652367,0.4223392531275749
324608,324608,0.07238010430592112,0.0036199459373165155,0.8716909885406494,0.6598603464663029,0.0013012734707444906,0.0005923512003391807,0.695578059181571,0.12429217819590122
325632,325632,0.044576358966878615,0.029161885991925374,1.083028458058834,0.6878142021596432,-0.0306063603493385,0.012795375601854175,1.071073979139328,0.18274243781343102
326656,326656,0.07208792006713338,0.005081608600448817,1.2386085204780102,0.6304779592901468,-0.015027468209154904,0.010437116303364746,1.1946901264600456,0.2606393228052184
327680,327680,0.1007647451478988,0.0067317212669877335,1.0234640166163445,0.7208823580294847,0.08570055314339697,0.017084286591853015,1.6954213939607143,1.0118996668606997
328704,328704,0.022957524983212352,0.004260888497810811,0.8020690698176622,0.4489688631147146,-0.019474862841889262,0.00321587928738154,3.207311451435089,1.2994957994669676
329728,329728,0.03402637396357022,0.005924780094119342,0.8010765481740236,0.33323557022958994,0.09505565499421209,0.0006496764184475978,1.669242774369195,0.6791383748641238
330752,330752,0.025522868090774864,0.022703759459545836,0.9761488251388073,0.6632497701793909,0.06343901064246893,0.012712277602986433,0.1488105410244316,0.675406701862812
331776,331776,0.05024646734818816,0.004653234798752237,0.9064964409917593,0.7917047049850225,0.08430729730753228,0.008688651876582298,0.12339518801309168,0.5085008614696562
332800,332800,0.04044762263947632,0.0036270980490371585,0.8494668547064066,0.48437947779893875,-0.008344122004928067,0.008931134310842026,1.0149960643611848,0.2001005329657346
333824,333824,0.04407122693373822,0.008780189338722266,0.9172318279743195,0.7802889049053192,0.07320818142034113,0.013602086051832885,0.29216128634288907,0.9593901261687279
334848,334848,0.05653340934077278,0.0019553452966647455,0.8552711568772793,0.8050583824515343,-0.008688292669830844,0.0033477315882919356,0.3012546570971608,0.060146543954033405
335872,335872,0.05508721887599677,0.04628033231711015,0.8536908235400915,0.6965747214853764,0.09181984927272424,0.009025399878737517,0.34117420949041843,0.7036623451858759
336896,336896,0.041909682302502915,0.008954082841228228,0.7906785774976015,0.6886752434074879,0.005862006888492033,0.0061724659317405894,0.29130148934200406,0.14584783965256065
337920,337920,0.0737069653114304,0.001191329243738437,0.8346457164734602,0.48524916265159845,-0.0005357185727916658,0.0005883392958594413,0.6459404318593442,0.09527621377492324
338944,338944,0.04598247923422605,0.0023864320828579366,1.1107837930321693,0.5349792204797268,-0.005734449019655585,0.0010953312385026948,0.7764845937490463,0.11348363920114934
339968,339968,0.06470836454536766,0.007550257883849554,0.914854584261775,0.837681520730257,0.05882830325572286,0.00814191268000286,1.2257310058921576,0.711908096447587
340992,340992,0.030754770705243573,0.017691835571895353,1.0576441902667284,0.7988475132733583,0.014243640674976632,0.006685634762106929,1.9563928004354239,0.6031342609785497
342016,342016,0.06502081767393975,0.004511111961619463,0.9524157512933016,0.5542687308043242,0.00138661872188095,0.0020362144605314825,1.2776157688349485,0.22547497670166194
343040,343040,0.018958596629090607,0.0035084825358353555,0.9399965722113848,0.35227843932807446,-0.007327575964154676,0.00033510756429677713,1.1001253016293049,0.16378931980580091
344064,344064,0.028778494597645476,0.004180044469308086,1.0105639826506376,0.4347976166754961,-0.017252423509489745,0.0002586664772934455,1.0712609235197306,0.1610967624001205
345088,345088,0.025147597829345614,0.018751741052255966,0.8090030048042536,0.4793182108551264,0.030720415990799665,0.0064495930055272765,2.0339324735105038,0.6587475892156363
346112,346112,0.0728910620091483,0.0038935860502533615,0.7662175484001637,0.6038913335651159,-0.0008664484048495069,0.0021777647561975755,0.7566178413107991,0.40748178330250084
347136,347136,0.04026249048183672,0.0077976604661671445,0.9905579909682274,0.4288014294579625,-0.0032163018477149308,0.0007544653444711003,4.109793148934841,1.9101586006581783
348160,348160,0.04735275138227735,0.00012759372407344927,1.3083564266562462,0.49546770192682743,0.05146157625131309,8.082383331498022e-05,1.2857805704697967,0.3559714548755437
349184,349184,0.030217157807783224,0.004009336385934148,1.4074826575815678,0.7165948115289211,0.050152974465163425,0.001423411460564239,0.8006149856373668,0.5058613242581487
350208,350208,0.047270019887946546,0.017129544634371996,0.9907744508236647,0.9582457207143307,0.06709061283618212,0.010406183981103823,0.5016068052500486,1.0106770899146795
351232,351232,0.04292714891198557,0.002521653841540683,1.1420421283692122,0.6538665127009153,0.0188155671057757,0.005086108791147126,0.47798264864832163,0.1081213855650276
352256,352256,0.05670052760979161,0.00664893784414744,1.046576552093029,0.5225689737126231,0.07226073904894292,0.0058151365592493676,1.574804523959756,0.8154796687886119
353280,353280,0.07995733863208443,0.009668558661360294,1.0756159238517284,0.9510799273848534,0.018212472612503916,0.015100166579941288,1.7520904205739498,0.906913822516799
354304,354304,0.07373833475867286,0.008518460614141077,1.0776303969323635,0.8597464133054018,0.04758588522236096,0.01616658185957931,1.0941418427973986,0.9682265166193247
355328,355328,0.057396171148866415,0.0307523825467797,0.8568232953548431,0.713715210556984,0.061756637413054705,0.01313296178705059,1.2402677945792675,0.7148188669234514
356352,356352,0.04643199182464741,0.010085838322993368,0.9129459522664547,0.42606354784220457,0.014229274733224884,0.0034846111957449466,0.19243912352249026,0.29988740058615804
357376,357376,0.059876908228034154,0.004114819996175356,1.027333727106452,0.6925291512161493,0.05485027961549349,0.0060283624261501245,1.13355378434062,0.3906469941139221
358400,358400,0.10538419568911195,0.0072080506215570495,0.8588639087975025,1.0383282899856567,0.06441785275819711,0.01028277087607421,1.238033089786768,0.8344812244176865
359424,359424,0.04516905461787246,0.0034681987308431417,1.0724264699965715,0.5692160055041313,-0.014562508265953511,0.0028423431595001603,1.3821685798466206,0.2918821801431477
360448,360448,0.06085586751578376,0.038141539378557354,0.9991708416491747,0.6925849169492722,-0.02641010598745197,0.00668408479396021,1.9682155586779118,0.6942707011476159
361472,361472,0.03302363463444635,0.01089639833662659,0.9121301732957363,0.5610865578055382,0.00882142674527131,0.007327119164983742,2.7142854928970337,0.9750245213508606
362496,362496,0.05029612494399771,0.004779928058269434,0.9180318471044302,0.4076671442016959,0.007072892360156402,0.0008715704914266098,1.3306826734915376,0.30498492263723165
363520,363520,0.02364620426669717,0.012415249308105558,1.0746711269021034,0.38622984383255243,0.007150606936193071,0.002134403432137333,1.3098345138132572,0.21776645770296454
364544,364544,0.04003849159926176,0.00646779959788546,0.9702301062643528,0.5885581523180008,0.01559400041878689,0.005134796672791708,0.4868811359629035,0.3557901200838387
365568,365568,0.08050446122069843,0.02819821090088226,0.8919247668236494,0.7418948505073786,-0.008057564729824662,0.011208009673282504,0.464172993786633,0.7042109565809369
366592,366592,0.05425545392790809,0.01500463331467472,0.8684105779975653,0.6470003146678209,0.041078535839915276,0.007488129565899726,1.3096135463565588,0.42656057607382536
367616,367616,0.03183987003285438,0.004758678616781253,1.0951988846063614,0.6679758820682764,0.0249897959001828,0.00691736404405674,0.9713844396173954,0.329880662728101
368640,368640,0.04655556284706108,0.002148604875401361,1.187074389308691,0.5376751367002726,-0.004867301933700219,0.007408531579130795,1.347625583410263,0.26928094029426575
369664,369664,0.026365051715401933,0.0011146326123707695,1.1197824589908123,0.7277166582643986,-0.028898194868816063,0.002621621868456714,1.7565119713544846,0.3380838471930474
370688,370688,0.03969024040270597,0.01969190283853095,1.0783418156206608,0.8919711709022522,-0.01512258657021448,0.0021499383401533123,1.0479876082390547,0.3445415538735688
371712,371712,0.044924225949216634,0.002935404485469917,0.738792784512043,0.48030601907521486,0.01423799476469867,0.0005002157809030905,2.8981015011668205,0.9664268232882023
372736,372736,0.053912853269139305,0.000598643186094705,0.6872868947684765,0.3064005272462964,0.011484708287753165,0.00015359626586075592,1.7252665720880032,0.34853999968618155
373760,373760,0.015257870341883972,0.002650908954819897,1.1267829481512308,0.6603866023942828,-0.003789323556702584,0.0003001983739068237,0.6297275852411985,0.08308849460445344
374784,374784,0.03979072265792638,0.0004660811864596326,1.021343532949686,0.5610150676220655,-0.0002883706474676728,7.20406506928839e-05,0.6658562980592251,0.09130787954200059
375808,375808,0.07656846169265918,0.027887547010323033,0.9897245820611715,0.9283882584422827,0.0713199575257022,0.012619350687600672,1.1030803248286247,0.8425016645342112
376832,376832,0.03238998429151252,0.0013828043920511845,0.8539385292679071,0.37323178816586733,0.02789796631259378,0.000260652483461854,1.1819784911349416,0.25632121111266315
377856,377856,0.04297159961424768,0.0013547114522225456,0.824416222050786,0.37573087122291327,-0.0014984871377237141,0.00016194811445302548,0.5350348567590117,0.06894209771417081
378880,378880,0.006351754709612578,0.0013513942137137747,0.9167276378720999,0.327052709646523,-0.00025654629280325025,0.00011587956123548793,1.2998506724834442,0.20042571472004056
379904,379904,0.014832471671979874,0.0008158729024785316,0.9185017421841621,0.3029194865375757,-0.0070088604697957635,8.538789620615717e-05,1.302517145872116,0.1994570018723607
380928,380928,0.03745830040134024,0.04597331280820072,1.266941163688898,0.6280421987175941,0.0004661736311390996,0.008948256174335256,1.1758260764181614,0.6069928631186485
381952,381952,0.07684535486623645,0.011350116081302986,1.070120494812727,0.7105790860950947,0.022829239285783842,0.008220159172196873,1.0012365691363811,0.548301141243428
382976,382976,0.053251363671734,0.007486036964110099,1.0820187404751778,0.6940565556287766,0.06333996515604667,0.007896054507000372,0.4119352614507079,0.5465760678052902
384000,384000,0.06614439628901891,0.004106773376406636,1.1257661990821362,0.7365076318383217,-0.009769607073394582,0.003182520769769326,0.15573535254225135,0.20559551706537604
385024,385024,0.036599306360585615,0.01955443760380149,0.9714128617197275,0.45397213473916054,0.08584179973695427,0.00499012996442616,1.9694567173719406,0.938168341293931
386048,386048,0.07522842976322863,0.00913281342945993,1.0966698471456766,0.7484668325632811,0.07949511252809316,0.016363822243874893,1.1775266602635384,1.3923145607113838
387072,387072,0.05295926143298857,0.00844488400616683,0.9939883630722761,0.6749867219477892,0.024661441857460886,0.01176749232399743,1.258912194520235,0.8230921849608421
388096,388096,-0.0012742047692881897,0.005452038698422257,1.002650236710906,0.5979575589299202,0.04976595306652598,0.005511119576112833,0.9758513886481524,0.41699367575347424
389120,389120,0.03400000435067341,0.004111718935746467,1.2415309846401215,0.6421147752553225,0.007504750537918881,0.002868450199457584,1.9412841759622097,0.8461050279438496
390144,390144,0.058316055685281754,0.03220680047525093,1.132755108177662,0.8300141002982855,0.10121569386683404,0.01464011863572523,0.6053665746003389,2.002914845943451
391168,391168,0.05464163623400964,0.01739770217682235,1.2612417750060558,0.7937428690493107,0.0695225715462584,0.01595403626561165,0.9034689366817474,1.2521107327193022
392192,392192,0.05455090047325939,0.010736445663496852,1.0163238160312176,0.7871611230075359,0.05961229500826448,0.017122246383223683,1.5899383202195168,1.3202087953686714
393216,393216,0.030357967654708773,0.0029244745237519965,1.2560577355325222,0.7840362843126059,-0.010393124539405107,0.009359126939671114,1.1691713416948915,0.26907525723800063
394240,394240,0.055719380208756775,0.005533029056095984,1.0013523567467928,0.6760623976588249,-0.0066546371090225875,0.007851199014112353,0.32759390864521265,0.9466687496751547
395264,395264,0.0743627580231987,0.023821316615794785,0.9350354336202145,0.7329833675175905,0.11575209122383967,0.014758105287910439,0.29755986109375954,1.2637698464095592
396288,396288,0.04234449879731983,0.020391202764585614,1.2268188782036304,0.6303012296557426,0.0019688864413183182,0.0028745816671289504,0.612226152792573,0.22370878770016134
397312,397312,0.07248996835551225,0.004886156821157783,1.1803188025951385,0.4994123838841915,-0.02446472087467555,0.00031696176142759214,1.0557030644267797,0.16760695166885853
398336,398336,0.04922163812443614,0.005047539569204673,0.9866595715284348,0.5785456299781799,0.026638419716618955,0.00597555663989624,1.911627359688282,0.7798364898189902
399360,399360,0.047375667170854285,0.00615779292274965,0.9571115486323833,0.6912043783813715,-0.013748120603850111,0.0018115693728759652,0.6647646278142929,0.24773746263235807
400384,400384,0.05191666423343122,0.019426766193646472,0.8349881693720818,0.6720101740211248,-0.016178799094632268,0.0030137186968204333,0.2758701997809112,0.589086732827127
401408,401408,0.05192953842924908,0.004966802211129107,0.7877166476100683,0.5493599930778146,-0.013224596565123647,0.0035902260187867796,1.9596511498093605,0.4137560995295644
402432,402432,0.05310678396199364,0.012768575703375973,1.0383363589644432,0.6561845634132624,0.03827024670317769,0.010294791456544772,2.318941168487072,1.347486948594451
403456,403456,0.06469288936932571,0.01463074199273251,0.9315082859247923,0.6598247606307268,0.04155316870310344,0.010346868133638054,1.6446777023375034,1.1137617733329535
404480,404480,0.06924353796057403,0.011134954780573025,0.9245543722063303,0.7323468010872602,0.10335654695518315,0.013239567197160795,0.5246848203241825,1.0043532773852348
405504,405504,0.05620217227260582,0.024466984206810594,1.011388298124075,0.6832692492753267,-0.015350781672168523,0.0053051998766022734,0.8227692022919655,0.2516690732445568
406528,406528,0.0364638958562864,0.01125262989080511,0.9784084763377905,0.5793155003339052,0.0005426721181720495,0.001868694880613475,0.42012931406497955,0.18165969499386847
407552,407552,0.04888797295279801,0.003462383057922125,0.9820561744272709,0.41924766823649406,-0.0028963953373022377,0.005429706823633751,1.006622590124607,0.1673058378510177
408576,408576,0.038341783758369274,0.0005120869088841573,1.1127180457115173,0.36969398614019156,0.004009926968137734,0.00012905779794891714,1.3116619177162647,0.20466094696894288
409600,409600,0.03332017510547303,0.00048082218927447684,1.3090450018644333,0.4883888056501746,-0.003534987336024642,1.935193625968168e-05,1.1929480135440826,0.17790897842496634
410624,410624,0.01844621414784342,0.020174482109723613,0.9717045985162258,0.545112619176507,0.03016595596272964,0.008158672069839668,1.338373551145196,0.6876558400690556
411648,411648,0.03748984125559218,0.009434128951397724,0.8413970768451691,0.562098067253828,0.04949194542132318,0.008414498275669757,0.29037245037034154,0.4088481683284044
412672,412672,0.05099260457791388,0.0009722088143462315,0.6939825527369976,0.5080966018140316,-0.011532814183738083,0.0017394082933606114,1.0957578253000975,0.16394150722771883
413696,413696,0.07081538936472498,0.0018463494852767326,0.6901693735271692,0.5486981850117445,-0.006707999971695244,0.0011018476566277968,1.0151660032570362,0.1493747690692544
414720,414720,0.031754852083395235,0.0030900233075499273,0.6601411998271942,0.4869569670408964,-0.023367074347333983,0.0007543637275375659,1.1543568708002567,0.1723023233935237
415744,415744,0.04440140181395691,0.02138073946116492,0.8194035906344652,0.49246598687022924,0.02792800494353287,0.0171845388103975,1.8430780246853828,1.3349623642861843
416768,416768,0.06223004398634657,0.0028279352918616496,0.8654290698468685,0.45642415527254343,-0.015323754749260843,0.00177800682013185,1.0392361171543598,0.15703730238601565
417792,417792,0.053523371228948236,0.004878890278632753,0.9418821446597576,0.5407902933657169,0.0007034647715045139,0.007985132644535042,2.4349911995232105,0.9856520923785865
418816,418816,0.029150825750548393,0.0025405126361874864,0.942724235355854,0.30794351175427437,0.04978405259316787,0.0010063474292110186,1.1317000575363636,0.3560316265793517
419840,419840,0.038417357922298834,0.0019808505985565716,1.0020533632487059,0.486262921243906,0.06357200106867822,0.003574499158276012,0.45028799842111766,0.3141940322238952
420864,420864,0.039698634936939925,0.034024336346192285,1.114425279200077,0.6616210117936134,0.02094085275894031,0.0235685684310738,0.7422581007704139,0.4759664833545685
421888,421888,0.06776764805545099,0.01785069597826805,1.1635556630790234,0.7664738595485687,0.014905131683917716,0.012848047976149246,1.5728572644293308,0.6110753659158945
422912,422912,0.05078051530290395,0.012890647194581106,1.044130090624094,0.7423238512128592,0.03020031697815284,0.0177251978602726,0.8526372034102678,1.0271494947373867
423936,423936,0.07334324030671269,0.007124578798539005,1.0659029856324196,0.6430229600518942,0.04084014522959478,0.013238409766927361,1.412339199334383,1.0769572909921408
424960,424960,0.04696243198122829,0.0037085279946040828,0.7923853453248739,0.41045202035456896,0.027755122893722728,0.002004452220262465,0.989711320027709,0.29191264789551497
425984,425984,0.031147803703788668,0.014114277822955046,0.990898072719574,0.8247629944235086,0.03495500481221825,0.0045657709961233195,2.0384586080908775,0.6969343512319028
427008,427008,0.02968253564904444,0.004211732528347056,0.9455176908522844,0.61802395619452,-0.01297768671065569,0.004029881540191127,1.9732635915279388,0.500872834585607
428032,428032,0.08750545128714293,0.009982092276914045,0.9596353508532047,0.803102845326066,0.07468476891517639,0.01571981597226113,1.0882780570536852,1.1734381131827831
429056,429056,0.05203733904636465,0.00730073764862027,1.0171751342713833,0.5730886394158006,0.016821839235490188,0.0046697745892743114,1.7812623158097267,0.7841682201251388
430080,430080,0.023981843231013045,0.019736573129193857,1.1366360895335674,0.578730521723628,0.07533984223846346,0.019549927092157304,2.0292500108480453,1.1523382160812616
431104,431104,0.04807678434008267,0.011406503472244367,0.9397936929017305,0.6203985009342432,0.05514575992128812,0.033807634841650724,0.8278992120176554,0.8579627331346273
432128,432128,0.03923948010196909,0.007225700101116672,0.9805688373744488,0.6702712308615446,0.02189638292475138,0.020835296716541052,0.7183064203709364,0.4952753260731697
433152,433152,0.025722295104060322,0.002856568869901821,1.0391199979931116,0.45189191959798336,0.05367420386755839,0.009756221515999641,0.9512894470244646,0.42046881932765245
434176,434176,0.029214549009338953,0.00013956936049908109,1.2576335184276104,0.4442483149468899,-0.01685165605158545,0.0022358270625773002,0.917404874227941,0.13432972447481006
435200,435200,0.03987567219155608,0.023882039153249934,0.9944292232394218,0.5989952757954597,0.0569874283100944,0.009095127767068334,2.870275679975748,1.6818207949399948
436224,436224,0.062253877404145896,0.01717937817738857,0.7790390774607658,0.5746257342398167,0.02798020312911831,0.00029173294387874193,0.9042217484675348,0.20986241893842816
437248,437248,0.008451677625998855,0.006321946893876884,0.8002448920160532,0.25266886269673705,0.000597158184973523,7.079815333099759e-05,0.40874436032027006,0.049548426119145006
438272,438272,0.0216806043026736,0.0005394017471189727,0.8854026459157467,0.31446816492825747,-0.0022304220765363425,5.586472326513103e-05,1.2086146622896194,0.18223479692824185
439296,439296,-0.0001522765087429434,0.0015182024781097425,0.7822793051600456,0.24042194383218884,-0.009538834565319121,4.757926990350825e-05,1.209931280463934,0.18132306076586246
440320,440320,-0.004055505007272586,0.015421069168951362,0.6919229552149773,0.3561978377401829,-0.057212565225199796,0.003827511880444945,1.218139085918665,0.341577953658998
441344,441344,0.05843937676399946,0.011217773993848823,0.876248536631465,0.7006699927151203,0.04361952067120001,0.0065717683610273525,1.2957831528037786,0.7213802086189389
442368,442368,0.05899926309939474,0.004777013724378776,0.7755040749907494,0.5793376993387938,0.10161657363642007,0.003988646241850802,1.005403476767242,0.3614771612919867
443392,443392,0.07348820022889413,0.00949362891697092,0.8796448111534119,0.6891545858234167,0.03956369269872084,0.004806515913514886,2.2735391035676003,0.7553039696067572
444416,444416,0.03522185090696439,0.007195943195256405,0.8128131125122309,0.49829986691474915,0.03854265218251385,0.004699617873484385,4.153995148837566,2.49116975069046
445440,445440,0.05211273544409778,0.02838429037365131,0.7757986672222614,0.5808700751513243,0.0720484108896926,0.00645417594932951,2.7140240482985973,1.8329399228096008
446464,446464,0.05999890380189754,0.006513169719255529,0.8830693103373051,0.4978555291891098,0.04090184226515703,0.006659943908744026,0.43698041047900915,0.1819822220131755
447488,447488,0.053573913319269195,0.005588846564933192,0.7266307380050421,0.49365444853901863,-0.0056619793467689306,0.0008109441678243456,0.631347456946969,0.10496502363821492
448512,448512,0.05822570409509353,0.014798324562434573,0.848838409408927,0.5519974604249,0.010876741667743772,0.01226330827921629,1.1367063224315643,0.6471998896449804
449536,449536,0.04612326867936645,0.007649876832147129,0.9466623831540346,0.5451436769217253,0.05059843196067959,0.004081181605215534,1.132113954052329,0.3880614242516458
450560,450560,0.03157815817394294,0.01956610134220682,0.9282404389232397,0.6635381132364273,-0.018567037797765806,0.013444269003230147,1.8068897724151611,1.3818845767527819
451584,451584,0.06121108791558072,0.00774246764194686,1.02224076166749,0.7555668465793133,0.07129621674539521,0.02045029608416371,0.4636011980473995,1.4088224805891514
452608,452608,0.05860226915683597,0.0019876080987160094,0.8148549553006887,0.48768868762999773,0.008251063845818862,0.005028452091210056,0.5110469467472285,0.21772479539504275
453632,453632,0.041904128942405805,0.001393862778058974,0.7110759485512972,0.4422687692567706,0.0015915024268906564,0.001418138906956301,0.0636392756132409,0.0061446797917597
454656,454656,0.0315980620944174,0.0015557703870854311,0.7098085377365351,0.4341676030308008,-2.9595335945487022e-05,0.000920905601560662,0.04543375421781093,0.004180578689556569
455680,455680,0.06145483217551373,0.04203418854740448,1.0689203459769487,0.7678953148424625,0.04136439156718552,0.01707874090061523,0.5736389653757215,0.4163364260457456
456704,456704,0.05896665234467946,0.023424320330377668,1.2467485256493092,0.6071308590471745,0.0798564562574029,0.017803070237278007,1.928379401564598,1.3107162900269032
457728,457728,0.050448516180040315,0.0120926817326108,0.9067925792187452,0.7051642946898937,0.05472315812949091,0.01294300980225671,1.4209348186850548,0.7252567503601313
458752,458752,0.04156059116940014,0.0021503509196918458,0.7480828706175089,0.501747933216393,-0.01962534780614078,0.001107160807805485,1.0266788862645626,0.16156921605579555
459776,459776,0.029449985158862546,0.003917072368494701,0.7989776358008385,0.5430633639916778,0.07912428832787555,0.00403120786359068,2.549199551343918,0.8690415294840932
460800,460800,0.013423035212326795,0.01727203124028165,0.856252146884799,0.44398483727127314,0.05367612878035288,0.012629539109184407,1.0356487119570374,0.43736129300668836
461824,461824,0.06140449905069545,0.006751019438524963,0.9576810747385025,0.5531794428825378,-0.016993312689010054,0.002290389638801571,0.41113143134862185,0.18064937344752252
462848,462848,0.028052514709997922,0.009454183018533513,0.9273657966405153,0.4540768004953861,0.07902917184401304,0.009274511598050594,0.3864442743360996,0.4310209574177861
463872,463872,0.03566022726590745,0.006407630724424962,0.7899625804275274,0.5027104383334517,0.0002256739535368979,0.006665173874353059,0.1434451963286847,0.19855389674194157
464896,464896,0.006124152016127482,0.004253869044077874,0.6965148914605379,0.2118286225013435,-1.99738351511769e-05,0.0011609921843955817,0.018351259757764637,0.0015285721747204661
465920,465920,0.012476603835239075,0.030899734003469348,0.8620197847485542,0.6599462665617466,0.09913366995169781,0.025472087523667142,0.2814600267447531,0.8104999596253037
466944,466944,0.05489909159950912,0.00327651987754507,0.8645457234233618,0.46300220862030983,-0.00684369305963628,0.0049126865196740255,0.6321954219602048,0.10828234808286652
467968,467968,0.04108858556719497,0.007052539149299264,1.0298525635153055,0.552522050216794,0.0237473261076957,0.015585822140565142,0.9897661749273539,0.8412141166627407
468992,468992,0.03548425526241772,0.004958465870004147,0.8149805422872305,0.489206594415009,0.020854509086348116,0.007365914294496179,1.0924614816904068,0.46350474981591105
470016,470016,0.01939104837947525,0.014870867860736325,0.6692434288561344,0.3531902739778161,0.0340552852867404,0.007419827859848738,1.2202282939106226,0.2804863997735083
471040,471040,0.0455454895272851,0.013944463244115468,0.8269897196441889,0.6779213268309832,0.04725980793591589,0.012909478013170883,2.1996212229132652,0.825979933142662
472064,472064,0.05331375461537391,0.003613352368120104,0.8786112628877163,0.5117914527654648,0.04964923448278569,0.009697511108242907,0.5955822309479117,0.31032473547384143
473088,473088,0.04238302385783754,0.004238018882460892,1.0206947214901447,0.5633479719981551,0.0461250216467306,0.012300248141400516,2.334013793617487,0.880694561637938
474112,474112,0.016700013307854533,0.004653952899388969,0.7961718142032623,0.38552800472825766,0.04427723478875123,0.004978471210051794,2.206669371575117,0.5881561441347003
475136,475136,0.03052423326880671,0.0223026120220311,0.7609203942120075,0.5048001920804381,0.03149453364312649,0.009300181533035357,2.255230635404587,0.9175237230956554
476160,476160,0.053148041130043566,0.008600594286690466,0.9489542059600353,0.881863372400403,0.021750711021013558,0.017707406572299078,1.5350390523672104,0.9961247127503157
477184,477184,0.03649820451391861,0.0043719971654354595,0.898875804618001,0.6291754357516766,0.029332769830944017,0.011232742013817187,0.18119167571421713,0.07992229488445446
478208,478208,0.04996126162586734,0.005147262818354648,0.9416586384177208,0.7287817317992449,0.06369704405369703,0.012668537136050873,0.2877411935478449,1.0518994182348251
479232,479232,0.023759929230436683,0.002835535051417537,0.9789545647799969,0.3812877153977752,-0.028179663291666657,0.0032246312366623897,1.2303036637604237,0.21258262218907475
480256,480256,0.056258221389725804,0.03130884643178433,0.8499707821756601,0.5463608615100384,0.000824123271740973,0.012228272767970338,1.3152377158403397,0.8334228442981839
481280,481280,0.029521489806938916,0.013309267684235238,0.7301620151847601,0.5905589517205954,0.003993304737377912,0.002705220500502037,0.07180839241482317,0.15924658859148622
482304,482304,0.03282508112897631,0.0025238908383471426,0.700944148004055,0.3884962126612663,5.5094686103984714e-05,0.0003368753868926433,0.11460636765696108,0.011602259648498148
483328,483328,0.018966329895192757,0.0006427693206205731,0.7148421425372362,0.32956366520375013,-0.0038896240876056254,0.00023946338103542075,0.4601222393102944,0.06019824865506962
484352,484352,0.03321697215142194,0.002789090693113394,0.7506200410425663,0.4052817886695266,0.06738535119802691,0.0027975644734397065,2.4589095544070005,0.9242593050003052
485376,485376,0.04164172902528662,0.025255428161472082,0.7578285094350576,0.800887843593955,0.052506983221974224,0.007808248381479643,2.6291033029556274,1.3114649709314108
486400,486400,0.04839705355698243,0.01834054607024882,0.7268069852143526,0.59744683932513,0.08270080390502699,0.0252066376269795,0.3276376388967037,0.8473977390676737
487424,487424,-0.0023963214334798977,0.005960184607829433,0.7405439056456089,0.3177808802574873,0.004153166519245133,0.004001225486717885,0.4744185493327677,0.2668392814230174
488448,488448,0.025359599792864174,0.008549887468689121,0.7266189139336348,0.3979219663888216,0.011922403442440554,0.009699580463347957,1.4021428748965263,0.7324525415897369
489472,489472,0.002869315125280991,0.0021550620112975594,0.7121625691652298,0.276612329762429,-0.020773266413016245,0.0005710758844088559,1.0996949132531881,0.1958886425709352
490496,490496,0.012544171317131259,0.016548921485082246,0.7946654371917248,0.4605808909982443,0.0008035927603486925,0.009546938992571086,0.26522593502886593,0.10859700717264786
491520,491520,0.06444541172822937,0.004969881829310907,0.8190423548221588,0.6339917741715908,-0.0018961954046972096,0.0014279663337219972,0.035407960414886475,0.33372030686587095
492544,492544,0.02753277878218796,0.0014182065933709964,0.7595135327428579,0.4056905768811703,-0.0009490694501437247,0.0008450854286081722,0.12494229897856712,0.014574509637895972
493568,493568,0.011228888542973436,0.00258236988884164,0.7117904145270586,0.2680941461585462,-0.0014737945166416466,0.0006502673205659448,0.7352305445820093,0.10939277336001396
494592,494592,0.025036025981535204,0.006289320950600086,0.7647732365876436,0.318195772357285,0.0022887005179654807,0.002214514950537705,0.2423602412454784,0.029438613972160965
495616,495616,0.04031356822815724,0.020700712862890214,0.9585041422396898,0.48571316059678793,0.01706343295518309,0.013193366467021406,0.31320710154250264,0.8953544143587351
496640,496640,0.01398913681623526,0.0006610510426980909,1.022116269916296,0.3065505726262927,-0.010685699380701408,0.0008600247874710476,0.9428471932187676,0.13824435404967517
497664,497664,-0.005859017750481144,0.00037915238726782263,0.9512182865291834,0.21549995010718703,-8.254485146608204e-05,0.0006828200994277722,0.9487945046275854,0.1369298379868269
498688,498688,0.010038022686785553,0.005046470767410938,0.9033673517405987,0.24434749269858003,0.04946735122939572,0.0036493809056992177,2.311825215816498,0.6222809134051204
499712,499712,0.013435161701636389,0.010179966338910162,0.848164476454258,0.4022528752684593,0.033756499615265056,0.002932397950644372,1.561988402158022,0.600830078125
500736,500736,0.009094963752431795,0.01624993899895344,0.9757399037480354,0.6353273671120405,0.07390409504296258,0.005682590512151364,2.729038655757904,1.1688608024269342
501760,501760,0.045982167386682704,0.0043976596352877095,1.0213393308222294,0.47301920875906944,0.02087915054289624,0.002753614855464548,1.1541925729252398,0.34215300797950476
502784,502784,0.009226925554685295,0.0023721224497421645,0.651146050542593,0.1916396846063435,-0.00026843236992135644,0.0006390931019950585,0.25669080670922995,0.028832605166826397
503808,503808,0.0023516694345744327,0.0048658759997124434,0.6600714139640331,0.15597245981916785,-9.816238889470696e-05,0.00048539943043124367,1.240799168124795,0.19246613839641213
504832,504832,-0.004674021954997443,0.004646310037060175,0.9527666307985783,0.23605415923520923,-0.010376835445640609,0.00037330050736272824,1.5088203139603138,0.24394728429615498
505856,505856,0.00810773675038945,0.018208400753792375,0.9157882165163755,0.49855844769626856,0.03099466612911783,0.012392476201057434,1.0954214725643396,0.7035086853429675
506880,506880,0.027326847266522236,0.0076179252355359495,0.750179935246706,0.38205044623464346,0.007971259765326977,0.007484907473553903,0.6875648647546768,0.33690970577299595
507904,507904,0.003554710070602596,0.0018275513612024952,0.6121141631156206,0.23734004562720656,-0.0013528877752833068,0.001738835766673219,1.001558069139719,0.14478903682902455
508928,508928,0.003278157557360828,0.0036067400505999103,0.63120948523283,0.22871783841401339,-0.019197246176190674,0.0016361537645934732,0.8972329348325729,0.14166215411387384
509952,509952,0.0024377154040848836,0.004337136611866299,0.6702239476144314,0.2665009438060224,-0.009154267172561958,0.0033878307203849545,0.845989678055048,0.14363222918473184
510976,510976,0.043176554958336055,0.04049555995152332,0.6971200853586197,0.6878874190151691,0.027854557090904564,0.0057685993815539405,0.11191504588350654,0.32670912239700556
512000,512000,0.02060847017855849,0.007067448379530106,0.6840598098933697,0.45080771017819643,0.0014157674740999937,0.0005438384459921508,0.30650581140071154,0.03537100157700479
513024,513024,0.0030707136829732917,0.001968205422599567,0.613547757267952,0.2975607756525278,-0.0021938880090601742,0.0001305715253465678,1.12503295019269,0.1660784655250609
514048,514048,0.018612777697853744,0.004230584896504297,0.6362869162112474,0.291335238609463,-0.023222829069709405,0.0011857375839099404,1.1094932276755571,0.3656903486698866
515072,515072,0.009949346567736939,0.023225224256748334,0.6182525269687176,0.2904253085143864,-9.4881426775828e-05,0.003690493347676238,2.52130738645792,0.6886698533780873
516096,516096,0.05330301623325795,0.0106288508977741,0.7010168135166168,0.546207801438868,0.03439064136182424,0.006654304357653018,1.613566666841507,0.463323500007391
517120,517120,0.02274005877552554,0.005329245381290093,0.972362358123064,0.404340417124331,-0.004165258826105855,0.005000062770704972,1.2884799763560295,0.30944551108404994
518144,518144,0.01979314084746875,0.006160691118566319,0.9721629433333874,0.3260295055806637,0.07210312763345428,0.003028024253580952,0.5031527713872492,0.32404084457084537
519168,519168,0.012802140496205539,0.0073883162694983184,1.133550513535738,0.32365007046610117,0.04874047538032755,0.002633953801705502,1.2135936133563519,0.31416758662089705
520192,520192,0.05724793011904694,0.024046441802056506,0.8058857843279839,0.5589085873216391,0.06959508761065081,0.012272507068701088,0.9637640351429582,1.036313870921731
521216,521216,0.023221174400532618,0.003942698145692702,0.8180808834731579,0.4503665715456009,0.053360093268565834,0.007565336796687916,1.4086393266916275,0.6186197176575661
522240,522240,-0.004571028344798833,0.002818506367475493,0.9464531894773245,0.22415016638115048,0.07765060098608956,0.006410253332433058,2.253981627523899,0.5700905798003078
523264,523264,0.01401951743173413,0.002803948575092363,0.8393758069723845,0.3555024368688464,-0.004093153169378638,0.0043716565596696455,0.7641635201871395,0.23412188817746937
524288,524288,0.028689871738606598,0.007968609461386222,0.7732234224677086,0.33546608686447144,0.05268271373643074,0.009908484949846752,0.5180041091516614,0.41994906682521105
525312,525312,-0.014307755947811529,0.025609393764170818,0.7415526416152716,0.3534324010834098,0.05684618023224175,0.007100567174347816,2.3295778930187225,0.7798197250813246
526336,526336,0.037877212511375546,0.006630556636082474,0.6803228631615639,0.4480711165815592,0.032760262896772474,0.00844771352421958,1.1143399570137262,0.5219742432236671
527360,527360,0.05410592597036157,0.0030509745301969815,0.818754967302084,0.401487804017961,0.04684451423236169,0.0043760814078268595,0.9685181304812431,0.42848323844373226
528384,528384,0.02323135462938808,0.004482200492930133,0.7215135246515274,0.45048100780695677,0.05685515041113831,0.00440131353752804,1.6152553334832191,0.6276390347629786
529408,529408,0.014970450079999864,0.005829970366903581,0.6871741488575935,0.3045680709183216,0.01215842408419121,0.0033813876361818984,1.360408365726471,0.2625731492880732
530432,530432,0.023958864985615946,0.03671922252397053,0.7194266710430384,0.38344971276819706,0.13079692487372085,0.022560102937859483,1.3898838981986046,1.0846085026860237
531456,531456,-0.004195480578346178,0.011117585723695811,0.7270565442740917,0.20805990090593696,-0.008557384397136047,0.004990750661818311,1.104074103757739,0.16404505167156458
532480,532480,-0.016942697533522733,0.007127828495868016,0.6857285369187593,0.1666746181435883,0.008281432834337465,0.005205764105994604,1.3291083313524723,0.2069539725780487
533504,533504,-0.010330984543543309,0.0018476534896763042,0.6592024583369493,0.13046482088975608,0.0022057075111661106,0.0033551901055943745,1.4755064994096756,0.234551802277565
534528,534528,0.029931331730040256,0.003453780293057207,0.7058025244623423,0.2648672731593251,0.007560801750514656,0.0077415615087375045,1.1842473708093166,0.40274878963828087
535552,535552,0.026406007920741104,0.012560310133267194,0.7897639404982328,0.4465738581493497,0.003713562444318086,0.015392007699119858,1.2093741744756699,0.26412522746250033
536576,536576,0.02473959533381276,0.0025924831643351354,0.45325043704360723,0.31117700645700097,-0.0126955065788934,0.003166437578329351,1.2133513689041138,0.1829144179355353
537600,537600,0.012045475086779334,0.006541563407154172,0.4267456382513046,0.14932576240971684,-0.015463248564628884,0.0003279003121861024,0.9557791948318481,0.1391806153114885
538624,538624,0.0006585403752978891,0.0059420498797777555,0.4456878751516342,0.18109196983277798,-0.07543916767463088,0.00026051932115933596,1.1115239299833775,0.19420741638168693
539648,539648,0.017553882833453827,0.008072267257375643,0.6701944544911385,0.3497905796393752,0.07180008263094351,0.006175041096867062,0.3247059118002653,0.25318369129672647
540672,540672,0.018531143898144364,0.019193380805518245,0.8008925337344408,0.5252854796126485,-0.01916502881795168,0.01568972108361777,1.4111835081130266,0.501215853728354
541696,541696,0.022447981114964932,0.0007687350534979487,0.7185053657740355,0.33780264388769865,0.032543425215408206,0.003079594213090786,1.3706683237105608,0.3096087254816666
542720,542720,0.018485929336748086,0.0015068966604303569,0.8151078168302774,0.34793298598378897,-0.01914179284358397,0.0057185884688806254,0.8164523113518953,0.12155121704563498
543744,543744,-0.015235461731208488,0.0004347309663899068,0.9217064287513494,0.28167772525921464,0.004440132441231981,0.004200017271188017,1.255501976236701,0.19697064976207912
544768,544768,0.014238149247830734,0.005925397083046846,0.9233461897820234,0.4091091640293598,0.014237057068385184,0.009153852370218374,1.0840918440371752,0.3527221670374274
545792,545792,0.032249769574264064,0.021479029819602147,1.0676350761204958,0.46168339159339666,-0.023882571316789836,0.007953323351102881,0.6971018929034472,0.22584386030212045
546816,546816,0.026693050138419494,0.00240626774757402,1.0432506576180458,0.312251552939415,-0.005050034000305459,0.0009469525293752667,1.257276514545083,0.25142007000977173
547840,547840,0.038064509120886214,0.007478956773411483,0.7185745071619749,0.43764726631343365,-0.0011675724235828966,0.004614271718310192,1.7136587537825108,0.665482334792614
548864,548864,-0.0017132270731963217,0.0021857896276742395,0.5790528543293476,0.12171793053857982,0.023056398873450235,0.00020774995721239975,1.680391950532794,0.3927892881911248
549888,549888,-0.003738750674529001,0.0008447290169542043,0.7619597315788269,0.14217059221118689,-0.044032651552697644,0.0001528111461084336,1.3366287425160408,0.27230423502624035
550912,550912,-0.002484274984453805,0.05435941414907575,0.9061442073434591,0.48732355516403913,0.05646360758692026,0.01300032548897434,2.0825263280421495,0.8230627882294357
551936,551936,0.01010000095993746,0.018317403781111352,0.988487433642149,0.3666628049686551,-0.0010343268513679504,0.007905418402515352,0.47077363170683384,0.16770815069321543
552960,552960,-0.0013338767748791724,0.01433084873133339,0.8866641856729984,0.3750370778143406,-0.013832471828209236,0.00676875557837775,0.7038501352071762,0.18701897514984012
553984,553984,0.008989785565063357,0.0019358372592250817,0.7770802583545446,0.1361283699516207,-0.00038025766843929887,0.0009645209565860569,1.0585173014551401,0.15550398267805576
555008,555008,0.001715848542517051,0.019186432473361492,0.8656513635069132,0.1888586301356554,0.0020733511191792786,0.006596617458853871,0.6072267880663276,0.12845828640274704
556032,556032,0.03358795790700242,0.009725512602017261,0.6461682543158531,0.44438526686280966,0.08984691818477586,0.005372764830099186,0.8158448841422796,0.5242120632901788
557056,557056,0.029381749496678822,0.007703279901761562,0.8876204900443554,0.32868214696645737,0.04402370998286642,0.001636285434869933,1.7882366683334112,0.5660860352218151
558080,558080,0.017459352471632883,0.006457068535382859,0.8769359942525625,0.29279445484280586,-0.02120466242195107,0.0013321705309863319,1.0900531131774187,0.18285280233249068
559104,559104,0.045701894094236195,0.005037294584326446,1.0057107768952847,0.4963124096393585,-0.005232002062257379,0.0054390137738664635,1.3051658105105162,0.27888539293780923
560128,560128,0.022266322062932886,0.016300678878906183,0.8142541255801916,0.46911848708987236,0.042844009352847934,0.008014371487661265,2.7072601839900017,0.7909754328429699
561152,561152,0.03847119296551682,0.011257737496634945,0.8478357288986444,0.4249672954902053,0.0016384095652028918,0.009218602139299037,1.5668606869876385,0.4268978647887707
562176,562176,0.04483700555283576,0.006630443371250294,0.8284537177532911,0.5292235938832164,0.013134593638824299,0.013564477492764127,0.7643402870744467,0.595835255458951
563200,563200,0.020564409933285788,0.007284999403054826,0.8255924098193645,0.3366030538454652,-0.016114895115606487,0.006186595899634995,0.6953029981814325,0.2963215718045831
564224,564224,0.028407714766217396,0.009379738658026326,0.7434561531990767,0.3417619979009032,-0.002298764535225928,0.00521851345183677,0.18206931231543422,0.6039744867011905
565248,565248,0.01432667428161949,0.02009461505804211,0.8478003833442926,0.4251089673489332,0.10506389575311914,0.010586862827040022,0.11506541166454554,0.5897012194618583
566272,566272,0.05873133220302407,0.008328076481120661,1.0769880451261997,0.6790792737156153,0.01650749350665137,0.025027135125128552,0.31382133020088077,1.032339544966817
567296,567296,0.0041028600971912965,0.0016387264495278941,0.8153382111340761,0.31839231215417385,0.006319521155091934,0.0017224925995833473,0.17553389840759337,0.052524963044561446
568320,568320,0.034510128520196304,0.006968972185859457,0.9406287167221308,0.6514525730162859,0.009933554771123454,0.010601724541629665,0.2118079625070095,0.34849781822413206
569344,569344,0.08123139617964625,0.007076269161188975,0.8801209181547165,0.9418500661849976,0.05142183737189043,0.01269938332552556,1.1338129751384258,2.4010006189346313
570368,570368,0.04505250076181255,0.03340596018824726,1.0514249689877033,0.65363435074687,0.08871104888385162,0.01571726312977262,0.7796991765499115,1.4478436969220638
571392,571392,0.02789392528939061,0.004396914868266322,1.0494757536798716,0.4728406183421612,0.049666846374748275,0.010283834068104625,1.5749460440129042,1.0256447223946452
572416,572416,0.016311473154928535,0.0057272308331448585,1.1732371412217617,0.5773993153125048,0.05530988168902695,0.013476513879140839,1.1188857667148113,1.260679142549634
573440,573440,0.031158839308773167,0.0015447743608092424,0.7700666133314371,0.43595161102712154,0.028903077822178602,0.004944472282659262,0.9888435984030366,0.4590625362470746
574464,574464,0.011151163809699938,0.001249866145371925,0.7783169616013765,0.26427386328577995,-0.007103577459929511,0.003429198910453124,1.263481467962265,0.24062049435451627
575488,575488,0.024013405782170594,0.04467104098876007,1.0008921176195145,0.5656018331646919,0.028631159977521747,0.012258042639587075,1.0981370210647583,1.2269577868282795
576512,576512,0.06492096360307187,0.016458763653645292,1.0471805520355701,0.7657979279756546,0.08707007725024596,0.020299992291256785,1.1409418545663357,2.4943978153169155
577536,577536,0.04117746281553991,0.010990708542522043,1.043234633281827,0.6591272596269846,0.08450203819666058,0.020977881795261055,0.67401063721627,3.7215878441929817
578560,578560,0.021159812618861906,0.0037414473190438002,0.9358591251075268,0.4470442645251751,0.08000446669757366,0.006095913813624065,0.15585974464192986,0.829680135473609
579584,579584,0.025177834671922028,0.0033087015617638826,0.9431941621005535,0.4901723116636276,0.12232279090676457,0.009860608770395629,0.05999048403464258,0.5403655543923378
580608,580608,0.024609445863461588,0.023873415280831978,1.0888042338192463,0.4784769481047988,0.043902327539399266,0.011141494018374942,0.19166885735467076,0.42974946182221174
581632,581632,0.024054463050561026,0.0023309864409384318,0.9305319003760815,0.23688733158633113,0.030689620121847838,0.004203456726827426,0.37004049587994814,0.3533806446939707
582656,582656,0.02883205041871406,0.004577478626742959,1.2443567346781492,0.43236983474344015,-0.0031148400739766657,0.0070296236663125455,2.2052551470696926,0.5899374783039093
583680,583680,0.03553985900362022,0.005341301541193388,0.9645867198705673,0.46260003093630075,0.03249190974747762,0.012153677816968411,0.4838518858887255,0.5852083778008819
584704,584704,0.05665450339438394,0.005561289806792047,0.8517460990697145,0.655229602009058,0.010592119884677231,0.009013758928631432,0.6723308498039842,1.6136710941791534
585728,585728,0.01543191682867473,0.03420452744467184,0.7893406413495541,0.624288990162313,0.10206064590602182,0.011414412729209289,0.8927459316328168,0.7490623295307159
586752,586752,0.040539839217672125,0.012786324950866401,0.9330204613506794,0.5707307886332273,0.032508573902305216,0.004577623280056287,0.8484512073919177,0.28247633529827
587776,587776,0.026196327788056806,0.00945396994939074,0.8683699946850538,0.3921271460130811,0.029722266539465636,0.00727196061052382,0.6669471971690655,0.5598201183602214
588800,588800,0.0452488505106885,0.003950160331442021,1.0308081954717636,0.4482699567452073,0.04821198160061613,0.004990745852410328,1.8480284474790096,0.6283864546567202
589824,589824,0.05454738938715309,0.006153772854304407,0.8814987819641829,0.4506669845432043,0.004853134261793457,0.004292906109185424,1.4153022654354572,0.3853221395984292
590848,590848,0.043782489228760824,0.020879753574263304,1.0504427384585142,0.4670599428936839,0.041972141712903976,0.013411843683570623,1.4899196736514568,1.1239984333515167
591872,591872,0.025258998648496345,0.006883000460220501,1.009535327553749,0.35789820551872253,0.02951258746907115,0.009252576026483439,1.0386542584747076,0.5475393384695053
592896,592896,0.022794666787376627,0.007280999925569631,0.9730458706617355,0.49150872230529785,0.061687831417657435,0.01094868547806982,0.8151236586272717,0.5858578151091933
593920,593920,0.03755327202088665,0.01071775688615162,0.9436759911477566,0.35809003934264183,-0.010196142422500998,0.005903266937821172,0.7894527669996023,0.660811772570014
594944,594944,0.030328638400533237,0.005797081830678508,0.8846949245780706,0.434465522877872,0.06093247592798434,0.007072516236803494,0.2569383545778692,1.0485176611691713
595968,595968,0.031038651330163702,0.035792846174445,1.0231433492153883,0.570130811072886,0.05554131805547513,0.018686523020733148,0.20963618345558643,1.0004568938165903
596992,596992,0.023332289449172094,0.0063561702918377705,0.7066375929862261,0.3693076530471444,0.04030498827341944,0.004816209275304573,0.4355645361356437,0.5948356473818421
598016,598016,0.02792850924015511,0.0017034117263392545,0.7505964152514935,0.3379640243947506,0.06955573981394991,0.006679566784441704,1.139900628477335,0.9859348777681589
599040,599040,0.008709759102202952,0.0011612872913246974,0.6912926621735096,0.22283354541286826,0.009737234679050744,0.0015958918863816507,1.4866384267807007,0.8959129303693771
600064,600064,0.01840888375591021,0.01908984650799539,0.8092649094760418,0.38082969654351473,0.023559446475701407,0.00877908815164119,0.7420416679233313,0.532522295601666
601088,601088,0.03280542578431778,0.012360628417809494,0.9841545484960079,0.4650581181049347,0.05015217635082081,0.010275064501911402,1.2925505712628365,1.5316893979907036
602112,602112,0.043537546356674284,0.00827938222209923,0.8975059781223536,0.3834376698359847,-0.029153255716664717,0.004303727695514681,3.4121138602495193,1.1300312373787165
603136,603136,0.04840998278814368,0.0077811185183236375,0.950475575402379,0.5411010682582855,0.002531013422412798,0.005318157589499606,0.8712728675454855,0.20241553575033322
604160,604160,0.02222964577958919,0.0054817224518046714,0.8426658473908901,0.3643221817910671,0.05229221878107637,0.007568289336632006,1.2508583404123783,0.5198947815224528
605184,605184,0.027588511147769168,0.0274639691633638,1.028485668823123,0.40232777409255505,0.008620326698292047,0.006127249864221085,2.85756828635931,1.9023753739893436
606208,606208,0.03767071172478609,0.010490407279576175,0.8542655762284994,0.4953014897182584,0.009901548648485914,0.008508723622071557,1.4595649018883705,0.49420397635549307
607232,607232,0.035068449113168754,0.00042964904014297645,0.8486711643636227,0.31780958361923695,0.016489334593643434,2.9981037641846342e-05,1.201740431599319,0.22465632623061538
608256,608256,0.026641850505257025,0.000618798760115169,0.8081098739057779,0.27489909902215004,-0.0357225890038535,4.973975751454418e-05,0.943499993532896,0.1405356174800545
609280,609280,0.020625765915610828,0.0007973067913553677,0.8456155396997929,0.3217757744714618,-0.07118288279161789,3.952491238123912e-05,0.9855584427714348,0.16286425525322556
610304,610304,0.005161484848940745,0.029839678449206986,0.7428426258265972,0.3277253843843937,0.008728098284336738,0.007215538455056958,2.656528478488326,1.4530357541516423
611328,611328,0.0395277643983718,0.03944654326187447,0.8413250595331192,0.493415804579854,0.07597078412072733,0.019367711880477145,0.847476608119905,1.8122776374220848
612352,612352,0.0274158050888218,0.023417810763930902,0.9557865299284458,0.41775109712034464,0.06883455799834337,0.019354666321305558,0.05799790460150689,1.0486433021724224
613376,613376,0.008227871323470026,0.005036890375777148,0.858590230345726,0.348959525115788,0.006181582139106467,0.005792503790871706,0.5675263267476112,0.9173888955265284
614400,614400,0.0036235853767720982,0.004764951117977034,0.5000830441713333,0.07406740612350404,0.020364075317047536,0.0005210608255641347,1.8651814702898264,0.4888763693161309
615424,615424,-0.03226231865119189,0.021620683139190078,0.7217860501259565,0.3900072807446122,0.045654166970052756,0.00736684215371497,1.876183969900012,1.4035923443734646
616448,616448,0.0054269727697828785,0.028655588219407946,1.1689018942415714,0.5201664259657264,0.07060295267729089,0.025905709189828485,0.652587229385972,1.8685679137706757
617472,617472,0.0686270403675735,0.009046771519933827,0.8832057174295187,0.5126669406890869,0.07902878045570105,0.015512857353314757,0.8088234988972545,2.021840088069439
618496,618496,0.036465083714574575,0.006858335495053325,0.9288811981678009,0.428899978287518,0.09427644789684564,0.0077158008207334206,0.10995556507259607,0.9882527329027653
619520,619520,0.0302223926410079,0.01974103957763873,0.9474430028349161,0.5577498432248831,0.02527333257603459,0.013813323559588753,0.318153356667608,1.3757687918841839
620544,620544,0.044346685041091405,0.03300654387567192,0.9128442369401455,0.45748789608478546,0.051986838574521244,0.011773572361562401,0.28025936987251043,1.2772424574941397
621568,621568,0.034041550039546564,0.0026199236017419025,0.7659395728260279,0.42748537473380566,0.0053232465870678425,0.0014946899200367625,0.34965885430574417,0.0285139880143106
622592,622592,0.02482883573975414,0.002734884292294737,0.6624869536608458,0.29991057980805635,0.028160240704892203,0.0006575703860107751,0.5386256612837315,0.14663424613536336
623616,623616,0.01258272014092654,0.008443445920420345,0.9045352470129728,0.4807295836508274,0.054140983818797395,0.0051351830043131486,0.04000675643328577,0.8298456072807312
624640,624640,0.012623965478269383,0.007818537516868673,0.836847823113203,0.45134592801332474,0.044518808426801115,0.012217295428854413,0.14398299646563828,0.6587355406954885
625664,625664,0.00879977724980563,0.029227945473394357,1.1056538745760918,0.765818240121007,0.038890800933586434,0.01257294139941223,1.0998435085639358,1.2523432187736034
626688,626688,0.03158705960959196,0.018442462634993717,1.0530187506228685,0.5734190260991454,0.03568905878637452,0.02425634575774893,1.1300559099763632,1.0689429715275764
627712,627712,0.004941493214573711,0.003124354891042458,0.9647803828120232,0.34660265874117613,-0.001030767656629905,0.003129327047645347,1.526064895093441,0.778795350342989
628736,628736,0.02189836923207622,0.0013203920534579083,0.6543605923652649,0.2553355502896011,-0.00023937056539580226,0.0004471249185371562,0.03286771633429453,0.002905349130742252
629760,629760,0.03034531722369138,0.007282130798557773,0.7959255166351795,0.4355618329718709,0.028484828988439403,0.008439574332442135,1.064216666854918,0.7767403423786163
630784,630784,0.020259790966520086,0.019142143035423942,0.9186711423099041,0.6927153542637825,0.07869858160847798,0.017104809026932344,1.9347867332398891,1.231653057038784
631808,631808,0.02625547637580894,0.010303091243258677,0.9053640849888325,0.5522667150944471,0.13825428113341331,0.025965429260395467,1.25748810172081,1.5845308192074299
632832,632832,0.03736324192141183,0.011257340112933889,0.8970509562641382,0.5630220882594585,0.05759137644781731,0.022122221329482272,0.8395117036998272,1.1010810360312462
633856,633856,0.014928564247384202,0.004388643934362335,0.6108186654746532,0.38516771141439676,0.011062101344577968,0.006045171870937338,1.11152165196836,0.35516855120658875
634880,634880,0.0006223516538739204,0.002882233974673909,0.623078890144825,0.2297465829178691,0.002852270641596988,0.003046927388822951,1.3778646551072598,0.21341427322477102
635904,635904,0.005726049974327907,0.05244916019728407,1.0718635860830545,0.6261732615530491,0.06755330599844456,0.016172757896129042,1.1202235985547304,1.1038325987756252
636928,636928,0.026166870738961734,0.01336013239051681,1.1445557698607445,0.6538379974663258,0.06499081823858432,0.01736340211937204,1.349090963602066,1.0534938517957926
637952,637952,0.011101613548817113,0.004066977347974898,0.6867826338857412,0.25449956394732,0.03641868702834472,0.006064611581678037,1.4363675639033318,0.38359264750033617
638976,638976,0.000941491438425146,0.0041434586310060695,0.7169794775545597,0.23491986887529492,0.017908607464050874,0.010953930541290902,1.3870932646095753,0.5586132267490029
640000,640000,0.010838292597327381,0.015212169237202033,0.7863608356565237,0.23451998783275485,8.855829946696758e-05,0.0034475844258849975,1.0704676862806082,0.2593107542488724
641024,641024,0.042695914627984166,0.0047199039909173734,0.9708494897931814,0.49343209248036146,0.009664435405284166,0.021099619421875104,0.34759653359651566,0.9689445104449987
642048,642048,0.020419331805896945,0.009015603420266416,0.8654663655906916,0.46846890915185213,0.04373337686411105,0.013422106087091379,0.923117202706635,0.827991770580411
643072,643072,0.040614537661895156,0.004577752004479407,0.6842575445771217,0.3551449263468385,0.009456248488277197,0.0018666301384655526,0.8644769545644522,0.13781527057290077
644096,644096,0.001114857557695359,0.0071918807916517835,1.1752814091742039,0.5266325883567333,0.013407382881268859,0.010102679720148444,0.5022613350301981,0.5515613239258528
645120,645120,0.03058341312862467,0.028905935352668166,0.8544017914682627,0.4764467291533947,0.038130217406433076,0.011314686562400311,1.366319278255105,0.6427552662789822
646144,646144,0.01694061915623024,0.009036841172928689,0.9800936821848154,0.39302246924489737,-0.0030088780622463673,0.003699541495734593,0.9590069223195314,0.16737622627988458
647168,647168,-0.0004894780431641266,0.004242285027430626,0.6161502469331026,0.3717642165720463,-0.017805453506298363,0.002397412912614527,1.0978741981089115,0.17006415920332074
648192,648192,0.00937210489064455,0.001016676016661222,0.2722907760180533,0.09051021607592702,-0.0010570088488748297,0.001024527558229238,1.1691543105989695,0.17488769465126097
649216,649216,-0.014528533574775793,0.0005207727137985785,0.7631076974794269,0.2781677811872214,-0.0018827759486157447,0.0008597928291464996,1.2472074292600155,0.18757347157225013
650240,650240,0.003699244189192541,0.022126851326902397,0.8964105565100908,0.5467889420688152,0.03183678610366769,0.017397965348209254,2.2454440221190453,0.9935541171580553
651264,651264,0.04489336788537912,0.01373302067804616,0.8415102194994688,0.5900685396045446,0.0288575166487135,0.022492388961836696,1.58594523742795,0.823541721329093
652288,652288,0.008218161252443679,0.004410725232446566,0.7520541492849588,0.4059935649856925,0.03848206519614905,0.007359857314440887,0.634235791862011,0.48452315013855696
653312,653312,0.017189387552207336,0.004165266611380503,0.8734191432595253,0.4323819214478135,0.05921275814762339,0.016637712076772004,0.808872614055872,1.388403706252575
654336,654336,0.0126226959109772,0.006345228983263951,0.6412462890148163,0.26797108817845583,0.0322614093311131,0.00692071795128868,1.3136624284088612,0.7420003833249211
655360,655360,0.003736366008524783,0.04118196674971841,0.7730548996478319,0.5837756777182221,0.025324260292109102,0.03476595791289583,0.5475913621485233,1.0143459998071194
656384,656384,0.09028233413118869,0.036594021250493824,1.1824116855859756,0.8435575366020203,0.08955058653373271,0.03245327068725601,0.49121794011443853,3.095062308013439
657408,657408,0.04755780655250419,0.014439285499975085,1.1468902006745338,0.5015130825340748,0.06565012043574825,0.01840895213535987,0.24008152401074767,2.486257880926132
658432,658432,0.03933826422871789,0.00459144249180099,0.9334729705005884,0.37920819222927094,0.0666643503936939,0.009660226838605013,1.7672307081520557,0.9510429780930281
659456,659456,0.00791369927173946,0.0046446911510429345,0.8283670824021101,0.3086553579196334,0.04901214613346383,0.010208086554484908,1.4984734114259481,1.017053835093975
660480,660480,0.01387066871393472,0.021455456502735615,1.039205927401781,0.40848099905997515,0.034315001947106794,0.01822241471381858,1.154898900538683,0.8204196635633707
661504,661504,0.029701897976337932,0.013275439909193665,1.094052255153656,0.4667224995791912,0.08567309705540538,0.015155682500335388,0.7338076066225767,1.4247680082917213
662528,662528,0.004669494373956695,0.008359605257282965,0.8443749099969864,0.31767699029296637,-0.009690258448245004,0.006693861556414049,0.36035291478037834,0.2596493980381638
663552,663552,0.02861737023340538,0.0038394984512706287,0.7480821423232555,0.25657274667173624,0.04060737915278878,0.006147032272565411,1.2037467304617167,0.299411483341828
664576,664576,0.006124547799117863,0.008113550080452114,0.6140090804547071,0.2925068670883775,0.010648774215951562,0.0033577500598767074,1.0328871961683035,0.28344725258648396
665600,665600,-0.00601499923504889,0.01759692391351564,1.173172352835536,0.6965818954631686,0.044139973251731135,0.015849880932364613,1.6740147862583399,1.1347644459456205
666624,666624,0.021392198716057464,0.01596205891110003,1.1508516184985638,0.6271470189094543,0.06116509358980693,0.03866111795650795,1.0832003746181726,1.9138812944293022
667648,667648,0.030780609406065196,0.010617702690069564,0.8452957775443792,0.45008752401918173,0.0011506761657074094,0.007400202957796864,0.6411854042671621,0.27853571297600865
668672,668672,0.040136479947250336,0.003255978590459563,0.5371702890843153,0.5121685611084104,-0.02207022369839251,0.0010048545136669418,0.8587718214839697,0.17647718451917171
669696,669696,0.03098188911098987,0.0034972331532117096,0.5350958351045847,0.23330729035660625,-0.0231242444133386,0.0001105604403619509,1.0122531112283468,0.17263794131577015
670720,670720,-0.019180414310540073,0.025003437011037022,1.3108954317867756,0.7518188720569015,0.015137286332901567,0.007556173994089477,1.174870828166604,1.2058881530538201
671744,671744,0.02960763085866347,0.007902790894149803,1.0391785390675068,0.4671569149941206,0.16391039674635977,0.008098005593637936,3.088974606245756,3.2762524783611298
672768,672768,0.004239208807121031,0.004056289304571692,0.8727522417902946,0.20974322082474828,-0.03096475434722379,0.0027207998937228695,0.5555318864062428,0.1530033575836569
673792,673792,0.0033554993278812617,0.004725526343463571,0.8277629613876343,0.146292541641742,-0.011911478271940723,0.0003675439468224795,0.31462442921474576,0.04654084466164932
674816,674816,-0.004724030368379317,0.004676462300267303,1.103411678224802,0.19890725519508123,-0.010672131378669292,0.00041128742168439203,1.445045616477728,0.39446671679615974
675840,675840,-0.00627693664864637,0.03446485957829282,1.3328116871416569,0.5470744594931602,0.061432232745573856,0.013283531428896822,0.9710980448871851,1.1308635249733925
676864,676864,0.055060904065612704,0.01253643337986432,0.9686051495373249,0.6213863398879766,0.07483328165835701,0.018946633295854554,0.4610370113514364,1.8969702869653702
677888,677888,0.01978460096870549,0.003421625773626147,0.8468515798449516,0.318388101644814,0.029492885689251125,0.007491757547541056,0.3792867069132626,0.5967485271394253
678912,678912,0.033479013116448186,0.0051677794472198,0.7129320427775383,0.32484781090170145,0.05919348320458084,0.009407332458067685,1.4278895147144794,0.48216904047876596
679936,679936,0.021227953780908138,0.0034249948439537548,0.5963469110429287,0.2686946555040777,0.018879727518651634,0.0005920781022723531,0.8123852303251624,0.11154693874414079
680960,680960,0.018750017959973775,0.030210673896363005,0.8825886845588684,0.5114087164402008,0.08563999287434854,0.03456356085371226,0.6890469491481781,1.3585948459804058
681984,681984,0.0314093107735971,0.0073994746344396845,0.9355314634740353,0.37365931924432516,0.058155154809355736,0.020831964473472908,1.594704419374466,1.1963808089494705
683008,683008,0.013878739468054846,0.0021072232520964462,0.6770243979990482,0.20292249228805304,0.013402264274191111,0.00591379993056762,0.47287245304323733,0.0812871948000975
684032,684032,0.003682017093524337,0.0028292559800320305,0.7123007960617542,0.18959649233147502,0.04257373450673185,0.009832289681071416,0.09260013047605753,0.21777575835585594
685056,685056,-0.0013403536868281662,0.014378547231899574,0.5912638232111931,0.18531659338623285,0.07764197490178049,0.010022697962995153,0.3005058625712991,0.27225999301299453
686080,686080,0.008778858245932497,0.0018971205081470544,0.555569477379322,0.44560050778090954,-0.0039013188070384786,0.0014752328661415959,0.5804035607725382,0.18644986697472632
687104,687104,-0.0024606387014500797,0.0008210333980969153,0.48674128390848637,0.1519805653952062,-0.026840101840207353,0.0002895355437431135,1.0496926754713058,0.16424118587747216
688128,688128,0.019880592488334514,0.0007033116239654191,0.5385450981557369,0.2576570240780711,-0.03432633128250018,0.00019493656282065785,0.9410220086574554,0.15804674103856087
689152,689152,0.028885234147310257,0.006390778537024744,0.6326287165284157,0.30388166196644306,0.07836842912365682,0.004679371901147533,0.9094990529119968,0.4388224948197603
690176,690176,0.0005893660272704437,0.025584087939932942,0.8192546591162682,0.3183404244482517,0.03612752695335075,0.011821458596386947,2.299351077526808,0.8843401847407222
691200,691200,0.03169770262320526,0.04665575141552836,1.00040740147233,0.36806741543114185,0.0705348418559879,0.03350853768642992,0.9301007464528084,1.812572281807661
692224,692224,0.014749724708963186,0.022513014526339248,1.0217324830591679,0.3678534599021077,0.04889503330923617,0.01624328372417949,0.5189359271898866,0.8054169733077288
693248,693248,0.011017155105946586,0.009478829641011544,0.8289085645228624,0.36518164817243814,0.04853408070630394,0.012248011829797179,0.9571128524839878,1.0362137239426374
694272,694272,0.00048551677900832146,0.0035728242655750364,0.6818585954606533,0.30810968996956944,0.030471865291474387,0.007209558680187911,0.5770103801041842,0.41388956690207124
695296,695296,-0.005055405723396689,0.01741707295877859,0.6270229015499353,0.300711901858449,0.01107134742778726,0.005479361756442813,0.3810013167094439,0.0799946989864111
696320,696320,0.01899802646948956,0.008219418392400257,0.9809079263359308,0.3238198636099696,0.0013911985442973673,0.006331170399789698,1.051812395453453,0.4503492694348097
697344,697344,0.00331326037121471,0.0006035802689439151,0.7857251781970263,0.21631120005622506,-1.514170435257256e-05,0.0026827167266674223,0.04031772795133293,0.0035985320573672652
698368,698368,0.010758117656223476,0.005154960999789182,0.683910246938467,0.2760663409717381,-0.007463529036613181,0.004840690591663588,1.4672236796468496,0.4367418873589486
699392,699392,0.014013497551786713,0.007695867163420189,0.6370100062340498,0.2525524110533297,0.027451665373519063,0.003893265131409862,0.6155447065830231,0.32501178700476885
700416,700416,-0.043422836635727435,0.02671098368591629,0.5011170646175742,0.28006289014592767,0.03888814398669638,0.010095597564941272,1.2028798423707485,0.8341920520178974
701440,701440,0.007234729375340976,0.01278690414619632,0.565480213612318,0.37308881618082523,0.027004900242900476,0.010341927118133754,1.1309683471918106,0.7709876969456673
702464,702464,-0.0031635327759431675,0.0010589860885374947,0.49382995814085007,0.16400114633142948,0.01827047680853866,0.00022260141645347176,1.2503945101052523,0.25152263266500086
703488,703488,0.009309451197623275,0.004442131532414351,0.5463472586125135,0.24522325536236167,-0.008974134354502894,0.0007769048970658332,1.1177501920610666,0.14092152356170118
704512,704512,0.029398341139312834,0.0036751614206878003,0.5684910360723734,0.2455653678625822,-0.01782312100112904,9.163304585513288e-05,1.1399662271142006,0.12521775369532406
705536,705536,0.0003770667390199378,0.024217858590418473,0.62041000649333,0.4339896636083722,-0.01965761580504477,0.006140500532637816,1.2364462837576866,0.5798036232590675
706560,706560,0.02664747924427502,0.009811040872591548,0.8897327538579702,0.43409549724310637,0.06353261607000604,0.010360243264585733,2.1614112369716167,1.4185435883700848
707584,707584,0.018795753640006296,0.015659148804843426,0.7264882083982229,0.3619060916826129,0.015760636451886967,0.01450316610862501,1.1154305581003428,0.671181432902813
708608,708608,0.031261542229913175,0.005152029501914512,0.6757384594529867,0.3408178323879838,0.06075915606925264,0.005355463421437889,0.26008059037849307,0.6481157504022121
709632,709632,0.007151134952437133,0.0025571021251380444,0.6473783142864704,0.27408257499337196,0.08938877022592351,0.003706174382386962,1.3860083650797606,0.5902663432061672
710656,710656,-0.007719335844740272,0.024526783381588757,0.7823836170136929,0.41414006892591715,0.053068687266204506,0.009681069132057019,1.94075520709157,1.4158168509602547
711680,711680,0.005746484355768189,0.012573890868225135,0.8375344946980476,0.32623910903930664,0.017975359980482608,0.0035953617698396556,0.6381325777620077,0.15485386934597045
712704,712704,0.023415446077706292,0.003782218147534877,0.8215932678431273,0.29751266445964575,-0.012986288988031447,0.004455230962776113,0.4112291927449405,0.2906207584310323
713728,713728,0.012209649750730023,0.005640421935822815,0.6387837287038565,0.256683690007776,0.03736514720367268,0.004227625478961272,1.3867188021540642,0.4658259255811572
714752,714752,0.01120887283468619,0.004080884558788966,0.5561391226947308,0.22946254489943385,0.04182703833794221,0.004466073492949363,0.18406580458395183,0.2790582177694887
715776,715776,-0.025678155448986217,0.024500916159013286,0.6100399866700172,0.5677635716274381,0.019169500934367534,0.01918832174851559,0.057789134909398854,0.2643389680888504
716800,716800,0.015868137445067987,0.006227419784408994,0.6098961271345615,0.3749613454565406,0.008945288456743583,0.02052864441066049,0.12490918580442667,0.6962366625666618
717824,717824,0.01211788214277476,0.0030512623670801986,0.4915444031357765,0.1976725966669619,-0.006460063450504094,0.003441537019170937,0.5365111022256315,0.07285491557558998
718848,718848,-0.0033151773968711495,0.0054630194972560275,0.5063347369432449,0.1972679360769689,0.07787271172855981,0.006872357040265342,1.3720381036400795,0.6857280321419239
719872,719872,0.00137988907226827,0.008041876535571646,0.9014902114868164,0.31042513716965914,-0.010398791811894625,0.007291568974324036,0.9520801920443773,0.5364148309454322
720896,720896,0.006240304835955612,0.03312527941307053,0.8909151423722506,0.3648809092119336,0.007016219169599935,0.009503677785687614,0.20806952170096338,0.23936808930011466
721920,721920,-0.0002702244382817298,0.013547573558753356,1.0962433014065027,0.41491949558258057,0.002099959529004991,0.0115914290654473,0.2659192197024822,0.18524559889920056
722944,722944,-0.003431835415540263,0.0019786055090662558,0.5665579698979855,0.17928146570920944,0.0014326571254059672,0.004652110248571262,0.09527401626110077,0.22086027218028903
723968,723968,-0.0014468448498519138,0.003580746353691211,0.6082285288721323,0.2021721452474594,0.0011099011753685772,0.003586572092899587,0.16994871199131012,0.01796285912860185
724992,724992,0.009999151050578803,0.00478483496044646,0.6462044157087803,0.1694354498758912,0.05616277491208166,0.0032391399417974753,1.2618606127798557,0.4352627075277269
726016,726016,0.015962053978000768,0.021718133633839898,0.930604862049222,0.450693410821259,0.04152739065466449,0.0077549059060402215,2.8422504663467407,1.396917037665844
727040,727040,0.005912026506848633,0.00837062080972828,1.2046369016170502,0.5045052142813802,0.09155995189212263,0.026200501481071115,1.087595071643591,2.0923254005610943
728064,728064,0.018278087954968214,0.004824621042644139,1.189422033727169,0.4767357613891363,0.030594471842050552,0.010207140614511445,0.3896761629730463,0.8297238182276487
729088,729088,0.012740840102196671,0.008094158096355386,0.9078394826501608,0.4650212414562702,0.05634103866759688,0.015431947074830532,0.5456233089789748,1.0925065577030182
730112,730112,0.0070164969365578145,0.02158183653955348,0.7313585020601749,0.37307822797447443,0.09321487142005935,0.01503835103358142,1.164911437779665,1.6483341716229916
731136,731136,0.01607539679389447,0.012373609482892789,0.9134934805333614,0.37792945746332407,0.04728038317989558,0.009606625637388788,1.3193106390535831,0.6839804630726576
732160,732160,0.002854908634617459,0.007773818506393582,1.0042307246476412,0.3138196999207139,0.026952382584568113,0.005151912904693745,1.2835347689688206,0.453904515132308
733184,733184,0.01920888206223026,0.010159426543395966,0.855210280045867,0.3735649362206459,0.021647530782502145,0.011398138871300034,1.5712354257702827,0.7983214110136032
734208,734208,0.019390103727346286,0.009778934952919371,1.0353638418018818,0.5128780277445912,0.041313599213026464,0.012555820270790718,0.2885844502598047,1.3547972291707993
735232,735232,0.018974649370647967,0.04584975662874058,0.7455360740423203,0.29345364542678,0.004969187517417595,0.00668889098596992,0.2579842247068882,0.4127951143309474
736256,736256,0.024091445055091754,0.022963653231272474,1.1707097738981247,0.4898490719497204,0.12778719782363623,0.020264720544219017,0.8813877049833536,2.2064816839993
737280,737280,0.011429062884417363,0.009885588297038339,1.1007205545902252,0.25944833690300584,0.08748156065121293,0.007526010711444542,3.049651302397251,1.2023890726268291
738304,738304,0.02136042498750612,0.007073525586747564,1.2038793414831161,0.38278268091380596,0.06909311129129492,0.011593331611948088,1.9496685080230236,1.410557884722948
739328,739328,0.01355489026173018,0.004531298916845117,0.8383907880634069,0.2730893464758992,0.015395381633425131,0.012959120256709866,0.47743880143389106,0.5932959504425526
740352,740352,-0.007145011593820527,0.012283801697776653,0.8762010987848043,0.294482693541795,0.074856398452539,0.008639124091132544,0.223842010833323,0.6261787433177233
741376,741376,-0.004313994897529483,0.008047348470427096,1.1387063451111317,0.38299063313752413,0.08445981962722726,0.01651810551993549,0.4734510378912091,2.1073979698121548
742400,742400,0.010292372840922326,0.007603083751746453,1.0043139513581991,0.311016627587378,0.05509709117177408,0.011749929093639366,1.2288398575037718,0.7319399286061525
743424,743424,0.021151768320123665,0.0019419910022406839,0.576885249465704,0.19954915205016732,-0.00976719573372975,0.0008599891743870103,0.5209312692750245,0.6147173140197992
744448,744448,0.00983770817401819,0.005054473542259075,0.7708281148225069,0.2730274833738804,0.05811695259762928,0.0004901836595081477,0.01714369375258684,0.621381382457912
745472,745472,0.02236191507836338,0.025008948927279562,0.8605006206780672,0.4519202057272196,0.06347480555996299,0.02163265095441602,0.046733763883821666,1.5103447698056698
746496,746496,0.04366795174428262,0.009832346171606332,1.0457560140639544,0.5516227250918746,0.12843261694069952,0.02285603404743597,0.05911952396854758,1.69122314453125
747520,747520,0.01656189230561722,0.007201089261798188,0.8561368007212877,0.2800455680117011,0.0342251191905234,0.008363026558072306,0.03725130605744198,0.6733873952180147
748544,748544,0.0342166478803847,0.00566600299498532,0.7161979805678129,0.3345472840592265,0.05181643186369911,0.008516051879269071,0.06180726538877934,0.5782940369099379
749568,749568,0.015995561028830707,0.005134217768500093,0.7530672699213028,0.25951929530128837,-0.00914353781263344,0.00656907660595607,0.19924646359868348,0.3036335934884846
750592,750592,-0.014887411467498168,0.02255574965965934,0.5785794705152512,0.6728680087253451,0.012447426561266184,0.01193659333512187,0.5892694732174277,0.5735799567773938
751616,751616,0.025009627250256017,0.0071308104452327825,0.5671720523387194,0.43233980890363455,0.0746575336670503,0.011307254753774032,2.58661837130785,1.0848341193050146
752640,752640,-0.0036510441568680108,0.0032443260060972534,0.5428616795688868,0.24321250664070249,0.030127198959235102,0.004746294014694286,0.9164770008064806,0.2938990600523539
753664,753664,-0.014969020150601864,0.0013979288396512857,0.6286153960973024,0.1242395918816328,-0.011655939320917241,0.0034357995782556827,0.9440920418128371,0.13701499276794493
754688,754688,-0.013665406469954178,0.001414226505858096,0.8546988498419523,0.16767835663631558,-0.01220394681149628,0.0034940599480250967,2.452058732509613,0.5507515692152083
755712,755712,0.008755629183724523,0.03119647066341713,0.7661943286657333,0.8934052083641291,0.10560688521945849,0.01321389818622265,1.2954895235598087,1.9212642349302769
756736,756736,0.03845087147783488,0.01678719648043625,0.8689709957689047,0.4281066358089447,0.11892928089946508,0.021436410170281306,0.3652048632502556,1.6887283250689507
757760,757760,-0.0014106561138760298,0.0036065375024918467,0.6323466841131449,0.2026619859971106,-0.013608790221042,0.0006611231046917965,1.0234136618673801,0.14990550465881824
758784,758784,0.0026665046898415312,0.0036416934090084396,0.6036994941532612,0.1997831491753459,-0.00703815148153808,0.0007969778475853673,0.6255751457065344,0.09427976096048951
759808,759808,0.004446062041097321,0.0034795169667631853,0.5391497118398547,0.15884365793317556,-0.010581666880170815,0.0012792776847163623,0.8685758039355278,0.14654288301244378
760832,760832,-0.004467542690690607,0.020679646026110277,0.9621375426650047,0.3559645814821124,0.09130671281309333,0.03974131873110309,1.1601742710918188,1.6572741121053696
761856,761856,0.0043854569958057255,0.011439122667070478,1.111570943146944,0.370941910892725,0.03716898703714833,0.040948432113509625,0.6664127055555582,1.5472927428781986
762880,762880,0.014342447451781482,0.005869886605069041,0.9609528556466103,0.42507779505103827,0.035262251971289515,0.01942328247241676,0.9123824760317802,0.5287313777953386
763904,763904,-0.0010884419025387615,0.003064603079110384,0.9990904647856951,0.27462909696623683,-0.01204448752105236,0.005272686150419759,0.9281154237687588,0.35910917539149523
764928,764928,0.016237016883678734,0.004832722166611347,0.9404765404760838,0.3854570547118783,0.0482780578895472,0.008991006805445068,1.4258837588131428,0.5157945305109024
765952,765952,-0.0004051972064189613,0.014985666726715863,1.1519147567451,0.46791627909988165,0.026575943687930703,0.01538463804172352,1.0543318185955286,0.8825706373900175
766976,766976,0.005846139523782767,0.003027151949936524,0.7073951531201601,0.44407835975289345,0.16602332703769207,0.006888187926961109,1.746095810085535,0.9323871601372957
768000,768000,0.008356463717063889,0.0052453280295594595,0.7468196824193001,0.25567447673529387,0.04503647147794254,0.00701338671206031,1.566851481795311,0.7467140033841133
769024,769024,-0.0031890413374640048,0.0040638991122250445,0.6510671526193619,0.19234974309802055,-0.013501540146535262,0.003162189408612903,0.5387846194207668,0.16027635848149657
770048,770048,0.0006582142959814519,0.025402943982044235,0.6252855081111193,0.2968912096694112,0.022216578683583066,0.013776122897979803,0.6201418098062277,0.48328816797584295
771072,771072,0.0448541279474739,0.021487428050022572,0.9075475689023733,0.47236119117587805,0.018521314690588042,0.015757241533719935,1.2997599579393864,0.4871940780431032
772096,772096,0.004191237399936654,0.010818111084518023,0.7955261114984751,0.3315239613875747,0.06700158712919801,0.016777388664195314,0.5899699060246348,0.8797485176473856
773120,773120,-0.007293743401532993,0.0015209318698907737,0.59843819309026,0.1443019649013877,-0.008680875369464047,0.005661957248776162,1.1454890873283148,0.1730528420303017
774144,774144,0.012201139004901052,0.004413732844113838,0.6387656014412642,0.2115482515655458,0.02228046118398197,0.006417720318495412,1.2341144494712353,0.21675301622599363
775168,775168,0.0023461896635126323,0.014982575870817527,0.7831685319542885,0.23171771224588156,0.05168150385725312,0.011133927255286835,2.9307794608175755,1.514481171965599
776192,776192,0.011301387203275226,0.004971570822817739,0.6741686370223761,0.24295292515307665,0.0013444485375657678,0.005458158295368776,2.5738781429827213,1.0664016930386424
777216,777216,0.0029052634054096416,0.008322177636728156,0.8210810571908951,0.34713282668963075,0.028164625022327527,0.0003726746228949196,0.7555534930434078,0.2339920592494309
778240,778240,0.02736577420728281,0.010221084288787097,1.2991748712956905,0.45097651705145836,0.027700781327439472,0.011976583264186047,0.9262671424075961,1.606845535337925
779264,779264,0.015115856134798378,0.008197025003028102,1.0686609353870153,0.3072084505110979,0.07761623000260442,0.018224922299850732,0.43055280996486545,1.7463337369263172
780288,780288,-0.0035415128659224138,0.03789356251945719,1.0507822092622519,0.3752322169020772,0.08411563548725098,0.021071909286547452,1.5958696715533733,2.3574929237365723
781312,781312,0.06542380899190903,0.04708887432934716,1.1344295516610146,0.48494482412934303,0.05802395578939468,0.015511700563365594,0.9595676902681589,2.365645222365856
782336,782336,0.01685292460024357,0.021929406299022958,1.0856823902577162,0.4849239708855748,0.06095962651306763,0.01804523356258869,0.6167041342705488,1.8341359458863735
783360,783360,0.02269507886376232,0.008131121525366325,0.9592560771852732,0.34156913589686155,0.03801137502887286,0.01420325381332077,0.8190970290452242,0.6849457947537303
784384,784384,-0.0020402753143571317,0.005247778746706899,0.9332109298557043,0.25557419657707214,0.011651282431557775,0.009820131424930878,0.7544499598443508,0.266393035184592
785408,785408,0.009937828202964738,0.016140853404067457,0.7986639942973852,0.3132053455337882,0.06598137289984152,0.02187584957573563,1.0307561960071325,1.0165147576481104
786432,786432,0.006328843766823411,0.006278356515394989,0.9765743389725685,0.2858337094075978,0.057228977559134364,0.010317728170775808,1.8808645904064178,0.942671487107873
787456,787456,0.038599431252805516,0.015482224145671353,0.834855081513524,0.3386126747354865,0.05290770923602395,0.02105446351924911,1.0021384581923485,0.9584283158183098
788480,788480,0.004605331749189645,0.0060574224989977665,0.9702911227941513,0.310613464564085,0.06747404945781454,0.006377205296303146,1.1766544096171856,0.6003584740683436
789504,789504,0.009407574470969848,0.008682428247993812,0.90604642406106,0.26516663935035467,0.06616224782192148,0.01225925053586252,0.9948890171945095,0.7244576159864664
790528,790528,0.0003716452047228813,0.038519643305335194,0.86832588724792,0.550592471845448,0.03309691115282476,0.012552520434837788,0.901119789108634,0.8781329914927483
791552,791552,0.020858996431343257,0.026509825460379943,0.8192526325583458,0.36795173212885857,0.0476638036489021,0.012507436957093887,1.1656187921762466,1.6189839094877243
792576,792576,-0.010009351914050058,0.0058452941666473635,0.9654483068734407,0.28628759179264307,0.02798787533538416,0.006773401088139508,1.0790634825825691,0.29597698897123337
793600,793600,0.010154216855880804,0.007857891308958642,0.6174652855843306,0.2745705898851156,0.10346840365673415,0.012530838677776046,1.3276937380433083,1.0611882414668798
794624,794624,-0.008713644958334044,0.004676382577599725,0.5418106634169817,0.16487913951277733,0.006205584926647134,0.0031913931561575737,1.2370338179171085,0.2006193888373673
795648,795648,-0.01882129658042686,0.014079811873671133,0.8147430028766394,0.3444060143083334,-0.03872559481533244,0.010475785089511191,0.8880306053906679,0.14520678808912635
796672,796672,0.0026092526532011107,0.0066579447739059106,1.2545178458094597,0.4249355783686042,0.012999072263482958,0.020902152522467077,0.26836850494146347,1.36392205581069
797696,797696,-0.008867853204719722,0.011221701162867248,1.1830456890165806,0.4413441875949502,0.030758898181375116,0.014807653642492369,0.9789512306451797,1.0219074431806803
798720,798720,-0.0010007369273807853,0.005550862944801338,0.7482448257505894,0.31734687089920044,0.043348264473024756,0.012401264320942573,1.1247860807925463,0.7180046383291483
799744,799744,0.0027618107851594687,0.006438111799070612,0.9635430201888084,0.34206574875861406,0.07862207025755197,0.013786690251436085,1.2558693177998066,0.7889594901353121
800768,800768,-0.0021320863452274352,0.02432976377895102,1.045711336657405,0.4096770165488124,0.055185070872539654,0.02144182552001439,0.8976059146225452,1.9634533002972603
801792,801792,-0.005789575043309014,0.00308127512835199,1.249562069773674,0.492032746784389,0.08897207446716493,0.01216298816143535,1.241534138098359,1.5354214385151863
802816,802816,-0.02320286782924086,0.004078212834428996,1.4947323612868786,0.5373962391167879,0.0838352374266833,0.008937257967772894,1.3642957024276257,0.9182686973363161
803840,803840,0.011423855234170333,0.007692141050938517,0.9116915911436081,0.3310289094224572,0.0471625012869481,0.021459265641169623,0.9776736441999674,1.0823443233966827
804864,804864,0.0014120307750999928,0.002024265646468848,1.124438950791955,0.33355236146599054,0.014550680716638453,0.005943349729932379,1.2152444329112768,0.3231740384362638
805888,805888,0.003642746334662661,0.03370333861676045,0.8339322786778212,0.6102992594242096,0.08144067187095061,0.020632864063372836,1.283553246408701,0.8576137702912092
806912,806912,0.02596684079617262,0.009216105900122784,0.6289534643292427,0.30569565715268254,0.005142198380781338,0.014065145071072038,1.209209855645895,0.40522105898708105
807936,807936,-0.0004899047926301137,0.002960241869004676,0.6801809296011925,0.19645011611282825,-0.023168049607193097,0.006818831512191537,1.3567804731428623,0.21318554040044546
808960,808960,0.012611354235559702,0.003605413185141515,0.6426103748381138,0.3392718965187669,0.04453953803749755,0.008621229935670272,0.653148241341114,0.5017146924510598
809984,809984,0.006556974316481501,0.002345044515095651,0.7254815129563212,0.2270434400998056,-0.004812004204723053,0.00287352745726821,0.6408456536009908,0.09987204312346876
811008,811008,0.019683795631863177,0.028838123806053773,1.0556163769215345,0.36166779324412346,0.0562481994566042,0.017699855321552604,0.9091390613466501,2.0978475920856
812032,812032,0.0023931196410558186,0.010437819335493259,0.9693077113479376,0.3561432287096977,0.07795708172488958,0.012708027687040158,1.2256683353334665,1.2741949148476124
813056,813056,-0.001882348777144216,0.0045222830813145265,1.0767064560204744,0.3638297002762556,0.09011212427867576,0.009761601308127865,1.5987317264080048,0.8100690208375454
814080,814080,0.01303962167003192,0.0036553491299855523,0.9840690139681101,0.2994962832890451,0.05059538708883338,0.01126275083515793,1.3792042471468449,1.137431962415576
815104,815104,0.0025237833033315837,0.026117311441339552,0.7079375199973583,0.387068466283381,0.08227041427744552,0.017934583796886727,1.2462347857654095,1.17792147397995
816128,816128,0.03653054707683623,0.021148321102373302,0.8711887337267399,0.3095310563221574,0.07698919286485761,0.014302489755209535,1.2213579155504704,1.1854217145591974
817152,817152,0.01386487485433463,0.01214649596659001,0.8463869094848633,0.31386721692979336,0.09429121820721775,0.017581667809281498,1.2692443765699863,1.0118733178824186
818176,818176,0.009720604110043496,0.005284665152430534,0.9964619185775518,0.35880973748862743,0.04528657022456173,0.010777779083582573,1.4518435038626194,0.5791776981204748
819200,819200,-0.006689067697152495,0.003264542028773576,0.896777655929327,0.3395255305804312,-0.0028448215452954173,0.0056401277834083885,1.1848354041576385,0.3215555832721293
820224,820224,-0.03516137755650561,0.01919406050001271,0.6336160525679588,0.26974205719307065,0.018648381112143397,0.01063272303872509,1.3576890788972378,0.8540699928998947
821248,821248,0.017009939678246155,0.023225509765325114,1.292623307555914,0.5187098179012537,0.1114781784126535,0.02308553093462251,0.5181564018130302,3.3267524167895317
822272,822272,0.011411402156227268,0.013477236629114486,0.994692824780941,0.5344785051420331,0.06014015243272297,0.011927688683499582,1.0139171984046698,1.0927006602287292
823296,823296,0.0038973817136138678,0.005663749216182623,0.7872507609426975,0.3221703926101327,0.06069051966187544,0.015676816896302626,1.3012827895581722,1.1383955217897892
824320,824320,0.018262468482134864,0.005458448562421836,0.8548850137740374,0.35313864424824715,0.03843410746776499,0.008682044994202442,1.403895914554596,0.8938736412674189
825344,825344,-0.027404460386605933,0.010758913806057535,0.815346660092473,0.2765621221624315,-0.009568786423187703,0.003545088999089785,0.8299767263233662,0.31504040909931064
826368,826368,0.00242768794123549,0.009265695844078436,0.9562585763633251,0.3727763397619128,0.06374477478675544,0.008813744541839696,1.123166598379612,0.5756260296329856
827392,827392,-0.01379632082534954,0.004504174008616246,0.7943912502378225,0.2879024017602205,0.03684503088879865,0.009348806910566054,0.979353429749608,0.46244762372225523
828416,828416,0.0068969765125075355,0.013549137467634864,1.189250798895955,0.4887278750538826,0.037026226811576635,0.013881504186429083,1.1602358967065811,0.9520597402006388
829440,829440,0.025180390119203366,0.014823345700278878,0.793515283614397,0.35347905941307545,0.045161807152908295,0.009300684498157352,1.1526598669588566,1.3409537635743618
830464,830464,-0.014909027755493298,0.028758487373124808,0.7630769573152065,0.4220216302201152,0.03181352780666202,0.01662400909117423,0.9292419068515301,0.8716595992445946
831488,831488,0.00943673713481985,0.005754048062954098,0.9294785186648369,0.46729773189872503,0.06218846785486676,0.012525773854576983,1.304015351459384,0.8374209944158792
832512,832512,0.01803188311168924,0.0031923119859129656,0.6085877940058708,0.2605113312602043,0.017679491138551384,0.006204539138707332,0.9444384016096592,0.20215242821723223
833536,833536,0.03708433682913892,0.0071842463621578645,0.6277245730161667,0.29751710314303637,0.02745492557005491,0.005881630124349613,1.0141788255423307,0.34481282671913505
834560,834560,0.008818751899525523,0.008018635053304024,0.5078252358362079,0.14365398860536516,-0.008689931186381727,0.0015355050577454676,0.7915629837661982,0.15906352270394564
835584,835584,-0.024028644314967096,0.023849244418670423,1.0854521468281746,0.47894168365746737,0.024084520380711183,0.009560319347656332,0.8257056698203087,0.7965664062649012
836608,836608,0.026608084350300487,0.019297986902529374,1.2098135277628899,0.5656186426058412,0.08729094127193093,0.028670642350334674,0.9606760516762733,2.0124045237898827
837632,837632,0.020467577240196988,0.0080254596832674,1.0751924514770508,0.42181439884006977,0.07381586899282411,0.012350406148470938,1.5125073920935392,1.1093240808695555
838656,838656,0.0070748669386375695,0.002989087450259831,0.6976475361734629,0.26546918926760554,0.054898112575756386,0.005676221269823145,1.3604216985404491,0.34972742944955826
839680,839680,0.012786274623067584,0.0028287688292039093,0.7168845776468515,0.1766375727020204,-0.010201276279985905,0.0005145102704773308,1.015882471576333,0.1544737839139998
840704,840704,0.011145340831717476,0.009981441166019067,0.9077954962849617,0.44785129837691784,0.03646258229855448,0.009151450474746525,1.672848679125309,0.5691183786839247
841728,841728,-0.010616991407005116,0.005832062874105759,0.9850740227848291,0.3741822000592947,0.018882939737522975,0.012055095488904044,1.0072452034801245,0.6780007444322109
842752,842752,-0.005536056181881577,0.0016728847085687448,0.6377030871808529,0.2850488983094692,0.019616771445726044,0.0020479251825236133,0.6643523974344134,0.11444123205728829
843776,843776,-0.0018620135815581307,0.0029898627599322936,0.5838711997494102,0.1025996427051723,-0.004009409196441993,0.00015765685645874328,1.2210471294820309,0.185355820460245
844800,844800,-0.006145304825622588,0.004586478386045201,0.6503124888986349,0.11586734233424067,-0.007659978829906322,0.00010981602272863711,0.9784230086952448,0.14148975675925612
845824,845824,-0.013641472323797643,0.031455568241653964,1.0815948396921158,0.44139291997998953,0.04413636410026811,0.025030808319570497,0.8424420626834035,1.7111944295465946
846848,846848,0.021947150555206463,0.022963927796809003,0.8890624046325684,0.3916352242231369,0.05773230153135955,0.019841957953758538,1.2640344593673944,1.6314080022275448
847872,847872,0.015713999891886488,0.004940856779285241,0.5021759159862995,0.21620008163154125,0.009835866119829006,0.0012805929763999302,0.7154262028634548,0.11248285952024162
848896,848896,0.021838399334228598,0.0034112827088392805,0.908161111176014,0.37324661668390036,0.0420933123677969,0.010197177733061835,0.7232958236709237,0.9105249112471938
849920,849920,0.002647040440933779,0.005928378232056275,0.35927366092801094,0.16915204422548413,0.13974700425751507,0.0001694994159606722,2.935850441455841,1.7905968390405178
850944,850944,-0.005181670814636163,0.047176940890494734,1.4110914394259453,0.7371927089989185,0.1683650240302086,0.026579021650832146,1.4307914450764656,2.9086183235049248
851968,851968,0.026846630877116695,0.022934239328606054,0.999510794878006,0.52388612087816,0.12469801731640473,0.03627543896436691,1.6471043340861797,2.6010325849056244
852992,852992,0.00829345929378178,0.011995666405709926,1.4701533801853657,0.6312281619757414,0.036004861060064286,0.014205765328370035,1.147887459024787,0.7439933717250824
854016,854016,0.003967209762777202,0.008230355713749304,0.9723185710608959,0.4375950312241912,0.05825799368903972,0.021038524515461177,0.9905271027237177,0.9934311006218195
855040,855040,-0.002692258101888001,0.0052779736506636254,0.9056324902921915,0.2832753877155483,0.06946384574985132,0.00968361776904203,1.5893352888524532,0.6549014318734407
856064,856064,0.02115739567670971,0.007013269845629111,0.7222170550376177,0.33864348009228706,0.011689196922816336,0.01404531326261349,0.9822775535285473,0.6358881145715714
857088,857088,0.016198863682802767,0.006574617131263949,0.8030860740691423,0.3286352502182126,0.01581820912542753,0.012417477497365326,0.43385385954752564,0.7606768030673265
858112,858112,0.004338973871199414,0.008041986897296738,1.0117980875074863,0.43087852094322443,0.029166533349780366,0.008891438556020148,1.457484107464552,0.6385725876316428
859136,859136,0.001307049416936934,0.012686888265307061,1.2184313498437405,0.5520267654210329,0.010429190646391362,0.0164584404847119,1.3179267067462206,0.5649774605408311
860160,860160,-0.00031078048050403595,0.024752481636824086,0.9270977433770895,0.3508827453479171,0.077539129240904,0.014990665309596807,0.9443653728812933,1.2618740275502205
861184,861184,0.023009576194453984,0.02359579218318686,0.9095292948186398,0.4682702701538801,0.1093705806415528,0.025114412361290306,0.5192939108237624,2.5603509470820427
862208,862208,0.0016011758998502046,0.006512756095617078,1.1159821264445782,0.382663712836802,0.05713122015004046,0.012423882333678193,1.0902072805911303,1.3418813571333885
863232,863232,0.004547748336335644,0.0062784438850940205,0.8928626086562872,0.31415331084281206,0.07028302972321399,0.013866970461094752,0.9885682817548513,1.2296776473522186
864256,864256,0.0025135687756119296,0.004977210512151942,0.8741980716586113,0.2163409343920648,0.08189167478121817,0.005015875245589996,1.5012856908142567,0.416418026201427
865280,865280,-0.028009777422994375,0.023431160472682677,0.6541091613471508,0.2730587967671454,-0.006108687462983653,0.00593763268989278,1.3478510454297066,0.2583884079940617
866304,866304,0.015900515631074086,0.011272495561570395,1.0155502930283546,0.3210232127457857,0.09869671380147338,0.0070314758268068545,1.938430916517973,0.9482321124523878
867328,867328,0.0021426568127935752,0.005323697529092897,0.9722222723066807,0.41475202050060034,0.0658677572500892,0.010156241492950357,1.4594104755669832,0.7292924504727125
868352,868352,0.0040680960228201,0.0010176140913245035,0.7205095607787371,0.24125409591943026,-0.007604956044815481,0.000456290427678141,1.004152037203312,0.14583568065427244
869376,869376,-0.0022783928434364498,0.003604785157222068,0.9170498494058847,0.27556889411062,-0.012263670389074832,0.002210461811046116,0.9015780240297318,0.14173003286123276
870400,870400,-0.010741390869952738,0.016510419591213576,0.8364454936236143,0.346000611782074,-0.05817888645105995,0.008463060134090483,2.006202094256878,0.6603230033069849
871424,871424,0.004057435580762103,0.004846459152759053,0.9556634984910488,0.381212311796844,0.10169343365123495,0.013570176204666495,1.1556009883061051,0.6920035146176815
872448,872448,0.016546637110877782,0.005199966624786612,0.7921459898352623,0.3239995026960969,0.039574174443259835,0.01428913525887765,2.316286653280258,1.2186890617012978
873472,873472,-0.013395587011473253,0.0023343960201600567,0.7589419204741716,0.16825221059843898,0.024766927876044065,0.0053512658341787755,0.22802637284621596,0.05461074301274493
874496,874496,-0.02418303015292622,0.001596335861904663,0.6642683316022158,0.1969305210513994,3.312097396701574e-05,0.0004914652334946368,0.01292219854076393,0.0010428116656839848
875520,875520,-0.02472978812875226,0.02236431831261143,0.9062794614583254,0.6411378737539053,0.000671286485157907,0.01657667016843334,0.08409687969833612,0.8206288758665323
876544,876544,0.02637842956755776,0.013511699973605573,0.6592395696789026,0.5022528264671564,0.049825302965473384,0.007566890279122163,0.13900299556553364,0.1834920506225899
877568,877568,-0.00017889906303025782,0.003994337443145923,0.5250255856662989,0.24097858043387532,-0.004717207892099395,0.0009789136079234595,0.9145567417144775,0.13385721982922405
878592,878592,-0.005310849956003949,0.0032384583646489773,0.5146560156717896,0.2569989752955735,0.05479199542605784,0.004172091918007936,1.3441850859671831,0.6040056543424726
879616,879616,0.0047662415890954435,0.0038702983511029743,0.45652439072728157,0.18221261957660317,-0.010868654237128794,0.0007995817231858382,0.9726763982325792,0.14821017743088305
880640,880640,-0.014807061626925133,0.025007857097079977,1.1782226264476776,0.6545076528564095,0.032353802598663606,0.009425762866158038,0.4679879629984498,1.2230353821069002
881664,881664,0.028103412449127063,0.015945378079777583,1.028813749551773,0.6586043909192085,0.08201660827035084,0.029148450179491192,0.5794269414618611,3.102881222963333
882688,882688,0.00812669686274603,0.011443519906606525,0.8291057292371988,0.2964258803986013,0.13333264482207596,0.01833368302322924,0.7011068426072598,1.4765203818678856
883712,883712,0.003119282569969073,0.004280801571439952,0.9625195190310478,0.29943580785766244,0.05044136330252513,0.01568140834569931,0.12295803823508322,0.7024377156049013
884736,884736,0.005109764926601201,0.003862847443087958,0.7576369103044271,0.29309495771303773,0.028156388347269967,0.006409700195945334,0.4901675386354327,0.4853902133181691
885760,885760,-0.018440250612911768,0.012719328529783525,1.2765807714313269,0.5472057620063424,0.0188544234551955,0.008728515327675268,1.0152633357793093,0.5079399906098843
886784,886784,0.0036312838419689797,0.0049772686179494485,1.1550036258995533,0.358387756627053,0.08608175697736442,0.006546583827002905,0.25613394286483526,0.7941123060882092
887808,887808,-0.0036338506324682385,0.002627699610457057,0.8253748826682568,0.2085071732290089,0.04099363548448309,0.0038968761982687283,1.8456322764977813,0.572572038974613
888832,888832,-0.002351357717998326,0.003273281668953132,1.0979747381061316,0.3026329721324146,0.0005889125750400126,0.0006034177758920123,0.71015933342278,0.10513557167723775
889856,889856,0.0005239404708845541,0.007445428880600957,0.6141964746639132,0.18605482298880816,-0.014369812459335662,0.00010133971989034762,1.1523617953062057,0.174611730966717
890880,890880,-0.006802543794037774,0.020092303107958287,1.175316195935011,0.5129897352308035,0.05952959632850252,0.019555997860152274,0.7741722911596298,1.7229247950017452
891904,891904,0.012120708968723193,0.008127033375785686,1.0925982426851988,0.5100799333304167,0.13505581568460912,0.01893782604020089,1.2398491147905588,3.1658458039164543
892928,892928,-0.006819608432124369,0.004033073353639338,0.9051317162811756,0.3555692248046398,0.07742306165164337,0.004794050732016331,1.66993498057127,0.5044409902766347
893952,893952,0.001263976446352899,0.005400050347816432,0.5960541274398565,0.2362972958944738,-0.008707374945515767,0.0036630890535889193,0.9113078098744154,0.39479412138462067
894976,894976,-0.017777210217900574,0.008032278783502989,1.415454477071762,0.6245027673430741,0.06800521828699857,0.011968863138463348,1.2846964709460735,0.9342822358012199
896000,896000,0.011494035075884312,0.0311993375653401,1.1308978870511055,0.7426597140729427,0.03147881897166371,0.015739659836981446,0.7796069029718637,1.3339097909629345
897024,897024,0.0018902149749919772,0.010308691737009212,1.130283683538437,0.5779523253440857,0.03685672351275571,0.0171545562625397,0.9277258440852165,1.581449531018734
898048,898048,0.006664038330200128,0.0028405229277268518,0.4257077807560563,0.22010899940505624,0.013707458303542808,0.005190258467337117,0.3851354196667671,0.5669041480869055
899072,899072,0.012406362860929221,0.0004786223225892172,0.698834934271872,0.23376493295654655,-0.01933817012468353,0.0014252767750804196,0.6964701148681343,0.10015982063487172
900096,900096,-0.012915281957248226,0.01434511765546631,0.47407089080661535,0.16520951176062226,0.10235912806820124,0.00827471558295656,3.092307787388563,1.3262508930638433
901120,901120,0.013839781371643767,0.029743366525508463,1.2329562939703465,0.677294384688139,0.06381278054323047,0.02478508686181158,1.4197549112141132,2.0677693262696266
902144,902144,0.012243842807947658,0.026494564837776124,1.043894274160266,0.47726557683199644,0.08406214031856507,0.023204157914733514,0.5179962050169706,1.7814830765128136
903168,903168,0.022629514962318353,0.006106579487095587,0.73784489184618,0.30038225231692195,0.08933222165796906,0.008098528298432939,2.1543960999697447,0.7512550726532936
904192,904192,-0.007291398695087992,0.0017415231486666016,0.6446569543331861,0.19804066512733698,0.004011506447568536,0.000290382582534221,0.8740705205127597,0.15461149119073525
905216,905216,-0.011807265123934485,0.010059079751954414,0.7162334304302931,0.2770908931270242,0.073320563940797,0.010592949198326096,1.2146900836378336,0.8864183239638805
906240,906240,0.011053827314754017,0.01235606026602909,0.8962352201342583,0.36459456011652946,0.0667507321049925,0.010258452864945866,1.4102757051587105,0.8520774524658918
907264,907264,0.011832983640488237,0.00277720784288249,0.6420861799269915,0.2514527328312397,0.009754163256729953,0.0033197660850419197,0.6561419842764735,0.21979947201907635
908288,908288,0.0014696931320941076,0.003844245246000355,0.6107340203598142,0.14023885666392744,-0.0018794269708450884,0.0012342470295152452,1.8641675673425198,0.35893655149266124
909312,909312,-0.002526489071897231,0.007482353459636215,0.7056575883179903,0.13511954550631344,0.0037717300874646753,0.0005332075570549932,1.2366458587348461,0.18669868540018797
910336,910336,-0.029352901183301583,0.020013551154988818,0.7084980495274067,0.32656894624233246,-0.028658605238888413,0.008888379437848926,1.1587214954197407,0.424781009554863
911360,911360,0.02477245806949213,0.01220506348181516,1.2186710871756077,0.537063417956233,0.039900528034195304,0.006945269400603138,0.35849874233826995,0.5726881269365549
912384,912384,-0.012699785205768421,0.0018001286844082642,0.7040923424065113,0.20372806675732136,0.0025867199001368135,0.0009441028137189278,0.8940447401255369,0.1276102615520358
913408,913408,-0.0062506757967639714,0.004263870945578674,0.809906018897891,0.2117965933866799,0.005023226636694744,0.0021741423261119053,1.3206692151725292,0.21375698084011674
914432,914432,0.005994120554532856,0.014130165509413928,1.2724085729569197,0.5589751116931438,0.0418745141942054,0.00958897775853984,1.7593957297503948,1.2937108185142279
915456,915456,0.003097643348155543,0.032222595444181934,0.8216705750674009,0.4509663125500083,0.06756303849397227,0.017984187201363966,1.631876677274704,1.873733676970005
916480,916480,-0.002825087372912094,0.019424801575951278,0.9899940993636847,0.4087490923702717,0.0973225106135942,0.01780868918285705,2.3049246445298195,1.3108027912676334
917504,917504,-0.011682055788696744,0.006145465638837777,1.0367318205535412,0.26341127464547753,-0.009233658027369529,0.004221968236379325,1.8672394827008247,0.468822730705142
918528,918528,0.0029484523984137923,0.0033486732791061513,0.8841813132166862,0.2935846811160445,0.0057661657920107245,0.00941011130635161,0.777271207422018,0.42897862009704113
919552,919552,0.03317834038170986,0.005000139397452585,0.807414336130023,0.3196583236567676,-0.01853946832125075,0.00018258375303048524,0.8018809454515576,0.13143990002572536
920576,920576,-0.01480836226255633,0.031679001229349524,1.139557195827365,0.5390836084261537,0.05251867967308499,0.025290033168857917,0.4304416850209236,2.6870426684617996
921600,921600,0.05386434054526035,0.02103166570304893,1.2152895722538233,0.8203844036906958,0.11724373162724078,0.02476426213979721,0.6163334790617228,5.941911697387695
922624,922624,-1.4897697838023305e-05,0.005368373771489132,0.8053199928253889,0.3643536604940891,0.09258922800654545,0.011400461255107075,0.15407449752092361,0.3971628681756556
923648,923648,-0.00030499744752887636,0.004809925223526079,0.9427981991320848,0.3587193125858903,0.06956603634171188,0.011807216054876335,0.28453827230259776,0.9663245007395744
924672,924672,0.024005598039366305,0.013206572708440945,0.7882350608706474,0.4371966393664479,0.04085911822039634,0.030637244577519596,0.5174516262486577,1.8423097059130669
925696,925696,0.021152132947463542,0.017007844668114558,0.918594578281045,0.5851412201300263,0.07259541100938804,0.03098541614599526,0.38188742846250534,2.07801927998662
926720,926720,0.024328944404260255,0.004130113360588439,0.8471740242093801,0.2865082728676498,0.07621528016170487,0.0064318248187191784,1.4644242115318775,1.0327427480369806
927744,927744,-0.00042080419370904565,0.00231452145089861,0.8090088246390224,0.24850603891536593,0.008618088671937585,0.0008621454999229172,0.6625696262344718,0.11304886866128072
928768,928768,0.006642355321673676,0.0034661852187127806,0.7723469566553831,0.25409957114607096,0.05215094139566645,0.0014421123996726237,0.9004555260762572,0.2655163146555424
929792,929792,-0.01022687551449053,0.006001971010846319,1.038317997008562,0.33324759639799595,0.0338215566589497,0.0035414531121205073,0.8024013489484787,0.4046331923455
930816,930816,-0.017121021286584437,0.018783613078994676,0.97977215051651,0.448842553421855,0.08741763338912278,0.027960209466982633,1.0762405954301357,1.3317374885082245
931840,931840,-0.000543265588930808,0.01095821417402476,0.8271189667284489,0.46263940818607807,0.02662696930929087,0.01653534070646856,1.0798985548317432,0.7050795331597328
932864,932864,0.006492292479379103,0.003409720595300314,0.4047187501564622,0.20655698189511895,-0.000610546936513856,0.006398243081548571,1.1946544609963894,0.18132560281082988
933888,933888,0.002321588806807995,0.004410188188558095,0.45774315763264894,0.1831651113461703,-0.0066960075055249035,0.004899972773728223,1.1159988269209862,0.16624575713649392
934912,934912,0.007397560635581613,0.005226686550031445,0.9068865440785885,0.4456570348702371,-0.00972193869529292,0.004447479887858208,0.7014693319797516,0.0969081096118316
935936,935936,0.015875028882874176,0.045240751816891134,1.2951536066830158,0.7672660276293755,0.10887900600209832,0.08143479330465198,0.5444088252261281,4.11690217256546
936960,936960,0.009876046126009896,0.02402203719248064,1.2872553542256355,0.5381551329046488,0.11853222944773734,0.04517866618698463,0.7881682105362415,3.4427363872528076
937984,937984,-0.0032031482114689425,0.01226986403344199,1.08947042375803,0.4453814597800374,0.10588634537998587,0.029859099566238,1.504814825952053,1.2797956988215446
939008,939008,0.0019278654217487201,0.008382495172554627,1.1585774309933186,0.5144675821065903,0.1018888222752139,0.027934782818192616,1.5015992522239685,1.6864869482815266
940032,940032,0.02177648665383458,0.01438487488485407,0.9077460058033466,0.5208903793245554,0.04223862261278555,0.03850616893032566,1.6647169962525368,1.7054243423044682
941056,941056,0.03134525511995889,0.014429731556447223,1.2132891528308392,0.5007609687745571,0.0941287005553022,0.02279739748337306,2.0458434373140335,2.295482613146305
942080,942080,-0.010953137621982023,0.01095268310746178,1.1369663551449776,0.36581002455204725,0.08347681461600587,0.02328900553402491,1.9090485163033009,2.3456045649945736
943104,943104,-0.0013062463840469718,0.008421316946623847,1.015157951042056,0.44521938171237707,0.12795506254769862,0.027416561148129404,1.3458683770149946,2.622661627829075
944128,944128,0.004114971874514595,0.007761089320410974,1.1204389035701752,0.5287858378142118,0.07527405716245994,0.021858506195712835,0.9250911455601454,1.8165663965046406
945152,945152,-0.013474549436068628,0.014127896632999182,0.7584172412753105,0.30608924850821495,0.05368642299436033,0.020795619464479387,2.2539622634649277,1.3244790099561214
946176,946176,0.024688767982297577,0.012961402535438538,1.0466023981571198,0.5333093693479896,0.10192986374022439,0.023750050662783906,0.8927072081714869,3.100217118859291
947200,947200,0.021953739124001004,0.007503184097004123,1.1545241139829159,0.4964941367506981,0.09348942653741688,0.025545700773363933,1.9155528470873833,2.7756779864430428
948224,948224,0.01137440514867194,0.0015886621567915427,0.8610737472772598,0.23009058460593224,0.01649775219266303,0.0028877378717879765,1.0935159493237734,0.23180290451273322
949248,949248,-0.003980289227911271,0.00165918884522398,0.7739936877042055,0.15685038710944355,-0.013600477541331202,0.001235256944255525,0.9745569489896297,0.2092309866566211
950272,950272,-0.0154752677626675,0.011861765655339696,0.8113706205040216,0.3158964142203331,0.05011654025292955,0.011645506281638518,0.5433720089495182,0.31284067686647177
951296,951296,0.013983727418235503,0.012681010499363765,0.6708482690155506,0.3459272515028715,0.11299017444252968,0.0187151693389751,1.2384391576051712,1.0931486207991838
952320,952320,-0.002347454661503434,0.00367359806841705,0.6049206610769033,0.2866743393242359,0.043070272367913276,0.011145543583552353,1.4149334616959095,0.4756048396229744
953344,953344,-0.013499055581633002,0.004952110561134759,0.7932002553716302,0.3666706969961524,0.0015852464130148292,0.005423064771093777,0.651833207346499,0.12164345511700958
954368,954368,0.018667404670850374,0.01036481805567746,0.3263270929455757,0.13632942107506096,0.013378240808378905,0.004058034988361214,1.5399194359779358,0.3231229514349252
955392,955392,-0.030870955073623918,0.01984263682970777,0.6809415351599455,0.39992211759090424,0.03759811390773393,0.010865135220228694,1.6956914886832237,1.2416311111301184
956416,956416,0.022943371819565073,0.02258795319357887,1.1650722790509462,0.7109542898833752,0.059505094366613775,0.02583102387143299,0.46311825420707464,2.9864171370863914
957440,957440,0.020937413995852694,0.01467705680988729,1.3055232129991055,0.6410631705075502,0.09059030911885202,0.02197108481777832,0.23899410897865891,4.489796124398708
958464,958464,0.0058507550857029855,0.004828245233511552,0.9072747901082039,0.32674907706677914,0.08552435736055486,0.020419603475602344,0.41332337679341435,2.042002685368061
959488,959488,0.016003889759304002,0.005126100521010812,0.9339779783040285,0.38373251538723707,0.08963011179002933,0.012235837828484364,1.676997434347868,0.8429986368864775
960512,960512,-0.01576789768296294,0.021514327236218378,0.87039690092206,0.39829075802117586,0.06392631991184317,0.012760957135469653,1.5817607641220093,0.8894616719335318
961536,961536,0.04481657993164845,0.01152854687825311,1.0010202266275883,0.38485746923834085,0.02661784944939427,0.014602469716919586,1.0175201632082462,0.7665861267596483
962560,962560,0.010249096463667229,0.001355997732389369,0.5124258417636156,0.2588421329855919,-0.010430704889586195,0.0009199332164371299,0.7700942074880004,0.11102756147738546
963584,963584,-0.007323785568587482,0.00367718073175638,0.6314584743231535,0.28402049792930484,0.0023406177351716906,0.0015225396491587162,1.5665396079421043,0.28596859239041805
964608,964608,-0.007108299992978573,0.005194107030547457,0.5753905912861228,0.1714758111629635,0.034036289900541306,0.0026888442307608784,1.7707566060125828,0.4853524286299944
965632,965632,-0.030754491614061408,0.025885211798595265,1.103581104427576,0.510103196837008,0.05171904235612601,0.027006554941181093,0.8187943734228611,1.3749533332884312
966656,966656,0.030486110947094858,0.01444255030946806,1.4191024154424667,0.5581650678068399,0.11739742255304009,0.027671339514199644,1.223410725593567,3.0818050801754
967680,967680,0.01467463534208946,0.012922230205731466,1.0008922945708036,0.5483123501762748,0.06702883524121717,0.02322506415657699,0.9202995859086514,2.3007076382637024
968704,968704,-0.010071437573060393,0.0034834685575333424,0.8742266912013292,0.3020710959099233,0.04335196611646097,0.00858932165283477,1.8418783601373434,0.6124170585535467
969728,969728,0.003758602892048657,0.0033801722311181948,0.7385580092668533,0.30068656988441944,0.002355446165893227,0.0036368748178574606,0.6184808602556586,0.175127396825701
970752,970752,-0.011365511585609056,0.014873487598379143,1.3149194084107876,0.5180303463712335,0.07221422521979548,0.024796768237138167,0.9243561998009682,2.5953265205025673
971776,971776,0.012263990356586874,0.008179536322131753,1.0940056070685387,0.5544147966429591,0.07097677839919925,0.03088831010973081,0.24049339490011334,2.8840962052345276
972800,972800,-0.0030862124112900347,0.005328472165274434,1.048473872244358,0.460073072463274,0.08372921322006732,0.010468671345734037,1.2710900688543916,1.0059909280389547
973824,973824,-0.0094518751866417,0.0053442500247911084,0.6097764736041427,0.13460178463719785,-0.03314511259668507,0.0031161239166976884,2.063565034419298,0.45567581336945295
974848,974848,0.006847487820778042,0.007683381304559589,0.7208054382354021,0.11054983409121633,0.011093196866568178,0.0003479559914012498,0.3935863822698593,0.07421556720510125
975872,975872,-0.00649613059067633,0.036520221328828484,1.4017258696258068,0.5539077268913388,0.16601918637752533,0.037743941065855324,0.5127164185978472,3.6508303433656693
976896,976896,0.024655405431985855,0.019852910452755168,1.177704557776451,0.598969142884016,0.08709418121725321,0.021554189850576222,1.0082652177661657,2.158367346972227
977920,977920,0.01571251694986131,0.010517148111830465,1.1210659351199865,0.5468134637922049,0.07864206231897697,0.02017322723986581,1.0370761137455702,1.8496555499732494
978944,978944,-0.005659374699462205,0.008344441652297974,0.7375089954584837,0.2841615048237145,0.05686364503344521,0.015834015895961784,0.6026392690837383,0.8219263292849064
979968,979968,-0.01580862699483987,0.0020769529655808583,0.8580817626789212,0.2764733068179339,0.004432155488757417,0.004497318688663654,0.26995171047747135,0.051158787857275456
980992,980992,0.00871019033365883,0.015777473367052153,1.331236593425274,0.6014952007681131,0.10565876885084435,0.031083467067219317,0.4727525715716183,2.6744228675961494
982016,982016,0.010950726296869107,0.006993074333877303,0.9589595217257738,0.35137879103422165,0.03447744998265989,0.025272580387536436,0.2485743649303913,2.02597838267684
983040,983040,-0.004373062896775082,0.004982203034160193,0.9185946527868509,0.2550373743288219,0.1680401968769729,0.014529208885505795,0.7449758532457054,1.5118957720696926
984064,984064,-0.004136601091886405,0.004072720330441371,0.7822992485016584,0.2769527495838702,-0.014395611739018932,0.007968280522618443,0.7919150628149509,0.4698873357847333
985088,985088,-0.006368836446199566,0.018464102962752804,0.717398663982749,0.3142540380358696,0.08675617538392544,0.012948048984981142,1.6629180610179901,1.33728688955307
986112,986112,-0.0034590385475894436,0.016330176178598776,1.008776068687439,0.4517836384475231,0.10408201592508703,0.028323059377726167,1.604826521128416,1.7345965765416622
987136,987136,-0.010135430318769068,0.005018536379793659,0.9573682695627213,0.27004709700122476,0.09519719210220501,0.004363719792308984,2.4913424402475357,0.7981998138129711
988160,988160,-0.006812250998336822,0.00436858009925345,1.2540613170713186,0.3045337116345763,0.010304970957804471,0.008681066356075462,1.9713357985019684,0.6499833120033145
989184,989184,-0.011200171546079218,0.011131229475722648,1.0992505606263876,0.42045402340590954,0.09997841867152601,0.016517669864697382,0.7869155146181583,1.1669346056878567
990208,990208,0.002877831895602867,0.0350511206779629,0.7232294995337725,0.3559275669977069,0.026692401559557766,0.016720799263566732,0.9441905133426189,0.7802643198519945
991232,991232,0.02546147747489158,0.014669436088297516,0.7942699659615755,0.452027746476233,0.11104514449834824,0.017017824051436037,1.559841949492693,1.3143602311611176
992256,992256,-0.012609784076630604,0.005691316597221885,0.8733108025044203,0.20814148848876357,0.03781909612007439,0.009135943240835331,1.141890924423933,0.7177277114242315
993280,993280,-0.002278778498293832,0.0010974503857141826,0.5118681890890002,0.12594248657114804,-0.026061306591145694,0.0015059507850310183,0.9551020357757807,0.14767723926343024
994304,994304,0.019239257148001343,0.008134083851473406,0.7964029610157013,0.3688413994386792,0.08319662744179368,0.028506376314908266,1.1111621893942356,1.7943105697631836
995328,995328,-0.018798546007019468,0.020138985419180244,0.811388636007905,0.5150467399507761,0.09939358930569142,0.009419605194125324,2.425073701888323,1.4545222129672766
996352,996352,0.019893895878340118,0.01328249677317217,0.9122682008892298,0.7868914268910885,0.07149667950579897,0.01598694740096107,1.462504928931594,1.2929802797734737
997376,997376,-0.009340806369436905,0.006855758678284474,0.7541365474462509,0.269632110837847,0.014089246717048809,0.005221703875577077,0.7204214748926461,0.41993381548672915
998400,998400,0.0024417274980805814,0.003488687696517445,0.6838340098038316,0.21403123950585723,-0.008657399856019765,0.0015117601233214373,0.2675705314613879,0.04388728382764384
999424,999424,-0.0108085784886498,0.005151690915226936,0.8141470458358526,0.2353654964827001,0.0022771695512346923,0.0026782626355270622,0.8545025121420622,0.24074149038642645
1000000,1000000,0.001014264607874793,0.019358231060323305,0.4470484238117933,0.1889392000157386,-0.01854738937690854,0.00062120031871018,0.9588642567396164,0.14302998036146164
