step,agv_actor_loss,agv_value_loss,agv_entropy,agv_approx_kl,pick_actor_loss,pick_value_loss,pick_entropy,pick_approx_kl
1024,0.20229695830494165,0.06978783634258434,4.498454138636589,1.5461510643363,0.18118167691864073,0.04761981466435827,4.498543530702591,2.1346949078142643
2048,0.04470410346402787,0.041430857381783426,3.409460701048374,0.4108018660917878,0.09716536971973255,0.011517749037011527,3.024277701973915,0.64862528629601
3072,0.0032302449108101428,0.04176143871154636,2.9388600289821625,0.20089613599702716,0.022730363736627623,0.011569301212148275,2.1937553733587265,0.46268980484455824
4096,0.008730218018172309,0.044617272331379354,2.857742100954056,0.1843373733572662,0.058194023120449856,0.004165636102698045,2.0296429581940174,0.4560452355071902
5120,0.0558256540534785,0.020935771375661716,2.8291178941726685,0.35999687016010284,0.027655591155053116,0.002634146898344625,1.8063630424439907,0.298423838801682
6144,0.07606255554128438,0.03382749517913908,2.7949399203062057,0.6549340393394232,0.015037594421301037,0.0009800931438803673,1.4482493735849857,0.2567570046521723
7168,0.09085257799597457,0.023897831997601315,2.718850962817669,0.6998282875865698,0.0032107623701449484,0.0011875416280417994,1.2321054078638554,0.1814716407097876
8192,0.077950401668204,0.03331484709633514,2.722178064286709,0.5755507294088602,0.008090427611023188,0.0007060170196382387,1.2108401507139206,0.16129259811714292
9216,0.06378168042283505,0.035195090866182,2.7667512372136116,0.5244520660489798,-0.0035872255539288744,0.0005648670637583564,1.202824454754591,0.15320587111636996
10240,0.09624630317557603,0.03389925416558981,2.798415891826153,0.5573302358388901,-0.0038737706490792334,0.0015621718894180958,1.2187250591814518,0.1602256097830832
11264,0.04447411763248965,0.01348711273749359,2.398263953626156,0.2958628023043275,0.0054830447770655155,0.00033434116198804986,1.1526614055037498,0.1397281503304839
12288,0.0006440365687012672,0.0184625287365634,2.322638377547264,0.17237120820209384,0.00031603858224116266,0.00019339481326596797,1.2897573672235012,0.15252281911671162
13312,0.0011386035766918212,0.013594311196357012,2.3231515362858772,0.17628179863095284,-0.0025749066116986796,0.00020976446955955907,1.3949767723679543,0.182606705930084
14336,0.018001574047957547,0.02485750272171572,2.2688727378845215,0.26786887366324663,0.0028698621899820864,0.008078534607193433,1.401668917387724,0.1999751548282802
15360,0.044388798138243146,0.029064026311971247,2.0612871572375298,0.31165753211826086,-0.003285745275206864,0.0030210818877094425,1.4226883463561535,0.20037572644650936
16384,0.014260928655858152,0.04956142313312739,1.7802898399531841,0.247312952298671,-0.012066141905961558,0.009107816651521716,1.345016971230507,0.18425806518644094
17408,0.013935785420471802,0.042671165778301656,1.7135408334434032,0.22368727019056678,0.007302872429136187,0.001628474194149021,1.284112524241209,0.1762280622497201
18432,0.0036847394512733445,0.026493990910239518,1.4537612609565258,0.1752549479715526,0.006290232005994767,0.0005842103901159135,1.2878296971321106,0.17735772766172886
19456,0.007376029709121212,0.02202671649865806,1.5765457153320312,0.1734570269472897,-0.02303390798624605,0.000338347228080238,1.4838800951838493,0.19112479221075773
20480,0.007797413505613804,0.0368921515182592,1.5146139301359653,0.20044633699581027,-0.015767174860229716,0.006398962203093106,2.5073783807456493,0.6447765869088471
21504,0.014293336047558114,0.030179546622093767,1.6305263005197048,0.2115410454571247,0.012964681402081624,0.001139018226240296,1.135695280507207,0.2680554795078933
22528,0.0011883716215379536,0.045249619404785335,1.6852310672402382,0.17738916538655758,-0.002868224633857608,0.0009887271153274924,1.0629779286682606,0.12719631474465132
23552,-0.0004301866429159418,0.031058324908372015,1.6884869821369648,0.16245746379718184,-0.01695948524866253,0.00032220950515693403,1.0547136813402176,0.12564976001158357
24576,0.0002834474144037813,0.026911433844361454,1.467652928084135,0.13947417633607984,-0.019672697089845315,9.83718628049246e-05,0.8681247886270285,0.1077275020070374
25600,-0.0063243382319342345,0.04053841874701902,1.4813695698976517,0.15949879819527268,-0.00955011576297693,0.003204328835636261,0.9123919866979122,0.11809980822727084
26624,-0.0010031648707808927,0.04835877858567983,1.5044235065579414,0.17120549641549587,0.010832004627445713,0.0003184126262567588,1.1033777352422476,0.16924514574930072
27648,0.007611500128405169,0.03474065277259797,1.4610773287713528,0.17927345354110003,-0.00661629531532526,0.0073427833085588645,1.4959649443626404,0.2450514379888773
28672,7.587834261357784e-06,0.030848599213641137,1.6555276550352573,0.17684238962829113,0.0019176133791916072,0.008624829573818715,2.9381596222519875,0.9061076957732439
29696,0.0016357462736777961,0.03772038145689294,1.613912034779787,0.17421833937987685,0.00887205929029733,0.009275762764445972,2.0429523587226868,0.5722197443246841
30720,-0.005324562720488757,0.02583631139714271,1.4236663356423378,0.18651521811261773,0.010478938813321292,0.003736935948836617,1.0508429203182459,0.14707054966129363
31744,0.004009561758721247,0.02499931788770482,1.6022108979523182,0.18257194198668003,-0.0068840507010463625,0.006657599229583866,1.0490210074931383,0.12259948579594493
32768,-0.008036136227019597,0.0392481341259554,1.5650385990738869,0.17659193417057395,-0.013468373377691023,0.004974798852344975,1.223518505692482,0.16707961494103074
33792,-0.0038235364481806755,0.019881966902175918,1.5064680650830269,0.16818780498579144,-0.025128278401098214,0.002561295532359509,1.3431517407298088,0.20380113692954183
34816,-0.0019327628542669117,0.03858369996305555,1.4809764996170998,0.1700275018811226,-0.02467145398259163,0.0005894433370485785,1.3885271660983562,0.20985433319583535
35840,0.00024998308799695224,0.03294887504307553,1.295731320977211,0.1684937933459878,-0.035403713991399854,0.005708386321202852,0.7956208307296038,0.12018599174916744
36864,-0.0013564929467975162,0.03400137973949313,1.5664659217000008,0.1659171674400568,-0.0008590319775976241,0.002354129210289102,0.4617061261087656,0.03634751541540027
37888,-0.005143291302374564,0.015175097883911803,1.6345726065337658,0.1702810819260776,-0.007264160056365654,0.0006230111448530806,0.7751830946654081,0.07955210073851049
38912,-0.0019117865158477798,0.029487610969226807,1.315696269273758,0.13868711539544165,-0.006878179992781952,0.009309879715146963,2.043499080464244,0.5096529796719551
39936,-0.0002522585855331272,0.02762889361474663,1.5295443162322044,0.1608903482556343,0.0343848291086033,0.00039777911524652154,0.8350552441552281,0.23347507615108043
40960,0.0074687057349365205,0.0438688873546198,1.4687106274068356,0.18721710052341223,-0.023912408796604723,0.0024761805743764853,1.1977715659886599,0.1850688154809177
41984,-0.00023530167527496815,0.02403877896722406,1.4954583011567593,0.1638097004033625,-0.029051972640445456,0.000447047089892294,1.1789586767554283,0.17761355824768543
43008,-0.004308363786549307,0.03134831797797233,1.4827794134616852,0.1596649275161326,-0.004876298800809309,0.015367889543995261,0.9929342921823263,0.14602316834498197
44032,0.002998616371769458,0.026235735218506306,1.608986847102642,0.17297928361222148,0.00868499925127253,0.0022932518913876265,0.8706624060869217,0.15199800196569413
45056,0.0008247641089837998,0.035815577779430896,1.5758160799741745,0.16987441340461373,-0.0012745570566039532,0.010200260123383487,1.3859259635210037,0.21199457999318838
46080,0.0014357455947902054,0.013769721030257642,1.3162686377763748,0.14092900208197534,-0.02415828045923263,0.0002675103023648262,1.3257735660299659,0.21870428015245125
47104,0.0027531831292435527,0.033598671725485474,1.5292687304317951,0.1558644729666412,-0.0006448991771321744,0.0007569301069452194,0.7966690938919783,0.12687021913006902
48128,-0.0029095243953634053,0.020369942096294835,1.6048623397946358,0.15075904969125986,-0.035711975797312334,0.0003388035457874139,1.2149226255714893,0.19452230958268046
49152,0.0031293687206925824,0.022782382555305958,1.688769418746233,0.15477002318948507,-0.02160552638815716,0.00020967650192460496,1.014894001185894,0.1347710844129324
50176,-0.00691741646733135,0.014507393119856715,1.675897791981697,0.1873514004983008,-0.004479121256736107,0.0023615227146365214,1.1406692564487457,0.1541339517571032
51200,-0.003789476410020143,0.03404487745137885,1.3378563560545444,0.13416958856396377,-0.010795086942380294,0.0161573268705979,1.3686444908380508,0.21098318556323647
52224,-0.0021103631879668683,0.0203769932850264,1.4574237205088139,0.16321847960352898,0.010417997953481972,0.00068182127779437,0.761121042072773,0.10859477135818452
53248,0.002823558999807574,0.027356286183930933,1.50355089828372,0.16037848964333534,-0.0012978650047443807,0.02559432917041704,1.1382938586175442,0.15602192631922662
54272,0.0017678972944850102,0.034663845726754516,1.4995148740708828,0.17678078869357705,-0.007845283049391583,0.013837795573635958,1.2969796434044838,0.18270305963233113
55296,-0.0029792888381052762,0.02532698685536161,1.4277810901403427,0.17615202814340591,-0.020968527285731398,0.00676697911330848,1.1250023860484362,0.16129812854342163
56320,0.0006447363848565146,0.04507544537773356,1.4447545930743217,0.17349528660997748,-0.012912865582620725,0.014794391754548997,0.9948461800813675,0.14539827103726566
57344,-0.007594067486934364,0.02000468608457595,1.5375897102057934,0.192847884260118,-0.01039178145583719,0.0015229059554258129,0.8817447386682034,0.12794642848894
58368,0.0006655420584138483,0.019290981581434608,1.4018614292144775,0.1638225601054728,-0.016024032549466938,0.009184001475659898,1.88081506639719,0.3378101736307144
59392,0.002138565920176916,0.021930060640443116,1.5270861573517323,0.18045203294605017,0.003384416224434972,0.001029125347486115,1.1391924265772104,0.188998625962995
60416,-0.0021235738531686366,0.024457173538394272,1.4135176874697208,0.15705623431131244,-0.04921855198335834,0.0027855492517119274,1.3719154223799706,0.2546598040498793
61440,-0.004549929712084122,0.01776182500179857,1.57638880610466,0.15850407863035798,0.0013967454724479467,0.014698157727252692,0.7278406070545316,0.09227867040317506
62464,-0.0035240573051851243,0.03393445222172886,1.536945279687643,0.1777307279407978,-0.0054644845658913255,0.015178122150246054,1.2191738449037075,0.1759998572524637
63488,0.0031637955689802766,0.02890974230831489,1.3773515224456787,0.15033124526962638,-0.01951874658698216,0.004107687978830654,0.8546285461634398,0.11515700235031545
64512,-0.0019379110890440643,0.0239803931908682,1.5485364720225334,0.17745665600523353,-0.03476257249712944,0.0010818995715453639,0.7756496295332909,0.11132866889238358
65536,-0.0067778421071125194,0.02304326434386894,1.3731366507709026,0.14611491421237588,-0.012969848903594539,0.00799659072799841,0.37709949212148786,0.057282054622191936
66560,-0.0031534725858364254,0.0331217332277447,1.4046254679560661,0.16436540009453893,-0.0035359811154194176,0.03243792708963156,1.0030345376580954,0.2266180468723178
67584,-0.0018866014725062996,0.03216359089128673,1.4142702519893646,0.15976948011666536,-0.0031139657367020845,0.005064548073278274,0.8750289622694254,0.19652034144382924
68608,0.00019738714763661847,0.019045851717237383,1.5109319537878036,0.16095256060361862,-0.01825566492334474,0.001605263047167682,0.8582459315657616,0.15375039516948164
69632,-0.0025845184427453205,0.021840386267285794,1.6319000646471977,0.16153645562008023,-0.004354908014647663,0.0006567801219716785,0.43480242881923914,0.05475961440242827
70656,-0.012320356188865844,0.022786501329392195,1.4289405643939972,0.17044886713847518,-0.0036540247092489153,0.001976134121832729,0.6875538630411029,0.10291434766259044
71680,-0.00761060108197853,0.03101586818229407,1.5092856772243977,0.17493106285110116,-0.00357391094439663,0.009403043790371157,1.3725998997688293,0.24423055327497423
72704,-0.0011963924334850162,0.024746915965806693,1.3026290647685528,0.1316990430932492,-0.00508297816850245,0.0007780335681673023,1.1953477300703526,0.19643219094723463
73728,-0.002415466406091582,0.022373177751433104,1.5547427348792553,0.1725407224148512,-0.017913207411766052,0.000263854266790986,1.3610389977693558,0.20294899214059114
74752,-0.001426359434844926,0.017402809928171337,1.640839397907257,0.17345748422667384,-0.03210662287892774,0.000307030516978557,0.7563723213970661,0.09816243825480342
75776,-0.013420161601970904,0.019758970534894615,1.602532684803009,0.19543677056208253,-0.023753742512781173,0.002702813870200771,0.8760053738951683,0.14998805872164667
76800,-0.0031452862749574706,0.03836827649502084,1.5665934383869171,0.18811716279014945,0.0014212793903425336,0.022646467463346198,1.4416267815977335,0.24228255567140877
77824,-0.0010535272595006973,0.04169571405509487,1.4133500903844833,0.17410511011257768,0.0052092745318077505,0.01247933300328441,0.4483218686655164,0.059355003235396
78848,0.000516249390784651,0.02113786741392687,1.4529013261198997,0.1772183096036315,-0.01990264281630516,0.0027946164263994433,0.809731911867857,0.12440641823923215
79872,-0.004314164893003181,0.03387498942902312,1.4995994195342064,0.17145310807973146,-0.026002637954661623,0.001796141172235366,0.960484167560935,0.1609925099182874
80896,-0.0064420084963785484,0.01682917313883081,1.3046283461153507,0.16075688041746616,-0.028283563733566552,0.005663976022333372,0.5897027002647519,0.10253397037740797
81920,0.0003384003066457808,0.04060496052261442,1.2608341351151466,0.14851541072130203,0.00038157880771905184,0.0005860754372406518,0.8502159100025892,0.13772513170260936
82944,-0.0024374251952394843,0.03709465538850054,1.458669275045395,0.16547216102480888,0.0049335249059367925,0.015167635363468435,1.2522584348917007,0.20020767394453287
83968,-0.00709788384847343,0.01961519697215408,1.5553622357547283,0.1809990592300892,-0.010932851204415783,0.008065448648267193,1.5829864591360092,0.27606256725266576
84992,-0.0025700195255922154,0.023179352283477783,1.585971176624298,0.1861809599213302,-0.014317231500172056,0.009313887221651385,2.2640434615314007,0.5676287151873112
86016,-0.004284929629648104,0.04166021943092346,1.2507410384714603,0.14637925941497087,-0.0021982539910823107,0.0179336785513442,0.8862271029502153,0.16349084163084626
87040,-0.0019780171278398484,0.05826423631515354,1.534602515399456,0.18264175998046994,-0.015868066053371876,0.02087508817203343,1.2341812290251255,0.23685392527841032
88064,-0.007493182551115751,0.03147476393496618,1.538267895579338,0.18691032472997904,-0.014845018129562959,0.0012706484740192536,0.8066503927111626,0.13169228308834136
89088,-0.002006236492889002,0.02261612704023719,1.3315501138567924,0.16563375387340784,-0.00678157911170274,0.00016311112460698496,0.6198838138952851,0.08605642698239535
90112,-0.004154390218900517,0.03877087670844048,1.2913094349205494,0.14155442384071648,-0.00887815107125789,0.011980980103544425,1.2255861535668373,0.23152801301330328
91136,-0.00544616361730732,0.03383953357115388,1.3444370478391647,0.17762984288856387,-0.005067831705673598,0.00963175553988549,0.6661593923345208,0.09399117797147483
92160,-0.0007029577391222119,0.04284208489116281,1.179765697568655,0.12259049527347088,-0.00187319255201146,0.009335349041066365,1.9355211071670055,0.3839976955205202
93184,-0.007296136405784637,0.05665735248476267,1.4626312144100666,0.17369956523180008,0.005727222189307213,0.015291514588170685,1.5841956119984388,0.3143530918750912
94208,-0.002255938743473962,0.05844282312318683,1.3977447487413883,0.16592823853716254,-0.0036481529095908627,0.017745616074535064,1.5772423148155212,0.33017383492551744
95232,-0.0044858561450382695,0.0513969020685181,1.3798090368509293,0.16562244622036815,-0.004847155330935493,0.011016050175385317,1.566788511350751,0.3691573350224644
96256,-0.0012306176067795604,0.03061911603435874,0.7928022462874651,0.07360651716589928,-0.005910749168833718,0.00863439497697982,1.2871714234352112,0.19575926894322038
97280,-0.0014099305699346587,0.05861203861422837,1.3196687139570713,0.16140358615666628,-0.0014498477394226938,0.025288107193773612,1.2806929238140583,0.21977242268621922
98304,-0.0009464198228670284,0.048911466263234615,1.4936956204473972,0.1717817964963615,-0.0030037594406167045,0.009887618231005035,1.3974063992500305,0.24403339065611362
99328,-0.00493221145006828,0.04062839929247275,1.5158952213823795,0.16984056727960706,-0.003508034162223339,0.008321881719894009,1.1269591823220253,0.1653965695295483
100352,-0.00914627534803003,0.03719021158758551,1.4220677837729454,0.16014469135552645,-0.013585739390691742,0.0021269719891279237,1.1025259755551815,0.1521399891935289
101376,-0.001475861994549632,0.0237681555445306,1.0738807823508978,0.12551437760703266,-0.008688614005222917,0.00839055516917142,2.122224041260779,0.7982567069120705
102400,-0.006887822972203139,0.03680313017684966,1.4371386505663395,0.16881800116971135,0.03161777657805942,0.009192930658173282,1.2982482183724642,0.49303256487473845
103424,-0.004248389130225405,0.025408796034753323,1.431368712335825,0.17283834097906947,0.010486643484910019,0.00044647704180533765,1.295690955594182,0.2742691070307046
104448,-0.006957851146580651,0.026356529851909727,1.3819438517093658,0.17672550026327372,-0.04084485210478306,0.00012549159055197379,0.8824330046772957,0.15749041526578367
105472,-0.009544707922032103,0.020390717079862952,1.2842248417437077,0.15703042969107628,-0.024415987223619595,0.003987190604675561,0.8489897400140762,0.2588082612492144
106496,0.00042989126086467877,0.03849863645154983,0.9349628500640392,0.10421421099454165,0.012940971704665571,0.01572701036639046,1.3305605053901672,0.2686617444269359
107520,-0.009620462922612205,0.022819841804448515,1.4091261699795723,0.15946129756048322,-0.023905244597699493,0.0033916238171514124,1.103303326293826,0.1564358586911112
108544,0.0028377361013554037,0.036921110993716866,1.5232117660343647,0.17976221442222595,-0.006097673729527742,0.01744883791252505,1.2763556893914938,0.19324230682104826
109568,-0.0039357178611680865,0.03363586001796648,1.4466232098639011,0.17754138307645917,-0.006865140254376456,0.0012961313896084903,0.9849263019859791,0.1308907091151923
110592,-0.009152904152870178,0.02337218599859625,1.2777920700609684,0.14893675316125154,-0.035143268323736265,0.005771541029389482,1.2965993396937847,0.21428151987493038
111616,-0.008598620392149314,0.02924244006862864,1.3920058198273182,0.16104745166376233,-0.021603015367873013,0.001555078455567127,1.181078813970089,0.28148175310343504
112640,-0.004078361176652834,0.03063810453750193,1.1917303539812565,0.12201401684433222,-0.03480274083267432,0.00033011300683938316,0.9124158136546612,0.27381297620013356
113664,0.0006268135912250727,0.03157721384195611,1.4398605525493622,0.16324019711464643,-0.02993448803317733,0.00016274000381599762,1.7410312741994858,0.5952783189713955
114688,-0.002461476775351912,0.04405356815550476,1.3184913024306297,0.14537070272490382,-0.012271507497644052,7.33353380439894e-05,1.3088711705058813,0.311392271425575
115712,-0.004391479043988511,0.06057785265147686,1.4768666476011276,0.17022108333185315,0.03299854986835271,0.05122240161290392,0.563703988911584,0.2033544573932886
116736,0.0028092965512769297,0.031070654338691384,1.6171474866569042,0.1858545527793467,-0.020929694728692994,0.0034331503229623195,0.7892960896715522,0.12282340234378353
117760,0.0011521334381541237,0.028762641770299524,1.610640712082386,0.18077914416790009,-0.012826717284042388,0.0012538787996163592,0.9063608348369598,0.1680364995263517
118784,-0.002519634392228909,0.024803444044664502,1.6708555333316326,0.18376110354438424,-0.01620134766562842,0.00017126827538049838,0.6872523855417967,0.11440826393663883
119808,-0.0014275965513661504,0.019210528960684314,1.6179185137152672,0.18436787137761712,-0.024532109877327457,6.551401850174443e-05,0.6171860918402672,0.1020676321350038
120832,-0.00502700711513171,0.020661472342908382,1.1692737713456154,0.1578668192960322,-0.025690999551443383,0.017641649348661304,0.2650070551317185,0.06476769314031117
121856,-0.012842016643844545,0.023133495880756527,1.2230849396437407,0.14842547685839236,-0.03877843893133104,0.01633678245707415,1.1664467118680477,0.16575028793886304
122880,-0.0030247087706811726,0.0682579908752814,1.3371447995305061,0.15870356652885675,0.010746332351118326,0.027950002666329965,1.875091390684247,0.47608882654458284
123904,-0.003537148266332224,0.06247980264015496,1.4046814106404781,0.1673779315315187,0.027536417983355932,0.016683233116054907,1.8241770789027214,0.5118602230213583
124928,0.0010729507630458102,0.04570438270457089,1.535388719290495,0.18607430718839169,0.0037732245109509677,0.01080373829609016,1.3993383422493935,0.2822369425557554
125952,-0.006889274838613346,0.04523973201867193,1.4362586587667465,0.16906859586015344,-0.024569587083533406,0.0021447412618726958,1.5264191515743732,0.3305930560454726
126976,-0.0025454666320001706,0.026938279857859015,1.398125946521759,0.17940272856503725,0.002661864331457764,0.0005750545719820366,1.1430418211966753,0.2064009327441454
128000,-0.002516569889849052,0.015249687625328079,1.2761410623788834,0.18832351034507155,-0.0001734632533043623,0.00029364581143909163,0.4191073141992092,0.0395315462956205
129024,0.0017009044822771102,0.029625247116200626,1.2070557847619057,0.1421038033440709,0.0020821965154027566,0.009155114923487417,0.8953565005213022,0.12559618265368044
130048,-0.0012202658108435571,0.018147560389479622,1.2537020668387413,0.16142993932589889,-0.008236061141360551,0.0022865583032398717,1.4241754710674286,0.22338201524689794
131072,-0.007342032447922975,0.023286288895178586,1.015095453709364,0.10750011599157006,-0.009189624805003405,0.01728666538838297,1.480695229023695,0.2177926069125533
132096,-0.0019455380825093016,0.030698135553393513,1.4851745404303074,0.17182750487700105,0.0069976509839762,0.01741683612635825,1.0592421013861895,0.15937879658304155
133120,-0.005554900650167838,0.026938208437059075,1.397551268339157,0.15730610815808177,0.007408479927107692,0.0009869216792139923,0.7397943325340748,0.08751161466352642
134144,-0.004056958510773256,0.023673666291870177,1.3626745343208313,0.14830963080748916,-0.019581724831368774,0.0007113241454135277,1.1595249883830547,0.15658895741216838
135168,-0.008668342328746803,0.020330871077021584,1.3969954289495945,0.1618380481377244,-0.015323870669817552,0.0021903880278841825,1.454548204317689,0.2878743966575712
136192,-0.011697990019456483,0.03528133413055912,1.2982891947031021,0.14803116489201784,-0.004319939209381118,0.02747411718883086,1.3824953734874725,0.18926666025072336
137216,-0.0034083333157468587,0.02852305630221963,1.403842505067587,0.17248442070558667,0.0028578574274433777,0.008680491839186288,1.4261460304260254,0.19692539563402534
138240,-0.0031353813828900456,0.022717021056450903,1.482011578977108,0.1549547454342246,-0.007527284789830446,0.0013818320276186569,1.2487866077572107,0.167753791436553
139264,-0.015275749377906322,0.026074041321408004,1.6243728958070278,0.17318300856277347,-0.008028213182114996,0.000645606650323316,1.1389241497963667,0.14407048979774117
140288,-0.01223085998208262,0.032567034068051726,1.4219043217599392,0.15516774682328105,-0.018756309436867014,0.002018322787080251,1.3138496335595846,0.1970911151729524
141312,-0.01003239513374865,0.025070052419323474,1.3830538876354694,0.16838867077603936,-0.001427797949872911,0.0003098236811638344,0.684185691177845,0.08665053325239569
142336,-0.00937855607480742,0.02726231946144253,1.3023850359022617,0.15520577505230904,-0.01106239898945205,0.01656421209918335,1.8646708875894547,0.47683414770290256
143360,-7.927737897261977e-06,0.0550021450035274,1.5027510076761246,0.18236571503803134,0.010363935347413644,0.022998465050477535,2.063470032066107,0.6332472367212176
144384,-0.0019221131660742685,0.030347331834491342,1.5531239472329617,0.1616549058817327,0.015581417275825515,0.0025750929526111577,0.3856575507670641,0.06124025522149168
145408,-0.011603211401961744,0.03549222165020183,1.3695822022855282,0.1540659167803824,-0.01204114596475847,0.009324773083790205,0.361531900241971,0.03876201476668939
146432,-0.0024429001641692594,0.02201871172292158,1.0441375654190779,0.12204679660499096,-0.030456738779321313,0.005130749443196692,1.006932519376278,0.14560231869108975
147456,-0.008222236516303383,0.048808191320858896,1.219848558306694,0.1456316658295691,0.013282945263199508,0.015730388229712844,2.0678580291569233,0.3694003955461085
148480,-0.0033382466790499166,0.03028861276106909,1.4606072902679443,0.18932405160740018,-0.0016306540928781033,0.02472141766338609,1.4355299659073353,0.1837944844737649
149504,-0.0022008598025422543,0.04776285472325981,1.360018078237772,0.1524276570416987,0.00036898301914334297,0.006036875551217236,0.851788217201829,0.10639883857220411
150528,-0.010561175120528787,0.03295983059797436,1.092677567154169,0.12613419443368912,-0.009916745650116354,0.012267455727851484,0.7402266263961792,0.08604862494394183
151552,-0.0019571080774767324,0.029577726149000227,1.1440640017390251,0.12327489047311246,-0.007488880946766585,0.0007974910895427456,0.7424251455813646,0.08834867447149009
152576,0.00021793058840557933,0.03393894073087722,1.3131261132657528,0.15914559829980135,0.001327598700299859,0.009488527757639531,0.739996749907732,0.09071526722982526
153600,-0.00867219919746276,0.032149110338650644,1.4673039801418781,0.17169182281941175,-0.007169240823714063,0.0009119874021052965,1.2104964815080166,0.16468336735852063
154624,-0.0022959303169045597,0.026394639688078314,1.353177860379219,0.16246716072782874,0.0015679723146604374,0.0005169954083612538,0.752592945471406,0.08271550433710217
155648,-0.005230600538197905,0.029246801568660885,1.2541375495493412,0.1474878997541964,-0.04337360733188689,0.004472288917895639,0.9709121100604534,0.14149425365030766
156672,0.00048078018880914897,0.024342699674889445,1.5778339989483356,0.19352388428524137,-0.005373980267904699,0.0004397810016598669,1.1683585438877344,0.1691476833075285
157696,-0.003221425722585991,0.01686774246627465,1.4068299047648907,0.17150358948856592,-0.024522615218302235,0.00023379881417895376,1.1230857744812965,0.16254586749710143
158720,-0.007180741406045854,0.03332633519312367,1.3728970624506474,0.1617408855818212,-0.0007803256012266502,0.00011331919392887357,0.6430393755435944,0.07821968558710068
159744,-0.006010391603922471,0.030172661819960922,1.4766497984528542,0.1626612045802176,-0.0043953572458121926,0.017355164811306167,1.0462891263887286,0.14728533185552806
160768,-0.014272503743995912,0.029248454491607845,1.2007626816630363,0.16986104100942612,-0.038450815714895725,0.0035788147761195432,1.7545136250555515,0.334999430924654
161792,-0.0030441824928857386,0.04264315031468868,1.1747525446116924,0.1309342379681766,-0.01741345736081712,0.0005835326383021311,1.00308533385396,0.16947727091610432
162816,0.0006562075577676296,0.02951288304757327,1.1876006871461868,0.15771093033254147,-0.019471720966976136,0.00018102873104908213,0.9270277693867683,0.13599552353844047
163840,-0.009558431891491637,0.0397335768211633,1.1944275498390198,0.15044701797887683,-0.01099036588857416,0.009382573385664728,2.5661145448684692,0.8640085849910975
164864,-0.0031542397919110954,0.046940532862208784,1.3108319714665413,0.17723993677645922,0.015100994758540764,6.0689115684908757e-05,2.3951802514493465,0.6041552913375199
165888,-0.0120565353136044,0.035826034436468035,1.0450900495052338,0.12319225212559104,5.756833706982434e-05,0.003936166252969997,0.6850593248382211,0.13274870091117918
166912,-0.0034804359020199627,0.042077395715750754,1.3310205675661564,0.192141801584512,-0.009645389596698806,0.025919806153979152,2.0144131258130074,0.44295055931434035
167936,-0.0021733717585448176,0.031200242636259645,1.4939845018088818,0.19115002593025565,0.005342569667845964,0.008666522353451,2.136795364320278,0.44167080242186785
168960,-0.001926102049765177,0.02902516210451722,1.5323011167347431,0.19057002803310752,-0.015028641384560615,0.00031247734659700654,1.010710695758462,0.14047080418094993
169984,-0.012759897188516334,0.026417811983264983,1.4435037523508072,0.1684801266528666,-0.015562729560770094,0.0004195457700006955,1.1398872695863247,0.15020183753222227
171008,-0.010028203283582116,0.024368935672100633,0.7709728423506021,0.09299574024043977,-0.024683012074092403,0.019916926466976292,1.5993509478867054,0.27222587214782834
172032,-0.011814591809525155,0.012909702316392213,1.3165774308145046,0.16087088431231678,-0.001568897336255759,9.601525385960485e-05,0.3157433206215501,0.03458733222214505
173056,-0.012209224951220676,0.020013517438201234,1.0354535542428493,0.12934189988300204,-0.010825152159668505,0.009185005332255969,2.6365705020725727,0.7219920251518488
174080,-0.0023319497267948464,0.028488087409641594,1.2456376627087593,0.14814743073657155,0.002197060501202941,0.008000857707884279,2.4176260381937027,0.6277738064527512
175104,-0.008311750396387652,0.02531112008728087,1.2817730531096458,0.14624799834564328,0.0050360292952973396,0.01039289556501899,1.3762945793569088,0.2834859532304108
176128,-0.007810425013303757,0.02889033907558769,1.1806195992976427,0.12508420809172094,-0.010966941365040839,0.027008012897567824,1.5265656001865864,0.2744914945214987
177152,-0.00913143131765537,0.02320416533621028,1.4882227033376694,0.18090676609426737,-0.013649234926560894,0.0020728011477331165,0.9559651110321283,0.14690214628353715
178176,-0.013790397468255833,0.023874648322816938,1.4582848846912384,0.16724333819001913,-0.019685439328895882,0.00015875872838932992,0.5889492221176624,0.0811701335478574
179200,-0.010249754850519821,0.03646701778052375,1.502500969916582,0.17507477942854166,-0.0010367603972554207,9.965246738374844e-05,0.535727571696043,0.06343152571935207
180224,-0.024606453109299764,0.02426612313138321,1.2032735086977482,0.1309229100588709,-0.029282965522725135,0.0022558514201591606,2.226254539564252,0.6023396155796945
181248,0.014676366292405874,0.011524683999596164,1.9703873954713345,0.30289375176653266,-0.02334772223548498,0.00014823075730419077,1.3326639831066132,0.19725874438881874
182272,-0.0083798763807863,0.03686988929985091,1.614768374711275,0.17786961793899536,0.00740581177524291,0.009409768257683027,2.241019442677498,0.48503289883956313
183296,-0.004416562704136595,0.043857257696799934,1.627128317952156,0.1990993544459343,0.009262964857043698,0.03026678744936362,2.0238790456205606,0.4887524419464171
184320,-0.0019968848646385595,0.05237200658302754,1.524061992764473,0.17889694031327963,0.02072376513388008,0.0012899649827886606,1.270462715998292,0.24748203018680215
185344,-0.014707408874528483,0.030505380185786635,1.2038236856460571,0.14877502527087927,-0.013098283467115834,0.0026211666790914023,1.7899612747132778,0.37508298782631755
186368,-0.009151904610916972,0.04073443321976811,0.8042891453951597,0.10547908418811858,-0.004064928682055324,0.00829049119784031,2.482836566865444,0.5770547408610582
187392,-0.010666911999578588,0.04128928401041776,1.2631466761231422,0.15601977985352278,-0.0060978393303230405,0.019308995018946007,2.0900874696671963,0.4375559161417186
188416,-0.002832591504557058,0.03911462961696088,1.2228247076272964,0.14634784613735974,-0.010093534365296364,0.01687439953093417,2.799695633351803,0.8829629169777036
189440,-9.274190233554691e-05,0.02559740439755842,1.2138439379632473,0.14266721392050385,0.014918570377631113,0.001080332869605627,1.2326633501797915,0.39210839197039604
190464,-0.050251390086486936,0.01603079921915196,1.290578830987215,0.20302643347531557,-0.07528738013934344,0.0035299329301778926,1.7323951181024313,0.6413023979403079
191488,-0.0023701134196016937,0.013092433102428913,0.3984481506049633,0.031640835804864764,-0.003427849180297926,0.0018608216159918811,0.13580488529987633,0.01514429715462029
192512,-0.009636594040784985,0.03596426226431504,0.8693400043994188,0.0967251795809716,0.02941958992596483,0.010430614536744542,1.9904680587351322,0.4540466764010489
193536,-0.02755402892944403,0.02781047171447426,1.1159977540373802,0.14383563748560846,-0.02354546301648952,0.0009428521216250374,1.8491519764065742,0.3696022601798177
194560,-0.002841658628312871,0.027283403265755624,0.5289464127272367,0.04410547902807593,-0.04119171394268051,0.00023050389893342071,0.6108807474374771,0.12292205728590488
195584,-0.011428515776060522,0.042611119570210576,1.0200281962752342,0.12899573077447712,0.004956404591212049,0.013136338093318045,0.5794501835480332,0.07735982618760318
196608,0.0026458551146788523,0.04883111862000078,1.317081343382597,0.1855136260855943,-0.00365231599425897,0.01031996702295146,1.9560204148292542,0.4415394472889602
197632,-0.01667821398586966,0.020525382889900357,1.1553436517715454,0.13401758717373013,0.009790923650143668,0.0003308187801138729,0.6884192805737257,0.1429173843935132
198656,-0.013048123568296432,0.027646423550322652,1.228128980845213,0.1491514854133129,-0.006371293391566724,0.00013813838804921375,2.1275316029787064,0.48860546480864286
199680,-0.02015994055545889,0.030971447471529245,1.3673855438828468,0.18393965158611536,-0.010429369707708247,9.613627657856227e-05,2.7039289698004723,0.8945295307785273
200704,-0.009694061358459294,0.04476895497646183,1.0919523369520903,0.14701286470517516,0.023843320668675005,0.016544025274924934,0.6861143144778907,0.27010724204592407
201728,-0.000749465383705683,0.028411544393748045,1.2760958597064018,0.17246571276336908,-0.02416596421971917,0.0010874482186409296,1.5155296176671982,0.2736747469753027
202752,-0.003854646180116106,0.029895691375713795,1.3772447407245636,0.18557616276666522,-0.00851656544546131,0.0006021596991558908,0.6179160634055734,0.08645167725626379
203776,-0.009229371731635183,0.032630830944981426,1.1274994239211082,0.14883472071960568,-0.019089883600827307,0.00014374756869983685,0.6421293802559376,0.08584984648041427
204800,-0.007065382742439397,0.02944251848384738,1.145517997443676,0.15538203343749046,-0.009494584708590992,4.653844202096025e-05,0.3695109561085701,0.04270923393778503
205824,-0.0014930864563211799,0.049648361396975815,1.2681030631065369,0.18887627916410565,-0.02260351734003052,0.012171589391073212,1.8375868164002895,0.4298897720873356
206848,0.0026557112505543046,0.057016228907741606,1.2151832766830921,0.14201167412102222,0.000618599122390151,0.01842500813654624,2.1667387299239635,0.7375948093831539
207872,0.0033099709544330835,0.032194895669817924,1.2778930738568306,0.16207977291196585,0.028579590885783546,0.008517286718415562,2.0539316460490227,0.6149390786886215
208896,-0.003115753745078109,0.03765717486385256,1.2964183390140533,0.15264119394123554,0.025487264298135415,0.00018450967104399751,2.681394148617983,0.9628072921186686
209920,-0.0018430607742629945,0.042197654489427805,1.3537095710635185,0.1638046633452177,0.005433750542579219,5.670265618107351e-05,1.9982334524393082,0.45699465181678534
210944,-0.014054247410967946,0.048935230006463826,1.2440067380666733,0.14656344498507679,0.015897368284640834,0.003016195922100451,1.9412769638001919,0.4223508848808706
211968,-0.0007874958100728691,0.04698458360508084,1.4871313013136387,0.18413866637274623,0.010072827950352803,0.009359219582620426,3.2834346666932106,1.0696303769946098
212992,-0.00812706550641451,0.033016089466400445,1.3587224446237087,0.1662634825333953,0.04080984182655811,3.136264606951045e-05,1.7667941562831402,0.7097889054566622
214016,-0.0028112354630138725,0.025524753029458225,1.4115738086402416,0.17112288437783718,0.00563172998954542,2.321833047602695e-05,1.1173017136752605,0.19195529213175178
215040,-0.0020322116324678063,0.024142242153175175,1.41145471483469,0.1695123161189258,-0.003145071037579328,0.0029136907323845662,1.2544607371091843,0.2171041159890592
216064,-0.02411431098880712,0.019614405639003962,0.780690697953105,0.10883528552949429,-0.06929115927778184,0.0006566747538272466,1.9479726813733578,0.7936012782156467
217088,-0.002929015419795178,0.029618962027598172,1.0365387424826622,0.1381155496928841,0.004130048837396316,0.009867473887425149,2.9314142540097237,1.1285182358697057
218112,-0.007327530911425129,0.021013561519794166,1.4172573238611221,0.17430634936317801,-0.004594547965098172,0.00011279019637910892,2.431211229413748,0.7308207526803017
219136,-0.011468140059150755,0.029886714299209416,1.3296676576137543,0.1540047274902463,0.0050244137237314135,1.7546216255936997e-05,1.3485321812331676,0.24279348133131862
220160,-0.016274047462502494,0.020314836263423786,1.4535036124289036,0.18938486650586128,-0.023661357670789585,0.0038509328205691418,1.8562502972781658,0.44995924504473805
221184,-0.004536135180387646,0.0446853275061585,0.9674332961440086,0.11318468651734293,-0.003286419960204512,0.028820111707318574,1.7951965667307377,0.3938872804865241
222208,-0.0018739843799266964,0.029377873172052205,1.2369175739586353,0.1599135692231357,0.014435383840464056,0.0012617052561836317,1.4218629207462072,0.2990458798594773
223232,-0.003923989745089784,0.03401718649547547,1.1291399635374546,0.13564510853029788,-0.012282178358873352,0.009331299257610226,2.7122143022716045,0.8844462670385838
224256,-0.0019161383679602295,0.03383734286762774,1.39504911378026,0.1839955779723823,0.006258303736103699,0.00816037612821674,3.0501792281866074,1.137051621451974
225280,-0.007676452834857628,0.039824805804528296,1.3487661443650723,0.1791873062029481,0.004346736066509038,0.002629954675285262,2.7162769064307213,1.0369558222591877
226304,-0.014279730094131082,0.03964682453079149,1.3151988089084625,0.15695496555417776,0.009574023104505613,0.026528167945798486,2.7955221831798553,0.6224032007157803
227328,-0.009229353192495182,0.038404663326218724,1.1666205003857613,0.15078509831801057,0.010883379552979022,0.008335046106367372,1.9806899912655354,0.4154327856376767
228352,-0.006914526573382318,0.04325730097480118,1.2045419849455357,0.15389695949852467,0.032614796567941085,0.0002770902774500428,1.541082113981247,0.2733915988355875
229376,0.0011069439497077838,0.03946226031985134,1.2353504449129105,0.1553924181498587,-0.004102456470718607,0.007852333385017118,1.6447953023016453,0.3649696921929717
230400,-0.005218411664827727,0.03209702356252819,1.1410894580185413,0.13876021024771035,-0.028913384914631024,0.0032478134853590745,1.2709556221961975,0.3423082218505442
231424,-0.0035213010560255498,0.01393568963976577,0.9817313477396965,0.10095810540951788,-0.0035418751649558544,7.833718980521098e-05,0.47447483567520976,0.047138312336755916
232448,-0.0075126645679119974,0.03935700102010742,1.3396426886320114,0.16369697963818908,-0.01274005018058233,0.024299199227243662,2.0533924102783203,0.7076362809166312
233472,-0.009402725234394893,0.03601185412844643,1.4307774789631367,0.1657462464645505,0.08424028573790565,0.0006409263278328581,2.032718650996685,0.8438357878476381
234496,-0.011698155605699867,0.031468761910218745,1.4351052977144718,0.162276322953403,-0.012448034511180595,0.0001076234387369368,0.7899752855300903,0.08809007261879742
235520,-0.029455501498887315,0.016462355095427483,1.133513204753399,0.15046208584681153,-0.06397491969983093,0.009537461126456037,1.1355434507131577,0.18067914934363216
236544,-0.008509981504175812,0.03504661552142352,0.9237414039671421,0.11136511573567986,-0.02687869282090105,0.010275397820805665,1.4170824270695448,0.3539621860254556
237568,-0.003377307664777618,0.03528096154332161,1.1259173415601254,0.14357952028512955,0.0008289950201287866,0.009575182681146543,1.7593729794025421,0.43601338379085064
238592,-0.007265614782227203,0.02599203132558614,1.0972426999360323,0.12846484663896263,-0.01124533757683821,0.001129007187046227,1.1619552057236433,0.22503152093850076
239616,7.4916155426763e-05,0.0431432327022776,1.1429099701344967,0.12981938174925745,-0.015386244282126427,0.0007298546961465036,1.01931332051754,0.170962308999151
240640,-0.0203308316267794,0.043524169945158064,1.168993266299367,0.15036974102258682,-0.03414248215267435,0.021677045049727894,1.5881489999592304,0.3019269616343081
241664,-0.010038660082500428,0.056689760414883494,1.310927338898182,0.1670888145454228,0.021433535002870485,0.01976917676802259,2.082975834608078,0.5693518649786711
242688,-0.0084258776914794,0.03796279523521662,1.2692866288125515,0.14948546094819903,0.012971738746273331,0.00071111040233518,1.6434910111129284,0.36803390830755234
243712,-0.007249371614307165,0.03394676744937897,1.2174097150564194,0.14664432732388377,-0.02084514740272425,0.00017602029515728645,1.1245019882917404,0.15535526792518795
244736,-0.005949370141024701,0.03011746215634048,1.1245182119309902,0.12321207369677722,-0.013364041486056522,0.00011784171965700807,1.06762208417058,0.1350084024015814
245760,-0.002721640805248171,0.019596286758314818,0.806068729609251,0.09719550679437816,-0.04358888286515139,0.004537093260296388,1.3649516319856048,0.29448826459702104
246784,-0.00903821925749071,0.03586210368666798,1.075398838147521,0.12958259950391948,0.00849821901647374,0.00010372215854204114,1.2292197588831186,0.20080146845430136
247808,-0.03344947313598823,0.018352821411099285,1.2029728181660175,0.16410018829628825,-0.03801211575046182,3.669757839475096e-05,1.386500459164381,0.22788711683824658
248832,-0.01629252513521351,0.032661168079357594,1.109206710010767,0.14047976047731936,-0.045606403291458264,1.6995604006808662e-05,1.585975382477045,0.4326532706618309
249856,-0.01777025914634578,0.03272520750761032,0.9338806327432394,0.11077876412309706,-0.03333697357447818,1.0452974422037187e-05,1.3239945862442255,0.2768511138856411
250880,-0.003930874081561342,0.04084447369677946,0.9931181222200394,0.12902951473370194,-0.058255402254872024,0.007733913325864705,1.1130953840911388,0.3392360699363053
251904,-0.003419491564272903,0.04620938200969249,1.235266625881195,0.1803443906828761,0.015239555796142668,0.009089102139114402,2.1602543219923973,0.6260237256065011
252928,-0.007112265710020438,0.03376151650445536,1.1785572357475758,0.1581757264211774,0.005674122890923172,0.010154476862226147,2.2490484304726124,0.5479868007823825
253952,0.0001495263131801039,0.043812158168293536,0.9539228156208992,0.11602164478972554,-0.0022767333721276373,0.0004597248157551803,1.1967510748654604,0.1724268556572497
254976,-0.002410018554655835,0.055996534414589405,1.019673453643918,0.1264698791783303,-0.01115753353224136,0.00017135801387269112,3.011604353785515,0.86281853239052
256000,-0.0035307782236486673,0.039051845960784703,0.9612196367233992,0.12228804221376777,0.0010710305941756815,0.0025247533776564524,0.1010587913915515,0.0073731321026571095
257024,-0.0037251332541927695,0.026621827273629606,1.2801634818315506,0.17928630067035556,-0.03898362722247839,0.0005196608262849622,0.6133050536736846,0.1394935651915148
258048,-0.007068140228511766,0.03685864980798215,1.1823646537959576,0.1522734840400517,-0.005762453278293833,0.0002733088734885314,0.8679814487695694,0.1898350513074547
259072,-0.004638180427718908,0.026661639334633946,1.4570414163172245,0.1942880884744227,0.007476585698896088,0.00034784722674885415,0.8294197227805853,0.2027257012668997
260096,-0.009621073404559866,0.03414753486867994,1.1871590241789818,0.14145347056910396,-0.03649170362041332,0.0021889762892897124,2.546297609806061,0.8357574120163918
261120,-0.011546494250069372,0.03709853533655405,1.280379831790924,0.16944651026278734,-0.010087849368574098,0.009820064737141365,2.194582510739565,0.7420259732753038
262144,-0.0026563708088360727,0.031248587474692613,1.0370880216360092,0.125079634366557,0.046175376046448946,0.00805321773259493,1.828366981819272,0.574815570609644
263168,0.0017230340381502174,0.03878267703112215,0.975674457848072,0.10537955921608955,0.008011190337128937,9.329289704851362e-05,1.2770495358854532,0.1936517667490989
264192,-0.0100471593614202,0.034199480956885964,1.2658370845019817,0.14987661316990852,0.0027214320725761354,6.219866301648835e-05,1.4227885082364082,0.21360471146181226
265216,-0.0004952628951286897,0.05183448561001569,1.2647205293178558,0.14987619733437896,-0.007594948372570798,0.011242906701227184,1.3153530210256577,0.1994864409789443
266240,0.004769119928823784,0.03964988619554788,1.6427248194813728,0.22962806280702353,0.0009074467816390097,0.012498719261202496,0.9456301480531693,0.14975096564739943
267264,-0.016288129903841764,0.048293978441506624,1.471127849072218,0.17816555872559547,0.0004646965389838442,0.017024586311890744,1.317652553319931,0.2221876783296466
268288,-0.007070055260555819,0.03490462643094361,1.5062364526093006,0.1753567117266357,0.0007826925721019506,0.0006922319298610091,1.1028616447001696,0.20482840621843934
269312,-0.0168081869778689,0.03651617979630828,1.404349010437727,0.1600685864686966,-0.013508673117030412,0.000468776267098292,0.8900212906301022,0.1408541244454682
270336,-0.007507589063607156,0.03299347194842994,1.414886448532343,0.1743182516656816,-0.030816867962130345,0.0028027478329022415,1.4943920746445656,0.3705605852883309
271360,-0.014604872063500807,0.043949880404397845,1.1646356172859669,0.15203164657577872,-0.0017700699681881815,0.017337904646410607,1.3376412820070982,0.33724900893867016
272384,-0.007879832526668906,0.047870252979919314,1.5758503563702106,0.19496853509917855,0.0017668190994299948,0.01783841519500129,2.353274766355753,0.7010754439979792
273408,-0.00015701257507316768,0.0414867332438007,1.318460114300251,0.14365911856293678,0.01411986541643273,0.017599995648197364,2.224689032882452,0.60831243917346
274432,-0.005951103201368824,0.03602089622290805,1.387775905430317,0.14319483283907175,-0.0024403248098678887,0.00017278030338729877,1.2185135297477245,0.2282243170775473
275456,-0.011093903536675498,0.02572003600653261,1.1897528693079948,0.1286667597014457,-0.056613049673615023,0.004293946309189778,1.6505944803357124,0.6344403075054288
276480,-0.010847051904420368,0.03624022554140538,1.1804974228143692,0.1416860136669129,-0.01170089648803696,0.008550757862394676,1.5551781076937914,0.39398127421736717
277504,-0.006633472046814859,0.05131672171410173,1.1386704593896866,0.14055493846535683,0.00823042205593083,0.013374882597418036,1.722604252398014,0.3785266149789095
278528,-0.01369263554806821,0.05700986133888364,1.211921188980341,0.15426000813022256,-0.014623363473219797,0.03207456460222602,1.9102239646017551,0.5000772466883063
279552,0.004924378823488951,0.04283414746169001,1.2801559418439865,0.17900989763438702,-0.011637131683528423,0.009537615092995111,2.2113658264279366,0.7846872936934233
280576,-0.022726719078491442,0.041281505255028605,1.2852027080953121,0.18456585193052888,0.03173980489373207,0.06032204034272581,2.032072262838483,0.8003496807068586
281600,-0.01527439670462627,0.04506209527608007,1.2435945495963097,0.1460503600537777,0.02950556023279205,0.0009638591054681456,1.1135610584169626,0.33069042046554387
282624,-0.016976283470285125,0.02835529879666865,1.270681519061327,0.18079886073246598,-0.00689352628251072,0.0002442702332245972,0.9608577769249678,0.16035476583056152
283648,0.00220670981798321,0.022563578851986676,0.5101492321118712,0.051018902217037976,-0.0012721311650238931,0.00022799677799412166,0.8743798192590475,0.10900913458317518
284672,-0.004937308010994457,0.024731594719924033,0.7702233958989382,0.0980862092692405,-0.03620352206053212,5.2968201316616614e-05,0.8222518917173147,0.11509242164902389
285696,-0.01204898947617039,0.0355986297945492,1.2335300855338573,0.17314994568005204,-0.010881910740863532,0.012695812692982145,0.8088719714432955,0.1267130805645138
286720,-0.011149698548251763,0.03911996277747676,1.3870351314544678,0.19288024492561817,0.008619825530331582,0.00969247807188367,0.911701288074255,0.16178812528960407
287744,-0.0014308379468275234,0.04982443479821086,1.4668659418821335,0.18962217029184103,-0.01004989619832486,0.00956212146411417,3.0187194608151913,1.0687220366671681
288768,-0.004094940006325487,0.049565202090889215,1.1807358376681805,0.1529130176641047,0.014922353671863675,0.00010863605791655573,1.6016952767968178,0.4508852884173393
289792,-0.011003179257386364,0.0385015913634561,1.2309020720422268,0.14137149206362665,0.0013936643081251532,9.72631791000822e-05,1.3449223786592484,0.2318431343883276
290816,-0.0024705035757506266,0.030082828248851,1.3259012885391712,0.1625548736192286,-0.006963631516555324,0.0025047085127880564,1.3219667971134186,0.21026486717164516
291840,-0.007461570159648545,0.048443619860336185,1.3334187380969524,0.1619045054540038,-0.005280409735860303,0.009498564759269357,2.701570011675358,0.6919308416545391
292864,-0.005091912054922432,0.06004893244244158,1.2440319396555424,0.16172758443281054,-0.011516545084305108,0.02632321376586333,2.3421632647514343,0.6191965257748961
293888,-0.00018585167708806694,0.03272825328167528,1.3156151920557022,0.1663411781191826,0.03128709946759045,0.009455863168113865,1.703817255795002,0.3925248486921191
294912,-0.006111896436777897,0.03559816483175382,1.4383720122277737,0.17019884660840034,-0.007324844249524176,0.00912202737708867,2.3411135748028755,0.5501082176342607
295936,-0.004381011531222612,0.040721361176110804,0.9591793715953827,0.12111944891512394,0.0022420257446356118,0.002597674676508177,2.1752078533172607,0.4749995768070221
296960,0.002752576139755547,0.037531648587901145,1.0827030465006828,0.14743295824155211,0.007560546102467924,4.0947392896839574e-05,1.8853088468313217,0.3686794638633728
297984,-0.004863017864408903,0.030623167112935334,1.249180905520916,0.1579190706834197,-0.008794858149485663,2.0118479046260518e-05,1.1192589532583952,0.14489906816743314
299008,0.0009210366843035445,0.04103268077597022,1.2619408778846264,0.16922346549108624,-0.016240273194853216,0.00936287212971365,2.8544466458261013,1.0187119245529175
300032,-0.00021426964667625725,0.04262779024429619,1.1213371269404888,0.16193694015964866,0.033850463427370414,0.002714322102292499,3.478849098086357,1.6363471373915672
301056,-0.008107019471935928,0.03595034789759666,1.1410965342074633,0.14549331972375512,0.003533905459335074,0.0006774412941012997,0.26355610601603985,0.030004130123415962
302080,-0.0018406849121674895,0.025451352237723768,1.2868980169296265,0.1720413309521973,-0.0044822780473623425,0.00036750509298144607,0.8692906508222222,0.13263416179688647
303104,-0.004222439893055707,0.023952076444402337,1.078335216268897,0.12681718566454947,-0.00546632322948426,0.00017927935937223083,1.415612868964672,0.23184160888195038
304128,-0.006062281543563586,0.021797833498567343,1.2659455053508282,0.1358204116113484,-0.0013696684909518808,5.586827472825462e-05,1.030985539779067,0.14329888368956745
305152,-0.01011604952509515,0.0217681223875843,1.3803993836045265,0.15923785557970405,-0.0527296919899527,0.003102981801930582,2.145092085003853,0.5302269672974944
306176,-0.01924778739339672,0.032399414747487754,1.3081072345376015,0.19084178796038032,-0.015324562773457728,0.012155750766396523,1.3639166560024023,0.27233695494942367
307200,-0.006642016378464177,0.0346726804273203,1.3735256716609001,0.18309295689687133,0.00889521514181979,0.009198680658300873,2.254100948572159,0.5444633769802749
308224,0.008329907825100236,0.02842880319803953,1.1061705574393272,0.14557595597580075,-0.019159042596584186,0.0007435557918142877,1.818131197243929,0.40511939162388444
309248,-0.00940634572179988,0.02996234968304634,1.307822272181511,0.16400309093296528,-0.029277223424287513,0.0002569699267951364,1.2857577875256538,0.25344386557117105
310272,-0.006663056235993281,0.03738106426317245,1.2854844890534878,0.15915895672515035,-0.05083220300730318,0.005056772122770781,1.928302289918065,0.5462913638912141
311296,-0.012546444108011201,0.02413744735531509,1.047686031088233,0.1298748184926808,-0.00937870136112906,0.009889334352919832,1.5512748211622238,0.47778530581854284
312320,-0.0040006772469496354,0.0335935017792508,1.1050557680428028,0.12931785313412547,0.005208732502069324,0.00969291670480743,2.6226885952055454,0.7880364740267396
313344,-0.008986419103166554,0.03139089356409386,1.2501938343048096,0.15640044212341309,0.006753088149707764,0.0002040115327872627,1.4393438827246428,0.36322416085749865
314368,-0.009539004444377497,0.025701208680402488,1.3107989765703678,0.16070078359916806,-0.01429986089351587,0.015960142613039352,2.371345181018114,0.6491596782580018
315392,-0.009456659463467076,0.02805032767355442,1.3271996527910233,0.16596727818250656,0.0034508508106227964,0.019163475692039356,2.3071001917123795,0.6657136669382453
316416,1.617067027837038e-06,0.041944376775063574,0.8229673188179731,0.09626082051545382,-0.009334575763205066,0.009856892960669938,2.060081996023655,0.38660047203302383
317440,-0.005605318729067221,0.028384959674440324,1.2240032199770212,0.14904519659467041,-0.008130711459671147,0.0011612603229878005,1.5456325262784958,0.23610474867746234
318464,-0.010291443832102232,0.021012614597566426,1.3262340687215328,0.16383597906678915,-0.025410198519239202,0.0006359884346238687,2.069741751998663,0.32969757448881865
319488,-0.008608062780695036,0.033318636822514236,1.2203267887234688,0.13989702239632607,-0.030688398284837604,0.00021410142085187545,2.189900353550911,0.3948722118511796
320512,-0.02475108981889207,0.02481469523627311,1.0933078173547983,0.13362325355410576,-0.024557961471145973,0.0024261737835331587,1.7089697048068047,0.33292197436094284
321536,-0.007864613085985184,0.037459950195625424,1.311551358550787,0.17281957576051354,-0.017139696778031066,0.009911007335176691,3.0750924944877625,1.522718645632267
322560,-0.0071224518469534814,0.038214613508898765,1.1479533091187477,0.13084838120266795,0.08908899704692885,0.00012113572120142635,2.7737826108932495,1.0711641479283571
323584,-0.011170169716933742,0.02632851619273424,1.2219507806003094,0.14053193223662674,-0.005374629748985171,8.918823755266203e-05,2.3046426624059677,0.24440476624295115
324608,-0.010132658033398911,0.03884039132390171,1.2313335314393044,0.15658845752477646,-0.01671191118657589,2.768339834346989e-05,1.7603320814669132,0.07809220429044217
325632,-0.013918161843321286,0.03954549424815923,0.9593452773988247,0.12877635401673615,-0.009812303411308676,0.012601530783285853,1.8642636984586716,0.30878487089648843
326656,-0.009947509242920205,0.03982908691978082,1.3001723363995552,0.1633870960213244,0.009057617542566732,0.0005188086652196944,1.5166818350553513,0.2888159188441932
327680,-0.014234022950404324,0.027974617609288543,1.1613781992346048,0.14203478093259037,-0.00865156963118352,0.0005608498122455785,1.4068788513541222,0.171641084831208
328704,-0.013523127185180783,0.025740629411302507,1.130749225616455,0.13868428277783096,-0.004878777792328037,9.357097212614462e-05,1.6480539217591286,0.1911751066800207
329728,-0.016962279216386378,0.028229133924469352,1.322790864855051,0.18688101274892688,-0.025376072138897143,0.0009466373394388938,1.2510882634669542,0.24318476393818855
330752,-0.024713705643080175,0.026689870574045926,1.111335376277566,0.14632321754470468,-0.028176710911793634,0.004258589458913775,1.4522941522300243,0.2476816661655903
331776,-0.005754102661740035,0.024905644124373794,1.2280576974153519,0.1549898232333362,-0.024089641316095367,0.0006643415872531477,1.3267489187419415,0.23521421244367957
332800,-0.012818621005862951,0.05129223153926432,1.161195058375597,0.14291051216423512,-0.004682313112425618,0.02538233090308495,2.228381920605898,0.6493333168327808
333824,7.861544145271182e-05,0.04841661814134568,1.2140952907502651,0.1651670546270907,0.05675435863668099,0.009045765189512167,1.9050895422697067,0.49219371983781457
334848,-0.006342115288134664,0.030903896724339575,1.2158063538372517,0.15739617217332125,-0.024789497634628788,0.00038439614490926033,1.3932264689356089,0.3047036682255566
335872,-0.012875859247287735,0.02876879886025563,0.9616640377789736,0.13440238125622272,-0.028630021552089602,0.011926337436307222,0.4237043745815754,0.060157151776365936
336896,-0.003030651823792141,0.03175573924090713,1.2920369133353233,0.19179781340062618,-0.024512273928849027,0.010463685801369138,1.581980200484395,0.2893113342579454
337920,0.0006489092775154859,0.03376564156496897,1.321906417608261,0.19929168047383428,-0.011500787426484749,0.019143032928695902,2.230386406183243,0.5080736391246319
338944,0.009796415135497227,0.03452593123074621,1.4606715068221092,0.2030113567598164,0.015574673685478047,0.0023658438731217757,1.3609853722155094,0.32762594101950526
339968,-0.002222304086899385,0.028983443218749017,1.4713336080312729,0.1927678887732327,-0.02417049845098518,0.00032149505568668246,1.2475887462496758,0.27270261105149984
340992,-0.018038507259916514,0.018843053752789274,0.9705218393355608,0.13833110127598047,0.014151149429380894,0.0018188420699516428,0.2633500569500029,0.01851311870268546
342016,-0.01646502985386178,0.02099237614311278,1.1409404519945383,0.1525610936805606,-0.008941144740674645,0.009102263953536749,1.2893701307475567,0.20430689118802547
343040,0.005873415357200429,0.02956704603275284,0.9224933162331581,0.1105837740469724,-0.015232671838020906,0.009113959858950693,3.3806386813521385,1.10332640260458
344064,-0.004508774145506322,0.03057001845445484,1.0268937889486551,0.13659467338584363,-0.004409568675328046,0.009187162191665266,1.7909313961863518,0.5582782812416553
345088,-0.003619720046117436,0.033760703809093684,0.9909582193940878,0.12979915156029165,0.005963784409686923,0.015492343765799887,2.1615646220743656,0.5867198230698705
346112,-0.012759998004185036,0.04333293403033167,1.1939709670841694,0.15911667188629508,-0.021599974657874554,0.022330995416268706,1.9645488038659096,0.4548305566422641
347136,0.00412743074411992,0.0417825625045225,1.3488806560635567,0.17794252326712012,0.021844074508408085,0.01723604681319557,2.4872390143573284,0.6647195899859071
348160,-0.01649429544340819,0.029163653089199215,1.338301595300436,0.17372406227514148,0.010969851398840547,0.007541556660726201,3.347275584936142,1.2099024578928947
349184,-0.008040361673920415,0.03201093367533758,1.150671772658825,0.1369919148273766,0.07943373295711353,0.0005278114758766606,2.3918010406196117,0.6306846998631954
350208,-0.007741354260360822,0.032883837819099426,1.1579183116555214,0.1416571498848498,-0.04930069894180633,0.003696146133734146,1.9950973503291607,0.3427195632830262
351232,-0.0052547448431141675,0.020454302546568215,1.210363321006298,0.15047102281823754,-0.022658327303361148,0.004456047361600213,1.2282163221389055,0.18789150740485638
352256,-0.016756610508309677,0.03792885900475085,1.229541089385748,0.13839076180011034,-0.016813443100545555,0.011244308399909642,2.3998441137373447,0.667848571203649
353280,-0.007270789792528376,0.0254460169817321,1.2752958126366138,0.1418015444651246,-0.0007971992599777877,0.0006497462682091282,1.823878813534975,0.45335485273972154
354304,-0.01926306825771462,0.024934333108831197,1.0773015171289444,0.12551733618602157,-0.022678067223750986,0.0003507472529236111,2.1018538884818554,0.33206711523234844
355328,-0.022278279720922,0.03132061508949846,1.068323140963912,0.12941888300701976,-0.06130660243798047,0.009828448244661558,1.8881241269409657,0.3899419796653092
356352,-0.005573628150159493,0.0219538061064668,1.492595687508583,0.1848384765908122,-0.016889590726350434,0.0031866756798990536,0.953001132234931,0.1527027061674744
357376,-0.002266459894599393,0.02453543693991378,1.4382533989846706,0.17479730676859617,-0.01082017520093359,0.009585757172317244,3.2331536412239075,0.9174676444381475
358400,-0.011309093300951645,0.02199415786890313,1.4223716333508492,0.1627979683689773,0.021706085943151265,0.001096492031138041,1.1784733012318611,0.16411998309195042
359424,-0.009273450181353837,0.02020619623363018,1.248342402279377,0.1368294763378799,-0.0014203268510755152,0.0005888064051760011,1.2664438784122467,0.14120130939409137
360448,-0.02330814716697205,0.022253129398450255,1.154887817800045,0.13601895491592586,-0.07290786440717056,0.007311320150620304,1.3322989139705896,0.22537468862719834
361472,-0.01255668823432643,0.040000634151510894,1.3807293698191643,0.2127310181967914,-0.018896399851655588,0.012811242253519595,1.5209493227303028,0.2843031161464751
362496,-0.004605449423252139,0.04258920217398554,1.1827106773853302,0.1758699519559741,-0.013750248734140769,0.0035375297666178085,1.493346143513918,0.2515344740822911
363520,-0.015509103453950956,0.024909017607569695,1.228513102978468,0.17710332665592432,-0.00827963519259356,0.00857736388934427,1.7390078753232956,0.3822798323817551
364544,-0.005514198419405147,0.04641746124252677,1.3227206505835056,0.1815584758296609,-0.01423603473813273,0.018731808100710623,2.0755208916962147,0.6180138140916824
365568,-0.014096257349592634,0.029137757956050336,0.8839325662702322,0.11154503212310374,-0.03586216441181023,0.014118185616098344,1.5565941240638494,0.4662321521900594
366592,-0.013999458693433553,0.041914567817002535,0.8939905781298876,0.10892608528956771,-0.010729219444328919,0.04461259569507092,1.842060599476099,0.39398379530757666
367616,-0.004480437899474055,0.02786128013394773,1.2262221463024616,0.16409808862954378,0.014101416585617699,0.007557824486866593,0.7051630662754178,0.1509114457294345
368640,-0.013501356588676572,0.03268735657911748,1.172762606292963,0.1455071298405528,-0.004424480197485536,0.009329974884167314,1.8160303458571434,0.3666853606700897
369664,-0.0031996895413612947,0.036296223173849285,1.215006586164236,0.14901234302669764,-0.008443916754913516,0.0015755740005261032,0.8917874395847321,0.12047611665911973
370688,-0.02646176054258831,0.02121551040909253,1.001428572461009,0.12303909682668746,-0.03135488706175238,0.006206039048265666,0.7168484618887305,0.13236595288617536
371712,-0.007280836784048006,0.0385712597053498,1.210639987140894,0.14922474278137088,-0.01289364614058286,0.00786977844836656,1.9910846911370754,0.4794764379039407
372736,-0.017634659365285188,0.0410171824041754,1.1900647170841694,0.1453557093627751,0.0061832879146095365,0.01991686029941775,1.531275026500225,0.30833569169044495
373760,-0.002606038935482502,0.030117473506834358,1.317871082574129,0.1677375480066985,0.0019504822557792068,0.002899004663049709,1.0701957792043686,0.20581258763559163
374784,-0.009421288050361909,0.02525172638706863,1.316629122942686,0.14217661693692207,-0.028036634146701545,0.0006617143108087475,1.6251272112131119,0.3484414513222873
375808,-0.007234878285089508,0.0301434911089018,0.9350072517991066,0.11131436727009714,-0.011695332708768547,0.015128802304388955,0.7966046817600727,0.16100972960703075
376832,-0.012950894189998507,0.026038391108158976,1.2720977552235126,0.16543189901858568,-0.011159516347106546,0.009727457068947842,1.6762227909639478,0.3917665723711252
377856,-0.0024266893160529435,0.04519456811249256,1.125992726534605,0.14124056487344205,0.01338794780895114,0.009690249469713308,1.7919174320995808,0.33272899175062776
378880,-0.007605183505802415,0.03488737135194242,1.3233089409768581,0.16717971954494715,0.0013236756931291893,0.00020891955307433818,0.9488401375710964,0.12767586205154657
379904,-0.0007728175260126591,0.030590486654546112,1.246682595461607,0.16650676494464278,-0.03383935385500081,0.00011448299039784615,1.121091479435563,0.16215819772332907
380928,-0.010608401265926659,0.022510530659928918,0.9337607454508543,0.11955557321198285,-0.004015959159005433,0.00272197026424692,0.5053423224017024,0.07974991138326004
381952,-0.0056475929013686255,0.03841239388566464,1.2650228962302208,0.15312755899503827,-0.018663446709979326,0.008722894912352785,2.6644204035401344,0.6942822504788637
382976,-0.014293085463577881,0.04120258946204558,1.3070066161453724,0.16520346282050014,-0.009473934391280636,0.009026869855006225,2.76890991255641,0.8142557740211487
384000,-0.03121181484311819,0.03561410401016474,1.1641438864171505,0.15528657753020525,0.00620524218538776,0.008985663982457481,3.6213880106806755,1.210425216704607
385024,-0.007194588717538863,0.04942803387530148,0.8799327630549669,0.11471264204010367,-0.009406074183061719,0.002564930557127809,3.4159306809306145,0.7361113913357258
386048,-0.007777240622090176,0.015343309583840892,1.2994924560189247,0.16099319234490395,0.013505197537597269,0.00058393855306349,0.1715490836650133,0.0196693992766086
387072,-0.013478136155754328,0.019508944009430707,1.5121816731989384,0.19908257434144616,-0.03702965420961846,0.00041801530414886656,0.5337217766791582,0.06697431404609233
388096,0.0007374750130111352,0.04350416490342468,0.9548836890608072,0.10441661509685218,0.021586764487437904,0.000435034150541469,1.5395157858729362,0.27897491538897157
389120,-0.007551452174084261,0.04485080123413354,1.205170825123787,0.1601390214636922,-0.008567712007788941,0.00018184214764005446,1.3310128338634968,0.16573798097670078
390144,-0.018063286115648225,0.02633432182483375,1.156891092658043,0.1508880932815373,-0.0007359991141129285,0.002444313321575464,0.42997335363179445,0.03282536653568968
391168,-0.013505950511898845,0.023922243562992662,1.0937328357249498,0.13917494611814618,-0.01982810892513953,0.0001332761221419787,1.1370451152324677,0.15214304253458977
392192,-0.011656762595521286,0.036594197794329375,1.0742921959608793,0.1313550597988069,-0.020414068509126082,0.0001967088383025839,1.4751619845628738,0.20342725259251893
393216,-0.013295923723489977,0.03251222806284204,1.1537964008748531,0.14425408095121384,-0.038729242456611246,0.0001096811832894673,1.347328007221222,0.1873147003352642
394240,-0.017215270752785727,0.03828410484129563,1.1145758014172316,0.15048992540687323,-0.0387748637876939,2.9226950402971852e-05,1.7959140352904797,0.3091973261907697
395264,-0.024448852433124557,0.029565294331405312,0.9698790423572063,0.12879980844445527,-0.07417317046201788,0.00866005564603256,2.001268431544304,0.38753262907266617
396288,-0.01166668170480989,0.014384061243617907,1.0924054235219955,0.13668989879079163,-0.0025206197460647672,0.004099175635928987,0.16350472066551447,0.012111048097722232
397312,-0.0072344197978964075,0.049266446963883936,1.1468363516032696,0.13366769975982606,-0.0225553136842791,0.012325081137532834,1.4538980573415756,0.2851317608729005
398336,-0.02980977902188897,0.028132911364082247,1.4324855282902718,0.19469792675226927,-0.022574154834728688,0.001892817239422584,1.5461971275508404,0.22869018418714404
399360,-0.042184440899291076,0.025421172787901014,1.004659604281187,0.13933838298544288,-0.022254130512010306,0.00034037626210192684,1.577664889395237,0.21657712990418077
400384,-0.008484933205181733,0.01907671894878149,1.2145112827420235,0.20334055600687861,-0.04155119220376946,0.02072749729268253,1.1350240176543593,0.3115422779228538
401408,-0.01649952057050541,0.018052082537906244,0.7385554509237409,0.08419884985778481,5.064389551989734e-05,0.009831201376073295,0.021731194050516933,0.0008968895999714732
402432,-0.009479383894358762,0.01725829203496687,1.3791028913110495,0.22926911246031523,-0.0008221854805015028,0.015017709869425744,0.5174069977365434,0.10331816173857078
403456,-0.00778347831510473,0.05173760838806629,1.1072205025702715,0.13783967262133956,0.025448400294408202,0.007038709503831342,2.2721719667315483,0.6252772677689791
404480,-0.008701848040800542,0.045182342757470906,0.9642977230250835,0.10938755515962839,-0.003193287382600829,0.010510140506085008,1.9634319208562374,0.2695517363026738
405504,-0.0114029734977521,0.03668598341755569,1.0712834727019072,0.14110588561743498,-0.052670254779513925,0.018647369026439264,1.2764744758605957,0.26428295811638236
406528,-0.010642206645570695,0.031003380252514035,1.2600998617708683,0.17328046448528767,-0.007596343057230115,0.0005213371123318211,0.16113088314887136,0.015827510971575975
407552,-0.02708287409041077,0.03435034857830033,1.0079897791147232,0.13205443182960153,0.0196662586677121,0.002666218570084311,2.365327801555395,0.5017202086746693
408576,-0.002878447194234468,0.06567526794970036,1.0744081363081932,0.15719312406145036,-0.006433490198105574,0.011275289361947216,1.5475816167891026,0.26377989794127643
409600,-0.0023574200458824635,0.0570327234454453,0.9268814772367477,0.11904163146391511,0.03959206573199481,0.001170458750891612,2.7953397929668427,0.46809432189911604
410624,-0.0142777641012799,0.04960828833281994,1.0156503692269325,0.13596244738437235,-0.019364378036698326,0.0025670907234598417,1.8135279566049576,0.27219149004668
411648,-0.0036166627396596596,0.02879182167816907,1.313580758869648,0.19792073778808117,-0.011183922499185428,0.0014984541303419974,0.9592223279178143,0.13311204873025417
412672,-0.014498835167614743,0.02604309853632003,1.0888321567326784,0.14564504707232118,-0.0007561748789157718,0.00045269336480657785,0.24396486580371857,0.013175828848034143
413696,-0.0293712225247873,0.021123098209500313,1.1062180045992136,0.1757009350694716,0.0040708308515604585,0.00037065407070713263,0.49183999840170145,0.04839386756066233
414720,-0.008712568058399484,0.03874398197513074,1.1873958632349968,0.18184837140142918,-0.009349943138659,0.009417587523785187,1.9816408418118954,0.36965334322303534
415744,-0.016713503289793152,0.05002168659120798,1.0987037513405085,0.14949475461617112,-0.017322015773970634,0.02912563330028206,2.232798535376787,0.515403376892209
416768,0.009619589807698503,0.039067634323146194,1.1428632363677025,0.15953328693285584,-4.2355852201581e-05,0.010168264307139907,2.2018472962081432,0.5731640262529254
417792,-0.005196212776354514,0.04015017696656287,1.1510731652379036,0.15827166242524981,-0.004005476977908984,0.009840287806582637,2.0968862175941467,0.4427518779411912
418816,-0.006026535484124906,0.036195648019202054,1.2186463475227356,0.1574314320459962,0.011308490444207564,0.0005786807159893215,1.7912689559161663,0.35784750431776047
419840,-0.0021950612572254613,0.02748459519352764,1.2784281373023987,0.1595459021627903,-0.020082947565242648,0.00046263653530331794,1.5629961416125298,0.26610009791329503
420864,-0.006560150999575853,0.02891637635184452,0.9214138220995665,0.11616837652400136,-0.005436635517980903,0.010199355332588311,1.2291327491402626,0.2464252576464787
421888,-0.019107062165858224,0.04363993264269084,1.254352856427431,0.1597105567343533,-0.009921624849084765,0.009275411259295652,3.020936831831932,0.9576375130563974
422912,-0.011637435687589459,0.050220557604916394,1.1125989742577076,0.13491457630880177,0.014155010343529284,0.009942931126715848,2.0959995836019516,0.5298760253936052
423936,0.0034057967422995716,0.037728240771684796,1.2660226188600063,0.16937003005295992,0.03954180268920027,0.015825842070626095,2.3917358852922916,0.5773776629939675
424960,-0.0017965141159947962,0.028596520656719804,1.2409900277853012,0.15984322596341372,-0.0006507668585982174,0.0011003749241353944,0.9492429159581661,0.13984001474455
425984,-0.02024561818689108,0.020225267100613564,1.081979911774397,0.14457694860175252,-0.02553669315238949,0.002712874776989338,1.876649834215641,0.33847729163244367
427008,-0.019302682048873976,0.029809391999151558,1.3178460337221622,0.17027821764349937,-0.008953987926361151,0.026648669998394325,2.3037288673222065,0.5362990945577621
428032,0.001002089906251058,0.039541415753774345,1.0548082794994116,0.1191401721443981,0.0030345154518727213,0.010519608844333561,1.7329757437109947,0.30674770567566156
429056,-0.0131579814478755,0.028226739610545337,1.2082378305494785,0.13506722799502313,-0.01557891583070159,0.00035907195479012444,1.1450500395148993,0.16841774224303663
430080,-0.015230178163619712,0.02376300364267081,1.2722922451794147,0.16056755045428872,-0.022004735365044326,0.0035976836370537058,2.353730857372284,0.6109267994761467
431104,-0.018160364590585232,0.02536696585593745,0.7623733095824718,0.08570194896310568,-0.017452022235374898,0.01099653668643441,1.3525081425905228,0.25392317213118076
432128,-0.011267366367974319,0.035638783941976726,1.2495149113237858,0.1651846170425415,-0.004655030759749934,0.0005100487132949638,1.3857663627713919,0.22328571043908596
433152,-0.006953087780857459,0.028047776489984244,1.2605076059699059,0.16309922793880105,-0.003871418070048094,0.00043904936410399387,1.1374866738915443,0.1593943506013602
434176,0.00010854139691218734,0.02867717162007466,1.2127758674323559,0.1567061864770949,-0.012499562668381259,0.009287641778428224,2.4155280366539955,0.6933067669160664
435200,-0.0044592716585611925,0.026117447938304394,1.195297408849001,0.1638444340787828,-0.014349075150676072,0.012735576514387503,1.9067628271877766,0.44704935932531953
436224,-0.007038700001430698,0.02259859279729426,1.0902004409581423,0.14034179598093033,-0.025695519041619264,0.0015017104906291934,1.523445475846529,0.22534004505723715
437248,-0.005791882475023158,0.042679701233282685,1.2381892278790474,0.17326739570125937,-0.01931930670980364,0.018435074256558437,2.7671020701527596,0.795715507119894
438272,-0.0032759829482529312,0.030710721213836223,1.2269742861390114,0.16445163590833545,0.00631833155057393,0.0006767543854948599,2.129021119326353,0.5387535709887743
439296,-0.0034076047741109505,0.025940538616850972,1.2838054895401,0.17469951044768095,0.009063296194653958,0.00011684607130746372,1.8958277441561222,0.41140504041686654
440320,-0.019021255371626467,0.0338228396140039,1.1670510992407799,0.15450912457890809,-0.06331120553659275,0.009070696753042284,2.077679943293333,0.5513478890061378
441344,-0.006058910425053909,0.03376494103576988,1.2014305777847767,0.1704977983608842,-0.030723070667590946,0.0018317247850063723,1.2815684154629707,0.18136106804013252
442368,-0.008481427474180236,0.040564129245467484,1.3333097659051418,0.19664579117670655,-0.03189334488706663,0.002006891900236951,1.9772646613419056,0.4816445577889681
443392,-0.00978524780657608,0.04899737366940826,1.1775293424725533,0.1382964695803821,-0.009719554334878922,0.015758405221276917,1.9875079914927483,0.45746859908103943
444416,0.003447873576078564,0.06371879065409303,0.9337339252233505,0.11762058432213962,0.038007813127478585,5.912526657070316e-05,2.756635308265686,0.7975369207561016
445440,-0.004583724832627922,0.0566897172247991,1.2349124550819397,0.16990425949916244,-0.050115924212150276,0.02097090138704516,1.6982824504375458,0.27815337385982275
446464,-0.01787143768160604,0.046512347529642284,1.406672440469265,0.17051961459219456,-0.00438175507588312,0.012366040493361652,1.8673592619597912,0.39300628658384085
447488,0.00019067575340159237,0.0388439423404634,1.2247946001589298,0.1391160967759788,-0.008893561054719612,0.0013643233323819004,1.4411233104765415,0.29258591402322054
448512,-0.0048204863560386,0.042185898404568434,1.257610335946083,0.13681853865273297,-0.00663272337988019,0.0014437545632972615,0.8877640776336193,0.16608900437131524
449536,-0.013086944542010315,0.02700402948539704,1.5208939649164677,0.1825977312400937,-0.0135230568703264,0.0004368908757896861,1.0787838958203793,0.13544679712504148
450560,-0.017793868348235264,0.03183628601254895,1.3248817473649979,0.1626270180568099,-0.037507700792048126,0.013225292415881995,1.0618189135566354,0.25659970252308995
451584,0.005932052998105064,0.052787500666454434,1.541283369064331,0.19118638336658478,-0.02048313507111743,0.02634411206236109,1.032644733786583,0.19071694952435791
452608,-0.00915443230769597,0.03923467482673004,1.6455683521926403,0.18017013324424624,-0.0254899465944618,0.003225444561394397,1.2235407587140799,0.250804130686447
453632,-0.023681413746089675,0.030585625383537263,1.5989130549132824,0.18765085516497493,-0.0045415767235681415,0.0007461079385393532,0.539056783542037,0.0745154581964016
454656,0.0035724100162042305,0.012730236165225506,1.709897581487894,0.2288863412104547,-0.00013079127529636025,0.00017339912897895715,0.3271206780336797,0.028402625292073935
455680,-0.02258560323389247,0.026589300367049873,0.8441938310861588,0.09096378996036947,-0.05163482774514705,0.028351918925181963,1.331811006180942,0.3023665929213166
456704,0.001675171806709841,0.03501813777256757,0.9302373547106981,0.12525630090385675,-0.019470240571536124,0.011986262070422526,2.054888617247343,0.44943640008568764
457728,-0.002687738713575527,0.04520281311124563,1.013495597988367,0.14270424703136086,-0.001184612832730636,0.0036725193640450016,1.0241605583578348,0.21064388705417514
458752,-0.011422414099797606,0.043158899527043104,1.2128626927733421,0.15531544899567962,-0.02070281992200762,0.004984108076314442,0.8111543552950025,0.12913982046302408
459776,-0.012124762666644529,0.03284106537466869,1.2666852287948132,0.1620594970881939,-0.0008780311036389321,0.0001742621491302998,0.332791764754802,0.03540188987972215
460800,-0.006454846326960251,0.039459742372855544,1.2207701094448566,0.17535279551520944,-0.04050769307650626,0.027435548254288733,2.0724165104329586,0.5217105112969875
461824,-0.005592429399257526,0.04787900357041508,1.2654934376478195,0.1750851166434586,-0.003900471667293459,0.006763352299458347,1.5116576850414276,0.3280613566748798
462848,-0.007602540485095233,0.03682298242347315,1.2906105145812035,0.17441048845648766,-0.012351364915957674,0.011515387930558063,1.5306737199425697,0.2995224646292627
463872,-0.006290196266490966,0.030990528175607324,1.390357792377472,0.1585482289083302,-0.0026880247751250863,0.010650801545125432,1.13305040076375,0.1826526508666575
464896,-0.012284304204513319,0.03262999659636989,1.4799135066568851,0.1697467938065529,-0.006763049779692665,0.0022107663171482272,1.228359766304493,0.1808317475952208
465920,-0.00989910151110962,0.032361302350182086,1.0848887525498867,0.14012801717035472,-0.04455757769756019,0.013914455019403249,1.0058284141123295,0.15919932234100997
466944,-0.004804219686775468,0.030833864817395806,1.1694113947451115,0.15033378824591637,-0.01253929571248591,0.0013202999416535022,1.3407060727477074,0.21430849796161056
467968,-0.009701463102828711,0.023461862816475332,1.1633222587406635,0.15534420497715473,-0.005683699622750282,0.000437620471984701,0.6932961763814092,0.08660176408011466
468992,0.003541869344189763,0.023347636801190674,1.0901709701865911,0.13317017164081335,-0.011688592843711376,0.0077964158372196835,2.0582224298268557,0.41062562935985625
470016,0.00010354613186791539,0.023767629696521908,1.3358371816575527,0.18091592751443386,-0.0039911845815368,0.013266474677948281,1.4729343578219414,0.28413351671770215
471040,-0.015548603711067699,0.023683144769165665,0.9731877278536558,0.12952162302099168,-0.05462567709037103,0.0013467318967741448,1.169722132384777,0.30456070764921606
472064,-0.004254790139384568,0.032296121935360134,1.2130052670836449,0.15721733774989843,-0.01165763738390524,0.01703559566522017,2.456776797771454,0.6808433709666133
473088,-0.005179009138373658,0.041598769719712436,1.3045785203576088,0.16968479380011559,0.014100377389695495,0.00925437411206076,2.4790916815400124,0.7699406538158655
474112,-0.01261137198889628,0.04439891956280917,1.2377992756664753,0.15611416194587946,0.0046024702896829695,0.009405097855051281,1.9957094267010689,0.5178788742050529
475136,-0.02165424507984426,0.041529730428010225,1.3050824739038944,0.1814409215003252,-0.04324112582253292,0.003459755804215092,2.5584874115884304,0.7134220749139786
476160,-0.02982997809886001,0.020241454243659973,0.8780816700309515,0.12294227536767721,0.00017883512191474438,0.004377727236715145,0.06314824928995222,0.003876676841173321
477184,-0.0005098069959785789,0.01868335361359641,1.5056296214461327,0.20750363683328032,-0.031134792807279155,0.0043130800822837045,1.0002059489488602,0.18419123522471637
478208,-0.01637629080505576,0.04912075004540384,1.1255775913596153,0.13998410035856068,-0.021492997504537925,0.01446749443130102,1.8719578869640827,0.5477137942798436
479232,-0.018090605386532843,0.03541090618818998,0.964586578309536,0.12281338032335043,0.018043892923742533,0.0011465271072665928,0.8663758835755289,0.35452038818039
480256,-0.000650613772450015,0.03904558887006715,0.8385307304561138,0.0916454684920609,7.140787784010172e-05,0.0013732851912209298,0.2550160535611212,0.02619243413209915
481280,-0.01080734288552776,0.05451748601626605,1.3018589727580547,0.21691932482644916,-0.008027083036722615,0.018190221599070355,1.09444947168231,0.21098998095840216
482304,0.0042981491424143314,0.04178911016788334,1.2561836428940296,0.18922774400562048,0.008455354531179182,0.00194337873654149,0.9756387276574969,0.2366419256431982
483328,-0.00012770236935466528,0.038788922189269215,1.3885273486375809,0.19821935892105103,-0.013080711069051176,0.0009218291661454714,0.8841171525418758,0.13617614121176302
484352,-0.005417449108790606,0.02617808768991381,1.1641746163368225,0.16404927661642432,-0.008785963233094662,0.00833021595099126,1.5884694587439299,0.34457933995872736
485376,-0.014251620275899768,0.041975720319896936,0.9678661748766899,0.1276593857910484,-0.019529585435520858,0.012870548620412592,2.7529110684990883,0.9842047188431025
486400,-0.007000899815466255,0.05600619246251881,1.1350378319621086,0.1542254867963493,-0.00979318527970463,0.00982005761761684,1.4752373732626438,0.33478761138394475
487424,-0.0035633192892419174,0.05108150641899556,1.1912041306495667,0.16221570409834385,0.016649902856443077,0.016467020206619054,1.1585476025938988,0.2763243210501969
488448,-0.014773631788557395,0.037074996158480644,1.1636822558939457,0.1508574322797358,0.007787793525494635,0.008851089147356106,1.4320579748600721,0.30145393777638674
489472,-0.010037556552561,0.034110533888451755,1.249823935329914,0.16315237479284406,-0.023317378203500994,0.000635371893622505,1.4536279551684856,0.3243645210750401
490496,-0.024065107354545034,0.01796438731253147,0.8560662157833576,0.11069051502272487,-0.013654362584929913,0.002285515693074558,0.6536203362047672,0.09790378180332482
491520,-0.0063854692270979285,0.017934655479621142,0.9291355516761541,0.11029793322086334,-0.03674119885545224,0.0003525457764226303,0.9720888193696737,0.20575231360271573
492544,-0.008802007650956511,0.018806175503414124,1.2276929393410683,0.15389399440027773,-0.0222775936126709,0.00014433990327233914,0.7778649358078837,0.12977301492355764
493568,-0.008026419760426506,0.025160485645756125,1.0675330702215433,0.12579320068471134,-0.015007552603492513,0.008930707108447677,2.8100337889045477,1.0000705507118255
494592,-0.010194118251092732,0.0656790592474863,1.1060061529278755,0.1463097643572837,0.0017833284218795598,0.009617887892090948,1.9484174959361553,0.4682557589840144
495616,-0.012066734168911353,0.05353220668621361,1.1374303996562958,0.16636313032358885,0.048502666351851076,0.04632635798770934,1.7372797336429358,0.5579116176813841
496640,-0.006917797611095011,0.02873229730175808,1.5387254431843758,0.18700313149020076,0.0059882204222958535,0.0015811150551598985,1.1636045835912228,0.2337046501925215
497664,-0.00440598523709923,0.030636392591986805,1.4380933120846748,0.16849634051322937,-0.014640924011473544,0.009042416229931405,1.7095374763011932,0.39779557893052697
498688,-0.008864191608154215,0.03388913255184889,1.3759015463292599,0.14613515906967223,0.024385556927882135,0.00921940934858867,2.1502679772675037,0.5211916365660727
499712,-0.01008317140804138,0.02751418441766873,1.2754901871085167,0.14894647733308375,-0.025807340338360518,0.0007175286145866266,1.27340405061841,0.19509344222024083
500736,-0.03575132379774004,0.019372089504031464,0.9286911822855473,0.1191313243471086,-0.02356494966079481,0.00285881492527551,0.740959407761693,0.10767001321073622
501760,-0.016230200533755124,0.026054491812828928,1.04323386028409,0.13146735168993473,-0.010483122692676261,0.0180180928655318,1.9040343891829252,0.3636162802577019
502784,-0.021173032801016234,0.04053818044485524,1.166763573884964,0.14431479875929654,0.008553558320272714,0.017144718469353393,1.61181884072721,0.30124520929530263
503808,-0.008101449158857577,0.04864320426713675,1.3005027398467064,0.15917644929140806,-0.017615362477954477,0.009953688160749152,1.8367321118712425,0.3486981624737382
504832,-0.015149076542002149,0.033048630168195814,1.3147778920829296,0.16816616989672184,0.01217027910752222,0.0007139629633456934,0.7639703918248415,0.12117366620805115
505856,-0.02818523976020515,0.0238405279815197,0.7704550754278898,0.0926462144125253,-0.025617489067371935,0.0021269813123581116,1.0737296985462308,0.19547179469373077
506880,-0.011597574761253782,0.03756658470956609,1.1862935796380043,0.1457414305768907,0.010787151899421588,0.009307264561357442,1.495613720268011,0.23872066382318735
507904,-0.026659224269678816,0.03957698977319524,0.8681936990469694,0.10415871418081224,-0.009324533573817462,0.00013708991355088074,1.4560724906623363,0.1819940311834216
508928,-0.008466954517643899,0.03425595961743966,0.8400270752608776,0.10406489169690758,0.0018094003607984632,8.926927983310406e-05,1.6826654970645905,0.2188072158023715
509952,-0.009352386929094791,0.025536763307172805,0.998386774212122,0.1344603723846376,6.591685814782977e-05,5.631936316419228e-05,1.4790934436023235,0.18686819402500987
510976,-0.01662233952083625,0.038127128093037754,1.3076999709010124,0.17795898346230388,-0.019749906306969933,0.02476825934718363,1.0640978254377842,0.16276990855112672
512000,-0.007786546746501699,0.035275045316666365,1.2840240262448788,0.1655802191235125,-0.014672607358079404,0.020795265882043168,1.5209850743412971,0.26318875094875693
513024,-0.013273993827169761,0.0328443021280691,1.2922477647662163,0.1550456890836358,0.003893376386258751,0.0004680622478190344,1.3266240619122982,0.2314337792340666
514048,-0.008590594385168515,0.024044877209234983,1.3801795169711113,0.168686643242836,-0.02398846816504374,0.00044545282753460924,0.8843777440488338,0.1309047918766737
515072,-0.010666902351658791,0.033070922654587775,1.069297645241022,0.1255335493478924,-0.016429968542070128,0.002038892299424333,1.1019375883042812,0.17669386439956725
516096,-0.01723174680955708,0.0366614882950671,0.9567714929580688,0.13221118412911892,-0.03445923536492046,0.0009304301365773426,1.7001125365495682,0.3600410488434136
517120,-0.02781591821985785,0.023514621832873672,1.1185480207204819,0.15962103055790067,-0.005193460237933323,0.009372581174829975,2.7974516227841377,0.7044844469055533
518144,-0.008574035105993971,0.024685468641109765,0.8644662164151669,0.10519243578892201,0.010143220359168481,0.00022253683869166707,1.5525896633043885,0.42658413643948734
519168,-0.008388716116314754,0.04447066504508257,0.9402128867805004,0.1192158437334001,-0.019760529132327065,7.495698929460559e-05,0.4062551995739341,0.03678114427020773
520192,-0.022937981557333842,0.0491593029582873,0.8093249816447496,0.10679214843548834,-0.041249153087846935,0.0029472614824044285,1.7884713038802147,0.43383489770349115
521216,-0.022800827166065574,0.05948130798060447,1.1897605471313,0.18470150977373123,-0.026468997617485,0.014781913429033011,1.3499654978513718,0.2291638613678515
522240,-0.00907718125381507,0.07607317913789302,0.654823349788785,0.08423406805377454,-0.009362856391817331,0.011710477148881182,1.7398023158311844,0.34043983509764075
523264,-0.04069550082203932,0.04541547945700586,1.2009060978889465,0.19505151361227036,-0.032819929299876094,0.0006000562461849768,1.5362295843660831,0.29501037718728185
524288,0.0029009589925408363,0.09047916997224092,0.4335882207378745,0.03461423044791445,-0.010291272483300418,0.010142891929717734,2.391781311482191,0.4969412796199322
525312,-0.0028422937903087586,0.0485862095374614,0.4904644889757037,0.05033971439115703,-0.05354250152595341,0.004333225326263346,2.146612837910652,0.553552083671093
526336,-0.02184630517149344,0.04647466051392257,1.0227840207517147,0.12874314631335437,-0.003282223711721599,0.0080698937363195,1.1315512582659721,0.2002636999823153
527360,-0.03127490644692443,0.01887674498721026,1.536575872451067,0.23968200897797942,-0.005471043346915394,0.00015236080864156065,1.121874775737524,0.1676654890179634
528384,0.0009539256279822439,0.007236964079311292,1.5765943750739098,0.2616952555254102,0.0005686370859621093,8.956954586381016e-05,1.4589389115571976,0.22050169156864285
529408,-0.007154709470341913,0.005451286612014883,1.252270944416523,0.1760247303172946,0.0011968142935074866,7.34102072215137e-05,1.4731738343834877,0.2270977795124054
530432,-0.07945032970746979,0.0189230691321427,1.4870819095522165,0.3280369674321264,-0.017569331408594735,0.0024092708526950446,0.8720893729478121,0.13192416145466268
531456,-0.02209938841406256,0.022122669935924932,0.7241161465644836,0.11625440220814198,-0.004053153097629547,6.282583785832685e-05,0.21740034455433488,0.020188214257359505
532480,-0.015104115445865318,0.0423756669042632,1.251311119645834,0.19480465212836862,-0.008060967433266342,0.007593864744194434,1.5847267396748066,0.32465676311403513
533504,-0.0010257715184707195,0.0701577051077038,1.0161784030497074,0.14182359166443348,-0.012522089848062024,0.009701176095404662,2.8015003129839897,0.7884222790598869
534528,-0.019568013929529116,0.04067571129417047,1.165349431335926,0.16598878824152052,0.0032507916912436485,0.01754518016241491,2.143761992454529,0.5334762665443122
535552,-0.029786709274048917,0.03457835974404588,0.7775683403015137,0.11586727295070887,-0.06476323283277452,0.004985371539078187,1.3781203590333462,0.38238922972232103
536576,-0.02472538806614466,0.03924240235937759,0.8868258874863386,0.14919489074964076,-0.024042245917371474,0.011457543572760187,1.2032864075154066,0.24779895786195993
537600,-0.02164901544165332,0.04606914205942303,1.1726855766028166,0.19498031539842486,-0.011934705180465244,0.025849023018963635,2.155719008296728,0.5791962500661612
538624,-0.015193692001048476,0.034750231832731515,0.8325538747012615,0.12131880549713969,-0.01985022221924737,0.0002831808229757371,1.060992831364274,0.22817054390907288
539648,-0.01388107794628013,0.05659480229951441,0.7348669674247503,0.11192383070010692,-0.013993875531014055,0.00011385430262578211,2.7717531444504857,1.498380858451128
540672,-0.034136628470150754,0.061082334839738905,1.15387874096632,0.18427426274865866,0.006077544414438307,0.0031748896290082484,0.22148984705563635,0.05522844544611871
541696,-0.0057490316103212535,0.03459331177873537,1.2196763046085835,0.17760211322456598,0.000823308655526489,0.0001426482066335666,0.15977080399170518,0.014054280240088701
542720,-0.01902336027706042,0.051736299763433635,1.0569244269281626,0.14690009341575205,-0.012568471487611532,0.018108909396687523,2.041575933806598,0.5344049416016787
543744,-0.004135595037951134,0.10186762642115355,1.2453977540135384,0.17785825487226248,-0.0053578930092044175,0.01754063437692821,2.5353960767388344,0.99345120228827
544768,0.00481818852131255,0.04162862722296268,1.1366251111030579,0.15315967006608844,0.03931213470059447,0.0004123850499127002,1.1625481969676912,0.49428503727540374
545792,-0.034933898743474856,0.03993235883535817,1.0800325982272625,0.1472283760085702,-0.02277762134326622,0.021054647280834615,0.7561289658769965,0.147036332054995
546816,-0.024760942629654892,0.02790927526075393,0.942089393734932,0.1251888913102448,-0.022134635713882744,0.0006089525204515667,1.0076109329238534,0.17433340981369838
547840,0.002496425062417984,0.09532931144349277,1.2488251999020576,0.19281974714249372,-0.024886917060939595,0.03530413119005971,3.0927420035004616,1.1735936161130667
548864,-0.017762595278327353,0.04523152590263635,1.2672527432441711,0.1738209123723209,0.05818926592473872,0.01674781189649366,3.5002062246203423,1.7832540683448315
549888,-0.007787617418216541,0.0465859395917505,1.286195795983076,0.17845931323245168,0.026370057399617508,0.0007275604975802707,1.319848308339715,0.40420440840534866
550912,-0.014293473039288074,0.03431409318000078,0.9798579849302769,0.12434941483661532,-0.024028571468079463,0.0033325762269669212,0.3432354866527021,0.04154486759216525
551936,-0.006363742868416011,0.051132251508533955,1.1973654106259346,0.1577032650820911,-0.012275985616724938,0.018181896390160546,1.2569601256400347,0.2396489332895726
552960,0.00017457651847507805,0.07652884908020496,1.030024018138647,0.13532475219108164,0.046555027656722814,0.009377052037052636,2.5090878196060658,0.6342598842456937
553984,-0.006936166028026491,0.04112894751597196,1.0266796685755253,0.13535333797335625,-0.005063139949925244,0.00847720256933826,2.3629698678851128,0.647190572693944
555008,-0.005897632669075392,0.032019649748690426,1.0274990536272526,0.12844081548973918,0.02484504148014821,0.0020227035665811854,2.460056707262993,0.6548273917287588
556032,-0.018275615439051762,0.026145188545342535,0.9195858836174011,0.1355890524573624,-0.0006888280040584505,0.010029323886556085,0.691066144965589,0.07642934401519597
557056,-0.019561810084269382,0.042239866917952895,1.0936456099152565,0.15280401287600398,-0.013464117088005878,0.018009470390097704,1.8026109486818314,0.3105306630022824
558080,-0.01494969436316751,0.02221212483709678,1.1552871391177177,0.15841076569631696,-0.002844593342160806,0.0001947008280467344,1.8799040578305721,0.37852163007482886
559104,-0.014727272791787982,0.042545431293547153,1.1304154638200998,0.1468143619131297,-0.03258881812507752,0.0003933352991225547,0.9372091144323349,0.16011522011831403
560128,-0.016267115162918344,0.029323916824068874,0.9218532629311085,0.1269537298940122,-0.03310592478374019,0.0024297196614497807,2.380560949444771,0.7882018722593784
561152,-0.00532505041337572,0.00435707771248417,0.5653209099546075,0.07152176738600247,-0.0273331530042924,0.0005948161096966942,0.9948251098394394,0.2790080134291202
562176,-0.015906596992863342,0.04278763441834599,0.719780370593071,0.08609579864423722,0.0007657739333808422,0.009868409051705385,2.756831116974354,0.7297316938638687
563200,-0.01613729698874522,0.025698302139062434,1.0849681422114372,0.15650144102983177,-0.011099849099991843,0.00011454818245937304,2.447482295334339,0.49102583527565
564224,-0.01696141118009109,0.03660886065335944,1.09416769631207,0.14730217377655208,0.004573250538669527,0.009370823108838522,3.487874746322632,1.1681070365011692
565248,-0.020271678251447156,0.04876110365148634,0.995756734162569,0.14209374331403524,0.06409124724450521,0.011419754831877071,3.7416318356990814,1.4972008261829615
566272,-0.008731123438337818,0.036039873491972685,1.0319839753210545,0.14591079531237483,-0.017927338980371132,0.009386348912812537,2.6307139173150063,1.102368138730526
567296,-0.03397117073473055,0.04344503011088818,1.1924421153962612,0.17496227426454425,-0.010014919302193448,0.018308286744286306,2.4174434766173363,0.7795729283243418
568320,-0.0012603317445609719,0.04224667034577578,0.8736659027636051,0.1345709366723895,0.01943178345391061,0.00017771302964320057,1.8094648085534573,0.5278230900876224
569344,-0.0038577431987505406,0.048277483438141644,0.8177201803773642,0.10889955866150558,-0.01171769225038588,0.00907611637012451,1.9297585859894753,0.3770857257768512
570368,-0.02334988012444228,0.03154302074108273,0.9688395988196135,0.13008697610348463,0.010440801503136754,0.011694052551320055,2.105625879019499,0.5326363444328308
571392,-0.012576616645674221,0.048610415193252265,1.0829350650310516,0.15758023131638765,-0.008647639129776508,0.007979629177498282,2.7673870474100113,0.6938546895980835
572416,-0.002242821647087112,0.043075489811599255,0.8089508824050426,0.11587092815898359,0.01805048738606274,5.058426754089851e-05,2.7304131165146828,0.6509682638570666
573440,-0.016374583923607133,0.02819099318003282,1.161386415362358,0.1558460984379053,0.006689015935990028,0.010191032175498549,1.483094658702612,0.20909098768606782
574464,-0.021149134598090313,0.03174982959171757,1.0328512955456972,0.1368854793254286,0.004793119267560542,0.0001190858612609702,1.4926905743777752,0.20560245541855693
575488,-0.005506404326297343,0.02394134853966534,1.1303324438631535,0.1546962740831077,-0.03812117996858433,0.0034508246353652794,0.9805767219513655,0.13827088708058
576512,-0.02323892705317121,0.013934083021013066,1.153854627162218,0.16876731207594275,-0.0010076143371406943,0.008801164629403502,0.12875579157844186,0.007915123889688402
577536,-0.013392746564932168,0.027245578181464225,1.3060377687215805,0.19404859514907002,-0.00798274134285748,0.009799073766771471,1.7011720761656761,0.3264211507048458
578560,-0.028793379169655964,0.02294307417469099,1.2597106918692589,0.18003118317574263,0.0029118084930814803,4.3664692142897366e-05,1.2122721523046494,0.21319493430200964
579584,-0.006459452284616418,0.018980963563080877,1.4307716749608517,0.21255240868777037,-0.03026143048191443,3.129822442815566e-05,0.8484394820407033,0.1321698398096487
580608,-0.05535742823849432,0.016822208068333566,0.8007589187473059,0.12982789939269423,-0.045034638518700376,0.008069575073022861,1.0919873714447021,0.22054608282633126
581632,-0.012464533385355026,0.013542942091589794,0.34649303555488586,0.040511765982955694,-0.007796654652338475,0.0024908795712690335,1.0257234051823616,0.17077767313458025
582656,-0.014267205697251484,0.0301679807016626,1.262726318091154,0.18821231578476727,-0.015640908197383396,0.019396234551095404,1.7356966771185398,0.2892395253293216
583680,-0.018425121845211834,0.024611882923636585,0.9111879412084818,0.10854662978090346,0.0037352975050453097,7.336953839143234e-05,1.7798878327012062,0.31369407568126917
584704,-0.011889792964211665,0.019015390396816656,1.050732534378767,0.12968815700151026,-0.0016563828103244305,4.633015416466435e-05,1.6946737952530384,0.25081806839443743
585728,-0.03660564907477237,0.04574559989850968,1.179153824225068,0.18706049071624875,-0.001265212136786431,0.03628841519821435,1.9116776958107948,0.337335679680109
586752,-0.02757752030447591,0.02967198850819841,1.283784868195653,0.19619033904746175,-0.013476137217367068,0.009480598288064357,3.0308546274900436,0.846013861708343
587776,-0.050201431280584075,0.027327213319949806,0.7822355143725872,0.10909244790673256,0.000998450763290748,7.452179020006611e-05,3.3284454122185707,1.1032838430255651
588800,-0.019756482608499937,0.04761511099059135,0.8968469221144915,0.13927569950465113,-0.014156555698718876,4.114243901920389e-05,3.6451366767287254,1.3182647190988064
589824,-0.009766704199137166,0.043414566782303154,1.360300436615944,0.22864386066794395,0.0016278205439448357,3.1245281952863024e-05,2.1796122826635838,0.6826901463791728
590848,-0.02021886032889597,0.04386764136143029,0.570297310128808,0.06821033451706171,-0.020037103269714862,0.012046884876326658,2.956300660967827,1.0753793846815825
591872,-0.020864980266196653,0.07009092264343053,0.9237611275166273,0.12791400076821446,-0.009660094801802188,0.017303918539255392,3.401732288300991,1.7204591743648052
592896,-0.008276271284557879,0.03572374215582386,1.1728599965572357,0.16589233838021755,0.06714436982292682,0.009420876631338615,4.207979738712311,1.9639528468251228
593920,-0.014111622454947792,0.022351274266839027,0.9705604240298271,0.13415532978251576,0.030391621810849756,5.687848139590557e-05,3.8365604653954506,1.1991662569344044
594944,-0.0215172324096784,0.029111304378602654,1.0416009649634361,0.13705725967884064,0.03338016854831949,1.5573015549552593e-05,3.5328067764639854,0.922316187992692
595968,-0.01316213037353009,0.032924203434959054,0.842040142044425,0.11527137458324432,0.0013097959745209664,0.002610951398310135,3.482891336083412,1.8507407456636429
596992,-0.013554620411014184,0.056164092500694096,1.3258690722286701,0.207081725820899,0.053927830362226814,0.017754406391759403,3.459118090569973,1.652396570891142
598016,-0.02437976631335914,0.03949948004446924,1.0886787325143814,0.15185587760061026,0.019542279769666493,0.00020748782026203116,2.6325073167681694,1.0194290950894356
599040,-0.014899301313562319,0.037659251189325005,1.0057003162801266,0.12773405597545207,0.030398446804611012,0.009743064743815921,1.9837138205766678,0.7849337086081505
600064,-0.010777697199955583,0.03169310273369774,1.1560566499829292,0.14962478494271636,0.036448245649808086,0.002821500653226394,1.8406181186437607,0.6117394883185625
601088,-0.008908662653993815,0.026422101305797696,1.4519092999398708,0.19623675430193543,0.09729137097019702,0.00019346534463693388,2.7611715123057365,1.017922779545188
602112,-0.0016458940226584673,0.03167866211151704,1.4939344562590122,0.19376661255955696,0.103355627739802,2.39522003937509e-05,1.98307516425848,0.6696817837655544
603136,0.0004118781944271177,0.00949208639212884,1.6546223759651184,0.21198904793709517,0.06574523210292682,2.9966512087753472e-05,1.6412031203508377,0.4902287386357784
604160,-0.0026504362031118944,0.019871402386343107,1.6500861905515194,0.20444261375814676,2.5139073841273785e-05,0.009347501443699002,1.4937134273350239,0.488946451805532
605184,-0.03580893405887764,0.023566514893900603,1.2168050818145275,0.15113658015616238,0.008869014942320064,0.0033221505273104412,1.6220380328595638,0.5441554030403495
606208,-0.003373291314346716,0.016621485527139157,0.48506457172334194,0.05367759556975216,-0.043939886963926256,0.001390060435369378,0.6330698616802692,0.11043416778557003
607232,-0.0010589475132292137,0.031523437530267984,1.305395781993866,0.18293828680180013,0.022542620194144547,0.00012296100612729788,1.5154815763235092,0.3767956728115678
608256,0.000749326340155676,0.030598641431424767,1.2892198897898197,0.17290936643257737,8.247647201642394e-05,0.009334643582405988,1.6918637342751026,0.41486568842083216
609280,-0.01546267892990727,0.025083636108320206,1.2346809394657612,0.15879406221210957,-0.011348382889991626,0.00864306420317007,1.7704209685325623,0.470691473223269
610304,-0.01197992694505956,0.02224737871438265,1.1714474223554134,0.14927874179556966,0.013808049348881468,0.0029148498906579334,1.3475651293992996,0.3233801843598485
611328,-0.013769909157417715,0.021319746767403558,1.126938059926033,0.15434538573026657,-0.006376999139320105,4.189415881228342e-05,0.8141374103724957,0.13665067707188427
612352,-0.0038680577708873898,0.02070026594446972,1.1290025189518929,0.15289258095435798,-0.0163379970472306,3.060960762013565e-05,0.929580045863986,0.13349701883271337
613376,-0.011400457355193794,0.027347263763658702,1.1450348906219006,0.1563658993691206,-0.0033908645855262876,4.63059795947629e-05,0.9719471521675587,0.13509456464089453
614400,-0.007980335140018724,0.020930351864080876,1.1940811835229397,0.16361165884882212,-0.006193757435539737,1.4874147101551216e-05,1.004679374396801,0.1323523255996406
615424,-0.0279198924836237,0.016427286609541625,0.9516336563974619,0.13685844908468425,-0.04960084147751331,0.008018735803489108,1.0575677417218685,0.1638966966420412
616448,0.0005117252294439822,0.015192654129350558,0.3727932940237224,0.03509511734591797,-0.016474171963636763,0.0011457219243311556,1.9299774058163166,0.4183827640954405
617472,-0.033626739954343066,0.0122629727848107,1.5050208866596222,0.22610156470909715,-0.03444916594889946,0.00018745960628052671,0.7546999733895063,0.1309922969667241
618496,0.0012418635451467708,0.005318427829479333,1.5713651217520237,0.21731686033308506,2.142778248526156e-05,3.8693908066989025e-05,0.5454509542323649,0.060022679273970425
619520,-0.0006382960709743202,0.012555965658975765,1.211130615323782,0.1482742705848068,-0.02013159461785108,0.000984596146736294,1.6362389884889126,0.23995920550078154
620544,-0.01160739193437621,0.014003588003106415,0.9984585531055927,0.1275433616247028,-0.0009264086547773331,0.0025816088746069,1.0910488851368427,0.1917522964067757
621568,-0.010010400146711618,0.01800167706096545,1.1008248552680016,0.14298619888722897,-0.00795721184113063,7.734616146137796e-05,1.3901817351579666,0.2935467092320323
622592,-0.015382493336801417,0.012027278484310955,1.0472359731793404,0.13893757574260235,-0.005291457026032731,5.2449497204065665e-05,1.8500169441103935,0.3177260796073824
623616,-0.01157999667339027,0.03347759082680568,1.0192101560533047,0.1349877982866019,-0.007121833565179259,0.009478043199123931,2.9562640339136124,1.1824076743796468
624640,-0.004362506966572255,0.02548578573623672,0.7798104863613844,0.09195548901334405,0.005649766797432676,4.10471727532169e-05,3.1821187138557434,1.201463995501399
625664,-0.028965718345716596,0.02594356273766607,0.9165195170789957,0.13628861191682518,-0.031823430850636214,0.0030276530069386354,1.6424068957567215,0.4093398340046406
626688,-0.012322411319473758,0.044304058770649135,1.1428280714899302,0.15257581137120724,-0.004069230635650456,0.018652656566700898,3.399688206613064,1.5672482624650002
627712,-0.018399223481537774,0.03072430589236319,1.2333956398069859,0.16117061395198107,-0.012614452687557787,0.009578500597854145,3.7815023064613342,2.2207069247961044
628736,-0.005883382313186303,0.028960612195078284,1.0605813078582287,0.1359216079581529,-0.005452095938380808,0.00010371816273391232,4.0253023356199265,2.3394887521862984
629760,-0.013355920236790553,0.026131660386454314,1.091602936387062,0.13955082278698683,0.0040964662621263415,0.005052119980973657,3.7152260690927505,1.9330283142626286
630784,-0.023124396702769445,0.04562343121506274,0.8295857589691877,0.11282586492598057,0.0004667025350499898,0.020123821770539507,2.5466686971485615,0.878437559120357
631808,-0.010353179401136003,0.04289435350801796,0.9874415043741465,0.13295256230048835,0.023266390635399148,0.018856953392969444,3.4732297733426094,1.2124622259289026
632832,-0.00850082172837574,0.04270715732127428,0.9673205614089966,0.12704886752180755,0.08780048007611185,0.00014529896839121648,2.348187666386366,1.0793394688516855
633856,-0.009769967495230958,0.04159237165004015,1.0953181348741055,0.1535106496885419,0.016854221088578925,4.730569955313513e-05,2.1091236136853695,0.5687249470502138
634880,-0.02450782139931107,0.027015526487957686,1.232627060264349,0.16576321423053741,0.013838251805282198,2.4632655495793188e-05,1.8141166307032108,0.3631728831678629
635904,-0.022954377403948456,0.051603217085357755,1.021401671692729,0.1459964867681265,-0.021047068265033886,0.040075559954857454,1.7000780925154686,0.3783292965963483
636928,-0.008813248772639781,0.013387473853072152,1.254016287624836,0.1839762395247817,0.022888162086019292,0.00017250020300707547,1.5888412036001682,0.4555462561547756
637952,-0.010466115862072911,0.03949320828542113,1.3542543277144432,0.1866545365191996,-0.015890899812802672,0.015716171939857304,1.9858498945832253,0.4793312409892678
638976,-0.01217063219519332,0.029615410487167537,1.2161636464297771,0.15036876033991575,0.0006429006170947105,0.003755514604563359,1.6325522847473621,0.33395223692059517
640000,-0.026046638522529975,0.038558010244742036,1.073117133229971,0.1396010818425566,0.007354322544415481,0.0029987569178047124,2.4382920525968075,0.7192650996148586
641024,-0.0109769654518459,0.03759207355324179,0.9685065168887377,0.1311578406020999,-0.015952085319440812,0.00958825951693143,2.838667295873165,0.9931929334998131
642048,-0.0026731830585049465,0.04822899401187897,1.1699488162994385,0.180161043535918,0.043573693110374734,0.017750015773344785,3.113529458642006,1.1688376367092133
643072,-0.0027321286470396444,0.049082259996794164,0.9400894325226545,0.12487938022240996,0.007695533684454858,0.003080725699987852,4.066707372665405,1.752444863319397
644096,-0.010564099866314791,0.05249680986162275,1.0179412104189396,0.1574883284047246,0.008501447708113119,0.00012305694514225252,3.836927816271782,1.638690460473299
645120,-0.011281275350484066,0.03645010368200019,0.9077457468956709,0.12474669609218836,-0.003373099214513786,0.0028817091060773237,3.0152980014681816,0.9439456928521395
646144,-0.014740419021109119,0.05158518149983138,1.0577330738306046,0.14153115125373006,0.010791614855406806,0.015317594006774016,2.8400911018252373,1.0026065595448017
647168,-0.0034291957563254982,0.03957931720651686,0.8367325961589813,0.132140738889575,0.0788312956574373,2.9773392355991746e-05,2.9188864156603813,0.9659742899239063
648192,-0.019693454611115158,0.04275838297326118,1.432768139988184,0.2299275891855359,-0.014822045981418341,0.00945996600057697,2.336509130895138,0.7978788749314845
649216,-0.06025249493541196,0.0350802670000121,1.3166898265480995,0.21063652308657765,0.010247945843730122,0.00939828620175831,3.6915589720010757,1.5279738642275333
650240,-0.05083657999057323,0.026302899816073477,1.1215692721307278,0.188734732568264,0.03620482498081401,0.002419203732642927,3.313520349562168,1.1986621115356684
651264,-0.004723451420431957,0.03347885521361604,0.3536634687334299,0.04141232161782682,0.04717441834509373,3.768697259687315e-05,2.3444061763584614,1.0932800192385912
652288,-0.011840192702948116,0.02756956551456824,0.6562000513076782,0.0845774901099503,-0.006584749149624258,1.6653997683135913e-05,1.1921660043299198,0.33933736104518175
653312,-0.015451953004230745,0.040240618924144655,0.8619055431336164,0.1164993541315198,0.03422113927081227,1.2036622273114972e-05,1.767632719129324,0.639567163772881
654336,-0.04562787774193566,0.01722428307402879,1.389283288270235,0.2193602006882429,0.002333842290681787,1.075531852734457e-05,1.2097145318984985,0.22651126282289624
655360,-0.04919020814122632,0.030126412748359144,1.3427002094686031,0.21402817638590932,-0.017660444078501314,0.020673345105024055,3.164467439055443,1.2562682032585144
656384,0.0009990319813368842,0.033944319759029895,0.2762950644828379,0.04671372368466109,0.062166212243027985,6.898742807592839e-05,3.9563571736216545,1.4820444453507662
657408,-0.0015151655243244022,0.03254729841137305,0.5221021668985486,0.08499268151354045,0.030131667794194072,9.172038150428996e-06,2.942209765315056,0.8154694978147745
658432,-0.020141680754022673,0.06998136104084551,1.0818466152995825,0.1701386272907257,0.028245198453078046,1.660739350484164e-05,2.267639271914959,0.517736897803843
659456,0.003369510086486116,0.03780065756291151,0.550033993087709,0.08298567507881671,0.013463124574627727,5.277583731810864e-06,2.199213296175003,0.42057447973638773
660480,-0.0022428801166824996,0.05068391945678741,0.8990898467600346,0.1251215934753418,-0.00874433366698213,0.0036485922755673528,1.3573493398725986,0.42316272016614676
661504,-0.001759728416800499,0.02269965596497059,1.4778775572776794,0.21310529159381986,-0.010315034043742344,0.009452112983126426,0.9827742092311382,0.40803063148632646
662528,-0.003006351413205266,0.025991055881604552,1.4025625735521317,0.18999815359711647,-0.005789141898276284,0.009379203649586998,1.5224038511514664,0.48853536508977413
663552,-0.011256402227445506,0.021683191938791424,1.3604891821742058,0.18149105412885547,0.018010731815593317,2.2008284730645755e-05,1.2117370925843716,0.2514645685441792
664576,-0.02779166985419579,0.024773624958470464,1.1453980021178722,0.1487036356702447,-0.008009362616576254,0.009523285968498385,1.7730686105787754,0.49605692317709327
665600,-0.010193622816586867,0.033463300846051425,0.7934599872678518,0.1032402825076133,-0.04343175230314955,0.00693342080921866,1.9815650545060635,0.6347718443721533
666624,-0.0012539997114799917,0.04488695238251239,0.7577234655618668,0.0970449885353446,0.014486540923826396,0.001118225532991346,1.414166834205389,0.3343638642691076
667648,-0.008180669043213129,0.04110813239822164,0.993849691003561,0.13299812003970146,-0.005539776509976946,0.009530061993245909,2.6804682202637196,1.01026148814708
668672,-0.008706728054676205,0.04469583253376186,1.0361594408750534,0.13265718892216682,0.030844175431411713,0.018746663539786823,2.397603638470173,0.9631139170378447
669696,-0.009201156412018463,0.032655190967489034,0.9837816581130028,0.13033786229789257,0.02148459738236852,0.00011362029874817381,2.270651765167713,0.751791350543499
670720,-0.024271617949125357,0.041714592720381916,0.9440738242119551,0.12800153205171227,-0.019964687497122213,0.012236896371177863,1.8622490428388119,0.5527027165517211
671744,-0.036055129719898105,0.04541437292937189,1.1770666241645813,0.18550324672833085,0.007417308050207794,0.009465209426707588,3.0583009272813797,1.5508415270596743
672768,-0.011469345743535087,0.056685684132389724,0.6574249705299735,0.09903755073901266,-0.003840628021862358,0.00922771552541235,3.9968030005693436,2.312425058335066
673792,-0.0033052032813429832,0.04168738366570324,0.65462894923985,0.09790861257351935,0.024524873006157577,6.645774766411705e-05,2.6837279722094536,1.0275325253605843
674816,-0.01348393881926313,0.04139441763982177,0.9905007239431143,0.15983862476423383,-0.01875726244179532,4.367826991824586e-05,2.275777153670788,0.8521796464920044
675840,-0.025866112438961864,0.02397247013868764,1.0954445470124483,0.16374652460217476,-0.002655641845194623,0.0025101635974351666,0.656040733680129,0.0990970863495022
676864,-0.004128028842387721,0.009474753722315654,1.7140983566641808,0.26871340069919825,-0.04815392072487157,0.0005236413553575403,0.3326462358236313,0.057175503694452345
677888,0.0012441382568795234,0.023275396844837815,1.4008051492273808,0.20472434302791953,-0.009158766770269722,0.009387991070980206,3.2838374376296997,1.5973715353757143
678912,-0.005160870554391295,0.01435709442012012,1.0862091518938541,0.15393468970432878,0.05054044455755502,7.881005600296476e-05,2.4697360694408417,0.9118579477071762
679936,0.0009433083469048142,0.017834851809311658,1.339635230600834,0.1838259370997548,0.039940812333952636,6.123912024236233e-05,1.6460213623940945,0.32920235814526677
680960,-0.016495403047883883,0.004350168594100978,1.2967230789363384,0.18660302134230733,-0.027692684438079596,0.017967060150112957,0.19749032286927104,0.018983040732564405
681984,0.0015894780080998316,0.003342304446050548,1.5508930869400501,0.23069582832977176,0.00032318201556336135,0.00929110563993163,0.18281957879662514,0.009957196016330272
683008,0.0015071867383085191,0.004209010548947845,1.4922155812382698,0.2086787512525916,-0.0426498704473488,0.006896902035805397,0.7047418709844351,0.09663649159483612
684032,-0.006106279470259324,0.014408270624699071,1.4433701671659946,0.1940030911937356,0.010564092983258888,0.01117464075650787,3.1733269169926643,1.3450770527124405
685056,-0.04736712826706935,0.021635491051711142,1.2879978939890862,0.18765362491831183,-0.025692253722809255,0.0033623501694819424,3.171538792550564,1.27845598757267
686080,-0.014042386901564896,0.04028845945140347,0.9156878534704447,0.13026808947324753,-0.07698606478516012,0.002104139759467216,2.3277764581143856,1.0700521115213633
687104,-0.01523918415477965,0.04369255091296509,0.7462508399039507,0.10248174495063722,0.03312719787936658,0.018959721652208827,3.3434904739260674,1.5289573892951012
688128,-0.008696527584106661,0.019561053079087287,1.2951458096504211,0.18983317259699106,-0.012507531646406278,0.009800915873711347,3.9384918212890625,3.02316090837121
689152,-0.028328935673926026,0.029523820499889553,0.9179505202919245,0.12962027150206268,0.009966604935470968,0.000568162503128633,3.7736730203032494,1.8782981038093567
690176,-0.02532075640920084,0.03208167036063969,0.8159253280609846,0.11258373712189496,-0.012140929058659822,0.004235898930346593,3.465175360441208,1.460658174008131
691200,-0.012761274265358225,0.04163828247692436,0.7921194769442081,0.10991158173419535,-0.035080957983154804,0.0003412198420846835,2.5714397355914116,0.8216769080609083
692224,-0.01957712087460095,0.049911065376363695,0.9830839782953262,0.1502784565091133,0.015667733154259622,0.009672161191701889,3.3898524940013885,1.1622817162424326
693248,-0.008097025012830272,0.04118732444476336,0.8061803113669157,0.11490795039571822,0.019653630210086703,0.00017043854995790753,2.668577626347542,0.8548038434237242
694272,0.0004766912024933845,0.045164486044086516,0.8398677743971348,0.13413170026615262,-0.010623011912684888,0.00943156382709276,3.5269266963005066,1.3426838405430317
695296,-0.015034017531434074,0.04541107936529443,0.8850018065422773,0.13108961889520288,0.03019486623816192,0.011344324380843318,4.03062042593956,1.9116499945521355
696320,-0.008756762414122932,0.039834759023506194,1.1605660393834114,0.1731463917531073,0.0428206583019346,0.018422109613311477,3.524232991039753,1.9046712033450603
697344,-0.026710329693742096,0.03185332822613418,0.8413743190467358,0.12155831465497613,0.014295570203103125,0.00921780659336946,4.097057327628136,2.633414603769779
698368,-0.015511629288084805,0.02665164548670873,0.7064828332513571,0.09864906582515687,0.08543394491425715,0.00013849913079866383,2.6985801681876183,1.8011991940438747
699392,-0.03164054630906321,0.02588459651451558,0.8655481059104204,0.13126057805493474,0.032562240958213806,8.41542151874819e-05,2.177320320159197,0.7935743890702724
700416,-0.040823002345860004,0.02369617481599562,1.0830250959843397,0.19411795120686293,0.003706782532390207,0.002382226200779769,2.8698912858963013,1.0287204589694738
701440,-0.002700319077121094,0.02913211303530261,0.15056265820749104,0.009902619174681604,-0.00495870434679091,0.009283518467782415,3.48754296451807,1.61668511480093
702464,-0.042455195129150525,0.04222358367405832,0.9078008886426687,0.16619180236011744,0.008019554545171559,0.009230864373421355,3.414093926548958,1.6822395585477352
703488,-0.007898297815700062,0.0282895629061386,1.3587302565574646,0.2547461483627558,0.0925731759343762,0.00014794349294788844,3.014195814728737,1.1361790727823973
704512,-0.010679401369998232,0.03288088471163064,0.7709941985085607,0.09970262052956969,-0.00020791697897948325,4.238618973317898e-05,2.2112720161676407,0.3838209528476
705536,-0.03384785947855562,0.07309891527984291,0.7383988481014967,0.11422753043007106,0.009011855989228934,0.023021518340101466,2.833992712199688,1.1187375374138355
706560,-0.007224674176541157,0.027205368620343506,0.5575183597393334,0.0703920440573711,0.05942085772403516,2.892495403017392e-05,1.8659311532974243,0.6370891984552145
707584,-0.01939496528939344,0.032935663650278,1.469935692846775,0.2371113901026547,0.06081377327791415,0.0002388383645666181,2.0098406970500946,0.5679455930367112
708608,-0.01898260296729859,0.029794106085319072,1.0999716371297836,0.1541791413910687,-0.003983711125329137,0.008995672511446173,2.3656318113207817,0.6911261416971684
709632,-0.026071546526509337,0.050784335704520345,0.681715365499258,0.09296640520915389,0.0020368953701108694,0.04132206123904325,3.1587464809417725,1.515993868932128
710656,-0.020728726405650377,0.031130756717175245,1.0289735980331898,0.146223786752671,0.046521963813574985,0.011184795665030833,1.8959295339882374,0.8298080563545227
711680,0.00019391244859434664,0.0233042408071924,1.186453104019165,0.16446888213977218,0.07775765500264242,0.002678239208762534,1.7384536862373352,0.6332150716334581
712704,-0.013621651902212761,0.02313469076761976,1.2078633680939674,0.1657995581626892,0.030493855971144512,0.0003536949016051949,2.5014525540173054,0.7833604365587234
713728,-0.023710325585852843,0.029199398239143193,1.1250502653419971,0.15826057875528932,-0.007251266186358407,3.133426314150256e-05,1.2136451583355665,0.210969434119761
714752,-0.017695170623483136,0.03596114239189774,1.0759889017790556,0.15517926146276295,-0.014749239955563098,0.009372573667860706,3.5563678964972496,1.6972089689224958
715776,-0.04084138118196279,0.03167474042857066,0.7837960422039032,0.13176117418333888,0.06447331275558099,0.0030896435673639644,2.083015251904726,0.864693496376276
716800,-0.029034992432571016,0.021744822210166603,0.8879087865352631,0.12595185521058738,0.019529227720340714,0.009318945834820624,2.96348687261343,1.336720721796155
717824,-0.035012019478017464,0.02552473556715995,1.3175949230790138,0.21092453226447105,0.048020820977399126,0.010106623514730018,2.645074114203453,1.1423914805054665
718848,-0.05555814145191107,0.028291628521401435,0.7523277914151549,0.11098616081289947,0.010858973793801852,0.00014202012357600324,2.176118776202202,0.4102685106918216
719872,-0.0018080928275594488,0.03069753054296598,0.22243706649169326,0.010890289704548195,0.00302218459546566,1.8497153759788887e-05,2.3247474282979965,0.2526127630844712
720896,-0.015477625536732376,0.044023285270668566,1.4194513596594334,0.22831025859341025,0.028726248419843614,0.005304254504153505,2.5132356733083725,0.8373984228819609
721920,-0.004549502918962389,0.04366650164593011,1.1862810924649239,0.17295415652915835,0.027377881429856643,0.007399341495329281,3.3005275800824165,1.4535728972405195
722944,0.0014873620821163058,0.05321929766796529,1.0796175263822079,0.15208061318844557,-0.007238759426400065,0.009787302396944142,3.7053136751055717,1.909886296838522
723968,-0.013292590869241394,0.05083826230838895,1.2203909307718277,0.17952568177133799,0.0040230718441307545,0.007701817092311103,4.051576465368271,2.163187701255083
724992,-0.015670970795326866,0.03232208447298035,1.1972177736461163,0.15892972378060222,0.03807439445517957,0.0003736937048870459,3.5916589871048927,1.5257545560598373
726016,-0.005825923566590063,0.02996108162915334,0.6026398539543152,0.07498615985969082,-0.021250470745144412,0.012539219234895427,2.2434837482869625,1.0978514570742846
727040,-0.004895042540738359,0.05283228517509997,1.221222247928381,0.18528545647859573,0.046291328937513754,9.110625001085282e-05,1.944758765399456,0.8348015360534191
728064,-0.005173326047952287,0.05221410363446921,0.8894101083278656,0.12687436235137284,-0.003020097181433812,0.009500870284682605,3.530707985162735,2.5111516509205103
729088,-0.010911059944191948,0.0403089834144339,0.9918117597699165,0.1337728702928871,0.034753930565784685,0.00010487610311571416,3.6435435712337494,2.209020171314478
730112,-0.02128010465821717,0.050637919572182,0.9569950215518475,0.1287615194451064,0.05195746991375927,0.003137041177978972,2.8336435109376907,1.1067981328815222
731136,-0.021100664293044247,0.036011848074849695,0.9659818951040506,0.13479038630612195,0.021773015716462396,0.00970968474575784,1.8264539800584316,0.9447567407041788
732160,-0.013469069919665344,0.04051032033748925,1.0797564424574375,0.1669483338482678,0.0071097347245085984,0.00010885587403208774,3.158385954797268,2.0891999267041683
733184,0.00030472088837996125,0.047442339127883315,0.9196346439421177,0.1302681239321828,0.06130554273840971,4.6371520809884714e-05,2.122011486440897,1.1868640705943108
734208,-0.004296419690945186,0.03454081679228693,0.9851431399583817,0.12473044451326132,0.04083412207546644,0.00944897031331493,3.581277772784233,1.7928197607398033
735232,-0.014269105144194327,0.030778991989791393,0.9687939137220383,0.12692269845865667,0.05411180664668791,0.0028040333727403777,3.2175958156585693,1.4881747961044312
736256,-0.010213458444923162,0.036280637432355434,1.2659411951899529,0.18189589539542794,0.02160812122747302,0.02755522573716007,3.223067693412304,1.5485961586236954
737280,-0.010887467040447518,0.0405498807085678,1.1813739947974682,0.16582890274003148,0.05842246988322586,0.013000309685594402,3.5755477845668793,1.4539161175489426
738304,-0.026524710105150007,0.03879454534035176,0.8037978932261467,0.10617339541204274,0.007799064595019445,0.00954297828639028,3.648864224553108,1.341849710792303
739328,-0.03244953555986285,0.03929423273075372,1.2163482494652271,0.1878793677315116,0.04071104709873907,6.294713432453136e-05,3.159764252603054,1.0900515466928482
740352,-0.017906022316310555,0.03453993168659508,0.7443626364693046,0.0991880155634135,0.05738491076044738,0.0026674581968109123,2.8320767879486084,1.002223253250122
741376,-0.001325041870586574,0.023055705591104925,0.14221165608614683,0.010198817413765937,0.08178920764476061,3.375255565174484e-05,1.6689418889582157,0.8950263690203428
742400,-0.004341165942605585,0.014094186102738604,0.6249314872547984,0.08332082667038776,0.0884001959930174,2.8238567885807697e-05,1.534174844622612,0.7209944352507591
743424,-0.018030461986199953,0.027798647875897586,1.0808238312602043,0.15789395105093718,0.05308159929700196,9.336251309832733e-05,1.4603178054094315,0.7233567964285612
744448,-0.023476176953408867,0.03403643163619563,1.1362593714147806,0.15432398952543736,0.09776439022971317,1.654037617981885e-05,1.70476558431983,0.818480834364891
745472,-0.03252627499750815,0.027722060563974082,0.914017217233777,0.12729136273264885,-0.06467598266317509,0.008482143821311183,1.2531644962728024,0.4748533349484205
746496,-0.004251645528711379,0.02836045593721792,1.218506757169962,0.17533420817926526,-0.05964154447428882,0.00802592460240703,1.4948088303208351,0.6338848257437348
747520,0.00038523382681887597,0.025694088428281248,1.243904560804367,0.1736317570321262,0.00386996561428532,0.0218577878549695,1.2938520722091198,0.30827848007902503
748544,-0.009406070195836946,0.042565436218865216,1.2710575833916664,0.17828415101394057,-0.011115133500425145,0.00041753351706574904,1.6842979900538921,0.3694700114428997
749568,-0.004657892102841288,0.0214621679042466,1.35419687256217,0.20152828097343445,0.02256845313240774,0.0001140666532251089,1.3802754431962967,0.5706977481022477
750592,-0.015971185246598907,0.014923111186362803,1.107840882614255,0.1690476736985147,-0.014098048181040213,0.015215232080663554,0.8527776803821325,0.2315964736044407
751616,-0.02029697352554649,0.011678668146487325,0.8952896632254124,0.1431128439726308,-0.0012162211642134935,0.004595843514834996,0.06490560481324792,0.005047514918260276
752640,-0.019339086196850985,0.026074759603943676,0.8964580930769444,0.1460224287584424,-0.0228557760710828,0.004812194252735935,2.653811104595661,0.9982793442904949
753664,-0.019814094979665242,0.05191265151370317,1.012614181265235,0.16735802800394595,0.027240730210905895,0.0011431287894083653,1.6150191202759743,0.4640065161511302
754688,0.0028770553471986204,0.02576202095951885,1.351539645344019,0.20974517008289695,-0.013355580624192953,0.008864534665917745,2.1301481053233147,0.8035274278372526
755712,-0.02476891572587192,0.047173321479931474,0.9472064301371574,0.12509942101314664,0.02320844317728188,0.010741927901108284,1.5606946870684624,0.652172539383173
756736,-0.012224517820868641,0.034697946975938976,0.70307950489223,0.0913823792943731,0.06204991790582426,0.0003035212177451285,1.6099160201847553,0.6356736700981855
757760,-0.0010974098113365471,0.0365521993371658,1.2253053486347198,0.16710383351892233,-0.01617031660862267,0.009201896645208762,3.018970839679241,2.1483550630509853
758784,-0.01767523273883853,0.050145931309089065,1.0905781760811806,0.13827551901340485,0.01728050148813054,0.009512615859421203,3.214163988828659,1.6401725709438324
759808,-0.033299043323495425,0.046272534294985235,1.0418844483792782,0.1438788480591029,0.013569613744039088,0.009707167431770358,3.126032829284668,1.3695889301598072
760832,-0.0413276519975625,0.02492872954462655,1.3542118519544601,0.21455678483471274,-0.04288479624665342,0.005432698322692886,0.4709416152909398,0.09917910944204777
761856,-0.0016032674466259778,0.006468349092756398,1.3853386379778385,0.2163455062545836,-0.03810867739957757,0.007174241618486121,2.0834476307500154,1.6772005978273228
762880,-0.015891913877567276,0.05186657886952162,0.9449628200381994,0.12700015027076006,-0.004917564918287098,0.010399670063634403,2.912935219705105,1.2826442252844572
763904,-0.026128139143111184,0.04218014515936375,1.0444776769727468,0.15096491458825767,0.07937626623606775,0.0012661588853006833,2.4009314961731434,1.0406226366758347
764928,-0.02335400904121343,0.041127085976768285,0.8924117237329483,0.12644394836388528,0.025215776375262067,0.0005048002105922933,2.070135287940502,0.6568130739033222
765952,-0.015743788797408342,0.05544768983963877,1.0574684720486403,0.14625963382422924,0.006902770983288065,0.0026574357034405693,2.234138172119856,1.020244436338544
766976,-0.013653582296683453,0.05743970780167729,0.9397023487836123,0.13006705977022648,-0.015304913482395932,0.025558249733876437,2.5530013255774975,1.279778378084302
768000,-0.003705873910803348,0.05555274151265621,1.0565857253968716,0.14873166708275676,0.01872312172781676,0.009854361778707244,3.054988905787468,1.362704012542963
769024,-0.019559879292501137,0.062295210431329906,1.0326314754784107,0.14397611375898123,0.05502245726529509,0.0005861770546289335,1.9791827537119389,0.7730136886239052
770048,-0.010689676040783525,0.04156229319050908,1.1241711676120758,0.15091860108077526,-0.021467034297529608,0.004883278597844765,2.0667529366910458,0.6051922058686614
771072,-0.013840970626915805,0.022208330512512475,0.8559334613382816,0.10935736366081983,-0.06043131262413226,0.01832956871658098,1.1183181684464216,0.42525460477918386
772096,-0.01413375447737053,0.04725005722139031,1.004647022113204,0.13197071058675647,0.030660360382171348,0.012913222002680413,2.6500991359353065,1.2614973336458206
773120,-0.010286719392752275,0.033266159472987056,1.085899192839861,0.12780115567147732,0.07415621896507218,0.0008991360691652517,1.959290437400341,0.7814747635275126
774144,-0.016837896080687642,0.0265558214741759,1.1194716431200504,0.1330119224730879,0.019378767639864236,0.00029553134299931116,1.5581544861197472,0.3970112279057503
775168,-0.016056949010817334,0.030492652906104922,1.2663917429745197,0.16303964657709002,-0.0021684319945052266,0.019139769065077417,2.2947301156818867,0.738594513386488
776192,-0.03347419440979138,0.02962408191524446,0.9669309835880995,0.11931143654510379,0.062100049428408965,0.0012629720058612293,2.099029690027237,0.7602709261700511
777216,-0.013269769595353864,0.02454420324647799,0.877836586907506,0.1061649564653635,0.025343757137306966,0.0002197165299548942,1.4460141249001026,0.5230013802647591
778240,-0.019140814125421457,0.026838900288566947,1.0646800193935633,0.13513771584257483,-0.010251180588966236,8.373054396315638e-05,1.0753969494253397,0.19237026618793607
779264,-0.011102004180429503,0.020809206587728113,1.1906097680330276,0.1521589499898255,-0.013432358973659575,0.009352011980809039,2.749614927917719,1.1005485351197422
780288,-0.02465046315046493,0.03770107665332034,1.3630693033337593,0.18947149673476815,0.00837776844855398,0.012093494326109067,2.01452374458313,0.709228279069066
781312,-0.018732024705968797,0.027187465806491673,1.0048507787287235,0.1328148926841095,-0.01341143250465393,0.009102288800932001,3.242604449391365,1.7602653615176678
782336,-0.008877756976289675,0.03441227850271389,1.3844299260526896,0.23467614315450191,0.01187067071441561,0.009517049304122338,2.599440686404705,1.0078682415187359
783360,-0.036123049299931154,0.03409168467624113,1.094541221857071,0.16489889938384295,0.016593221691437066,0.009801441890886053,2.7665927410125732,1.123200286179781
784384,-0.04806574454414658,0.022960593458265066,1.460075430572033,0.25478408951312304,0.061746158375171944,0.0003245179814257426,2.4101701006293297,1.0971364602446556
785408,-0.029187934880610555,0.03885896282736212,0.785733163356781,0.1131466458318755,0.044792127242544666,0.002402645390247926,2.321835681796074,0.9418882094323635
786432,-0.020384459843626246,0.03133405843982473,0.7647473537363112,0.12448173412121832,-0.01808875336428173,0.00942602430950501,2.5975876823067665,1.6912050545215607
787456,-0.015383231511805207,0.042056300095282495,1.1565620824694633,0.1875762459821999,0.04932142424513586,9.628041402720555e-05,2.2774647027254105,1.1999835427850485
788480,-0.008475461974740028,0.040583203663118184,1.4160435535013676,0.21285418374463916,-0.006745592050720006,0.009424337120435666,2.8490825966000557,1.367216708138585
789504,-0.017436203808756545,0.04139133921125904,0.914025878533721,0.11659118963871151,0.01945730103761889,0.009317259841736814,3.5365289822220802,1.8279943130910397
790528,-0.008976449782494456,0.05012428492773324,1.0426673647016287,0.14784658141434193,0.034845246002078056,0.0055770863546058536,2.9159640073776245,1.362261313945055
791552,-0.02230253684683703,0.041735651437193155,1.1328230313956738,0.14984223851934075,0.0035692620440386236,0.01858402756624855,3.436879314482212,1.7101980596780777
792576,-0.006495418812846765,0.05362276441883296,0.8655532952398062,0.12352354917675257,0.00898038744344376,7.326207068558688e-05,1.8939485177397728,0.4466468873433769
793600,-0.04668796269106679,0.039937094086781144,0.866012929007411,0.13153921207413077,-0.05018012967775576,6.773937019488585e-05,1.6043872497975826,0.45812726207077503
794624,-0.04698940386879258,0.033208809967618436,0.8531887624412775,0.1484960773959756,-0.02435434437938966,3.095770620120675e-05,1.1623911075294018,0.1968848251271993
795648,-0.030169229372404516,0.05173328623641282,1.2545440010726452,0.20214726915583014,0.0011874084593728185,0.011911069224879611,1.6824881248176098,0.6593844257295132
796672,-0.016925931617151946,0.058751692064106464,0.8869761992245913,0.13238547602668405,0.015758727240609005,0.014029796850081766,3.4937986955046654,2.232741456478834
797696,-0.003919627197319642,0.032915023737587035,0.5845109289512038,0.07567888253834099,0.07267607707763091,0.009354299121696386,4.203106328845024,3.991816371679306
798720,-0.009244022890925407,0.023378000652883202,0.9028747584670782,0.12930173962377012,0.07837770142941736,6.740763245716153e-05,3.1031917929649353,1.003536032512784
799744,0.0007678105030208826,0.036221930698957294,1.1512256655842066,0.15751593676395714,0.009498616302153096,3.2113726120996944e-05,2.205827161669731,0.45178332552313805
800768,-0.01278823713073507,0.04276070126798004,0.9597313366830349,0.1308889309875667,0.08497907628770918,0.011554878830793314,2.010124783962965,2.5650709569454193
801792,-0.005559289580560289,0.054357696091756225,0.7411630004644394,0.10727259889245033,0.06921675948251504,0.00039460269226765377,1.4906139001250267,1.3614684082567692
802816,-0.008977386678452604,0.06737120484467596,1.1496501676738262,0.191831617616117,-0.006922025713720359,0.02651617067749612,1.7642792984843254,1.74467209354043
803840,0.005051368163549341,0.03834382235072553,0.9219691064208746,0.13190184510312974,0.0802692501747515,0.00020834923066104238,1.6074476949870586,0.8293489255011082
804864,-0.00897893207729794,0.04547579016070813,1.0805044267326593,0.15105207753367722,0.08285037890891545,0.00014430820533561928,1.5794358886778355,0.9129640385508537
805888,-0.01778244090382941,0.025463671539910138,1.037494720891118,0.1419102915097028,0.011499846441438422,0.0030791648114245618,1.0142395868897438,0.21071517653763294
806912,-0.038029023140552454,0.022772073396481574,1.0536037907004356,0.16768707474693656,0.04168725683121011,0.0001431839211818442,1.3027715496718884,0.39981298241764307
807936,-0.023380893166176975,0.04110514739295468,1.1026462223380804,0.16707116644829512,-0.024622725235531107,0.01728851770167239,2.393373981118202,1.664976954460144
808960,-0.04177518226788379,0.03265262523200363,0.9279625564813614,0.13883184571750462,0.01877403337857686,0.010322108082618797,2.4093846827745438,0.975253252312541
809984,-0.006764141347957775,0.02830835140775889,0.4005810529924929,0.056290272157639265,0.02922524922178127,0.0001789222851584782,2.001110415905714,0.7111620865762234
811008,-0.00657352598500438,0.01820088454405777,0.19506169203668833,0.02141964534530416,0.0035047096316702664,0.005040288700911333,1.7334451000206172,0.36862041061976925
812032,-0.006879712163936347,0.01872985894442536,0.45391930313780904,0.05930671191890724,-0.03487716167001054,0.004191451404039981,1.0855463873595,0.282125013822224
813056,-0.03198148193769157,0.03275108337402344,0.9821627847850323,0.1475457225460559,0.01687066798331216,0.0009095192931454221,1.711806260049343,0.6420079525560141
814080,-0.017931084730662405,0.038889722898602486,0.9772818870842457,0.14863748848438263,0.025450633926084265,0.00030083600006491906,1.7104860544204712,0.7016391959041357
815104,-0.01147646208119113,0.03548479307210073,0.6156283710151911,0.09512124618049711,-0.019033537071663886,0.005048599974543322,2.1943825632333755,0.941132053732872
816128,-0.04840169097587932,0.0012317659541167814,1.3448169324547052,0.2450583097524941,-1.4737743185833097e-05,0.005263736357846938,0.023243912612088025,0.0017023266991600394
817152,-0.08584149956004694,0.0008507235133947688,1.328055027872324,0.2731678858399391,-4.84141637571156e-05,0.004160434864161289,0.047529068193398416,0.004080541781149805
818176,-0.0862244805903174,0.0006099272829942493,1.747972421348095,0.49698104802519083,-0.0004327049828134477,0.002586922655609669,0.4719324621837586,0.06578455702401698
819200,-0.020895169029245153,0.045930917956866324,1.0530888475477695,0.22379352687858045,-0.008089969313004985,0.03155186487128958,2.4593844190239906,1.1932201348245144
820224,-0.011877040582476184,0.051247100927866995,0.585454466752708,0.08902447740547359,0.0938462453050306,0.002128126645402517,2.821978397667408,1.603500071913004
821248,-0.023851182413636707,0.03588194859912619,1.1923112943768501,0.22248460818082094,0.014740681479452178,0.011646980317891575,2.184804316610098,0.8959639612585306
822272,-0.0017110072367358953,0.05300266668200493,0.25245962385088205,0.05234919470967725,0.015069875633344054,0.0014315332559817762,2.039062164723873,0.512028019875288
823296,-0.009637396287871525,0.034410650085192174,0.9817934725433588,0.16063630511052907,0.02748528889787849,0.010390345036284998,2.961939200758934,1.5231193006038666
824320,-0.019420485041337088,0.034129026462323964,1.027443177998066,0.14811563631519675,0.06611400921246968,0.0006961550056985288,2.604340098798275,1.2264461778104305
825344,-0.01736698929744307,0.02740033360896632,1.0086788889020681,0.14330523484386504,0.038730441097868606,0.001831277270866849,1.9206511564552784,0.6082879714667797
826368,-0.015132772910874337,0.03415525273885578,1.1401020660996437,0.1737736091017723,-0.01441551759489812,0.009776702867384301,2.3335719406604767,1.0556403994560242
827392,-0.01826158723270055,0.03058192745083943,1.0870755054056644,0.16860598232597113,5.5530836107209325e-05,0.00023670465424174836,1.4620936270803213,0.40848783403635025
828416,-0.0071118141859187745,0.04845591424964368,0.8202568683773279,0.12405274249613285,0.0378218314726837,0.009480441043706378,2.9205823242664337,1.4282985925674438
829440,-0.005464942543767393,0.03554084780625999,0.9317568857222795,0.13945738784968853,0.04672273696633056,0.00014714007949123697,2.4516745135188103,1.4091818556189537
830464,0.0029634439561050385,0.027116181969176978,1.0588997304439545,0.16795383160933852,-0.051715149224037305,0.006728196323820157,1.7630805149674416,0.8789036571979523
831488,-0.012399178798659705,0.03389072336722165,1.175692617893219,0.16814337577670813,-0.030690492189023644,0.007317135168705136,2.1752367354929447,0.8218687390908599
832512,-0.007175397127866745,0.05239155259914696,1.0770846661180258,0.16440481878817081,-0.003137036692351103,0.010612885755108437,3.120548076927662,1.5237349160015583
833536,-0.0073563577607274055,0.034517529944423586,1.058692041784525,0.16135231778025627,0.03888755658408627,0.014030875827302225,2.7626656219363213,1.4640541262924671
834560,-0.0016728582850191742,0.03844876372022554,1.070292353630066,0.1625779471360147,0.07801310328068212,0.0001821064360001401,1.9778155125677586,0.9466176312416792
835584,-0.006833498307969421,0.02409774821717292,0.7172766216099262,0.10097781708464026,-0.06093581099412404,0.004258395487340749,1.123155701905489,0.4637298295274377
836608,-0.009939329960616305,0.017412145214620978,0.6542867887765169,0.10765819414518774,-1.2792297638952732e-06,0.0016883702991208338,0.0050611203332664445,0.00028764514718204737
837632,-0.01529601588845253,0.028245040448382497,0.8309487216174603,0.1364495255984366,3.4101249184459448e-06,0.0013172111035828493,0.008179536860552616,0.0005213537951931357
838656,-0.009710268641356379,0.02799577231053263,0.8562882598489523,0.14303988916799426,-0.00010948197450488806,0.0009260499030006031,0.01356690571992658,0.000821974128484726
839680,-0.021605146932415664,0.03914233227260411,0.930196201428771,0.1582102682441473,-0.000206925964448601,0.0005716543169000943,0.05301430891267955,0.003827220934908837
840704,-0.024483711080392823,0.023845035408157855,1.100128248333931,0.17015551310032606,-0.02061239688191563,0.010409439069917426,2.126283373683691,0.8424947671592236
841728,-0.03026670220424421,0.04946179059334099,0.944491807371378,0.14180176379159093,0.010247207130305469,0.01631064445246011,2.8368998244404793,1.00332142226398
842752,-0.016755383840063587,0.03201399219688028,0.9177024513483047,0.13202267838642,0.014859215181786567,0.00130767520658992,2.749646469950676,0.942591117694974
843776,-0.016879636299563572,0.055690226261503994,0.8659415207803249,0.12431467277929187,0.01275000665918924,0.0008352750944595755,2.408287465572357,0.29897110955789685
844800,-0.0012994192220503464,0.07012034580111504,0.7613574620336294,0.10620240948628634,0.0015096615243237466,0.0006260073859323256,2.3242313265800476,0.2286202576942742
845824,-0.03822901449166238,0.0624811458401382,1.2933920957148075,0.2013686215505004,-0.014480194440693595,0.004579488864692394,2.268131371587515,0.9671240113675594
846848,-0.009145539239398204,0.06086431804578751,1.2042759601026773,0.18601313279941678,0.02438242343487218,0.018282052435097285,2.086159821599722,0.7387625481933355
847872,-0.017037661047652364,0.04230524518061429,0.7085054647177458,0.08813824155367911,0.009098779235500842,0.010105346997079323,3.0928054749965668,1.364590235054493
848896,-0.024331471693585627,0.031140499108005315,0.9485449455678463,0.12940678116865456,0.016761292150476947,0.0006427882572097587,2.0421394631266594,1.0087422262877226
849920,-0.02853348827920854,0.027710371476132423,1.0853806920349598,0.15556608862243593,0.033711150143062696,9.681896608526586e-05,2.4566249437630177,1.16084791906178
850944,-0.017741339979693294,0.03484170505544171,1.2124652974307537,0.17015466280281544,0.020667650765972212,0.015744326810818166,2.0507269538939,0.706060666590929
851968,-0.014283603290095925,0.03433849441353232,1.137305997312069,0.1589874755591154,0.0010901341738644987,0.009417014682185254,2.842132791876793,1.6306793931871653
852992,-0.0032323838968295604,0.03990604728460312,0.8059150092303753,0.12861375021748245,0.05658010157640092,6.720232182999553e-05,3.131414383649826,1.707836203277111
854016,-0.015587023299303837,0.046697077341377735,0.9336181562393904,0.1392691305372864,0.01266875400324352,6.637605335413355e-05,3.028304234147072,1.2244464233517647
855040,-0.015126613594475202,0.04589318111538887,0.8340156339108944,0.12113418499939144,-0.009916215494740754,0.0028151762344350573,2.5958791375160217,1.0120316706597805
856064,-0.0016238059906754643,0.029931104509159923,0.25387202436104417,0.028399014961905777,0.00015613489085808396,0.0015553987867633623,0.0519526795251295,0.0037204783293418586
857088,-0.0026408757257740945,0.05612963577732444,0.9851052295416594,0.15940987272188067,0.060094421642133966,0.02051140330149792,3.0105219185352325,1.3850298784673214
858112,-0.004670308597269468,0.038303989451378584,1.1556516401469707,0.19185743760317564,0.03200589815969579,0.00019549623286252427,2.951478034257889,1.0547554828226566
859136,-0.015425400109961629,0.03733914054464549,0.9308536369353533,0.20036510983482003,-0.002014086494455114,0.00034349035865943733,2.9587133675813675,0.9751057922840118
860160,-0.007407487079035491,0.05745051382109523,0.9792702849954367,0.16087087662890553,-0.002323173699551262,0.011739802408555988,3.0440790876746178,1.1307799201458693
861184,-0.005995482380967587,0.025996382464654744,1.2785337567329407,0.19682509312406182,0.045539576618466526,0.01847199312032899,3.711569644510746,2.048611368983984
862208,-0.05859293835237622,0.026018275297246873,1.4159557409584522,0.24442596919834614,0.045377030852250755,8.284658031953995e-05,3.516995497047901,1.5682147815823555
863232,-0.000983973906841129,0.026614912145305425,0.25938993226736784,0.023595901031512767,0.0035581022675614804,5.616602174995933e-05,1.9042312912642956,0.9612891208380461
864256,-0.004050653165904805,0.07923236244823784,0.5636031283065677,0.09653007425367832,0.014240600226912647,3.47063705895545e-05,2.1361167766153812,0.2560074641369283
865280,-0.02382755525468383,0.0572240874171257,0.7441765442490578,0.14038320444524288,-0.018504350358853117,0.012601510199601762,1.8930220417678356,0.22418146720156074
866304,0.012074125348590314,0.0704531348310411,1.2508444413542747,0.22926631849259138,-0.0077235464414115995,0.009404656462720595,2.040058057755232,1.1723782643675804
867328,0.010063398294732906,0.05938130978029221,1.2383537031710148,0.2161229820922017,0.009599068202078342,6.858251788344205e-05,1.5669883415102959,0.8930497504770756
868352,-0.01884395844535902,0.03323037805967033,0.9943241104483604,0.1476998133584857,0.00836952539975755,3.281203606775307e-05,0.8491068966686726,0.22152717737480998
869376,0.0021176331356400624,0.039432967780157924,1.2941116131842136,0.19070311402902007,-0.014632724443799816,0.014139806342427619,2.1507748514413834,0.9002998825162649
870400,-0.003093914143391885,0.03358627640409395,1.0200998354703188,0.16911778086796403,-0.07842941168928519,0.00883860673638992,2.247717674821615,1.5001060739159584
871424,-0.035287232080008835,0.037132775760255754,0.8483221959322691,0.1198990133125335,-0.011742975853849202,0.008025332899705973,0.7288848357275128,0.15578338492196053
872448,-0.011932077119126916,0.04947683110367507,0.702145385555923,0.10802344791591167,0.0027166034560650587,0.01156025203090394,2.697824403643608,1.402985716238618
873472,-0.014683457717183046,0.051178389228880405,1.029940815642476,0.14929317333735526,0.05259655657573603,0.014236053473723587,3.8188851922750473,2.12577648460865
874496,-0.007893356931162998,0.035223912622313946,0.7475145719945431,0.14041374530643225,0.07047775565297343,0.0012938587697135517,3.2044619619846344,1.5724615938961506
875520,-0.03849888950935565,0.037507196015212685,1.0734614003449678,0.1585779464803636,0.02859533845912665,0.001931362230607192,2.5612511932849884,0.9651237595826387
876544,-0.017963888501981273,0.03469573665643111,1.2527879104018211,0.1862266673706472,0.017156210291432217,0.009513909302768297,3.2713437899947166,1.4275484159588814
877568,-0.010771790199214593,0.03472787275677547,0.670869143679738,0.08151462255045772,0.023675012140301988,0.00017195024695126904,3.2871237099170685,1.185248177498579
878592,-0.014541494514560327,0.032962540979497135,0.7406650204211473,0.09835207718424499,0.010696374607505277,0.00010226988115391578,1.6335420608520508,0.3468022430315614
879616,-0.008247295074397698,0.03745355224236846,0.7890878953039646,0.10193000873550773,0.007811804651282728,8.057713918674381e-05,1.2893777415156364,0.23421128280460835
880640,-0.03621682125958614,0.03682786721037701,0.7324915751814842,0.12385942996479571,-0.0032252537203021348,0.0024667121788297663,3.150098532438278,1.450844518840313
881664,-0.04354990886349697,0.0523680126061663,1.0122205931693316,0.15235979948192835,0.013706338562769815,6.723286054466371e-05,2.894002541899681,1.6032152697443962
882688,-0.02664401294896379,0.05870534502901137,0.9669204112142324,0.1484055866021663,-0.01854113576700911,0.009531761502330482,2.821150854229927,1.649982288479805
883712,-0.009945121899363585,0.0527824453311041,0.8277595620602369,0.11829472775571048,0.0068882309715263546,3.277004103363623e-05,2.596605323255062,1.638596300035715
884736,-0.017437336093280464,0.048029007972218096,0.9924779236316681,0.13693380542099476,-0.012279652495635673,3.839487452950152e-05,3.2084923312067986,1.8153530806303024
885760,-0.025352455413667485,0.04953407100401819,1.1545349135994911,0.16169156972318888,0.0673821542004589,0.029986968846060336,3.2654269859194756,1.944912176579237
886784,-0.02170372026739642,0.0356725113815628,0.9155404418706894,0.12347479374147952,0.012157130462583154,3.415633444348032e-05,3.6403863057494164,2.136530574411154
887808,-0.0077132149890530854,0.01935405473341234,0.721394469961524,0.09374616231070831,-0.0005282009660732001,3.966358764628808e-05,1.1999748535454273,0.08575601107440889
888832,-0.016876628331374377,0.02148427505744621,0.9329626560211182,0.11785063100978732,0.004514814529102296,3.486288845877539e-05,2.3948586992919445,0.38408824102953076
889856,-0.007411834114464,0.05889037321321666,1.0667196493595839,0.15825935313478112,-0.007292159556527622,1.910679202055121e-05,2.883110463619232,0.685938022332266
890880,-0.027525179117219523,0.06877690588589758,1.056681253015995,0.16397029627114534,0.004165390244452283,0.02120081779139582,3.3051843121647835,1.8031817004084587
891904,-0.02580970840062946,0.04765035829041153,1.0547460950911045,0.15996271930634975,0.025865581206744537,0.01863577202311717,3.8072525709867477,2.2451868392527103
892928,-0.011402937903767452,0.03307936736382544,0.8072474952787161,0.11095306905917823,0.02843393705552444,3.627974186315441e-05,3.468822956085205,1.9038902558386326
893952,-0.008575877291150391,0.04533704952336848,0.9602976255118847,0.15805273177102208,0.035783451166935265,1.7413526538945234e-05,2.7137399092316628,1.417795579880476
894976,-0.01097488627419807,0.03586792864371091,0.9359151087701321,0.13871820480562747,0.004165830774581991,1.2910107439978447e-05,1.7553483806550503,0.9572151079773903
896000,-0.04770745971472934,0.02534819272113964,1.1865241341292858,0.1869478141888976,0.033492218470200896,0.0034244585513079073,1.745629258453846,0.8391015939414501
897024,-0.0014208376815076917,0.03736517275683582,0.7350886818021536,0.1192690811585635,7.269415073096752e-05,0.00877928009867901,2.092541988939047,1.3097133450210094
898048,-0.009555346536217257,0.04742500383872539,1.1103459317237139,0.16744207264855504,0.039108303215471096,0.018624528987857047,3.0175993889570236,1.715062439441681
899072,-0.014445827808231115,0.05258609086740762,0.7136154491454363,0.09626457863487303,0.03073726907314267,5.8564128678995075e-05,3.579525977373123,1.7008318603038788
900096,-0.011378134367987514,0.05373192427214235,0.826523782685399,0.13030549068935215,0.039045563753461465,0.011580830898310523,3.1279447227716446,1.0461659897118807
901120,0.0030563910549972206,0.019998502044472843,1.4834322482347488,0.20599234430119395,-0.005837660835823044,7.509907925395964e-05,1.44174431450665,0.43572609312832355
902144,-0.03678935088100843,0.0386350947082974,1.0724682752043009,0.15930123394355178,-0.00792816304601729,0.01849698362639174,3.50149255245924,1.7693060673773289
903168,-0.00825766843627207,0.04202863504178822,0.30627912236377597,0.039308866718783975,0.03176287256064825,6.324264244739197e-05,2.974553197622299,1.1365718431770802
904192,-0.004878183332039043,0.038905196473933756,0.3313640961423516,0.05684763833414763,0.006119068362750113,4.0020108272642574e-05,2.1413014717400074,0.2552900048904121
905216,-0.0177501123980619,0.050153522519394755,0.4940395075827837,0.07057846593670547,0.0035546855942811817,0.0037599117968056817,1.894716165959835,0.23395204171538353
906240,0.011218403553357348,0.0665483457269147,1.5892672128975391,0.258353968616575,-0.010985579923726618,0.007660352219318156,3.12017809599638,1.600149866193533
907264,-0.03672817989718169,0.07126921496819705,0.855130298063159,0.12498076469637454,-0.006959446880500764,0.009422544211702188,4.303434893488884,2.598419316112995
908288,0.002922882995335385,0.0385283914511092,0.22927938820794225,0.020974801533157006,0.0424854229495395,5.585373135286176e-05,4.149107940495014,1.7031486853957176
909312,-0.05995302264636848,0.03558425180381164,1.1114926654845476,0.17397884791716933,0.013471423008013517,6.716646534510318e-06,2.629505231976509,0.39672709070146084
910336,0.00034456625871825963,0.014509903179714456,1.4793509393930435,0.23730425164103508,-0.060134045605082065,0.007506081361498218,1.845242403447628,0.22518038609996438
911360,0.00019780888396780938,0.013991276471642777,1.013779554516077,0.13475844520144165,2.3483706172555685e-05,0.003517042614021193,0.006599153144634329,0.0003679530927911401
912384,8.087974856607616e-05,0.006448151799304469,1.3765386119484901,0.2105057379230857,1.0236108209937811e-05,0.0025973810309096734,0.005946971199591644,0.0002236001892015338
913408,-0.0024193725548684597,0.00468107711230914,1.3823924288153648,0.21041146898642182,-8.993083611130714e-08,0.001888754874244114,0.003851087487419136,7.676798850297928e-05
914432,-0.009683671756647527,0.0030740806252538277,1.2741627655923367,0.18717410694807768,3.052933607250452e-06,0.0012349738016155243,0.004555205567157827,0.0001238116528838873
915456,-0.07714878683327697,0.007887109786679503,1.3546417206525803,0.30186054576188326,0.008296407613670453,0.0010225567639281508,0.014210812718374655,0.007244080101372674
916480,-0.0008877480577211827,0.00864606158575043,0.06982914998661727,0.00200830286485143,-1.0748975910246372e-05,9.679106534576931e-05,0.005212145420955494,0.00021416798699647188
917504,-0.0014826247497694567,0.010080018313601613,0.08457520150113851,0.004749026469653472,-7.540671504102647e-05,6.404002397175645e-05,0.00515330521739088,0.0002302468055859208
918528,-0.0016438201419077814,0.01951405161526054,0.11660204827785492,0.002070923597784713,-5.214218981564045e-05,4.388424949297587e-05,0.0063169094937620685,8.016056381165981e-05
919552,-0.003571039836970158,0.022854438284412026,0.13905513961799443,0.003993083926616237,1.1902680853381753e-05,3.359919332979189e-05,0.008113039773888886,0.0003101733746007085
920576,-0.0017439130606362596,0.027330147218890488,0.08844290976412594,0.00840264355065301,-0.0500035468430724,0.001663594928686507,1.2207570876926184,0.40582624450325966
921600,-0.0007949607825139537,0.026378807495348155,0.10474002943374217,0.020474309683777392,0.06305735494242981,0.0031048758974066004,3.1359062902629375,2.0445381607860327
922624,0.0035025662509724498,0.027711242844816297,0.09654639731161296,0.02770669385790825,-0.008182324381778017,0.0018768883489315158,1.7944547235965729,0.5232399832457304
923648,0.0034173511376138777,0.02593918499769643,0.12693358375690877,0.022380640322808176,0.016557212045881897,0.0013036678967353055,1.9139434285461903,0.6655302699655294
924672,-0.0002536709071137011,0.0363469926523976,0.1348250878509134,0.024386502016568556,0.019776045955950394,0.0016430413439252334,1.9137891791760921,0.6228058896958828
925696,-0.015089005784830078,0.03547227493254468,1.0946549642831087,0.2353996131569147,0.0006000542780384421,0.0034883963671745732,2.118134990334511,0.9214138779789209
926720,-0.009675242275989149,0.057571143843233585,0.7762857433408499,0.14221399975940585,0.015662383986636996,0.01440205390099436,2.9467804804444313,1.3770688008517027
927744,-0.026861886988626793,0.05325731821358204,1.0357693620026112,0.16276514204218984,0.0006064143963158131,0.00963536997733172,3.5737126618623734,2.4438600689172745
928768,-0.014798007672652602,0.04199280543252826,1.0875379331409931,0.1558539872057736,0.022718764143064618,0.009536299148749094,3.392441548407078,1.8284866027534008
929792,-0.03226987086236477,0.04483039944898337,0.921990854665637,0.14299991447478533,0.020773188094608486,0.009475426719291136,4.083454765379429,2.8335479125380516
930816,-0.004974299488821998,0.027717833407223225,0.7429931424558163,0.11015496193431318,-0.006508337130071595,0.002572613138909219,0.6621000971645117,0.2815178479067981
931840,-0.016625261821900494,0.013351737550692633,1.0485097654163837,0.14432549010962248,3.424289752729237e-05,6.0175758989089445e-05,0.00031216391835187096,0.0002783264499157667
932864,-0.01964886586938519,0.019191982108168304,0.9724853783845901,0.1217229850590229,-3.0858791433274746e-07,3.347940705111796e-05,0.00027737646269088145,2.796878106892109e-06
933888,-0.05635791968961712,0.016819023207062855,1.5718505643308163,0.31457726610824466,-1.9055180018767715e-05,0.006296247538557509,0.015829469310119748,0.001603105803951621
934912,0.018414537044009194,0.029753648152109236,1.0679279258474708,0.24519813084043562,0.0018961080349981785,0.0009005251076814602,0.4368155742995441,0.12654611328616738
935936,-0.009802319662412629,0.016840583906741813,0.4207755196839571,0.07545063307043165,-0.021261239366140217,0.006960876104130875,0.24388166842982173,0.173602983384626
936960,-0.008142700127791613,0.013902973587391898,0.3912136787548661,0.08596976287662983,0.0009044244652613997,0.00386512307159137,0.2944914915715344,0.042216196889057755
937984,-0.00947102761710994,0.034321165876463056,0.4512975513935089,0.12336067156866193,-0.010852969309780747,0.004503063559241127,1.5048131570219994,0.5829828241840005
939008,-0.04769445623969659,0.03441580448998138,1.049950510263443,0.18295997520908713,-0.008867496071616188,0.009975718607165618,2.84768632799387,1.6805098187178373
940032,-0.012317155371420085,0.0396527461707592,1.2778536472469568,0.2260223077610135,0.051294216100359336,0.019512934275553562,4.038046397268772,2.2537365071475506
941056,0.0018436522368574515,0.04726690798997879,0.17684187972918153,0.031920152658130974,0.011635662813205272,0.0007067914970662059,2.5538070388138294,0.8397414460778236
942080,0.0035327727237017825,0.0019403875339776278,0.09250208409503102,0.030414187058340758,0.011507273535244167,0.0005182814880413389,0.11595163331367075,0.057945485576055944
943104,-0.002719025796977803,0.012851386214606464,0.17992048035375774,0.039137607120210305,-9.784213034436107e-06,0.00032501725664246806,0.0011174283863510936,0.0003833005903288722
944128,-0.015047390916151926,0.030808007111772895,0.8820756692439318,0.1497060703113675,-0.013326118641998619,0.00860997677227715,2.9793469323776662,4.036873818258755
945152,-0.02817500584933441,0.06648253346793354,1.0018296781927347,0.15201367996633053,0.09127907748916186,0.0022823806102678645,3.184316635131836,1.7562356293201447
946176,-0.007177605322794989,0.046773204347118735,0.7153525706380606,0.11582797113806009,-0.011924151622224599,0.009316201505498611,3.8752502351999283,1.7585323080420494
947200,-0.014376657054526731,0.05121153325308114,1.1498933136463165,0.17030430398881435,0.011961839278228581,0.009447217998967972,3.577371448278427,1.6426569446921349
948224,-0.016254328671493568,0.057741543161682785,0.9773727059364319,0.1485174843110144,0.01790571806486696,0.018461811370798387,4.097070515155792,2.0447882376611233
949248,-0.01123893036856316,0.046476815827190876,1.0108231864869595,0.16550706792622805,0.044679146783892065,0.00011462225737801646,3.9614833518862724,1.7918306961655617
950272,-0.015319031619583257,0.0564965974772349,1.0374620575457811,0.16206247312948108,0.007654679677216336,0.0030838818711345084,3.0729299411177635,1.0483693163841963
951296,0.003613102511735633,0.0445173658663407,1.068311793729663,0.1962035153992474,0.013488262251485139,0.009376947365126398,3.1806665584445,2.002699013799429
952320,-0.006136435738881119,0.06098375318106264,0.9221884794533253,0.1665948391892016,0.03416748371091671,0.008781475169598707,4.164432138204575,3.0042038708925247
953344,0.000432429340435192,0.06832027505151927,0.9182569999247789,0.1664817649871111,0.0537480396887986,0.009469377368986898,4.180179364979267,2.6622913777828217
954368,-0.0007044176745694131,0.048879345413297415,1.0434100795537233,0.2152799004688859,0.04731690550397616,0.0001214299340404068,3.6184137240052223,1.721819307655096
955392,-0.0176427607802907,0.03515491308644414,1.039589399471879,0.16761493077501655,-0.05035215339739807,0.007635130881681107,2.0600400306284428,0.739361684769392
956416,-0.006602084438782185,0.018244808263261802,1.412968810647726,0.21963880117982626,-0.02768582067801617,0.013256931764772162,0.9207247141748667,0.42004832439124584
957440,-0.015447726837010123,0.04422220715787262,0.8676407542079687,0.12134456657804549,0.007381952658761293,0.01010399719234556,3.1068787202239037,2.7033010460436344
958464,-0.004322251494158991,0.03135128616122529,0.45927617978304625,0.06677647156175226,0.062364791869185865,0.0002399006893938349,1.733439039438963,1.3962210938334465
959488,-0.007916377449873835,0.032641938887536526,0.9543603900820017,0.14564937842078507,0.010916762927081436,0.0002415948408724944,2.3202717006206512,1.4053977727890015
960512,-0.043388974998379126,0.03369648102670908,1.1637086812406778,0.20109781809151173,0.025476475988398306,0.00362387701170519,2.6527921929955482,1.109782312065363
961536,0.00844630305073224,0.035569096507970244,1.206973884254694,0.210194492014125,0.012414223572704941,0.009650659420003649,2.971961844712496,2.1926742419600487
962560,-0.0029070074087940156,0.04235499526839703,0.8654543813318014,0.13995590968988836,0.02888228395022452,0.009953247319572256,3.5966499969363213,1.6107895746827126
963584,-0.015127548947930336,0.03585736034438014,1.1376336105167866,0.17571305856108665,-0.006715024414006621,0.009302664333517896,3.5876338854432106,2.2706260979175568
964608,-0.008969239483121783,0.03150022740010172,0.9678509496152401,0.15792681090533733,0.08844946676981635,0.0002982711071126687,2.5966236367821693,2.044286824762821
965632,-0.00407802990230266,0.02233746083220467,0.814622774720192,0.11270454525947571,0.05872772354632616,0.011645241524092853,2.637191668152809,1.3271404542028904
966656,-0.014623092021793127,0.04605151200667024,0.9886083174496889,0.15906611294485629,0.03502589900745079,6.946769454074797e-05,3.27253707498312,1.2141116242855787
967680,0.0014357974287122488,0.06946511089336127,0.7509401822462678,0.12062500650063157,0.0015105019556358457,5.9034362422272224e-05,1.9860646650195122,0.24638858903199434
968704,0.0023298692976823077,0.04726775619201362,1.1569501534104347,0.20224599307402968,0.023894860816653818,2.648699911489416e-05,3.6137877479195595,1.069840857759118
969728,0.001545129664009437,0.05254174268338829,1.1257384829223156,0.17027978133410215,0.014868880331050605,3.4090481526583005e-05,3.046179287135601,0.46456952579319477
970752,-0.04612941815867089,0.04976791574154049,1.231851737946272,0.20090567879378796,0.019457382935797796,0.007727984469966032,2.0588885992765427,0.8622193057090044
971776,-0.015794328050105833,0.04506876296363771,1.1025125868618488,0.178249629214406,0.0247752120194491,3.5353649266767206e-05,2.4492609947919846,1.3148431703448296
972800,-0.004293721372960135,0.03159979067277163,1.2085566148161888,0.17724287370219827,0.07742596755269915,1.4460077032651952e-05,1.7511715106666088,0.9007506724447012
973824,-0.010460282064741477,0.04154627164825797,0.9340004175901413,0.134813052136451,0.04363643570104614,0.009488962503382936,2.089394275099039,0.7222798690199852
974848,-0.0102331540256273,0.04825350875034928,0.9275469426065683,0.14322017831727862,0.04439770948374644,0.01670091565028997,3.6834734454751015,1.8021401166915894
975872,-0.009025699400808662,0.03343608183786273,0.4600248718634248,0.04793367790989578,0.08729306084569544,0.004421518897288479,3.4231911450624466,1.5880867913365364
976896,-0.013704247990972362,0.015957013907609507,0.6030790759250522,0.07777168491156772,0.036435328278457746,5.6906343532503456e-05,3.4208798855543137,1.062217928469181
977920,-0.040177287824917585,0.022015719790942967,0.9792062137275934,0.13687536329962313,0.012165733089204878,0.0005766146562109498,2.671685203909874,0.7784271910786629
978944,-0.04307489181519486,0.024289735418278724,0.9467299301177263,0.14615526562556624,0.02646209398517385,3.549350713250021e-05,2.904246538877487,1.2410060819238424
979968,-0.01913354854332283,0.03820040274877101,0.8113276120275259,0.10896917176432908,-0.01855348580284044,3.675824603988076e-05,3.057299792766571,1.204906301572919
980992,-0.03594414591498207,0.0539427938638255,1.1754471715539694,0.1981370411813259,-0.012448803812731057,0.01331177173415199,3.343905195593834,1.894970789551735
982016,-0.016451105337182526,0.052858640789054334,1.0373598970472813,0.15880951285362244,0.02354484098032117,0.018500105674320366,3.3746072947978973,2.136394899338484
983040,-0.02005889361316804,0.04017670842586085,0.8760552406311035,0.1246200108435005,0.02307553734863177,0.009370331179525238,3.9159263372421265,2.6988664120435715
984064,-0.00873291539028287,0.03837814735015854,0.9503031987696886,0.1376213664188981,0.12832583897397853,0.00020664926682911755,2.6135150641202927,1.960108906030655
985088,-0.024400586466072127,0.046719093108549714,0.9305764827877283,0.14003536524251103,0.032437035522889346,0.0027338268682797207,2.026364326477051,0.7344342581927776
986112,-0.00533031826489605,0.011091886553913355,0.8052958808839321,0.10381183211575262,0.0023434381000697613,7.848985360681127e-05,0.0054654972336720675,0.00194800432655029
987136,-0.03586507844738662,0.03673687111586332,0.7054627537727356,0.10047784307971597,0.0007044916274026036,0.018461330386344343,2.509331349283457,2.6358354073017836
988160,-0.02368319488596171,0.030623530386947095,0.955246789380908,0.13971128850243986,-0.015141848562052473,0.008970442337158602,2.740070052444935,2.713591955602169
989184,-0.012508706713560969,0.033026860386598855,0.7655772808939219,0.11241072881966829,0.04684507683850825,0.009223248269336182,3.198902614414692,2.8357973024249077
990208,-0.009353545799967833,0.028494197002146393,0.7672020103782415,0.11650744150392711,0.12467829929664731,0.002862606177586713,3.4403639510273933,2.4231601506471634
991232,-0.002469230879796669,0.05436491849832237,0.8766070697456598,0.1320552732795477,0.02798013878054917,0.008518587666912936,3.0315913930535316,1.0269351936876774
992256,0.0027333036705385894,0.03949014574754983,1.0369690358638763,0.1591738755814731,0.041452321587712504,0.0005667804962286027,2.4287642128765583,0.723769648000598
993280,-0.007926008867798373,0.04656400601379573,0.991546181961894,0.15351163502782583,-0.00020452882745303214,0.008888700825991691,2.1393812112510204,0.6030028015375137
994304,-0.02023890716372989,0.03595151088666171,1.046861656010151,0.15112850675359368,0.03902171616209671,0.0003587839728425024,2.418652795255184,0.6464965995401144
995328,-0.016660051100188866,0.03559634304838255,1.2011462468653917,0.16565057262778282,0.08316038508201018,0.016552478162338957,2.2402631044387817,1.3126493953168392
996352,-0.014656172745162621,0.041467228438705206,1.1856196150183678,0.1591930710710585,0.013166882272344083,0.00917794173801667,2.5989070758223534,2.5419860407710075
997376,-0.0023035524500301108,0.013677067203389015,1.3682438619434834,0.19477575924247503,0.07216559394146316,8.710167924164125e-05,2.4692259542644024,1.5340558476746082
998400,-0.0011975507804891095,0.011435223510488868,1.2140638269484043,0.15861194534227252,0.012766891130013391,2.1147525527842603e-05,1.840276274830103,0.9488349221646786
999424,-0.0051416374335531145,0.008222869799283217,1.3303453959524632,0.17673470173031092,0.04034594813128933,1.1621780183102004e-05,2.0041396096348763,1.0238551497459412
