step,agv_actor_loss,agv_value_loss,agv_entropy,agv_approx_kl,pick_actor_loss,pick_value_loss,pick_entropy,pick_approx_kl
1024,0.18905367888510227,0.03907975181937218,4.524692133069038,1.6207075640559196,0.19087221170775592,0.05258348229108378,4.505671247839928,1.9726060591638088
2048,0.09556405496550724,0.02891876414651051,3.6083437725901604,0.7074691783636808,0.09779112308751792,0.01307176252885256,3.0815300196409225,0.6743665197864175
3072,0.03165658688521944,0.03188570844940841,2.992933750152588,0.3074753060936928,0.045958694274304435,0.00869800549116917,2.382044903934002,0.4141893656924367
4096,0.019187059224350378,0.027446933090686798,2.855169713497162,0.24516252055764198,0.03833972185384482,0.004235546686686575,2.2386021316051483,0.35005599446594715
5120,0.038626974157523364,0.030890475143678486,2.8161790296435356,0.32908027805387974,0.040266006195452064,0.0025052774617506657,2.2061958461999893,0.38424358796328306
6144,0.06456187341245823,0.03190861054463312,2.734034389257431,0.5666408995166421,0.02411064248008188,0.008451051468000514,2.009835407137871,0.6319490633904934
7168,0.05040490406099707,0.03911305987276137,2.5996222123503685,0.44154770858585835,0.03828095900826156,0.000973578774392081,1.5919574424624443,0.3768538571894169
8192,0.050461328457458876,0.038232003746088594,2.5497970059514046,0.44470224902033806,0.016572541266214103,0.0008461597344648908,1.347267422825098,0.2675329218618572
9216,0.04052753487485461,0.02433285571169108,2.514608144760132,0.37030875589698553,0.015022523715742864,0.00036792799437534995,1.205030184239149,0.18287649424746633
10240,0.07690703548723832,0.02985961304511875,2.4090730622410774,0.46179958526045084,-0.009197924198815599,0.006918818660778925,1.235425692051649,0.16812220588326454
11264,0.01907915984338615,0.03989148972323164,1.8080969713628292,0.27097230637446046,0.006054438592400402,0.009414290252607316,1.1214704178273678,0.15572126861661673
12288,0.006443318314268254,0.024283315578941256,1.70188619941473,0.17674723733216524,-0.013837272024829872,0.0019785792828770354,1.0373089797794819,0.13727872958406806
13312,0.0017945829022210091,0.02933635818772018,1.8535725623369217,0.1880028573796153,0.00317399317282252,0.0008212071788875619,0.9580564107745886,0.10931590897962451
14336,0.0006671568407909945,0.021997067611664534,1.8355018496513367,0.21524858102202415,-0.00022669797181151807,0.00044016821493642055,1.2029314804822206,0.13982658041641116
15360,0.017309223097981885,0.021771671395981684,1.6847842149436474,0.22563170362263918,-0.00707966650952585,0.009182917805446777,1.6279771253466606,0.2228329163044691
16384,0.0056723192683421075,0.026479878462851048,1.6410965211689472,0.20620018802583218,0.0023292391269933432,0.00497463061765302,1.3456982970237732,0.1706273816525936
17408,-0.0017255808488698676,0.02422818646300584,1.6390429325401783,0.1682711415924132,-0.0016668540483806282,0.0072611943978699856,1.4231526032090187,0.17945424793288112
18432,0.0057090237678494304,0.01881017879350111,1.7590473778545856,0.19797316379845142,-0.00015636204625479877,0.005647761267027818,0.9175065271556377,0.09978990722447634
19456,-0.0009659714487497695,0.020489991293288767,1.7246424555778503,0.18443990591913462,-0.006646637135418132,0.002456620230077533,0.9301778171211481,0.10706268856301904
20480,0.009648998282500543,0.021017598424805328,1.5061558187007904,0.1800105799920857,-0.006896681385114789,0.0026847617118619382,1.0047524981200695,0.12451249873265624
21504,0.002587213515653275,0.0335404701763764,1.6740359887480736,0.19483610102906823,0.0015901227889116853,0.00047083104709599866,1.0503387320786715,0.13234063424170017
22528,0.0059667109453585,0.02860003028763458,1.6830527000129223,0.2210707413032651,-0.009060918469913304,0.00011460270957286411,1.2718642689287663,0.16848626965656877
23552,0.0013229044270701706,0.032785888062790036,1.8279746733605862,0.1867319457232952,0.0018945345364045352,0.00858696507748391,1.2521697245538235,0.15736105106770992
24576,-0.0037504717183765024,0.056136177969165146,1.8451249152421951,0.16114073805510998,-0.00951958638324868,0.0005677486524291453,1.382694449275732,0.17403933824971318
25600,-0.0019261242196080275,0.02405801840359345,1.624940186738968,0.18437337316572666,-0.010836712128366344,0.0022311631128104636,1.4795302152633667,0.21583918388932943
26624,0.001550882516312413,0.015243708912748843,1.2036583870649338,0.11400918918661773,-0.044775295769795775,0.00012170173818049079,1.2920981124043465,0.20161653589457273
27648,-0.0036087261396460235,0.026765836402773857,1.6390007324516773,0.16188350599259138,-0.009675444482127205,0.00013458149169309763,1.1056063622236252,0.14962744642980397
28672,0.0047478885389864445,0.01960565330227837,1.5321602374315262,0.1558038406074047,0.0009830968047026545,0.007916003612990608,2.1744032204151154,0.4320428892970085
29696,0.001655127460253425,0.0239513679407537,1.6525566019117832,0.15832425467669964,0.028724216506816447,0.0006134962268333766,1.4820666499435902,0.32667063688859344
30720,-0.0028452904371079057,0.018347246485063806,1.6475128196179867,0.16740919463336468,-0.011739844208932482,0.016652792284730822,1.8551351986825466,0.30993180721998215
31744,-0.000403471989557147,0.036478545516729355,1.8767555430531502,0.18305237591266632,0.003390881000086665,0.006496693851659074,1.4178991671651602,0.2439894259441644
32768,-0.001194530661450699,0.029031422513071448,1.839308064430952,0.189754290971905,-0.01602427233592607,0.010861117771128193,1.1915920227766037,0.1509857305791229
33792,0.0010103870154125616,0.019211568112950772,1.72648224234581,0.14641333650797606,-0.006720165780279785,0.00261559825958102,1.1471728384494781,0.14095564815215766
34816,-0.003731491873622872,0.02084616367937997,1.6744211055338383,0.1447730902582407,-0.01584320282563567,0.0006155575019874959,1.02984837628901,0.1136379090603441
35840,-0.00437224967754446,0.03159167035482824,1.5376387014985085,0.15170992724597454,-0.018845899729058146,0.0023570808343720273,1.066003417596221,0.15403635567054152
36864,-0.0027223065408179536,0.031683084554970264,1.8171387799084187,0.14867546129971743,0.01772839605109766,0.0004744431371364044,0.7964240591973066,0.1325141373090446
37888,-0.0029379402985796332,0.02772323106182739,1.8373078480362892,0.17585341772064567,0.006593830970814452,0.00019504965825944964,1.1174559146165848,0.13057665945962071
38912,0.0010353008401580155,0.019746415287954733,1.7171598449349403,0.15544386487454176,0.003007112449267879,0.00013656381656801386,1.0135002732276917,0.10705323214642704
39936,-0.004317251790780574,0.02210473478771746,1.74775680154562,0.1536709596402943,0.00016481641796417534,0.008152756548952311,1.2442416474223137,0.14946489944122732
40960,-0.0007376587309408933,0.027149241825100034,1.4519266225397587,0.16160429269075394,-0.00867300842946861,0.01439382546232082,1.3881916627287865,0.18605977157130837
41984,0.00021482337615452707,0.030842610693071038,1.8682129420340061,0.16119474498555064,-0.0014258709852583706,0.00402932710130699,1.3211451582610607,0.16120399348437786
43008,-0.0014822282682871446,0.02740700577851385,1.912667728960514,0.15961716324090958,-0.004205857199849561,0.010053923251689412,1.3678044229745865,0.18080833461135626
44032,0.007587765634525567,0.026696628367062658,1.7298967465758324,0.19022134877741337,0.0019966639520134777,0.0009210209482262144,1.3739487752318382,0.1521743847988546
45056,0.004582905297866091,0.02122038888046518,1.6872246712446213,0.17863808991387486,-0.007464224589057267,0.0022110561849331134,1.5437621138989925,0.18675045855343342
46080,0.0015867138354224153,0.02570721978554502,1.2281212210655212,0.14170941268093884,-0.008670049806823954,0.008357028556929436,1.206972848623991,0.14989703008905053
47104,-0.009237368067260832,0.023929668765049428,1.3851256743073463,0.16000021155923605,-0.004771366220666096,0.006803130490879994,1.4519360922276974,0.19041752442717552
48128,-0.005187643400859088,0.023088328656740487,1.6298026479780674,0.1683533932082355,-0.005689290992449969,0.002320159903320018,1.3785224743187428,0.17295203125104308
49152,0.0011800724460044876,0.02363437830354087,1.6243953444063663,0.16086024744436145,-0.020965394738595933,0.001270440701773623,1.4046202339231968,0.1844761515967548
50176,-0.00371448730584234,0.021766189631307498,1.5476383119821548,0.15748479031026363,-0.007563877705251798,0.008967931746155955,1.306229043751955,0.17796207894571126
51200,-0.0016604152478976175,0.014954846556065604,1.3662695586681366,0.10987685178406537,-0.012126095898565836,0.0015782763894094387,1.207334604114294,0.1422796151600778
52224,-0.009152125130640343,0.01903794950339943,1.6269074492156506,0.150877655018121,-0.027867773751495406,0.0006671426908724243,1.2128904201090336,0.14677619864232838
53248,0.0015473112725885585,0.01631125816493295,1.5889732018113136,0.1544141247868538,-0.006744210084434599,0.0001861331504642294,1.0045223757624626,0.10717622935771942
54272,-0.00044047793198842555,0.026266692904755473,1.7411111108958721,0.1614977172575891,-0.00011980999261140823,0.008214348781621084,1.4044086337089539,0.18146952521055937
55296,-0.005600482385489158,0.023201801581308246,1.5713387988507748,0.1641457392834127,-0.006016117025865242,0.008859394627506845,1.4740593060851097,0.21198347676545382
56320,0.0029888225253671408,0.030097773240413517,1.4685067683458328,0.16476700128987432,-0.010507990198675543,0.009564077470713528,1.4138416647911072,0.20094739506021142
57344,-6.243289681151509e-05,0.03156932961428538,1.2998859956860542,0.14627694059163332,0.009736537205753848,0.0006013103948134813,0.944436103105545,0.11769858421757817
58368,-0.0036085747269680724,0.018290194682776928,1.517885498702526,0.17691262625157833,-0.004285663890186697,0.0003203148703505576,1.1103415191173553,0.13001231104135513
59392,-0.004748853578348644,0.023750709544401616,1.6027223952114582,0.17174884397536516,-0.0115857737546321,0.0003002296703016327,1.2915701493620872,0.15335338469594717
60416,-0.0030042851285543293,0.034468972764443606,1.525253303349018,0.1668147025629878,-0.01391920994501561,0.002634010785186547,1.5844143144786358,0.21498973341658711
61440,-0.004241450486006215,0.029603381583001465,1.5146478936076164,0.17868416476994753,-0.00021893522352911532,0.00017431293633762834,0.829877533018589,0.08744056127034128
62464,-0.005104593903524801,0.032596857752650976,1.5130826197564602,0.18269117875024676,-0.006098080542869866,0.00926562398308306,1.8806604854762554,0.28906001430004835
63488,-0.003130826444248669,0.05035158863756806,1.4316063188016415,0.1656283102929592,0.00330188509542495,0.0012109376075386535,1.3831509239971638,0.21946074441075325
64512,-0.0030581050232285634,0.03163370455149561,1.4449247643351555,0.17094570258632302,-0.019307673210278153,0.00035044436390307965,1.2294593527913094,0.1417378457263112
65536,0.002044895460130647,0.04250182746909559,1.4222215339541435,0.16031378973275423,0.0012703266984317452,0.011687635458656587,1.3585822880268097,0.17991189984604716
66560,-0.0019125925318803638,0.05752557865343988,1.5640310645103455,0.1773681710474193,-0.006501358817331493,0.0006796226261940319,1.242743480950594,0.1599639211781323
67584,0.00012045822222717106,0.041982110531535,1.479898240417242,0.15619443776085973,-0.00583462548092939,0.007823884279787308,2.2041878812015057,0.4569839262403548
68608,0.00022746308241039515,0.05319094972219318,1.599541511386633,0.17796874325722456,0.010087295464472845,0.016425725261797197,1.7718257419764996,0.3561012032441795
69632,0.002537223423132673,0.05696141184307635,1.5679438821971416,0.16247181920334697,0.00994994372013025,0.0027509225765243173,0.7850582543760538,0.09512294922024012
70656,-0.012199353106552735,0.04271196515765041,1.28779873624444,0.1399292249698192,-0.009374894667416811,0.005458156672830228,0.7382416538894176,0.07437078061047941
71680,-0.005991117825033143,0.040086207329295576,1.4453237913548946,0.1658233911730349,-0.003311190666863695,0.009688645968708443,1.2621222082525492,0.15610449155792594
72704,0.003973985032644123,0.049326815409585834,1.3111853785812855,0.13464325200766325,0.003233940340578556,0.0018536436473368667,1.1261089146137238,0.13728507398627698
73728,-0.004047178692417219,0.043276283890008926,1.4472045674920082,0.15625120280310512,-0.01746378157986328,0.0006957085824979004,1.2711529023945332,0.16048588743433356
74752,-0.0009564740757923573,0.03923106275033206,1.5348829478025436,0.14045708649791777,-0.008770845059189014,0.0006404562500392785,1.0265362411737442,0.11540934420190752
75776,-0.0036159974988549948,0.022477800433989614,1.3690220192074776,0.15305539430119097,0.00460141635267064,0.002282462977746036,1.0765883289277554,0.12413070467300713
76800,-0.00253888574661687,0.021446137805469334,1.445469692349434,0.1548267318867147,-0.010390048642875627,0.00010630545057210838,1.352656938135624,0.16111351549625397
77824,-0.0024515432014595717,0.024550625181291252,1.4467687383294106,0.15421361336484551,-0.007954747561598197,0.008204405849028262,2.4047477580606937,0.5057058962993324
78848,-0.0005983885930618271,0.030567508714739233,1.4607573449611664,0.1600833237171173,0.006766796082956716,0.0012122456373617752,1.5333204008638859,0.2745455028489232
79872,-0.0058892256347462535,0.025914886267855763,1.5652485229074955,0.18067570868879557,-0.014732227398781106,0.00024760384258115664,1.3425569646060467,0.17359534511342645
80896,-0.0011733906721929088,0.027842635579872876,1.5594885163009167,0.18615673016756773,-0.01235976952011697,0.015357120297267102,1.6027321200817823,0.26844666129909456
81920,-0.009225969857652672,0.03627272305311635,1.6141440868377686,0.1874008709564805,-0.015199279820080847,0.011144593278004322,1.7618704177439213,0.3465517112053931
82944,-0.0028185257833683863,0.03788315079873428,1.455413095653057,0.14695932203903794,0.008368306618649513,0.009504680885584094,0.826056994497776,0.15019095700699836
83968,-0.0027453032234916463,0.02558072202373296,1.6760567128658295,0.18135199369862676,0.006062195519916713,0.0009009108298414503,0.9560310896486044,0.10578188020735979
84992,-0.004351753741502762,0.024910300213377923,1.5161325372755527,0.15817574737593532,-0.008411489136051387,0.0001497191331054637,1.3234107792377472,0.1569186164997518
86016,-0.007454096659785137,0.0372107409639284,1.4934898912906647,0.18733403272926807,-0.00894816976506263,0.011242909873544704,1.3063125610351562,0.1785465651191771
87040,0.00042679786565713584,0.03132274345261976,1.5645036920905113,0.18977001262828708,-0.0034059816534863785,0.014990167343057692,1.6486004181206226,0.2505263965576887
88064,-0.001682681278907694,0.023524664575234056,1.560050368309021,0.15638595493510365,-0.005882761208340526,0.009262090701668058,1.3945938535034657,0.19261466898024082
89088,-0.006034610589267686,0.025970852992031723,1.6731679029762745,0.14825998386368155,-0.00409982108976692,0.0011448849654698279,1.056159421801567,0.1313083569984883
90112,-0.008120846134261228,0.01847109236405231,1.5905241407454014,0.15404004463925958,-0.016554206173168495,0.0023064597098709783,1.1872625928372145,0.15252679586410522
91136,-0.00940308827557601,0.018833319685654715,1.1677616368979216,0.1346381432376802,-0.00038423173828050494,0.009720978338009445,0.5108190681785345,0.0489407149143517
92160,0.0009758575761225075,0.017879081948194653,1.4295752085745335,0.16199445771053433,6.728142034262419e-05,0.00020872451182185614,1.1976230796426535,0.15288371755741537
93184,-0.0030459614063147455,0.021336417412385345,1.5438331700861454,0.1738760177977383,-0.01937389260274358,0.0004378709058983077,1.0837224200367928,0.12988096103072166
94208,-0.0032770792895462364,0.026040876633487642,1.6108795404434204,0.188371067866683,0.005442423338536173,0.00905453856830718,0.585530074313283,0.060477621387690306
95232,-0.005386850287322886,0.0303513360559009,1.555446919053793,0.19103397568687797,-0.0035888970305677503,0.002496058647011523,0.9631966631859541,0.1152297428343445
96256,-0.0004825902433367446,0.026679734757635742,1.252270646393299,0.12538252235390246,0.002185110657592304,0.016867041791556403,1.314461786299944,0.17085498804226518
97280,-0.0009907208004733548,0.0334962127963081,1.4911721050739288,0.17188181215897202,-0.011315843381453305,0.010549750331847463,1.4587622210383415,0.19445121008902788
98304,-0.0031560145725961775,0.030266201414633542,1.379138272255659,0.1476044743321836,-0.0009585989464540035,0.0012556393594422843,1.0602430645376444,0.12565494095906615
99328,-0.0032164218137040734,0.03181174030760303,1.5422735959291458,0.16818066826090217,-0.006072847114410251,0.006169831300212536,1.787522479891777,0.2711065853945911
100352,-0.004109444431378506,0.0242747223819606,1.496590856462717,0.16415366809815168,-0.03981685699545778,0.007830261580238584,1.5053827054798603,0.23571972642093897
101376,0.0016193088958971202,0.027189869491849095,1.4978709258139133,0.18499641306698322,-0.014856671332381666,0.02380809493479319,1.4627295285463333,0.2436458608135581
102400,-0.0010758441349025816,0.035414117272011936,1.5482097938656807,0.18893314665183425,0.0048157365527004,0.00910640107395011,1.0072727780789137,0.1727722929790616
103424,-0.002267768664751202,0.02862587117124349,1.531927190721035,0.15315773570910096,0.0054102566064102575,0.0038774872082285583,0.6363208806142211,0.07559180562384427
104448,-0.003250008827308193,0.022788758855313063,1.5730119310319424,0.17005014838650823,-0.010970679140882567,0.0019129357788187917,0.8721175119280815,0.10671579069457948
105472,-0.007478308471036144,0.021579574880888686,1.3418443463742733,0.13669860502704978,-0.015736838366137818,0.01086092863988597,1.1730878185480833,0.16522529115900397
106496,-0.0038999296666588634,0.01775550577440299,1.4069112837314606,0.14763729157857597,0.006695372983813286,0.0013579181522800354,0.6491793729364872,0.07453241036273539
107520,-0.007034527967334725,0.019896288751624525,1.4809783808887005,0.17390401661396027,-0.006397052202373743,0.007470252941857325,1.8567339312285185,0.3192388704046607
108544,-0.0018925876938737929,0.022038317751139402,1.7215287573635578,0.17274306574836373,0.008655596669996157,0.0015781903457536828,1.0527380350977182,0.1555268702795729
109568,-0.005843203631229699,0.013064233702607453,1.9088076762855053,0.19083117647096515,-0.016829326545121148,0.0005887978741156985,1.4884113259613514,0.17901777056977153
110592,-0.008131448703352362,0.028044839156791568,1.4128119349479675,0.14308209298178554,0.0010915551101788878,0.010911587050941307,1.0096899829804897,0.10981683991849422
111616,-0.0014890675665810704,0.03119998809415847,1.5102246850728989,0.16012845328077674,-0.008784248639130965,0.0008097972249743179,1.405606895685196,0.17505329241976142
112640,-0.004063189961016178,0.02470317605184391,1.7200357802212238,0.19086860492825508,-0.038639921840513125,0.0001960168059440548,1.5128592662513256,0.18974561197683215
113664,-0.005494282464496791,0.02301958011230454,1.5093671567738056,0.16428099106997252,-0.008957439684309065,9.92295706510049e-05,1.2328858934342861,0.14839863823726773
114688,-0.005586297222180292,0.02261024757171981,1.5756584107875824,0.15200736839324236,-0.0061518417787738144,5.1704143643860334e-05,1.0863225236535072,0.11852850904688239
115712,-0.003489514099783264,0.023756612150464207,1.1804432161152363,0.12517020641826093,-0.02918381619383581,0.002798076298859087,1.7176180817186832,0.28054435132071376
116736,-0.0014405494730453938,0.035036995832342654,1.6948504224419594,0.18955829041078687,0.006447702297009528,0.0075631279723893385,1.887084860354662,0.2972283735871315
117760,-0.006266284894081764,0.032875873090233654,1.6999273672699928,0.16077590361237526,-0.0013654243084602058,0.009396061155712232,1.4849231392145157,0.23236526851542294
118784,-0.00480020244140178,0.022294910333584994,1.8120058365166187,0.16948729706928134,0.002540317829698324,0.0014289370410551783,1.8544835895299911,0.2808954259380698
119808,-0.0028167408745503053,0.017402234894689173,1.6227133944630623,0.16377800703048706,-0.0041032807203009725,0.0002768466570159944,1.2631985768675804,0.14909049426205456
120832,-0.007594227266963571,0.042606411036103964,1.606271170079708,0.17303461953997612,0.0014435633493121713,0.012033939477987587,1.4088062830269337,0.18930622236803174
121856,-0.0013894795556552708,0.025438048061914742,1.5619341097772121,0.15430016722530127,-0.022798683756263927,0.0003211110060874489,1.3221162222325802,0.16593407420441508
122880,-0.0049645464605418965,0.01309041361673735,1.6014208123087883,0.1634099488146603,-0.004178567265626043,0.00012190883626317373,1.4348580799996853,0.17664947104640305
123904,-0.006092348921811208,0.02111552673159167,1.5714089050889015,0.16048563877120614,-0.015426297468366101,3.5170761378822135e-05,1.2363378666341305,0.12504696217365563
124928,-0.007651881955098361,0.031227506755385548,1.6180308274924755,0.16487665008753538,-0.024317416275152937,5.088426178190275e-05,1.2609550282359123,0.1501916479319334
125952,-0.0023833812156226486,0.028418747417163104,1.5074566006660461,0.16914819041267037,-0.0004063570813741535,0.0027084491612185957,1.1931085214018822,0.16171357710845768
126976,-0.007207917486084625,0.03472553682513535,1.6627205684781075,0.18319206684827805,-0.010472187481354922,0.008856256725266576,2.3912382312119007,0.6100051840767264
128000,-0.006192994740558788,0.04606540885288268,1.7207077965140343,0.17425683559849858,0.0007545033149654046,0.01788472592306789,2.6675824113190174,0.8650260092690587
129024,-0.004578454128932208,0.042747443774715066,1.734048418700695,0.16300295619294047,0.0030262713553383946,0.0016251180386461783,1.3817398212850094,0.30795017955824733
130048,-0.007372490290435962,0.024367813195567578,1.736943680793047,0.1825615745037794,-0.020444560679607093,0.0027122745123051573,1.7987246494740248,0.3597997557371855
131072,0.00035709097573999316,0.020016653405036777,0.7850301340222359,0.08536371286027133,-0.00032798212487250566,0.0021775597851956263,0.6466564815491438,0.07243726850720122
132096,8.234957931563258e-05,0.025081583007704467,1.2297859452664852,0.13264885917305946,-0.03435280415578745,0.001430867523595225,0.9937864188104868,0.15280765504576266
133120,-0.010975922559737228,0.019481843250105157,1.6247500330209732,0.21664296183735132,-0.02681870764354244,0.0004950234833813738,1.094247980043292,0.16853432822972536
134144,-0.03517647419357672,0.011403082986362278,1.8630434945225716,0.2704515843652189,-0.001327729522017762,0.00014618201794291963,0.27961881551891565,0.01683762640459463
135168,-0.012137142359279096,0.030611023888923228,0.9231853727251291,0.08953198813833296,-0.010506346094189212,0.0024616149748908356,1.2890666462481022,0.173233988462016
136192,0.002979929427965544,0.01819238401367329,1.5713046193122864,0.20496009988710284,-0.0016452173294965178,0.007769618558086222,0.32141919806599617,0.022404370363801718
137216,0.02139378964784555,0.020325957622844726,1.9391872845590115,0.3077499349601567,-0.01027837605215609,0.00952720260102069,2.0638384763151407,0.5449005461996421
138240,-0.01457330971607007,0.035973968624603,1.9270644076168537,0.1988090635277331,0.006485900841653347,0.009272759140003473,1.4197992514818907,0.33599966298788786
139264,-0.004268990247510374,0.03683840326266363,1.6202321015298367,0.1448096251115203,0.01147413399303332,0.0006371564695655252,1.0331116896122694,0.1324250577017665
140288,-0.001023960649035871,0.037690105906222016,1.278491273522377,0.13739851908758283,-0.014471498900093138,0.002633561549373553,1.048607524484396,0.1423436168115586
141312,-0.003715128288604319,0.05545988318044692,1.5850294046103954,0.16623255657032132,-0.022372688486939296,0.0011785038041125517,0.7373867444694042,0.08648612326942384
142336,0.006537754030432552,0.043210690608248115,1.7667677700519562,0.20225955173373222,-0.0033120403240900487,0.008693938554642955,1.6222613267600536,0.326494331471622
143360,-0.0025679109676275402,0.03562475345097482,1.8077810555696487,0.16852359287440777,0.015073338698130101,0.008904691130737774,1.210038559511304,0.2549304235726595
144384,-0.004665838729124516,0.034153716871514916,1.766316268593073,0.17372497357428074,-0.009154693427262828,0.00032596316714261775,1.3171265050768852,0.17542734742164612
145408,-0.014010678729391657,0.02611038484610617,1.5038094222545624,0.1740966928191483,-0.00911149341845885,0.0023578158416057704,1.3713320270180702,0.18924215622246265
146432,-0.0007274273957591504,0.029329732817132026,1.023949122056365,0.08911474281921983,-0.011762177891796455,0.009613976502805599,2.299169536679983,0.4968670019879937
147456,-0.0053625481959898025,0.0360856099287048,1.2675360888242722,0.13104173284955323,0.010734601819422096,0.0002526750304241432,1.8244119565933943,0.40448940312489867
148480,-0.005314921465469524,0.02787330240244046,1.4449872747063637,0.1686334607657045,0.004404127976158634,8.091424457745688e-05,1.2271228283643723,0.14520965004339814
149504,-0.002693521397304721,0.03803158371010795,1.5727634355425835,0.18679667124524713,-0.010479747026693076,4.628312998278261e-05,1.3665508031845093,0.1845556041225791
150528,-0.002229292644187808,0.039829081739299,1.613511111587286,0.1875025792978704,-0.008228368373238482,0.002616286789816513,1.4367154128849506,0.22241114312782884
151552,-0.008020266614039429,0.03826939465943724,1.7152898721396923,0.1769185969606042,-0.010982476320350543,0.00785107505726046,2.1957492381334305,0.5363778485916555
152576,-0.0006239810318220407,0.06277238437905908,1.5437059924006462,0.15995896328240633,-0.007841126003768295,0.015715747416834347,2.3611153811216354,0.6659763026982546
153600,0.0029028472490608692,0.04235781473107636,1.3375441581010818,0.1592099335975945,0.02157148183323443,0.008107743473374285,1.9552676863968372,0.46764804562553763
154624,-0.008725963867618702,0.03484914981527254,1.6899864748120308,0.15867640310898423,0.008810155472019687,0.015862857399042696,1.7834604978561401,0.41738572623580694
155648,-0.0011442863760748878,0.048814390785992146,1.352554939687252,0.13842221233062446,-0.004990017834643368,0.012309327867114916,1.4386338666081429,0.21083188196644187
156672,-0.003124620154267177,0.03127647493965924,1.2895955219864845,0.13759169401600957,0.007960906688822433,0.011839085418614559,1.3723310343921185,0.20737057272344828
157696,-0.0039085696917027235,0.034545036032795906,1.444337822496891,0.15190017875283957,0.0015173069259617478,0.0015127575570659246,1.0232051108032465,0.13990777684375644
158720,-4.9462265451438725e-05,0.03361368348123506,1.453036516904831,0.1404451373964548,-0.00854036325472407,0.000755628447222989,1.1648568883538246,0.14717801520600915
159744,-0.008075267571257427,0.02251054922817275,1.7071801722049713,0.1632619551382959,-0.0033717858605086803,0.00014715945508214645,0.8142804596573114,0.08287025149911642
160768,-0.004933412819809746,0.03650816634763032,1.2556467428803444,0.15090167289599776,-0.02537516684969887,0.011276596538664307,1.7686639484018087,0.4035215023905039
161792,-0.0029112972842995077,0.04274004849139601,1.3979839086532593,0.15820360044017434,-0.000754050794057548,0.011177618231158704,1.4213215820491314,0.23237833846360445
162816,0.0009861998405540362,0.03331674763467163,1.5637379325926304,0.15451141260564327,-0.021298418869264424,0.0012718680409307126,1.079300882294774,0.15422732708975673
163840,-0.0054494544747285545,0.03565727564273402,1.6419342420995235,0.17956432467326522,-0.01262710359878838,0.009126639142778004,2.5308957137167454,1.0175586654804647
164864,0.0010793189576361328,0.04227421886753291,1.3258169032633305,0.13015234842896461,0.06023651213035919,0.0005602211349469144,1.7102392259985209,0.49156853929162025
165888,-0.00691933196503669,0.03291749343043193,1.3803819119930267,0.15763952722772956,-0.012543185061076656,0.014039067813428119,1.8342755660414696,0.2862834627740085
166912,-0.005779967177659273,0.028126318706199527,1.487343605607748,0.16247516963630915,0.0018206506501883268,0.002423225381789962,1.517953235656023,0.2347037699073553
167936,-0.009066826503840275,0.033372714824508876,1.5172417983412743,0.16018635127693415,-0.00623913443996571,0.00847815053202794,1.819406684488058,0.2966343881562352
168960,-0.005397329019615427,0.03535235906019807,1.5228230692446232,0.15669476939365268,0.0006760625838069245,0.0004449439393283683,1.1776409819722176,0.14528312953189015
169984,-0.009585734864231199,0.0334399658604525,1.5945952758193016,0.17016704939305782,-0.02560849318979308,0.00012336725308159657,1.5690274871885777,0.2476226375438273
171008,-0.006584480695892125,0.02915492677129805,1.14357103779912,0.11864598980173469,-0.0006214713503140956,0.012637056221137755,0.7351114870980382,0.08950050279963762
172032,-0.008941312829847448,0.02748893789248541,1.659383188933134,0.16226895852014422,-0.0035479014040902257,0.0005732439367420739,1.0578553043305874,0.11944338446483016
173056,-0.00011330046982038766,0.03293260670034215,1.6031875237822533,0.15211821533739567,-0.008133324037771672,4.5922349613647384e-05,0.9471839535981417,0.10757499583996832
174080,-0.01543598975695204,0.0280888065462932,1.7396762892603874,0.15956313861534,-0.005695925618056208,2.5583420665498124e-05,1.0553567335009575,0.13529645116068423
175104,-0.008383175707422197,0.03554932604311034,1.5553778558969498,0.15534434653818607,-0.018435673831845634,0.003361466257047141,1.7207447737455368,0.2857453138567507
176128,-0.01390266815724317,0.04544026684015989,1.6501810252666473,0.17167427064850926,-0.008495969013893045,0.023782107571605593,1.6299527920782566,0.3041268917731941
177152,-0.007519188249716535,0.03528724005445838,1.6416331119835377,0.15199355268850923,0.007035326678305864,0.0013734502863371745,0.9992608912289143,0.16780774295330048
178176,-0.0026173845399171114,0.027833739412017167,1.5957063399255276,0.14072703337296844,-0.007201653847005218,0.00022754223391530104,1.0485657844692469,0.1505972477607429
179200,-0.008121484483126551,0.01783405229798518,1.6107837073504925,0.1583236469887197,-0.007858960394514725,8.851039240198588e-05,0.9175175558775663,0.12213864759542048
180224,-0.0067532585526350886,0.020783433050382882,1.496211301535368,0.16900345496833324,-0.02446193210198544,0.0029483402213372756,1.2897012159228325,0.1987356785684824
181248,-0.01298278130707331,0.02719924389384687,1.1871631480753422,0.13408652879297733,-0.01622837437025737,0.0013790762313874438,1.2126604951918125,0.17058660555630922
182272,-0.001771231647580862,0.024110203434247524,1.2995481081306934,0.13188474345952272,0.003293853660579771,0.009770237738848664,1.219701362773776,0.2239926871843636
183296,-0.005942165444139391,0.02747419785009697,1.3210850767791271,0.16024055983871222,0.0021601620537694544,0.009690908420452615,1.8863571099936962,0.3504627668298781
184320,-0.0029421663493849337,0.03952773043420166,1.5568354614078999,0.1754412786103785,-0.01094331793137826,0.00949254067381844,1.914781104773283,0.42862032633274794
185344,4.389701643958688e-05,0.04505511908791959,1.4021264798939228,0.15121859963983297,-0.0012790149194188416,0.0028616344716283493,2.2381918728351593,0.5368119217455387
186368,-0.008446281659416854,0.03626393445301801,1.7239724323153496,0.18984328117221594,-0.017064913525246084,0.009244001608749386,2.8407333567738533,0.7358018532395363
187392,0.0016528236301383004,0.03871048259316012,1.5522692687809467,0.15434280829504132,0.03575213017757051,0.009497563762124628,2.0085885263979435,0.5200952552258968
188416,0.008801561139989644,0.025921670719981194,1.7047845162451267,0.19335781410336494,-0.010731386573752388,0.0009040302484208951,1.5032462403178215,0.23464824352413416
189440,0.006328132847556844,0.036880152532830834,1.4828612841665745,0.1850061621516943,-0.010903244576184079,0.0001230182136850999,1.0439749080687761,0.14305375865660608
190464,-0.023579779866850004,0.042023961315862834,1.2151012234389782,0.15992297139018774,-0.02665022379369475,0.0020029144752697903,2.1644616164267063,0.542217849753797
191488,-0.006577645632205531,0.0286271259537898,1.1221600584685802,0.1266431489493698,0.0029426253167912364,0.00910927307268139,2.261574663221836,0.6304953992366791
192512,-0.015624883322743699,0.034451002604328096,1.4705752059817314,0.18836321402341127,0.04517513094469905,0.00860932484465593,3.5114883705973625,1.0560301402583718
193536,0.0009173742437269539,0.05498776363674551,1.1176246404647827,0.11321374564431608,0.018225016770884395,0.01006862161011668,2.6707795187830925,0.4584077652543783
194560,0.002855142578482628,0.03940716094803065,1.2265347354114056,0.11242562136612833,0.016783424245659262,0.0006735409342581988,1.9488042034208775,0.17743219365365803
195584,-0.007497222541132942,0.03186102135805413,1.4316249452531338,0.16518616024404764,-0.011976000212598592,0.0028269741706026252,1.5436713322997093,0.14956984715536237
196608,-0.0010478180192876607,0.04592467111069709,1.5537698343396187,0.1759790387004614,-0.009006858133943751,0.01779187220381573,1.9615122936666012,0.36727238493040204
197632,-0.0008020214008865878,0.03785274538677186,1.6080230511724949,0.19061544258147478,0.007987419900018722,0.00946194911011844,2.1573049761354923,0.4694831734523177
198656,-0.0012698934588115662,0.047867840505205095,1.494736049324274,0.16322869528084993,-0.004809845268027857,0.006818754832238483,2.1960542537271976,0.3964010365307331
199680,0.0011198752035852522,0.041365056356880814,1.5491859056055546,0.14620689069852233,-0.0021334301127353683,0.0006125215923020733,1.2188959289342165,0.17565014236606658
200704,-0.010638831998221576,0.02982799062738195,1.4025790579617023,0.16596068814396858,-0.03865691550890915,0.005288834861858049,1.6712129451334476,0.31533836922608316
201728,0.0008771570865064859,0.04079903935780749,1.3765638247132301,0.16093345452100039,0.0026727376971393824,0.015809191230800934,1.7070448845624924,0.3139928416348994
202752,-0.000630414520855993,0.03824670711765066,1.3342765122652054,0.11703335400670767,0.010291076148860157,0.010066846894915216,2.644490696489811,0.5772409122437239
203776,-0.0066134931112173945,0.03517780656693503,1.4342981949448586,0.12512390571646392,0.005552307819016278,0.009321295819972875,2.4757795110344887,0.5000058058649302
204800,-0.0034169234422734007,0.03476122964639217,1.5254204906523228,0.15193868102505803,0.015250161581207067,0.0010783315719891107,1.4868528991937637,0.2471004370599985
205824,-0.01146114309085533,0.03517707926221192,1.5829305984079838,0.1761270617134869,-0.018258591037010774,0.002537092976126587,1.5441692993044853,0.2811976126395166
206848,-0.001053642321494408,0.05096271983347833,1.6233549527823925,0.18080771109089255,0.0020667299104388803,0.017389612112310715,2.512345988303423,0.5617829244583845
207872,-0.006959158868994564,0.04607099946588278,1.6235259808599949,0.15602297382429242,0.00205702253151685,0.009206890208588447,1.8991380855441093,0.3529757340438664
208896,0.0037654338229913265,0.027591068123001605,1.8461079746484756,0.17507128044962883,0.008562774601159617,0.0008012096159291104,1.0938022322952747,0.12860016548074782
209920,-0.006140744095318951,0.029114860633853823,1.8696159347891808,0.16889141872525215,-0.007345804770011455,0.00025195592911586573,1.0860569160431623,0.1283600120805204
210944,-0.008535847533494234,0.016389595839427784,1.36879812926054,0.15416007721796632,-0.03687412434373982,0.0026604678059811704,1.7066334933042526,0.29133266396820545
211968,-0.010923192319751251,0.0341118544456549,1.720738884061575,0.15135703468695283,-0.0064273205935023725,0.009609283195459284,1.6876305043697357,0.3963855276815593
212992,-0.0011363103112671524,0.02597060182597488,1.699179857969284,0.16636576363816857,0.004035567864775658,0.00025301684991063667,1.0576092712581158,0.18845719401724637
214016,0.002731072367168963,0.02066520700464025,1.5222441479563713,0.19066143222153187,-0.021139620570465922,8.549248366307438e-05,2.017484124749899,0.3816075106151402
215040,-0.009617002826416865,0.04357128206174821,1.445257380604744,0.15885469550266862,-0.023215682682348415,0.012963709988980554,2.570137392729521,1.018671243917197
216064,-0.008434439776465297,0.05994249298237264,1.14916130900383,0.11856109439395368,-0.0031055195431690663,0.017939541190571617,1.5751234255731106,0.29402711568400264
217088,-0.003797670651692897,0.03398264042334631,1.354240458458662,0.1842535398900509,-0.009554085467243567,0.0006679425014226581,1.5146263055503368,0.2955061348620802
218112,-0.007309005479328334,0.027611687022726983,1.170033760368824,0.17308568814769387,-0.012143635773099959,0.00016231983545367257,1.0284484308212996,0.12767152255401015
219136,-0.007636768990778364,0.03758848604047671,1.2897525988519192,0.1790164327248931,0.0062818342266837135,0.007933581860925187,2.891846776008606,0.9585767863318324
220160,-0.009834942204179242,0.03687088313745335,1.2019365802407265,0.1537820710800588,-0.005138779393746518,0.003073594672969193,2.2751333378255367,0.519405054859817
221184,-0.012583500327309594,0.020589296240359545,0.9314702209085226,0.09961628122255206,-0.013396729395026341,0.0008106937639240641,0.842009287327528,0.11578129138797522
222208,-0.00458520685788244,0.026898056035861373,1.2672067321836948,0.15960592590272427,-0.021814618026837707,0.00015391388433272368,1.0989497769623995,0.15637349477037787
223232,-0.009096079011214897,0.024335639434866607,1.2563109025359154,0.16010961635038257,-0.028209011390572414,0.00010469349319919274,0.6537011712789536,0.07277641352266073
224256,-0.007639482064405456,0.013070197077468038,1.3909493908286095,0.16627918742597103,-0.02132757578510791,6.0791695034367876e-05,0.5243436871096492,0.057935553952120245
225280,-0.022389738893252797,0.00915366284607444,1.4390967339277267,0.20176051557064056,-0.006163035781355575,0.003702828849782236,0.7649371344596148,0.08483552007237449
226304,0.0005145539762452245,0.03034695499809459,0.8465380221605301,0.0821832763031125,-0.03169866171083413,0.0016931203172134701,1.0125544490292668,0.1462921042693779
227328,-0.010462263220688328,0.03102221665903926,1.332428190857172,0.15276446286588907,-0.0037686826835852116,0.01846311436383985,1.7305065970867872,0.3714184556156397
228352,-0.003001131961354986,0.025489985826425254,1.1788634601980448,0.13224812550470233,-0.001353509840555489,0.0009531660589345847,1.3698272202163935,0.24849961651489139
229376,-0.009603942176909186,0.02797496528364718,1.1691454350948334,0.1428994252346456,-0.008194420268409885,0.00025989449977714685,1.0952781923115253,0.1417112892959267
230400,-0.01655508553085383,0.028136293636634946,1.0127362925559282,0.13548244652338326,-0.003248906956287101,0.002409020984032395,0.8354897862300277,0.10500255791703239
231424,-0.00044981645623920485,0.018651949852937832,1.3951123803853989,0.1888069724664092,-0.004299729480408132,0.007864857547247084,2.924913726747036,1.0222344240173697
232448,-0.004367484216345474,0.03816115373047069,1.3830610290169716,0.17562170512974262,-0.01954505400499329,0.016369508171919733,2.991603672504425,1.5041492320597172
233472,-0.0009250292132492177,0.03322250104974955,1.5142145790159702,0.16734584141522646,0.01500430636224337,0.010348194104153663,1.2906627338379622,0.3675729320384562
234496,0.0012599179026437923,0.03185634152032435,1.5953915119171143,0.16632020566612482,0.01485457390663214,0.0016851948003022699,0.4314840314909816,0.09130982775241137
235520,-0.006940999592188746,0.023462804034352303,1.3479605056345463,0.13411785196512938,-0.027170074987225235,0.006907982678967528,0.9774986561387777,0.21518463757820427
236544,-0.01142285171954427,0.029337500978726894,1.3685419410467148,0.14306188141927123,-0.006791514198994264,0.009565389264025725,1.2246071733534336,0.19409215496852994
237568,-0.012651228229515254,0.02869169897167012,1.2713873870670795,0.13552516675554216,-0.03518006217200309,0.0012288109719520435,1.3867471478879452,0.24942022236064076
238592,-0.0038075364427641034,0.031185532396193594,1.0471527501940727,0.11961432872340083,-0.008527468395186588,0.0002692429355732884,1.0611624829471111,0.19882265222258866
239616,-0.002876496990211308,0.028838155325502157,1.054706046357751,0.12236781790852547,-0.012865313154179603,0.0003712630596055533,1.1778951454907656,0.20218208665028214
240640,-0.033385042057489045,0.025369778042659163,1.273385263979435,0.17814401118084788,-0.043867634143680334,0.006437228206777945,0.892443835735321,0.15838466444984078
241664,-0.01231792003090959,0.020362713490612805,1.4717831537127495,0.1829624967649579,-0.0008063600398600101,0.011938803047087276,0.8389918180182576,0.1532252798206173
242688,-0.009018098149681464,0.024412652011960745,1.3661693707108498,0.14109684247523546,-0.008040185202844441,0.01576739869778976,2.016624014824629,0.4511795798316598
243712,-0.010303387127351016,0.03369778138585389,1.728839747607708,0.17553705628961325,0.010629916243487969,0.007852232989534969,2.0786527916789055,0.5317541994154453
244736,0.0010077322367578745,0.031203730090055615,1.489019401371479,0.14758056635037065,0.014406380243599415,0.000615166396528366,1.0665305219590664,0.2402316201478243
245760,-0.02128449438896496,0.04360126849496737,1.0855351276695728,0.10914430185221136,-0.025447236781474203,0.014206824882421643,0.834706399589777,0.148891837336123
246784,-0.017092793190386146,0.03243110160110518,1.2998472191393375,0.1350130324717611,-0.01087937579723075,0.016963492511422373,1.5485711339861155,0.3188484273850918
247808,-0.0027406306253396906,0.039859639829955995,1.665132962167263,0.15128008392639458,0.02645539559307508,0.00147234841278987,1.1325642140582204,0.3186539707239717
248832,-0.010514295718166977,0.0328793476219289,1.386719286441803,0.13349268399178982,-0.008322039298946038,0.0005754810899816221,0.7050456237047911,0.10386060178279877
249856,-0.008343980560312048,0.03301864000968635,1.473407194018364,0.1199966762214899,0.0028158004279248416,0.00026120870847989863,1.4357306212186813,0.23788979463279247
250880,-0.0109789211419411,0.04144643840845674,1.3201243951916695,0.16028779093176126,-0.02164042671211064,0.010923147761786822,1.3183375503867865,0.21741744177415967
251904,-0.013155553926480934,0.04859590413980186,1.3968752101063728,0.1769985817372799,0.007901009259512648,0.020765398803632706,1.2961600124835968,0.24331961502321064
252928,-0.001052185776643455,0.04883891879580915,1.6621300838887691,0.19740069890394807,-0.009125582058914006,0.01733099039120134,1.8507022261619568,0.36510374769568443
253952,0.003568589498172514,0.029012181446887553,1.921727605164051,0.18424088647589087,-0.003911033651093021,0.0006447408295571222,1.2925510797649622,0.25174680235795677
254976,-0.008767030434682965,0.022807177039794624,1.8253418244421482,0.14975824137218297,-0.022793398122303188,0.00029237341186671983,1.2810271065682173,0.2296702244784683
256000,-0.003118239459581673,0.0239399159909226,1.3237563073635101,0.13684790302067995,0.0027773985639214516,0.0022750088155589765,0.39798698760569096,0.04611284506972879
257024,-0.010533368040341884,0.038380789977964014,1.5182330571115017,0.16577595612034202,-0.0037756251986138523,0.00800257189257536,2.0806913152337074,0.4771787403151393
258048,-0.007726062278379686,0.03297204175032675,1.5488997399806976,0.14200840704143047,-0.002961515376227908,0.0002209907706856029,1.4104357734322548,0.288268412463367
259072,-0.003091219885391183,0.02765033149626106,1.3549114763736725,0.11400189925916493,-0.017065612264559604,0.00014544288569595665,1.2853297218680382,0.21093397494405508
260096,-0.010169861241593026,0.047621890902519226,1.0750083178281784,0.11223805136978626,-0.0050498045748099685,0.026989931793650612,1.452419999986887,0.22219421016052365
261120,-0.004538168490398675,0.03414570342283696,1.4527076296508312,0.18848893325775862,-0.008003853436093777,0.008999613040941767,0.9842582400888205,0.14736185234505683
262144,-0.0028328134503681213,0.031239208998158574,1.5462086610496044,0.16543478798121214,-0.012985628825845197,0.010158023120311555,1.956554103642702,0.42123127449303865
263168,-0.008010359306354076,0.03863754466874525,1.4562212117016315,0.13629502314142883,-0.0001548677682876587,0.0004150144372943032,1.64859314635396,0.3251896072179079
264192,-0.004354175020125695,0.038285961956717074,1.442034412175417,0.1322663826867938,-0.014488384782453068,0.008459449705696898,2.6532649993896484,0.9136030683293939
265216,-0.016978441941319034,0.033226712548639625,1.2090138643980026,0.12463227030821145,-0.04531121673062444,0.003292284915005439,2.5163387283682823,0.8778009423986077
266240,-0.0214241421490442,0.035859151801560074,1.0006508883088827,0.11972856614738703,-0.019555846403818578,0.001425441050741938,0.874266947619617,0.14584968145936728
267264,-0.004127466716454364,0.05100343015510589,1.1155268251895905,0.12881416990421712,-0.003868580562993884,0.0114648318849504,1.6288162842392921,0.3193975957110524
268288,-0.004106813139514998,0.039909671468194574,1.32548114284873,0.15244146762415767,0.012995163240702823,0.023926760826725513,2.0439077466726303,0.5380112524144351
269312,-0.0033953676756937057,0.02440014760941267,1.3237958066165447,0.13122103782370687,0.02469936100533232,0.001341806291748071,0.8654712876304984,0.2693174232263118
270336,-0.027543479154701345,0.014190584217431024,1.3758511133491993,0.1591637849342078,-0.008085403533186764,0.0028032994850946125,0.7342761363834143,0.1364591337624006
271360,-0.005265404673991725,0.02519416291033849,0.5480736820027232,0.05035342142218724,0.0017310702896793373,0.0009712929868328501,1.0687345005571842,0.1481120903044939
272384,-0.0037328681792132556,0.05663289257790893,1.477689303457737,0.16480772010982037,-0.007230589195387438,0.02809308987343684,2.1122588142752647,0.5020505720749497
273408,-0.011911113106179982,0.05956842890009284,1.3391521200537682,0.15127663034945726,0.017316512879915535,0.009102587984671118,2.0877785868942738,0.48690483160316944
274432,0.00023132296337280422,0.03146188467508182,1.3649074137210846,0.14989897469058633,0.031658337626140565,0.008606619932834292,2.0232298374176025,0.4411508236080408
275456,-0.005918091512285173,0.023118787677958608,1.2055922150611877,0.12107684416696429,-0.014606990444008261,0.0035535211500246078,1.6423020586371422,0.3517904207110405
276480,-0.004675709351431578,0.028407693200279027,1.340119931846857,0.1579813095740974,-0.003178354643750936,0.009505851479843841,2.2596363350749016,0.5359349371865392
277504,-0.004436301707755774,0.033450746443122625,1.311969704926014,0.15479173697531223,-0.00244741010828875,0.008992458871944109,3.2629148811101913,0.9131317045539618
278528,-0.008834033593302593,0.029759149299934506,1.276907291263342,0.1624217675998807,0.022864159400342032,0.00862357889127452,3.1124140955507755,0.9631894733756781
279552,-0.007995916996151209,0.03395251528127119,1.2907319776713848,0.15545695507898927,0.008887431060429662,0.017334572068648413,2.7389043495059013,0.8440969651564956
280576,-0.0019484490912873298,0.024965282587800175,1.1492841709405184,0.1253423464950174,0.035336244938662276,0.0032791848279885016,1.9185727573931217,0.48882022127509117
281600,-0.007518071113736369,0.02456848369911313,1.4616531506180763,0.17337680095806718,-0.002314744720933959,0.0009267636214644881,1.3673847075551748,0.29419040214270353
282624,-0.00652442044520285,0.018959328706841916,1.502297755330801,0.15385434962809086,-0.004910897667286918,0.009052586032339605,0.8875211337581277,0.12413596408441663
283648,-0.008966970955953002,0.021649509872077033,1.6445804946124554,0.16334493411704898,0.0032727334182709455,0.00945949957895209,1.5894314385950565,0.28581527993083
284672,-0.009640166492317803,0.023294406419154257,1.4302584454417229,0.14136054832488298,0.0063129116024356335,0.00017143417630904878,1.6816516369581223,0.28507953602820635
285696,-0.006668004934908822,0.02742257877252996,1.231822595000267,0.13837068085558712,-0.04728745014290325,0.006242592047783546,1.499558962881565,0.27342815580777824
286720,-0.00984225257707294,0.022400225221645087,1.3071835041046143,0.17547842487692833,-0.013609979156171903,0.0007330081116379006,1.1695058140903711,0.15717606176622212
287744,-0.014851010564598255,0.02590705268085003,1.2570144459605217,0.14377372711896896,-0.01144332077819854,0.009316876792581752,2.4049358032643795,0.5149494400247931
288768,-0.009655275833210908,0.037911158869974315,1.1941115856170654,0.134824343258515,0.02402893509133719,0.00022162969901273755,1.7100622542202473,0.3938983865082264
289792,-0.019179790309863165,0.020394778694026172,1.435261782258749,0.1852209335193038,-0.032569113187491894,0.0003399089007416478,0.8129951618611813,0.09192904899828136
290816,-0.004596563900122419,0.0151933099841699,0.7450396865606308,0.08694086992181838,-0.006642909691436216,0.0024696817836229457,1.154910547658801,0.2671213918365538
291840,-0.004130918314331211,0.04488668928388506,1.0529116280376911,0.13482577935792506,-0.014468748035142198,0.017192948565934785,2.27006072178483,0.5683073182590306
292864,-0.004785730641742703,0.04164196574129164,1.2558747678995132,0.15637341933324933,0.005757026461651549,0.023983380015124567,1.7850935235619545,0.4353717998601496
293888,-0.0125914245727472,0.024626211379654706,1.3174761086702347,0.1783204125240445,-0.029015841864747927,0.0009599362256267341,1.0774848330765963,0.1821684236638248
294912,-0.013691587766516022,0.01799576691701077,1.4453081265091896,0.1755312653258443,-0.0003166239184793085,0.0011922020003112266,0.2572417319752276,0.02157204324612394
295936,-0.011785939132096246,0.03815082926303148,1.1787306182086468,0.15187450591474771,0.0007384710479527712,0.009947897320671473,0.4424995672889054,0.07329861063044518
296960,-0.003886500562657602,0.027943816618062556,1.1482075899839401,0.12867794604972005,0.007677325076656416,0.00840105278257397,2.6149425841867924,0.8604807588271797
297984,-0.009210481366608292,0.0405436500441283,1.1232407242059708,0.13938739174045622,0.0025549097917973995,0.007744192364043556,2.860042739659548,0.8058668673038483
299008,-0.008354695601155981,0.03414263657759875,1.1358234845101833,0.13359285285696387,0.011542898282641545,0.00022289365688266116,1.6776440627872944,0.4116406161338091
300032,-0.002879601757740602,0.02735308394767344,1.1841368190944195,0.15117447800002992,0.0026435269974172115,0.010269176957081072,1.0071176569908857,0.1567221856676042
301056,-0.008819839073112234,0.020343003183370456,1.3358973674476147,0.16378922574222088,-0.005012785200960934,0.0006246750499485643,1.4007513858377934,0.22678489796817303
302080,-0.014565756573574618,0.01834646100178361,1.4924267493188381,0.18706380436196923,-0.004777307418407872,0.0003792289389821235,1.0779366847127676,0.12792912661097944
303104,-0.018666268355445936,0.026884251448791474,1.3762076497077942,0.1714657349511981,-0.0048711844719946384,0.009125523934926605,1.6096172109246254,0.25490639079362154
304128,-0.01185572180111194,0.0235131821827963,1.131936239078641,0.13149008038453758,0.008287932490929961,0.0005679828464053571,1.3785465881228447,0.19888605270534754
305152,-0.014706147121614777,0.029640023014508188,1.4090096093714237,0.18495983816683292,-0.036694443435408175,0.004967090755599202,1.7783176023513079,0.3912859386764467
306176,-0.007785038469592109,0.03173637791769579,1.05819202773273,0.1272907997481525,-0.032345629384508356,0.008803457814792637,1.6952463444322348,0.44735531182959676
307200,-0.0002537564723752439,0.03057980042649433,1.043986340984702,0.1322393377777189,0.01916761271422729,0.002715133614401566,1.2464019292965531,0.40477601322345436
308224,-0.008488664141623303,0.02012202053447254,1.0683298632502556,0.12847381527535617,-0.023521430033724755,0.001373660370518337,0.7353760180994868,0.13240397395566106
309248,-0.005307060229824856,0.026683768606744707,1.2432060427963734,0.15439335349947214,-0.036173909524222836,0.0006730214845447335,0.9201114233583212,0.22746235644444823
310272,-0.012242882716236636,0.02445885632187128,1.1178611535578966,0.14231338375248015,-0.05698091449448839,0.003730343232746236,2.1869000662118196,1.0206043482758105
311296,-0.0052652004233095795,0.015568005735985935,1.0851338021457195,0.1393437865190208,-0.0019571299344534054,0.0004900106523564318,0.3342392253689468,0.047119305352680385
312320,-0.0055371400085277855,0.04622433194890618,1.048538127914071,0.11515422468073666,0.020626222132705152,0.04718835366657004,2.129441626369953,0.6467655035667121
313344,-0.006917314894963056,0.020659379137214273,1.3407707922160625,0.1591301062144339,0.0252464119985234,0.000588417936796759,0.9596813321113586,0.27390774281229824
314368,-0.0021760358940809965,0.011506954731885344,1.302896112203598,0.1560222706757486,-0.014190142625011504,0.00045537984851762303,1.1733233835548162,0.2969206655398011
315392,-0.017864520516013727,0.025877319218125194,1.3145381435751915,0.1716563208028674,-0.02645199121616315,0.01056899892137153,0.6979058822616935,0.23447938065510243
316416,-0.014131016476312652,0.03262431267648935,1.2007226310670376,0.14740972593426704,-0.013140172173734754,0.019618962847744115,1.740470990538597,0.40013063745573163
317440,-0.007013554888544604,0.029704695276450366,1.2611897848546505,0.1528329225257039,0.0020621094008674845,0.011607384563831147,1.0462517216801643,0.19191411510109901
318464,-0.003019099764060229,0.030581388680730015,1.199296124279499,0.14511421415954828,0.028234769517439418,0.0023118928729672916,1.0872952174395323,0.25840028026141226
319488,-0.004461460455786437,0.0287608306389302,1.1671323850750923,0.14524445892311633,-0.006161764555145055,0.00042839922116399975,1.024936193600297,0.11806039744988084
320512,-0.010564847063506022,0.03057299822103232,1.2629190795123577,0.15367897087708116,-0.012662475084653124,0.010609013297653291,0.8685881420969963,0.1158265897538513
321536,-0.007714021718129516,0.033423147979192436,1.3376840762794018,0.17373248236253858,-0.019805293733952567,0.018956597821670584,1.7228342294692993,0.3991835918277502
322560,-0.005806467132060789,0.03563571226550266,1.242180299013853,0.15464698523283005,0.019005245645530522,0.009545041477394989,2.137593522667885,0.4719460606575012
323584,-0.0031291926134144887,0.03423115808982402,1.1811308972537518,0.1470442432910204,-0.002697455114684999,0.008858455530571518,2.9238368943333626,0.6902061514556408
324608,-0.0018924640025943518,0.05303855787497014,1.194194596260786,0.1381674676667899,0.015870168164838105,0.0005686312842954067,1.9283192455768585,0.36567015340551734
325632,-0.022545263404026628,0.02607806504238397,1.057980913668871,0.12926574191078544,-0.0073479830753058195,0.010932336168480106,1.9333659410476685,0.3883550609461963
326656,-0.00856884810491465,0.023065476852934808,0.9502447880804539,0.10800688923336565,-0.015127802646020427,8.984104272258264e-05,1.8440896905958652,0.32375935884192586
327680,-0.0056796757417032495,0.008022986250580288,1.7381339743733406,0.22175931744277477,-0.004155698872637004,0.00010431201491201136,1.2852754723280668,0.16500594280660152
328704,-0.003229066773201339,0.01704070609412156,1.251133419573307,0.14062603726051748,-0.008652771299239248,0.009454656748857815,2.691432408988476,0.8720283964648843
329728,-0.013799055275740102,0.020931025326717645,0.7920733951032162,0.0899940098170191,0.011600685073062778,7.618042964452343e-05,1.9631418026983738,0.36114952294155955
330752,-0.024833044670231175,0.04412815865362063,1.2728554606437683,0.17117402283474803,-0.016990377713227645,0.02082424014224671,1.7781675457954407,0.3702407996170223
331776,-0.009000692749395967,0.043895688373595476,1.3952364772558212,0.18029071716591716,-0.017657672462519258,0.01895461740787141,3.007454939186573,0.9810471553355455
332800,-0.004988358559785411,0.029544791614171118,1.166958298534155,0.13312681717798114,0.03163559254608117,0.00016523669103207794,1.5546918921172619,0.29725674353539944
333824,-0.007133214487112127,0.02336000488139689,1.216973826289177,0.1453416612930596,-0.013410735060460865,0.00014575072464140248,2.178775444626808,0.3963118172250688
334848,-0.005969427904346958,0.020514318195637316,1.0925293993204832,0.12179933092556894,-0.006859783286927268,5.102696781023042e-05,1.8236136846244335,0.31344206631183624
335872,-0.01721394783089636,0.02689914929214865,1.2633428759872913,0.15635809861123562,-0.02082818141207099,0.011669885876472108,2.3477993234992027,0.5986293694004416
336896,-0.016742516934755258,0.03029251896077767,1.2985498793423176,0.15844511473551393,-0.013933883950812742,0.009609800220914622,2.7168466672301292,0.8895961372181773
337920,-0.002349678848986514,0.03316753637045622,1.2126020938158035,0.16551236947998405,0.014810769265750423,0.016946904121141415,2.7761156782507896,0.7671884261071682
338944,-0.00187953221029602,0.03298714698757976,1.0636968947947025,0.11944788764230907,0.025653192162280902,0.0004783400545420591,1.3991628512740135,0.30021659284830093
339968,-0.004659099038690329,0.03207255632150918,1.2475308813154697,0.14874865021556616,-0.0026579842378851026,2.8853663621930536e-05,1.085002914071083,0.1699533408973366
340992,-0.005869644519407302,0.03477524529444054,1.1055783219635487,0.13902680482715368,-0.04079398504109122,0.0036397998810571153,1.2802885733544827,0.24335792032070458
342016,-0.0014714506978634745,0.036490438506007195,1.1813914887607098,0.13886973052285612,0.00505963500472717,0.009395832998052356,1.8364190459251404,0.38179776445031166
343040,-0.003360036891535856,0.031576781475450844,1.157500533387065,0.1421025786548853,0.01976608973927796,7.632563858805952e-05,1.5369801856577396,0.2813976905308664
344064,-0.004918157821521163,0.02710821310756728,1.1529985312372446,0.14414031896740198,-0.004289743141271174,3.925849228014755e-05,1.3490510433912277,0.1399922303389758
345088,-0.017139246032456867,0.023498653492424637,1.1378810349851847,0.15155094536021352,-0.0008623307512607425,0.002651213499575533,1.4904538989067078,0.16078841453418136
346112,-0.0012704208202194422,0.008612690056907013,0.5923491436988115,0.06615559523925185,-0.010312082420568913,0.00010947438840958057,1.4658038020133972,0.22298392560333014
347136,-0.006722891761455685,0.03496453369734809,0.97779555991292,0.11317288898862898,-0.01042533852159977,0.009696197028461029,2.2313662320375443,0.4784920131787658
348160,-0.008284538445877843,0.03376953030237928,1.175054669380188,0.1453132126480341,0.0007282799633685499,0.009244787608622573,2.9476626589894295,0.8557691965252161
349184,-0.006337067403364927,0.03708732931409031,1.108383934944868,0.14489808958023787,0.03263993049040437,2.7384970167076972e-05,1.9403227232396603,0.49138335697352886
350208,-0.0029400486819213256,0.02791104483185336,1.0439540538936853,0.14048347086645663,-0.038234194595133886,0.0053303197273635305,1.7922737710177898,0.5259309462271631
351232,-0.006174020149046555,0.044710310408845544,1.3081631921231747,0.18344622990116477,-0.02278007211862132,0.018205971689894795,1.7991491965949535,0.3233615243807435
352256,0.0030565935012418777,0.027305869560223073,1.1892255507409573,0.17824516678228974,-0.0017477893561590463,0.0001648585139264469,1.5392515435814857,0.28677012911066413
353280,-0.004265543451765552,0.03501393843907863,1.2463229969143867,0.1628321809694171,-0.002657436052686535,9.862681451977551e-05,1.6579296365380287,0.29298696713522077
354304,0.001007390470476821,0.030162318551447242,1.1611439138650894,0.15876237722113729,-0.014699089355417527,0.009415001113666221,2.795496344566345,0.8107237247750163
355328,-0.009369146486278623,0.033446231682319194,1.1348121352493763,0.15265842899680138,0.0034504521463532,0.003973290313297184,2.1472009122371674,0.5745399296283722
356352,-0.013061505989753641,0.025949458358809352,1.2001643404364586,0.16133095789700747,-0.0012986691581318155,0.00034885747209045803,1.2794217392802238,0.20324084348976612
357376,-0.004810759128304198,0.025343201064970344,1.2717680148780346,0.16396707855165005,-0.006109184643719345,0.00013795487279821828,1.6538753658533096,0.19644376961514354
358400,-0.016508659202372655,0.01916995132341981,1.2688365280628204,0.166059416718781,-0.014148756657959893,5.5548875707245315e-05,1.6723785772919655,0.17942787008360028
359424,-0.013810936419758946,0.02011802705237642,1.3714297227561474,0.18595122871920466,-0.002759974478976801,3.123851220721008e-05,1.725756425410509,0.19116980116814375
360448,-0.009544317712425254,0.04227477579843253,0.9896106757223606,0.1245987443253398,-0.012940866203280166,0.011879160272656009,1.5922546572983265,0.20913719735108316
361472,-0.006939547252841294,0.03068343090126291,0.9921149294823408,0.1233353887218982,-0.004537047119811177,0.009289628463193367,2.4266705960035324,0.5585557417944074
362496,-0.0060549904010258615,0.029637967178132385,1.1487067863345146,0.15553773986175656,0.008863302122335881,0.00011424908893786778,1.6284424997866154,0.2814069767482579
363520,-0.004889539559371769,0.026625563274137676,1.3866052329540253,0.18731715204194188,-0.00964913671487011,0.009206226710375631,1.9902348779141903,0.3996102246455848
364544,-0.013074564179987647,0.03709255356807262,1.2161160111427307,0.15819571493193507,0.011207936040591449,0.00023138082610785204,1.9845951311290264,0.40914776222780347
365568,-0.006406578730093315,0.033310808648820966,1.1262812428176403,0.1427350400481373,-0.01750874108984135,0.0039018824390950613,1.1922787837684155,0.18234440684318542
366592,-0.00259849957365077,0.03384536091471091,1.1363849081099033,0.17335997708141804,-8.554512169212103e-05,0.0007036709066596813,1.426131084561348,0.2420104625634849
367616,-0.003074566659051925,0.033921334659680724,1.065922450274229,0.1601141756400466,-0.012467424530768767,0.0004249304038239643,1.2260948605835438,0.1651963060721755
368640,-0.001177226338768378,0.020334873668616638,1.1018427610397339,0.14272430026903749,-0.01029260375071317,0.00021676486858268618,1.3860333859920502,0.19505056785419583
369664,-0.005932044557994232,0.02154006453929469,1.1856342107057571,0.14975371165201068,-0.007441908324835822,5.2975572657487646e-05,1.1669669449329376,0.148556960048154
370688,-0.005141848276252858,0.02207275031832978,1.20493645966053,0.17371771158650517,-0.03056504626874812,0.003311032183773932,1.0637164618819952,0.1425083684735
371712,-0.0023708054795861244,0.02608825109200552,1.2661608420312405,0.16221600538119674,-0.0382082530122716,0.0011666336849884829,1.0289969462901354,0.13901343708857894
372736,-0.005648776859743521,0.03319427830865607,1.368544727563858,0.18093554209917784,-0.013454176776576787,0.018714505138632376,2.3982309624552727,0.5986167071387172
373760,-0.0039725768292555586,0.033304735203273594,1.0714478977024555,0.13323612953536212,0.018014850706094876,8.370841575811028e-05,1.4862880110740662,0.3724353457801044
374784,-0.004500654729781672,0.022279792872723192,1.2594116665422916,0.16057348903268576,-0.022045948018785566,8.17649321902536e-05,1.2776400037109852,0.21198478154838085
375808,-0.011414806824177504,0.025908314157277346,1.0043445527553558,0.13212986546568573,-0.012035864754579961,0.012664153153309599,1.3605332747101784,0.20954445144161582
376832,0.0005211742536630481,0.02990311069879681,1.0843165963888168,0.14281189674511552,-0.0034452293475624174,0.007725488032519934,2.048330169171095,0.39663260616362095
377856,-0.0007554599142167717,0.021099449513712898,1.1433887779712677,0.1551488374825567,0.0085462142014876,0.007597805510158651,2.537820480763912,0.5703636836260557
378880,-0.00784654263406992,0.03283888736041263,1.2596023716032505,0.16191167058423162,0.01569253212073818,0.0005918693714193068,1.3682580180466175,0.2249087281525135
379904,-0.011711662315065041,0.01482911771745421,1.1935063786804676,0.15091975824907422,-0.01904368953546509,0.00040804014815876144,1.1786906756460667,0.14396033342927694
380928,-0.013150225771823898,0.02947754447814077,1.111072713509202,0.14302666881121695,-0.016290552244754508,0.01724776523769833,1.2475231792777777,0.18141013360582292
381952,-0.0019761990406550467,0.02674667304381728,1.0598122086375952,0.13918301835656166,0.019714541907887906,0.0028189693148306105,1.189210381358862,0.20254778605885804
382976,-0.007501358471927233,0.02445559366606176,1.3025735095143318,0.17263653595000505,-0.016139369923621416,0.000802958192252845,1.063106507062912,0.12959711533039808
384000,-0.00794233578199055,0.03162591706495732,1.2052598111331463,0.1519165555946529,-0.01337599876569584,0.00042755782988024293,1.197170339524746,0.1324668563902378
385024,-0.015363876591436565,0.025596525170840323,1.2707816027104855,0.1656410419382155,-0.012274973560124636,0.0029757883785350714,1.2434856370091438,0.16632887325249612
386048,-0.009828282578382641,0.02457498974399641,1.1045632027089596,0.14102247636765242,-0.05131988751236349,0.006294907245319337,1.0058419741690159,0.15858216537162662
387072,-0.0032639703422319144,0.029190922039560974,1.233016312122345,0.15858987672254443,-0.012796063354471698,0.00941229105956154,2.0396421886980534,0.4115727124735713
388096,0.0010344798502046615,0.03656187403248623,0.9730710182338953,0.10703062801621854,-0.004968035500496626,0.005068075191957178,2.090394254773855,0.4043738767504692
389120,-0.010636784340022132,0.04142609308473766,1.2775928489863873,0.16443966561928391,-0.014155202254187316,0.00943199309767806,2.737283617258072,0.7276878217235208
390144,-0.038848383439471945,0.014624390954850242,1.405572708696127,0.2131332610733807,0.005406389565905556,0.002639870155690005,2.641782946884632,0.647415048442781
391168,-0.007293357659364119,0.038535085099283606,0.93845727853477,0.11829120106995106,-0.005320101365214214,0.011597807992075104,1.349190779030323,0.19167041731998324
392192,-0.004319609681260772,0.04881595564074814,0.9775112997740507,0.12522850977256894,-0.010975869692629203,0.009952716569387121,2.170545857399702,0.3419076092541218
393216,-0.0017116457020165399,0.04051841516047716,0.9901022780686617,0.1319804156664759,-0.0011973512300755829,0.0001847330636337574,1.6085103750228882,0.22951203025877476
394240,-0.007899943011580035,0.031210779503453523,1.0324406288564205,0.12451173597946763,-0.023917557613458484,5.95099305442659e-05,1.2340932302176952,0.14769094227813184
395264,-0.00740547533496283,0.02694597328081727,1.0547840129584074,0.1251581567339599,-0.020714420854346827,0.002809313857142115,1.1352615654468536,0.1479168029036373
396288,-0.002652557333931327,0.036220113455783576,1.174451107159257,0.13134596892632544,-0.0196172378200572,0.015903191742836498,2.373951628804207,0.5125906085595489
397312,-0.009674217668361962,0.03294568363344297,1.3648503124713898,0.17178854113444686,0.009540582250338048,0.010758053958852543,1.7577784471213818,0.34658594615757465
398336,-0.00047876569442451,0.02311989350710064,1.2899529971182346,0.15010454459115863,-0.0011079529795097187,7.586650815483154e-05,1.0923170112073421,0.14950721035711467
399360,-0.009725609794259071,0.02345797949237749,1.5030738078057766,0.1653699823655188,-0.0073708244890440255,0.009801993142900756,1.411510782316327,0.23418857343494892
400384,-0.02468885098642204,0.023903201625216752,1.3859722763299942,0.17611918691545725,-0.026434016996063292,0.0060275082651060075,2.0439449809491634,0.4521289300173521
401408,-0.013978069589938968,0.04155324527528137,1.055674523115158,0.11866542813368142,0.012594469939358532,0.017364131577778608,2.018916081637144,0.45712553011253476
402432,-0.011275086493697017,0.04046268860111013,1.1915118545293808,0.14286551112309098,0.007006350002484396,0.017845829119323753,1.7649964168667793,0.34301093267276883
403456,-0.0055838086700532585,0.02127116161864251,1.329988181591034,0.1659392025321722,-0.00720495663699694,0.0003104698539573292,1.3324259016662836,0.2491763832513243
404480,-0.009630188549635932,0.025083692802581936,1.4227791726589203,0.1689141346141696,-0.024921591015299782,0.00013791401875096199,0.9374307692050934,0.14148143492639065
405504,-0.016148343405802734,0.023154548194725066,1.2154257334768772,0.15009410167112947,-0.015195181535091251,0.0028761056983057642,1.168996874243021,0.2345687944907695
406528,-0.004839911038288847,0.033843584707938135,1.0633587967604399,0.13434851658530533,-0.01835854197270237,0.01846153685619356,2.5990316048264503,0.7537559829652309
407552,-0.0055320802493952215,0.037133228208404034,1.0740212388336658,0.12447043252177536,0.04717275610892102,0.009190478887830977,3.6106672510504723,1.1729343626648188
408576,-0.0036159034352749586,0.02527590171666816,0.8321234695613384,0.0955523457378149,-0.003414909675484523,0.0005166338160051964,1.2953290175646544,0.18774776812642813
409600,-0.011267437686910853,0.038950413872953504,1.0358936935663223,0.13903481792658567,-0.0027591946127358824,0.0002487293432977822,1.9997116103768349,0.2913631689734757
410624,-0.013846135203493759,0.02625218575121835,0.9670845493674278,0.12897339300252497,-0.00945039009093307,0.002364062524975452,1.2432734295725822,0.15527286590076983
411648,-0.028703091986244544,0.02378112997394055,1.1388186886906624,0.14645891939289868,-0.006543431984027848,0.0001654722922808105,1.09222780354321,0.1286061085993424
412672,-0.010735359814134426,0.026117993518710136,1.0098615679889917,0.12560081342235208,-0.009765452530700713,0.010080558193294564,3.036992523819208,0.8927874439395964
413696,-0.012755795527482405,0.03416739369276911,0.9813662059605122,0.13207494374364614,0.015076912590302527,0.0008532710126019083,1.915267363190651,0.38571873027831316
414720,-0.015021138417068869,0.026257074146997184,1.0778223127126694,0.1479358351789415,-0.0038000689237378538,3.1497370141408965e-05,1.492693793028593,0.18779181083664298
415744,-0.00849819068389479,0.023952643270604312,1.1634900160133839,0.15984967863187194,-0.028014247014652938,0.0036552197834680555,1.2598399575799704,0.18548357440158725
416768,-0.014980093634221703,0.03686883137561381,1.2853056751191616,0.16651324555277824,-0.0020188600465189666,0.00017863378138827102,1.9373733140528202,0.36980249267071486
417792,-0.0027403907297411934,0.034359312267042696,1.027138041332364,0.12281630584038794,-0.02193068858468905,1.302089448884658e-05,1.44422098249197,0.21268480038270354
418816,0.0036893852229695767,0.039067970879841596,1.1315344721078873,0.13275667745620012,-0.0013730780337937176,1.2312725061747187e-05,0.9816057737916708,0.12398480670526624
419840,-0.0038220041315071285,0.036874798708595335,1.206157498061657,0.14523432473652065,-0.01910492029855959,1.4655230387461415e-05,0.9869452174752951,0.11998192314058542
420864,-0.0019675845105666667,0.03307388460962102,1.1173540763556957,0.14403106342069805,-0.04221298256015871,0.004463684468646534,1.8601938635110855,0.4176323590800166
421888,-0.008324049471411854,0.02742009930079803,1.101268582046032,0.14054359402507544,0.002695427247090265,2.224025848107658e-05,1.9537847340106964,0.38959111738950014
422912,-0.0028548100090119988,0.03301398584153503,1.0842511430382729,0.13575023575685918,0.0032560155959799886,4.250110725934064e-05,1.3448278605937958,0.14308753050863743
423936,-0.01235347179317614,0.029415501456242055,0.8974750768393278,0.10979892034083605,-0.0010412950941827148,7.368194615331447e-06,2.0553069822490215,0.18995085614733398
424960,-0.005099106259876862,0.04844666505232453,0.8935791961848736,0.10628151812124997,-0.01486401297734119,8.430970575901142e-06,3.656575530767441,1.0780542884021997
425984,-0.013521412693080492,0.04551472282037139,1.4133794344961643,0.19021027954295278,-0.02747358288615942,0.012635705526918173,1.648546602576971,0.3268658919259906
427008,-0.012266129124327563,0.04569773026742041,1.4881394356489182,0.1938962829299271,-0.007870893430663273,0.009523622738925042,3.184573620557785,1.2244994398206472
428032,0.002538261775043793,0.03347091289469972,1.1899416632950306,0.16925485711544752,0.04026540330960415,3.295305495498724e-05,1.9381914474070072,0.5753909382037818
429056,-0.012076437240466475,0.029921053675934672,1.1106281895190477,0.13334781909361482,-0.0083960750780534,0.0005140577159181703,1.4746420830488205,0.18971193162724376
430080,0.0016468643880216405,0.040475969202816486,0.9769963938742876,0.10969556518830359,-0.021808813631650992,0.004118040218600072,2.168025456368923,0.4798350161872804
431104,-0.00237952615134418,0.04130592831643298,1.1558078601956367,0.17340313317254186,-0.035810994122584816,0.01237836715154117,2.7607844918966293,0.7950181635096669
432128,-0.001779743717634119,0.04399432893842459,1.353343952447176,0.17007229756563902,-0.0022398443543352187,5.414707567297228e-05,2.0322370678186417,0.3041854272596538
433152,-0.011947212478844449,0.037720857944805175,1.2230513766407967,0.14616758562624454,0.001328566373558715,0.009075922251213342,1.7786578610539436,0.2520977291278541
434176,-0.007615830953000113,0.036434821551665664,1.044154405593872,0.10918445978313684,-0.007269711699336767,8.650503309581836e-05,1.804822999984026,0.2505744486115873
435200,-0.02714952189126052,0.04602965177036822,0.9672508463263512,0.11007523885928094,-0.004849387041758746,0.003431789966271026,1.7751433812081814,0.28258005948737264
436224,0.002980375589686446,0.04608934331918135,1.5589366741478443,0.20980640640482306,-0.017901375686051324,0.01750597797217779,1.8438530042767525,0.37765027955174446
437248,-0.0010560521914158016,0.03379623597720638,1.343316700309515,0.15916231600567698,0.02097788199898787,0.00048272810090566054,1.6264482736587524,0.3470477689988911
438272,-0.0074481486808508635,0.03051635838346556,1.4712708666920662,0.16828002827242017,-0.02297414600616321,7.980836733167962e-05,1.25987184420228,0.1757540046237409
439296,-0.01860660527017899,0.024347755301278085,1.3088853619992733,0.1527836574241519,-0.02479852929536719,3.476528542023516e-05,1.499999113380909,0.2524066981859505
440320,-0.010444295563502237,0.02554634731495753,1.3047473318874836,0.1666711401194334,-0.034120765631087124,0.003648843634437071,1.3016238026320934,0.25637864391319454
441344,-0.00027601607143878937,0.03582488279789686,0.9724510256201029,0.11222898703999817,-0.015929811052046716,0.010850278689758852,1.671895820647478,0.4122281549498439
442368,-0.004849255215958692,0.03334485157392919,1.1025902517139912,0.15273146564140916,-0.009731655940413475,0.00011315331482819602,2.4436167739331722,0.5948861679062247
443392,-0.007530358096119016,0.030881215818226337,1.229617901146412,0.16276265680789948,0.025124948238953948,1.399147067360218e-05,1.8637045435607433,0.2645594752393663
444416,-0.0003105072246398777,0.027701226877979934,1.2447729483246803,0.15781755885109305,-0.05806350169586949,9.939947837267482e-06,1.7666775807738304,0.20205324701964855
445440,-0.01459676050581038,0.03652490582317114,1.2154465392231941,0.15312374476343393,-0.02436610881704837,0.0021027442380727734,1.2056139186024666,0.23326959065161645
446464,0.006218932830961421,0.016641056048683822,1.6121613308787346,0.21785413846373558,-0.03938266483601183,0.0005317052264217637,2.194228577427566,0.6581988718244247
447488,-0.003975240993895568,0.07020700699649751,1.1997427456080914,0.1633345428854227,0.0039267549000214785,0.009640112031775061,2.526315286755562,0.7948684338480234
448512,-0.007619571522809565,0.04744255181867629,1.0936776846647263,0.13511351449415088,0.004539946748991497,0.0101665593792859,2.5005804151296616,0.6059391517192125
449536,-0.006200466130394489,0.046674594515934587,1.1461375504732132,0.13526494638063014,0.007598309341119602,0.0002574861315451926,2.417766973376274,0.5823676520958543
450560,-0.003044828583369963,0.0373315493343398,1.1955811381340027,0.16137206461280584,-0.015492027698201127,0.011920815275516361,1.803191788494587,0.35669921385124326
451584,-0.004952584320562892,0.028592699149157852,1.1781926937401295,0.16507395450025797,0.003007260209415108,0.00845599039712397,2.0969115905463696,0.4351427052170038
452608,-0.010616564526571892,0.02949865924892947,1.1958199217915535,0.1430895603261888,-0.017471301602199674,0.00012875896175046364,1.3281194232404232,0.2312295795418322
453632,-0.003421444009291008,0.0235472873901017,1.3602575175464153,0.17139118490740657,-0.012790664928616025,9.084624576871647e-05,1.468369085341692,0.2764420062303543
454656,-0.007410768885165453,0.031040494213812053,1.2973646372556686,0.1535282894037664,-0.00040737297968007624,0.01737590525954147,2.126243382692337,0.5328734214417636
455680,-0.01426804790389724,0.01832411185023375,1.0974076073616743,0.14444779185578227,-0.04883315629558638,0.0034031299910566304,2.0114336274564266,0.6094841151498258
456704,-0.01225266937399283,0.025782493350561708,1.347892127931118,0.19081952795386314,0.006663517327979207,0.016024721211579163,2.373997375369072,0.9041887959465384
457728,-0.008734801071113907,0.04170743655413389,1.462545931339264,0.1661363416351378,-0.00695203646318987,0.01904009086865699,2.600573480129242,0.8385158563032746
458752,-0.005582557001616806,0.02021857028012164,1.5441756211221218,0.16365323727950454,0.05421865270182025,0.00030016068421900854,1.6158307120203972,0.4556632088497281
459776,-0.005826091801282018,0.023075570759829134,1.6053568832576275,0.14306017034687102,-0.005263410130282864,0.00010255617735310807,0.8173303101211786,0.10749396029859781
460800,-0.02327772611170076,0.014378125022631139,1.2482987307012081,0.15200481680221856,-0.027836594526888803,0.006504435878014192,1.3108709547668695,0.2386830763425678
461824,-0.0035583619464887306,0.04190936003578827,0.975088020786643,0.09910540888085961,-0.0027118524303659797,0.009583818828104995,2.2601866461336613,0.4776323698461056
462848,-0.005767763941548765,0.03340214764466509,0.9713130202144384,0.1055077537894249,-0.003653895793831907,0.0002182889197683835,2.5482175275683403,0.5774279898032546
463872,-0.008801252552075312,0.032238284999039024,1.0551041327416897,0.1224566854070872,-0.023016449762508273,9.677900442994769e-05,1.7100416719913483,0.27213449077680707
464896,-0.01974231531494297,0.0349599324981682,1.2006197050213814,0.16114256205037236,-0.007852887152694166,0.00938520053296088,2.6426480636000633,0.8667031778022647
465920,-0.013231877499492839,0.03654905344592407,1.0347558837383986,0.1232983861118555,0.022526784799993038,0.0025855075637082336,2.1757489666342735,0.5516187911853194
466944,0.0010448129760334268,0.04551684355828911,1.228752002120018,0.13992238300852478,-0.0003291845496278256,0.017642288919887505,2.335443202406168,0.7347489725798368
467968,-0.0074437521398067474,0.03662098397035152,1.2789596430957317,0.1569916345179081,-0.0006327146256808192,0.009784747797311866,2.566052082926035,0.9586519058793783
468992,-0.012243960751220584,0.03227731352671981,1.4233290180563927,0.1769912587478757,0.06163755391025916,0.00010658486439751869,2.5657764822244644,0.9298431826755404
470016,-0.01135957584483549,0.01862248862744309,1.5094431787729263,0.1666183853521943,-0.01741169730667025,0.0031458868616027758,1.0560120642185211,0.17134922300465405
471040,-0.013205927811213769,0.028851771261543036,1.269965123385191,0.142326301895082,-0.0663476254849229,0.005614451529254438,2.193580102175474,0.5856652418151498
472064,-0.01722737809177488,0.041967251570895314,1.0863439124077559,0.1229686695151031,0.02456588580389507,0.018582301010610536,1.6371558010578156,0.32184142991900444
473088,-0.0018866988248191774,0.03483399748802185,1.2884087897837162,0.1545280758291483,-0.012725395936286077,0.00959664100810187,2.6292195320129395,0.6590741593390703
474112,-0.0005737207538913935,0.0345546716125682,1.3863210305571556,0.1488380408845842,0.01412991646793671,6.382894316203647e-05,2.1986464895308018,0.5975493965670466
475136,-0.0032327025837730616,0.026309857552405447,1.2855305075645447,0.130948816658929,-0.025471529399510473,0.0027614225937213632,1.6094198636710644,0.30810020165517926
476160,-0.011671490981825627,0.03387255652341992,1.3226924799382687,0.12954087485559285,-0.05775117367738858,0.0014418859354918823,1.7889798171818256,0.6266034431755543
477184,-0.007010989778791554,0.02776367694605142,1.2900958731770515,0.1569048808887601,0.04661558551015332,6.712783276441314e-05,3.1386426612734795,1.1936412695795298
478208,-0.01517160885850899,0.024444306560326368,1.3000037409365177,0.14856691332533956,0.0010965014807879925,0.0021075848374181305,3.7562247961759567,1.322593042626977
479232,-0.01607574473018758,0.02854552457574755,1.4000089652836323,0.16564469039440155,0.05870557128218934,3.083886504384736e-05,2.4730235785245895,0.6722816899418831
480256,-0.0056445596856065094,0.03010035026818514,0.5708923963829875,0.04560434242011979,-0.04876676225103438,0.005916492460528389,1.9595835022628307,0.32989758532494307
481280,-0.008918729683500715,0.01867432234575972,1.1063664220273495,0.12824136787094176,-0.07236230635317042,0.0005972516801193706,1.8973081037402153,0.5259072259068489
482304,-0.007101227034581825,0.03430998994736001,1.4480091258883476,0.15737436059862375,-0.011257740668952465,0.028684176912065595,1.5841434933245182,0.4601339823566377
483328,0.00038288145151454955,0.019104224717011675,1.6076265051960945,0.16778038907796144,0.002133052214048803,0.009567628801960382,1.0355468671768904,0.2671724616084248
484352,-0.014339263521833345,0.02337355597410351,1.4243323504924774,0.16927292244508862,0.2420732593163848,5.9785703044212823e-05,4.479337379336357,4.967433959245682
485376,-0.012487449115724303,0.03174139029579237,1.1361601762473583,0.14706281246617436,-0.010332669538911432,0.011462555004982278,3.2404606342315674,2.6438693702220917
486400,-0.0036587945942301303,0.03736469644354656,1.1254669688642025,0.13776087341830134,0.029435749631375074,0.009670199779066024,3.3805059641599655,1.675552500411868
487424,-0.010030350065790117,0.031048302247654647,1.5192015208303928,0.1714727613143623,-0.009018401295179501,0.00920706982651609,3.2240418270230293,1.189129015430808
488448,-0.009630833199480549,0.031334328348748386,1.4935361668467522,0.1582286306656897,0.03366103379812557,0.0001619510460386664,1.8225219808518887,0.5818293807096779
489472,-0.008704090229002759,0.030450259218923748,1.5214259587228298,0.16204438311979175,-0.008896278770407662,3.2080453998162284e-05,1.1384990029036999,0.22910935385152698
490496,-0.00832301354239462,0.02435410616453737,1.360957071185112,0.14529654243960977,-0.03140613145660609,0.004715109578683041,1.1821856833994389,0.20222254749387503
491520,-0.010035022321972065,0.033110753109212965,1.3191401213407516,0.14609172567725182,-0.003538339224178344,0.0004990029074178892,2.5909906700253487,0.7131068911403418
492544,-0.008791195345111191,0.0273323719156906,1.3924101814627647,0.16571631282567978,-0.009681566793005913,0.0008300312229039264,1.4041626527905464,0.23657465213909745
493568,-0.01933562928752508,0.031246263824868947,1.358365722000599,0.18236990086734295,-0.0023876640771050006,0.014770946101634763,1.7088705822825432,0.35276793083176017
494592,0.0033958039130084217,0.026269137859344482,1.1419142074882984,0.13344044401310384,0.02309242993942462,0.0022152562050905544,1.4091011583805084,0.29278780054301023
495616,-0.011572825693292543,0.027162335522007197,1.0379711873829365,0.11395122157409787,-0.006914372934261337,0.011105806559498888,0.8977822167798877,0.11505963956005871
496640,-0.008045221664360724,0.030888936307746917,1.1534562855958939,0.1356400849763304,-0.008574945706641302,0.009433965373318642,1.7287705354392529,0.2772819232195616
497664,-0.018471885807230137,0.030556600424461067,1.389982808381319,0.1837420742958784,0.005973990075290203,0.0023042051800530317,2.195794951170683,0.4333637831732631
498688,-0.001687659736489877,0.033053737541195005,1.2503004036843777,0.1439125631004572,0.012975243109394796,0.00016714771891201963,1.3305898103863,0.23168029612861574
499712,-0.013592722636531107,0.028073106717783958,1.46853631362319,0.1594444871880114,-0.013823333836626261,3.844393114604827e-05,0.7405140642076731,0.08601865894161165
500736,-0.011214782542083412,0.023234061838593334,1.3944258131086826,0.16618612152524292,-0.02068959246389568,0.013241515451227315,1.0974887516349554,0.16329996078275144
501760,-0.004116358235478401,0.025353306555189192,1.088555533438921,0.12402626732364297,-0.015507468691794202,4.766286232893435e-05,1.3812512941658497,0.17456484399735928
502784,-0.025508728169370443,0.012748842942528427,1.2637406922876835,0.15420412691310048,-0.017632985778618604,4.597062969580179e-05,1.6391184963285923,0.20951887452974916
503808,-0.00913577017490752,0.018121819448424503,1.239296779036522,0.15269996621645987,-0.0173216873081401,3.450603598054158e-05,1.7767564319074154,0.2521007973700762
504832,-0.00528859460609965,0.044258788402657956,1.1130277626216412,0.13823295384645462,-0.014281408133683726,0.018362693997914903,1.7360298335552216,0.2417892264202237
505856,-0.007434140134137124,0.01808003685437143,0.7885598391294479,0.08456577989272773,-0.010013996448833495,0.0025894239124681917,0.6639697793871164,0.07197189272847027
506880,0.0035937407810706645,0.03927293204469606,1.3644434325397015,0.17408197838813066,-0.018665825278731063,0.01888402622716967,2.1897878907620907,0.49721087235957384
507904,0.0008731064444873482,0.04190539615228772,1.3681437745690346,0.16824841778725386,0.025223366625141352,9.311473479556298e-05,2.9223592430353165,0.7477238494902849
508928,-0.008433870680164546,0.024404153402429074,1.1999013163149357,0.13287305389530957,0.010424209525808692,0.00011461629713949151,2.3925096467137337,0.6001994181424379
509952,-0.005509743292350322,0.03721093514468521,1.3875994756817818,0.1588109633885324,-0.019265121285570785,0.009333740202237095,2.7091372534632683,0.8115053493529558
510976,-0.0029565663426183164,0.03353431960567832,0.8764767162501812,0.0935851268004626,-0.027104182954644784,0.009531013158266433,1.8872268982231617,0.4524221308529377
512000,-0.01144266192568466,0.023188945779111236,1.2367437034845352,0.15033953404054046,0.001504631683928892,0.008942011860199273,2.637708932161331,0.6656038723886013
513024,-0.00017509146709926426,0.032972517830785364,0.8106910027563572,0.07502206938806921,0.01716532916179858,0.00012125573337584683,2.7921210676431656,0.6438816152513027
514048,-0.008298229920910671,0.036994308582507074,1.2533408515155315,0.14300662581808865,-0.016888702753931284,0.009391587684149272,2.634057328104973,0.593956746160984
515072,-0.013263486602227204,0.023995191208086908,1.1714385859668255,0.13867057021707296,0.025530390674248338,0.002372640173234686,2.632165677845478,0.5787621233612299
516096,-0.004103776620468125,0.03138451057020575,1.3562492169439793,0.17948156222701073,-0.013402866723481566,0.0007966338826008723,1.4517717473208904,0.26807111827656627
517120,-0.004995339171728119,0.031946881441399455,1.219415619969368,0.16477597458288074,-0.010910773678915575,0.018893650732934475,1.8377697840332985,0.34875951800495386
518144,-0.00024684441450517625,0.05017042986582965,1.1752440445125103,0.1500209141522646,-0.009173292259220034,0.01687261668848805,2.3045816607773304,0.4963825512677431
519168,-0.0028948145918548107,0.047376122092828155,1.3359407484531403,0.1619101408869028,0.0052322235715109855,0.0009962171207007486,1.297171425074339,0.24137300997972488
520192,-0.0005179347790544853,0.03374341659946367,1.2520339712500572,0.15587221458554268,-0.01482889146427624,0.018919362759334035,1.4776420965790749,0.2640188978984952
521216,0.0007187551236711442,0.011239983286941424,1.2605028413236141,0.1468969841953367,-0.018149111710954458,0.002566438775829738,0.946383043192327,0.17668520542792976
522240,-0.007519103630329482,0.031500399636570364,1.148264430463314,0.1314899947028607,-0.015040700935060158,0.01806056738132611,1.7930411752313375,0.41255971882492304
523264,-0.005364509852370247,0.022257941076532006,1.270137906074524,0.16556548373773694,-0.013121836149366572,0.0004456903488971875,1.191797360777855,0.26017220970243216
524288,-0.022173657169332728,0.025728912791237235,1.2037199847400188,0.1503699510358274,-0.0037179869250394404,0.00013929234049214756,1.248353473842144,0.15996361861471087
525312,-0.02691371346008964,0.04002830962417647,1.0947440974414349,0.14278073515743017,-0.05636402915115468,0.003953185190766817,2.2542582266032696,0.7871719528920949
526336,-0.00022693230130244046,0.04381653678137809,1.3475436344742775,0.2072849264368415,-0.00928126584040001,0.01794724962383043,1.5511690527200699,0.395363790448755
527360,0.002226507436716929,0.06290021212771535,1.3113973625004292,0.18911843979731202,-0.004038112499983981,0.024594522372353822,2.3399269804358482,0.6568713439628482
528384,0.0017028854636009783,0.04327412019483745,1.5309691801667213,0.18971464969217777,0.033657695254078135,0.0004173842967247765,1.0138859456637874,0.3346188750001602
529408,-0.03105169566697441,0.03010383778018877,1.5143243744969368,0.1782794394530356,-0.008634895260911435,0.00011634858142883786,0.31661988236010075,0.049287238682154566
530432,-0.02573848859174177,0.034687303588725626,1.0748817343264818,0.14261379675008357,-0.05209725780878216,0.003953166164137656,1.5980060454457998,0.5561403762549162
531456,-0.002021354128373787,0.02606116869719699,0.4826741572469473,0.0375072707538493,-0.00032915433985181153,0.0008424906441177882,0.08326988748740405,0.006382313615176827
532480,-0.013665509264683351,0.025581247406080365,1.025133989751339,0.12767107039690018,-0.002960319456178695,0.010534456923778635,0.7214022902771831,0.1176813927013427
533504,-0.0046122862986521795,0.05385979276616126,1.3477915711700916,0.18885822501033545,0.0028706599841825664,0.02025371603667736,2.2926896288990974,0.7250064918771386
534528,-0.005425368726719171,0.033500762248877436,1.41408359259367,0.16942046768963337,0.0020323428325355053,0.001031073847116204,1.9254243448376656,0.6306807613000274
535552,-0.0171055517566856,0.023374447831884027,1.1759679056704044,0.13196324883028865,-0.034639598190551624,0.0030682892029290088,1.3645306937396526,0.3519763508811593
536576,-0.0325160113570746,0.062342421151697636,1.0714250095188618,0.13264694157987833,0.0009292377217207104,0.023881840461399406,1.4928615875542164,0.25794757390394807
537600,0.008718480952666141,0.04206664115190506,1.2793273702263832,0.16098239622078836,-0.013228245341451839,0.0111673950086697,1.5125947557389736,0.2985145142301917
538624,-0.008653883764054626,0.040734922571573406,1.1677342057228088,0.14436452463269234,-0.013791459758067504,0.01907631340145599,2.509218793362379,0.7687225136905909
539648,-0.0072393842856399715,0.030092918896116316,1.1287030652165413,0.12578310957178473,0.025485126301646233,0.0009734005034260917,1.530548695474863,0.44138221023604274
540672,-0.010555461354670115,0.015522393310675398,1.0566818211227655,0.13298857677727938,-0.03788065569824539,0.002705246501136571,0.8272967282682657,0.14703846164047718
541696,-0.01281454814306926,0.04386642330791801,1.4949581623077393,0.18929346650838852,-0.0088210316025652,0.0188139552337816,2.3511610068380833,0.5540713490918279
542720,-0.010507301747566089,0.036191216902807355,1.4063581116497517,0.16515294089913368,-0.004683827966800891,0.01696633131359704,2.602298069745302,0.6596531048417091
543744,-0.012326184601988643,0.035646706935949624,1.4059609398245811,0.14452735730446875,0.020038784248754382,0.016657792337355204,2.4592844769358635,0.6062315627932549
544768,-0.01208837040758226,0.019454363151453435,1.4237594306468964,0.15539141278713942,0.0005421768291853368,0.0008812927226244938,1.6577179953455925,0.303362934384495
545792,-0.017661338046309538,0.010818738126545213,0.7861651349812746,0.10104277497157454,-0.04426343078375794,0.007464853799319826,0.6844690497964621,0.14446100126951933
546816,-0.0053009846014901996,0.030638763040769845,1.1693587601184845,0.14529156126081944,-0.041171383345499635,0.013444290540064685,1.534257348626852,0.3594866585917771
547840,-0.010953177465125918,0.015702994249295443,0.751385997980833,0.07429372635670006,0.015466540731722489,0.00035671263117365015,2.281665738672018,0.3998220949433744
548864,-0.03941268179914914,0.021162538148928434,0.9667438212782145,0.12473489926196635,0.0016854279674589634,0.00014234611588292978,1.8840865716338158,0.19347349158488214
549888,-0.029714651725953445,0.029203031677752733,0.8504776228219271,0.1226639379747212,-0.0023812736326362938,6.716782856841519e-05,2.090255532413721,0.2629436030983925
550912,0.0012054365070071071,0.10738872201181948,0.9172539133578539,0.11713985842652619,-0.028248398622963578,0.012273755957721733,2.0470910109579563,0.39077079948037863
551936,-0.0034234626073157415,0.1468957462348044,1.0022433213889599,0.15247684810310602,-3.141580964438617e-05,0.016183136234758422,1.9004380367696285,0.4006400713697076
552960,-0.009466817151405849,0.07395227905362844,0.9613122176378965,0.12707897438667715,-0.01926207955693826,6.507394523680432e-05,1.9618516601622105,0.3773573921062052
553984,-0.0008897885418264195,0.0464454295579344,1.0251004584133625,0.13476487598381937,-0.007341475022258237,0.009424736545042833,2.4549994841217995,0.699557188898325
555008,-0.016294764573103748,0.05303922912571579,1.1193402297794819,0.1528899879194796,0.03311599817243405,0.011712965220795013,3.3784888461232185,1.146631382405758
556032,-0.03250939500867389,0.03529525629710406,1.2422119788825512,0.18339808098971844,-0.0560296094045043,0.004163617653830443,1.4734233990311623,0.3929172200150788
557056,-0.01082826394122094,0.07147441781125963,1.0760939102619886,0.13990564830601215,0.009901100711431354,0.010334962902561529,3.6187670901417732,1.163853706791997
558080,-0.014744210770004429,0.06798822653945535,1.0682426951825619,0.14724491606466472,0.07146785489749163,0.00023054605867400824,2.692183181643486,0.6999598979018629
559104,-0.006933162920176983,0.05153831047937274,0.7407143376767635,0.08901838096790016,-0.006763812794815749,6.768964621528539e-05,1.8878347910940647,0.21841325471177697
560128,-0.01098821614868939,0.04730367416050285,0.772628590464592,0.09476543683558702,-0.038944937608903274,0.0024221675053013314,1.7832457423210144,0.24594247108325362
561152,-0.00524984864750877,0.03376714332262054,1.5386506207287312,0.21231957338750362,-0.021440556651214138,0.009327309660875471,0.8840137058869004,0.1607715990394354
562176,-0.007221116073196754,0.048107562121003866,1.3511009700596333,0.15602285182103515,-0.007431370468111709,0.0185818261015811,1.527254644781351,0.3279446098022163
563200,-0.007776432990795001,0.029959119099657983,1.5464067198336124,0.19991016760468483,-0.008949330149334855,0.008662580403324682,2.5262029990553856,0.6560026137158275
564224,-0.007421892631100491,0.03166399709880352,1.1980715729296207,0.1272545598912984,0.03671478640171699,0.0025235725115635432,0.8196337576955557,0.24306691298261285
565248,-0.04782370672910474,0.028323869802989066,1.5474793128669262,0.22773129679262638,-0.001555445633130148,0.0025484250218141824,0.10609822277911007,0.004881495959125459
566272,-0.023176798451459035,0.01886871675378643,0.8033090997487307,0.10778548545204103,0.0005956286331638694,0.00035220840481997584,0.04488829697947949,0.0017401181976310909
567296,-0.03242197123472579,0.017787654272979125,1.3747782409191132,0.18952086474746466,-0.00032432434090878814,1.759791771860364e-05,0.07410405273549259,0.0034352128277532756
568320,-0.0021671290160156786,0.013524110545404255,1.2003004550933838,0.16235517198219895,-0.0013369168736971915,0.009433531710783427,0.22612175438553095,0.018461273662978783
569344,-0.004370311129605398,0.03320176777197048,1.4049797393381596,0.1782633140683174,-0.010160509118577465,8.264869120466756e-05,0.6217952128499746,0.08137512381654233
570368,-0.03133460180833936,0.04042430769186467,1.0870226919651031,0.1366690539289266,-0.04892603767802939,0.0037663350467482815,1.623556388542056,0.36329707759432495
571392,-0.009068653278518468,0.030950094864238054,0.4834798062220216,0.05124389036791399,-0.03078154957620427,0.004794777647475712,1.2525343727320433,0.21664399933069944
572416,-0.02878289489308372,0.05230411246884614,1.3183405511081219,0.16977545386180282,-0.017663228267338127,0.016840367883560248,2.2178492099046707,0.552188784815371
573440,-0.0022729404736310244,0.05417327128816396,0.7155187241733074,0.07224707852583379,-0.017134379639173858,0.009273478663089918,3.3321233615279198,1.34601516649127
574464,-0.0030803661211393774,0.07006157061550766,1.0357355400919914,0.12372209038585424,0.046965284273028374,0.00020192830902487913,1.9608049280941486,0.8034455003216863
575488,-0.022773663615225814,0.07504111051093787,1.0341383051127195,0.13501684088259935,-0.0014956121449358761,0.0033187774424732197,1.15122333727777,0.1380680683068931
576512,-0.007547789762611501,0.06012319785077125,1.4259761050343513,0.2003446095623076,-0.019856744504068047,0.026904634840320796,1.9377873744815588,0.4712257329374552
577536,-0.004904176836134866,0.08269160753116012,1.4151754900813103,0.17500627879053354,-0.010257070156512782,0.000276371392828878,1.5622209385037422,0.299463770352304
578560,-0.0038057137571740896,0.043750666663981974,1.3221438229084015,0.15375507855787873,-0.03830136940814555,0.00017913108513312181,1.0937781613320112,0.20904235169291496
579584,-0.005284255283186212,0.03194980282569304,1.4240457341074944,0.1746682315133512,-0.005168673495063558,3.896617593568408e-05,0.6006563901901245,0.09238364652264863
580608,-0.016610075836069882,0.023519008420407772,0.9853948298841715,0.12050550477579236,-0.03462469138321467,0.0052901908493367955,1.2269151480868459,0.28614098322577775
581632,-0.006805808676290326,0.051855864585377276,1.1294055432081223,0.17928135488182306,-0.013124927645549178,0.018944779338198714,1.7402910143136978,0.3754139235243201
582656,-0.017614426484215073,0.04603140999097377,1.3289895057678223,0.17765531595796347,-0.006952998053748161,0.025821556366281584,1.823664840310812,0.3677656250074506
583680,-0.0035957812651759014,0.025615687540266663,1.189922071993351,0.11923507298342884,-0.008894839673303068,0.0005425103245215723,1.9721780344843864,0.4654643787071109
584704,-0.00942416678299196,0.03373506828211248,1.2782637029886246,0.13809135230258107,-0.006860123859951273,0.007937853917837856,2.420715268701315,0.7027390487492085
585728,-0.041566408530343324,0.03563449869398028,1.202563650906086,0.20037992321886122,-0.07258841843577102,0.0063612830999773,1.6329592186957598,0.6434303298592567
586752,-0.005237497884081677,0.059311676071956754,1.1197958420962095,0.15723830740898848,-0.005394527048338205,0.016627966979285702,2.923542335629463,0.9442745558917522
587776,-0.0052339385147206485,0.05361291079316288,1.1229399628937244,0.138914180919528,0.07711608888348565,0.016163621250598226,3.372445970773697,1.1440417179837823
588800,-0.012388112794724293,0.04800355271436274,1.2549519278109074,0.16039247158914804,-0.008920537628000602,0.008259368363724207,2.0653438344597816,0.3392294868826866
589824,-0.00586201436817646,0.051144588622264564,0.7700135447084904,0.08877566223964095,0.01276938259252347,8.02326874946857e-05,1.960609059780836,0.29745357343927026
590848,-0.018394585058558732,0.029346315597649664,0.7585415635257959,0.1179803692502901,-0.043244951317319646,0.023608202463947237,0.7763153240084648,0.09516120236366987
591872,-0.011164873343659565,0.04406004736665636,1.116526860743761,0.12911676825024188,-0.029537004855228588,0.02682663089944981,1.702160481363535,0.40535726211965084
592896,0.0022918923350516707,0.030756210850086063,0.8918982204049826,0.10108211077749729,0.032184531941311434,0.0006307747688083509,1.6351526863873005,0.4646895357873291
593920,-0.004744386678794399,0.0295169772580266,1.369128029793501,0.16983499797061086,-0.0018410174816381186,0.009501249242021004,1.4218384996056557,0.21621396066620946
594944,-0.014439456252148375,0.0303596860030666,1.2339750863611698,0.14852081844583154,-0.008953949640272185,0.00011537406423656194,1.4084586799144745,0.1976830381900072
595968,-0.014599947913666256,0.03326888004085049,1.025740321725607,0.13196959323249757,-0.0010939164785668254,0.013409910330665298,0.7210746351629496,0.09662825195118785
596992,-0.012921862231451087,0.022495161421829835,1.3762753903865814,0.1756070889532566,-0.016469389433041215,0.009370840722112916,2.770106501877308,0.8460548277944326
598016,-0.012040412693750113,0.036761301395017654,1.3675625547766685,0.16168164904229343,0.05280832282733172,9.404386894829031e-05,1.288473267108202,0.42026624316349626
599040,-0.003962907736422494,0.01511578107601963,1.4412222504615784,0.1805819128639996,-0.006349174800561741,4.997268688100576e-05,0.6693421360105276,0.0742688977625221
600064,-0.008946119924075902,0.013468384277075529,1.2742288894951344,0.14768847171217203,-0.011145370634039864,0.0030492763326037675,1.238715412095189,0.18591466662473977
601088,-0.006736996583640575,0.032295544631779194,1.021540718153119,0.12339490745216608,-0.024750468612182885,0.021334900782676414,1.3224944714456797,0.21159726311452687
602112,-0.014743520601768978,0.0494170495076105,1.4207961075007915,0.18011113069951534,-0.019015411380678415,0.018999786203494295,1.972552601248026,0.4005628190934658
603136,-0.00587442921823822,0.03984639537520707,1.2465797178447247,0.1456268085166812,0.025697347824461758,0.008737913427466992,1.9944559819996357,0.40416280971840024
604160,-0.0130809582042275,0.031073287362232804,1.3276085704565048,0.14898201078176498,-0.014351493737194687,0.0005216077265686181,1.47638301551342,0.2287760223262012
605184,-0.006922958797076717,0.023119207995478064,1.2905998677015305,0.1493641878478229,-0.009935348993167281,0.010226837388472632,1.4028680212795734,0.23123979987576604
606208,-0.0020090573671041057,0.031141838582698256,0.8716642633080482,0.09802490659058094,-0.011123707838123664,0.010345763319492107,1.5609522312879562,0.2861162757035345
607232,-0.0187503888446372,0.06863557826727629,1.1972569413483143,0.17346988804638386,-0.008954350545536727,0.009128731988312211,1.583383470773697,0.25539419148117304
608256,-0.0025067412352655083,0.04281399375759065,1.3729285933077335,0.19472361216321588,-0.0013338967401068658,0.00029591331713163527,1.417094349861145,0.20751918898895383
609280,-0.0038287279312498868,0.0444420762360096,1.223106823861599,0.1652096933685243,-0.014316151471575722,0.00947304110013647,1.6303864996880293,0.2639427646063268
610304,-0.011842797575809527,0.042976710363291204,1.1469624936580658,0.16757433163002133,-0.04553792634396814,0.004101876183995046,1.7506295442581177,0.3207596307620406
611328,-0.016760254075052217,0.04395273397676647,1.3021389059722424,0.1565640640910715,-0.017211872938787565,0.02682301538879983,1.5579108968377113,0.291989897377789
612352,-0.013710252969758585,0.03793906624196097,1.3764927051961422,0.17985086049884558,0.0270907517260639,0.0007611357077621506,0.772558368742466,0.1760409544222057
613376,-0.006385712607880123,0.015855407720664516,1.3382370173931122,0.17086205491796136,-0.016279177623800933,6.447544785714854e-05,0.7716762069612741,0.10247580520808697
614400,-0.021231984384940006,0.02302647742908448,1.3306649886071682,0.1561591299250722,-0.004574379534460604,0.00947555329912575,1.1370095275342464,0.1903926725499332
615424,-0.023078454774804413,0.021491390303708613,0.8679386842995882,0.10820862441323698,-0.06752077327109873,0.009133375489909668,1.5750035531818867,0.3581696189939976
616448,-0.0067561646719696,0.04730383679270744,1.07714481651783,0.13349674409255385,-0.012265000870684162,0.012162778795755003,1.4115705247968435,0.25744127784855664
617472,-0.012459320540074259,0.03911338956095278,1.1873473785817623,0.14279177389107645,-0.01498682689270936,0.026488476083613932,1.8718350604176521,0.35880977660417557
618496,-0.0012023817980661988,0.032064934144727886,1.3823057599365711,0.16217912919819355,0.024832686845911667,0.0005844827346663806,1.1933958493173122,0.23760667815804482
619520,-0.009845484280958772,0.022995837731286883,1.3069667778909206,0.14873241493478417,-0.01880860232631676,0.00010119501843064427,1.1412413958460093,0.16762826777994633
620544,-0.032733444357290864,0.02959868172183633,1.059778120368719,0.1459009046666324,-0.05216040145023726,0.012991835530556273,0.9431822169572115,0.19104584585875273
621568,-0.012333468795986846,0.046231219079345465,0.8668904006481171,0.10423479648306966,-0.029638392676133662,0.030346594663569704,1.1990914233028889,0.2092499858699739
622592,-0.0026922609540633857,0.03505054349079728,1.1449132077395916,0.1382916127331555,-0.011511955570313148,0.002156436810764717,1.530962634831667,0.29021449759602547
623616,-0.002385348896495998,0.030582542181946337,1.3007236756384373,0.16417528875172138,-0.009567043132847175,0.009935828078596387,2.009930055588484,0.4466007314622402
624640,-0.006562686641700566,0.034786961623467505,1.1371856406331062,0.14201337820850313,0.004758758674142882,0.00819824911559408,1.7755069136619568,0.3553790436126292
625664,-0.014307378951343708,0.029555489774793386,0.7667439877986908,0.0993409869261086,-0.005936063622357324,0.00420765730086714,0.6603798530995846,0.12003640667535365
626688,-0.018311704552615993,0.036755254841409624,1.134184105321765,0.1473041211720556,-0.010301767382770777,0.00015709814499587083,1.0412608962506056,0.1783639241475612
627712,-0.014241364624467678,0.033098330022767186,1.1759646125137806,0.16620630910620093,-0.006893074722029269,0.008216591897507897,1.7495744600892067,0.4049641634337604
628736,-0.00314623408485204,0.040190898696891963,0.6231367327272892,0.07001352380029857,0.023160292708780617,0.008235481658630306,2.5899068973958492,0.6702378345653415
629760,-0.007921084252302535,0.04181052604690194,1.0243786741048098,0.13650455931201577,-0.001134802689193748,9.384928680589155e-05,1.6475190035998821,0.21980647649616003
630784,-0.013480117224389687,0.040609461488202214,0.8980301730334759,0.12057882035151124,-0.05733241105917841,0.0056829668683349155,1.5306157320737839,0.26235160091891885
631808,-0.006561917063663714,0.04535487329121679,1.022577878087759,0.1292961915023625,-0.013757222361164168,0.01101427025787416,1.773425430059433,0.3212761073373258
632832,-0.005810000060591847,0.04879764560610056,1.164650458842516,0.1530796978622675,-0.011422427545767277,0.015750038262922317,2.4315598160028458,0.5717822192236781
633856,-0.014535586306010373,0.05788507405668497,0.7388578485697508,0.10156907141208649,0.0053296456462703645,0.00068721007073691,0.5840697502717376,0.08113727520685643
634880,-0.005288595231832005,0.061873875674791634,0.6793767437338829,0.08779115648940206,0.00012134044663980603,0.00016598552679170098,0.2612963607534766,0.01735041500069201
635904,-0.01816961306030862,0.048007888020947576,1.6493676528334618,0.2654005638323724,-0.04620930278906599,0.005793588803499006,1.5671713147312403,0.38827253761701286
636928,0.001490268114139326,0.06579837645404041,1.2367549538612366,0.1529682888649404,-0.002297701226780191,0.025672798801679164,2.1307843644171953,0.45444464683532715
637952,-0.00660819148470182,0.05139477434568107,1.0499327182769775,0.13454756001010537,-0.0007793712429702282,0.00019962358987868356,0.7590869106352329,0.12975459033623338
638976,0.004376621131086722,0.05243323021568358,0.933581056073308,0.12289883429184556,0.0006293648912105709,3.318083575010178e-05,0.6555557241663337,0.06310625502374023
640000,-0.002591067779576406,0.06301110424101353,1.0638147089630365,0.14584830170497298,0.002890782168833539,0.0025032247983745037,1.5643943957984447,0.21772020729258657
641024,-0.0077005310013191774,0.035362350463401526,0.992707759141922,0.12870537559501827,-0.03273269726196304,0.0078124960309651215,0.309807556681335,0.046894930477719754
642048,-0.013652271387400106,0.07677963236346841,0.9287415873259306,0.11790136364288628,-0.0002940754347946495,0.027015858388040215,1.7602861896157265,0.3466408774256706
643072,0.002486762299668044,0.04098542395513505,0.7456867285072803,0.1095949572045356,-0.0066155712702311575,0.00040262600828100403,1.318672377616167,0.19112927187234163
644096,-0.023618907696800306,0.030787915107794106,1.1425763219594955,0.1520665381103754,-0.06335860278340988,0.00038746925338273286,1.653035320341587,0.30534152360633016
645120,-0.005977925640763715,0.0371732521452941,1.0549054834991693,0.14183068578131497,-0.0012457971752155572,0.0030645182960142847,1.3700668141245842,0.2496627140790224
646144,-0.007415322776068933,0.07076636306010187,1.5312394388020039,0.20448303688317537,-0.006454245012719184,0.009180938766803592,1.440910417586565,0.27596336929127574
647168,-0.013114518660586327,0.0662031325045973,1.4414260387420654,0.1845412366092205,0.00012080403394065797,0.007989270037796814,1.4864282794296741,0.34611489344388247
648192,-0.015636232870747335,0.06470449350308627,1.2261848077178001,0.14664783840999007,-0.02186322899069637,0.0004665135847972124,1.0945277605205774,0.2325749322772026
649216,-0.01075939039583318,0.04005102126393467,0.7630339488387108,0.09993109083734453,-0.015152282983763143,0.000130392088692588,1.0744486916810274,0.19960452488157898
650240,-0.01769235820393078,0.04411312483716756,0.741927869617939,0.1035709937568754,-0.01443234973703511,0.003516033713822253,1.083277446217835,0.1970722631085664
651264,-0.001303976954659447,0.062132284860126674,0.5647423155605793,0.10909837880171835,-0.002644249121658504,0.008355268928426085,0.7638155436143279,0.1644241261528805
652288,-0.013182947775931098,0.05860275193117559,0.8574056103825569,0.10790642816573381,-0.015161330709815957,0.01811816259578336,2.6141425892710686,0.8094323351979256
653312,-0.04814092423475813,0.016871584448381327,1.4307312313467264,0.2802910809405148,-0.023154748327215202,0.00036367498023537337,1.661037515848875,0.34337122458964586
654336,-0.007566041866084561,0.0037164089517318644,1.43530597910285,0.28857913985848427,0.006786955666029826,3.964048368132467e-05,1.475826296955347,0.23619286553002894
655360,-0.024471463526424486,0.037391199031844735,2.0577036552131176,0.6797108585014939,-0.01060827390756458,0.0030875744378136005,1.3898832835257053,0.2197508462704718
656384,0.002173467190004885,0.14041243819519877,0.48372513335198164,0.08346575102768838,0.00019495512242428958,0.02477466777781956,1.1557175554335117,0.24782894970849156
657408,-0.008409460657276213,0.06212498003151268,0.795197319239378,0.1081457776017487,-0.011108757986221462,0.0004221439467073651,1.308279063552618,0.25199343590065837
658432,-0.0025844595802482218,0.041297242511063814,0.7580830696970224,0.08817007136531174,-0.01435709920770023,0.00872426026762696,2.587272312492132,0.818959261290729
659456,-0.011946362981689163,0.06361998012289405,0.977571077644825,0.13130676257424057,0.058740942826261744,0.00021334158554964233,2.42525102943182,0.6856348486617208
660480,-0.011093632885604165,0.049061949946917593,1.0550377443432808,0.16519734705798328,-0.010849557380424812,0.010946754140604753,1.9452151618897915,0.3425427647307515
661504,-0.010540911302086897,0.06450194900389761,0.9714339897036552,0.15729830181226134,-0.017921792328706942,0.025620501139201224,1.8291005715727806,0.38782154954969883
662528,-0.0005959851550869644,0.05856797774322331,1.149715293198824,0.18609835160896182,0.015336411743192002,0.0007292789578059455,0.888427765108645,0.1606476593296975
663552,0.01048480678582564,0.04872966499533504,1.165387962013483,0.23372999299317598,-0.0016458778991363943,0.0002528227705624886,0.988806314766407,0.12840549158863723
664576,-0.005400870155426674,0.04748304560780525,1.0328175276517868,0.17288648337125778,0.0013426235527731478,0.015934129303786904,0.9548711143434048,0.14689561678096652
665600,-0.009003485611174256,0.034950442030094564,1.0690101981163025,0.17320735892280936,-0.06325304284109734,0.008121105551254004,0.8459032122045755,0.16745697986334562
666624,-0.0031402196909766644,0.0343184758676216,1.1588555239140987,0.15773227019235492,-0.052784060666454025,0.0028924470461788587,1.0781350620090961,0.18535241880454123
667648,-0.0037710727337980643,0.052646601223386824,1.094098825007677,0.1587527827359736,-0.01022064030985348,0.019356896256795153,0.9323646742850542,0.17862681858241558
668672,-0.020954973035259172,0.05281479982659221,1.1911969520151615,0.18465233454480767,0.01196374068967998,0.016032240222557448,1.7721777483820915,0.38074381882324815
669696,0.003117028303677216,0.03708641947014257,1.2270020171999931,0.17452069092541933,0.002178239417844452,0.0002837680690390698,1.1443607117980719,0.18201720714569092
670720,-0.042576067527988926,0.037498675868846476,0.8846174888312817,0.15834829211235046,-0.05032275980920531,0.0039056417845131364,0.6096526724286377,0.12407628551591188
671744,-0.04400432505644858,0.0533256814815104,1.048847945407033,0.18121098214760423,-0.04407689260551706,0.0021530484991671983,0.742930899374187,0.14848834509029984
672768,-0.0008666265057399869,0.0804205248132348,1.1967150550335646,0.1651470484212041,-0.00395248708082363,0.009401929457453662,2.628558598458767,0.6579904705286026
673792,-0.0005021490069339052,0.0881203489843756,0.9672649931162596,0.1294085760600865,0.0031474753050133586,0.018198458637925796,2.5303982570767403,0.6537242457270622
674816,-0.005116439744597301,0.07529345888178796,1.1541507206857204,0.17082869354635477,0.03858809365192428,0.00019223435447202064,2.4164293594658375,0.6081271972507238
675840,-0.006385131040588021,0.02999870222993195,1.132320512086153,0.14844904374331236,-0.008539979899069294,0.0022497203844977776,1.6105988528579473,0.3877174900844693
676864,-0.005943662021309137,0.0515178416389972,1.0965055283159018,0.16645720647647977,-0.005473457960761152,0.018844000922399573,2.935954876244068,0.8860169127583504
677888,0.0031301534036174417,0.056096806772984564,0.5159424776211381,0.057991314330138266,0.018783476552926004,0.00015536018719330968,2.1956739500164986,0.8312254287302494
678912,-0.0038777001900598407,0.05468167399521917,0.9613545015454292,0.12421560054644942,-0.000973389862338081,5.333963101605832e-05,1.1570840887725353,0.11009839421603829
679936,-0.007440054672770202,0.03947000193875283,1.094525996595621,0.14771375874988735,-0.0006045869376976043,3.3205665559421504e-05,1.8163680844008923,0.23637655982747674
680960,-0.012298989269766025,0.0743876479100436,1.357242364436388,0.19101555738598108,-0.015058072051033378,0.052742646366823465,2.3245764747262,0.4831676837056875
681984,0.0005146574258105829,0.05684713425580412,1.2768534533679485,0.1626745038665831,0.021243900482659228,0.00010526616429729074,2.336097225546837,0.5287668379023671
683008,-0.002951772738015279,0.048294024425558746,1.422239001840353,0.1741030141711235,-0.0027228695835219696,7.793158997060345e-05,1.3339526429772377,0.17242437740787864
684032,-0.0030833219061605632,0.0344525336404331,1.4256928972899914,0.16891746362671256,-0.025371804862516,3.525707604978834e-05,1.1744930930435658,0.15241343900561333
685056,-0.007722387264948338,0.02273033419623971,1.4323298409581184,0.17254098318517208,-0.0036139964358881116,0.002864511005100212,1.481257289648056,0.25144630717113614
686080,-0.008956880294135772,0.03773556975647807,1.427932020276785,0.18364484142512083,-0.05507771283737384,0.0007835024225641973,1.8560611344873905,0.34266454027965665
687104,-0.006716936477459967,0.03586637991247699,1.1973651424050331,0.13626554957590997,-0.011365245445631444,0.030498114036163315,2.077000107616186,0.4934471733868122
688128,0.00037708738818764687,0.025063967157620937,1.385637167841196,0.16281313076615334,0.007915974158095196,0.012055074839736335,2.3625884130597115,0.5576924439519644
689152,-0.0035376799351070076,0.030196036212146282,1.3212300576269627,0.1480585653334856,0.00016473166760988533,0.010288218709320063,1.9341461285948753,0.3743401151150465
690176,-0.023093925672583282,0.026361594209447503,1.4506414607167244,0.17662342637777328,-0.0067574334680102766,0.011209332496946445,1.7158619239926338,0.3314970098435879
691200,-0.009271641523810104,0.014447539142565802,1.0325657315552235,0.12157405563630164,-0.008570305275497958,0.000684950704453513,1.3976965919137,0.22186936670914292
692224,-0.003424535025260411,0.01938859696383588,1.1405349373817444,0.1482670116238296,-0.005688792531145737,8.477251151361997e-05,1.1260571982711554,0.1558970643673092
693248,-0.02151787183538545,0.035960169101599604,1.3206073828041553,0.1791151063516736,-0.009941657859599218,0.018412443663692102,1.661929789930582,0.28582222014665604
694272,-0.015358367381850258,0.023149060842115432,1.2489468306303024,0.1507091484963894,-0.0016361933667212725,4.8529839947519804e-05,2.241284765303135,0.4176439754664898
695296,-0.029990331589942798,0.037643833667971194,1.2229513227939606,0.17468807334080338,-0.0229672119312454,0.0029820729469065554,2.5201708674430847,0.5722491396591067
696320,-0.017655527219176292,0.027059033222030848,0.8805775754153728,0.11347235192079097,0.015264150104485452,0.0004886500646534842,1.7212279438972473,0.29287860402837396
697344,-0.010906362047535367,0.05358363757841289,1.2492686808109283,0.18926701555028558,-0.00198198072030209,0.034682216501096264,1.945967797189951,0.33399276342242956
698368,-0.011944288416998461,0.03492411389015615,1.092218890786171,0.15140471677295864,-0.00236761337146163,0.00822963066639204,2.592311918735504,0.43935866467654705
699392,-0.03443853519274853,0.05292890011332929,1.0709483530372381,0.16761130187660456,0.02748499473091215,0.00640234798075312,3.1375890374183655,0.6722446773201227
700416,-0.04319057779503055,0.03993679478298873,0.9771809671074152,0.15413041785359383,-0.04336032355786301,0.004215374774503289,2.1735898926854134,0.38633365370333195
701440,0.00410390633624047,0.03543721453752369,1.5417916402220726,0.25526148919016123,-0.019119853648589924,0.018034397086012177,2.329120308160782,0.584202659316361
702464,-0.010885490322834812,0.04190725914668292,0.99126205034554,0.12027145526371896,0.04118299458059482,0.000385662656299246,2.445138070732355,0.6157737392932177
703488,-0.021004902038839646,0.041461552027612925,0.8560787662863731,0.10811458644457161,-0.0069287414371501654,8.258695001472915e-05,2.075038306415081,0.23654811037704349
704512,-0.008966019202489406,0.025114905613008887,0.918583482503891,0.09950745687820017,-0.0029472816386260092,6.062254677985379e-05,1.580351497977972,0.10828072368167341
705536,-0.02648604458954651,0.021760023897513747,1.0003506932407618,0.13968596095219254,-0.05151664762524888,0.004305303300498053,1.2452016845345497,0.14755972125567496
706560,-0.00016475905431434512,0.007100987801095471,1.3205730430781841,0.20333772152662277,-0.01267923643172253,0.0002702197868984513,0.8205616353079677,0.09516374376835302
707584,-0.00959390529897064,0.05718339257873595,1.1055834479629993,0.1450334396213293,-0.002736147667746991,0.027666408946970478,1.8917423449456692,0.29609164129942656
708608,-0.0054924498981563374,0.05206161376554519,1.2005705498158932,0.16476271022111177,-0.016421995009295642,0.014236630953746499,2.6865996569395065,0.5596653884276748
709632,-0.009421361377462745,0.054102939553558826,1.1854438111186028,0.16824463056400418,0.0038005276292096823,0.009403285052030697,2.734700098633766,0.5972694540396333
710656,-0.010997240067808889,0.03760976908961311,1.0763454027473927,0.138115375302732,-0.010563104005996138,0.002434980167890899,1.355415340512991,0.24868495855480433
711680,-0.010556525085121393,0.04446167964488268,1.4262920282781124,0.18821092322468758,-0.018415089027257636,0.01848098522168584,2.7662319019436836,0.8689978336915374
712704,-0.002749303574091755,0.043990876292809844,1.1922341026365757,0.14747162302955985,0.05540845211362466,0.010245206556646735,3.887793816626072,1.6089684255421162
713728,-0.0035391061392147094,0.05355823505669832,1.328988280147314,0.1676630829460919,-0.005112262908369303,0.017241857363842428,2.597888607531786,1.1488366341218352
714752,-0.010545528508373536,0.02658331295242533,1.4193718768656254,0.17065997095778584,0.012587769277160987,0.00010035662293716996,1.9627265594899654,0.737008492462337
715776,-0.03884341404773295,0.027891532343346626,0.7067318949848413,0.09632538445293903,-0.06292584276525304,0.009138538989645895,0.6780020026490092,0.15988295571878552
716800,0.0014447042776737362,0.02416137754335068,0.39997489657253027,0.03529379132669419,-0.0037100531917531043,0.002546712574257981,0.12416796945035458,0.010017891705501825
717824,-0.0237163213751046,0.03275033627869561,1.078868830576539,0.14870886225253344,-0.020203749867505394,0.0013122719956299989,1.7691323049366474,0.45407340954989195
718848,-0.014923047187039629,0.04107630020007491,0.9617900159209967,0.12954348023049533,-0.013833657081704587,0.010136294335097773,2.542750511318445,0.8232319941744208
719872,-0.0011667085636872798,0.06801810988690704,0.9583029188215733,0.14860741887241602,-0.009146239783149213,0.001888961212898721,1.5399015471339226,0.4200008763000369
720896,-0.0296934052312281,0.0715032828738913,1.0858908463269472,0.16429178742691875,-0.04341482918243855,0.009378585091326386,1.212899980135262,0.49775673949625343
721920,-0.0034660702222026885,0.1095522299874574,1.1865650042891502,0.1937094028107822,-0.008173958165571094,0.026298516720999032,1.5293841622769833,0.36181700183078647
722944,-0.007999537861905992,0.06542866420932114,0.5433129938319325,0.08627298765350133,-0.005125316049088724,0.0009117214949583285,0.9626208916306496,0.185732860583812
723968,-0.00010597103391773999,0.06979832157958299,0.41938138008117676,0.05255391320679337,-0.007801667845342308,0.00033652979334419797,1.7741318941116333,0.5538108554901555
724992,0.00406796253810171,0.04142728599254042,1.184050276875496,0.1731638116762042,0.004974880634108558,0.0002342856661954329,2.8531733751296997,1.3342976942658424
726016,-0.004384016036055982,0.08561797020956874,1.4109622240066528,0.186643504537642,-0.0197460658964701,0.0025327429684693925,1.9618862494826317,0.6999408677220345
727040,-0.015427293590619229,0.044891452766023576,1.0790535006672144,0.12182222586125135,-0.003537188866175711,0.0095592574289185,3.692128397524357,1.7008101306855679
728064,-0.011734726635040715,0.036260390654206276,1.1402214132249355,0.13201273581944406,0.06775850523263216,9.093539810578477e-05,3.405132196843624,1.3825051095336676
729088,-0.003104841511230916,0.050091637298464775,0.7193024773150682,0.0717075226129964,0.006591088604182005,5.8638532712151914e-05,1.880722802132368,0.2508249906823039
730112,-0.01870181757840328,0.05966971756424755,1.1794898435473442,0.14444745634682477,-0.0011692226689774543,0.003085825113885221,2.1108986996114254,0.38055482134222984
731136,0.018399144581053406,0.06478768680244684,1.7166842259466648,0.27257634326815605,0.02293357255985029,0.017839440231909975,1.4943743236362934,0.3064236678183079
732160,-0.017981239216169342,0.02778114116517827,1.290978591889143,0.1330964348744601,-0.006712368383887224,6.608754030779096e-05,3.252952717244625,1.116339048370719
733184,-0.022032825014321133,0.025118431221926585,1.714952226728201,0.233529272954911,-0.005881793113076128,4.735192399607513e-05,2.947663739323616,0.9310585986822844
734208,-0.04275585224968381,0.0344658667454496,1.1211948953568935,0.13839810341596603,0.013013311137910932,3.0447894393992314e-05,3.2289271876215935,0.8439045548439026
735232,-0.012621651199879125,0.054151157499291,0.969824954867363,0.1259528340306133,-0.05223632260458544,0.00404553299449617,2.8754747956991196,0.9152140859514475
736256,0.003267041305662133,0.002572800836787792,0.921074440702796,0.1130645857192576,-0.06470457289833575,0.0003312066223770671,1.0897307638078928,0.2812016911339015
737280,-0.0215803551254794,0.0755929189035669,0.8181783016771078,0.11942288698628545,0.02649798823404126,0.02423012923100032,2.078942062333226,0.5915715540759265
738304,-0.004801623697858304,0.0645861339289695,1.2781305648386478,0.1674878429621458,0.0031103326473385096,0.009553069830872118,3.177690789103508,1.3134177923202515
739328,-0.009693692729342729,0.04001452261582017,1.1962228119373322,0.14049011748284101,0.02348388690734282,0.0003944002796743007,0.9934135777875781,0.2795539746293798
740352,-0.038916672696359456,0.025463244412094355,1.1972379926592112,0.1802296140231192,-0.06006195774534717,0.008709761204954702,1.7968624848872423,0.5769923193729483
741376,-0.007351509353611618,0.03359672718215734,0.9201521445065737,0.11530139809474349,-0.05042981804581359,0.007204662120784633,1.1767280856147408,0.2144973145914264
742400,-0.00454859682940878,0.05119801184628159,0.5517408298328519,0.09563090419396758,-0.011815886566182598,0.021680079778889194,1.510689226910472,0.2706944001838565
743424,0.0023453089816030115,0.06215714989230037,0.8794542923569679,0.14442427782341838,-0.01791005441918969,0.010631970973918214,1.4846623204648495,0.29039009800180793
744448,-0.012737792712869123,0.0560196575243026,1.0627939905971289,0.14993148134090006,-0.010045604693004861,0.010247006524878088,1.9246739819645882,0.4571453519165516
745472,-0.024577357311500236,0.04427555709844455,1.3175114318728447,0.19401568360626698,-0.06264325327356346,0.007173985544795869,1.6326379552483559,0.6732024066150188
746496,0.0014819236239418387,0.06546440499369055,1.272589834406972,0.18456004303880036,-0.042185380385490134,0.013278258018544875,1.6507278271019459,0.4561751508153975
747520,-0.014019995258422568,0.02613623341312632,1.0200509577989578,0.12098647095263004,0.010864604671951383,0.009455371651711175,3.2197098806500435,1.0997375398874283
748544,-0.017384543549269438,0.01996679446892813,1.0119995083659887,0.12164607481099665,0.0028693904750980437,0.00012702325546598559,1.6416675113141537,0.4253635765053332
749568,-0.017366629574098624,0.01801577108562924,1.0483747106045485,0.12949120090343058,-0.02186465276463423,7.940779802595443e-05,0.9647172782570124,0.14663062966428697
750592,-0.008406534208916128,0.027495480026118457,0.6678171344101429,0.08256671554408967,-0.030511569377267733,0.0049043424587580375,0.48941817227751017,0.07866627257317305
751616,-0.009394938126206398,0.051672903122380376,0.6576716601848602,0.09455611766315997,-0.027578888169955462,0.006251919847272802,0.5352876726537943,0.1022119983099401
752640,-0.01363290860899724,0.10441301902756095,1.1764932945370674,0.16490916907787323,-0.025839627429377288,0.02648271742509678,1.3948511872440577,0.2603849400766194
753664,-0.003938820009352639,0.08970892429351807,1.1030745934695005,0.17265690490603447,0.015826809511054307,0.009883527374768164,1.1330088153481483,0.20500353735405952
754688,-0.00878674526757095,0.08017309941351414,1.1700646318495274,0.15898609906435013,-0.030568778864108026,0.0004518241721598315,1.1880005318671465,0.1929734256118536
755712,-0.01779997505946085,0.05672396323643625,1.1001703962683678,0.15866269636899233,-0.01893592852866277,0.019077945209573954,1.474960383027792,0.43635045015253127
756736,-0.003514602081850171,0.10788983711972833,1.1740031205117702,0.1562356953509152,0.004714468930615112,0.054240791709162295,1.3334959242492914,0.26848616753704846
757760,-0.0028752815851476043,0.053704812191426754,1.339661717414856,0.1691778297536075,0.0035021953226532787,0.008714084622624796,1.7546185031533241,0.368981072679162
758784,-0.006384435182553716,0.04254608985502273,1.3887459747493267,0.1725892573595047,-0.014377663668710738,0.0002184070604585031,1.903350055217743,0.4222837407141924
759808,-0.007496708305552602,0.03630709368735552,1.2154191546142101,0.15093438606709242,-0.003271140798460692,0.00017364065257652328,1.9760590344667435,0.46298583317548037
760832,-0.026691414561355487,0.03673233784502372,0.7151766624301672,0.08570718485862017,-0.015935204486595467,0.0023398113589792047,0.6513447547331452,0.09689041518140584
761856,-0.005007013067370281,0.04872019519098103,0.6927273580804467,0.09791763150133193,-0.011850816139485687,0.007483132176275831,2.2609002329409122,0.5446245651692152
762880,-0.0010001255286624655,0.05573054566048086,0.7048887852579355,0.10838653752580285,-0.03283185730106197,0.0026577964090392925,1.6501712687313557,0.331443112809211
763904,-0.0216162029246334,0.038187115162145346,0.9170269779860973,0.12120506237260997,-0.02064726225216873,0.00034154682475673326,1.0798928570002317,0.17868070397526026
764928,-0.048620894202031195,0.019780972157604992,1.3088393434882164,0.20593812968581915,-0.010318018234102055,0.00025448360395330383,1.769120846875012,0.509892342844978
765952,0.0035508032888174057,0.1013688596431166,1.1786109805107117,0.1664964291267097,0.006464859965490177,0.044730205030646175,1.5365269258618355,0.4144556769169867
766976,-0.008684984088176861,0.04007907980121672,0.993802759796381,0.12202494055964053,-0.018968309566844255,0.00028199103076076426,2.3862737342715263,0.6981082791462541
768000,-0.03425377406529151,0.016811884386697784,1.4400195814669132,0.21497844764962792,-0.00731307826936245,8.793527122463729e-05,2.9104029163718224,0.8163999421522021
769024,-0.028564316598931327,0.040491958148777485,1.0479424428194761,0.14579839981161058,-0.015538363542873412,0.00011698602747856057,0.8858353607356548,0.3468209854327142
770048,-0.003788315982092172,0.042865017778240144,0.6506372522562742,0.06994323572143912,-0.004358117148512974,0.0025896152837958653,1.4109895313158631,0.23714406380895525
771072,-0.0016250762564595789,0.05962490162346512,0.7787060029804707,0.11434341641142964,-4.829074896406382e-05,0.000684254888255964,0.04561574524268508,0.004023695888463408
772096,-0.026331447166739963,0.04986446420662105,1.215424071997404,0.18966789077967405,-0.0266595982684521,0.001138840103521943,0.8206689385697246,0.23383866355288774
773120,-0.011489991753478535,0.09183483780361712,1.093968404456973,0.16428926028311253,-0.012002612027572468,0.016545718121051323,1.7588202748447657,0.42231039935722947
774144,-0.015454530279384926,0.03725076554110274,0.6983406459912658,0.0890386303071864,-0.020029573526699096,0.00027377973606235173,1.214260533452034,0.20499194040894508
775168,-0.007081852818373591,0.041971942177042365,0.5068080741912127,0.052644486422650516,-0.02454925383790396,0.021788157027913257,2.047216232866049,0.5559941856190562
776192,-0.004004286369308829,0.04758773825597018,0.33811472449451685,0.035007630998734385,-0.0037064168136566877,0.008003046175872441,0.24333358107833192,0.037136216240469366
777216,-0.004972703260136768,0.05226447724271566,0.5674227373674512,0.0701730198925361,-0.0443358676857315,0.022419891683966853,2.3869806975126266,0.7808117549866438
778240,-0.001643796538701281,0.05190623481757939,1.0480697136372328,0.13755628326907754,0.02278718102024868,0.0005968698722256249,0.15118780848570168,0.036006828624522313
779264,-0.011883469938766211,0.04283477977151051,0.994017818942666,0.12676606024615467,-0.0017443978285882622,0.00046681597564202093,0.41349614039063454,0.06487833248684183
780288,-0.02876319212373346,0.07564498670399189,0.8656872920691967,0.166928606107831,0.002437346614897251,0.0259241295279935,0.06047134107211605,0.010484257363714278
781312,-0.020375122607219964,0.06720963935367763,0.9308657106012106,0.13706448581069708,-4.397780867293477e-05,0.009375533099955646,0.031022790470160544,0.0026397586334496737
782336,0.004060478167957626,0.039820866542868316,0.9602100700139999,0.13249688735231757,-0.018756443198071793,0.00028486182827691664,0.9206034673843533,0.17799690930405632
783360,-0.018704404472373426,0.0677076403517276,0.9950576033443213,0.13735885336063802,0.0007942550000734627,0.009704048330604564,0.061688014306128025,0.0058125953073613346
784384,-0.009987502999138087,0.04780646809376776,0.9939150623977184,0.14561748574487865,-0.003907404316123575,0.008652801105199615,1.1147993132472038,0.20416373596526682
785408,-0.01585362081823405,0.05457885505165905,0.8267645686864853,0.10557497129775584,-0.08722985941858497,0.007210690404463094,2.1826864294707775,1.0903040310367942
786432,-0.0049036749405786395,0.01963799708755687,0.29981629829853773,0.024532500945497304,-0.033133433636976406,0.009959575356333517,0.8352694118511863,0.4419058386120014
787456,0.0005910602340009063,0.03913395281415433,0.8893000669777393,0.13767586112953722,0.012317835295107216,0.024625647522043437,1.1378676649183035,0.33050537994131446
788480,-0.0019121447403449565,0.062337455339729786,1.1868978813290596,0.18432410573586822,0.004715461720479652,0.04652301501482725,1.5703710988163948,0.43201112281531096
789504,-0.005213532320340164,0.04555932094808668,0.6840007659047842,0.09755477006547153,0.0024431544297840446,0.0029356675911458296,1.5284955576062202,0.23593598743900657
790528,-0.006214542663656175,0.06206925318110734,1.044345062226057,0.14628148591145873,-0.011053282549255528,0.045494933729059994,1.563349051401019,0.3555443906225264
791552,-0.00555047056695912,0.0500955272000283,0.8591150399297476,0.12101060664281249,-0.01346293292590417,0.012888579003629275,1.8079729229211807,0.43687894754111767
792576,-0.008307245559990406,0.04353252379223704,0.7451355028897524,0.09297947690356523,-0.023532547027571127,0.0016230469836955308,1.4034323152154684,0.2740156389772892
793600,-0.002474625507602468,0.045315954950638115,0.8050397830083966,0.10475903027690947,-0.013364802085561678,0.00028880772634920504,1.1799130621366203,0.1921978699392639
794624,-0.006155009818030521,0.04535238351672888,0.7482973728328943,0.09289388172328472,0.010500894131837413,0.000316322272283287,0.8070474173873663,0.16395396005827934
795648,-0.04498255351791158,0.03677002276526764,1.4058864302933216,0.22662396961823106,-0.05478804130689241,0.00576795462256996,0.9550321672577411,0.2540775965899229
796672,0.001282392768189311,0.02675758916302584,1.5694204084575176,0.20847740164026618,0.000604363449383527,0.0101800057454966,0.020009163970826194,0.0017171275103464723
797696,-0.0024900448479456827,0.013939088370534591,1.3187220841646194,0.15239101788029075,-0.00039969428326003253,0.0006541605048369092,0.060435607796534896,0.0051389101427048445
798720,-0.004942555620800704,0.011584789291191555,1.4888194613158703,0.17948465887457132,-0.008529238577466458,0.00022893576526428205,1.1262928652577102,0.18842376198153943
799744,0.002641049592057243,0.031955013546394184,1.6719968803226948,0.22881952114403248,-0.018318772548809648,0.020163091889116913,1.9491522014141083,0.5343210841529071
800768,-0.009225304500432685,0.06109646591357887,1.0234020240604877,0.13459114986471832,-0.04252683976665139,0.016724794608308002,1.3481795582920313,0.5184605037793517
801792,-0.0034889052039943635,0.015133834473090246,1.3946853652596474,0.18019992392510176,-0.000979468910372816,0.00015359489839283924,0.3060648189857602,0.04079084697877988
802816,-0.012049944562022574,0.02721003460464999,1.1200542263686657,0.14726223330944777,-0.013707201520446688,0.001920792537930538,0.9153777146711946,0.14186932845041156
803840,-0.01647315402806271,0.07005276810377836,1.0576015580445528,0.15979368006810546,-0.0006615961319766939,0.0008133236058256443,1.6147367097437382,0.2443677382543683
804864,-0.007058126793708652,0.06673081149347126,0.893267884850502,0.11414286214858294,-0.004209393751807511,0.008041584907005017,3.399543695151806,1.1903884341008961
805888,-0.015207539254333824,0.030265985638834536,1.1642964854836464,0.14607318281196058,-0.022494135570013896,0.006764745179680176,0.9894969537854195,0.2827590564265847
806912,-0.004406391322845593,0.08778979815542698,1.3220819346606731,0.1863788110204041,-0.034961629688041285,0.041239751619286835,2.2599222734570503,0.7585371239110827
807936,-0.00861117453314364,0.056749022216536105,1.2010887041687965,0.15168504510074854,-0.004324617621023208,0.02551691565895453,2.779037669301033,1.085969714447856
808960,0.0023861141526140273,0.050932593760080636,1.376156747341156,0.19858560664579272,0.017102607671404257,0.001329850510956021,2.2478390112519264,0.8112454181537032
809984,-0.011644693877315149,0.026257790566887707,1.3439369089901447,0.16310207592323422,-0.017409601277904585,0.0006776918366995233,1.5397800616919994,0.41129199508577585
811008,-0.015297617297619581,0.024621476884931326,1.323200460523367,0.1630730761680752,-0.0001529455475974828,0.00475378887495026,0.0665696932701394,0.006736753595760092
812032,-0.0030766187992412597,0.012706220848485827,1.5029394403100014,0.18842236138880253,-9.065255289897323e-05,0.003915993554983288,0.01585577556397766,0.00010740058496594429
813056,-0.018032641033641994,0.0035613118893706996,1.6490368731319904,0.2144771278835833,-7.399450987577438e-05,0.004492934127029002,0.0158789154374972,1.791381509974599e-05
814080,-0.009718599118059501,0.002925978256826056,1.4528914541006088,0.18287949496880174,-2.7540023438632488e-05,0.00283049079371267,0.012320699723204598,0.0003176961909048259
815104,-0.04161141056101769,0.004735408096166793,2.3234627582132816,0.5496082936879247,-0.026740127068478614,0.004169734093011357,0.17560340458294377,0.06301965931197628
816128,-0.015844289999222383,0.015506628202274442,0.7481071669608355,0.10043736058287323,0.058464303554501384,0.004026801992949913,2.2455694749951363,0.9820976820774376
817152,-0.018595733170513995,0.03698833490489051,1.368162076920271,0.20591633394360542,-0.010762472578790039,0.028876815893454477,1.7012221217155457,0.4372262516990304
818176,-0.019432834247709252,0.04625869239680469,0.9745475612580776,0.1187984028365463,0.015714120730990544,0.0023767735827391334,2.3455925062298775,0.5589326247572899
819200,-0.032799308057292365,0.036423108307644725,1.2962348870933056,0.19877408165484667,0.001462966058170423,0.0012561124416379243,1.7886036485433578,0.42375324107706547
820224,-0.0038002055371180177,0.04871128418017179,0.40846873074769974,0.031211699126288295,-0.03380266434396617,0.0029729347370448522,2.4770951941609383,0.6909921802580357
821248,0.0009238486672984436,0.02022067180951126,0.6203157240524888,0.10087640210986137,-0.03219430899480358,0.00048233818233711645,0.5465969145298004,0.1345709750894457
822272,-0.006789162282075267,0.014974589401390404,0.7590762414038181,0.08198106405325234,-0.010057501756818965,0.0005905583080902943,2.5368781676515937,0.8073949571698904
823296,-0.00877618626691401,0.03300541319185868,0.809089282527566,0.10150078136939555,-0.009698931506136432,0.009727737222419819,2.9870661329478025,1.062439781613648
824320,-0.0032544160640100017,0.04089180112350732,0.9029026385396719,0.12302707438357174,-0.002969738357933238,0.0003914809500429328,1.2906257323920727,0.2604533853009343
825344,-0.019011214244528674,0.05580134061165154,1.149644074961543,0.17138661863282323,0.021609913907013834,0.020367066987091675,2.237507462501526,1.1352439168840647
826368,-0.01190309714002069,0.016133589524542913,1.3844715356826782,0.1954981703311205,0.04165190662024543,0.0002092372923812036,2.300595745444298,0.9557594321668148
827392,-0.019093068345682696,0.038914569304324687,1.1473158188164234,0.15671308990567923,0.0012688165297731757,0.026067139871884137,2.4472924917936325,0.6553273219615221
828416,-0.012893725375761278,0.03204324730904773,1.2714787423610687,0.17481298698112369,0.014048317563720047,0.00023944313852553023,1.5346525982022285,0.262273077853024
829440,-0.021597464801743627,0.03287254396127537,1.1717949397861958,0.14258095854893327,-0.0021772172185592353,0.00019758479243137117,1.0310739669948816,0.08169392973650247
830464,-0.02980848254810553,0.04537313408218324,0.9564135540276766,0.14249506639316678,-0.05058213908341713,0.003975287803768879,1.1794495563954115,0.1986433684360236
831488,6.340345134958625e-05,0.059276840765960515,0.48998729325830936,0.07311660808045417,-0.006731399975251406,0.017117198440246284,1.2320586331188679,0.28368357196450233
832512,-0.0011660077871056274,0.059479621006175876,0.8178742062300444,0.13471925188787282,0.002679303608601913,0.008518036869645584,1.0929296482354403,0.2407290586270392
833536,-0.020317701913882047,0.03599383163964376,1.1577270571142435,0.16839006543159485,0.005038501403760165,0.009279003490519244,2.0555251762270927,0.5838388158008456
834560,-0.0004564932023640722,0.020588486397173256,1.065193485468626,0.1446359388064593,0.010591373895294964,0.00029740548598056193,1.1475609671324492,0.33743118157144636
835584,-0.05001216271193698,0.031047974131070077,0.9400002062320709,0.16220992361195385,-0.020206749060889706,0.010224311423371546,0.7884009554982185,0.13920397288165987
836608,-0.004071519637363963,0.038989245251286775,0.480075572617352,0.04948500526370481,-0.013893954281229526,0.00013177672821029773,0.878859406337142,0.14690864481963217
837632,0.002545096183894202,0.015043260238599032,1.1744340751320124,0.1524228942580521,-0.004935146396746859,6.938076427331907e-05,2.018179113045335,0.4568509503733367
838656,-0.0023760850890539587,0.05628624465316534,0.9046455733478069,0.10804673633538187,-0.01164621663338039,5.103076094314929e-05,1.207300741225481,0.23352207196876407
839680,-0.005348246195353568,0.044696152093820274,0.949857696890831,0.11032236251048744,-0.009981572104152292,3.0784850515885864e-05,1.4006985127925873,0.2143795364536345
840704,-0.04711460512771737,0.0376343714306131,0.9828267898410559,0.14774336759001017,-0.04740383100579493,0.00542542966286419,0.7492136924993247,0.2602167585864663
841728,-0.015682804310927168,0.04313270375132561,0.641828297637403,0.07637374947080389,4.725158214569092e-05,0.0015748575915495167,0.04320873972028494,0.003217646444682032
842752,-0.00807533084298484,0.013257101032650098,1.5702646970748901,0.28472704580053687,-0.03158164554042742,0.0007194745448941831,1.3905391967855394,0.32643794384784997
843776,-0.0027658632898237556,0.04400031571276486,0.9500230178236961,0.17328364914283156,0.011180712870554999,0.032916652533458546,1.3783566839993,0.3511344399303198
844800,0.006806937977671623,0.048465396044775844,1.0344214867800474,0.19466770719736814,0.007312898378586397,0.029922723420895636,2.387901693582535,0.6953963413834572
845824,-0.0410605329379905,0.041905067511834204,0.7015642561018467,0.11394618533086032,-0.0755799298058264,0.033479931036708876,0.6742925923317671,0.18962636985816061
846848,-0.023370305745629594,0.05209325917530805,0.7658212259411812,0.10635590320453048,-0.06547963910270482,0.020686027433839627,1.121065964922309,0.3134347985032946
847872,-0.007210360752651468,0.09561765636317432,1.202727174386382,0.19946343917399645,0.013959536619950086,0.03343628585571423,1.97504523396492,0.6548260571435094
848896,-0.0070817899104440585,0.06934509379789233,1.1099969297647476,0.1647083624266088,0.0010209573956672102,0.021464261779328808,1.3001398090273142,0.2333165213931352
849920,-0.004126366082346067,0.04530041746329516,0.9749017544090748,0.15142251970246434,0.003819739999016747,0.011990228384092916,1.6031239405274391,0.318373816087842
850944,-0.01303193558123894,0.020883647142909467,0.8406021315604448,0.09632550040259957,-0.011400878895074129,0.0006733816262567416,0.6565177626907825,0.09204257774399593
851968,-0.014075552840949968,0.025430865061935037,1.0165393128991127,0.13746254402212799,-0.010572163970209658,0.0007816203788024723,0.9842123799026012,0.1654526088386774
852992,0.0019482316129142419,0.05247481202241033,0.9511668626219034,0.14467919990420341,-0.01906729832990095,0.01732111741148401,2.673033084720373,0.810593974776566
854016,-0.005819706944748759,0.046554987551644444,0.9899511951953173,0.1819534138776362,0.014267472259234637,0.008792877491941908,2.1582731399685144,0.6236580638214946
855040,0.0031122443615458906,0.059901135391555727,0.4494051346555352,0.07634319819044322,-0.008587838266976178,0.0018196157107013278,0.8689336068928242,0.16091316775418818
856064,-0.02214685036597075,0.03791225852910429,1.2472956217825413,0.20336497854441404,0.009973182110115886,0.008742156678636093,0.6527906265109777,0.1040023133973591
857088,-0.004409309723996557,0.024715166247915477,1.080494625493884,0.15254930243827403,-0.017782896728022024,0.01692120861116564,2.2461093924939632,0.544170196633786
858112,-0.006082775769755244,0.04366736800875515,1.1292195543646812,0.17694791592657566,0.012411809002514929,0.008378863974940032,2.7365148290991783,0.7543737506493926
859136,-0.010068914940347895,0.03601037443149835,0.8651970624923706,0.12231769599020481,-0.00368325159070082,0.0002675782137657734,2.3525805808603764,0.43904079869389534
860160,-0.013773089740425348,0.03058617393253371,0.8121923673897982,0.11098041152581573,6.443756865337491e-05,0.002795311258523725,1.107647491618991,0.14274776843376458
861184,-0.021156973918550648,0.04314944660291076,1.2219355218112469,0.1741251926869154,-0.027690373884979635,0.009620346372685162,1.3225281964987516,0.2318666169885546
862208,-0.0157389084197348,0.03859153081430122,1.1830399818718433,0.1774404845200479,-0.0019002560584340245,0.0010897933516389458,1.344619758427143,0.24850535858422518
863232,-0.018735590288997628,0.05205654236488044,1.0307089071720839,0.16256078472360969,-0.014180074096657336,0.00024987408869492356,0.8875002786517143,0.10835601668804884
864256,-0.00044794905988965183,0.04237028816714883,1.004576776176691,0.14080153056420386,-0.015129381732549518,0.024238011479610577,1.632788773626089,0.34529669815674424
865280,-0.026892266687355004,0.047156671644188464,0.9457541853189468,0.13072402658872306,-0.02734137579682283,0.011363192170392722,1.0481000449508429,0.19236140372231603
866304,-0.02294997360149864,0.031755954085383564,1.4221431761980057,0.2159954416565597,-0.00022935238666832447,0.0014207225149220903,0.36329282307997346,0.045072931970935315
867328,-0.006131822650786489,0.02973010891582817,0.9133598068729043,0.11854321818100289,-0.016225830986513756,0.0004526301743226213,0.8196752876974642,0.12756634154357016
868352,-0.02030283657950349,0.043503961293026805,0.9178770147264004,0.1193426069803536,-0.02716880207299255,0.01700649097620044,1.858104906976223,0.5180078344419599
869376,-0.007563380378996953,0.030116629088297486,0.7633300377056003,0.09213278524111956,0.005013948000851087,0.001173679597741284,1.2543937303125858,0.35929780546575785
870400,-0.009442003356525674,0.038577466388233006,0.8746931292116642,0.1107992606703192,-0.08613282657461241,0.008885538791219005,1.9192823730409145,0.5721129211597145
871424,-0.03091364561987575,0.02414121327456087,1.1723159402608871,0.18428169703111053,-0.04169588003423996,0.005321588025253732,1.1975731514394283,0.2589862556196749
872448,-0.0256391134171281,0.0505561645841226,1.0114725921303034,0.15399631229229271,-0.009382086689583957,0.03197193308733404,1.3340864088386297,0.35943659534677863
873472,-0.010480553784873337,0.04774176829960197,1.1185503639280796,0.17291410034522414,0.0007553765462944284,0.01025663348264061,2.826404184103012,0.9008953385055065
874496,-0.017841555731138214,0.042579430155456066,1.0254565980285406,0.1554927909746766,0.008025884337257594,0.013205303162976634,1.8362103030085564,0.4814415597356856
875520,-0.021331187163013965,0.05603496846742928,0.9412890151143074,0.14815092273056507,-0.0011573919036891311,0.014287459955085069,1.9263319782912731,0.5409367866814137
876544,0.002915124176070094,0.0568553286138922,0.9577742032706738,0.11958640511147678,0.00117342738667503,0.017494340099801775,1.9758269004523754,0.42832072265446186
877568,-0.004203929682262242,0.05251210113056004,1.100069560110569,0.14915696228854358,0.013728515332331881,0.016154288226971403,1.6501052342355251,0.40869361720979214
878592,-0.003291553832241334,0.060504838824272156,0.9569996912032366,0.11773764505051076,0.00828986131818965,0.016474010219099,2.5630794018507004,0.6637242846190929
879616,-0.004188451421214268,0.055465667974203825,1.0956020541489124,0.1532939551398158,0.00737205077894032,0.0007797346816005302,1.1037910096347332,0.21783512365072966
880640,-0.025517682457575575,0.035866779333446175,0.8762829042971134,0.11410005413927138,-0.05204195436090231,0.009922146404278465,0.9444329291582108,0.19838894507847726
881664,-0.005397619621362537,0.032361010438762605,1.3448216952383518,0.1934942719526589,-0.03533350265934132,0.014017226538271643,1.0107729667797685,0.196476909564808
882688,-0.010198827294516377,0.035390196018852293,1.1727601010352373,0.16075550997629762,-0.012657041545026004,0.0046168201970431255,2.3435576520860195,0.539120014756918
883712,-0.020382293441798538,0.039936602872330695,1.0190794672816992,0.13451368920505047,0.00038985765422694385,0.03174888750072569,2.957328498363495,0.6905006375163794
884736,-0.01949515048181638,0.0395149125251919,0.7806445378810167,0.09571551228873432,0.010572528670309111,0.00037447048200078825,2.9373607113957405,0.5171409025788307
885760,-0.003137962441542186,0.022980344714596868,0.3337964811362326,0.027598351414781064,-0.06492979382164776,0.008264539916126523,0.7016128581017256,0.08870206476422027
886784,-0.02862863807240501,0.03501245682127774,1.1962616704404354,0.16715763928368688,-0.01961767599277664,0.012445116954040714,1.0745053309947252,0.1963108853669837
887808,-0.007000942059676163,0.056535127805545926,1.2410462498664856,0.17863614251837134,-0.02318891551112756,0.026712294755270705,2.4214034751057625,0.610670754685998
888832,0.00029174218070693314,0.060949521721340716,1.2877970412373543,0.17842598212882876,0.05253134178929031,0.008229898587160278,2.8118653148412704,0.8199706105515361
889856,-0.0070503858660231344,0.05045554903335869,1.3427677378058434,0.18361563002690673,-0.0011130822531413287,0.014550660562235862,1.1746089421212673,0.19618989201262593
890880,-0.015716608380898833,0.033645407238509506,0.690095691010356,0.08095023815985769,-0.0018772644107230008,0.001435496593330754,0.5364647768437862,0.08273448317777365
891904,-0.0057451395550742745,0.07039133214857429,1.1206510812044144,0.14155967580154538,-0.010098006925545633,0.011810281648649834,1.8770738877356052,0.37702813278883696
892928,-0.006729657179675996,0.07782188535202295,1.083165591582656,0.13528893352486193,-0.0025565787800587714,0.016998773426166736,2.384078547358513,0.4940332695841789
893952,-0.005793563206680119,0.054913568892516196,1.1821023523807526,0.1614605668000877,0.019412368143093772,0.0002361171723919142,2.2150072157382965,0.5105148409493268
894976,-0.01746592608105857,0.054347036173567176,1.101650632917881,0.1476535894908011,-0.018336547684157267,0.0001571278860694747,2.270173490047455,0.39469656301662326
896000,-0.013704176191822626,0.039879283984191716,1.1472690515220165,0.13060776703059673,-0.05388113699154928,0.014161079743644223,1.136763826943934,0.23677631991449744
897024,-0.01606971406727098,0.06013106869067997,1.1970673650503159,0.1434501016046852,0.023533719810075127,0.042053199489600956,1.527277110144496,0.41549596656113863
898048,-0.03629172840737738,0.02633200035779737,1.4733038283884525,0.20069399289786816,-0.009159568813629448,0.0007534040601058223,1.1912405006587505,0.18329063057899475
899072,0.0004560849629342556,0.010818666218256112,1.0783030819147825,0.14895379822701216,-0.027554944215808064,0.0003279010907135671,0.7729854574427009,0.12425381678622216
900096,-0.04031376384955365,0.04259965242817998,1.0737117361277342,0.1488309046253562,-0.0022846395149827003,0.0119063913662103,0.4602403286844492,0.06280378415249288
901120,-0.0017978668765863404,0.02983883849810809,0.42377754393965006,0.04462869220878929,0.0019778538262471557,0.004640570914489217,0.13210167340002954,0.01294224156299606
902144,-0.008899264052161016,0.0551363731501624,0.5280299447476864,0.06014811689965427,-0.003633195476140827,0.0037684527269448154,0.457169346511364,0.06753170129377395
903168,0.004789233469637111,0.06426775688305497,0.5433769458904862,0.07033908669836819,0.007648739556316286,0.00874583422410069,0.04971194270183332,0.009094468492548913
904192,0.0030837501981295645,0.05427350418176502,0.6416405532509089,0.08797216275706887,1.9078346667811275e-05,0.0004848332846449921,0.009086134028621018,0.0005974936066195369
905216,-0.02293953561456874,0.07110645354259759,0.7933742851018906,0.15232994710095227,-0.05957852827850729,0.001217748142153141,0.6382692437618971,0.19778936385409907
906240,-0.013888422028685454,0.07299546140711755,1.2572540305554867,0.22102055582217872,0.018571284716017544,0.03144084301311523,1.9062165655195713,0.4744950979948044
907264,-0.014168005422106944,0.0709846606478095,0.9404672775417566,0.1347041567787528,-0.003637140238424763,0.0018298054328624858,1.4206652585417032,0.24245209386572242
908288,-0.0032401434145867825,0.10789611376821995,0.739137876778841,0.10612946725450456,-0.022768847207771614,0.0011455371413831017,1.2256756089627743,0.1959519349038601
909312,-0.013767517972155474,0.03858453192515299,0.9768400061875582,0.13200801238417625,-0.004640880011720583,0.0005889978818913733,1.2813447825610638,0.19791437312960625
910336,-0.00935766112525016,0.05828418640885502,0.6987057849764824,0.09445940039586276,-0.02913505074684508,0.0017379378550685942,1.4813527967780828,0.3826560340821743
911360,-0.012047472366248257,0.02799938735552132,1.0267350934445858,0.14375647786073387,-0.007131748599931598,0.0004439260592334904,0.42194999172352254,0.06248288945062086
912384,-0.011834840814117342,0.045255765318870544,1.1992205828428268,0.1552265132777393,-0.016913849758566357,0.0010632983412506292,1.3582800012081861,0.27414588909596205
913408,-0.04092023879638873,0.04925698909210041,0.9343377500772476,0.127925535896793,-0.00011340773198753595,0.01723857512115501,0.5313690565526485,0.09018821379868314
914432,0.004074506578035653,0.04218350222799927,0.45552881993353367,0.05737739335745573,0.0006864586030133069,0.008729195844352944,1.2648057974874973,0.2677937410771847
915456,-0.001947289980307687,0.06834429316222668,0.7985335234552622,0.138262351276353,-0.022479551553260535,0.01871129678329453,1.9198286794126034,0.4491251325234771
916480,-0.009431960934307426,0.05437325616367161,0.883535910397768,0.1251834682188928,0.0014065374853089452,0.02325247772387229,1.6832836847752333,0.3422493510879576
917504,-0.015434771368745714,0.043873616377823055,0.9235112406313419,0.14744522469118237,0.005142004374647513,0.0006125764675743994,1.3392108520492911,0.30353279947303236
918528,-0.009579812962329015,0.04895003722049296,1.0855876617133617,0.14496556972153485,-0.013302248844411224,0.0001688502600245556,1.701889717951417,0.3515555488411337
919552,-0.006878757965750992,0.0394988035550341,0.8278419990092516,0.10450231935828924,-0.01679497738950886,0.008865854837495135,3.502975396811962,2.1391229638829827
920576,-0.049537282495293766,0.05047836585436016,1.312741994857788,0.24261964112520218,-0.06105248551466502,0.004438550451595802,1.1557632498443127,0.327208642847836
921600,0.01904070415184833,0.007843704398510454,1.7995321303606033,0.3629869590513408,5.13868872076273e-06,0.0009555391915796463,0.004364145745057613,0.00022567715495824814
922624,-0.00943468626064714,0.005684415262294351,1.1702660955488682,0.15827037394046783,-0.052410371077712625,0.0006846511132607702,0.5006277976790443,0.11596654425375164
923648,-0.02396429503278341,0.029856880486477166,0.738205486908555,0.09087725845165551,-0.027651394542772323,0.0005237413788563572,2.394011242315173,0.8805053075775504
924672,-0.013921716395998374,0.01992869412060827,0.6468545077368617,0.07666120867361315,-0.025293097860412672,0.00038265351224708866,3.1365894731134176,1.281298579648137
925696,-0.017406713537639007,0.070725989760831,0.9283123165369034,0.12797563336789608,-0.005160350963706151,0.01983347577333916,1.2362578166648746,0.583539912942797
926720,-0.0022342922165989876,0.049630196881480515,0.9609773457050323,0.13441358762793243,0.01855760057514999,0.009816452897212002,2.06425704061985,0.637220473960042
927744,-0.016620659705949947,0.04140856256708503,0.986096728593111,0.12542235106229782,0.0037233750335872173,0.005190751070585975,1.670642476528883,0.40725293615832925
928768,-0.013757994383922778,0.04856044612824917,0.9099130257964134,0.12663622898980975,-0.003992013109382242,0.008764549469560734,3.3942459002137184,1.6110612377524376
929792,-0.009809935378143564,0.04785178380552679,1.0895575806498528,0.15367692150175571,0.00418997195083648,0.00958831744719646,2.224234879016876,0.7337742410600185
930816,-0.015865196779486723,0.06167598161846399,1.0350029077380896,0.1474542294163257,-0.03930563127505593,0.01261307331151329,1.574118411168456,0.5327361496165395
931840,-0.004596813058014959,0.06880897376686335,0.8646707851439714,0.11210421845316887,0.005297729454468936,0.05370009387843311,2.1972872745245695,0.70240059774369
932864,-0.01697353206691332,0.05264987098053098,1.0384539868682623,0.14127435209229589,-0.0007249350310303271,0.0265254529658705,1.7662668898701668,0.44434683583676815
933888,-0.0041025001992238685,0.04770759108942002,1.0381661523133516,0.14138666819781065,-0.001785270927939564,0.005424931305242353,2.919585093855858,1.0626363288611174
934912,-0.00668993653380312,0.038430445827543736,1.0525855515152216,0.14076094329357147,-0.007591536414111033,0.00041907057266143966,0.9569935463368893,0.18746657273732126
935936,-0.025677160097984597,0.056928085163235664,1.0881349388509989,0.14918477134779096,-0.0142588272865396,0.0020234018520568497,1.0133501663804054,0.15716091287322342
936960,-0.00786181609146297,0.04138293513096869,0.7310467772185802,0.0889575652545318,-0.009790829761186615,0.0002855214399914985,1.0453148037195206,0.15262962761335075
937984,-0.008541145623894408,0.051426455145701766,0.9539064858108759,0.13412037957459688,-0.017980294942390174,0.016513411508640274,2.816867057234049,1.0521875657141209
939008,-0.006437181466026232,0.06707087357062846,1.0768224094063044,0.16948274662718177,0.02055301534710452,0.00037286522956492263,0.5642263778718188,0.20125178014859557
940032,-0.03354809683514759,0.05649406526936218,1.3803929388523102,0.2220567213371396,-0.0034364431048743427,0.013149481135769747,0.13130669842939824,0.016133648168761283
941056,-0.013282105384860188,0.016083657024864806,1.3990233168005943,0.20547955692745745,-0.00020318623865023255,0.01244556336041569,0.017106274666730314,0.0013582141837105155
942080,0.011790060467319563,0.01752472115913406,0.765253450255841,0.14325191848911345,-0.002860188003978692,0.010812290926878632,0.156786578532774,0.018724557477980852
943104,0.004732802786747925,0.10399217600934207,0.26913237757980824,0.03027337894309312,-0.003460897773038596,0.045135503518395126,1.2122209444642067,0.24842282896861434
944128,-0.01833785793860443,0.0898378319106996,0.7720993962138891,0.10708675428759307,0.012537809379864484,0.010344157082727179,0.3521718697156757,0.05297491408418864
945152,0.0021336606005206704,0.06627227168064564,0.8629077840596437,0.12292116670869291,-0.018789671099511907,0.0027650459360302193,0.4958584422711283,0.1315360168227926
946176,-0.009121545328525826,0.016807770007289946,0.4389489246532321,0.04396909073693678,-0.0046909905795473605,0.008401625244005118,0.5005909372121096,0.09637978707905859
947200,-0.014562646305421367,0.07738706923555583,1.1137878522276878,0.14656306989490986,-0.009769755619345233,0.026865481500863098,1.2805120814591646,0.32466624677181244
948224,-0.04268706444418058,0.03741703351261094,1.1393023952841759,0.16090834303759038,0.012579566915519536,0.009321912675659405,1.2125571370124817,0.21150719048455358
949248,-0.026693514751968905,0.027991319890134037,1.162708692252636,0.17131942976266146,-0.024098287743981928,0.000992371767097211,1.051345707848668,0.15887343301437795
950272,-0.010692363954149187,0.02145502349594608,0.8376147318631411,0.10805336176417768,-0.035631271166494116,0.001597184764591475,1.207071510143578,0.2252259695669636
951296,-0.05248304248380009,0.0628877345006913,1.031910877674818,0.17852075677365065,-0.05743655504193157,0.0005738218596889055,0.7184451799839735,0.13743051374331117
952320,-0.029007996898144484,0.06759683601558208,1.104307258501649,0.18787083169445395,0.014493806462269276,0.02599348092917353,1.8432572297751904,0.41128562996163964
953344,0.00037076929584145546,0.07675554195884615,0.3743040142580867,0.04214869864517823,-0.002789476333418861,0.0006944750559796375,1.2142456285655499,0.20676413644105196
954368,-0.004723888967419043,0.05594746593851596,0.7261529043316841,0.09335637709591538,0.0008160696597769856,0.0004265779026582095,0.22468376671895385,0.028337908384855837
955392,-0.008058017134317197,0.04384351056069136,0.9285599440336227,0.11894574924372137,0.0034264821733813733,0.002692870442842832,0.10559855657629669,0.013448120036628097
956416,-0.001720388507237658,0.028894911287352443,0.7764280270785093,0.08491582446731627,-0.009620580764021724,0.008352662971446989,1.8395350859500468,0.3720959462225437
957440,-0.005015587812522426,0.05949534976389259,0.9489568192511797,0.11806831252761185,0.007369996790657751,0.03356874128803611,1.460790153592825,0.28857526695355773
958464,-0.009812726348172873,0.0308488134178333,1.0952539779245853,0.15062118414789438,0.002410379674984142,0.000410015758575355,1.3322753421962261,0.2305800342001021
959488,-0.020547491309116594,0.03193238243693486,0.8847187040373683,0.12036167248152196,-0.009460336063057184,0.0003564295532214601,0.818579314276576,0.12773214629851282
960512,-0.03197506882133894,0.02496974798850715,1.3287023045122623,0.1982772508636117,-0.084665912843775,0.007908252340712352,1.3686128854751587,0.3385743664111942
961536,-0.001236433963640593,0.023216121015138924,0.34743689373135567,0.02548920689150691,-0.00024545443011447787,0.006318308264781081,0.01568345577106811,0.0010951996082440019
962560,-0.009658506169216707,0.026463843823876232,0.8936693128198385,0.11926907021552324,-0.0012072519748471677,0.007838681267458014,0.15969706297619268,0.016305582073982805
963584,-0.036319493025075644,0.06137151352595538,1.140002265572548,0.17812250647693872,-0.02012861255207099,0.03963977028615773,0.976869335398078,0.16648433660157025
964608,-0.02525297144893557,0.061230424558743834,1.1238606497645378,0.19901671027764678,-0.026433279155753553,0.005611650172795635,1.2083850428462029,0.21559168910607696
965632,-0.0033046329917851835,0.02483054483309388,0.26652157260105014,0.024842711602104828,-0.0019447084923740476,0.010895580344367772,0.8626649957150221,0.13285756995901465
966656,-0.023989632245502435,0.04278384183999151,1.0883090123534203,0.17527739773504436,0.0004571830795612186,0.015725093297078274,1.2862201314419508,0.21514900168403983
967680,-0.03269642712257337,0.022834889212390408,1.3836834095418453,0.24122234573587775,-0.016680257685948163,0.0015206647130980855,0.8297541905194521,0.12498535541817546
968704,-0.008397525802138261,0.01153446845637518,1.5557205881923437,0.3849795153364539,0.003999504144303501,0.00047439115485303773,0.09670752030797303,0.009583701030351222
969728,-0.018813529110047966,0.008270069128229807,1.52230928465724,0.22486163256689906,-0.00012654323654714972,0.0004104323746503269,0.2227308948058635,0.02387821674346924
970752,-0.06172071814944502,0.03852825245121494,0.9947041859850287,0.19328852044418454,-0.06434363729204051,0.024408673401921988,0.6963574038818479,0.13694530591601506
971776,-0.02537314126675483,0.053558614454232156,0.8595075905323029,0.14982754364609718,-0.02379203320015222,0.031537481292616576,1.1874108910560608,0.20886131864972413
972800,-0.026165225615841337,0.031387657567393035,0.80318209156394,0.12736343801952899,-0.004646668065106496,0.0005370355809191096,0.9320639781653881,0.14032442797906697
973824,-0.00879814921063371,0.02186381397768855,0.8572208061814308,0.12731638341210783,0.0009635762544348836,0.0003510693447665858,1.3127002622932196,0.20433199731633067
974848,-0.01869588575209491,0.01966198452282697,0.9004688486456871,0.13579077157191932,0.001412794750649482,0.0002509390076852469,1.4249885268509388,0.22436304669827223
975872,-0.025357713166158646,0.026800306979566813,0.8894707914441824,0.13706888537853956,0.006215490706381388,0.004886235459707677,0.3027204489335418,0.03644005849491805
976896,-0.03607221186393872,0.038518557616043836,0.8602583035826683,0.12316320789977908,-0.01832288462901488,0.013206911040470004,1.048526526428759,0.16987828817218542
977920,-0.03744112892309204,0.07323734415695071,1.1162906680256128,0.19042309140786529,-0.0027150533569511026,0.0035337117151357234,0.8243248835206032,0.11715554795227945
978944,-0.032386764185503125,0.054791248752735555,0.8971071057021618,0.17983632581308484,-0.007877678755903617,0.006858191633000388,1.3705212101340294,0.21935237385332584
979968,-0.016097662795800716,0.047289683599956334,0.38246689178049564,0.04482689447468147,-0.006489103601779789,0.015400222298922017,1.5591886527836323,0.2708514225669205
980992,-0.020662684182752855,0.05456931283697486,0.7242056876420975,0.11979511403478682,-0.009948350285412744,0.013917294214479625,1.116576001048088,0.1781776025891304
982016,0.0013562144304160029,0.054111719015054405,0.28137224446982145,0.03752202959731221,-0.0070147540245670825,0.0008499062932969537,1.1195001602172852,0.16199544817209244
983040,0.0008717635937500745,0.06058478355407715,0.31941990833729506,0.037168389302678406,-0.0046595515159424394,0.008246052930189762,1.408962644636631,0.22357239108532667
984064,-0.0017067659500753507,0.05536086962092668,0.5582977579906583,0.07640576723497361,0.006171940767671913,0.01607527593296254,1.6321596018970013,0.284605466760695
985088,-0.011491308599943295,0.06765392876695842,1.249118348583579,0.22570160450413823,-0.020088112651137635,0.020650922786444426,1.143158556893468,0.21071305498480797
986112,-0.008046270944760181,0.010478835836693179,0.9665492903441191,0.12858645734377205,-0.0052787511522183195,0.001104543042856676,0.5673804031684995,0.08122227026615292
987136,-0.015633705144864507,0.050829826621338725,1.632256980985403,0.2346490635536611,-0.020474529592320323,0.009958096106856829,2.3517771549522877,0.5871186191216111
988160,-0.00890134196379222,0.031220389384543523,1.3486310429871082,0.19230262748897076,0.03037070867139846,0.0006483469960585353,0.802373057580553,0.2622079611173831
989184,-0.0031653705809731036,0.012204577127704397,1.2683425899595022,0.18992270960006863,8.369679562747478e-06,0.0001697799354332119,0.018119020794983953,0.0007837536977604032
990208,-0.019612562551628798,0.014127045680652373,1.8138588443398476,0.2960916645824909,-7.122932584024966e-05,0.008273838979221182,0.016409882256994024,0.0007171297911554575
991232,0.002844369242666289,0.0018546868486737367,0.13123460114002228,0.03745823650388047,-0.0003044900659006089,0.003323260483739432,0.01499780995072797,0.0007403009803965688
992256,0.0011400756193324924,0.01099265945958905,0.10514264577068388,0.005341146374121308,-0.0001767622889019549,0.0028432323758806888,0.020764040702488273,0.0014987076865509152
993280,-0.0025758991978364065,0.012977200036402792,0.17332707392051816,0.02614025172078982,-0.00043416739208623767,0.003498595669043425,0.025533077772706747,0.0019093097653239965
994304,0.0011031681060558185,0.0019845348215312697,0.08853468694724143,0.0044757460709661245,-0.026110048114787787,0.0014768463661312126,0.7730435507837683,0.13223035912960768
995328,0.00406955047219526,0.019822760950773954,0.25560505129396915,0.024790447496343404,-0.054583329081651755,0.004748174111227854,1.3422436220571399,0.295289191941265
996352,-0.025774246751097962,0.050763391074724495,1.0228577349334955,0.17074359278194606,0.004696183430496603,0.011668851235299371,0.09285529528278857,0.012866051169112325
997376,0.009985507364035584,0.0258533499436453,0.1830782233737409,0.03287178458413109,-0.013749902514973655,4.6086533984635025e-05,0.4876071234466508,0.07471372536383569
998400,0.008513889566529542,0.030380494659766555,0.7459466140717268,0.12068468309007585,0.006530610960908234,0.001057177561960998,0.08693271345691755,0.02083606825908646
999424,0.005623272591037676,0.04552509728819132,0.966157641261816,0.16875590570271015,-1.2212403817102313e-05,0.009852112092630705,0.016674454527674243,0.0008730758563615382
