step,agv_actor_loss,agv_value_loss,agv_entropy,agv_approx_kl,pick_actor_loss,pick_value_loss,pick_entropy,pick_approx_kl,agv_grad_norm,pick_grad_norm
1024,0.17564283800311387,0.1445173490792513,4.534161031246185,1.6072751358151436,0.2377541451714933,0.0703415516181849,4.491534888744354,2.3890413716435432,0.7110873647034168,1.0459907101467252
2048,0.13368047215044498,0.17183488584123552,4.03827403485775,0.9890134632587433,0.13379740493837744,0.030368326493771747,3.6098461002111435,0.9639204628765583,0.9054533708840609,0.49760889541357756
3072,0.12109491741284728,0.18717505130916834,3.996701404452324,0.9389769714325666,0.09881413844414055,0.031403291068272665,3.4851384088397026,0.8952512368559837,1.0256294570863247,0.688996892888099
4096,0.07461517833871767,0.19621819746680558,3.7122984305024147,0.5938510708510876,0.0692328973673284,0.03961671417346224,3.3594361692667007,1.010166384279728,1.068402336910367,0.7333424715325236
5120,0.09182181389769539,0.15386708616279066,3.7027561143040657,0.7295712940394878,0.08019843907095492,0.04505970183527097,3.461413010954857,1.0988018475472927,0.8643926875665784,0.6208106409758329
6144,0.08146286511328071,0.18070632521994412,3.7356826812028885,0.7915886882692575,0.07450210084789433,0.04897203989094123,3.7474877312779427,1.5151704922318459,0.7020625965669751,0.602960511110723
7168,0.0672237935650628,0.22392709087580442,3.5505067259073257,0.5747486837208271,0.09173420839942992,0.04401147668249905,3.391679160296917,1.1992982141673565,1.334900688380003,0.7733254507184029
8192,0.06229226230061613,0.1993814294692129,3.62879728525877,0.6078217029571533,0.12132240820210427,0.03541338280774653,3.5616767331957817,1.146426821127534,0.9322415366768837,0.7086583748459816
9216,0.09291444276459515,0.12268879148177803,3.7000022530555725,0.6971293818205595,0.1300603123381734,0.037336732377298176,3.8459970727562904,1.3113863747566938,0.4725371031090617,0.5778197413310409
10240,0.07753351225983351,0.11906415154226124,3.7664871364831924,0.7062808368355036,0.1139401689870283,0.032123794429935515,3.321343883872032,0.8799941316246986,0.705163680948317,0.6450736867263913
11264,0.06923165687476285,0.17738337232731283,3.755110837519169,0.756819624453783,0.08680701634148136,0.05078966805012897,3.948603041470051,1.575685903429985,0.6990582328289747,0.6032491531223059
12288,0.07513304508756846,0.13545474200509489,3.550155743956566,0.5663131382316351,0.09855571511434391,0.05188221641583368,3.7433061078190804,1.4416121430695057,0.8399682929739356,0.750937083736062
13312,0.07019070076057687,0.14368546241894364,3.6489774510264397,0.6582973152399063,0.09795237070648,0.03957499988609925,3.4162136390805244,1.1161015219986439,0.6869322750717402,0.6014706753194332
14336,0.08063247767859139,0.23823548248037696,3.510118640959263,0.6603198330849409,0.0899162229616195,0.039238235156517476,3.609176903963089,1.2210086286067963,0.809389934875071,0.5819618124514818
15360,0.06541102040500846,0.18649687198922038,3.4328635782003403,0.56797612644732,0.1385372881195508,0.04342341085430235,3.7690420895814896,1.3803051859140396,0.7473323494195938,0.5752988522872329
16384,0.06560552644077688,0.16368171572685242,3.57480301707983,0.6339595820754766,0.11048661795211956,0.03811417327960953,3.803389273583889,1.382724355906248,0.7775432094931602,0.5634505981579423
17408,0.04855235852301121,0.15572246140800416,3.494963012635708,0.5064895302057266,0.07037465021130629,0.04734566336264834,3.7107154801487923,1.5814024955034256,0.7293082373216748,0.628013351932168
18432,0.06844012628425844,0.1406395195517689,3.607782207429409,0.6412972491234541,0.08483392526977696,0.037043502437882125,3.594873785972595,1.3287623059004545,0.6926996801048517,0.511859049089253
19456,0.07395905168959871,0.17390896729193628,3.4633339941501617,0.5903322845697403,0.09374877726077102,0.05730959231732413,3.5657221600413322,1.163218041881919,0.8278018441051245,0.6314451079815626
20480,0.0643903785967268,0.18919673888012767,3.531156934797764,0.5928235966712236,0.07024521892890334,0.07235015311744064,3.3315520957112312,1.3040353376418352,0.7038270588964224,0.7550371186807752
21504,0.060475024656625465,0.19502445519901812,3.5686076506972313,0.5958290006965399,0.1150174043723382,0.0778943442273885,3.844568580389023,1.5329849869012833,0.9342347607016563,0.8551869299262762
22528,0.08473585863248445,0.21344534680247307,3.7194675505161285,0.7366154324263334,0.072577685728902,0.05475593340815976,3.6519328132271767,1.4438851848244667,0.9893556321039796,0.7130330810323358
23552,0.06923816353082657,0.275109572801739,3.5398908257484436,0.5713523253798485,0.09684342797845602,0.044787910010199994,3.539744295179844,1.23485616594553,0.9780100118368864,0.6624178737401962
24576,0.06649960452341475,0.1239657944533974,3.6371175199747086,0.6369746699929237,0.118814347544685,0.03475217608502135,3.6464550346136093,1.1747882664203644,0.6387989223003387,0.6572654815390706
25600,0.07023726718034595,0.12980061187408864,3.566358171403408,0.5859244037419558,0.08092622173717245,0.028252624557353556,3.4932840913534164,1.2349887061864138,0.6321661463007331,0.6814524522051215
26624,0.05822621461993549,0.11417637788690627,3.6005854308605194,0.5687050353735685,0.06674074096372351,0.030236485443310812,3.5814919769763947,1.3902725279331207,0.7190904319286346,0.7812405694276094
27648,0.06528364727273583,0.14330928470008075,3.7690137550234795,0.7071185298264027,0.054142999288160354,0.0392104004858993,3.6185967326164246,1.7342280484735966,0.7156916400417686,0.841094427742064
28672,0.06824688074993901,0.1494321853388101,3.558672197163105,0.5786221427842975,0.07616120099555701,0.03778853849507868,3.6094402223825455,1.722381841391325,0.5780595541000366,0.6426793467253447
29696,0.06030499647022225,0.20144651783630252,3.510109521448612,0.5207865843549371,0.08793251181486994,0.060930625069886446,3.5631899014115334,1.4179858826100826,0.7601875839754939,1.2417342569679022
30720,0.06232283444842324,0.13593067531473935,3.6338797360658646,0.5929159838706255,0.1356615026597865,0.05708632059395313,4.0088803842663765,1.724316019564867,0.5658621853217483,0.8565607666969299
31744,0.08290353036136366,0.12870448338799179,3.5067779049277306,0.6488235518336296,0.13238791283220053,0.045435770764015615,3.9574681520462036,1.7402818612754345,0.5792455980554223,0.7966454476118088
32768,0.0919059399748221,0.13582042744383216,3.7476852908730507,0.743749750778079,0.09345763002056628,0.026738077838672325,3.615147188305855,1.2034899853169918,0.5585252428427339,0.6930195987224579
33792,0.07384786813054234,0.15379202598705888,3.761793978512287,0.7376591730862856,0.06675257071037777,0.022101271897554398,3.4082494974136353,1.248863410204649,0.6610709680244327,0.634097021073103
34816,0.06852331332629547,0.14698399230837822,3.476711705327034,0.5949063505977392,0.06934676013770513,0.03939830994931981,3.490614078938961,1.2709771785885096,0.6449227938428521,0.8782215416431427
35840,0.06342662952374667,0.15436264500021935,3.4763253554701805,0.5356204323470592,0.09120644244831055,0.03947367612272501,3.6722351536154747,1.524417918175459,0.6730889361351728,0.9670370109379292
36864,0.06041888950858265,0.14111677440814674,3.61720110476017,0.5948030631989241,0.10226365615380928,0.037605092278681695,3.938899651169777,2.0013560466468334,0.5484788697212934,0.7810035990551114
37888,0.08992571709677577,0.13409064733423293,3.733691230416298,0.7043074760586023,0.10469216416822746,0.04332620755303651,3.834999956190586,1.5010345242917538,0.5560267297551036,0.8427623324096203
38912,0.07623411377426237,0.13255731319077313,3.6762610003352165,0.7003301326185465,0.07614831693354063,0.036440845229662955,3.296060726046562,1.0671214181929827,0.5969362091273069,0.7900063889101148
39936,0.06671044556424022,0.1612420785240829,3.6979354172945023,0.6536823213100433,0.0701880658743903,0.036844656337052584,3.6124063804745674,1.5672457478940487,0.6701257713139057,1.1984954979270697
40960,0.07358286768430844,0.18807198922149837,3.6125048622488976,0.6707850228995085,0.08796377177350223,0.04707661335123703,3.7563470751047134,1.5421449430286884,0.7118506086990237,0.9995301133021712
41984,0.09609737241407856,0.148036913247779,3.6182843297719955,0.7619857899844646,0.10761578986421227,0.053371593297924846,3.7068125307559967,1.2887290604412556,0.5962360044941306,0.7079866984859109
43008,0.0716220275789965,0.13319114921614528,3.4696019887924194,0.5588212106376886,0.12899276264943182,0.04144603479653597,3.776140883564949,1.7408991530537605,0.6282983217388391,0.8588639628142118
44032,0.046903492853743955,0.13879043166525662,3.389704316854477,0.4978560721501708,0.08676918724086136,0.03597892471589148,3.6962778866291046,1.6100136525928974,0.6462500737980008,1.0704783592373133
45056,0.05415621885913424,0.16058748681098223,3.387902684509754,0.550396473146975,0.11076858872547746,0.0328522008494474,3.633192613720894,1.3419590666890144,0.6251007989048958,0.7850018367171288
46080,0.06374109329772182,0.1803020886145532,3.474614478647709,0.6326028127223253,0.1351842158474028,0.03220748098101467,3.911557637155056,1.5413341410458088,0.6950846537947655,0.8130656303837895
47104,0.04994427089695819,0.17946056090295315,3.630234234035015,0.6340695153921843,0.09010532964020967,0.03768145106732845,3.6842061206698418,1.4053474962711334,0.6144585506990552,0.84641024004668
48128,0.09200543176848441,0.12654460966587067,3.831648141145706,0.8279247228056192,0.09445912280352786,0.02909108845051378,3.482167348265648,1.0884337797760963,0.5984565783292055,0.741298864595592
49152,0.05624512457870878,0.20719663379713893,3.4961927980184555,0.5271309316158295,0.09361794707365334,0.04479043837636709,3.536599278450012,1.2817514520138502,0.8927196990698576,1.1304110381752253
50176,0.042477017865167,0.13456619065254927,3.378650650382042,0.4489241763949394,0.07292808408965357,0.044187976280227304,3.6536351442337036,1.275454893708229,0.8333135228604078,1.2899185381829739
51200,0.0574695392861031,0.14762478368356824,3.5855423733592033,0.6259815525263548,0.13419880904257298,0.03456427401397377,3.9145743250846863,1.5644469112157822,0.7182628996670246,0.9327278519049287
52224,0.06191023514838889,0.18901737523265183,3.60257026553154,0.5867160568013787,0.08139405061956495,0.040694669587537646,3.5370243564248085,1.363888192921877,0.6796299964189529,0.9255842510610819
53248,0.06285937404027209,0.2114372020587325,3.5126337110996246,0.5551747549325228,0.1616810094565153,0.04129791253944859,3.9270104840397835,1.6660597771406174,0.6677224887534976,0.952442979440093
54272,0.06428690790198743,0.19079111190512776,3.512302316725254,0.5610302183777094,0.11131814224063419,0.03325946393306367,3.834342822432518,1.6338134109973907,0.7159397061914206,0.709732374176383
55296,0.04993872714112513,0.19822070328518748,3.4567758962512016,0.5623371247202158,0.15743657387793064,0.03248494316358119,3.796056851744652,1.6223785541951656,0.6884244447574019,0.9419561484828591
56320,0.05635579087538645,0.19317031605169177,3.50993350148201,0.5389744034036994,0.1163059631944634,0.038090362621005625,3.8011201843619347,1.4627021849155426,0.6390481926500797,0.8479927685111761
57344,0.06182601896580309,0.13204369973391294,3.4602568298578262,0.5017566252499819,0.0875449245213531,0.02011318816221319,3.4957395046949387,1.241490948945284,0.7129065683111548,1.0661884024739265
58368,0.06031651629018597,0.16493630362674594,3.5928841158747673,0.5870610661804676,0.09481533957296051,0.03832954779500142,3.799484319984913,1.3996083289384842,0.6771136689931154,1.24106674361974
59392,0.05215435763238929,0.22410678816959262,3.6238897889852524,0.6074341796338558,0.07489586787414737,0.03926438890630379,3.4410514757037163,1.263304041698575,0.7513919500634074,1.15316111035645
60416,0.05472328653559089,0.16071859863586724,3.6959300115704536,0.7166645172983408,0.10653481492772698,0.02993674998288043,3.15474134683609,1.0043437257409096,0.6506348559632897,1.2423674911260605
61440,0.08248543599620461,0.19747171690687537,3.7743383049964905,0.7758551724255085,0.09019160841125995,0.03584204590879381,3.5204167142510414,1.230688689276576,0.7206427184864879,1.219001503661275
62464,0.06774436704290565,0.23658666526898742,3.813057601451874,0.7861895393580198,0.10275039949920028,0.04006424208637327,3.534196190536022,1.1704111117869616,0.8272806853055954,1.2758464105427265
63488,0.05562067835126072,0.17839445499703288,3.7067585214972496,0.6829216219484806,0.11179851280758157,0.03445355931762606,3.5177134051918983,1.1664893869310617,0.6562137324362993,0.9158034566789865
64512,0.06686355825513601,0.21481797471642494,3.6947531327605247,0.6655575577169657,0.10653918668685947,0.026058622781420127,3.5842242687940598,1.1799525283277035,0.8231982663273811,0.8147623855620623
65536,0.05873094970593229,0.18154417118057609,3.654065929353237,0.6142123155295849,0.0826335065648891,0.026023335405625403,3.4960776790976524,1.1907486021518707,0.7572199329733849,0.9265906158834696
66560,0.05269762693205848,0.17104956763796508,3.4571008533239365,0.5049658790230751,0.11682543982169591,0.05307013192214072,3.6603791937232018,1.412260938435793,0.7898298585787416,1.4420022871345282
67584,0.05688295543950517,0.16298846900463104,3.691096305847168,0.648425156250596,0.12986692693084478,0.037531572161242366,3.909197062253952,1.817058876156807,0.6953294426202774,0.9405009429901838
68608,0.066857976897154,0.1714643775485456,3.8029382303357124,0.7301345355808735,0.10350378954899497,0.04102290846640244,3.874287113547325,1.76316948980093,0.6389082111418247,0.8778095077723265
69632,0.08083315612748265,0.17438005516305566,3.838997058570385,0.7665179297327995,0.09881769551429898,0.03428221121430397,3.326078310608864,1.1706729177385569,0.628975348547101,0.8129681255668402
70656,0.051787644042633474,0.15236260346136987,3.7184306904673576,0.5746563225984573,0.0729936258867383,0.025204028061125427,3.4310961067676544,1.1480106059461832,0.6794036747887731,0.8331448659300804
71680,0.061342946253716946,0.14939517341554165,3.7837330251932144,0.7035055737942457,0.0792080772225745,0.02634263422805816,3.3092739060521126,1.1434166468679905,0.7483325842767954,0.9537236345931888
72704,0.08368566267017741,0.16089213243685663,3.814107969403267,0.7419425044208765,0.10674234200268984,0.05294295330531895,3.5582828000187874,1.3365822806954384,0.6746895769611001,1.3084924146533012
73728,0.05030154946143739,0.1582439506892115,3.7263767793774605,0.7086073067039251,0.09869349154178053,0.051745369331911206,3.8524013459682465,1.6195623390376568,0.7447257647290826,1.2491940595209599
74752,0.04813819791888818,0.16761376126669347,3.7569423094391823,0.6903632432222366,0.08356552527402528,0.03867283323779702,3.499294765293598,1.477900993078947,0.6811031959950924,1.0018613478168845
75776,0.05968757976370398,0.1586816741619259,3.882203608751297,0.8563776686787605,0.07661573722725734,0.039190195384435356,3.580264672636986,1.362755425274372,0.7221261514350772,1.2027286384254694
76800,0.08560373145155609,0.14635065710172057,3.765664830803871,0.7977823372930288,0.09705244126962498,0.048772762645967305,3.5106823965907097,1.1125265061855316,0.5583756230771542,1.4915207102894783
77824,0.05477766502008308,0.1315679654944688,3.7114472538232803,0.7096706088632345,0.08203515349305235,0.02865677874069661,3.6377698704600334,1.3438468426465988,0.7552209179848433,0.9305302482098341
78848,0.05411259291577153,0.16115413792431355,3.6292858123779297,0.696554321795702,0.10334464523475617,0.028320558922132477,3.5802764371037483,1.3761707600206137,0.6397063639014959,1.0047234296798706
79872,0.06102277396712452,0.14058025809936225,3.6842576265335083,0.7729828972369432,0.08468442450975999,0.03327600861666724,3.4604819640517235,1.1679492928087711,0.7111456384882331,1.0730801951140165
80896,0.0557590470998548,0.14155739964917302,3.6172254607081413,0.6214417088776827,0.11820150201674551,0.021753248700406402,3.585267096757889,1.338324561715126,0.8696086443960667,1.0284743942320347
81920,0.050754315860103816,0.11555528594180942,3.7529257461428642,0.7437000591307878,0.10689239273779094,0.028909226006362587,3.914450705051422,1.6657992228865623,0.7574677653610706,1.3407913576811552
82944,0.04861686745425686,0.15712780877947807,3.7690726220607758,0.8430994413793087,0.08074368818779476,0.035331760853296146,3.6564612463116646,1.5047335624694824,0.7463430631905794,1.12648197542876
83968,0.03641306463396177,0.16530367149971426,3.70234315097332,0.6748528052121401,0.12604528601514176,0.02890830472460948,3.638362169265747,1.300985123962164,0.7498227227479219,0.9472931837663054
84992,0.06552971663768403,0.189050005748868,3.695937857031822,0.6915118005126715,0.11330831772647798,0.030640858924016356,3.9444426596164703,1.5931238047778606,0.8048878479748964,0.9678923906758428
86016,0.04429367452394217,0.12991343974135816,3.561198502779007,0.5953442063182592,0.12528226408176124,0.02479326503816992,3.6888043880462646,1.5563896037638187,0.7019995134323835,1.340555977076292
87040,0.04682622344989795,0.13637944567017257,3.6293792203068733,0.6910213138908148,0.06434354331577197,0.028695741202682257,3.3858396485447884,1.305203553289175,0.7890994483605027,1.5876933857798576
88064,0.039063692558556795,0.14506671694107354,3.7557273209095,0.7902765050530434,0.08649492840049788,0.03777332109166309,3.852278433740139,1.6473735198378563,0.853903261013329,1.0043720994144678
89088,0.075288102903869,0.2110283556394279,3.566082164645195,0.6311500649899244,0.11637321952730417,0.040735624090302736,3.6739688590168953,1.3005128130316734,0.7653389666229486,1.4657702147960663
90112,0.05196856544353068,0.1497970768250525,3.7844252064824104,0.746617941185832,0.09495908822282217,0.03672988386824727,3.4148316606879234,1.1786946076899767,0.8418800868093967,1.0461817225441337
91136,0.05816673769732006,0.18663706607185304,3.8833450600504875,0.8671933300793171,0.10303644540545065,0.03534827195107937,3.487839438021183,1.1484442055225372,0.7744836024940014,0.9947929689660668
92160,0.054635042732115835,0.19376583024859428,3.6774429976940155,0.7669726815074682,0.1264638464199379,0.03852452721912414,3.357646234333515,1.0193021316081285,0.7925363685935736,1.2291933167725801
93184,0.05161690528620966,0.17512870929203928,3.588754318654537,0.5735293244943023,0.08009676355868578,0.021532423532335088,3.6646802872419357,1.3511280678212643,0.8171030282974243,1.41847537830472
94208,0.059028413641499355,0.1456248783506453,3.7164660319685936,0.6821016818284988,0.1013184545445256,0.03323307156097144,3.598186418414116,1.2218931820243597,0.9851116612553596,1.5722727831453085
95232,0.05363531410694122,0.13637691154144704,3.7417100369930267,0.7246312461793423,0.08851912259706296,0.019674618757562712,3.443256549537182,1.1535878907889128,0.7420604899525642,0.9241142440587282
96256,0.04740074370056391,0.1523977043107152,3.77825615555048,0.7702636402100325,0.08255591714987531,0.04042150510940701,3.5616623237729073,1.2911113314330578,0.8124174075201154,1.0854924190789461
97280,0.05024060982395895,0.10185725172050297,3.634681910276413,0.6829106714576483,0.132886350620538,0.027448060194728896,3.5706130042672157,1.4895378835499287,0.8284190408885479,1.2739252233877778
98304,0.06488849309971556,0.12812851718626916,3.6883067190647125,0.7742831893265247,0.11934988969005644,0.027158069366123527,3.223392479121685,0.9993757549673319,0.7557255290448666,1.4243294056504965
99328,0.07537905336357653,0.2449006917886436,3.7748795971274376,0.801432803273201,0.0844540698453784,0.041351400839630514,3.603895090520382,1.32066679187119,0.8913713656365871,1.1517305579036474
100352,0.03845387943147216,0.1296813862863928,3.6224011927843094,0.6344432421028614,0.11326727084815502,0.028547895170049742,3.668925531208515,1.2796150874346495,0.682150999084115,1.0954293124377728
101376,0.058792560594156384,0.12268990743905306,3.784725308418274,0.7395250424742699,0.10994843929074705,0.03014804335543886,3.8706495463848114,1.393929097801447,0.6674284376204014,1.5808781618252397
102400,0.0460373928071931,0.17567327013239264,3.74598740786314,0.7941642422229052,0.11566634301561862,0.029004515032283962,3.792537622153759,1.3947369679808617,0.823012936860323,1.0218405602499843
103424,0.04783782199956477,0.11823562742210925,3.7503549307584763,0.8758629579097033,0.107575120520778,0.03274166479241103,3.8541765362024307,1.615823082625866,0.7802148526534438,1.0068231541663408
104448,0.07235665534972213,0.10883445525541902,3.7996490597724915,0.7986573092639446,0.1010499561089091,0.02584480436053127,3.3972624465823174,1.0950381644070148,0.9120610021054745,1.123335286974907
105472,0.027065897738793865,0.1341513197403401,3.6867614537477493,0.8146470002830029,0.0886056570452638,0.02584773354465142,3.7132315412163734,1.4794091992080212,0.7438586726784706,0.8382673198357224
106496,0.06593519140733406,0.17952076392248273,3.742396004498005,0.7475403267890215,0.11195572227006778,0.02453976747347042,3.517197199165821,1.2836813181638718,0.8371307263150811,1.2434785719960928
107520,0.049197045678738505,0.13804974569939077,3.7085850685834885,0.8181176129728556,0.11480775618110783,0.032575700839515775,3.759046085178852,1.501841127872467,0.8061885926872492,1.1148310890421271
108544,0.041782422427786514,0.10010647564195096,3.6279406249523163,0.6076739523559809,0.0740028047002852,0.019038339029066265,3.577703520655632,1.4428974501788616,0.8985385857522488,0.8099336829036474
109568,0.0555078572651837,0.11001238110475242,3.7650111243128777,0.7390261646360159,0.12580041028559208,0.019636402081232518,3.4968608543276787,1.3087622672319412,0.7625680062919855,0.9782457258552313
110592,0.05294380889972672,0.1463622369337827,3.712848149240017,0.6680754292756319,0.09519810025813058,0.036554573685862124,3.604484848678112,1.2934962436556816,0.7814956642687321,1.0525294467806816
111616,0.061191968838102184,0.13789299107156694,3.8427629247307777,0.8892749212682247,0.09318519540829584,0.03933559823781252,3.2637684792280197,1.0219685938209295,0.7243855502456427,1.2631058041006327
112640,0.08949017070699483,0.11634931643493474,3.798775792121887,0.8115953281521797,0.0967671062098816,0.044462091056630015,3.3686379939317703,1.097837958484888,0.8759435899555683,1.3439416848123074
113664,0.061025919872918166,0.18560437159612775,3.6040576174855232,0.682828726246953,0.09434490407875273,0.04591143666766584,3.4323299527168274,1.127956360578537,0.8420726377516985,1.6687718592584133
114688,0.07989571860525757,0.1496248620096594,3.71264336258173,0.8564119711518288,0.0835712481639348,0.0489200052106753,3.6291621178388596,1.2497698590159416,0.8349564783275127,1.0863948184996843
115712,0.057399057812290266,0.17211549612693489,3.713957294821739,0.7347986772656441,0.10529533325461671,0.04342643701238558,3.626362107694149,1.429162286221981,0.8421458816155791,0.9385751010850072
116736,0.04610971990041435,0.14423172897659242,3.605103299021721,0.6164157316088676,0.06352799433807377,0.05001482309307903,3.6302339509129524,1.4561104364693165,1.167363990098238,1.126982057467103
117760,0.05933476364589296,0.1279143204446882,3.6708142533898354,0.6508217062801123,0.14976042974740267,0.03161976771662012,3.862603947520256,1.620229471474886,0.8281642785295844,1.6480187689885497
118784,0.046896229760022834,0.09613024292048067,3.6033649519085884,0.6067535188049078,0.12350737693486735,0.0274289196531754,3.4435959681868553,1.1942480523139238,0.943412421271205,1.4804231394082308
119808,0.05757840638398193,0.12153480248525739,3.6638315841555595,0.6970048304647207,0.11112833372317255,0.03289935056818649,3.8252181634306908,1.609686303883791,0.9567493814975023,1.0694342171773314
120832,0.03811528348887805,0.11145834112539887,3.6402299031615257,0.7085812035948038,0.07437262026360258,0.03691978199640289,3.7904240638017654,1.5673223547637463,0.7987156696617603,1.087999127805233
121856,0.061501030664658174,0.1351006287150085,3.60335186868906,0.6637311056256294,0.09890718295355327,0.04305818642023951,3.901447393000126,1.614633284509182,0.8281259080395103,1.215686947107315
122880,0.043077277587144636,0.09821137646213174,3.6935584098100662,0.6697362158447504,0.09754062222782522,0.051852226082701236,3.905968062579632,1.7499159015715122,0.8339163288474083,1.149337938055396
123904,0.04289816007076297,0.12260211072862148,3.561682343482971,0.657203184440732,0.11273769801482558,0.04134665563469753,3.499660722911358,1.3469167463481426,1.0666642747819424,1.483457701280713
124928,0.038643160529318266,0.1467031689826399,3.573989897966385,0.6211241409182549,0.09883720293873921,0.051457207766361535,3.7179279550909996,1.462501872330904,0.9986235396936536,2.506187994033098
125952,0.04792390309739858,0.11741058179177344,3.809629537165165,0.7826715335249901,0.09525203378871083,0.025043559347977862,3.773358754813671,1.594908805564046,0.7660349905490875,1.3101458810269833
126976,0.053465200238861144,0.13762342743575573,3.515026330947876,0.5262230513617396,0.12445126683451235,0.023306934133870527,3.774331972002983,1.5906090773642063,1.6347230672836304,1.4373549316078424
128000,0.049913636496057734,0.10193256824277341,3.788853168487549,0.6831809058785439,0.14720756758470088,0.02056576279574074,4.038186140358448,1.9538048692047596,0.8670704634860158,0.9672587448731065
129024,0.0489683278137818,0.12602327158674598,3.6238699704408646,0.6661853548139334,0.06381236415472813,0.04731521802023053,3.7594613283872604,1.4414383806288242,0.92759327031672,1.881874069571495
130048,0.0547099900431931,0.10404425323940814,3.8215876147150993,0.7752185333520174,0.11479460692498833,0.0309233792941086,3.8250608518719673,1.6563022322952747,1.1523510292172432,1.7210153713822365
131072,0.07587721955496818,0.1418019407428801,3.8920549154281616,0.8392920102924109,0.11025055591017008,0.02586429478833452,3.5541872307658195,1.132954964414239,1.0632400587201118,1.5241797547787428
132096,0.05772933804837521,0.10200617020018399,3.736143685877323,0.7877551876008511,0.11667089542606845,0.026772493845783174,4.0266368463635445,1.7415778152644634,1.0458137979730964,1.5952550750225782
133120,0.05077926398371346,0.09413602692075074,3.6713744178414345,0.6400682162493467,0.1054386148462072,0.033519818854983896,3.945578806102276,1.809960749000311,0.9002867061644793,1.8637376111000776
134144,0.07795857165183406,0.17751547787338495,3.746623672544956,0.7601808551698923,0.0819519396754913,0.0351609205827117,3.446990951895714,1.204675706103444,1.1938245948404074,1.1001836210489273
135168,0.06722167221596465,0.12862084875814617,3.710403762757778,0.6697581317275763,0.11198885994963348,0.03624028043122962,3.4913189113140106,1.2667459920048714,1.2825267482548952,1.0962554775178432
136192,0.06801513461687136,0.1478672856464982,3.5908963307738304,0.5819037398323417,0.10881839442299679,0.05094540060963482,3.260685496032238,1.0497217141091824,1.1048446726053953,1.627087151631713
137216,0.057909124734578654,0.10936882626265287,3.5565190464258194,0.5533869937062263,0.11104215320665389,0.02249375855899416,3.6236092299222946,1.2695542350411415,1.166540700942278,1.0570652708411217
138240,0.054135580867296085,0.10112153575755656,3.644868031144142,0.6236634133383632,0.05990496266167611,0.02631080584251322,3.3643698990345,1.2182301618158817,0.9616753831505775,0.9967187233269215
139264,0.062239458377007395,0.1091880181338638,3.7384518161416054,0.6726736761629581,0.13917216286063194,0.038746986945625395,3.975686766207218,2.0302922278642654,1.0755169540643692,1.3012626897543669
140288,0.04223326007195283,0.09177644294686615,3.9343499541282654,0.8179391734302044,0.060316027607768774,0.0340439464780502,3.4959326311945915,1.312551386654377,0.8864256171509624,0.9379713423550129
141312,0.10005934699438512,0.10676091350615025,3.84218667447567,0.839276485145092,0.06158347043674439,0.026141253241803497,3.4191974401474,1.1817427147179842,0.9830514332279563,1.1375788254663348
142336,0.059914188692346215,0.14115370227955282,3.716181240975857,0.6557508818805218,0.1083938084775582,0.03415893082274124,3.7426832243800163,1.7841577045619488,1.4754151087254286,1.0413044206798077
143360,0.055742457741871476,0.102246388560161,3.946986012160778,0.8293485343456268,0.07959564204793423,0.026355971640441567,3.4084712713956833,1.2880211118608713,0.8870692020282149,1.3251945935189724
144384,0.06399115605745465,0.1008967071538791,3.693548835813999,0.6841394323855639,0.08540058181097265,0.02518728413269855,3.446832984685898,1.2216411605477333,1.5136911068111658,1.2840679250657558
145408,0.04495433939155191,0.12558686058036983,3.811275690793991,0.7464674077928066,0.06361655821092427,0.051706753903999925,3.5720081478357315,1.447604987770319,0.9738382510840893,1.2674911487847567
146432,0.0517261754575884,0.10037816478870809,3.901409313082695,0.9016912411898375,0.09041322927805595,0.04506604379275814,3.464431844651699,1.3882205560803413,1.0136203616857529,1.4225377589464188
147456,0.067409310140647,0.11367575963959098,3.670189179480076,0.763644365593791,0.11003795260330662,0.04788498661946505,3.5202527195215225,1.287600975483656,1.2229786850512028,1.5395578145980835
148480,0.06260351225500926,0.11189114558510482,3.6403161138296127,0.6581133604049683,0.07029563654214144,0.027975560748018324,3.8235016390681267,1.6363906189799309,1.1994447214528918,1.1130989510565996
149504,0.052711562399053946,0.1111355999018997,3.7365022897720337,0.673862025141716,0.11366738108335994,0.032366440223995596,3.8235491067171097,1.7156199142336845,0.9266310352832079,1.2376357121393085
150528,0.06460622623853851,0.10625612596049905,3.7420798391103745,0.7401801161468029,0.07535989303141832,0.031266166537534446,3.573240891098976,1.3627264760434628,1.1157553801313043,1.1785041615366936
151552,0.05791649897582829,0.07079223124310374,3.636748656630516,0.6095661427825689,0.08602142456220463,0.03348659712355584,3.259665325284004,1.2374547440558672,1.2228295262902975,2.016536757349968
152576,0.0575904498109594,0.07143932464532554,3.7453130707144737,0.7365718372166157,0.10941048676613718,0.022209950140677392,3.767150953412056,1.5629844591021538,0.8537132749333978,1.1989069813862443
153600,0.05696653117774986,0.12528741476126015,3.751372829079628,0.6882709618657827,0.09411534626269713,0.04528951260726899,3.6314132139086723,1.4259174354374409,1.144079627469182,1.6014343071728945
154624,0.05014634146937169,0.08416125329677016,3.768475741147995,0.7439974285662174,0.1451390088768676,0.029000992770306766,3.7081827744841576,1.5357042141258717,1.1588323712348938,1.3335465006530285
155648,0.05636734594008885,0.12723958468995988,3.8699040934443474,0.8479721061885357,0.12342366122175008,0.02849328564479947,3.788036309182644,1.4343754965811968,1.118038458749652,1.27698515355587
156672,0.04451519424037542,0.09396717138588428,3.849859409034252,0.8407479487359524,0.06513901147991419,0.03249104495625943,3.7510887011885643,1.6011735759675503,1.3906408790498972,1.440800791606307
157696,0.05862318046274595,0.15504847071133554,3.682660289108753,0.7380953654646873,0.10856138181407005,0.059398464974947274,3.5887040868401527,1.447378195822239,1.3894777093082666,1.5715202633291483
158720,0.06548363529145718,0.08545032260008156,3.8900865092873573,0.883677689358592,0.11156810214743018,0.04637777811149135,3.8258648812770844,1.3546429723501205,0.9486644500866532,1.5547218210995197
159744,0.07290069939335808,0.15149289276450872,3.8380327373743057,0.8221610989421606,0.15532399131916463,0.03145352372666821,3.9578695446252823,1.6189301423728466,1.2582987733185291,1.1012850031256676
160768,0.05986236524768174,0.1320009366609156,3.66241043061018,0.6584837529808283,0.12467604916309938,0.021585237613180652,3.5674192383885384,1.2542997878044844,1.272410562261939,1.3312787916511297
161792,0.05195660883327946,0.09591504302807152,3.722536064684391,0.640427727252245,0.10901254721102305,0.016167193767614663,3.3495262265205383,0.9645476564764977,1.0070977825671434,1.6952927242964506
162816,0.05653425015043467,0.1278651061002165,3.980932228267193,1.002947736531496,0.09211586267338134,0.03934571519494057,3.783325418829918,1.3846906311810017,1.0394013728946447,1.2018930036574602
163840,0.06335054838564247,0.1071271994151175,3.723254345357418,0.8629430253058672,0.10924462626280729,0.03252691501984373,3.6523396968841553,1.2325369752943516,0.8751467913389206,1.4032528651878238
164864,0.05182909802533686,0.1286838341038674,3.5624237284064293,0.6452561430633068,0.10324190987739712,0.026951478677801788,3.666715368628502,1.4990396555513144,1.612208228558302,1.9767428692430258
165888,0.06007459748070687,0.08576413779519498,3.79946231842041,0.7401737980544567,0.07263096151291393,0.027201476390473545,3.361923985183239,1.2077563256025314,1.4624428320676088,1.2680144105106592
166912,0.055335797514999285,0.09446737461257726,3.7362024262547493,0.6645298730581999,0.07809619512408972,0.027722877654014155,3.4430735036730766,1.4285900443792343,1.1629702895879745,1.5666709449142218
167936,0.05169189254229423,0.09552974510006607,3.709321990609169,0.6969011072069407,0.08883830206468701,0.028850415372289717,3.5997430458664894,1.398733414709568,1.2794034481048584,1.4870925694704056
168960,0.049889366986462846,0.11072373413480818,3.783064939081669,0.7857611980289221,0.10798203875310719,0.027674100681906566,3.610546387732029,1.4188519790768623,1.3471879735589027,1.4358085170388222
169984,0.04822218924527988,0.08922943228390068,3.771268554031849,0.7820471487939358,0.1030583381652832,0.019476003624731675,3.8627445474267006,1.5922058299183846,1.0484839044511318,1.048748916015029
171008,0.05937935080146417,0.09355212631635368,3.639919951558113,0.6314993761479855,0.0875450488529168,0.01766790437977761,3.571870468556881,1.448068156838417,1.0695306602865458,1.0721419313922524
172032,0.05588543834164739,0.05748174770269543,3.714976780116558,0.6783810164779425,0.058128554723225534,0.022277968761045486,3.6939207911491394,1.9604069702327251,0.92035698518157,1.0826196037232876
173056,0.059576703526545316,0.10118781635537744,3.757103383541107,0.7506302166730165,0.12989415891934186,0.0422075831447728,3.796313002705574,1.6544814072549343,1.0193611979484558,1.7087628692388535
174080,0.049874184653162956,0.1315221842378378,3.631336063146591,0.618099357932806,0.08696568867890164,0.02295343522564508,3.576390780508518,1.4221677593886852,1.746658245101571,1.476745642721653
175104,0.044272360333707184,0.09074422519188374,3.77306267619133,0.7803827878087759,0.0988132341299206,0.02822889166418463,3.8569465056061745,2.2860345020890236,1.2096787169575691,1.3779807072132826
176128,0.049702396732755005,0.09881698247045279,3.8268924430012703,0.7354358453303576,0.09761854429962113,0.031639425666071475,3.5169141963124275,1.4775282144546509,1.087319066748023,1.4722085315734148
177152,0.05202737179934047,0.12513844715431333,3.7900104224681854,0.694887425750494,0.09747864364180714,0.027194757072720677,3.6038113310933113,1.3723812103271484,1.3191061709076166,1.2554134745150805
178176,0.060992568905930966,0.1689086970873177,3.7437515258789062,0.6970333326607943,0.10856863597291522,0.04371630708919838,3.7758793979883194,1.4300203137099743,1.3710918705910444,1.4192679282277822
179200,0.04476578737376258,0.09895034309010953,3.6754285767674446,0.7092691902071238,0.10493159253383055,0.04028744687093422,3.6883987486362457,1.4685463644564152,1.158961733803153,1.2153455670922995
180224,0.06099858810193837,0.1256862545851618,3.774319089949131,0.709329042583704,0.10437983233714476,0.03957319463370368,3.8047585040330887,1.5182462111115456,2.0187780242413282,1.5570309683680534
181248,0.08765576948644593,0.17354348208755255,3.7908569276332855,0.7861888110637665,0.06113798567093909,0.04039894352899864,3.6124617010354996,1.2935827486217022,2.3610688988119364,1.5127078425139189
182272,0.05284745208336972,0.1139896116219461,3.5727056339383125,0.5625658184289932,0.11202718794811517,0.04231212398735806,4.033700302243233,2.037199344485998,1.6459908932447433,1.690442318096757
183296,0.06269955163588747,0.06452105194330215,3.683046892285347,0.6629292964935303,0.09351649455493316,0.034499235393013805,3.470657639205456,1.4761348627507687,1.224326204508543,1.845862802118063
184320,0.047841945342952386,0.09093673271127045,3.684503957629204,0.6537163704633713,0.10298147232970223,0.028189741453388706,3.653814896941185,1.5283622294664383,1.644780082628131,2.0562961362302303
185344,0.06420955201610923,0.16712808492593467,3.877914324402809,0.8556559644639492,0.12113931938074529,0.034883126441854984,3.9210245609283447,1.6196051947772503,1.837138570845127,1.5151970498263836
186368,0.06298324858653359,0.08644673717208207,3.7923330515623093,0.820638021454215,0.05541479800012894,0.042095141019672155,3.735364094376564,1.6098159290850163,1.1613571345806122,1.360815953463316
187392,0.05830421129940078,0.12723955605179071,3.862782843410969,0.9377655517309904,0.12887699156999588,0.0460546308895573,4.101763412356377,2.209623858332634,1.006024919450283,1.498597590252757
188416,0.06710628811561037,0.1850227122195065,3.62760591506958,0.6371644539758563,0.1456818450242281,0.047158390865661204,3.727938659489155,1.5675306431949139,2.06862167455256,2.3065769765526056
189440,0.061587146803503856,0.10676685534417629,3.666216067969799,0.6714216396212578,0.14896490692626685,0.028038357821060345,3.7898758724331856,1.4553411938250065,0.9587706848978996,1.31433879211545
190464,0.04606872939621098,0.12295459094457328,3.4463527351617813,0.5011019157245755,0.1177240100223571,0.036000841530039907,3.7255547046661377,1.3949810713529587,1.6290606912225485,2.0315653271973133
191488,0.0519959848606959,0.11833005724474788,3.7755874395370483,0.6794578544795513,0.10180353323812596,0.02316231172881089,3.660473696887493,1.2639601193368435,1.199430925771594,1.976107212714851
192512,0.052913029125193134,0.153203854104504,3.8289988711476326,0.7315545734018087,0.08403106321929954,0.024173188605345786,3.8240931257605553,1.675987109541893,1.1038130410015583,1.5723447483032942
193536,0.06234365222917404,0.12278271280229092,3.718718536198139,0.7332318499684334,0.1105291194980964,0.034451280953362584,3.579773098230362,1.229758720844984,1.1127980891615152,1.427007768303156
194560,0.045449508528690785,0.0919150075642392,3.937771312892437,0.895454553887248,0.12151558033656329,0.0226671191630885,3.7439187467098236,1.322848454117775,1.3211247399449348,1.3720204569399357
195584,0.058536463184282184,0.08095144666731358,3.8089912608265877,0.7345765475183725,0.11768557468894869,0.028128085716161877,3.811888314783573,1.6020993366837502,1.0481220595538616,1.2177590392529964
196608,0.05849998921621591,0.08621177892200649,3.886583738029003,0.7890749517828226,0.09407451559673063,0.04447401111247018,3.9027323722839355,1.5982174724340439,1.1578532438725233,1.509280826896429
197632,0.07950850180350244,0.13430764758959413,3.7134743109345436,0.7705298699438572,0.1251535831252113,0.034745787212159485,3.6872152537107468,1.3762659579515457,1.2918906267732382,1.1294087897986174
198656,0.05301554425386712,0.08167996641714126,3.9379681944847107,0.9091261215507984,0.09444264369085431,0.026685942779295146,3.416566401720047,1.1952365599572659,1.005127441138029,1.200513780117035
199680,0.048902796654147096,0.06315555470064282,3.891450546681881,0.824973326176405,0.0997936796193244,0.019416720984736457,3.3996229842305183,1.0973219498991966,1.1392591036856174,1.1679747700691223
200704,0.04991975740995258,0.11498285713605583,3.8297232910990715,0.8560123648494482,0.06557452093693428,0.023423077713232487,3.405628025531769,1.3051755651831627,1.2221758794039488,1.5075319446623325
201728,0.06985592481214553,0.117861706065014,3.9410527795553207,0.9572430178523064,0.0808383340772707,0.057401126134209335,3.443500518798828,1.2357868254184723,1.37949937582016,1.6229861490428448
202752,0.050105297021218576,0.12044081860221922,3.933580622076988,0.8506337348371744,0.13822534237988293,0.032496284518856555,3.985672153532505,1.7115737162530422,1.3432619962841272,1.314268121495843
203776,0.07128103877766989,0.0775589799741283,3.704976938664913,0.7131427172571421,0.11703205551020801,0.03168218588689342,3.5210534930229187,1.2273291684687138,1.4606010522693396,2.4564743228256702
204800,0.04871100591117283,0.0673885919386521,3.779366560280323,0.7847362123429775,0.0955296475731302,0.02088955233921297,3.539412669837475,1.2575665228068829,1.2295567020773888,1.9982918556779623
205824,0.07546627390547656,0.08270279318094254,3.8093849420547485,0.7924270331859589,0.08780007826862857,0.02621095223003067,3.651786431670189,1.4585226830095053,2.2236928213387728,1.095961325801909
206848,0.033715553232468665,0.08341450546868145,3.916597619652748,0.9092575907707214,0.10672119911760092,0.027866900840308517,4.038060903549194,2.3118260614573956,1.3511634897440672,1.9750351700931787
207872,0.07122259782045148,0.14008305501192808,3.7729965448379517,0.8809415549039841,0.0967182454187423,0.024738457606872544,3.5418393313884735,1.4847696758806705,1.6576365604996681,1.5046641882508993
208896,0.07043486216571182,0.13079989305697381,3.818833202123642,0.7796581331640482,0.04981118522118777,0.04612480086507276,3.7496267333626747,1.6757684014737606,1.4125357270240784,1.8380363788455725
209920,0.038402432575821877,0.08489569637458771,3.9605847671628,0.8819040283560753,0.07206392585067078,0.021821072092279792,3.9832619056105614,2.1127590611577034,0.9873768538236618,1.4521510694175959
210944,0.084323916293215,0.07482917024753988,3.813045985996723,0.7372396178543568,0.14444348076358438,0.032688785693608224,3.6154674664139748,1.3856666013598442,1.3465532921254635,2.196835106238723
211968,0.0597715322219301,0.09026189148426056,3.8173222839832306,0.8090559337288141,0.12174357468029484,0.028622977435588837,3.579611361026764,1.4782771281898022,1.0719372350722551,1.9308591280132532
212992,0.05693001419422217,0.10990695119835436,3.861623637378216,0.7240727618336678,0.12272742029745132,0.023090081056579947,3.7815766483545303,1.5592484809458256,1.2117639817297459,1.7385326027870178
214016,0.06947298493469134,0.06104911328293383,3.7633433490991592,0.752365205436945,0.08616956029436551,0.024228193273302168,3.2707335874438286,1.2986521869897842,1.0731460247188807,1.6361076682806015
215040,0.02857490791939199,0.06475048151332885,3.7181874215602875,0.7793928235769272,0.0903301686339546,0.025436325144255534,3.801950231194496,1.6810111664235592,1.0404680017381907,1.1407708190381527
216064,0.06370421685278416,0.07703526259865612,3.806880109012127,0.8006066419184208,0.06677582878910471,0.03072089728084393,3.6889316886663437,1.6262400299310684,1.2514387089759111,1.6762190591543913
217088,0.056011050939559937,0.11145892064087093,3.7224476039409637,0.68253512121737,0.09408979851286858,0.03913964639650658,3.730235680937767,1.9203074425458908,1.5585040096193552,1.4988292697817087
218112,0.06645416664832737,0.1278213143814355,3.7852746322751045,0.769762983545661,0.13901792978867888,0.032255060970783234,3.756063237786293,1.4385866820812225,1.0034559555351734,1.1838506311178207
219136,0.05993633768230211,0.07250491436570883,3.8835336789488792,0.8841833528131247,0.10821677348576486,0.04012609081109986,3.6278087720274925,1.312407836318016,1.0409299656748772,2.8097464218735695
220160,0.03895833343267441,0.09428855625446886,3.9238092452287674,0.8510232139378786,0.06784425309160724,0.027047187730204314,3.6251494511961937,1.5356798209249973,1.0198445226997137,1.2081001326441765
221184,0.046168657863745466,0.16863049590028822,3.547862835228443,0.5819697603583336,0.11206778371706605,0.02998007886344567,3.5036085918545723,1.3337726239115,2.647667746990919,1.5742885693907738
222208,0.054838244104757905,0.1390324281528592,3.4379009902477264,0.5214572986587882,0.08772193218464963,0.02425254852278158,3.6039458364248276,1.4034751988947392,1.813891462981701,1.2660989165306091
223232,0.05693864947534166,0.08638114482164383,3.7795188948512077,0.7240246757864952,0.08600658876821399,0.02961212827358395,3.6848862916231155,1.6168782375752926,1.264276010915637,1.242575541138649
224256,0.059911835356615484,0.07540730840992182,3.8434852361679077,0.7903447933495045,0.10159649536944926,0.029086017690133303,3.5782319381833076,1.4261048324406147,1.0353227853775024,1.2517050486057997
225280,0.041594064445234835,0.07555686496198177,3.931004300713539,0.8956275656819344,0.09300279017770663,0.02320540850632824,3.8069604337215424,1.6223116107285023,0.8957580476999283,1.4829011298716068
226304,0.06468475388828665,0.12596039986237884,3.576165311038494,0.6448492519557476,0.11581781282438897,0.031096250866539776,3.822928749024868,1.6800179444253445,1.9721589013934135,1.637983325868845
227328,0.05667089491907973,0.11390405823476613,3.6186338737607002,0.63924939930439,0.07557552788057365,0.03395208826987073,3.665541172027588,1.592408437281847,1.63026281632483,1.3349301517009735
228352,0.05600062938174233,0.07043634005822241,3.6525070294737816,0.7128440197557211,0.1268982090987265,0.0353029282996431,3.831462025642395,1.5654219202697277,0.967867910861969,2.0971096511930227
229376,0.04790723626501858,0.1472042165696621,3.5756544694304466,0.6621358711272478,0.08742058102507144,0.04121861222665757,3.88447392731905,2.0423487722873688,1.6537789106369019,1.340185021981597
230400,0.058138252192293294,0.07740335213020444,3.7883053719997406,0.8419787529855967,0.14039404084905982,0.02236801927210763,3.852300710976124,1.8748027682304382,1.4708087630569935,1.1331042535603046
231424,0.05059542955132201,0.1109030342195183,3.8645241111516953,0.7512618266046047,0.12805460079107434,0.030446267512161285,3.8622559905052185,1.8841682635247707,1.4492051154375076,1.3997664395719767
232448,0.05078960792161524,0.11926370463334024,3.768548086285591,0.7433466035872698,0.06621287803864107,0.03829602897167206,3.517785981297493,1.3694696240127087,2.020267056301236,1.5624275878071785
233472,0.07328545674681664,0.12820547726005316,3.941067397594452,0.8654172718524933,0.1276118189562112,0.029141463746782392,3.7520473077893257,1.6458658203482628,1.654297886416316,1.273135919123888
234496,0.04286940777092241,0.07576244021765888,3.857309579849243,0.7647651918232441,0.07088834070600569,0.019952330883825198,3.6436997577548027,1.4984312281012535,1.1235415320843458,0.8920794650912285
235520,0.06720826920354739,0.08699405111838132,3.9252846613526344,0.9017375856637955,0.10253027465660125,0.03321712277829647,3.7556872963905334,1.9652813114225864,0.9091752162203193,1.252950830385089
236544,0.06289780518272892,0.14922674046829343,3.6583684608340263,0.7082209158688784,0.1391890465747565,0.03381978266406804,3.960137978196144,1.8339386023581028,1.4603148736059666,1.3398003242909908
237568,0.07137646741466597,0.0906809305306524,3.824413724243641,0.8932267855852842,0.12662878591800109,0.028347429586574435,4.012937568128109,1.9215955697000027,1.1219285409897566,1.0587585736066103
238592,0.04066453795530833,0.07103234913665801,3.8687214106321335,0.8910948261618614,0.10157075460301712,0.03490218741353601,3.835710607469082,1.8074385561048985,1.001811033114791,1.0521042989566922
239616,0.05256089770409744,0.11736802011728287,3.7707537412643433,0.8077857531607151,0.10067321863607503,0.05943544174078852,3.549755111336708,1.5297568663954735,1.312294714152813,2.7649622913450003
240640,0.06238245154963806,0.08336343476548791,3.800544671714306,0.7224962115287781,0.13281257956987247,0.026514824043260887,3.7152524515986443,1.5636368915438652,1.1286212541162968,1.52402457408607
241664,0.06445623727631755,0.1290939694736153,3.7173365503549576,0.6964045707136393,0.14038313797209412,0.029004229232668877,4.038625702261925,2.0113415718078613,1.7016568686813116,1.2439233828336
242688,0.03889442127547227,0.13015495939180255,3.693131998181343,0.7077824287116528,0.07117161698988639,0.03860209393315017,3.7984812408685684,1.7118721157312393,1.4427491314709187,1.3088597059249878
243712,0.0550696202844847,0.14086772059090436,3.6015253514051437,0.608937093988061,0.09675619716290385,0.02528954914305359,3.531270883977413,1.410611854866147,2.2277517523616552,1.5341653600335121
244736,0.04828837630338967,0.17262989794835448,3.625511720776558,0.6475216317921877,0.11176893569063395,0.024825639819027856,3.7508725970983505,1.7039829343557358,2.067999344319105,2.0444390289485455
245760,0.04230285983067006,0.11757632158696651,3.8445810675621033,0.7921577822417021,0.09411266393726692,0.029986040317453444,3.899846963584423,1.8772297836840153,1.3843235969543457,1.6672811973839998
246784,0.05443958973046392,0.10067387693561614,3.7198400273919106,0.7423716951161623,0.15338197210803628,0.034581292944494635,3.876486763358116,1.7763260267674923,1.3296248968690634,1.9088676255196333
247808,0.038097206968814135,0.06521789182443172,3.9294409826397896,0.8751002568751574,0.07179483326035552,0.027063986723078415,3.6899233236908913,1.4809262827038765,1.6785056106746197,1.8655902743339539
248832,0.06718756112968549,0.18725546076893806,3.7234065905213356,0.8568957634270191,0.13240413879975677,0.0409775702864863,3.903376080095768,1.8759057708084583,1.5789667144417763,1.3409455008804798
249856,0.06753543592640199,0.14396277582272887,3.615075297653675,0.6633506417274475,0.1205732065718621,0.05726065440103412,3.479937694966793,1.3775855787098408,2.56523803435266,2.659481728449464
250880,0.061553612584248185,0.12908557755872607,3.775178052484989,0.7151393424719572,0.0835533942154143,0.03418799681821838,3.563764490187168,1.5732650272548199,1.4231062270700932,1.120748683810234
251904,0.08397775888442993,0.09995185816660523,3.870850957930088,0.856585992500186,0.08603898715227842,0.03373430616920814,3.4920376613736153,1.4099631123244762,1.179072616621852,1.3965486250817776
252928,0.05667616803839337,0.07700128946453333,3.9531232863664627,0.8779113814234734,0.1199933989555575,0.019683406804688275,3.7416939437389374,1.825633592903614,1.0184073876589537,1.4849143903702497
253952,0.05407988638035022,0.1375406503211707,3.7976838871836662,0.7688850462436676,0.08302411064505577,0.03400816780049354,3.7429679557681084,1.7144633494317532,1.4095857851207256,2.027637219056487
254976,0.056566354556707665,0.11099801817908883,3.8763480111956596,0.8624741490930319,0.07817402413638774,0.03850448539014906,3.807291768491268,1.8206808865070343,1.377897372469306,1.44583023712039
256000,0.06002619303762913,0.157567999092862,3.7585741877555847,0.7751893419772387,0.13037166849244386,0.054545719525776803,3.7252758890390396,1.4209649302065372,2.1009738948196173,2.0800922382622957
257024,0.045566094340756536,0.05649487697519362,3.9127624109387398,0.7946899235248566,0.1164241568185389,0.022623848082730547,3.9240884855389595,2.240532476454973,1.3409810680896044,1.5166111458092928
258048,0.08729144971584901,0.15132338856346905,3.8584132716059685,0.8816757872700691,0.18812930095009506,0.05044191877823323,3.8397617489099503,1.749438188970089,2.3562495969235897,1.5955138709396124
259072,0.045064614329021424,0.06197585118934512,3.6474811285734177,0.7438943069428205,0.10335757938446477,0.02602245841990225,3.319113679230213,1.389407740905881,1.3859353680163622,1.6300695836544037
260096,0.07993255986366421,0.0801786471856758,3.926353983581066,0.8381096292287111,0.10119525354821235,0.037994125683326274,3.905265934765339,2.02303534373641,1.02152737416327,1.640355583280325
261120,0.06958813426899724,0.05375183490104973,3.654347151517868,0.6830886472016573,0.15506694233044982,0.041251250251661986,3.845710374414921,1.6171697415411472,1.3931296113878489,1.694080663844943
262144,0.05318426332087256,0.11699718539603055,3.8103547915816307,0.7246541194617748,0.08031089638825506,0.0261764342430979,3.6028064489364624,1.539850752800703,1.2428282015025616,1.2251205276697874
263168,0.04937021686055232,0.06849611352663487,3.860352262854576,0.7684984505176544,0.20270105823874474,0.02745742056868039,4.181232050061226,2.1378222294151783,1.1649040877819061,2.451972793787718
264192,0.061278398090507835,0.11108772736042738,3.7498602643609047,0.8275346998125315,0.06353168419445865,0.02861057221889496,3.7655859515070915,1.3592133540660143,1.4576871432363987,1.0499762520194054
265216,0.044074837351217866,0.09204724011942744,3.958935171365738,0.8845057990401983,0.0988551625632681,0.03431350237224251,3.9521850794553757,2.13712265342474,1.3223782572895288,1.399597929790616
266240,0.058813586772885174,0.10847649141214788,3.9009839445352554,0.8582644369453192,0.12188580731162801,0.03721321717603132,3.7525056898593903,1.8909713439643383,1.5293536521494389,1.8358689919114113
267264,0.07615555435768329,0.08424045902211219,3.991761364042759,0.9645141437649727,0.07272324664518237,0.03100928239291534,3.725582502782345,1.5509064346551895,1.2232373729348183,1.2638445235788822
268288,0.06690283759962767,0.0882928988430649,3.765073351562023,0.8459992371499538,0.13091091468231753,0.03409525321330875,3.8763493821024895,1.7896095886826515,1.1892142742872238,1.066033013164997
269312,0.04480636760126799,0.08224369015078992,3.984816364943981,0.9945638682693243,0.06958360876888037,0.01802628973382525,3.5840510949492455,1.4293940030038357,0.8283758163452148,1.1854987163096666
270336,0.046272011706605554,0.08857192739378661,3.5793007910251617,0.6677263379096985,0.0870937004510779,0.02049083134625107,3.7020452469587326,1.8095121681690216,1.5603410918265581,1.2008065041154623
271360,0.06419431595713831,0.06477372522931546,3.8233283162117004,0.8083843290805817,0.08752095885574818,0.021483173972228542,3.692775771021843,2.2634450159966946,1.1413273718208075,1.2321775946766138
272384,0.060448794334661216,0.11291447025723755,3.7804825454950333,0.778626624494791,0.10639965173322707,0.040274407889228314,3.762526609003544,2.0252215191721916,1.676175119355321,1.6333782952278852
273408,0.032744024123530835,0.06942752632312477,3.8400075659155846,0.7944353520870209,0.10486742993816733,0.023482377699110657,4.011647693812847,2.1892753802239895,1.1947091091424227,1.5063825398683548
274432,0.042832730629015714,0.12831553840078413,3.693957708775997,0.6305950172245502,0.11743152583949268,0.021734114532591775,3.83731696754694,1.7702285274863243,1.6550633013248444,2.18606561049819
275456,0.05610173036257038,0.10010475665330887,3.7113061770796776,0.7261290289461613,0.093205536599271,0.024298997304867953,3.4963935539126396,1.3837251774966717,1.4135940540581942,1.700493199750781
276480,0.04764439657446928,0.08993648062460124,3.5673186779022217,0.621408661827445,0.10808378655929118,0.021315421297913417,3.7791000083088875,1.9411680176854134,1.6507894806563854,1.7734193820506334
277504,0.06664015806745738,0.2185330237261951,3.7382059767842293,0.8035536594688892,0.14121894049458206,0.03381732135312632,3.6879612430930138,1.5916067361831665,1.7199210282415152,1.198615400120616
278528,0.05950225924607366,0.1443997980095446,3.889424666762352,0.7963445167988539,0.16399519133847207,0.0365682405536063,4.039453074336052,1.8079769611358643,1.3036309815943241,1.49903130158782
279552,0.04627584261470474,0.11964886169880629,3.8903091102838516,0.8289633318781853,0.1006811079569161,0.03693460230715573,3.7944505140185356,1.5740861296653748,1.2722399812191725,1.230081308633089
280576,0.06709452005452476,0.12011421611532569,3.714799255132675,0.8270683847367764,0.11863014427945018,0.04670107376296073,3.696164384484291,1.381262768059969,1.5192201426252723,1.203945403918624
281600,0.06650835397886112,0.09013089525979012,3.5473196506500244,0.7005273010581732,0.11196773470146582,0.03482455329503864,3.3654753863811493,1.0848186444491148,1.358297262340784,1.8820319455116987
282624,0.04982423520414159,0.0967883518896997,3.664049506187439,0.6841643787920475,0.11642607906833291,0.026101680065039545,3.8806182593107224,1.7767748851329088,1.2554534152150154,2.09869578294456
283648,0.059166499006096274,0.10552758374251425,3.6258766502141953,0.736347084864974,0.10848490754142404,0.034998602350242436,3.6417306661605835,1.4527390711009502,1.3519922755658627,1.5566901192069054
284672,0.06690726210945286,0.12032407219521701,3.768587626516819,0.7591217216104269,0.07925626198993996,0.035901786701288074,4.001507259905338,1.7327917590737343,1.3192252181470394,1.5491346810013056
285696,0.030238853330956772,0.09568409668281674,3.9969438314437866,0.8728881850838661,0.0846365759789478,0.03285929624689743,4.058723285794258,2.0118052139878273,0.9684997107833624,1.2616372909396887
286720,0.07175684435060248,0.07977408973965794,3.8535025268793106,0.8235348965972662,0.09792309912154451,0.03377898072358221,3.8391300067305565,1.818422093987465,1.175257483497262,1.19321527518332
287744,0.07273871533107013,0.08152822509873658,3.853132374584675,0.850977623835206,0.10222990356851369,0.031626127078197896,3.694931522011757,1.4601269848644733,1.5162896048277617,1.43513267301023
288768,0.05668181742657907,0.09873770014382899,3.786500185728073,0.8075885344296694,0.1447065155953169,0.032536870159674436,4.058653973042965,2.027610782533884,1.7234065681695938,1.4999290155246854
289792,0.06205877003958449,0.07759774173609912,3.787549652159214,0.7933493945747614,0.1445917619857937,0.04251096869120374,4.064455054700375,2.2597831450402737,1.2758237468078732,1.3348308634012938
290816,0.06326737461495213,0.09272629185579717,3.719944193959236,0.7003952190279961,0.12349053309299052,0.03797295194817707,3.896332763135433,1.888683244585991,1.4243662618100643,1.9590520914644003
291840,0.043584793573245406,0.07767562614753842,3.5397323444485664,0.5215074960142374,0.1392432232387364,0.02772071969229728,3.9925150349736214,1.9159185849130154,1.4755275510251522,1.7695614024996758
292864,0.06564934481866658,0.06865226000081748,3.7535255402326584,0.7701407298445702,0.10123707557795569,0.02506276933127083,3.7647183537483215,1.7148719131946564,1.4356489814817905,1.4807188361883163
293888,0.07281547511229292,0.07608320063445717,3.8064436465501785,0.7712732218205929,0.07986344688106328,0.03787690732860938,3.4630940183997154,1.4731475263834,1.255953611806035,1.5166535470634699
294912,0.08432656538207084,0.07949575025122613,3.680602453649044,0.6978775337338448,0.1412969109369442,0.03090214723488316,3.8079032376408577,1.62006301805377,2.056430362164974,1.745156493037939
295936,0.04670608340529725,0.05757065664511174,3.8982911705970764,0.8537647519260645,0.10807053069584072,0.027272529143374413,3.9798054173588753,1.887009885162115,1.0600151363760233,1.4968346934765577
296960,0.049483392722322606,0.07210593530908227,3.8331735655665398,0.847210232168436,0.08949045080225915,0.027570287929847836,3.9032190293073654,1.871568564325571,1.1628518123179674,1.1813568668439984
297984,0.058673550141975284,0.05544752336572856,3.967543065547943,0.8582941051572561,0.08033647685078904,0.021827777120051906,3.8334346935153008,1.8819572292268276,1.317195212468505,1.3928424809128046
299008,0.06470928843191359,0.1079616779461503,3.874835781753063,0.875091664493084,0.10713959284476005,0.047537075413856655,3.9109629094600677,1.8591845445334911,1.2824893686920404,1.4640434589236975
300032,0.048201009951299056,0.0927293251734227,3.4742918461561203,0.5319695798680186,0.1486700524110347,0.04336062230868265,3.9199480563402176,1.98765280097723,2.347640624269843,2.087295688688755
301056,0.036036093457369134,0.09431414003483951,3.8601942509412766,0.9123134650290012,0.08258616121020168,0.03340150200529024,3.703256458044052,1.9098066128790379,1.1076610330492258,1.1628756783902645
302080,0.04421782281133346,0.12159521924331784,3.6271904036402702,0.7557130288332701,0.12167252460494637,0.04893281735712662,3.8707615360617638,1.948909830302,1.8503527604043484,1.8217023853212595
303104,0.04880616364243906,0.07611000642646104,3.6595133617520332,0.7694128174334764,0.07623438048176467,0.03517730493331328,3.6476679891347885,1.604185312986374,1.112225230783224,1.8884658869355917
304128,0.0676643080660142,0.13806460774503648,3.486451216042042,0.5575031787157059,0.15664814435876906,0.05482722003944218,3.7078163996338844,1.5275923125445843,3.3125877492129803,2.9094925448298454
305152,0.047982958145439625,0.1017831927165389,3.77057334035635,0.7544442918151617,0.11272709385957569,0.034422497206833214,3.802084244787693,1.598377589136362,1.8532558977603912,1.9115813169628382
306176,0.04835275933146477,0.10535695403814316,3.926252044737339,0.8119272477924824,0.11500516708474606,0.027649419382214546,3.700557693839073,1.5517432801425457,1.5381837375462055,1.5537890624254942
307200,0.0613938229798805,0.09755641338415444,3.4818218499422073,0.617128174751997,0.10783019303926267,0.023811626655515283,3.3686250522732735,1.1028062552213669,2.2390056122094393,1.8936994336545467
308224,0.03909698239294812,0.09885094268247485,3.6602853387594223,0.6682800985872746,0.05742455105064437,0.03626631567021832,3.859280951321125,1.816384743899107,1.7503335140645504,1.2394334394484758
309248,0.04679891117848456,0.0768763447413221,3.8042949065566063,0.825837267562747,0.11940377077553421,0.030167735647410154,4.0321983471512794,2.2846926040947437,1.4596497230231762,1.5411798488348722
310272,0.051224573311628774,0.10695714363828301,3.7681971043348312,0.8497641552239656,0.06652612186735496,0.03149426361778751,3.7587606832385063,1.711613830178976,1.1864498183131218,1.2013448886573315
311296,0.06301206065109,0.07361455319914967,3.507091172039509,0.6375638917088509,0.1195385736937169,0.03730103402631357,3.946027845144272,1.9858286380767822,1.6422111503779888,1.6633091401308775
312320,0.053885222296230495,0.09587086434476078,3.8716495111584663,0.8295071683824062,0.1042384022148326,0.036439798888750374,3.6720989421010017,1.8141236416995525,1.343159206211567,2.457758165895939
313344,0.05898471915861592,0.10110695101320744,3.6524151116609573,0.6239298703148961,0.057321850006701425,0.0347960363724269,3.788237899541855,1.7276456840336323,3.3767298981547356,1.805507555603981
314368,0.06453478540061042,0.06987077253870666,3.691558249294758,0.6967657841742039,0.16470364818815142,0.019526668009348214,3.8716021105647087,1.790442779660225,1.5508792009204626,1.67784383893013
315392,0.04811803041957319,0.06758475711103529,3.735318697988987,0.6939164381474257,0.12380830885376781,0.021839788416400552,3.757036827504635,1.5318127572536469,1.322658373042941,1.3586915396153927
316416,0.04857429885305464,0.05545666953548789,3.9093602523207664,0.8490423765033484,0.056888376813731156,0.026150532066822052,3.6513224840164185,1.6418252885341644,1.2769575249403715,1.3921791724860668
317440,0.062408651545410976,0.06189046800136566,3.85300400108099,0.9073334950953722,0.10051907686283812,0.017974188463995233,3.653526410460472,1.7177912071347237,1.1620668433606625,1.3243279848247766
318464,0.06960556827834807,0.11279670102521777,3.8153806999325752,0.8758819103240967,0.08413690817542374,0.02869095344794914,3.807339072227478,1.959598932415247,1.7801843732595444,1.7769763208925724
319488,0.04569732485106215,0.03920758859021589,3.8058878630399704,0.8515150062739849,0.09277074551209807,0.027557665918720886,3.947358474135399,2.08183753490448,0.9636237509548664,1.1641674172133207
320512,0.055838703468907624,0.0604554929304868,3.9773359894752502,1.000745639204979,0.20237261557485908,0.0282765727606602,4.020554572343826,2.0220144763588905,0.9755121096968651,1.707795785740018
321536,0.07822061530896463,0.09216828132048249,3.778524488210678,0.7910438664257526,0.09882701421156526,0.046645015478134155,3.6818363294005394,1.3848765417933464,1.4828270114958286,1.7775853853672743
322560,0.08751442169887014,0.10725300223566592,3.7863601446151733,0.8668131548911333,0.048186405445449054,0.047120674629695714,3.5944873690605164,1.6841400749981403,1.4175349455326796,1.5744240712374449
323584,0.06198981168563478,0.07207389385439456,3.7167116552591324,0.7868394199758768,0.07514974632067606,0.024484100722474977,3.642719216644764,1.466995533555746,1.0968814827501774,1.1176275443285704
324608,0.04655562498373911,0.05782914313022047,3.729831926524639,0.7779929004609585,0.0812653832254,0.026014006580226123,3.7848214358091354,1.8699609078466892,0.956975782290101,1.410016618669033
325632,0.06358711796929128,0.0989073112141341,3.6496540382504463,0.7071240060031414,0.14946258906275034,0.023152452195063233,3.8272076919674873,2.1571944691240788,1.4716577511280775,1.1674598641693592
326656,0.07776181271765381,0.09145977394655347,3.6484253332018852,0.6751225460320711,0.09956548316404223,0.04520314757246524,3.9132169410586357,1.7602595314383507,1.580282425507903,1.4616174846887589
327680,0.059349470713641495,0.07655786082614213,3.5810283049941063,0.575480405241251,0.12455154914641753,0.024747898685745895,3.631451405584812,1.3526924140751362,1.4851411115378141,1.7412497848272324
328704,0.025621330423746258,0.05214438738767058,3.871161863207817,0.8123490996658802,0.015637425851309672,0.02303334081079811,4.010621130466461,2.2519595064222813,0.9383446164429188,1.2315917406231165
329728,0.06608371110633016,0.07439020893070847,3.8056285604834557,0.8493935503065586,0.13213611801620573,0.0322158255148679,3.8432633727788925,2.026567056775093,1.7441302761435509,1.1435689870268106
330752,0.047468697652220726,0.07509873481467366,3.6844003722071648,0.6965953838080168,0.12425697228172794,0.023725127655779943,3.720806747674942,1.5883742794394493,1.2397476751357317,1.4843749236315489
331776,0.04604100500000641,0.10887667397037148,3.782534569501877,0.7993441428989172,0.09244023211067542,0.03605664492351934,3.4558153077960014,1.3530011307448149,1.7301978655159473,1.2456615827977657
332800,0.053182353905867785,0.06107914529275149,3.8326894491910934,0.8406818248331547,0.12328542326577008,0.0306438299594447,4.140808194875717,2.288949154317379,1.2714370749890804,1.0973075022920966
333824,0.05983449483755976,0.05545225751120597,3.903188481926918,0.8403501622378826,0.07177470609894954,0.01812902733217925,4.100432112812996,2.255169451236725,1.298115273937583,0.9522536993026733
334848,0.03221947430574801,0.06506059516686946,3.7512318193912506,0.8499410953372717,0.0870609792182222,0.03918075223919004,4.077808439731598,2.333550550043583,0.9464771337807178,1.2202527541667223
335872,0.07088031627063174,0.08199843601323664,3.782500870525837,0.8210382498800755,0.13975860265782103,0.05010541493538767,3.772193044424057,1.5552565529942513,1.3948764577507973,1.4943559356033802
336896,0.07655470375902951,0.12680460209958255,3.7737037986516953,0.7893619742244482,0.11957286606775597,0.042977693025022745,3.911988064646721,1.7627447359263897,1.673027379438281,1.1257421486079693
337920,0.03900110148242675,0.06045743345748633,3.924298755824566,0.9019403737038374,0.11586147849448025,0.035495617776177824,3.8244908526539803,1.8152793534100056,1.031695345416665,1.3871066197752953
338944,0.05660844602971338,0.10251244227401912,3.681185893714428,0.7136462442576885,0.12672413047403097,0.029910313372965902,3.420179709792137,1.2636475339531898,1.8976840376853943,1.8060350753366947
339968,0.04487181091099046,0.08716395846568048,3.733964964747429,0.7391762379556894,0.11593724711565301,0.0279193184687756,3.9873923286795616,1.9775070361793041,1.2478821277618408,1.4290576949715614
340992,0.057682816579472274,0.12389063881710172,3.4028354808688164,0.5892325155436993,0.1432904812390916,0.061118281562812626,3.630903996527195,1.3894546553492546,1.7988105285912752,1.7420210130512714
342016,0.03814350655011367,0.11182105587795377,3.7657532170414925,0.7737778276205063,0.11369334656046703,0.04695263091707602,3.89952839165926,1.586591687053442,1.2406398355960846,1.1227002795785666
343040,0.05794586770934984,0.13744142465293407,3.71546670794487,0.7000156082212925,0.12377406528685242,0.04469339648494497,3.887692376971245,1.6669094078242779,1.3876858614385128,1.5024850443005562
344064,0.08542104857042432,0.14539468521252275,3.6175762861967087,0.7101254668086767,0.10512953298166394,0.030110785155557096,3.596268244087696,1.2404159791767597,2.226389840245247,1.8364205099642277
345088,0.04386036409414373,0.13217111816629767,3.510103702545166,0.5266523165628314,0.10672280855942518,0.034593396238051355,4.0156987607479095,1.5382522568106651,2.4419461339712143,1.8473943285644054
346112,0.05134764814283699,0.1024811218958348,3.667039856314659,0.6586953122168779,0.14870230294764042,0.04682328528724611,3.8103561028838158,1.4165686070919037,1.651415316388011,2.352141683921218
347136,0.04830942876287736,0.10312895616516471,3.7562398612499237,0.818889569491148,0.07683651492698118,0.04045408155070618,3.4399181604385376,1.2070371210575104,1.5366062633693218,1.6722425613552332
348160,0.04536636592820287,0.1061307736672461,3.5992696955800056,0.6493615470826626,0.09790639317361638,0.05111085588578135,3.7128471955657005,1.3207706101238728,2.3386960308998823,2.2305848244577646
349184,0.01903665519785136,0.042476921633351594,3.9249381721019745,0.9036712385714054,0.07027277769520879,0.017736185458488762,3.8195261135697365,1.8400907143950462,1.312774995341897,1.2140932977199554
350208,0.03634592882008292,0.0566328460117802,3.908315598964691,0.9022955223917961,0.14429530571214855,0.025320321263279766,3.9038499742746353,1.8434945046901703,1.41248513571918,1.9476391412317753
351232,0.054420338332420215,0.10208784439601004,3.9075327068567276,1.0098146256059408,0.10170993872452527,0.052531095629092306,3.805627942085266,1.5723163224756718,1.3264033552259207,2.0099240858107805
352256,0.05862512515159324,0.14085886301472783,3.852971836924553,0.9276895057410002,0.08514876011759043,0.04984981834422797,3.696233846247196,1.396075613796711,1.380292173475027,1.880280101671815
353280,0.04156101736589335,0.10107541340403259,3.795646384358406,0.7825067937374115,0.08402110406314023,0.037955433945171535,3.7951453402638435,1.803831733763218,1.2660687156021595,1.3689115419983864
354304,0.05281520710559562,0.12004813156090677,3.4917578399181366,0.5668052565306425,0.12560838041827083,0.028473498357925564,3.382709339261055,1.1897003799676895,1.8725518677383661,1.6029209159314632
355328,0.04835484514478594,0.1374832501169294,3.553715892136097,0.5232669543474913,0.11330702184932306,0.01758447164320387,3.676925614476204,1.2942913360893726,2.0118576362729073,1.1903607454150915
356352,0.04586461414874066,0.13725741486996412,3.714561454951763,0.6116959303617477,0.08394315073383041,0.02413141942815855,3.7137399166822433,1.5435764603316784,1.8278062380850315,1.1321963127702475
357376,0.05407802067929879,0.05763790779747069,3.9508740082383156,0.9250623099505901,0.09271513705607504,0.021486885991180316,3.883586496114731,1.7826220653951168,1.2670420370995998,1.51139478944242
358400,0.07006946613546461,0.11776672746054828,3.761458858847618,0.734340813010931,0.09140615712385625,0.041666435718070716,3.651933364570141,1.2865677252411842,2.1811074391007423,1.6916479282081127
359424,0.06668797475867905,0.06201440759468824,3.8514607548713684,0.7345604877918959,0.12231901203631423,0.01921746609150432,4.003311820328236,1.8785338290035725,1.6670262664556503,1.690444866195321
360448,0.05359732390206773,0.11650805035606027,3.8808189928531647,0.7648436315357685,0.08398006577044725,0.03519542916910723,3.750344716012478,1.6860104389488697,1.4251339081674814,1.4071147609502077
361472,0.07514295377768576,0.08356130425818264,3.784819930791855,0.8133973777294159,0.10640872496878728,0.03087927249725908,3.806973308324814,1.5239087641239166,1.439930785447359,1.4927216432988644
362496,0.05571133422199637,0.031857456371653825,3.9065200835466385,0.807240316644311,0.09479627921245992,0.020116203260840848,3.799910143017769,1.6259545497596264,1.009230487048626,1.0721568241715431
363520,0.05574911925941706,0.06774040614254773,3.9102343916893005,0.8509410806000233,0.1862906664609909,0.046163304592482746,3.9914225712418556,2.114112213253975,1.092609902843833,2.8247981909662485
364544,0.053523372509516776,0.08044582221191376,3.759051911532879,0.7552582379430532,0.14781542005948722,0.040092747018206865,4.090529188513756,1.905122745782137,1.37853230163455,1.7112185414880514
365568,0.05181619478389621,0.09327883552759886,3.8020064383745193,0.7416216991841793,0.1079293294751551,0.049645274004433304,3.8112910091876984,1.6399400010704994,1.2499372158199549,2.704696036875248
366592,0.0448211426846683,0.05628299422096461,3.9175677224993706,0.908925598487258,0.07394417372415774,0.0404168568784371,3.5868861973285675,1.3646988309919834,1.1097104251384735,2.0593152046203613
367616,0.056888889957917854,0.07172487652860582,3.6548676937818527,0.7554070688784122,0.10839057178236544,0.0672884777886793,3.514951080083847,1.2279344201087952,1.5573938339948654,2.1276756152510643
368640,0.07717772433534265,0.06284432508982718,3.9031554982066154,0.9019509702920914,0.12548110098578036,0.028572825656738132,3.673263244330883,1.2559412121772766,1.101792449131608,2.147228382527828
369664,0.07730315905064344,0.09953227173537016,3.666523717343807,0.7245303951203823,0.0939507617149502,0.032444434182252735,3.679415062069893,1.2413645777851343,2.870385155081749,1.9057461190968752
370688,0.05258957025944255,0.07241086091380566,3.842665024101734,0.7883356120437384,0.05952912408974953,0.024634227447677404,3.7158000767230988,1.4421652369201183,1.035328183323145,1.5060132220387459
371712,0.0586611783655826,0.0891128183575347,3.786253049969673,0.7539015784859657,0.09518662665504962,0.030784129805397242,3.527312472462654,1.2869229391217232,1.631721155717969,2.458980444818735
372736,0.031208319836878218,0.08444686641450971,3.8329008892178535,0.7927107810974121,0.046216938470024616,0.0353138133068569,3.682454191148281,1.5374742709100246,1.4881059098988771,1.4824349079281092
373760,0.048614876985084265,0.14980181795544922,3.8438140377402306,0.6967107858508825,0.1131724591832608,0.02237357199192047,3.8637958988547325,1.7994800917804241,2.3038703873753548,1.5642278473824263
374784,0.06263593894254882,0.09704296663403511,3.803932584822178,0.773495402187109,0.060317632800433785,0.04164011962711811,3.7345592752099037,1.603843204677105,1.2558887358754873,1.2394382655620575
375808,0.0635147676221095,0.07328518270514905,3.771721825003624,0.7404818423092365,0.09188531740801409,0.025714281451655552,3.7963636443018913,1.6095211431384087,1.1917996294796467,1.8246895056217909
376832,0.06982019121642224,0.09050991432741284,3.8520510867238045,0.8734968975186348,0.08011889533372596,0.04139423539163545,3.6670862957835197,1.3062626458704472,1.5962539315223694,1.893916804343462
377856,0.040541613270761445,0.10507586598396301,3.8001523688435555,0.8394499476999044,0.11222528174403124,0.05474844912532717,3.7578088492155075,1.5248331911861897,1.256710646674037,2.153776504099369
378880,0.031802077079191804,0.05346220498904586,3.8470808938145638,0.785765279084444,0.13498146797064692,0.033223592152353376,3.92410322278738,1.758366845548153,1.0728971548378468,1.988976288586855
379904,0.08659631575574167,0.1002623091917485,3.8684414252638817,0.9813178218901157,0.09655672387452796,0.04636017442680895,3.5502312555909157,1.2430679500102997,1.7967726737260818,1.7388355899602175
380928,0.05367780016968027,0.08191894134506583,3.9578240364789963,0.896143015474081,0.11988173297140747,0.03381979092955589,3.8573044687509537,1.5706215798854828,1.3205998744815588,1.6845948658883572
381952,0.08553155767731369,0.07848114962689579,3.776958145201206,0.755931194871664,0.12154085229849443,0.026565033535007387,3.646988168358803,1.2449243552982807,1.9974111504852772,1.9624849539250135
382976,0.07829446904361248,0.07394062750972807,3.736576311290264,0.6864776946604252,0.12874031881801784,0.028263413696549833,3.756549745798111,1.2404289655387402,1.8241215161979198,3.747877724468708
384000,0.0368451536342036,0.08537044073455036,3.9872604981064796,0.8602419011294842,0.07474975666264072,0.03518014476867393,3.931623436510563,1.5632069539278746,1.2202094960957766,1.8071714658290148
385024,0.05552719617844559,0.08789387252181768,3.7737252339720726,0.7577996589243412,0.06018781932652928,0.036639558034949005,3.640938565135002,1.3138789422810078,1.68742704577744,1.7185447700321674
386048,0.060348132537910715,0.12326994049362838,3.658255457878113,0.6337631288915873,0.08206704258918762,0.023206565529108047,3.49772959202528,1.321152027696371,2.00478845089674,1.5648881755769253
387072,0.05344518180936575,0.10991542460396886,3.3086784183979034,0.43874720577150583,0.13908676977735013,0.028965352685190737,3.6153038516640663,1.3160723224282265,3.439339278265834,3.5820969715714455
388096,0.049504120368510485,0.07588971359655261,3.839511089026928,0.7754794638603926,0.09391086600953713,0.026623817684594542,3.8407580479979515,1.5310279466211796,1.2244088612496853,1.4926592875272036
389120,0.056019974348600954,0.11002852558158338,3.5513894110918045,0.614996375516057,0.10764207132160664,0.03155260736821219,3.843546561896801,1.6213597878813744,1.8085762187838554,1.3623691480606794
390144,0.05311309089302085,0.14972658990882337,3.5342755541205406,0.6136584337800741,0.10577310679946095,0.024740774533711374,4.119113132357597,2.116385079920292,2.243127219378948,1.1190959960222244
391168,0.04512041015550494,0.04168109915917739,3.6458109468221664,0.6874238606542349,0.08078233516425826,0.03438208787702024,3.913248986005783,1.668028112500906,1.0926275085657835,1.8108823336660862
392192,0.044151029287604615,0.0766016305424273,3.7922840639948845,0.8260388057678938,0.0806295305956155,0.03984077856875956,3.820533536374569,1.6540445908904076,0.9780398104339838,1.4052205346524715
393216,0.043159151915460825,0.11566434591077268,3.9071601554751396,0.8914826530963182,0.12310580513440073,0.04895508335903287,3.746844694018364,1.4727928303182125,1.4336550440639257,2.149600239470601
394240,0.05962445610202849,0.10346107138320804,4.029417477548122,0.9649024531245232,0.11434438487049192,0.027136954944580793,3.893420770764351,1.4366198629140854,1.5420769564807415,1.5637314897030592
395264,0.047757758118677884,0.09318659594282508,3.7148014083504677,0.7017854992300272,0.1064956831978634,0.03459592571016401,3.7834571301937103,1.5129615403711796,1.9517029542475939,2.2848201021552086
396288,0.0567769784538541,0.0924722618656233,3.6767728328704834,0.673441993072629,0.09122341181500815,0.02263583376770839,3.5560913160443306,1.4273473732173443,2.800178822129965,3.603377567604184
397312,0.06809559630346484,0.060558405821211636,3.830765888094902,0.7588121630251408,0.17563135316595435,0.01930344637366943,3.9673703014850616,1.8278130665421486,1.1599986776709557,2.0443626884371042
398336,0.06574978749267757,0.10424828948453069,3.8274035155773163,0.803386190906167,0.0643546856881585,0.027866220043506473,3.7046162486076355,1.5181865468621254,1.2914956323802471,1.561701700091362
399360,0.04977398258051835,0.10924751218408346,3.967176653444767,0.8895514868199825,0.07197514962172136,0.04148277943022549,4.095264352858067,2.102331303060055,1.2601836547255516,1.5404703915119171
400384,0.046398598147789016,0.0865219400729984,3.8280670046806335,0.8685252368450165,0.08464563032612205,0.040751581895165145,3.6467093378305435,1.6168465055525303,1.3456916622817516,1.7653452102094889
401408,0.03406158086727373,0.09481397538911551,3.7852239534258842,0.8021225295960903,0.02849855285603553,0.024665338278282434,3.701805680990219,1.8359028287231922,1.697704967111349,1.5135634522885084
402432,0.05981484631774947,0.0668758024694398,3.61146429926157,0.6555884853005409,0.1740988987730816,0.018639450892806053,3.823011115193367,1.7999576069414616,1.1872458755970001,1.3153631556779146
403456,0.041266993212047964,0.12865280592814088,3.433469608426094,0.5183010306209326,0.09281648730393499,0.03463685343740508,3.6894898116588593,1.8100944124162197,2.263967137783766,3.134868809953332
404480,0.0682118698314298,0.13127492181956768,3.772349536418915,0.7796594649553299,0.16815484105609357,0.03143711484153755,3.9833660945296288,1.9889712370932102,2.2500131390988827,1.4353274442255497
405504,0.0574498630448943,0.12091884994879365,3.807322271168232,0.7544628605246544,0.10237058263737708,0.030402966076508164,3.7669782117009163,1.58971606194973,1.3246309980750084,2.042632471770048
406528,0.05855909359524958,0.06476918701082468,3.702341802418232,0.6094049792736769,0.1379501426126808,0.0235905627196189,4.030278168618679,1.9161943830549717,1.323605727404356,2.017932092770934
407552,0.05530502327019349,0.13458427670411766,3.6207828521728516,0.5235443385317922,0.08458879846148193,0.023641960142413154,3.9229668378829956,1.7010029219090939,3.4631850086152554,2.0981904976069927
408576,0.041928130929591134,0.08056705421768129,3.625676065683365,0.522882517427206,0.10917879606131464,0.023861476016463712,3.830566257238388,1.53060307726264,2.1527805738151073,2.3726343270391226
409600,0.03134590870467946,0.06357192224822938,3.8016838803887367,0.7664578128606081,0.06101393926655874,0.028225174290128052,3.8043999150395393,1.6913772225379944,1.5962794814258814,1.7220897041261196
410624,0.07854468969162554,0.10001468821428716,3.993849202990532,0.8413211349397898,0.10692774335620925,0.028382524906191975,3.794603355228901,1.6065269894897938,1.9770828317850828,1.662781085819006
411648,0.053479861351661384,0.08025944803375751,3.815503269433975,0.7240106370300055,0.08424090291373432,0.022878566494910046,3.825163885951042,1.7676492258906364,1.5558967348188162,1.4310145191848278
412672,0.054527741100173444,0.15792069234885275,3.765953704714775,0.7243589553982019,0.08315156161552295,0.04992780269822106,3.812396325170994,1.665124949067831,1.8047401886433363,1.6095322165638208
413696,0.06146405462641269,0.09663713537156582,3.529143512248993,0.5085251675918698,0.13064705044962466,0.03684972698101774,3.7083258256316185,1.4738215133547783,1.9833923559635878,3.866715356707573
414720,0.041618594666942954,0.08163550368044525,3.5210296884179115,0.5346509022638202,0.1138358530588448,0.035939549445174634,3.5797762125730515,1.342325933277607,1.2728316988795996,2.2835915088653564
415744,0.049752390827052295,0.05485385103384033,4.0288016051054,0.9065560214221478,0.08755102514987811,0.0180373057955876,3.786592446267605,1.6196299530565739,0.9833842776715755,1.3068417273461819
416768,0.07382334227440879,0.04905728902667761,3.783932290971279,0.790000943467021,0.14739380730316043,0.02522160956868902,3.8247087821364403,1.7346677724272013,1.5393387749791145,2.316879853606224
417792,0.040975456839078106,0.07658262399490923,3.9269052669405937,0.8621484357863665,0.10167657781857997,0.028788620023988187,4.112196885049343,2.3301125429570675,1.3408812675625086,1.9272066075354815
418816,0.056910870072897524,0.1057300369720906,3.8123799487948418,0.7365332972258329,0.07868818461429328,0.040624774585012347,3.536274589598179,1.614244244992733,1.3524419981986284,1.9643033780157566
419840,0.050693783414317295,0.041178991086781025,3.987409695982933,0.9283605199307203,0.1375758273061365,0.021160903590498492,3.855838865041733,1.982650063931942,0.8403349136933684,1.7214791402220726
420864,0.04843893137876876,0.10589959553908557,3.6979068592190742,0.7367812301963568,0.10925408138427883,0.04020163154928014,3.79595448076725,1.3992172926664352,1.2882384490221739,2.7211699318140745
421888,0.04492110064893495,0.09663053881376982,3.5812735557556152,0.585563350468874,0.11829955654684454,0.04198623547563329,3.92833261936903,1.699594158679247,1.8939716964960098,1.9975537341088057
422912,0.0487951833056286,0.06012112449388951,3.900355562567711,0.836538253352046,0.0771986932377331,0.03675793297588825,3.9776993170380592,2.0252899155020714,1.0684792287647724,1.8512338660657406
423936,0.06881746533326805,0.07280756044201553,3.967853158712387,0.8469619508832693,0.10463428095681593,0.02290953599731438,3.944151535630226,1.8915333338081837,1.2426183428615332,2.0675613544881344
424960,0.05805951471847948,0.15001548151485622,3.6670980975031853,0.7099004741758108,0.0722437719523441,0.046339224732946604,3.5524633303284645,1.4192024692893028,1.8806215394288301,2.31652594730258
425984,0.047760495683178306,0.15371964313089848,3.64758637547493,0.6037889774888754,0.16795982141047716,0.04539179557468742,3.859829917550087,1.7632776647806168,2.6789966002106667,2.5992354676127434
427008,0.057047052861889824,0.07991236762609333,3.7557860165834427,0.7202667593955994,0.15240173146594316,0.02825138671323657,3.9278895258903503,1.7076466716825962,1.8925890866667032,2.317863440141082
428032,0.062474999722326174,0.10126519552432,3.7272368669509888,0.7307494431734085,0.07489792653359473,0.03708783024922013,3.8175998628139496,1.6390448473393917,1.5103407874703407,1.2695559412240982
429056,0.060576765215955675,0.07665108295623213,3.8094484880566597,0.6762722991406918,0.10339319077320397,0.04139332886552438,3.962878607213497,1.8617931567132473,1.7352194655686617,1.936787934973836
430080,0.049349309294484556,0.04104746942175552,3.9473342671990395,0.8619759827852249,0.08576566621195525,0.016924295108765364,3.8053156286478043,1.6378260590136051,1.1099021155387163,1.7871875185519457
431104,0.04944969981443137,0.05214383639395237,3.796093426644802,0.715165164321661,0.08063413156196475,0.021504295844351873,3.481608860194683,1.2277696952223778,1.5950755421072245,1.9936386607587337
432128,0.0488281020661816,0.08161165681667626,3.9181460216641426,0.8799365758895874,0.0804754281998612,0.03625386150088161,3.737207591533661,1.423696432262659,1.5356279406696558,2.265047188848257
433152,0.04825434600934386,0.09735842095687985,3.7721223682165146,0.7860555592924356,0.15732404892332852,0.032304682943504304,4.089538790285587,1.9985397793352604,1.651835622265935,1.8102376963943243
434176,0.07748091797111556,0.12422322132624686,3.644839733839035,0.6986266113817692,0.1836151471361518,0.04273938754340634,3.834937147796154,1.5411960631608963,2.6936796344816685,3.133606383576989
435200,0.04437310030334629,0.10404080851003528,3.718292623758316,0.7572615332901478,0.05845172700355761,0.03760075883474201,3.7432382330298424,1.4286997504532337,1.6324478648602962,1.7901705130934715
436224,0.04901600338052958,0.12923436844721437,3.6186108589172363,0.5739198504015803,0.08693593548377976,0.029532886925153434,3.843112923204899,1.798371683806181,1.513908427208662,1.7929225210100412
437248,0.06042821813025512,0.10612779087387025,3.6476698964834213,0.64196069072932,0.164427625015378,0.04098577640252188,3.8577557504177094,1.7085100803524256,2.312038540840149,4.4473730102181435
438272,0.049957408918999135,0.09075886430218816,3.926904171705246,0.8151793219149113,0.07091238134307787,0.03401836007833481,3.8967080116271973,1.731776423752308,1.7364084459841251,2.347129538655281
439296,0.051547737151850015,0.10383766191080213,3.854439802467823,0.910202506929636,0.07189274614211172,0.03017759061185643,3.617011472582817,1.4302234463393688,1.482916982844472,2.0537421200424433
440320,0.05039173959812615,0.12813057843595743,3.792524941265583,0.7720194794237614,0.06643510452704504,0.03486142144538462,3.8534601107239723,1.738056804984808,1.7183656729757786,1.9337873123586178
441344,0.0520670885744039,0.1486939499154687,3.708784580230713,0.7430358976125717,0.10339950502384454,0.033542736200615764,3.7540323585271835,1.6800869926810265,2.2153386119753122,1.406007770448923
442368,0.04458532127318904,0.14816175936721265,3.712813690304756,0.7238583359867334,0.10493012290680781,0.03954645211342722,3.9296063035726547,1.862277090549469,1.7922758869826794,1.873010914772749
443392,0.05621504786540754,0.18234734795987606,3.6418554186820984,0.6085716187953949,0.1109431516379118,0.04859033413231373,3.9361293241381645,1.8917257748544216,2.2965294308960438,2.3991181701421738
444416,0.049821283828350715,0.19908334827050567,3.4822379872202873,0.5409245295450091,0.10485452762804925,0.053326296620070934,3.5862401723861694,1.433564692735672,2.307693302631378,3.698134820908308
445440,0.05348145682364702,0.10658219130709767,3.6304477974772453,0.6167629966512322,0.08874067748547532,0.029065931332297623,3.2169939428567886,1.1052497401833534,1.3469566740095615,3.3549367375671864
446464,0.04166473841178231,0.07152196590323001,3.7365086749196053,0.7219993378967047,0.17621365701779723,0.04647805046988651,4.070217631757259,1.8895141333341599,1.3195696845650673,4.083964131772518
447488,0.05200301106378902,0.08620070712640882,3.683375723659992,0.6289389804005623,0.09064211579971015,0.04452176979975775,3.8010155335068703,1.7169210761785507,1.113787094131112,1.6920756082981825
448512,0.056224797503091395,0.09651982807554305,3.6955155804753304,0.6906340271234512,0.12550447066314518,0.02404755147290416,3.896894156932831,1.6177249141037464,1.1965836957097054,1.3852665219455957
449536,0.06165538603090681,0.07141271862201393,3.7337292954325676,0.6984504126012325,0.14717881719116122,0.032804945134557784,3.9973440542817116,1.7088207956403494,1.6280504390597343,3.072343250736594
450560,0.05228648921183776,0.08254311967175454,3.9061378315091133,0.8080155402421951,0.14760003599803895,0.029141064384020865,3.8844843059778214,1.4736714251339436,1.3590960428118706,2.9524968210607767
451584,0.04823070950806141,0.12351643643341959,3.8664010167121887,0.7247720621526241,0.13014305452816188,0.05462219088803977,3.8400115445256233,1.3352337144315243,1.672576168552041,3.3616113029420376
452608,0.05539675516774878,0.08991759805940092,3.8585633784532547,0.7540132105350494,0.09095943250576966,0.03703782189404592,3.7691544368863106,1.2843275144696236,1.3686185125261545,2.326658157631755
453632,0.06588455784367397,0.08937145536765456,3.5180676355957985,0.6019860543310642,0.10853781620971859,0.04193652904359624,3.654705837368965,1.2065393179655075,1.9402448553591967,2.7538577634841204
454656,0.038158401410328224,0.07615607837215066,3.725808896124363,0.6968838516622782,0.05050466311513446,0.0323098570224829,3.8125123903155327,1.5951605513691902,1.655481880530715,1.7745039518922567
455680,0.05729399397387169,0.10270739323459566,3.6933126896619797,0.6385990064591169,0.10484666805132292,0.0307758254930377,3.8546169102191925,1.7627916596829891,1.5358186680823565,2.1739885192364454
456704,0.05707314824394416,0.12605006503872573,3.474305659532547,0.46853050496429205,0.11513280041981488,0.03566996788140386,3.456495337188244,1.1796898357570171,3.0898184925317764,3.237396588549018
457728,0.05162397667299956,0.10686387307941914,3.4733589068055153,0.49693399760872126,0.10443537015817128,0.024428642820566893,3.46227153390646,1.1476853601634502,2.621600143611431,2.280268421396613
458752,0.041935415036277846,0.08771516475826502,3.7209509313106537,0.7362825945019722,0.08376873121596873,0.030741238209884614,3.66144235432148,1.4317533522844315,1.311771672219038,1.4784361980855465
459776,0.044757506664609537,0.11180835030972958,3.805848076939583,0.9403436537832022,0.11837397879571654,0.04493382485816255,3.7479105591773987,1.5505133792757988,1.6805182322859764,1.5767354909330606
460800,0.06288252458034549,0.14801722997799516,3.7794245183467865,0.8504964094609022,0.06428550681448542,0.03735393867827952,3.549300119280815,1.2903603166341782,1.9454091470688581,1.772070948034525
461824,0.04812419733207207,0.08316728414501995,3.911935515701771,0.807596979662776,0.08360713697038591,0.03494567354209721,3.7103136256337166,1.6518828757107258,1.1575515158474445,1.5313398987054825
462848,0.04100007786473725,0.08813588286284357,3.6187088787555695,0.6220384715124965,0.08227341275778599,0.029605134710436687,3.5847583413124084,1.5846303142607212,1.9662850350141525,2.578648455440998
463872,0.07432003924623132,0.09591953689232469,3.7405092641711235,0.7230549808591604,0.12123385234735906,0.04098374512977898,3.7501885890960693,1.6901868842542171,1.5350005086511374,2.4249868262559175
464896,0.045681275107199326,0.13013506471179426,3.6761627718806267,0.5698291389271617,0.10345171630615368,0.034516809857450426,3.505024418234825,1.2531995326280594,2.5342064388096333,3.580992467701435
465920,0.03528052743058652,0.09436316008213907,3.698957048356533,0.6332969106733799,0.07736635667970404,0.023572811332996935,3.535217821598053,1.5390745848417282,1.652152568101883,1.787046555429697
466944,0.04802194857620634,0.08721677330322564,3.7718599438667297,0.8256235662847757,0.07661843314417638,0.04069569846615195,4.046846941113472,1.8136669807136059,1.1267579551786184,1.672821020707488
467968,0.05355148694070522,0.06220739707350731,3.90753323584795,0.827281828969717,0.07418527454137802,0.021520269248867407,3.823837988078594,1.7890210822224617,1.3017057795077562,1.4349223915487528
468992,0.04596696948283352,0.11155700287781656,3.710498571395874,0.7541703954339027,0.12061018811073154,0.028833743708673865,4.1123987808823586,2.280261930078268,1.5859086457639933,1.3458577431738377
470016,0.056125744100427255,0.0765084734885022,4.0263611897826195,0.9461692664772272,0.12162446900038049,0.024049690749961883,3.922354929149151,1.7988307252526283,1.2441695276647806,1.8391675483435392
471040,0.06331098757800646,0.11678344965912402,3.635490819811821,0.7368045076727867,0.08036949194502085,0.03507502708816901,3.175944112241268,1.1265667080879211,1.269861776381731,2.105859061703086
472064,0.04857011474086903,0.11523192003369331,3.8670019060373306,0.8572392016649246,0.08344029926229268,0.02845075586810708,3.8683999702334404,1.752380695194006,1.26689762622118,1.7671009115874767
473088,0.059725452098064125,0.10770530230365694,3.948903813958168,0.9034061916172504,0.10697255644481629,0.026448724267538637,3.800001084804535,1.6265384629368782,1.2144084610044956,2.138461695984006
474112,0.054945445561315864,0.13215117622166872,3.8755031749606133,0.8907490558922291,0.07997033669380471,0.036496368469670415,3.833454266190529,1.853580817580223,1.0026509910821915,1.5608746875077486
475136,0.05671142440405674,0.10723421769216657,3.5827015563845634,0.6070458134636283,0.11857092124409974,0.023647568770684302,3.7252562642097473,1.7539292052388191,1.6254695989191532,1.7380541022866964
476160,0.03881627880036831,0.0716565721668303,3.60886849462986,0.589634770527482,0.14531192160211504,0.021934307413175702,4.13343819975853,1.8878442458808422,1.393458915874362,1.6364252734929323
477184,0.061085896857548505,0.11072577442973852,3.858885943889618,0.8278391156345606,0.05941414972767234,0.03020313603337854,3.698498882353306,1.4610567800700665,1.134294604882598,1.7369846925139427
478208,0.060569748282432556,0.0804357270244509,3.8039495646953583,0.8098321780562401,0.060448194097261876,0.04325963830342516,3.5327058359980583,1.2794009633362293,1.404873264953494,1.9273350704461336
479232,0.05790448433253914,0.08408244815655053,3.7463663145899773,0.8203096259385347,0.08457729796646163,0.029407266818452626,3.8685927763581276,1.6719698943197727,1.281527878716588,1.2946499846875668
480256,0.04518118794658221,0.11428314726799726,3.73822982609272,0.697342874482274,0.0755173055222258,0.04644569632364437,3.8315204828977585,1.6885287538170815,1.564732288941741,1.9882541466504335
481280,0.07121065841056406,0.07390699465759099,3.687202751636505,0.6685354709625244,0.13277584000024945,0.025911290518706664,3.9391617625951767,1.7853499613702297,1.6900379192084074,2.0840337742120028
482304,0.04973766073817387,0.08075438218656927,3.6426761224865913,0.6200915705412626,0.1332246228121221,0.03317447457811795,4.166702017188072,2.1472899354994297,1.312482664361596,2.22681587934494
483328,0.043959540547803044,0.054151157615706325,3.9182964265346527,0.8653302285820246,0.13759232900338247,0.020687347918283194,3.8520499244332314,1.6215200759470463,1.3042081445455551,1.6935322638601065
484352,0.0380227594578173,0.1069531150860712,3.9126239493489265,0.8343492019921541,0.0726933999103494,0.03944318066351116,3.6787523180246353,1.4297033697366714,1.3326451145112514,1.96255549415946
485376,0.054421087144874036,0.08440986496862024,4.091894008219242,0.9747311268001795,0.1053926085587591,0.022927881829673424,4.013284735381603,1.8478519767522812,1.773219283670187,1.7329880110919476
486400,0.06850178330205381,0.10529780620709062,3.8739454224705696,0.8222823422402143,0.1290217872010544,0.06548793404363096,3.7310724705457687,1.4194588251411915,2.0198513455688953,3.2083948999643326
487424,0.05051325660315342,0.0854708980768919,3.6865013539791107,0.6018999814987183,0.10701257537584752,0.03285401803441346,3.633858561515808,1.4938023127615452,1.7150835916399956,1.6066099107265472
488448,0.06931263595470227,0.09768819599412382,3.875322051346302,0.8263782914727926,0.11334646726027131,0.047053317655809224,3.957244597375393,1.6860197186470032,1.5700925216078758,1.9493903443217278
489472,0.03227994307235349,0.08767324103973806,3.9637460857629776,0.9097301997244358,0.11011062166653574,0.024273205606732517,4.0333995670080185,1.7841621562838554,1.493722952902317,1.58753533475101
490496,0.07422549545299262,0.06834180059377104,3.947264976799488,0.9709994867444038,0.11156826867954805,0.03811235947068781,3.62697733938694,1.4731941781938076,1.2960616182535887,1.9387655854225159
491520,0.06488876437651925,0.11832247395068407,3.7885386869311333,0.8464590255171061,0.14694641588721424,0.04798620648216456,3.909564584493637,1.8846903033554554,1.2014100644737482,3.1003115326166153
492544,0.04895833854970988,0.1632708366960287,3.811022065579891,0.7622703947126865,0.12419852914172225,0.06067928904667497,3.959986351430416,1.8648093417286873,1.9081726390868425,2.4271445125341415
493568,0.05137205276696477,0.07374337990768254,3.7633935287594795,0.6953306645154953,0.0928429129999131,0.029657536710146815,3.944669470191002,1.7806735411286354,1.3592386208474636,1.841019319370389
494592,0.054556399438297376,0.08923018130008131,3.915277935564518,0.8239967338740826,0.09868034641840495,0.05145206273300573,3.6806035339832306,1.4594242572784424,1.5658736396580935,2.344621241092682
495616,0.04519836703548208,0.03553924651350826,3.911727122962475,0.8952052537351847,0.13225833285832778,0.030068409687373787,3.782648041844368,1.409139011055231,1.17386638186872,1.8844994325190783
496640,0.0698635334847495,0.10734339896589518,3.653656743466854,0.6991783678531647,0.1331811617128551,0.03896648436784744,3.5929803028702736,1.433282220736146,1.8821779899299145,3.284108454361558
497664,0.044048611947800964,0.14262325572781265,3.9115267544984818,0.8975280374288559,0.06354208471020684,0.03567342605674639,3.78133487701416,1.547346968203783,1.6219906080514193,1.4819271583110094
498688,0.041500162187730893,0.058091861894354224,4.004148095846176,0.8906522542238235,0.09681358709349297,0.0294605141680222,3.9941564798355103,1.9534789510071278,1.2462590113282204,1.3896045293658972
499712,0.04399524943437427,0.08488353725988418,3.8023485988378525,0.781438697129488,0.019501577568007633,0.02917879051528871,3.6012463346123695,1.56760498508811,1.9338609986007214,1.3435040973126888
500736,0.06305342419364024,0.10955650429241359,3.7183074802160263,0.6674056723713875,0.052105666894931346,0.02933425741503015,3.642999440431595,1.7171149998903275,1.8993909116834402,1.7515380587428808
501760,0.054493858478963375,0.06732130947057158,3.6700012013316154,0.6216477602720261,0.17789785331115127,0.04473317402880639,3.932788647711277,2.1819421090185642,1.3857148122042418,3.535823166370392
502784,0.047578757075825706,0.05237280414439738,3.5038338750600815,0.5242245243862271,0.1558719363529235,0.02566388066043146,3.7660957127809525,1.7432611621916294,1.538484051823616,2.9706981293857098
503808,0.04679533385206014,0.06692262680735439,3.563529670238495,0.5725825931876898,0.07649266620865092,0.03048885823227465,3.920825332403183,1.8615574650466442,1.6331196259707212,1.5261498149484396
504832,0.054679388616932556,0.06439223524648696,3.716340683400631,0.5822726301848888,0.15557143767364323,0.03100660437485203,3.7447137385606766,1.818717859685421,1.2066455818712711,2.039713280275464
505856,0.054038468515500426,0.07785095169674605,3.461209863424301,0.5638271374627948,0.12183338002068922,0.03595177421811968,3.775082588195801,1.5450902171432972,2.0456394273787737,2.4495689645409584
506880,0.05233031966781709,0.05558094952721149,3.806718662381172,0.6721900962293148,0.08231557038379833,0.024381399765843526,3.8652161732316017,1.6689378917217255,1.1721879318356514,1.7341016829013824
507904,0.05683552517439239,0.08671531942673028,3.7130168080329895,0.6246107183396816,0.09888928662985563,0.022407059092074633,4.098259113729,2.14143493026495,1.5386738441884518,1.3191225994378328
508928,0.05364430957706645,0.10901104006916285,3.815675027668476,0.8284046407788992,0.0840785292093642,0.043964236334431916,3.642290160059929,1.4992548115551472,1.539630001410842,2.120185634121299
509952,0.06101960931846406,0.11618259618990123,3.8392122387886047,0.7639399915933609,0.11693938146345317,0.030602895189076662,3.8575946912169456,1.7247042767703533,1.8155395593494177,2.490607051178813
510976,0.05852387411869131,0.07986037875525653,3.8246214613318443,0.77765828743577,0.13995312713086605,0.029128501133527607,4.064790174365044,1.7784818448126316,1.2903730161488056,1.3784888554364443
512000,0.04656999389408156,0.10365503467619419,3.7276114225387573,0.7089037131518126,0.07772313011810184,0.03590140037704259,3.750301830470562,1.7622851803898811,1.3937542326748371,1.6911779008805752
513024,0.056945417571114376,0.06875967548694462,3.7308373153209686,0.6834678333252668,0.094663485273486,0.027845158823765814,3.8341813012957573,1.5305681861937046,1.4613839108496904,1.9252750743180513
514048,0.06653539533726871,0.08176605065818876,3.471656747162342,0.5286398874595761,0.17234517284668982,0.020808906410820782,3.886802576482296,1.514558669179678,2.3280074279755354,1.785213628783822
515072,0.05717394227394834,0.07369827828370035,3.7031091526150703,0.6834463980048895,0.04668406504788436,0.03323058591922745,3.7038248255848885,1.3589488044381142,1.209155224263668,2.0775992330163717
516096,0.059642401451128535,0.10333306645043194,3.7480829432606697,0.724241815507412,0.10249312419909984,0.03555637213867158,3.977192722260952,1.8395975679159164,1.5886148232966661,1.489767899736762
517120,0.0612285285606049,0.10563301225192845,3.580624096095562,0.5534522207453847,0.11434499104507267,0.03416507161455229,3.813345082104206,1.5457897186279297,2.147971458733082,1.8285768330097198
518144,0.049607386186835356,0.09058958874084055,3.703171692788601,0.7497764732688665,0.07746828504605219,0.03953987389104441,3.7987304404377937,1.6382864229381084,0.7498837588354945,1.8613024950027466
519168,0.03602759912610054,0.11851526843383908,3.8634950295090675,0.7983959168195724,0.08244447078322992,0.02918768406379968,3.9274534583091736,2.1924585737288,1.1506292335689068,1.4185666237026453
520192,0.05059303328744136,0.08776106801815331,3.7058578580617905,0.6596526261419058,0.047373716661240906,0.03116369026247412,3.698051370680332,1.9616148099303246,1.2752923015505075,2.4698380418121815
521216,0.07520994980586693,0.10492917289957404,3.6514884531497955,0.6381660383194685,0.1753456792794168,0.04581870773108676,3.6762581020593643,1.6069436110556126,1.6498364713042974,2.8954768292605877
522240,0.03401062320335768,0.07948845357168466,3.750995233654976,0.6646649651229382,0.08298580453265458,0.04396852321224287,3.793245479464531,1.7855367474257946,1.6503458376973867,1.5860318876802921
523264,0.05986572222900577,0.0931607389356941,3.708810403943062,0.6282679550349712,0.21995553374290466,0.02524272457230836,4.231515668332577,2.5638741478323936,1.5731819327920675,1.98378780297935
524288,0.05525408007088117,0.07378406717907637,3.8608546778559685,0.7670720666646957,0.08333458116976544,0.04145497671561316,3.997128963470459,1.8746691085398197,0.8350085206329823,2.3398090042173862
525312,0.06218536430969834,0.11856487346813083,3.6481867507100105,0.6394006740301847,0.08299479726701975,0.04232375917490572,3.797099232673645,2.0072099193930626,2.1896216683089733,2.2418206557631493
526336,0.03740132643724792,0.07225467660464346,3.8563459143042564,0.8240811135619879,0.09413251167279668,0.024014803260797635,4.03405274450779,1.9411850944161415,1.5168296890333295,2.180796155706048
527360,0.06820680457167327,0.09686181950382888,3.6641638055443764,0.7270781900733709,0.15409630816429853,0.03307915577897802,4.079812742769718,2.031759914010763,1.6398288756608963,2.512915886938572
528384,0.047380855117808096,0.11844158754684031,3.7861201241612434,0.6804837584495544,0.0821966672083363,0.02892514842096716,3.996875986456871,1.897551979869604,2.1664538830518723,2.1100104991346598
529408,0.04740929635590874,0.08919263258576393,3.7480096891522408,0.7208142690360546,0.13558359839953482,0.0316819308209233,3.696684218943119,1.4692876636981964,1.3901533707976341,2.3906323835253716
530432,0.04365423083072528,0.059895206592045724,3.929975152015686,0.8102064225822687,0.10742404201300815,0.033848647435661405,3.767591878771782,1.5589434690773487,0.9541222229599953,2.567322900518775
531456,0.04245481485850178,0.1379884674679488,3.793093055486679,0.7778417821973562,0.07632510078838095,0.03957152977818623,3.8971500024199486,1.8988581113517284,1.1367093194276094,1.2980901263654232
532480,0.0488159827364143,0.05562164995353669,3.709747739136219,0.6707387380301952,0.12382273084949702,0.02869983861455694,3.9875697270035744,1.9773465283215046,1.735334888100624,1.6132976431399584
533504,0.04680241664755158,0.10336511093191803,3.7455625757575035,0.7686109263449907,0.09111281123477966,0.03865242830943316,3.69009892642498,1.5280169881880283,1.653167748823762,2.4044597912579775
534528,0.0848578303703107,0.10792993358336389,3.7745161056518555,0.8154639191925526,0.11847462691366673,0.03928763139992952,3.475385330617428,1.1193653251975775,1.356927796266973,4.228356599807739
535552,0.038075545191532,0.06837640353478491,3.949564889073372,0.8490050453692675,0.057718477211892605,0.028937619412317872,3.637090601027012,1.5097930692136288,1.4218079410493374,1.5246597584336996
536576,0.05856519809458405,0.08984735701233149,3.767559729516506,0.8416982740163803,0.07061275141313672,0.046828088350594044,3.6710823625326157,1.4582976624369621,1.638122608885169,1.630943987518549
537600,0.055243937647901475,0.10489409882575274,3.782177112996578,0.7459546495229006,0.06590594805311412,0.05315573688130826,3.6574235782027245,1.524052057415247,1.7762920632958412,2.0714001674205065
538624,0.039185672329040244,0.10940507636405528,3.820564419031143,0.7238924503326416,0.079715316882357,0.040464989142492414,4.118138015270233,2.508588433265686,1.7471139561384916,1.9910963494330645
539648,0.05170862560044043,0.1244676299393177,3.8106515035033226,0.8299923595041037,0.07570711249718443,0.04322077601682395,3.679764948785305,1.7432565614581108,1.3851052541285753,1.887823175638914
540672,0.08515171793987975,0.12894422328099608,3.518685005605221,0.6623636614531279,0.1594447725219652,0.05125228641554713,3.5242891684174538,1.2793842554092407,2.262576850131154,3.77192497625947
541696,0.03721998006221838,0.06607616262044758,3.6891843378543854,0.6078886166214943,0.10830326291033998,0.020190322335110977,3.907103680074215,1.7561188340187073,2.0450009740889072,1.4708458725363016
542720,0.06400730286259204,0.11541549768298864,3.7948118448257446,0.7682894226163626,0.10578691718546906,0.026951793959597126,3.6663023233413696,1.5360889174044132,2.315542245283723,2.0835957527160645
543744,0.04479009620263241,0.1030090800486505,3.7148814722895622,0.6644691340625286,0.07060535065829754,0.031257104594260454,3.7062970027327538,1.408760890364647,1.2948278617113829,2.531595055013895
544768,0.03069817954383325,0.10070631594862789,3.8966143131256104,0.8469400685280561,0.09226836124435067,0.02146878733765334,4.008259892463684,1.9429519213736057,1.5642350241541862,1.5363211911171675
545792,0.05832338804611936,0.14429794787429273,3.825618475675583,0.7572923675179482,0.10337664757389575,0.032130086387041956,3.8052561804652214,1.600237637758255,1.8048440348356962,2.4566549863666296
546816,0.057933912437874824,0.07003070146311074,3.7913478389382362,0.7426606547087431,0.15683006355538964,0.03451680956641212,4.05745343118906,1.8581555970013142,1.2971351575106382,2.509964795783162
547840,0.06138876639306545,0.0819007318932563,3.903658911585808,0.9576801136136055,0.1123719748284202,0.04374972096411511,3.480725981295109,1.1593273412436247,1.2457859944552183,1.976294569671154
548864,0.03587428622995503,0.11242555547505617,3.973521076142788,1.0011944994330406,0.04046796310285572,0.030632186855655164,3.811855338513851,1.5461956411600113,1.4388536904007196,1.70267915725708
549888,0.05813039570057299,0.07362272986210883,3.881377123296261,0.8847406096756458,0.05886521440697834,0.048051674268208444,3.4598442763090134,1.2146965973079205,1.2925668712705374,1.8426394443958998
550912,0.038092202274128795,0.14960832661017776,3.9060298055410385,1.0048684105277061,0.02276076321140863,0.06065066286828369,3.479952797293663,1.4310262240469456,1.7232305742800236,2.0132119860500097
551936,0.05708560155471787,0.11916888318955898,3.5934662371873856,0.5498689338564873,0.13616372097749263,0.061214412678964436,3.7791842222213745,1.4316187351942062,3.4741269927471876,4.29244744963944
552960,0.04101876023923978,0.06599457375705242,3.706966131925583,0.6745581086724997,0.07813374671968631,0.024273680639453232,3.707856796681881,1.6064340807497501,1.4716466702520847,1.4557028654962778
553984,0.05768097753752954,0.09249991551041603,3.8893846720457077,0.8557786773890257,0.08779460546793416,0.03698196588084102,3.5541987121105194,1.4309172965586185,1.8075643293559551,2.5231946650892496
555008,0.027391641691792756,0.1011080106254667,4.016133360564709,1.022151906043291,0.11891831760294735,0.04699969821376726,4.024118274450302,1.9179135113954544,1.7196642570197582,2.2516834884881973
556032,0.07218153351277579,0.16696879616938531,3.626248426735401,0.6797062084078789,0.13895188202150166,0.0493466384941712,3.991586297750473,1.7365048676729202,4.884650934487581,2.764544729143381
557056,0.03850231468095444,0.08954461303073913,3.9687593653798103,0.9777317512780428,0.057219513109885156,0.02579062877339311,3.9703902304172516,1.8111681193113327,1.5735705625265837,2.3393504358828068
558080,0.06664298614487052,0.16289733350276947,3.596254847943783,0.664433041587472,0.12802523339632899,0.05688131181523204,3.4996669813990593,1.2882892601191998,3.424182366579771,3.2685369066894054
559104,0.05108561151428148,0.09304059692658484,3.694309152662754,0.6454601865261793,0.13672795612365007,0.02857898289221339,3.7741744741797447,1.3835663385689259,1.6048661954700947,2.744782768189907
560128,0.051898842299124226,0.2119793677702546,3.721697449684143,0.6539370082318783,0.10251877486007288,0.03367796493694186,3.553577296435833,1.2946133017539978,3.665476266294718,2.9342783372849226
561152,0.021950558439129964,0.06437426595948637,4.081963457167149,1.1052616257220507,0.08913389802910388,0.0199267812713515,3.7865200340747833,1.6384755782783031,0.9427676647901535,3.024325679987669
562176,0.06003435746242758,0.07246273185592145,3.613678425550461,0.599343235604465,0.16552108863834292,0.020270605135010555,3.5179325938224792,1.223274739459157,1.6560248415917158,3.509578811004758
563200,0.06868935603415594,0.12375310901552439,3.6127827391028404,0.6058185342699289,0.10323909646831453,0.025565420917700976,3.903236135840416,1.543416816741228,2.561874806880951,2.475198946893215
564224,0.054797198143205605,0.09762800682801753,3.993578687310219,0.8110098447650671,0.08869589387904853,0.028336712770396844,4.102080874145031,1.7863733507692814,1.5117412023246288,1.4826985131949186
565248,0.04355794590082951,0.06772542069666088,3.6283889710903168,0.6389122232794762,0.09622201988531742,0.03305563231697306,3.578776076436043,1.2981243692338467,1.2305581755936146,1.7037405148148537
566272,0.043384723394410685,0.07023996696807444,3.6656981259584427,0.5936263222247362,0.06753174716141075,0.03310387406963855,3.8751659840345383,1.7645867392420769,1.4219836238771677,2.2308423221111298
567296,0.06925954448524863,0.11383087164722383,3.6925985366106033,0.6481024548411369,0.09206179913599044,0.025478924624621868,3.1229052245616913,0.9966158904135227,3.438445921987295,2.6081147380173206
568320,0.04765942713129334,0.07114198745694011,3.7616891637444496,0.7387596033513546,0.058127646043431014,0.02910148340743035,3.4738612696528435,1.353765970095992,1.9071570094674826,1.4441831931471825
569344,0.04754658235469833,0.05505492293741554,3.809242308139801,0.7172552868723869,0.04301468000630848,0.025571154983481392,3.7747569009661674,1.9539923593401909,1.4064698368310928,1.903655968606472
570368,0.06047613933333196,0.104167390614748,3.7787149772047997,0.7369615081697702,0.09550675153150223,0.04927322798175737,3.59217881411314,1.7978281006217003,1.9924288038164377,2.1786656081676483
571392,0.06708087248262018,0.1076154534239322,3.6413934230804443,0.712046017870307,0.09082768368534744,0.038140172604471445,3.6238542050123215,1.6462976522743702,1.4542820155620575,1.9836166016757488
572416,0.054201920196646824,0.09351612080354244,3.9237619936466217,0.9223269540816545,0.0703894712642068,0.03319849423132837,3.9253387674689293,1.976438708603382,2.0094145704060793,2.093541344627738
573440,0.04728597140638158,0.08779300993774086,3.8737268447875977,0.8131009358912706,0.03899449066375382,0.03612540237372741,3.4931787848472595,1.7161320932209492,2.0706122554838657,2.636364668607712
574464,0.06253326736623421,0.08525726525112987,3.7819230407476425,0.7675833106040955,0.06929573364323005,0.03899753896985203,3.7625290006399155,1.6778561137616634,2.166747810319066,1.922599021345377
575488,0.05213748608366586,0.09260368952527642,3.704061858355999,0.6274448875337839,0.1335700781783089,0.06659683934412897,3.8523691296577454,1.9073481112718582,1.8970211166888475,3.4489170610904694
576512,0.05598635348724201,0.08737383072730154,3.579646460711956,0.5361083624884486,0.1839522896334529,0.040542585658840835,4.244167178869247,2.4077256955206394,3.9675325267016888,3.2725280560553074
577536,0.04769391831359826,0.06472710892558098,3.517657957971096,0.47492802515625954,0.08328499157505576,0.025999649107689038,3.3811961486935616,1.236514300107956,2.7202038615942,4.706067603081465
578560,0.051977556897327304,0.06825543905142695,3.6120691299438477,0.54547821264714,0.06199486507102847,0.029012634739046916,3.2110658660531044,1.4652976244688034,1.1128757521510124,1.9530555717647076
579584,0.041703176917508245,0.051259972737170756,3.8954600989818573,0.7616065870970488,0.008137601922499016,0.018987812916748226,3.660023182630539,1.662988431751728,1.517529347911477,1.4062987137585878
580608,0.046915479470044374,0.08896246273070574,3.863220915198326,0.7587849367409945,0.036649649031460285,0.02694661551504396,3.7301589995622635,2.2813843302428722,1.820959847420454,1.794598788022995
581632,0.05376143899047747,0.043442905822303146,3.9025882929563522,0.7541480269283056,0.1952821270097047,0.016222585865762085,4.396511912345886,3.498603045940399,1.1274713464081287,1.33767422568053
582656,0.041517749545164406,0.08282576024066657,3.9343011304736137,0.821878232061863,0.0627117720869137,0.021658520941855386,3.723359242081642,2.3206135779619217,1.7439144738018513,1.7220492623746395
583680,0.05859924035030417,0.05713845952413976,3.935599111020565,0.8494835160672665,0.09532152771134861,0.03794245090102777,3.648393005132675,1.9194026626646519,1.5427289176732302,2.9470596089959145
584704,0.08189025966566987,0.10996877960860729,3.7400042563676834,0.7581075932830572,0.09042263691662811,0.03488135861698538,3.778835713863373,1.9486956931650639,2.7948929853737354,3.3386366218328476
585728,0.055909996532136574,0.12820900324732065,3.622150532901287,0.6411245577037334,0.06401404074858874,0.03967964823823422,3.922541707754135,2.091940648853779,2.083499563857913,1.7553576845675707
586752,0.03718518282403238,0.10543594090268016,3.878994144499302,0.7389511745423079,0.08493654459016398,0.048471695568878204,3.961277239024639,2.323909506201744,1.3745703175663948,2.3060657884925604
587776,0.05215000509633683,0.08328893722500652,3.8653270602226257,0.7795602940022945,0.08228571884683333,0.03246383962687105,3.921691544353962,2.02967631816864,1.2536376621574163,2.0743641424924135
588800,0.04155082273064181,0.09185470244847238,3.8928678557276726,0.8089444637298584,0.08953293264494278,0.047588571440428495,3.73165176063776,1.6628594063222408,1.0614805575460196,1.8827737867832184
589824,0.034920399833936244,0.11604580655694008,3.7766275107860565,0.7563883066177368,0.09723472743644379,0.04765833378769457,3.743575669825077,1.6276223994791508,1.6107839867472649,2.1871390864253044
590848,0.0513409096020041,0.12681264872662723,3.739859811961651,0.6475507915019989,0.12692779279313982,0.03573877684539184,4.046391844749451,1.896925289183855,2.733003543689847,3.5547413416206837
591872,0.06421606117510237,0.10034109139814973,3.798029772937298,0.7482121586799622,0.1366656778845936,0.026964134187437594,3.7130338102579117,1.4628469683229923,1.9294699784368277,2.6358315125107765
592896,0.03936767010600306,0.08188753481954336,3.752599962055683,0.7165732961148024,0.06786562688648701,0.026166005671257153,3.740826115012169,1.695766121149063,1.9526914358139038,2.7237478978931904
593920,0.060881562472786754,0.08648707834072411,3.8634985610842705,0.8082100320607424,0.04182189021958038,0.019554393918951973,3.4599105790257454,1.4535296075046062,1.5735810995101929,1.6858470495790243
594944,0.05252396591822617,0.08081823599059135,3.735766053199768,0.7047429550439119,0.1434247565921396,0.04397404647897929,3.758154720067978,1.8173693642020226,1.5501979514956474,2.679979795590043
595968,0.04708856815705076,0.07023087167181075,3.7306768372654915,0.6925928257405758,0.11413119232747704,0.025557716377079487,3.6751675084233284,1.5522527620196342,1.9144071340560913,2.1807366088032722
596992,0.05593940647668205,0.08931550872512162,3.6781988367438316,0.6992150526493788,0.08947691551293246,0.03366640559397638,3.6869355887174606,1.4147918671369553,1.4680419750511646,2.1632771156728268
598016,0.05507624731399119,0.09466655808500946,3.5390970706939697,0.5366244586184621,0.20432176114991307,0.021307065151631832,4.345029346644878,2.4324082732200623,2.649388937279582,1.466391559690237
599040,0.04838379583088681,0.0910257922951132,3.598027378320694,0.6193277779966593,0.16391896503046155,0.022381347982445732,3.898570105433464,1.6006577052175999,1.2777863200753927,1.6937987077981234
600064,0.051604171690996736,0.06793091376312077,3.706599570810795,0.6474564149975777,0.0996285603614524,0.03445893881144002,3.7221699580550194,1.3829784728586674,1.4031658861786127,1.898291103541851
601088,0.03341383871156722,0.06533464440144598,3.88653015345335,0.8340939432382584,0.041181681503076106,0.033267807331867516,3.7952085807919502,1.6057167276740074,0.9766024071723223,1.547373954206705
602112,0.05437076278030872,0.06357195565942675,3.774052709341049,0.7215566411614418,0.14325687172822654,0.029445071355439723,3.765853337943554,1.537394654005766,1.6776078380644321,2.6548970509320498
603136,0.06355001439806074,0.09227808972354978,3.746682181954384,0.7075683567672968,0.10953240818344057,0.025396279437700287,3.8496021777391434,1.7522528022527695,1.8210593909025192,2.512872382067144
604160,0.047826037189224735,0.05079920595744625,3.765780709683895,0.6613931190222502,0.09481750367558561,0.017933564784470946,3.715532347559929,1.5619779378175735,1.4349675085395575,1.4629796259105206
605184,0.03494031773880124,0.06657032936345786,3.85648625344038,0.757244199514389,0.07193136775458697,0.02267488287179731,3.8004821240901947,1.567422091960907,1.3426711689680815,1.457774095237255
606208,0.058215582044795156,0.11657390673644841,3.6066080778837204,0.6304425820708275,0.0702529416885227,0.04436749452725053,3.6662948206067085,1.5545060895383358,2.0534921623766422,2.600843168795109
607232,0.05068935127928853,0.04491943900939077,3.8709325715899467,0.7368798814713955,0.12900812877342105,0.028008003428112715,3.9971059262752533,1.9839136525988579,0.9733064044266939,2.466252626851201
608256,0.04565416625700891,0.07794749608729035,3.448288731276989,0.4651545286178589,0.12719321006443352,0.022423356858780608,3.7152912989258766,1.5554062724113464,3.250672396272421,2.971110951155424
609280,0.05228420183993876,0.15630815364420414,3.5875888988375664,0.5567566100507975,0.10251834953669459,0.034306609828490764,3.7303298264741898,1.4094831719994545,2.5736795905977488,1.7001132629811764
610304,0.04656347446143627,0.058355344692245126,3.7705337554216385,0.7204930055886507,0.04790806525852531,0.028042620746418834,3.9459724947810173,1.7986897006630898,1.025056041777134,1.3015890959650278
611328,0.048015518725151196,0.09560805931687355,3.6518478989601135,0.6703183259814978,0.07148820006113965,0.0365514574223198,3.738071098923683,1.6281201653182507,1.588738925755024,1.5133382342755795
612352,0.05792201269650832,0.06907722447067499,3.667537473142147,0.6042081341147423,0.1205461201025173,0.027439137047622353,3.7774744629859924,1.6880315095186234,1.6283820290118456,2.1785195488482714
613376,0.03724142798455432,0.09881078475154936,3.6529782116413116,0.5552219860255718,0.13891767640598118,0.027706782857421786,3.911342680454254,1.784431952983141,2.651274049654603,3.5809457898139954
614400,0.05500261465203948,0.09617389971390367,3.7567010447382927,0.7460839729756117,0.07443911654991098,0.03182802250375971,3.989142097532749,2.010131262242794,1.6896943375468254,1.859383625909686
615424,0.0762102268927265,0.10973691777326167,3.737979032099247,0.7510920409113169,0.09587729308987036,0.026778262137668207,3.8619393706321716,1.8394882045686245,2.2879840787500143,1.4468677025288343
616448,0.04771074134623632,0.08774593810085207,3.963732361793518,0.8471684958785772,0.0514744691317901,0.03160436073085293,4.04898764193058,2.2574060931801796,1.179460121318698,1.6920033115893602
617472,0.05412159825209528,0.0784128651721403,3.8628847301006317,0.7309530526399612,0.1429783523781225,0.0314708866935689,3.85021148622036,2.1106483601033688,1.1884986106306314,2.9711284805089235
618496,0.047347435640404,0.1109303964767605,3.8715054020285606,0.7926768232136965,0.05792643438326195,0.025439221295528114,3.600732132792473,1.870417483150959,1.1746306717395782,1.3737710248678923
619520,0.06424269136186922,0.13041782495565712,3.7036070823669434,0.7207907903939486,0.09297103667631745,0.027067652670666575,3.837550610303879,1.741235163062811,2.7982246316969395,1.7166010700166225
620544,0.06040285494236741,0.10550906439311802,3.80979822576046,0.6849596127867699,0.09954291739268228,0.035303599666804075,3.507838159799576,1.3312977887690067,2.5761513896286488,2.6311889104545116
621568,0.051069989771349356,0.09018299274612218,3.945744439959526,0.8336567003279924,0.094604151614476,0.02966477529844269,3.924420729279518,1.6970109716057777,2.1546309031546116,2.107309827581048
622592,0.06490324306651019,0.19353764550760388,3.7519151717424393,0.7110508531332016,0.15546458819881082,0.04844362672884017,4.000936433672905,1.8935970813035965,3.0197205767035484,2.446931730955839
623616,0.05466497904853895,0.14104279736056924,3.916685812175274,0.7671358194202185,0.07190644126967527,0.04505518346559256,4.074202574789524,1.9630081951618195,1.9224946964532137,1.782871499657631
624640,0.048648300988134,0.08747984399087727,3.837959311902523,0.7843606825917959,0.090611302992329,0.04569639981491491,3.8679547756910324,1.9274104200303555,1.4125602450221777,2.3166239596903324
625664,0.040734998328844085,0.04563485458493233,4.054553002119064,1.0118577741086483,0.07760741678066552,0.03424621163867414,3.8538606837391853,1.8564078025519848,1.3694781493395567,1.867782210931182
626688,0.0652095963305328,0.1310778809711337,3.809746392071247,0.8977004401385784,0.12531612999737263,0.03898323833709583,3.837823823094368,1.7860064543783665,2.479187248274684,2.999211858958006
627712,0.08211615093750879,0.12329719588160515,3.6822121292352676,0.7887078747153282,0.07606713107088581,0.03905298141762614,3.6595652997493744,1.6957587003707886,1.889410674571991,1.6737239751964808
628736,0.05428597534773871,0.06317986478097737,3.8159306719899178,0.7078873123973608,0.1436283107032068,0.03576957719633356,3.798584796488285,1.7968081384897232,1.407720759510994,3.2831214610487223
629760,0.0481263785623014,0.0957558568334207,3.9195813462138176,0.890745734795928,0.09363223367836326,0.026180222048424184,4.035364486277103,2.114483267068863,1.5937966220080853,1.618127828463912
630784,0.048087217670399696,0.0959462255705148,3.7556065693497658,0.8707027323544025,0.15070967481005937,0.02891760232159868,3.7839931920170784,1.6468857899308205,1.5021461229771376,1.9476141445338726
631808,0.01828427385771647,0.07884138182271272,3.8039729967713356,0.8319754879921675,0.05071404765476473,0.03686577518237755,3.8205757215619087,1.817558154463768,1.6202202197164297,2.439905548468232
632832,0.059800786344567314,0.12668443378061056,3.7848198264837265,0.7580838464200497,0.13391552749089897,0.05288165609817952,3.5242377519607544,1.4937095530331135,1.9833768643438816,2.800603648647666
633856,0.0662826475163456,0.13760732347145677,3.6533542200922966,0.6119774272665381,0.12192881712689996,0.03521359321894124,3.633739560842514,1.3849702775478363,2.0730682350695133,3.031163090839982
634880,0.04213965254893992,0.05124959396198392,3.718592844903469,0.7504944354295731,0.05922644108068198,0.03190364857437089,3.8509649261832237,1.7466173693537712,1.2702524587512016,1.9262626450508833
635904,0.04620918948785402,0.10901773883961141,3.8094886243343353,0.789108157157898,0.1234636252047494,0.030038908123970032,3.9735356718301773,1.8701004683971405,1.5094111058861017,2.3404374215751886
636928,0.047022054583067074,0.0757390062790364,3.4118269458413124,0.5501062646508217,0.09947085892781615,0.033868448925204575,3.747075915336609,1.3747508898377419,2.621139746159315,1.8094557970762253
637952,0.034190234408015385,0.07471516774967313,3.8046796545386314,0.7018644502386451,0.09450573404319584,0.03114710166119039,4.022437267005444,1.9087989293038845,1.9915456622838974,2.3310354370623827
638976,0.06652751835645176,0.06085541611537337,3.8967285826802254,0.814178578555584,0.1411502953269519,0.027335454244166613,3.9039618149399757,1.7236393168568611,2.395411202684045,2.7981821540743113
640000,0.0732349985773908,0.06344683200586587,3.9151880219578743,0.8082304429262877,0.0910340016707778,0.031083387730177492,3.9793990403413773,1.7086979895830154,1.4052722826600075,1.917727965861559
641024,0.05153256526682526,0.07778052461799234,3.8776162788271904,0.8871056754142046,0.06003930635051802,0.04085595195647329,3.8501199409365654,1.824665553867817,1.3232834227383137,2.091789025813341
642048,0.04017628502333537,0.04422225581947714,3.8799517080187798,0.8451842404901981,0.14825917861890048,0.03517403977457434,3.918196886777878,1.9305099248886108,1.6614303421229124,2.274914687499404
643072,0.07168095803353935,0.06141147681046277,3.728635899722576,0.7894717585295439,0.12505216780118644,0.044313233345746994,3.5093793720006943,1.3380762003362179,1.9323729872703552,2.150241442024708
644096,0.05834169592708349,0.09052832424640656,3.7744616270065308,0.7891519032418728,0.10031591582810506,0.028274610347580165,3.8691880479454994,1.7404155135154724,1.4841760210692883,1.433485507965088
645120,0.047580952144926414,0.06817935360595584,3.8587915524840355,0.8106216304004192,0.12138737132772803,0.02010127523681149,3.7608921006321907,1.5734547637403011,1.786681517958641,1.8005544804036617
646144,0.05881948891328648,0.05827666574623436,3.7702565044164658,0.7961493320763111,0.20714378310367465,0.03074800525791943,3.93202918022871,1.8399404510855675,1.7335355207324028,3.3832573648542166
647168,0.02836086761089973,0.09956374112516642,3.6447741240262985,0.6800881428644061,0.0562074035697151,0.04674330563284457,3.843113288283348,1.6957801766693592,1.6377297826111317,2.191140590235591
648192,0.06746021547587588,0.08711659233085811,3.871696673333645,0.8370574451982975,0.045860778336646035,0.040221349510829896,3.7494044229388237,1.5907587558031082,1.0663029737770557,1.5863021705299616
649216,0.026702375733293593,0.06890901876613498,3.8691975101828575,0.8277486935257912,0.06942050266661681,0.025177795672789216,3.860798604786396,1.7072425931692123,1.2219178378582,1.660273727029562
650240,0.048550110979704186,0.11131851514801383,3.664661593735218,0.6819150373339653,0.10417373629752547,0.04880384000716731,3.842791423201561,1.7613322474062443,2.8706715796142817,1.7429003715515137
651264,0.045605024322867393,0.10736369364894927,3.433192178606987,0.4951157718896866,0.09649812954012305,0.038645826221909374,3.710091821849346,1.741789449006319,2.9291432164609432,1.8539569787681103
652288,0.04491734431940131,0.06306030880659819,3.8145089149475098,0.735913360491395,0.05993454618146643,0.027357482817023993,3.829740822315216,1.586584035307169,2.0755320889875293,2.1127078533172607
653312,0.06324638880323619,0.0958891180343926,3.887599229812622,0.8757442384958267,0.08434265182586387,0.043124465097207576,3.6946803256869316,1.7692625410854816,1.4781959801912308,2.013290211558342
654336,0.03189271714654751,0.0795828893315047,3.7624195143580437,0.6704593319445848,0.1290851038065739,0.0500830493401736,3.8596618324518204,2.104510869830847,1.4268298503011465,2.866370325908065
655360,0.03286869777366519,0.0844158228719607,4.075208596885204,1.0321320202201605,0.023282058333279565,0.024860592442564666,3.884243428707123,1.9153675958514214,1.2772344276309013,1.778059046715498
656384,0.05649354826891795,0.1432571397162974,3.601380378007889,0.6196825783699751,0.07823146041482687,0.039570563996676356,3.6618448942899704,2.082908384501934,1.944658100605011,2.6753519158810377
657408,0.054931636434048414,0.1396097324322909,3.6269065365195274,0.5571525972336531,0.1515412130393088,0.02359411315410398,3.898160547018051,1.886249952018261,2.710092891007662,2.254735989496112
658432,0.05157220487308223,0.06455119256861508,3.5089044719934464,0.5552100045606494,0.1824154865462333,0.04163869860349223,3.926291845738888,1.6388840898871422,1.9950464125722647,5.097692059352994
659456,0.06129542685812339,0.09410674753598869,3.894962541759014,0.7960540857166052,0.10479676455724984,0.03531579650007188,4.021806336939335,1.8370140716433525,1.962100112810731,2.2285309862345457
660480,0.08659489965066314,0.07747955550439656,3.920898087322712,0.8645155522972345,0.08128170564305037,0.03256891685305163,3.9278923720121384,1.6930958442389965,1.7285615969449282,2.3406225070357323
661504,0.038941574064665474,0.06644061580300331,3.891567073762417,0.7375873904675245,0.12503907445352525,0.014336581720272079,4.0852629989385605,2.101450849324465,1.2403194475919008,1.491839999333024
662528,0.06023505187476985,0.08019108802545816,3.8136799708008766,0.7099993899464607,0.07749705872265622,0.03699015581514686,3.82938115298748,1.8304819129407406,1.4241606444120407,2.25418746098876
663552,0.046305251482408494,0.0758818790782243,3.993916265666485,0.8943680189549923,0.06363552599214017,0.027591474528890103,3.8190146908164024,1.9174020998179913,1.115639453753829,1.6813233941793442
664576,0.05207663611508906,0.12099424819462001,3.8801771998405457,0.8828217629343271,0.11281717079691589,0.04504099924815819,3.8322018459439278,1.9428613744676113,1.6859151162207127,1.7476156186312437
665600,0.04422843037173152,0.05268268508370966,3.939270131289959,0.8856392987072468,0.18455377384088933,0.03068792342673987,4.016573905944824,2.1300322338938713,1.2177661526948214,2.3463010750710964
666624,0.03508317974046804,0.07696998782921582,4.005758531391621,0.9109886828809977,0.06276228091155645,0.03576879168394953,3.9693994224071503,1.985686369240284,1.0992193799465895,1.785566432401538
667648,0.06592857086798176,0.1480762865394354,3.8056844025850296,0.8244209848344326,0.06155529183160979,0.051927325141150504,3.5291642248630524,1.463627103716135,2.530398365110159,2.172101652249694
668672,0.043539607257116586,0.051355841220356524,3.9490575790405273,0.9578773295506835,0.11027718626428396,0.04214679670985788,4.036218926310539,2.1085324697196484,1.5372846405953169,2.6611815877258778
669696,0.07389084427268244,0.0717445636400953,4.016558423638344,0.9424354322254658,0.12834864523028955,0.03692617960041389,3.796429365873337,1.7709078788757324,1.478086981922388,2.1675731632858515
670720,0.07482446340145543,0.10751783568412066,3.6768906265497208,0.7763768527656794,0.09577869338681921,0.046729706577025354,3.6063982248306274,1.3511410169303417,1.3516626097261906,1.9900323431938887
671744,0.07012268726248294,0.12208408070728183,3.721661686897278,0.7481358665972948,0.0684448839747347,0.022136096464237198,3.7726592421531677,1.6042237430810928,1.912846328690648,1.8470882792025805
672768,0.0552935985615477,0.09335763566195965,3.634494572877884,0.5894288253039122,0.06845825523487292,0.01884880941361189,4.0631319507956505,1.9744211733341217,1.5817264392971992,1.6405412331223488
673792,0.04104798304615542,0.10862146876752377,3.5316112861037254,0.57747189886868,0.07417683003586717,0.03172231692587957,3.7571057230234146,1.7212803922593594,1.3603188376873732,1.6429020836949348
674816,0.03724011385929771,0.02170163847040385,3.7451703771948814,0.6566201010718942,0.11339351290371269,0.009547181383823045,3.6990335136651993,1.5052336677908897,0.9507986381649971,2.1097308807075024
675840,0.05686820182017982,0.07881678675767034,3.8985891193151474,0.8524128384888172,0.042806807468878105,0.030941678560338914,3.4308127984404564,1.4924426786601543,1.376205950975418,1.5870094280689955
676864,0.04882431781152263,0.06913402827922255,3.728497840464115,0.6836121417582035,0.06809203093871474,0.0362363092135638,3.7145742177963257,1.7901837155222893,1.1602650918066502,1.422812720760703
677888,0.059277819498674944,0.10331573965959251,3.625020034611225,0.5833812048658729,0.11825787625275552,0.027501920762006193,3.7038085535168648,1.666225042194128,2.0979304127395153,2.134721629321575
678912,0.03865435715124477,0.08664371189661324,3.5799139589071274,0.6192210139706731,0.05548800903488882,0.03096539742546156,3.7821982353925705,1.7187200114130974,1.5759495291858912,1.827789455652237
679936,0.04098484382848255,0.09178589237853885,3.80106782913208,0.810714228078723,0.09172818824299611,0.03013102081604302,3.814196802675724,2.2336206920444965,1.696800347417593,1.6425715293735266
680960,0.060488101647933945,0.0986338711809367,3.829644523561001,0.7809083126485348,0.13984736753627658,0.03643261571414769,3.8926123082637787,2.1421325653791428,1.5127408932894468,1.7431194819509983
681984,0.07444110029609874,0.13631324539892375,3.754526309669018,0.7176502570509911,0.07059465136262588,0.03831341030308977,3.754624582827091,1.6348097696900368,1.905398640781641,1.9634544160217047
683008,0.0564098886679858,0.08911380427889526,3.616692043840885,0.555451194755733,0.13700235122814775,0.01737400147248991,3.341560736298561,1.1926626581698656,2.3877791427075863,1.9405328072607517
684032,0.03601343535410706,0.06513335788622499,3.5352491587400436,0.4876097831875086,0.1031417828053236,0.01703532028477639,3.7970051243901253,1.3415038660168648,1.1910820100456476,1.71644277125597
685056,0.046800686221104115,0.058990480029024184,3.7735529616475105,0.663478460162878,0.12323978217318654,0.020715156715596095,3.514535643160343,1.1746080238372087,1.1640862356871367,1.3469026554375887
686080,0.08534345548832789,0.09260997525416315,3.8100027963519096,0.7894932869821787,0.08903274248586968,0.031101058761123568,3.622067242860794,1.2561936974525452,2.228155428543687,2.173152033239603
687104,0.0509796477999771,0.11245294264517725,3.6891458928585052,0.6726799104362726,0.04998432064894587,0.04068549466319382,3.336019515991211,1.3283054269850254,1.4183966554701328,1.916019955649972
688128,0.043932728440267965,0.05892955570016056,3.7612303271889687,0.6919242665171623,0.08398971398128197,0.025835370470304042,3.8079776018857956,1.5819384828209877,0.9739030096679926,1.564242945984006
689152,0.04813533165724948,0.050012028543278575,3.8625153079628944,0.7377124149352312,0.09496139327529818,0.025812939362367615,3.8245215862989426,1.66250778734684,1.679874001070857,2.0988927986472845
690176,0.05799235438462347,0.11032069777138531,3.608006112277508,0.6068493463099003,0.04050920414738357,0.038310959411319345,3.5544408634305,1.5381640158593655,2.009166032075882,2.8242445960640907
691200,0.04888053062313702,0.09475927008315921,3.740530662238598,0.7421048860996962,0.05904990079579875,0.04205793549772352,3.789619319140911,1.6255878880620003,2.593954423442483,3.2562592532485723
692224,0.037685604533180594,0.09901000675745308,3.9388780519366264,0.8188307303935289,0.012497748015448451,0.035217525030020624,3.9279436096549034,2.1985000036656857,2.338029818609357,2.8647011164575815
693248,0.05161101621342823,0.13615094893611968,3.6738800182938576,0.6038108207285404,0.16853444324806333,0.04917740455130115,4.162763491272926,2.610043153166771,3.1068812888115644,4.190870948135853
694272,0.03651185063063167,0.08414190972689539,3.7421804517507553,0.6204531341791153,0.1298415926285088,0.033714591641910374,4.040008001029491,2.188228640705347,1.4773308411240578,2.723843388259411
695296,0.04178458021488041,0.07632212620228529,4.0578010231256485,0.9304989390075207,0.06611713906750083,0.01677771093090996,3.8943200930953026,1.6168713495135307,1.3703767154365778,1.8207341060042381
696320,0.05336776722106151,0.09174795961007476,3.918386295437813,0.8083144165575504,0.09336146095301956,0.03994408849393949,3.8234165608882904,1.7239448688924313,1.3531770426779985,1.6454355120658875
697344,0.058468193223234266,0.06447596463840455,3.8652481511235237,0.7748310454189777,0.13344770966796204,0.028553416050272062,3.823886275291443,1.515002928674221,1.6526423711329699,1.8943479359149933
698368,0.08071158555685543,0.11836407775990665,3.8370074331760406,0.7671073731034994,0.11257438044412993,0.029575779393780977,3.6750984489917755,1.3929166235029697,3.0643560364842415,2.4469121526926756
699392,0.055618168582441285,0.2205481482669711,3.733033113181591,0.6924214586615562,0.09249109798111022,0.04382542031817138,3.9014051109552383,1.5918538235127926,3.4450817219913006,1.957556612789631
700416,0.06898723341873847,0.19593704119324684,3.5353153944015503,0.6166250072419643,0.08145611413056031,0.04504176811315119,3.4151346161961555,1.0871014669537544,2.7691912222653627,2.777270643040538
701440,0.07409002433996648,0.07536573230754584,3.635584779083729,0.631635595113039,0.10884461537352763,0.023907439783215523,3.6005235612392426,1.1625363249331713,1.3111124373972416,1.4620707239955664
702464,0.04739589581731707,0.09673153911717236,3.769627369940281,0.7372106090188026,0.12134844763204455,0.03760967595735565,3.902116633951664,1.6480286233127117,1.9642441011965275,3.30234108120203
703488,0.0371656158240512,0.09544278751127422,3.9236527159810066,0.8294426221400499,0.06627343210857362,0.030656488379463553,3.9642770662903786,1.9522675275802612,1.621364640071988,2.4233946911990643
704512,0.038007965180440806,0.1023788524325937,3.968659929931164,0.9856993090361357,0.0848155033600051,0.040073062235023826,3.7167174965143204,1.5921579897403717,1.1460952088236809,1.430973818525672
705536,0.0657035008771345,0.1275005736388266,3.8612023293972015,0.8894361816346645,0.07066108763683587,0.03525426023406908,4.004814252257347,1.7825891077518463,1.7231077589094639,1.3940964583307505
706560,0.07143809236004017,0.10289106098935008,3.810650557279587,0.7547148671001196,0.09891885603428818,0.03991578466957435,3.818870186805725,1.6539571098983288,2.466623866930604,2.4095776211470366
707584,0.040831253747455776,0.0864609848940745,3.839152418076992,0.7702584881335497,0.1023525595664978,0.05371495650615543,3.7030072659254074,1.709137137979269,1.5690149385482073,2.4151255656033754
708608,0.044594958759262227,0.0890650050714612,3.603843666613102,0.6162334401160479,0.09757550532231107,0.05060024111298844,3.7148954197764397,1.4579938687384129,1.478844240307808,2.8531558141112328
709632,0.05349288249271922,0.07619745482224971,3.8341561406850815,0.7890373356640339,0.04655962553806603,0.04588977625826374,3.894847087562084,1.8323342315852642,1.432249266654253,2.022809136658907
710656,0.048081284810905345,0.14802325051277876,3.7712258473038673,0.6777879986912012,0.031348307471489534,0.05738264031242579,3.7395735681056976,1.6933544650673866,2.6674588546156883,2.898722570389509
711680,0.040290645440109074,0.1261203452013433,3.7676347717642784,0.7419416308403015,0.11614120053127408,0.04371798655483872,3.5517973825335503,1.4687807522714138,3.115381833165884,2.7249362841248512
712704,0.049881699960678816,0.10706302942708135,3.866329036653042,0.9544396232813597,0.09727327220025472,0.03426839818712324,3.690314769744873,1.6175199821591377,1.5082841999828815,2.173478649929166
713728,0.06721648608800024,0.13968879915773869,3.894475542008877,0.8974532149732113,0.04680405929684639,0.06140792916994542,3.2830493673682213,1.3550395984202623,1.6674988437443972,2.333790021017194
714752,0.0727624642313458,0.15432126657105982,3.806634858250618,0.819310650229454,0.0915086556924507,0.039615672489162534,3.6377808526158333,1.566748984158039,1.821206221356988,1.7548828609287739
715776,0.05537901454954408,0.1283622933551669,3.695898525416851,0.7370412908494473,0.10075919140945189,0.030140024260617793,3.7654836252331734,1.4810322746634483,1.9580215886235237,1.5147493295371532
716800,0.05888261608197354,0.1527947939466685,3.5895688012242317,0.5859501995146275,0.13893002027180046,0.05354094738140702,4.021521344780922,1.8601344600319862,2.0431636050343513,2.059641558676958
717824,0.03485281824396225,0.13731932500377297,3.3833716958761215,0.426503449678421,0.16229497850872576,0.032691100786905736,4.078893259167671,1.9698425866663456,3.7172850780189037,2.431762494146824
718848,0.035508081753505394,0.11254747724160552,3.7073438689112663,0.6117160432040691,0.04180428246036172,0.025546062854118645,3.7253924682736397,1.4021705649793148,1.5526454616338015,1.9283976536244154
719872,0.06247567090031225,0.05234329588711262,4.052209861576557,0.8997186180204153,0.026636864407919347,0.024321979290107265,3.613292194902897,1.51090257614851,1.2474569734185934,2.4904396664351225
720896,0.043699031084543094,0.13999590603634715,3.8845935985445976,0.9813847560435534,0.08417194715002552,0.06780550512485206,3.8370922580361366,1.7247340120375156,1.4449746794998646,2.534133695065975
721920,0.058956878492608666,0.08608190703671426,3.9313831105828285,0.8567504249513149,0.11213682894594967,0.03174670983571559,3.979657009243965,2.166731182485819,1.4300156459212303,2.2747614309191704
722944,0.06027709721820429,0.11934618093073368,3.900253228843212,0.9512711204588413,0.09850366061436944,0.042699569079559296,3.720487095415592,1.6232650876045227,2.252139190211892,2.187597494572401
723968,0.0525305638439022,0.11620259075425565,3.5995027869939804,0.6776866726577282,0.13137691834708676,0.05593672412214801,3.6455724462866783,1.4680893793702126,2.035786537453532,2.563907351344824
724992,0.03302429764880799,0.099106689915061,3.548870228230953,0.47567026875913143,0.10212505486560985,0.04651403083698824,3.8420174717903137,1.542350623756647,2.8001518435776234,9.85602530092001
726016,0.047303773753810674,0.09853610210120678,3.788690574467182,0.704146109521389,0.11471389455255121,0.04021484550321475,3.432174876332283,1.095376381650567,2.1172289177775383,3.262982666492462
727040,0.06284365976171102,0.1370359582360834,3.637451194226742,0.5735878627747297,0.1626435515936464,0.026928050472633913,3.2900298088788986,1.1358884163200855,4.012600615620613,4.4426180720329285
728064,0.03601269313367084,0.09886051202192903,3.768560104072094,0.7561844484880567,0.038724328274838626,0.019452726177405566,3.915908545255661,1.5857056565582752,1.473962303251028,1.5455265790224075
729088,0.07064678822644055,0.12492896639741957,3.975273475050926,0.8920688554644585,0.09008341300068423,0.028170137957204133,3.825429357588291,1.5666101947426796,1.4634232092648745,1.7766181845217943
730112,0.04822113231057301,0.15195064479485154,3.9725704416632652,0.9919772557914257,0.07482245058054104,0.05702445609495044,3.7579379975795746,1.4225174263119698,1.347195839509368,1.572304606437683
731136,0.06456182323745452,0.12439695745706558,3.7205031663179398,0.7653345130383968,0.1271375676151365,0.04863318824209273,3.6929284408688545,1.46189009770751,1.368691774085164,2.104900823906064
732160,0.03841264949005563,0.11037574545480311,3.5769767239689827,0.5403104461729527,0.11256471648812294,0.025089290604228154,3.909160241484642,1.6474213600158691,1.831087239086628,4.075724774971604
733184,0.045763122296193615,0.08722205297090113,3.8878225162625313,0.7588322646915913,0.1160505031584762,0.023324561887420714,4.067584805190563,1.8999830931425095,1.3531041145324707,1.7919768262654543
734208,0.040866040013497695,0.09285333333536983,3.6904936879873276,0.6470958683639765,0.08176603575702757,0.028832435607910156,3.81441181153059,1.5224113389849663,2.9484074413776398,1.6007904596626759
735232,0.04868552036350593,0.058486585738137364,3.8640672490000725,0.7333161476999521,0.1243320310022682,0.031139252532739192,4.000597268342972,1.6707520484924316,1.456991909071803,1.758237563073635
736256,0.03815894188301172,0.10995953227393329,3.768455535173416,0.7691554445773363,0.07083702480304055,0.04708566830959171,3.691770076751709,1.5131285041570663,1.5047892797738314,2.30975129827857
737280,0.04577496345154941,0.0679972362704575,3.824554428458214,0.7859913595020771,0.05257005282328464,0.01961699451203458,3.7527358382940292,1.6269717626273632,1.6983151286840439,1.787326505407691
738304,0.0574729458312504,0.08583643089514226,3.6405789479613304,0.652527205646038,0.09373851545387879,0.021376160613726825,3.9775972217321396,1.8110331296920776,2.3205472249537706,2.2766296211630106
739328,0.05494644209102262,0.10845922934822738,3.525960184633732,0.5891107302159071,0.10459579025337007,0.031641792389564216,3.7980345338582993,1.4577488899230957,1.9448832776397467,2.1456849686801434
740352,0.05511111585656181,0.09887864184565842,3.8567230477929115,0.7953994516283274,0.0779454549192451,0.025152087619062513,3.615328185260296,1.7355268485844135,1.791469356045127,1.8051621839404106
741376,0.07986459392122924,0.11053674621507525,3.78446401655674,0.7477442268282175,0.08565639637527056,0.02868473168928176,3.6509647965431213,1.7502879239618778,2.0383497197180986,1.8637289982289076
742400,0.04168267517525237,0.09734343783929944,3.812297224998474,0.7173242326825857,0.05858242971589789,0.022963947732932866,3.3746642768383026,1.3765521012246609,1.2499995399266481,1.8721786495298147
743424,0.05515427982027177,0.07723773806355894,3.8481028974056244,0.7460172064602375,0.08852420415496454,0.034382574958726764,4.0011831149458885,2.067229922860861,1.35511358641088,1.4226110028102994
744448,0.05112885469861794,0.071768693276681,3.804140344262123,0.7516918480396271,0.07804603176191449,0.027988485526293516,4.022999256849289,1.8972124978899956,1.6926220953464508,1.9079229310154915
745472,0.0454523284570314,0.08601406589150429,3.8250493332743645,0.7877708487212658,0.10111066128592938,0.03418012417387217,4.042056731879711,1.8670301362872124,1.8178724255412817,2.3041981887072325
746496,0.07806989515665919,0.1390226506628096,3.829394593834877,0.7429754640907049,0.18487935117445886,0.04267970618093386,3.9667709320783615,1.790546465665102,2.8832781556993723,2.30956301279366
747520,0.040938572434242815,0.07390029344242066,3.718891032040119,0.6518356595188379,0.09237176727037877,0.032319739169906825,3.8993529602885246,1.4609179720282555,1.7673704996705055,2.0779549721628428
748544,0.05518311873311177,0.13635225594043732,3.566752925515175,0.539468489587307,0.08442717691650614,0.028189205680973828,3.723137766122818,1.2806929647922516,3.0747297294437885,2.710834411904216
749568,0.04988716373918578,0.10110753821209073,3.5817308127880096,0.553660755045712,0.14381293882615864,0.03976806305581704,3.9095931947231293,1.5195868462324142,1.8932455014437437,4.102033505216241
750592,0.07025298068765551,0.12478079018183053,3.57722008228302,0.5767648071050644,0.11164376931264997,0.033824366924818605,3.7413593754172325,1.351542042568326,3.404556155204773,1.8049870543181896
751616,0.03871661450830288,0.07967707689385861,3.670626789331436,0.6173325087875128,0.06045351875945926,0.030470516358036548,3.6704450473189354,1.3899848610162735,1.0897678676992655,1.5659835077822208
752640,0.04087355530646164,0.0919410556089133,3.6979425624012947,0.6365308314561844,0.10083047009538859,0.029058110085316002,3.766095720231533,1.6864695474505424,1.7416150290519,2.1752518713474274
753664,0.03632558061508462,0.0818211204605177,3.849803388118744,0.7613941598683596,0.0596373443986522,0.04049018141813576,3.7738038673996925,1.547157857567072,1.3000575453042984,2.555506110191345
754688,0.0428841186221689,0.09931892005261034,3.73944628238678,0.8658095542341471,0.0838105865259422,0.049405372818000615,3.371710032224655,1.273922123014927,1.6457749176770449,2.7727136090397835
755712,0.03940806417085696,0.116655612597242,3.4720023199915886,0.5122953876852989,0.0875607133784797,0.038231265847571194,3.747959963977337,1.6028942316770554,3.912337262183428,6.002735139802098
756736,0.0391420200758148,0.07004381553269923,3.551284745335579,0.5346542038023472,0.1569210789166391,0.02694825263461098,4.227394089102745,2.198195520788431,2.365612866356969,7.569732740521431
757760,0.0658116846170742,0.1062965034507215,3.6788385957479477,0.6762087792158127,0.12157652573660016,0.03749922494171187,3.8931075036525726,1.6235177516937256,2.7679308652877808,4.042549401521683
758784,0.048471136251464486,0.0919025755720213,3.7015318870544434,0.6924522463232279,0.062100260867737234,0.05378502211533487,3.6527097448706627,1.3911423236131668,1.43729879707098,3.0701680798083544
759808,0.05691861466038972,0.1029380769468844,3.7698167711496353,0.7526360880583525,0.033028588455636054,0.046046988340094686,3.818301737308502,1.9093036092817783,1.8743068613111973,2.409921832382679
760832,0.03329736882005818,0.10299150634091347,3.919729635119438,0.8722147233784199,0.07329848382505588,0.034897332603577524,3.8653171211481094,1.840363658964634,1.8351739160716534,2.0546292550861835
761856,0.06958829666837119,0.14740539295598865,3.661413297057152,0.685238428413868,0.15512979647610337,0.0445031778072007,3.7784470841288567,1.325035072863102,3.8810887187719345,3.882924085482955
762880,0.04822258805506863,0.11052910704165697,3.5623935386538506,0.6337981913238764,0.04806410270975903,0.0409171994542703,3.638178914785385,1.471383012831211,1.6306727603077888,2.617388404905796
763904,0.03613426914671436,0.07491190067958087,3.645580478012562,0.5496850311756134,0.08187780625303276,0.030323934101033956,4.165673092007637,2.263941213488579,1.9284272138029337,2.577864848077297
764928,0.06666465487796813,0.11682311934418976,3.7521833777427673,0.6977981626987457,0.10065878345631063,0.026010644040070474,3.7222175747156143,1.6477989628911018,1.6223439797759056,2.1123477667570114
765952,0.040099297009874135,0.06728274072520435,3.7165463119745255,0.6518539786338806,0.042028015275718644,0.022547105239937082,4.051826909184456,2.264317315071821,1.6310722343623638,1.9618536699563265
766976,0.04169596455176361,0.0704429941251874,3.945205397903919,0.7816832233220339,0.09746982861543074,0.03575406508753076,4.151162497699261,2.2389055229723454,1.351146286353469,2.2524458300322294
768000,0.03945665681385435,0.09218223602510989,3.7714809253811836,0.6873453594744205,0.13335857889615,0.05924126866739243,4.1299562975764275,2.2811226211488247,2.5629385989159346,6.849980464205146
769024,0.05719436821527779,0.0785349354846403,3.7585556134581566,0.7829638328403234,0.06066489760996774,0.03674942336510867,3.896635077893734,1.8327473774552345,2.885447181761265,2.1927910577505827
770048,0.08180428802734241,0.08015113847795874,3.709746964275837,0.6985824909061193,0.21599095780402422,0.029251200205180794,4.02130214869976,2.0496215783059597,2.271400013938546,3.046219792217016
771072,0.04484433989273384,0.07990723918192089,3.4902721270918846,0.5131643675267696,0.04077307737316005,0.033009871578542516,3.7750393450260162,1.609364252537489,5.491981426253915,4.0891210082918406
772096,0.03950517694465816,0.0470328563824296,3.476781338453293,0.48346602637320757,0.13637632160680369,0.024671019695233554,3.5511855706572533,1.262361692264676,2.20118653960526,5.217476457357407
773120,0.054407263844041154,0.037843586469534785,3.9272897616028786,0.882882752455771,0.08458486368181184,0.02268025671946816,3.9445600658655167,1.7863591201603413,1.4689467959105968,3.263810731470585
774144,0.06281993108859751,0.07245535380207002,3.932347983121872,0.8088541869074106,0.043220049352385104,0.03081285348162055,3.9370197504758835,2.1997394524514675,1.3244940638542175,1.819780882447958
775168,0.034923137456644326,0.048205516883172095,3.741471439599991,0.7629846446216106,0.09515372681198642,0.02916600921889767,4.099723868072033,1.9956256821751595,1.2451272774487734,3.732775330543518
776192,0.050288618105696514,0.1014096257276833,3.8401611372828484,0.8477320428937674,0.02469247396220453,0.03362856252351776,3.7820067554712296,1.629430454224348,1.6885285917669535,2.1624522171914577
777216,0.07587334647541866,0.12699295254424214,3.784683756530285,0.7906591650098562,0.09238100721267983,0.043007531377952546,3.8208677172660828,1.5976521484553814,1.9195476118475199,2.242081144824624
778240,0.06121792155317962,0.12149705179035664,3.480622351169586,0.5255747446790338,0.15187187225092202,0.027864411065820605,4.113207824528217,2.5265181735157967,3.709933005273342,1.6126664225012064
779264,0.04219954370637424,0.11444895644672215,3.3925174847245216,0.4398839399218559,0.15854040230624378,0.07948714750818908,3.925574839115143,1.8291184455156326,2.6302249701693654,14.168855782598257
780288,0.052075941377552226,0.07850070286076516,3.7239526882767677,0.7162322364747524,0.09545008913846686,0.03799267555586994,3.6865058317780495,1.514850627630949,1.4915699549019337,3.274880651384592
781312,0.02940981709980406,0.0698002913268283,3.836290515959263,0.7280718516558409,0.06986277528631035,0.028933759429492056,3.7879567593336105,1.663112923502922,1.2484156712889671,2.245502360165119
782336,0.0605602753785206,0.11058389651589096,3.9591695368289948,0.9503818396478891,0.0217359226080589,0.03325392003171146,3.6380727663636208,1.6224782764911652,1.8028616420924664,2.2701613921672106
783360,0.05465450795600191,0.1187153784558177,3.7757182344794273,0.7528630793094635,0.05104853748343885,0.050759336503688246,3.6767904832959175,1.5183736346662045,1.8163273017853498,2.7654800787568092
784384,0.05166034182184376,0.13507432048209012,3.878772512078285,0.8950276169925928,0.044913901743711904,0.03833352756919339,3.4864156171679497,1.7002346068620682,1.2841297443956137,1.857439549639821
785408,0.05030727852135897,0.13860754412598908,3.8752617463469505,0.8215328585356474,0.06426550983451307,0.035125401976983994,4.028398744761944,2.1716281287372112,1.1722295805811882,3.1335971355438232
786432,0.05940637309686281,0.12676111981272697,4.016912683844566,0.905651830136776,0.07220846906420775,0.048453007359057665,3.9957931265234947,2.000429481267929,1.7912338972091675,2.9992365818470716
787456,0.06786273536272347,0.1258927348535508,3.7330155298113823,0.7051569987088442,0.09863342001335695,0.021197831287281588,3.7990471869707108,1.6965413577854633,3.4787460025399923,1.6860800553113222
788480,0.0472996553289704,0.0823008205043152,3.4537526220083237,0.5046389559283853,0.16275948588736355,0.0284298220067285,3.624090149998665,1.3947186209261417,2.212869456037879,3.1288975924253464
789504,0.04454188048839569,0.12531064357608557,3.893791541457176,0.7588092889636755,0.10567751282360405,0.04195529443677515,3.7304968908429146,1.4820397160947323,1.9914572890847921,2.868811212480068
790528,0.08838275662856176,0.10674880957230926,3.9684784188866615,0.9291475918143988,0.1092107591102831,0.03037849723477848,3.8385010063648224,1.4672555588185787,2.4783833418041468,2.192969225347042
791552,0.053913881711196154,0.045700543851125985,3.754276104271412,0.6356174200773239,0.13759177736938,0.030028768931515515,3.9127337634563446,1.53484246134758,1.195246523246169,4.822371281683445
792576,0.04502778925234452,0.09399359812960029,3.9425721243023872,0.7847472801804543,0.03731940337456763,0.033807442348916084,3.6779214814305305,1.6612901240587234,1.518208747729659,2.3281373996287584
793600,0.07543332857312635,0.14228230505250394,3.8375133275985718,0.7615974806249142,0.12838861579075456,0.03459595039021224,4.0845587104558945,1.8233413062989712,2.110939722508192,2.7385699450969696
794624,0.0519629011687357,0.17374433856457472,3.6211950853466988,0.576566755771637,0.09503017622046173,0.03705987276043743,4.020964033901691,2.017907191067934,2.376821920275688,2.9245138224214315
795648,0.043365963734686375,0.07384620211087167,3.7454770877957344,0.6006614826619625,0.10064781762775965,0.013893446535803378,3.9522772803902626,1.8486451357603073,1.6332181096076965,1.870177522301674
796672,0.05435518058948219,0.1579779558815062,3.9700659960508347,0.7856745719909668,0.07235777724417858,0.017428794817533344,3.8347263038158417,1.8203565552830696,2.1912999749183655,1.7917776890099049
797696,0.06184148654574528,0.12497846083715558,3.913238614797592,0.7684482932090759,0.020637871086364612,0.026882742473389953,3.4873861521482468,1.6111928559839725,1.4625651556998491,1.542126463726163
798720,0.06037084446870722,0.1031928132288158,3.753220111131668,0.6302859298884869,0.05560068925842643,0.019936616416089237,3.8872301504015923,2.024088501930237,2.1702090073376894,1.7649051155894995
799744,0.05545178917236626,0.08578343933913857,3.74379563331604,0.7180550247430801,0.07454082809272222,0.033692142576910555,3.7579525411129,1.9401630721986294,1.9118705727159977,1.775211252272129
800768,0.037649325211532414,0.07514760480262339,3.8333592638373375,0.7896273452788591,0.06661979365162551,0.030245833622757345,3.7650503888726234,1.9421470686793327,1.4991913177073002,2.674806084483862
801792,0.04050244521931745,0.09572009299881756,3.9417959228157997,0.8818839956074953,0.03645419387612492,0.039442203589715064,3.7886741384863853,2.28977482765913,1.5983142238110304,2.2827981915324926
802816,0.07078063554945402,0.12022463954053819,3.850855566561222,0.8794170301407576,0.059056026773760095,0.04232481599319726,3.751883953809738,2.1421339958906174,1.5157129392027855,1.8621980883181095
803840,0.0574369169480633,0.0270923055941239,3.74697844684124,0.6802087053656578,0.14779516775161028,0.02513695228844881,3.9984564930200577,2.2452645152807236,1.2269547376781702,1.932880461215973
804864,0.039098099659895524,0.07991726836189628,3.909997746348381,0.8673205636441708,0.05061587051022798,0.031821268261410296,3.6821647956967354,1.8586344793438911,1.4695659428834915,2.1563014704734087
805888,0.07323056575842202,0.0492997202090919,3.897590421140194,0.7037453036755323,0.09049583855085075,0.01717929550795816,4.12921978533268,2.2219186797738075,1.5377599485218525,1.4148647375404835
806912,0.04454886863823049,0.06478670728392899,3.772206038236618,0.6962587181478739,0.07315186312189326,0.027957455691648647,3.8468268737196922,1.8169865123927593,1.7741934731602669,2.0630482248961926
807936,0.06204633880406618,0.0907263009576127,3.80110964179039,0.771126464009285,0.06168889795662835,0.039270797453355044,3.809782326221466,1.8683522008359432,1.5394815355539322,1.6913997270166874
808960,0.0630069610197097,0.11275314027443528,3.8412457704544067,0.7212117221206427,0.05730550261796452,0.04466302803484723,3.8804268687963486,2.2653267346322536,1.5154473222792149,2.2327327951788902
809984,0.06259688432328403,0.12584079918451607,3.5782874822616577,0.603449635207653,0.12635359214618802,0.03676542377797887,3.90413885563612,1.926752958446741,2.368489533662796,2.485157487913966
811008,0.05441735724161845,0.07525044842623174,3.8330661430954933,0.8424821682274342,0.14658961375243962,0.03799945715581998,3.8779727667570114,1.7847291380167007,1.8421828877180815,2.5653438828885555
812032,0.03985469363396987,0.04990740830544382,4.001247771084309,0.8656131401658058,0.0703940546081867,0.02528518537292257,3.7426434457302094,1.5512725710868835,1.1054214164614677,1.712903706356883
813056,0.07011569809401408,0.07047634292393923,3.8541737124323845,0.6822293065488338,0.17521021352149546,0.022808039211668074,3.921230621635914,1.8557459935545921,3.878854379057884,2.945052120834589
814080,0.04297925819992088,0.08328883070498705,3.7735165506601334,0.707614054903388,0.10924761847127229,0.0227220396627672,3.6272272914648056,1.5807037390768528,1.721611425280571,2.3665717151015997
815104,0.08055805412004702,0.12107425485737622,3.6456413939595222,0.6854476276785135,0.1507978803711012,0.028007634449750185,3.887644499540329,1.6954242326319218,1.9994065146893263,3.270139405503869
816128,0.041088767611654475,0.07528200442902744,3.911534331738949,0.7902073487639427,0.04713416159211192,0.034175350272562355,3.9075726568698883,1.7078310139477253,1.065581277012825,2.3663452938199043
817152,0.0482507139822701,0.09363037929870188,3.8520398139953613,0.7214197237044573,0.05132548330584541,0.05241006595315412,3.5598256587982178,1.568640187382698,1.765799568966031,2.281370881944895
818176,0.04872698629333172,0.11339534563012421,3.9519156515598297,0.8642250448465347,0.05248598681646399,0.030935109534766525,3.354434534907341,1.3814327381551266,1.4641146007925272,1.8412850070744753
819200,0.05056768699432723,0.14380994881503284,3.815353088080883,0.7370055504143238,0.04099278594367206,0.036127713217865676,3.8972214311361313,1.865567710250616,1.9088641814887524,2.1100169755518436
820224,0.06962304994522128,0.12333172908984125,3.8384882658720016,0.8299718033522367,0.04738522206025664,0.05845710926223546,3.6210114285349846,1.8708117343485355,1.7728173863142729,2.333025027066469
821248,0.04884249571477994,0.10956249246373773,3.861530400812626,0.8173320144414902,0.12210095743648708,0.0303028768976219,3.9304467514157295,2.1181378439068794,1.7824179716408253,2.2542335763573647
822272,0.06351032733800821,0.16459876322187483,3.8946743234992027,0.8159238025546074,0.1295960375573486,0.0413458383991383,3.2894407585263252,1.3950560577213764,2.3861417546868324,3.396502859890461
823296,0.062013082701014355,0.10512979747727513,3.9194240644574165,0.7822324447333813,0.074615050223656,0.02400362939806655,3.8039477840065956,2.2711994238197803,1.4722475949674845,2.1084977332502604
824320,0.06926896708318964,0.1878654225729406,3.70293265581131,0.6872341930866241,0.14106401172466576,0.029517782386392355,3.942221075296402,2.1893126405775547,2.5741977635771036,1.9983386117964983
825344,0.055423069672542624,0.15321042947471142,3.454700417816639,0.4849608279764652,0.14926966605708003,0.03743140498409048,3.908017411828041,2.2695578262209892,3.1734018474817276,3.3875474222004414
826368,0.03820222386275418,0.06532955076545477,3.6789854988455772,0.6581050176173449,0.08231421359232627,0.022804975975304842,3.9407027438282967,2.066222630441189,1.3396629747003317,2.6448818519711494
827392,0.04355978200328536,0.10973385744728148,3.7721780091524124,0.6236536465585232,0.08518682437716052,0.026898834708845243,3.964266486465931,2.024476855993271,1.3799559138715267,2.148169618099928
828416,0.039669621124630794,0.13473267736844718,4.079752147197723,1.044683424755931,0.042825153475860134,0.04673132568132132,3.8443587347865105,2.063291322439909,1.738155372440815,1.9558941219002008
829440,0.06846658635186031,0.1314265443943441,4.063007295131683,0.9588568359613419,0.13892926299013197,0.038530873687705025,4.0559403002262115,2.1941242814064026,2.53255732730031,2.863813515752554
830464,0.06382681777176913,0.13201974285766482,3.720743529498577,0.6537678092718124,0.07447767010307871,0.03315456508425996,3.786514662206173,1.807203982025385,2.417049113661051,2.2553229182958603
831488,0.04365704611700494,0.1310495468787849,3.7531149834394455,0.6931058745831251,0.07495616663072724,0.03594512294512242,3.521875284612179,1.6252142079174519,1.645231893286109,2.1649789791554213
832512,0.042492580534599256,0.137016449123621,3.825258456170559,0.807647405192256,0.15315643860958517,0.04270613961853087,4.03107476234436,2.1424362882971764,1.6235193610191345,3.8700665775686502
833536,0.06476674065925181,0.2031672140583396,3.870849587023258,0.9267193078994751,0.09871702158125117,0.04735025344416499,3.660265699028969,1.709988173097372,2.3395088016986847,2.431920789182186
834560,0.03897179939667694,0.16963823465630412,3.805257447063923,0.7979964651167393,0.09855133917881176,0.03905268292874098,3.8870508074760437,2.0729646421968937,1.531522138044238,1.8324830289930105
835584,0.03562925080768764,0.07928838406223804,3.8838309720158577,0.8825953435152769,0.1187154739163816,0.03704421955626458,4.0424748584628105,1.9860639870166779,1.2109615039080381,2.028382010757923
836608,0.04869740862341132,0.1450270926579833,4.0664007142186165,1.0444012060761452,0.1300603854469955,0.03984571137698367,4.022351048886776,1.912804689258337,1.3761889785528183,2.1934372652322054
837632,0.05993108102120459,0.09919184981845319,3.9490791335701942,0.909345081076026,0.11085617041680962,0.026303933118470013,3.928168036043644,1.6848722361028194,1.1721901670098305,2.1855329796671867
838656,0.039805569846066646,0.07990976492874324,3.8391992896795273,0.8476350530982018,0.1422888757660985,0.02553288050694391,3.9586325734853745,1.6143399216234684,1.648624898865819,1.9075908493250608
839680,0.059233273583231494,0.09097138931974769,3.660783179104328,0.6736338883638382,0.09151305689010769,0.04070935910567641,3.785915568470955,1.5208440870046616,1.577726636081934,2.0335067622363567
840704,0.0409470992453862,0.08594199677463621,3.859909802675247,0.7909397035837173,0.0945839325140696,0.029292797698872164,3.8389061987400055,1.7130392231047153,1.2552338764071465,2.1391402166336775
841728,0.06751312804408371,0.08736473263707012,3.9487831965088844,0.8877194877713919,0.1012185828294605,0.021816523658344522,3.8030306920409203,1.7403761520981789,1.4421225171536207,1.754841547459364
842752,0.04821093019563705,0.09690088802017272,3.845019221305847,0.7674072161316872,0.1231448749313131,0.03402434597956017,3.9492033571004868,1.9477594830095768,1.4837354999035597,1.7289373371750116
843776,0.04545199923450127,0.09276170353405178,3.7896598130464554,0.7320316825062037,0.1403023393941112,0.028271762188524008,4.284077152609825,2.203931014984846,2.4496762454509735,2.658866325393319
844800,0.04569626820739359,0.06949193368200213,3.722117029130459,0.6492378227412701,0.081646350416122,0.03831788641400635,3.800069883465767,1.6716736033558846,1.7850306257605553,2.0936589017510414
845824,0.0708176747430116,0.08518320659641176,3.8292350247502327,0.772141557186842,0.1571696219034493,0.038365005515515804,3.8718784898519516,1.7098322063684464,1.8563099559396505,3.3277728240936995
846848,0.06788292166311294,0.08639455679804087,3.787194013595581,0.7956301104277372,0.10268056852510199,0.03666204330511391,3.43339516967535,1.3935239873826504,1.4939077626913786,2.188319994136691
847872,0.05508453521179035,0.06829622446093708,3.7803572341799736,0.6808051243424416,0.07068428094498813,0.031060656008776277,3.699344649910927,1.8686975426971912,1.0429335329681635,1.9906194992363453
848896,0.05828557291533798,0.09655826771631837,3.793905273079872,0.677990160882473,0.055345018627122045,0.021896384976571426,4.034824356436729,2.095345839858055,1.7972443494945765,2.090827837586403
849920,0.050603063427843153,0.07127294549718499,3.5947287008166313,0.5937801375985146,0.13837968138977885,0.024286800296977162,3.8281504660844803,1.8552736230194569,1.5802454967051744,1.9993406292051077
850944,0.05150445472099818,0.1151442441623658,3.7740593627095222,0.7241508606821299,0.04503744142130017,0.0429715845384635,3.809086039662361,1.5818778313696384,1.5337653625756502,1.6613760814070702
851968,0.044900882814545184,0.07206425757613033,3.597325935959816,0.5827033221721649,0.1595737999305129,0.041929356346372515,3.7810342460870743,1.553781520575285,2.483105756342411,4.937953885644674
852992,0.04876112843339797,0.13785085873678327,3.689105525612831,0.5911212945356965,0.11855592555366457,0.04074846510775387,3.939553529024124,1.859409749507904,2.886249054223299,5.746171735227108
854016,0.07609706855146214,0.070551956188865,3.710176631808281,0.6836441624909639,0.049650722241494805,0.0331892796093598,3.790272071957588,1.6891451105475426,1.8465218041092157,1.7899233661592007
855040,0.042825196869671345,0.06577931018546224,3.457099974155426,0.5154170291498303,0.07822621410014108,0.023345642548520118,3.626049503684044,1.3640637211501598,1.5603694040328264,2.5317409448325634
856064,0.023547669436084107,0.09978856332600117,3.782966949045658,0.7553726173937321,0.01596816346864216,0.04001479368889704,3.5985370501875877,1.6711967326700687,2.0070673376321793,1.71365031786263
857088,0.04372323246207088,0.09405288565903902,3.8644285947084427,0.800198134034872,0.06531419500242919,0.042114825977478176,3.74731008708477,1.938153401017189,1.7440810427069664,2.916884880512953
858112,0.04853369832562748,0.09791784291155636,3.7987827211618423,0.7192265540361404,0.06016129965428263,0.04578744014725089,3.4011336639523506,1.5655678026378155,1.4792063105851412,4.0119725577533245
859136,0.051758144894847646,0.0726090093376115,3.7309833616018295,0.6748105939477682,0.0637415561650414,0.03556222713086754,3.688006028532982,1.5863261297345161,1.2242613192647696,2.112324571236968
860160,0.0343011106015183,0.09881725185550749,3.5159797817468643,0.4777582585811615,0.10251035506371409,0.04004763875855133,3.6148046106100082,1.5273947231471539,2.2213598415255547,3.5368035584688187
861184,0.028918719763169065,0.07647909293882549,3.5338486805558205,0.5018298821523786,0.05809291551122442,0.027878736436832696,4.0081451162695885,2.7029289677739143,1.8956062570214272,1.8492369074374437
862208,0.033079227068810724,0.056196420919150114,3.6789110600948334,0.5731087885797024,0.17973827151581645,0.032291937968693674,3.8456912338733673,2.1058775819838047,2.932718086987734,8.74409905821085
863232,0.07030283147469163,0.04737474588910118,3.979402706027031,0.8935853010043502,0.11607552971690893,0.0219129120814614,4.136953569948673,2.5162253379821777,1.7140495032072067,2.6855284925550222
864256,0.05009313818300143,0.06094905023928732,3.78837189078331,0.7734572310000658,0.041987182514276356,0.028840292361564934,2.957980342209339,1.2402644827961922,1.3161758743226528,2.0922999940812588
865280,0.04112953790172469,0.061018199659883976,3.6718073561787605,0.6469619311392307,0.07478030456695706,0.026552739494945854,3.7786673828959465,2.0890325643122196,1.6764061246067286,1.7413182463496923
866304,0.03112793422769755,0.051995328976772726,3.929463781416416,0.8507400304079056,0.0651442296220921,0.022733563731890172,3.852116584777832,2.1688657216727734,1.282479265704751,2.0831551905721426
867328,0.07602380239404738,0.12697412073612213,3.6058479845523834,0.6430704416707158,0.16688811779022217,0.03669117816025391,3.859448440372944,1.979661613702774,3.6211436428129673,2.6628419682383537
868352,0.04266789255780168,0.10420029039960355,3.8687174692749977,0.7887528873980045,0.05808010429609567,0.03563718305667862,4.0016511008143425,2.2681290172040462,1.5662671383470297,2.311055712401867
869376,0.05802573871915229,0.102636729599908,3.6401759013533592,0.604648020118475,0.17851478001102805,0.03791499225189909,3.9621206298470497,2.574988603591919,1.7654308713972569,3.0110781881958246
870400,0.05883604066912085,0.08917071647010744,3.643898591399193,0.6768063269555569,0.1479503361042589,0.034642758895643055,3.545093834400177,1.4008594155311584,1.7899235729128122,3.040662620216608
871424,0.05945790241821669,0.06597133399918675,3.8434098213911057,0.8172873761504889,0.12492374534485862,0.03332290367688984,3.8984139263629913,1.6299872286617756,2.0314747020602226,3.8381026163697243
872448,0.03488969364843797,0.06366985477507114,3.965456150472164,0.9135089423507452,0.010805169498780742,0.03351337992353365,3.3109635934233665,1.3003102988004684,1.138976451009512,1.856132946908474
873472,0.03354771601152606,0.09395766910165548,3.8055806010961533,0.6967187784612179,0.0930682611069642,0.028070708620361984,3.834258012473583,1.9782303236424923,1.8668127674609423,1.519934143871069
874496,0.026615891983965412,0.07371281099040061,3.813920244574547,0.7771799117326736,0.06514058719039895,0.028082325588911772,3.6857803985476494,1.8482734002172947,1.327502055093646,2.161960480734706
875520,0.0644497056491673,0.14960041036829352,3.8753958120942116,0.9294012729078531,0.059225991601124406,0.045210264273919165,3.573358841240406,1.4733835831284523,2.187836430966854,2.46908550709486
876544,0.04401187098119408,0.1102192597463727,3.689968392252922,0.7014099396765232,0.06814277240482625,0.030573589669074863,3.4410766065120697,1.4342693537473679,2.10229704529047,2.829963807016611
877568,0.06262641699868254,0.05437382671516389,3.885707899928093,0.7942064199596643,0.09999795781914145,0.021857643529074267,3.9369671642780304,2.0476740524172783,1.4332096092402935,1.7524298839271069
878592,0.06167441763682291,0.07740060705691576,3.778068497776985,0.7562219742685556,0.07657967635896057,0.02468845879775472,3.761969208717346,1.9004901424050331,1.8254249151796103,1.465832555666566
879616,0.05148007289972156,0.14415797125548124,3.8605022579431534,0.8796485438942909,0.03528801747597754,0.05033716873731464,3.601357623934746,1.826642993837595,1.9165977984666824,1.972855344414711
880640,0.04853764601284638,0.09533204755280167,3.9831383228302,1.0359310787171125,0.07111949066165835,0.03777632588753477,4.021880187094212,2.0548674166202545,1.6884324066340923,1.666144736111164
881664,0.05145341474417364,0.072084930841811,3.767012931406498,0.7235576249659061,0.06267397446208633,0.028574903059052303,3.8480772897601128,1.8861800506711006,1.4635787550359964,1.8169033005833626
882688,0.07023544186085928,0.08734829281456769,3.778654530644417,0.6870043054223061,0.17797953449189663,0.050791164743714035,4.072306677699089,2.0227724127471447,3.130132518708706,3.032287983223796
883712,0.04259573621675372,0.06318025721702725,3.698003590106964,0.6040025781840086,0.09458571800496429,0.018729611969320104,3.816022478044033,1.631063636392355,1.3666770998388529,1.9211193434894085
884736,0.052628978330176324,0.07986322545912117,3.6267990097403526,0.5487507842481136,0.10599797911709175,0.035893507476430386,3.5104538202285767,1.3816080689430237,2.196213399991393,2.5994360968470573
885760,0.03898460097843781,0.06869709165766835,3.9144325256347656,0.8423985671252012,0.04903338832082227,0.0317688001669012,3.855300858616829,1.6462907679378986,1.3930410873144865,1.9817488379776478
886784,0.03881569782970473,0.0568996409419924,3.9315561205148697,0.857524823397398,0.06771401732112281,0.03668271558126435,3.7412121444940567,1.8993222415447235,1.4329884462058544,2.3458813410252333
887808,0.06210574263241142,0.09076790628023446,3.8161851689219475,0.738910598680377,0.1747419461607933,0.03079639427596703,4.189416617155075,2.5547593981027603,1.643076054751873,2.1058710385113955
888832,0.020270197666832246,0.05916282150428742,4.023469656705856,0.9643684457987547,0.07273636030731723,0.017517555417725816,3.968378357589245,1.909735281020403,2.208984836935997,2.0837607607245445
889856,0.06498486272175796,0.06839933479204774,3.7878572568297386,0.7001562509685755,0.14664230891503394,0.020912975538522005,3.7332885786890984,1.6556843407452106,1.8569678589701653,2.583880551159382
890880,0.05442643113201484,0.04272853600559756,3.8988560512661934,0.7907795235514641,0.1483407134655863,0.018350705067859963,4.060598388314247,1.7264306731522083,1.1585644409060478,2.0804518461227417
891904,0.037139386695344,0.09507303638383746,3.9324011132121086,0.865807581692934,0.02712260338012129,0.040012224460951984,3.571161761879921,1.434820469468832,1.7309673707932234,2.4325047060847282
892928,0.0223630974360276,0.05451418529264629,3.928243488073349,0.8440180644392967,0.10660139378160238,0.02149289721273817,3.9916267096996307,2.046863444149494,1.4847248792648315,1.685601368546486
893952,0.07083291954768356,0.10730196628719568,3.825908102095127,0.9506809953600168,0.13089438085444272,0.04599225043784827,3.754895903170109,1.3652444928884506,1.714238714426756,1.7316808253526688
894976,0.05980624398216605,0.0813008975237608,3.7664853259921074,0.6911851037293673,0.11108977854019031,0.03287041949806735,3.7353788688778877,1.3262597881257534,1.5210150890052319,1.6157898344099522
896000,0.051435697911074385,0.09942206693813205,3.7508357986807823,0.7761732526123524,0.05406043055700138,0.03335381858050823,3.652238480746746,1.2976162508130074,1.441101772710681,1.5048961713910103
897024,0.04145899979630485,0.1085548116825521,3.9051239266991615,0.9825368262827396,0.05393976331106387,0.0522668135818094,3.8474040403962135,1.7818871214985847,1.5944224819540977,1.6791730411350727
898048,0.06909659953089431,0.15305894147604704,3.987019583582878,0.9478385038673878,0.1707908099051565,0.04200094740372151,4.219281792640686,2.2333455979824066,2.6369417682290077,2.2659474834799767
899072,0.04492751570069231,0.11813999526202679,3.9531558454036713,1.1096965372562408,0.08951112889917567,0.041237943747546524,3.8259938657283783,1.5709888227283955,1.9628797303885221,2.0206320881843567
900096,0.05150138074532151,0.10135938611347228,4.092835336923599,1.0584862120449543,0.10066568848560564,0.03003320738207549,3.9080999195575714,1.8328531570732594,1.317652691155672,2.0548148564994335
901120,0.07547004672233015,0.16474787262268364,3.7766882553696632,0.7471631970256567,0.18451588903553784,0.05449738446623087,3.801823705434799,1.3649452328681946,1.5982946567237377,3.390289193019271
902144,0.035806910338578746,0.10306052188389003,3.8801096975803375,0.7465163171291351,0.08465829119086266,0.04014712531352416,3.8220100328326225,1.5045994073152542,1.4588822163641453,2.226916141808033
903168,0.07315618242137134,0.1298164299223572,3.7164291068911552,0.6841964852064848,0.1840112144127488,0.037201087339781225,3.784985303878784,1.3637259379029274,3.5655430909246206,4.523353526368737
904192,0.04255661502247676,0.0833817517850548,3.76047632843256,0.6760791316628456,0.07111086673103273,0.026991485530743375,3.8176897317171097,1.3153872787952423,2.0184742640703917,2.1616552099585533
905216,0.056514184892876074,0.12568428996019065,3.9383808448910713,0.8720883019268513,0.08802969247335568,0.03158978675492108,3.72977477312088,1.421732746064663,1.7907159607857466,1.968473544344306
906240,0.0442340143781621,0.11013202695176005,3.919670023024082,0.8044025860726833,0.042926218011416495,0.035879786883015186,3.8426390290260315,1.7371309474110603,1.581641897559166,1.8139176275581121
907264,0.044660124025540426,0.10339413653127849,3.7300659492611885,0.7021890617907047,0.10959923049085774,0.03387545404257253,3.9879069104790688,1.9906850047409534,2.271899715065956,3.1360831670463085
908288,0.07658033259212971,0.10580968018621206,3.8487867414951324,0.803349144756794,0.08223923033801839,0.04006745701190084,3.7187123596668243,1.6589960753917694,2.210418399423361,2.030206585302949
909312,0.032331453694496304,0.06296885595656931,3.7696723267436028,0.6948427520692348,0.12819208652945235,0.04228755715303123,3.8691993057727814,1.8011785931885242,1.729914952069521,2.860841976478696
910336,0.04016447962203529,0.09410997363738716,3.922349326312542,0.8531540296971798,0.07022501848405227,0.0285362295107916,3.5347577035427094,1.3544976469129324,2.1235187128186226,4.03620632737875
911360,0.020500815531704575,0.057628149166703224,3.9671971201896667,0.9789119679480791,0.051792663376545534,0.020218527293764055,3.8763084411621094,1.6409106589853764,1.7256121458485723,1.8377508204430342
912384,0.07101741785299964,0.13724681525491178,3.9371153116226196,0.9355060551315546,0.05101524529163726,0.03391916764667258,3.6006031408905983,1.5036018528044224,2.6800410710275173,2.6463060788810253
913408,0.07716484207776375,0.133475556736812,4.010441072285175,0.9745379686355591,0.09674993256339803,0.047457037086132914,3.681467391550541,1.5644846446812153,1.5906557608395815,2.8349930346012115
914432,0.0466409259242937,0.11808894481509924,3.776951551437378,0.7802500072866678,0.04682991828303784,0.03730649332283065,3.718120075762272,1.9943261221051216,2.3963910341262817,3.2536504212766886
915456,0.05374603241216391,0.11155205825343728,3.900441952049732,0.8409966602921486,0.09657434019027278,0.04678240802604705,3.8638902083039284,1.7416635639965534,2.1579601168632507,3.363825883716345
916480,0.035092259116936475,0.09332249907311052,3.8463497161865234,0.8270722460001707,0.13481266098096967,0.0463237144285813,3.6072112396359444,1.4211427755653858,1.4401762690395117,4.036424411460757
917504,0.03420559148071334,0.07881712506059557,3.8189586400985718,0.7450851611793041,0.07933209766633809,0.04813259345246479,3.688424691557884,1.6212028972804546,1.7889201380312443,3.815886316820979
918528,0.04615447926335037,0.08426702651195228,3.882455922663212,0.8132952749729156,0.08778861066093668,0.027530918887350708,3.9084839671850204,1.6845775432884693,1.395648268982768,2.371657405048609
919552,0.06547458728891797,0.119497902225703,4.030962318181992,0.9869931358844042,0.06112423934973776,0.026764974289108068,3.9678249433636665,1.766725778579712,1.9195770993828773,2.2748757749795914
920576,0.05664634243294131,0.10874134628102183,3.906146377325058,0.9627433083951473,0.030782064597588032,0.05430066853296012,3.6969619914889336,1.802262831479311,1.8257473781704903,5.166082795709372
921600,0.049028316483600065,0.0710760037181899,3.9816595539450645,0.8735353946685791,0.03263249259907752,0.026868655637372285,3.722782664000988,1.6234976798295975,1.4438922181725502,2.6978454776108265
922624,0.05539583234349266,0.10477466438896954,3.896900974214077,0.8454346247017384,0.10063623258611187,0.037149672280065715,4.134354829788208,2.2834571823477745,1.4994926676154137,2.377788182348013
923648,0.055056459474144503,0.12486819457262754,3.9067336544394493,0.8546415958553553,0.0520378922810778,0.047378883173223585,3.7041459903120995,1.8133975565433502,2.0404612720012665,2.189303696155548
924672,0.05564922571647912,0.20018620043992996,3.645253509283066,0.5934146866202354,0.10985348653048277,0.0472137265605852,3.6844144016504288,1.7167906537652016,3.2601836808025837,4.940969847142696
925696,0.0728278843453154,0.09061752329580486,3.748685173690319,0.6851094011217356,0.16432056415942498,0.03243280382594094,4.050617136061192,1.7975836098194122,1.8127066940069199,3.7744058836251497
926720,0.0462266412214376,0.10356634948402643,3.6569528356194496,0.6097331810742617,0.09680525879957713,0.03041505441069603,3.617370553314686,1.3267573602497578,2.5715920608490705,4.023760303854942
927744,0.05643269029678777,0.11951202293857932,3.6432384625077248,0.6031685303896666,0.0868558530928567,0.028222146356711164,3.9933266192674637,1.5893671102821827,2.9704876970499754,2.2062990702688694
928768,0.051684808859135956,0.11894430383108556,3.9237499237060547,0.8471911400556564,0.039325163466855884,0.05655575997661799,3.345196984708309,1.3144258446991444,1.5102600380778313,3.3033857345581055
929792,0.0771137626725249,0.1347634072881192,3.715455412864685,0.6854457426816225,0.15783088724128902,0.03619713697116822,4.008853942155838,1.9579994417726994,2.2187181562185287,2.456666186451912
930816,0.038670376598020084,0.0635711905779317,4.030245341360569,0.9314159583300352,0.0948665090254508,0.03294577292399481,4.254084080457687,2.223688330501318,1.1229610107839108,2.645329385995865
931840,0.06961591652361676,0.09212979697622359,3.638517513871193,0.6165781188756227,0.10566921861027367,0.02552021644078195,3.9022842422127724,1.6080801710486412,4.163781516253948,3.367084201425314
932864,0.050131062569562346,0.11911883694119751,3.8469186648726463,0.7795810643583536,0.040481466181518044,0.049678783980198205,3.7921973764896393,1.484464094042778,2.3314605336636305,2.466162556782365
933888,0.05220147223735694,0.06928591639734805,3.8725888207554817,0.8111527971923351,0.11550345667637885,0.03688354726182297,3.7542787045240402,1.5053048469126225,2.449844529852271,3.0333944465965033
934912,0.04085829490213655,0.05969549377914518,4.062747687101364,0.9813371300697327,0.06480938603635877,0.030199086584616452,3.7895031198859215,1.585868876427412,1.4966859854757786,1.585205089300871
935936,0.027913574391277507,0.08283023908734322,3.906187914311886,0.7899724077433348,0.03140089564840309,0.029282308707479388,3.812040075659752,1.9598901756107807,1.7988577205687761,2.2510158512741327
936960,0.04106804286129773,0.1614462472498417,3.4380068480968475,0.45987334847450256,0.14661150495521724,0.024152249650796875,4.012322150170803,1.8801984749734402,8.019997376948595,3.8884853683412075
937984,0.03874969165190123,0.06171087233815342,3.9592840149998665,0.8958527147769928,0.028665476653259248,0.021248209028271958,3.8817559480667114,1.8855208978056908,2.376728218048811,2.103394554927945
939008,0.03893557867559139,0.15706721367314458,3.947489306330681,1.0013230219483376,0.04027263430180028,0.05762717325706035,3.422307476401329,1.4411415755748749,1.576069913804531,2.3819406237453222
940032,0.07622130852541886,0.1719756335951388,3.9748959988355637,0.9582423884421587,0.15286942885722965,0.04358144639991224,4.026123054325581,1.9176467582583427,3.0413666889071465,2.1044352762401104
941056,0.04523677774704993,0.07984123297501355,4.052504740655422,0.9661179725080729,0.13995423982851207,0.03398583875969052,4.021503292024136,1.7100650034844875,1.7477331478148699,1.8827323839068413
942080,0.05423025666095782,0.13324701762758195,3.9828192964196205,1.0251667369157076,0.11031400260981172,0.026231530704535544,3.860006161034107,1.4862140975892544,1.6892519481480122,1.9911468271166086
943104,0.04284602147527039,0.08816903398837894,3.9388672932982445,0.9089659135788679,0.045638945302926004,0.024754005949944258,3.872073605656624,1.5411827005445957,1.2474895659834146,1.7681559715420008
944128,0.013995741464896128,0.11459036287851632,3.8437970727682114,0.8934548813849688,0.02984525058127474,0.06170044594909996,3.5016592890024185,1.538930207490921,1.7673675958067179,2.22510788962245
945152,0.07850315907853656,0.12465115310624242,3.93338043987751,1.0158809125423431,0.09578107000561431,0.06310504185967147,3.6096122711896896,1.6580216586589813,1.5581126175820827,2.368289051577449
946176,0.0493779172829818,0.06722225912380964,3.8451518416404724,0.7881982289254665,0.12205202702898532,0.03458149579819292,4.027432203292847,2.012061696499586,1.2418845426291227,2.684786044061184
947200,0.04009682688047178,0.1069237943738699,3.846255451440811,0.8360341861844063,0.055407383653800935,0.05026928742881864,3.8564232736825943,1.691551148891449,1.887987170368433,4.843825358897448
948224,0.05933984447619878,0.09349701809696853,3.6467285826802254,0.6065450571477413,0.19255277700722218,0.03347622969886288,4.154972933232784,2.167003523558378,3.0615515913814306,6.7025496028363705
949248,0.06960232765413821,0.104221117682755,3.689896434545517,0.6210821606218815,0.14511144428979605,0.025079722225200385,3.9150486290454865,1.6395092122256756,3.212132530286908,3.7943042907863855
950272,0.020886520884232596,0.10112054459750652,4.1409738808870316,1.0498879607766867,0.02636748310760595,0.03269066452048719,4.164288185536861,2.0862553790211678,1.5074006393551826,1.7991632353514433
951296,0.05140648332599085,0.13074929546564817,4.081257201731205,1.1673309542238712,0.06063748846645467,0.04055347794201225,3.7022580057382584,1.5933711789548397,1.5567934848368168,1.7994017489254475
952320,0.06328172484063543,0.08753540646284819,3.9414246901869774,0.8612841125577688,0.13711502263322473,0.03043188399169594,3.899132952094078,1.780489157885313,1.7543597146868706,2.4008621759712696
953344,0.05646551412064582,0.10843739355914295,3.900782950222492,0.8306403700262308,0.06095129327150062,0.035868385049980134,3.808069586753845,1.83352105692029,1.0849716812372208,1.8172273747622967
954368,0.04754655953729525,0.09790889173746109,3.9604898169636726,0.8025617804378271,0.07270163827342913,0.050167427223641425,3.862937778234482,2.0472569167613983,1.4490599110722542,1.6792050637304783
955392,0.054707851697457954,0.12398483487777412,3.813888058066368,0.7867096234112978,0.0796831528423354,0.04246238328050822,3.7436877116560936,1.6337300427258015,1.2111978363245726,1.9581554140895605
956416,0.0639051566249691,0.08929403859656304,3.838480658829212,1.0345465559512377,0.04972366710717324,0.053257919498719275,3.908605679869652,1.8078199997544289,1.52683674544096,1.6151451393961906
957440,0.046770339366048574,0.07578261394519359,3.8797915130853653,0.8014097195118666,0.08663968910695985,0.024859742872649804,4.238257095217705,2.4132009223103523,1.8915514554828405,2.017535200342536
958464,0.04944469495967496,0.06277236936148256,3.9356641694903374,0.890243174508214,0.12503254297189415,0.026440805580932647,3.946169286966324,1.8571692667901516,1.4635658636689186,2.4484273456037045
959488,0.046643088455311954,0.08529938221909106,3.795994445681572,0.8347551096230745,0.08482595215900801,0.029400157131021842,3.8192347437143326,1.6267652250826359,2.5455166529864073,2.8959558811038733
960512,0.06055545424169395,0.08212855481542647,3.9396513029932976,0.8483177646994591,0.12801975815091282,0.02468046310241334,3.5003712251782417,1.4640299528837204,1.6838088668882847,2.562023188918829
961536,0.05625310825416818,0.1114746849052608,3.8813211247324944,0.8024926465004683,0.117030733556021,0.02665020784479566,3.665877878665924,1.4539670944213867,1.8163597639650106,1.9318835325539112
962560,0.06185520287544932,0.12006920226849616,3.711278222501278,0.6214733589440584,0.10597558622248471,0.034012674645055085,3.964347168803215,1.6161698289215565,1.7167261522263288,2.018384777009487
963584,0.04807098473247606,0.07130431931000203,3.6380917131900787,0.5776163637638092,0.13637931772973388,0.027332404744811356,3.904538504779339,1.6216930709779263,1.1707632970064878,2.0386929251253605
964608,0.04625887656584382,0.09913645847700536,3.6493093967437744,0.5583145907148719,0.1405666148639284,0.030850342067424208,3.90293837338686,1.435475055128336,3.2893871627748013,3.193961940705776
965632,0.03698407133924775,0.09262907272204757,3.73138664662838,0.6284790243953466,0.08455470675835386,0.03701985423685983,3.893641248345375,1.3422643765807152,1.4847652222961187,4.005780899897218
966656,0.052771746879443526,0.077816589968279,3.8828392401337624,0.787391796708107,0.07679019749048166,0.025793982145842165,3.844253584742546,1.44170206412673,2.079188520088792,1.5436833444982767
967680,0.06094242411199957,0.09212666552048177,3.6053723245859146,0.573736535385251,0.11975366721162573,0.020758480502991006,3.712993137538433,1.2973659709095955,2.3177811857312918,3.276632994413376
968704,0.03851963282795623,0.07203533756546676,3.618576280772686,0.481973129324615,0.11413739703129977,0.04155687976162881,3.704373188316822,1.1015901677310467,2.4145838730037212,7.56668359413743
969728,0.04434412298724055,0.07127740827854723,3.5207649320364,0.507160872220993,0.10585798183456063,0.020840873155975714,3.3273814767599106,0.9829629119485617,2.100647823885083,2.859413530677557
970752,0.05280197301181033,0.059319944004528224,3.7631774470210075,0.6481561530381441,0.08472953143063933,0.012990887800697237,3.6512907668948174,1.3596434965729713,1.9822270944714546,1.6672613751143217
971776,0.01853328944707755,0.07014786789659411,4.015388645231724,0.9076902940869331,0.03052393445977941,0.029058208863716573,3.946846030652523,1.792894832789898,1.4050479419529438,2.472875237464905
972800,0.050164661603048444,0.11926650139503181,3.6449995264410973,0.6026697028428316,0.050573069835081697,0.02656869712518528,3.894372522830963,1.85269920155406,3.448474321514368,2.5404343008995056
973824,0.053955059382133186,0.10945484577678144,3.852835960686207,0.732047887519002,0.08698647317942232,0.026874825824052095,3.8448924869298935,1.699921477586031,2.6859142407774925,2.469811687245965
974848,0.06433015299262479,0.21463550347834826,3.7604860365390778,0.692381139844656,0.0671748656895943,0.051641880068928,3.652763307094574,1.5998383909463882,3.6577714774757624,1.9404575619846582
975872,0.032646338164340705,0.08487805200275034,3.8871836960315704,0.7795011419802904,0.15121089440071955,0.04630245850421488,3.9838212430477142,1.8374186642467976,1.639054810628295,2.8101587146520615
976896,0.06108670536195859,0.0968002297449857,3.955942891538143,0.8046275563538074,0.08091088949004188,0.04149788786889985,3.7271441966295242,1.5512682273983955,1.3248011842370033,2.1205717343837023
977920,0.05122821009717882,0.06336094008293003,3.801320180296898,0.6777557097375393,0.13386939733754843,0.028570679714903235,3.8858761936426163,1.4915188401937485,1.512078495696187,2.8718600813299417
978944,0.058058269176399335,0.11227665306068957,3.6982430890202522,0.6050934214144945,0.10979489277815446,0.026248381822369993,3.30977214127779,1.0480081122368574,3.224975660443306,2.7942415233701468
979968,0.06305156322196126,0.1186924958601594,3.8387008011341095,0.8225044626742601,0.01747876379522495,0.03996648656902835,3.2800792530179024,1.2495134565979242,1.3108830861747265,1.6149141993373632
980992,0.04702370481390972,0.12126304232515395,3.7000659704208374,0.5928388331085443,0.1143161115469411,0.04438101500272751,3.5555356070399284,1.352379273623228,2.3698775190860033,2.2420600559562445
982016,0.043000619451049715,0.09545979124959558,3.869374558329582,0.8118312321603298,0.02797320851823315,0.04960174497682601,3.6125856414437294,1.548070501536131,1.3934190813452005,2.0731329526752234
983040,0.036537059815600514,0.09586987737566233,3.8652164712548256,0.7612968366593122,0.022185385576449335,0.03126030840212479,3.535231940448284,1.685450240969658,1.3500277046114206,1.5516176018863916
984064,0.04027885520190466,0.06127356516662985,3.926306039094925,0.8469339422881603,0.10677069856319577,0.021884517307626083,3.7938489988446236,1.6435503475368023,0.9719959795475006,1.7911561001092196
985088,0.04370374817517586,0.13613409409299493,3.737983353435993,0.7860579714179039,0.03538559138542041,0.0586283850716427,3.299247056245804,1.3122471012175083,1.3318429328501225,1.6635972708463669
986112,0.0499545944185229,0.07968650874681771,3.8659910783171654,0.7780992705374956,0.16707201511599123,0.042255565291270614,4.20533761382103,2.486284725368023,1.65835783444345,3.067627850919962
987136,0.04045015941665042,0.1082693999633193,3.8283644169569016,0.8411279618740082,0.04148821809212677,0.03862493298947811,3.6276740357279778,1.6903650611639023,1.673796746879816,1.8844492193311453
988160,0.07627886516274884,0.14644926111213863,3.746433809399605,0.7711912598460913,0.07522412002435885,0.0403494123602286,3.7494674399495125,1.5844400227069855,2.923370024189353,2.159740973263979
989184,0.05159526545321569,0.11155749461613595,3.7231115996837616,0.6693826355040073,0.0710687953978777,0.032845065114088356,3.656288281083107,1.7278694361448288,1.6902256216853857,2.5600573401898146
990208,0.018550710621639155,0.08268601598683745,3.91259453445673,0.8639961890876293,0.013264306588098407,0.029092413053149357,3.5948876291513443,1.649546306580305,1.6466638706624508,2.2748721912503242
991232,0.05809594654419925,0.10038435482420027,3.9720989614725113,0.9692353513091803,0.0625051184615586,0.032376698043663055,3.5462886095046997,1.7258133105933666,1.3390461783856153,2.7063242979347706
992256,0.048769478060421534,0.12878367095254362,3.7731084898114204,0.7358030676841736,0.11366274498868734,0.03551062970655039,3.985594727098942,2.2834682762622833,1.621768632903695,2.338477009907365
993280,0.05989096892881207,0.11744524748064578,3.831045463681221,0.7970179617404938,0.13151636347174644,0.0389640346984379,3.725675292313099,1.8925716988742352,2.5189164858311415,3.167286090552807
994304,0.057768222570302896,0.08808874827809632,3.723582275211811,0.6586172860115767,0.09799174647196196,0.023613539204234257,3.4160294085741043,1.1833116710186005,1.869313534349203,2.3485890552401543
995328,0.05459182328195311,0.1202511244919151,3.5152662470936775,0.5072797415778041,0.11396958061959594,0.029980171733768657,3.934235617518425,1.667921930551529,3.134331600740552,1.8674882538616657
996352,0.0277414197626058,0.06569973903242499,3.853284038603306,0.8071250207722187,0.11120015213964507,0.03682672244030982,3.891783431172371,2.0026636756956577,1.535479586571455,2.8850767333060503
997376,0.05118665529880673,0.13122825301252306,3.897535562515259,0.7880041692405939,0.1180717641254887,0.04197866062168032,3.746208444237709,1.7201717495918274,2.6235913671553135,3.3263342063874006
998400,0.06483490052050911,0.21089218882843852,3.739460065960884,0.7416605893522501,0.1298576289555058,0.03189998952439055,3.405070625245571,1.3087618835270405,3.031308403238654,2.6481909807771444
999424,0.07070112881774548,0.14396010735072196,3.7654475942254066,0.7630750760436058,0.07769789357553236,0.03909991885302588,3.647360362112522,1.3449604362249374,2.027916803956032,2.180108454078436
1000448,0.043386978446505964,0.08522559062112123,3.8321812823414803,0.7667443212121725,0.06373253301717341,0.03453654749318957,3.747851215302944,1.539831031113863,1.7919922713190317,2.1714189015328884
1001472,0.047035336669068784,0.055563424597494304,3.869328796863556,0.8933403864502907,0.03287522341997828,0.02228883802308701,3.4925135523080826,1.4218668043613434,1.2528708390891552,2.307332206517458
1002496,0.06454201097949408,0.07097304495982826,3.901555560529232,0.8697503861039877,0.09314435417763889,0.029602540424093604,4.044848822057247,1.7923405691981316,2.2432321198284626,2.102052830159664
1003520,0.05122623476199806,0.07230406370945275,3.7585964873433113,0.8460428789258003,0.11148794752079993,0.0444257254130207,3.8611918315291405,1.600076600909233,2.0901618227362633,3.1772363148629665
1004544,0.05013675910595339,0.05839867109898478,3.822656810283661,0.7595925442874432,0.14103491767309606,0.034016439283732325,4.087246455252171,2.115342315286398,1.3374740658327937,2.547450602054596
1005568,0.04711129699717276,0.06056099059060216,3.750236876308918,0.7670898027718067,0.14652059541549534,0.03474077914142981,3.865542083978653,1.4904157146811485,1.417188512161374,4.248639412224293
1006592,0.04356215953885112,0.05910706287249923,3.9506221413612366,0.8935072477906942,0.0424744916963391,0.020640129107050598,3.6320991292595863,1.4422976225614548,1.6896046977490187,2.826231710612774
1007616,0.03434370092872996,0.09014688327442855,3.973890535533428,0.922926863655448,0.023861486930400133,0.05509308015462011,3.8161640986800194,1.6538727097213268,1.7067440189421177,2.629091612994671
1008640,0.04981931034126319,0.0944295166991651,3.7908152863383293,0.7947391178458929,0.0891865361481905,0.03156652662437409,3.807097554206848,1.899039652198553,1.9772614985704422,2.5752145275473595
1009664,0.050801529170712456,0.06650812807492912,3.7506831660866737,0.7412296999245882,0.12736674235202372,0.03222812491003424,3.81769672781229,1.5550117790699005,1.2909717243164778,2.0427190754562616
1010688,0.01692041679052636,0.08645825984422117,4.009253583848476,0.9724869765341282,0.08883377240272239,0.031179361045360565,3.9649193808436394,1.672294031828642,1.2356694228947163,2.0163225531578064
1011712,0.05014536814996973,0.10358991310931742,3.7086231112480164,0.7607572060078382,0.09885815298184752,0.04287862638011575,3.8192562758922577,1.6581860557198524,2.8223913609981537,3.848129414021969
1012736,0.055275839957175776,0.13921053032390773,3.6782931461930275,0.710459504276514,0.12195796507876366,0.050625535543076694,3.5548272728919983,1.2538036406040192,1.8148621823638678,2.7724578473716974
1013760,0.04921096014732029,0.06930549652315676,3.671994462609291,0.7865347322076559,0.12642430269625038,0.043387701734900475,3.817352868616581,1.3979734368622303,1.2225199323147535,3.5005291663110256
1014784,0.0700148626929149,0.0605201895814389,3.8171164095401764,0.8347114287316799,0.08562000090023503,0.02543345736921765,3.736918404698372,1.2994007542729378,1.4557240940630436,3.4634719975292683
1015808,0.03052836630376987,0.07119671802502126,3.752221629023552,0.7552496530115604,0.11193348403321579,0.030484610702842474,3.9989412128925323,1.8074791692197323,1.3064172770828009,2.8360732905566692
1016832,0.0639720184262842,0.09900387935340405,3.9339586719870567,1.0000115241855383,0.05305911065079272,0.04444204701576382,3.818884365260601,1.5332032702863216,1.6548980474472046,2.472526393830776
1017856,0.05633467042935081,0.12278742576017976,3.8741210028529167,0.9069482386112213,0.08061089436523616,0.05174496880499646,3.807031363248825,1.5475979521870613,2.0884842351078987,3.961795352399349
1018880,0.09498714859364554,0.1282281568273902,3.806515119969845,0.7836876176297665,0.18357832869514823,0.043995780404657125,4.059803016483784,1.7541585117578506,6.1627806313335896,6.228791195899248
1019904,0.03847613645484671,0.0973917634692043,3.720294438302517,0.6156822480261326,0.09853367472533137,0.022917949419934303,3.927368998527527,1.4075072333216667,1.8167551551014185,3.053866920992732
1020928,0.050850565487053245,0.07405645144172013,3.7649282664060593,0.6935884803533554,0.09832400601590052,0.023068755865097046,3.8417648151516914,1.4054897502064705,1.716796137392521,2.433057300746441
1021952,0.05337913060793653,0.12859360873699188,3.584205560386181,0.6035986337810755,0.10420232964679599,0.043339990079402924,3.531728945672512,1.2876553870737553,2.4542931839823723,3.2642382010817528
1022976,0.0557127635111101,0.07781495724339038,3.8116938322782516,0.8044356219470501,0.11226193734910339,0.03724876214982942,3.843787170946598,1.5258447341620922,1.1375707536935806,2.2390293665230274
1024000,0.08012174320174381,0.11009639198891819,3.8447001054883003,0.8342434465885162,0.02925860798859503,0.022103849245468155,3.3567389771342278,1.3553726263344288,1.3790407944470644,1.6146265305578709
1025024,0.04398748584208079,0.07997449848335236,3.442706100642681,0.5036557549610734,0.13976216688752174,0.029122964071575552,3.6218815594911575,1.4998295307159424,1.9034428894519806,2.3129190914332867
1026048,0.042061796950292774,0.07178569736424834,3.7870194613933563,0.6426067650318146,0.039403170987498015,0.024892247485695407,3.986458621919155,2.1026954352855682,1.7371631246060133,2.0162486862391233
1027072,0.04963755322387442,0.05868549726437777,3.9242378920316696,0.831293985247612,0.045057606883347034,0.03272792388452217,3.712481565773487,1.8977153971791267,1.2922788094729185,1.9366721231490374
1028096,0.05167261301539838,0.06498283753171563,3.6737001687288284,0.7323362100869417,0.10767171083716676,0.03544535458786413,3.297713115811348,1.3789658732712269,1.3452539015561342,2.5333838034421206
1029120,0.04893972075660713,0.08239375427365303,3.739426165819168,0.7308389414101839,0.0691309871908743,0.03423912456491962,3.72739839553833,1.7164592444896698,1.318972172215581,1.9814679808914661
1030144,0.05177386762807146,0.09351876412983984,3.9938210546970367,0.8555853255093098,0.07254454272333533,0.029558798763900995,3.4846297428011894,1.3749802522361279,1.167184242978692,2.1793630495667458
1031168,0.06760398245387478,0.11724597658030689,3.702267162501812,0.6485940143465996,0.14881330775097013,0.03088845033198595,3.6310194805264473,1.3058679942041636,3.454650368541479,2.516092486679554
1032192,0.022138919070130214,0.08231229952070862,4.031969204545021,1.05722014605999,0.041268977453000844,0.03186489170184359,3.7692048847675323,1.6882147639989853,1.171772750094533,1.763435697183013
1033216,0.055421079363441095,0.10111442650668323,3.907834753394127,0.8497421573847532,0.10659559044870548,0.03825939551461488,3.8039315044879913,1.693016342818737,2.0567352790385485,3.023494243621826
1034240,0.0418799138860777,0.09066683053970337,3.7832670137286186,0.7355451863259077,0.06521941817482002,0.027617769315838814,3.2627304419875145,1.4457208402454853,2.165868939831853,2.4097704607993364
1035264,0.0364737908821553,0.0588285451522097,3.4577847868204117,0.504074421711266,0.08844526280881837,0.028130246559157968,3.365636333823204,1.3279722575098276,2.027526378631592,3.541033325716853
1036288,0.06050341002992354,0.08702213317155838,3.5916054993867874,0.6324036968871951,0.09130470996024087,0.03172413056017831,3.7467631697654724,1.471210241317749,2.6949317920953035,5.394818527624011
1037312,0.04839574963261839,0.07662868313491344,3.7048338279128075,0.6363488715142012,0.11172837438061833,0.03377010306576267,3.73192435503006,1.4248767085373402,1.697011612355709,3.173025341704488
1038336,0.049711288447724655,0.05834709375631064,3.838926889002323,0.7178995795547962,0.12034177116584033,0.019135885988362134,3.790459282696247,1.8054261766374111,1.2827303409576416,2.0773573592305183
1039360,0.04504513609572314,0.08085015090182424,3.751731924712658,0.6424493715167046,0.025177534786053002,0.0323430624557659,3.769423335790634,2.2226317264139652,1.8650356568396091,2.195174826309085
1040384,0.05469629095750861,0.1201773330103606,3.603989727795124,0.5868257563561201,0.17008431092835963,0.02920093253487721,3.803400568664074,1.8644021302461624,3.158303838223219,5.422950875014067
1041408,0.05123653111513704,0.07325327943544835,3.5078738927841187,0.4986678157001734,0.13034261809661984,0.020797315606614575,3.684073269367218,1.3935126774013042,3.420887243002653,4.7725568898022175
1042432,0.030309256180771627,0.06318333570379764,3.697439521551132,0.5432285163551569,0.07492782484041527,0.0152260571194347,4.03168898075819,1.7940629869699478,1.4943510610610247,2.2233832608908415
1043456,0.06938682158943266,0.11995953065343201,3.7967418655753136,0.7003100253641605,0.1047936171235051,0.030523136316332966,3.6331243366003036,1.4904568120837212,2.2343454379588366,1.7211668491363525
1044480,0.03448622883297503,0.07502837025094777,3.7807721570134163,0.6839762851595879,0.0438054139376618,0.03490494599100202,3.638713017106056,1.804330974817276,2.185352936387062,3.195996142923832
1045504,0.05593630173825659,0.10202387254685163,3.878586173057556,0.8208132814615965,0.05846515658777207,0.034442830190528184,3.509518899023533,1.7267865687608719,2.0931749250739813,2.4758174419403076
1046528,0.03489631091360934,0.0746347603853792,3.725325271487236,0.6207552757114172,0.1262966071953997,0.025565894437022507,3.9716304019093513,2.1178317815065384,3.4636063184589148,2.7624620236456394
1047552,0.04846553414245136,0.08687922533135861,3.894692301750183,0.7271264586597681,0.06531160467420705,0.03643930109683424,3.496330499649048,1.6218951158225536,1.41565309651196,3.2197216004133224
1048576,0.06572243644041009,0.16392808081582189,3.9531246945261955,0.8497449848800898,0.03967734411708079,0.03993596893269569,3.381320670247078,1.4642010889947414,3.6934897787868977,2.525165291503072
1049600,0.03439280288876034,0.10280011175200343,3.91172306984663,0.762851357460022,0.05110777367372066,0.043647828337270766,3.40805035084486,1.3999070227146149,2.0326794367283583,2.166072018444538
1050624,0.07110977893171366,0.1326565253548324,3.9121289625763893,0.7872082572430372,0.1041183692868799,0.04978649958502501,3.875796116888523,1.8291868716478348,1.6036459654569626,2.2719089202582836
1051648,0.04897172562777996,0.14637009659782052,3.8465943560004234,0.6617459878325462,0.10897869220934808,0.018937760003609583,4.0609792321920395,2.049609273672104,2.1800782419741154,2.1910125222057104
1052672,0.027413015646743588,0.05127679696306586,3.8438413068652153,0.6952405422925949,0.09163897222606465,0.01813762282836251,3.754983514547348,1.7119715437293053,1.5296192970126867,1.6587403509765863
1053696,0.07556197201483883,0.21276013366878033,3.7867377921938896,0.7648736853152514,0.09110017772763968,0.029113267664797604,3.314533807337284,1.049219897016883,3.9965279810130596,2.664260096848011
1054720,0.06687054177746177,0.11684608785435557,3.9227937310934067,0.8781918976455927,0.026819226593943313,0.04034770681755617,3.400882862508297,1.1808492466807365,1.7421039436012506,2.7422808445990086
1055744,0.03604326301137917,0.11236952058970928,3.8810053542256355,0.79152936860919,0.06844627158716321,0.034527809533756226,3.8658712208271027,1.8357804492115974,1.7218866348266602,2.135165674611926
1056768,0.042668446141760796,0.105112329358235,3.8929548636078835,0.8779606204479933,0.06465186525019817,0.025856551772449166,3.4925756976008415,1.540185920894146,1.9552990719676018,1.7778138630092144
1057792,0.07052670972188935,0.17301050992682576,3.752621367573738,0.870839785784483,0.09048423630883917,0.04154620447661728,3.8133228197693825,1.65788384526968,2.7482309509068727,2.221833683550358
1058816,0.06795916630653664,0.07821580988820642,3.672462299466133,0.6340789496898651,0.1423210569191724,0.0431206728098914,3.887476161122322,1.6915253140032291,2.2133870348334312,4.229009538888931
1059840,0.04017594046308659,0.10239133308641613,3.8492540791630745,0.7825567051768303,0.1029972018150147,0.03863535373238847,3.8089104741811752,1.4744429364800453,1.8063011318445206,2.4405440483242273
1060864,0.02894538684631698,0.042351818934548646,4.15686459839344,1.145466873422265,0.091169219231233,0.01825651785475202,3.9987705796957016,1.7067065946757793,1.451766673475504,2.160224700346589
1061888,0.10650803882163018,0.14346042624674737,4.069701120257378,1.1385066248476505,0.13119651610031724,0.029019202513154596,3.924552410840988,1.8742959462106228,2.5494915638118982,2.1179021522402763
1062912,0.06245735695119947,0.07029212382622063,3.9021580889821053,0.803276039659977,0.08307857590261847,0.03162623097887263,3.981746844947338,1.8714853450655937,1.1874891445040703,2.156092705205083
1063936,0.04840246040839702,0.046724265499506146,4.04440900683403,1.0514112915843725,0.11126483848784119,0.024220972263719887,4.257739871740341,2.2611397355794907,1.28480395488441,2.122412335127592
1064960,0.06638267899688799,0.08400570508092642,3.7314646169543266,0.7649780921638012,0.06905033279326744,0.018312532891286537,3.7613783925771713,1.5326932780444622,1.769560357555747,1.6955938376486301
1065984,0.05794939902261831,0.07610060088336468,3.6637720242142677,0.701720803976059,0.1157905189320445,0.04918740165885538,3.9420733600854874,1.7845286838710308,1.3285175319761038,2.6630634535104036
1067008,0.03538747542188503,0.06542345765046775,3.90537940710783,0.8035056050866842,0.11723876371979713,0.033072553225792944,4.074290476739407,2.1617972515523434,1.103922788053751,2.6750853322446346
1068032,0.05752437353658024,0.08571545733138919,3.786163918673992,0.7651909813284874,0.10295527672860771,0.03294747305335477,3.728808842599392,1.424358431249857,1.622486263513565,1.8499286659061909
1069056,0.07826475577894598,0.10918603092432022,3.830772079527378,0.8464088942855597,0.10544248524820432,0.02242374708293937,4.022436827421188,1.7948118224740028,2.730008276179433,1.5291065629571676
1070080,0.05542408628389239,0.08414000144694,3.774325579404831,0.7886059060692787,0.08807290048571303,0.028502595203462988,3.8489967361092567,1.6773932576179504,1.1034168973565102,1.7395142558962107
1071104,0.060880953911691904,0.09318278101272881,3.7065561935305595,0.7136860154569149,0.1257890464621596,0.024311489949468523,3.693720228970051,1.5012723952531815,2.2336307670921087,2.1052691135555506
1072128,0.056409983459161595,0.07343723345547915,3.6476037949323654,0.6415726896375418,0.059487670834641904,0.021140414755791426,3.7221412658691406,1.4880158379673958,1.80499198846519,1.2257755771279335
1073152,0.045084472600137815,0.09927764208987355,3.6696416214108467,0.5935515332967043,0.09975943513563834,0.030029292742256075,3.936035230755806,1.5994476824998856,1.6466685142368078,2.7904995679855347
1074176,0.037970392557326704,0.07841749570798129,3.8750269562005997,0.8355230372399092,0.09423110994976014,0.02849003014853224,3.943723648786545,1.8273675553500652,1.437015000730753,2.144816104322672
1075200,0.04390922527818475,0.05738540017046034,3.902895323932171,0.7595839127898216,0.19489036919549108,0.04189113213215023,4.0518224984407425,2.1003862023353577,1.7168335020542145,2.6979921963065863
1076224,0.033220027515199035,0.06654127885121852,3.620091490447521,0.5837296713143587,0.08160308765945956,0.02620919846231118,3.7957006469368935,1.4278265461325645,2.002738043665886,1.9148388486355543
1077248,0.046786378166871145,0.05737402301747352,3.6681634038686752,0.6207620818167925,0.1556767274159938,0.01459053170401603,3.806518755853176,1.439280979335308,1.7282348424196243,2.310072962194681
1078272,0.05941424981574528,0.08337714313529432,3.6279577165842056,0.68473638035357,0.100528686249163,0.023687119712121785,3.7293307930231094,1.1741874627768993,2.4102741181850433,2.476343508809805
1079296,0.08418329825508408,0.08755995414685458,3.838394582271576,0.8202002290636301,0.10712743311887607,0.0268838957126718,3.931139715015888,1.4883653819561005,2.5974267534911633,1.7902945596724749
1080320,0.044398418423952535,0.0946174617856741,3.7734358459711075,0.6697428356856108,0.07428244021139108,0.034600147511810064,3.9414350017905235,1.6649114601314068,1.7490724697709084,2.0404790863394737
1081344,0.05525097736972384,0.0664803875843063,3.844082549214363,0.6681364681571722,0.16940553043968976,0.031927408825140446,4.163785107433796,2.0499040000140667,1.6618839222937822,2.8507981710135937
1082368,0.039911483065225184,0.05702267633751035,3.759028397500515,0.689979525282979,0.056457194965332747,0.02312695627915673,3.899125948548317,1.9860849827528,2.079355612397194,1.6758409943431616
1083392,0.04401245727785863,0.06120760051999241,3.863226316869259,0.7360057830810547,0.035031623323448,0.01958195259794593,3.83494121581316,1.76988410577178,1.7014992199838161,1.8933998681604862
1084416,0.054131842945935205,0.08395905490033329,3.7556887790560722,0.7412185929715633,0.08699541923124343,0.054272131295874715,3.985087566077709,2.1862257719039917,2.2579476106911898,4.200281072407961
1085440,0.0733267274335958,0.06892767769750208,3.858452081680298,0.8877214826643467,0.11134644292178564,0.02907396951923147,4.095979854464531,2.4003289490938187,1.3741303235292435,2.175260879099369
1086464,0.04632231395225972,0.08555184281431139,3.5411873683333397,0.6637109518051147,0.09265719979885034,0.025269447243772447,3.599233977496624,1.6009496487677097,1.3085115067660809,1.7576858140528202
1087488,0.06133997341385111,0.08924424566794187,3.919750392436981,0.7974408771842718,0.0736024311336223,0.028941707860212773,3.9494826644659042,2.01762243360281,1.0548585262149572,1.5135947931557894
1088512,0.050312388164456934,0.14362683705985546,3.8805620595812798,0.8272772617638111,0.032069640496047214,0.05376993992831558,3.6571661978960037,1.9053191244602203,1.7946019172668457,2.763195678591728
1089536,0.057514961445122026,0.10962099232710898,3.832765966653824,0.7844956461340189,0.09821171665680595,0.058689042809419334,3.9306211844086647,2.143085476011038,1.4475487284362316,2.4907429981976748
1090560,0.058653072046581656,0.10302065592259169,3.5946012437343597,0.5520481606945395,0.1320443842560053,0.03230051783611998,3.6198572292923927,1.718824177980423,2.3629891499876976,3.7615382000803947
1091584,0.048470945563167334,0.09406529203988612,3.583514466881752,0.540382968261838,0.12702801229897887,0.030101119715254754,3.590999662876129,1.2737021036446095,1.7395953256636858,3.7147487848997116
1092608,0.04187902786361519,0.06961732136551291,4.059356898069382,1.054807785898447,0.07443004279048182,0.034006938978563994,4.101249821484089,1.9833022467792034,1.414783515036106,2.05631747841835
1093632,0.04063364249304868,0.08307992084883153,3.9775009527802467,1.0025078784674406,0.11226401070598513,0.030649893102236092,3.8536433950066566,1.6935114823281765,1.0508071016520262,1.937605258077383
1094656,0.056460119114490226,0.0712330425158143,3.9783678501844406,0.9324616380035877,0.08067552403372247,0.025316536688478664,3.7657393366098404,1.8877596706151962,1.3740335386246443,1.628689861856401
1095680,0.07966902828775346,0.10298265167512,3.843758702278137,0.8970868270844221,0.09939594619208947,0.034434217610396445,3.616873651742935,1.4574386067688465,1.8371258117258549,1.7221951968967915
1096704,0.0494631101610139,0.07471669104415923,3.855310693383217,0.8568461202085018,0.07040839793626219,0.03294016420841217,3.4858697950839996,1.3127766698598862,1.0495859906077385,2.0690315682440996
1097728,0.045809918774466496,0.10219422820955515,3.9382067173719406,0.935694357380271,0.06879121292149648,0.034921411133836955,3.8922419399023056,1.7525147125124931,1.1220475528389215,1.6941994074732065
1098752,0.041031558270333335,0.12156074494123459,3.9072274416685104,0.9217635542154312,0.04350590371177532,0.05359878297895193,3.4322391599416733,1.6450893133878708,1.7391103133559227,2.3331684470176697
1099776,0.04725869052344933,0.11504252254962921,3.790864683687687,0.8413068652153015,0.07268128264695406,0.045840855105780065,3.8092768788337708,1.7020488157868385,2.190738122910261,2.021094534546137
1100800,0.05834730574861169,0.1270473930053413,3.7508380115032196,0.7731332015246153,0.07513069667038508,0.042906565067823976,3.699472852051258,1.918303918093443,4.072431191802025,2.2428290769457817
1101824,0.07487247075187042,0.0825923242373392,3.7733190432190895,0.7111155670136213,0.15585858607664704,0.047693246917333454,4.12155569344759,2.369113676249981,2.3768851328641176,3.109612315893173
1102848,0.06405642558820546,0.1278065333608538,3.7056299448013306,0.6581938378512859,0.0717054856941104,0.030962843797169626,3.8453879803419113,1.8313117176294327,3.9267692491412163,2.9663749262690544
1103872,0.058190457290038466,0.11510092439129949,3.5746342837810516,0.5537958759814501,0.0712565861758776,0.02798927971161902,3.7660549134016037,1.7987134866416454,2.6171813663095236,1.9714321959763765
1104896,0.03851522324839607,0.20575639978051186,3.7378785014152527,0.7512393034994602,0.07839433100889437,0.02840307983569801,3.7953468337655067,1.8061196841299534,2.597600642591715,1.9511920996010303
1105920,0.02584876838955097,0.08342020283453166,3.89017316699028,0.7771107070147991,0.06710619933437556,0.03050409536808729,3.8112390115857124,1.830819483846426,1.2237106803804636,2.051467066630721
1106944,0.0345721120829694,0.08233345160260797,3.951697565615177,0.8471220340579748,0.04431394150014967,0.02196109018404968,3.7439732030034065,1.9478504471480846,1.5781303104013205,2.228130439296365
1107968,0.08628670661710203,0.11893021245487034,3.7059826776385307,0.8325241841375828,0.17014412628486753,0.039746703987475485,3.874453976750374,1.6093582063913345,2.425139792263508,2.342900510877371
1108992,0.0419995084812399,0.10442196275107563,3.4285816103219986,0.4771922416985035,0.1319603251758963,0.030452635837718844,3.8715963810682297,1.490662045776844,2.99275479093194,4.5202994011342525
1110016,0.03968080659979023,0.0765585689805448,3.839811533689499,0.7127281967550516,0.09508946316782385,0.025948012771550566,3.9118613600730896,2.0015071518719196,1.97616052813828,2.625590244308114
1111040,0.05675743881147355,0.05479138682130724,3.921706087887287,0.8635097667574883,0.021414288348751143,0.03573100024368614,3.7521863728761673,1.7901136465370655,1.5329071581363678,2.021152490749955
1112064,0.04446128991548903,0.12710492964833975,3.8492436632514,0.7845714017748833,0.08832761103985831,0.04423575825057924,3.6598811969161034,1.5021452531218529,2.341911770403385,2.993878483772278
1113088,0.09591187068144791,0.15481831319630146,3.85415006428957,0.829837117344141,0.19780582329258323,0.06237696472089738,4.0354911386966705,1.7996999956667423,3.667546670883894,4.356153499335051
1114112,0.040289241122081876,0.09694905998185277,3.8635315746068954,0.7656799741089344,0.1057716318173334,0.061046269023790956,3.8054198250174522,1.6392399184405804,1.5934512726962566,3.0133408680558205
1115136,0.05385890696197748,0.09540385543368757,3.860784113407135,0.7824625037610531,0.06159315962577239,0.027585605683270842,3.604313403367996,1.4463622123003006,1.2994561400264502,2.256093308329582
1116160,0.05033872465719469,0.11804054421372712,3.5888867005705833,0.6259953491389751,0.1162526939297095,0.033505986037198454,3.549974299967289,1.4462212175130844,2.1522468384355307,2.895452257245779
1117184,0.05400685520726256,0.09132998413406312,3.7141654044389725,0.6420815698802471,0.09077013067144435,0.025055477337446064,3.636048637330532,1.383090402930975,1.7622400727123022,1.98304782807827
1118208,0.05542323392000981,0.09091387689113617,3.704243801534176,0.6278675459325314,0.08277237496804446,0.034801494039129466,3.6533027216792107,1.3957472331821918,1.4547856524586678,2.2778058517724276
1119232,0.04255388418096118,0.10295634646899998,3.6633316949009895,0.6104163695126772,0.07638271973701194,0.02497111033881083,3.3888362646102905,1.2540249694138765,1.970444642007351,1.9311827886849642
1120256,0.08553687584935687,0.16444743680767715,3.6611389368772507,0.6960937455296516,0.19408988114446402,0.022512372495839372,3.8946667537093163,2.0546680837869644,5.106150779873133,2.372099682688713
1121280,0.03888794005615637,0.08619507926050574,3.5338911041617393,0.4911053031682968,0.1003058344940655,0.028818991355365142,3.983188472688198,1.822488073259592,2.098638143390417,3.095328237861395
1122304,0.03730950083991047,0.06826130067929626,3.883538730442524,0.7857938632369041,0.1461522460449487,0.032592121278867126,4.215660750865936,2.009712353348732,1.22702113725245,2.0497028455138206
1123328,0.04623495115083642,0.06802918005269021,3.911194197833538,0.8162209782749414,0.1007972413499374,0.021769410086562857,4.115691728889942,1.7895433865487576,1.546034200116992,1.9051831495016813
1124352,0.05724700685823336,0.09598363027907908,3.6359687745571136,0.6284035108983517,0.09131898562191054,0.02726061810972169,3.921944849193096,1.4856972843408585,2.1565172001719475,1.8367553744465113
1125376,0.04462101873650681,0.066152214538306,3.8331913873553276,0.7296092696487904,0.08802386454772204,0.034360354649834335,3.7554791271686554,1.7352494187653065,1.7108862921595573,2.58520613797009
1126400,0.039606397127499804,0.10761392442509532,3.658126100897789,0.5911371875554323,0.1057306163420435,0.03522967285243794,3.897053711116314,1.7293168418109417,2.151781987398863,2.1001714635640383
1127424,0.048150760936550796,0.10382375423796475,3.803133673965931,0.68001913651824,0.061312656820518896,0.03768326685531065,3.644813671708107,1.503138441592455,1.5700060054659843,2.2726118937134743
1128448,0.048669408133719116,0.0947062496561557,3.8237142860889435,0.7336595561355352,0.09055729705141857,0.03966922115068883,3.958175778388977,1.938745103776455,1.3121053408831358,1.653413062915206
1129472,0.036885720532154664,0.08522191445808858,3.8438548520207405,0.7333640065044165,0.09262624994153157,0.026845782238524407,3.480097085237503,1.4797897674143314,1.3213166408240795,1.7757883910089731
1130496,0.059992310183588415,0.1141988430172205,3.697892352938652,0.7364139035344124,0.09744856154429726,0.040479209448676556,3.7164317220449448,1.5716004781425,1.8102560602128506,2.049875635653734
1131520,0.05677436260157265,0.07244675699621439,3.6378544569015503,0.5483842771500349,0.16328780236653984,0.02122189337387681,4.084504380822182,1.764661781489849,2.0324988272041082,2.3814933598041534
1132544,0.038780192408012226,0.07097755209542811,3.9459420442581177,0.8769485373049974,0.03744260095118079,0.028913616988575086,3.954593427479267,1.6820069961249828,1.4018233958631754,1.9142617899924517
1133568,0.08448474574834108,0.1688155704177916,3.8198673874139786,0.8163060117512941,0.1141664698952809,0.040437435265630484,3.8325514793395996,1.4676275588572025,3.4254292771220207,2.34195607714355
1134592,0.06343533164181281,0.08075705135706812,3.867545761168003,0.7128410898149014,0.1432553045451641,0.037873946770559996,3.9323571622371674,1.5231364630162716,2.852974170818925,5.371964186429977
1135616,0.04856284914421849,0.07393153570592403,3.7717433497309685,0.6493729948997498,0.11148109071655199,0.021504772535990924,3.8205106928944588,1.4506509378552437,1.9179993737488985,2.7364216800779104
1136640,0.06246253734570928,0.06326771306339651,3.7445784360170364,0.7126677948981524,0.1188682671636343,0.025513112253975123,3.7321735471487045,1.2310824692249298,1.7615064680576324,1.6373141668736935
1137664,0.03697104845196009,0.062401990639045835,4.015350267291069,0.8530294187366962,0.04796587576856837,0.028338799835182726,3.762004390358925,1.3502182383090258,1.3873359840363264,1.3243711926043034
1138688,0.04932182264747098,0.05243670044001192,3.9409180134534836,0.8949739169329405,0.1170155587606132,0.037470065173693,3.560045897960663,1.3715052045881748,1.3421570733189583,1.8926510717719793
1139712,0.04006857943022624,0.0738441776484251,3.831863947212696,0.6962738260626793,0.10365105594974011,0.027155184041475877,4.1669368371367455,2.196107856929302,1.9707605745643377,2.758566379547119
1140736,0.053760802853503264,0.0748438008595258,3.898561142385006,0.8205262217670679,0.048942905239528045,0.03382249368587509,3.9868607446551323,1.8182471171021461,2.1504928898066282,2.4315084666013718
1141760,0.04928442421078216,0.10236670356243849,3.960303373634815,0.9312931671738625,0.07934128650231287,0.0355954848928377,3.7818391621112823,1.4712633341550827,2.295612381771207,2.168679218739271
1142784,0.07024401356466115,0.05776247521862388,3.9294667914509773,0.8372246101498604,0.14114094339311123,0.026716863154433668,4.114423669874668,1.7295907139778137,1.9164876341819763,2.3592579923570156
1143808,0.07404881110414863,0.09687240642961115,3.960904821753502,0.8761664442718029,0.08839674465707503,0.0293545966851525,3.939225137233734,1.621707547456026,1.6931681595742702,1.674549151211977
1144832,0.03829187931842171,0.056991896126419306,3.897015392780304,0.7634730022400618,0.1003930606530048,0.016945451468927786,4.014255084097385,1.766645833849907,1.46754702180624,1.7389617748558521
1145856,0.039307057711994275,0.08691590290982276,3.785477228462696,0.7684255167841911,0.04611384536838159,0.04424081475008279,3.453092932701111,1.3174734842032194,1.323031835258007,1.8467612490057945
1146880,0.058166710412479006,0.1080403805244714,3.8138179406523705,0.764309249818325,0.07674387854058295,0.04615175956860185,3.6025752499699593,1.3517280705273151,1.9813947230577469,2.38036996871233
1147904,0.034649663110030815,0.1453364158514887,3.8802475184202194,0.8900237157940865,0.022440098284278065,0.060242365347221494,3.5781742110848427,1.48822757974267,1.455812994390726,2.250145949423313
1148928,0.08235551152029075,0.1529446344356984,3.7326241433620453,0.7169863395392895,0.12339729070663452,0.03763515583705157,3.8271941766142845,1.5196917243301868,3.994003189727664,2.874055840075016
1149952,0.07913357828510925,0.12743327347561717,3.5324630439281464,0.6338200364261866,0.11971635476220399,0.03807065781438723,3.735411711037159,1.2454064525663853,4.785930350422859,2.6982570737600327
1150976,0.04335659557546023,0.08316881698556244,3.9083764776587486,0.885111665353179,0.03352765258750878,0.0265464237309061,3.9086512699723244,1.7118330858647823,1.275958752259612,1.912132028490305
1152000,0.04597716365242377,0.06451298983301967,3.805891215801239,0.7668920625001192,0.11393397767096758,0.040760542498901486,3.7298823818564415,1.8787273950874805,1.3975701872259378,2.2637958247214556
1153024,0.03797289197973441,0.0533018943388015,3.8384908735752106,0.7938574738800526,0.10907995951129124,0.024459181498968974,4.031017363071442,2.071500677615404,1.0987176522612572,1.8986896369606256
1154048,0.07099759054835886,0.07628863828722388,3.850870318710804,0.8343414664268494,0.09515364078106359,0.04024906532140449,3.7374441027641296,1.612491399049759,1.2128756735473871,2.104019546881318
1155072,0.039574669004650787,0.04007252788869664,3.774242863059044,0.7039097994565964,0.1434582001529634,0.014712292089825496,4.036522276699543,1.9431756511330605,1.1575867719948292,1.9279169626533985
1156096,0.09408845944562927,0.08552274480462074,3.874851644039154,0.9980834722518921,0.12447025586152449,0.020101256988709792,3.6329212710261345,1.2212977521121502,1.9084810204803944,1.739587077870965
1157120,0.058130416116910055,0.08260974218137562,4.069620102643967,1.0185187794268131,0.09961022139759734,0.021081135724671185,4.00178861618042,1.5117014423012733,1.3854220788925886,1.7323880027979612
1158144,0.06386282140738331,0.10458339750766754,3.7680356949567795,0.699068209156394,0.0872485022409819,0.032270681054797024,3.7610999792814255,1.4637573324143887,3.036836998537183,1.7365687768906355
1159168,0.06230639724526554,0.15688978065736592,3.974310465157032,0.8503907155245543,0.05170685116900131,0.025505046476610005,4.05059315264225,2.1232213601469994,2.3918571546673775,1.6367121245712042
1160192,0.0597352265031077,0.09979934711009264,3.711092881858349,0.6405898462980986,0.1288329210365191,0.02702469116775319,3.881926938891411,1.9084069654345512,2.140300055965781,2.049836490303278
1161216,0.048609767749439925,0.06372631585691124,3.5452505722641945,0.5195570718497038,0.11410775501281023,0.03495841642143205,3.9706400632858276,1.872572299093008,2.6461440213024616,4.46987415663898
1162240,0.04337905201828107,0.05796855629887432,3.984415851533413,0.8420237004756927,0.07141993145341985,0.016103946923976764,4.058694124221802,2.147517677396536,2.484851563349366,1.8460160549730062
1163264,0.045318887481698766,0.07409608631860465,3.9309603795409203,0.8245411682873964,0.053998222123482265,0.027417215227615088,3.6830787286162376,1.652283389121294,1.4927153196185827,1.6254848465323448
1164288,0.03749679634347558,0.05168759962543845,3.918700970709324,0.8456409703940153,0.049958132061874494,0.02425247768405825,3.631796844303608,1.6060211397707462,1.4953487664461136,2.3580515775829554
1165312,0.05316074346774258,0.12070948025211692,3.7124913334846497,0.6920319031924009,0.06147747489740141,0.03774088836507872,3.185094565153122,1.6138289459049702,2.4650973360985518,2.097385236993432
1166336,0.03867072513094172,0.10960315749980509,4.029698461294174,0.9738369230180979,0.05386548611568287,0.027588781114900485,3.6332873925566673,1.7094964981079102,1.8239599522203207,2.006816027686
1167360,0.07143812629510649,0.17794042266905308,3.9880641251802444,0.9405418951064348,0.0955897425301373,0.042695601587183774,3.55193380266428,1.3979511372745037,3.0253999046981335,1.9583871997892857
1168384,0.04382499719213229,0.128212362062186,3.7631726115942,0.6598992310464382,0.0778934650006704,0.06065867387223989,3.7257641032338142,1.6281455270946026,3.870777413249016,2.572598783299327
1169408,0.04313311129226349,0.09095828956924379,3.6147348880767822,0.5592686049640179,0.06241560121998191,0.031703125627245754,3.8039992675185204,1.7824238128960133,3.087008398026228,2.4264617525041103
1170432,0.03686630621086806,0.10724714933894575,3.8863908872008324,0.8211623560637236,0.0673490873305127,0.04780478804605082,3.9995283856987953,1.8977048769593239,2.0685357935726643,3.0378762632608414
1171456,0.05253698842716403,0.10378788621164858,3.7165419682860374,0.6895644348114729,0.07794041652232409,0.07101376180071384,3.5898458138108253,1.6927767917513847,2.907034842297435,3.521742321550846
1172480,0.06640690108179115,0.08270598179660738,3.8930406346917152,0.7791688498109579,0.09307012590579689,0.01975469957687892,3.7161869183182716,1.8981499075889587,1.5586720071732998,1.920094408094883
1173504,0.04576878360239789,0.09714219439774752,3.888747915625572,0.7979957200586796,0.04984865459846333,0.04529288987396285,3.7437846958637238,1.8324128203094006,1.7849117834120989,2.1103568002581596
1174528,0.046070850832620636,0.10588003438897431,3.8942495062947273,0.8076761905103922,0.07382009481079876,0.030081063334364444,3.675618566572666,2.1117413491010666,2.253846889361739,2.1202763561159372
1175552,0.034149156490457244,0.12051927391439676,3.852627784013748,0.8252929076552391,0.06312128523131832,0.04187088052276522,3.2481874004006386,1.9257643409073353,1.5494301058351994,2.12087794393301
1176576,0.04991063856869005,0.11102366540580988,3.8061323910951614,0.8291888609528542,0.08682331794989295,0.035729185736272484,3.8946005031466484,2.046886872500181,2.33666143193841,2.1009221747517586
1177600,0.06477756489766762,0.11346202297136188,3.64898744225502,0.6307886186987162,0.11911492666695267,0.047666247468441725,3.896142788231373,2.104817770421505,2.7535566464066505,4.431815806776285
1178624,0.044657090307737235,0.11364432610571384,3.510419674217701,0.5065495632588863,0.18970125284977257,0.03980928804958239,4.022441513836384,1.8170819357037544,3.0303123462945223,5.539135359227657
1179648,0.07850629300810397,0.09509644366335124,3.712845101952553,0.7039127182215452,0.0938770066422876,0.025473859917838126,3.634838454425335,1.3494142591953278,4.251136887818575,2.1211807057261467
1180672,0.047537861799355596,0.044688000925816596,3.933373048901558,0.8192394208163023,0.0788139862997923,0.029219045769423246,4.012502729892731,1.7575680539011955,1.0608803816139698,2.607824072241783
1181696,0.05225808944669552,0.06193690840154886,3.879077196121216,0.7359064426273108,0.11497926875017583,0.019104271021205932,3.879954844713211,1.6581095457077026,1.7324792426079512,2.2265271805226803
1182720,0.06239396781893447,0.08324449462816119,3.6858987510204315,0.6689759436994791,0.11929332476574928,0.020847616047831252,3.9664452895522118,1.7233869098126888,2.3034989442676306,1.5806714333593845
1183744,0.05248013556411024,0.05960262310691178,3.7856625244021416,0.6924613658338785,0.1118756829528138,0.025891530443914235,3.8179879784584045,1.4426418840885162,3.2986067831516266,2.053940363228321
1184768,0.03654053785430733,0.06731740199029446,3.923213243484497,0.8219497576355934,0.01829867270134855,0.030336995172547176,3.609141930937767,1.5392588190734386,1.6530894711613655,1.6028172075748444
1185792,0.04453368522808887,0.07013225147966295,3.9566552489995956,0.8315399903804064,0.04770397691754624,0.043025061197113246,3.771439917385578,1.977430783212185,0.9968605227768421,1.754059398546815
1186816,0.05290495479130186,0.09783500921912491,3.7693633884191513,0.7340425681322813,0.07722769310930744,0.033305051329080015,3.9540262445807457,1.9908278211951256,3.1203254871070385,2.104946941137314
1187840,0.05290157638955861,0.05364556924905628,4.015774503350258,0.9330642223358154,0.11812945280689746,0.024924046476371586,3.917242981493473,1.880509726703167,1.8526164330542088,1.971233969554305
1188864,0.0399776685226243,0.10929504525847733,3.7624218091368675,0.8131373859941959,0.06497705173387658,0.03366545255994424,3.314561516046524,1.3613743335008621,2.1070196237415075,2.5343717485666275
1189888,0.0449333157739602,0.07236220617778599,3.8659166395664215,0.8886562138795853,0.03654488633037545,0.02774135849904269,3.6933814212679863,1.5987459011375904,1.3964712414890528,1.8279623128473759
1190912,0.03866545839991886,0.06436018599197268,4.003730237483978,0.912636486813426,0.09045459743356332,0.05636909755412489,4.039327174425125,2.048204157501459,1.6893981620669365,3.7502189818769693
1191936,0.03992724978888873,0.08334398281294852,3.8891040459275246,0.8508649040013552,0.04931319295428693,0.03496517607709393,3.4490171372890472,1.5062609165906906,1.5591857880353928,3.144349090754986
1192960,0.0867377909598872,0.08207596698775887,3.8164452388882637,0.8698441777378321,0.10042935161618516,0.03544041694840416,3.4284670278429985,1.0950243063271046,1.724510969594121,2.16023787856102
1193984,0.040671721304534,0.08727349189575762,3.9561676681041718,0.8413974959403276,0.07309523702133447,0.03257089981343597,3.754635602235794,1.593197863548994,1.3061889447271824,1.7631286028772593
1195008,0.0561163391394075,0.07703171786852181,3.993688613176346,0.9778416659682989,0.0616103527136147,0.028636840463150293,3.782928489148617,1.9111579544842243,1.2619941420853138,1.556917855516076
1196032,0.0918764037778601,0.1222646392416209,3.693017117679119,0.7139485627412796,0.10142671270295978,0.035821508907247335,3.6151150092482567,1.7097277007997036,2.03474498167634,2.105474527925253
1197056,0.022390970843844116,0.06262910971418023,3.353477418422699,0.39738929737359285,0.1534596572164446,0.038573447323869914,3.792712725698948,1.9681556224822998,2.215257005766034,3.7762295454740524
1198080,0.0520437182567548,0.11515943915583193,3.7981445491313934,0.7214642707258463,0.04609692207304761,0.03743857686640695,2.8810394033789635,1.2384586688131094,2.5980259105563164,2.653371497988701
1199104,0.0491149247973226,0.08694376633502543,3.6374754831194878,0.6458064243197441,0.18100535147823393,0.029720117861870676,3.817603722214699,1.6778019592165947,2.956876650452614,2.715141074731946
1200128,0.042903393594315276,0.04376513109309599,3.89795134216547,0.8999793566763401,0.03337133026798256,0.025857750471914187,3.899958372116089,1.7626714743673801,1.0657479800283909,1.9962233528494835
1201152,0.06387101464497391,0.1051703046541661,3.656317315995693,0.727481309324503,0.14115186908748,0.04132734751328826,3.6916660144925117,1.4492602087557316,2.3566414806991816,3.5278410725295544
1202176,0.06952156510669738,0.0732911373488605,3.9790045246481895,1.0198450423777103,0.045376141715678386,0.030019666184671223,3.635574907064438,1.372327096760273,1.0379595533013344,2.400310344994068
1203200,0.05151017688331194,0.11124567757360637,3.7816638201475143,0.6947386916726828,0.11253926635254174,0.03179767687106505,3.7367372140288353,1.4690455049276352,1.8171597328037024,2.518386948853731
1204224,0.043391915591200814,0.0644020753679797,3.8233386874198914,0.7477798238396645,0.04225478394073434,0.030835279962047935,3.555186964571476,1.50407075881958,1.8187585212290287,2.361533146351576
1205248,0.055440312396967784,0.07737372710835189,3.8430523574352264,0.7577048987150192,0.07153440691763535,0.03318037878489122,3.8819731026887894,1.72091169282794,1.6935507412999868,2.949795527383685
1206272,0.03514235629700124,0.06301731441635638,3.8058394864201546,0.8330563567578793,0.08107011852553114,0.03325457341270521,3.7515645623207092,1.651091106235981,0.9776958581060171,1.9893217328935862
1207296,0.07849044536123984,0.05574789992533624,3.5080299079418182,0.5514053544029593,0.2365909549407661,0.0435990680125542,4.280498571693897,2.216907225549221,2.2992639653384686,4.290983518585563
1208320,0.04132398235378787,0.04476303467527032,3.5766588374972343,0.5487004201859236,0.08491438557393849,0.026791034324560314,3.3310391679406166,1.2618279345333576,1.0276186363771558,2.166184186935425
1209344,0.036967004591133446,0.05843226204160601,3.8197283297777176,0.7494387570768595,0.045786104252329096,0.022616660891799256,3.8637381866574287,1.4811531715095043,1.5534741915762424,1.5290075093507767
1210368,0.04779567173682153,0.1054926987271756,4.033836215734482,0.9536502156406641,0.03950860325130634,0.03791525855194777,3.4874750077724457,1.6328624412417412,1.4296609945595264,1.395681457594037
1211392,0.0456594072165899,0.12639723205938935,3.8621688038110733,0.73304358497262,0.0328129552945029,0.040028416260611266,3.7337235882878304,2.0687751285731792,1.7560140565037727,1.7277521714568138
1212416,0.042038826417410746,0.06525324331596494,3.9578638151288033,0.8592244870960712,0.09172447805758566,0.024882840574719012,3.770302891731262,1.960827637463808,1.3594035785645247,1.6273277774453163
1213440,0.06109990386175923,0.12139158975332975,4.021071746945381,0.8859838638454676,0.03848295714124106,0.0611749307718128,3.7939726039767265,1.835899107158184,1.6486409399658442,2.4316621478646994
1214464,0.03873954343725927,0.0892470310209319,3.9821522757411003,0.9277654960751534,0.05967935419175774,0.04198495909804478,3.8557246029376984,1.797976490110159,1.8530541248619556,2.6169208995997906
1215488,0.06380856491159648,0.10422445670701563,3.6976182609796524,0.7081522885710001,0.10057483389391564,0.036602026084437966,3.8614425137639046,1.8279406540095806,2.8245021775364876,3.869114711880684
1216512,0.05337997630704194,0.1028274493291974,3.759585775434971,0.6872634589672089,0.14618268329650164,0.03886120370589197,4.24912129342556,2.38283634185791,1.6338836699724197,1.7336110100150108
1217536,0.06035213905852288,0.13370868237689137,3.8320895060896873,0.763929933309555,0.11161588446702808,0.0402423802879639,3.8570972681045532,1.7611563950777054,2.1987964138388634,2.390431024134159
1218560,0.04851467622211203,0.0875979580450803,3.8110797330737114,0.6617294456809759,0.09985033987322822,0.04083233670098707,4.015978537499905,1.6462225802242756,1.3281150572001934,1.9581763595342636
1219584,0.04740755591774359,0.06373750686179847,3.9246996343135834,0.8096072599291801,0.10464764130301774,0.02442379732383415,4.064804419875145,1.827580638229847,1.6626216117292643,2.646575555205345
1220608,0.04458339361008257,0.07883621193468571,3.9119097217917442,0.8645644932985306,0.03365519052022137,0.044523443502839655,3.9967180639505386,1.636365681886673,2.178969230502844,2.8555602431297302
1221632,0.06545741551963147,0.04405911662615836,3.8771364837884903,0.8293188661336899,0.12737048778217286,0.0190400094143115,4.063007406890392,1.7791842631995678,1.3679492995142937,2.182303138077259
1222656,0.04664824437350035,0.09092045295983553,3.6722121089696884,0.6457480899989605,0.11691679048817605,0.04899960896000266,4.123039171099663,1.9466604590415955,1.4888108614832163,2.859895756468177
1223680,0.04043781742802821,0.0843315296806395,3.5804243609309196,0.5269911903887987,0.1711330208927393,0.029508795239962637,4.069780483841896,1.7860208116471767,2.4577644020318985,3.066749230027199
1224704,0.047594380273949355,0.101634660968557,3.6724520698189735,0.6338867172598839,0.08649487682851031,0.028836502053309232,3.7363843992352486,1.3344363532960415,1.8094283360987902,1.998444888740778
1225728,0.028274956726818345,0.04877279803622514,3.977476879954338,0.9058981500566006,0.032672895496943966,0.02754109466332011,4.091184988617897,1.9057001285254955,1.117152526974678,1.382373072206974
1226752,0.05118640646105632,0.08882801327854395,3.7496864199638367,0.7602303829044104,0.027471971203340217,0.03366370499134064,3.63958065956831,1.7164688594639301,1.7446074821054935,2.0818265676498413
1227776,0.029442120212479495,0.06336031144019216,3.779415614902973,0.6790881920605898,0.061586140480358154,0.02742669906001538,4.074952505528927,2.1591323539614677,1.4385160114616156,1.5727779306471348
1228800,0.07216412073466927,0.11520223738625646,3.577911786735058,0.5529894083738327,0.19124399521388113,0.05106669233646244,4.092262625694275,1.9173903949558735,4.485959837213159,3.7343136202543974
1229824,0.027111572038847953,0.09609972906764597,4.0397436916828156,0.943463146686554,0.025228712183889,0.02696352731436491,3.785071939229965,1.7853257469832897,1.9171141181141138,1.521241970360279
1230848,0.03220158720796462,0.07393974030856043,3.901759959757328,0.9341289270669222,0.012350114251603372,0.035290299012558535,3.584055855870247,1.5837638080120087,1.8288958556950092,2.2797869257628918
1231872,0.07543937847367488,0.13577818451449275,3.9298706129193306,1.0618730392307043,0.07912924201809801,0.046049962867982686,3.8842230811715126,1.8651281893253326,2.6428781673312187,2.9554012697190046
1232896,0.0454267589666415,0.12224616203457117,3.5303749814629555,0.5494079645723104,0.14700568234547973,0.037368350953329355,3.94438698887825,1.9469381086528301,2.581957371905446,2.3261968325823545
1233920,0.040266114519909024,0.09940413723234087,3.9830673336982727,0.9551154598593712,0.06724464532453567,0.046124357788357884,3.980937749147415,1.8435041941702366,1.6718030907213688,2.590869314968586
1234944,0.06292483126162551,0.08917008608113974,4.018123142421246,0.9239671118557453,0.10851130422088318,0.039208826259709895,3.7147015556693077,1.6086925454437733,1.4842297490686178,2.160157872363925
1235968,0.04459050070727244,0.09358096402138472,3.796381250023842,0.8580351434648037,0.1529418173013255,0.03796679462539032,3.6937156841158867,1.4345959685742855,2.039046071469784,4.2139384262263775
1236992,0.060807150875916705,0.11729684914462268,3.965951584279537,0.951066330075264,0.0765112230728846,0.040374102478381246,3.5047848373651505,1.3683444224298,2.182517560198903,3.0416057743132114
1238016,0.047587252920493484,0.08653308858629316,3.898557983338833,0.862387903034687,0.03713270204025321,0.0377463674522005,3.8526578322052956,1.6530198641121387,1.5072591938078403,3.339844921603799
1239040,0.04604017626843415,0.12856402387842536,3.843881018459797,0.7683055698871613,0.07820328653906472,0.023179165524197742,3.6959710866212845,1.6683279536664486,1.9304020777344704,1.6602244470268488
1240064,0.0775799814146012,0.14131208276376128,3.8181450441479683,0.7487606350332499,0.17838725238107145,0.03220881771994755,4.069605812430382,1.8540073782205582,5.067408077418804,3.740100771188736
1241088,0.0415744694910245,0.07441291050054133,3.486900493502617,0.48832374066114426,0.0823707387316972,0.027483727521030232,3.9070567712187767,1.7347888611257076,2.7925106808543205,2.2535039614886045
1242112,0.06148789724102244,0.10021555237472057,3.5665988102555275,0.6343544647097588,0.14810027997009456,0.03570208029123023,3.532136030495167,1.1690352708101273,3.0366099644452333,3.904142828658223
1243136,0.055152725348307285,0.12296646717004478,3.668727457523346,0.7275981046259403,0.06166786310495809,0.03752031706972048,3.6826021894812584,1.2091158591210842,1.7437151223421097,1.9530370067805052
1244160,0.05460738384863362,0.11334925959818065,3.764963760972023,0.6536974515765905,0.14283733477350324,0.02744325069943443,3.864081785082817,1.4740044139325619,2.2294684927910566,2.1324540246278048
1245184,0.029430686554405838,0.05493948212824762,4.061361461877823,0.9411533959209919,0.03608664369676262,0.020782114792382345,3.784609653055668,1.534486673772335,1.6728410944342613,1.622293122112751
1246208,0.06588216475211084,0.12318392051383853,4.040516018867493,0.9357308316975832,0.04113943289848976,0.04209602024639025,3.6703650280833244,1.6329691745340824,1.7871169168502092,1.6908599082380533
1247232,0.03980887681245804,0.09219714475329965,3.81232750415802,0.71399393863976,0.1099517774709966,0.025066950940527022,3.677558347582817,1.4817835465073586,2.238054022192955,2.945743750780821
1248256,0.05560186330694705,0.04005491017596796,3.7969569489359856,0.7469879612326622,0.11160075012594461,0.01739082601852715,3.5054106563329697,1.3388816229999065,1.9252508748322725,1.6214446583762765
1249280,0.04168675059918314,0.08690109034068882,3.8370751067996025,0.7681316528469324,0.07609361622598954,0.025310608616564423,3.858656533062458,2.149633102118969,1.572778882458806,1.8676311373710632
1250304,0.04395077095250599,0.11861818959005177,3.7270811572670937,0.658327791839838,0.12492317822761834,0.031189599190838635,4.010568618774414,2.2260377816855907,2.3225543908774853,1.5739063126966357
1251328,0.04099873987433966,0.10474095214158297,3.8400937020778656,0.7676817420870066,0.09228661941597238,0.025924798741471022,3.9200640991330147,1.8701256439089775,1.907013377174735,1.4294399544596672
1252352,0.038945115433307365,0.08464679738972336,3.974246770143509,1.0208031926304102,0.0482810057583265,0.0317744470667094,3.6684716790914536,1.740089513361454,1.3809162583202124,1.5650066211819649
1253376,0.06623937975382432,0.0674296118086204,3.7939596697688103,0.7259681578725576,0.13275983120547608,0.03823093813844025,3.6098146587610245,1.6736143939197063,1.9765502773225307,3.02935066819191
1254400,0.0467591526103206,0.10713243717327714,3.864235505461693,0.7493602335453033,0.13452882540877908,0.03096051176544279,4.186346083879471,2.0862094908952713,1.5819888971745968,3.510238904505968
1255424,0.08804571458313148,0.12245364161208272,3.8502142280340195,0.7694340981543064,0.13092237978708,0.015801481087692082,3.707698754966259,1.3479695431888103,2.565479598939419,1.5497992355376482
1256448,0.04397649585735053,0.07113162195309997,3.8938806354999542,0.8234658725559711,0.061523072625277564,0.021569537930190563,3.556616559624672,1.4685856122523546,1.3003898803144693,1.893619554117322
1257472,0.03325826124637388,0.045926370774395764,3.9467481672763824,0.9855851121246815,0.058762539469171315,0.020747940405271947,3.780185751616955,1.6298720613121986,1.1260740347206593,2.3601678740233183
1258496,0.07388613146031275,0.05811813578475267,3.971612922847271,0.9552745763212442,0.08697499480331317,0.021564850845606998,3.941152438521385,1.7257336415350437,1.5150193143635988,1.6965815871953964
1259520,0.04928232420934364,0.0848622762132436,3.8250222504138947,0.8149954844266176,0.02478609629906714,0.03377813915722072,3.435664989054203,1.4291018098592758,1.1691692546010017,2.2972309477627277
1260544,0.04386474352213554,0.08474013640079647,3.9486667811870575,0.920168137177825,0.054850088665261865,0.04050509800435975,3.9040874168276787,1.7586352564394474,1.177070701494813,2.2952470369637012
1261568,0.07008391799172387,0.09160851431079209,3.8700719997286797,0.8219596203416586,0.16415304923430085,0.041698846966028214,4.072161503136158,1.7691753022372723,1.6749154161661863,2.7396460361778736
1262592,0.06363895695540123,0.13019108236767352,3.817422851920128,0.7072865702211857,0.14364747633226216,0.040074970514979213,4.030890308320522,2.039608422666788,2.1230392158031464,1.904557852074504
1263616,0.024926284721004777,0.11935620056465268,3.7963867485523224,0.6843925435096025,0.04885451419977471,0.043989296071231365,3.8492677956819534,1.647079210728407,1.9611099399626255,2.1629444900900126
1264640,0.04434743756428361,0.12800308736041188,3.790783904492855,0.7553591355681419,0.0730533771275077,0.03646490926621482,3.658901408314705,1.5081391632556915,1.7515569180250168,1.7620102297514677
1265664,0.0438553036947269,0.07817017659544945,3.9748005270957947,0.9781300444155931,0.01732460242055822,0.02914738975232467,3.6581315025687218,1.6746537424623966,1.4471451248973608,1.5073066037148237
1266688,0.04468798739253543,0.1421741214580834,3.977599397301674,1.003428054973483,0.08743932767538354,0.04843245598021895,3.8301955237984657,1.938078586012125,1.8630719222128391,2.236545981839299
1267712,0.05757128540426493,0.062231243471615016,3.866188868880272,0.8834514766931534,0.07870899210684001,0.03816476743668318,3.7536944672465324,1.8356857746839523,1.7934791799634695,2.1628228276968002
1268736,0.038383117149351165,0.0553637434495613,3.800082817673683,0.8180454932153225,0.10767819522880018,0.039411479025147855,3.7460556253790855,1.6173414885997772,1.519272644072771,2.2691742666065693
1269760,0.045270519447512925,0.10161871369928122,3.946495421230793,0.9043657705187798,0.07972868793876842,0.024981475522508845,3.8529096618294716,1.8939785920083523,2.0784207712858915,2.394079802557826
1270784,0.08120875121676363,0.11667320365086198,3.6633340641856194,0.6695007923990488,0.11785914486972615,0.04564747371478006,3.9757102951407433,1.6481485031545162,2.360668843612075,2.7017122711986303
1271808,0.04850853033713065,0.07823549746535718,3.82233564555645,0.7603610251098871,0.08066184603376314,0.015734300046460703,3.805411286652088,1.7007412016391754,1.5331610776484013,1.6314754337072372
1272832,0.05650116867036559,0.07257429987657815,3.96259219199419,0.8635471984744072,0.06344472011551261,0.03440934995887801,3.510672077536583,1.2027387954294682,1.237611459568143,2.304932162165642
1273856,0.062445258983643726,0.11372861126437783,3.610962577164173,0.6089957263320684,0.11464923754101619,0.035756405210122466,3.6998264491558075,1.4845270551741123,2.3244043067097664,3.992199767380953
1274880,0.04237680326332338,0.0985163738951087,3.6505445912480354,0.5680486913770437,0.11303378426237032,0.020288843457819894,4.035243168473244,2.0815453715622425,2.2611623033881187,1.9231805671006441
1275904,0.04994752927450463,0.042345106368884444,3.9675128012895584,0.8431449215859175,0.11423199553973973,0.019516380823915824,3.8553623780608177,1.8202913589775562,1.6181481014937162,1.239595428109169
1276928,0.05828253214713186,0.07414060458540916,3.8433843478560448,0.8287737183272839,0.009708160010632128,0.032850388903170824,3.524474322795868,1.5571587048470974,1.4935511257499456,1.682388437911868
1277952,0.06627065638895147,0.08359812176786363,3.6625642254948616,0.7030060980468988,0.09052081214031205,0.027776918548624963,3.429401434957981,1.4629601798951626,1.9998974781483412,1.880359198898077
1278976,0.04075166484108195,0.08674204675480723,3.6822241470217705,0.6782035883516073,0.06764983257744461,0.03497862920630723,2.93934828042984,1.0160436294972897,1.2298663388937712,4.45659339055419
1280000,0.050720983985229395,0.042827588913496584,4.037904515862465,0.9028464537113905,0.04743128776317462,0.024616071284981444,3.8212904036045074,2.0766347348690033,1.0849515423178673,1.6260275784879923
1281024,0.046602257527410984,0.10016139363870025,3.9248941391706467,0.874326765537262,0.03511322767008096,0.042900664324406534,3.7173666656017303,2.1002845875918865,1.0295476242899895,1.3324879836291075
1282048,0.046394838514970616,0.07389103574678302,3.9736372604966164,0.9289328251034021,0.062090692546917126,0.03332423634128645,3.6245831102132797,1.6203294023871422,1.3461349587887526,2.1946932151913643
1283072,0.05897044204175472,0.11340104276314378,3.8001044616103172,0.721529046073556,0.10754981814534403,0.06338475539814681,4.002859376370907,2.4320588409900665,2.499568486586213,4.339946154505014
1284096,0.057345100736711174,0.07250122237019241,3.8291258960962296,0.7348395250737667,0.07071076234569773,0.03793863515602425,3.7870260775089264,2.1047705933451653,1.6748640201985836,2.3942330610007048
1285120,0.06498251626908313,0.11651718034408987,3.732061818242073,0.6974601037800312,0.10391295654699206,0.024408837751252577,4.033627867698669,2.4090213254094124,3.0692442674189806,2.0040852427482605
1286144,0.03984349193342496,0.0745199810480699,3.663488619029522,0.5667048376053572,0.11232614069012925,0.02292392193339765,3.8826861679553986,1.9010197333991528,2.476789925247431,1.777989361435175
1287168,0.03282549645518884,0.04498456680448726,3.9893526509404182,0.862320076674223,0.07967035207548179,0.018240849865833297,3.88779354095459,1.9464399106800556,0.9426553975790739,1.6030877102166414
1288192,0.06893497915007174,0.16919259913265705,3.838957443833351,0.7729115728288889,0.08648654946591705,0.029789176769554615,3.776980236172676,1.6396158821880817,2.5942554529756308,1.716606441885233
1289216,0.05471730206045322,0.10173740237951279,3.809756323695183,0.7776045948266983,0.06679482138133608,0.03681379195768386,3.759070932865143,1.8041324764490128,1.6527752298861742,2.0641066543757915
1290240,0.04739522610907443,0.08440940361469984,3.944944530725479,0.842493636533618,0.041184706322383136,0.043260805075988173,3.999311849474907,1.9798380844295025,1.3575996030122042,2.657775294035673
1291264,0.038905162073206156,0.11840393301099539,4.015739873051643,0.9248083606362343,0.11684893522760831,0.035450786410365254,4.227404922246933,2.1871342211961746,2.2332815267145634,4.107522651553154
1292288,0.07513468683464453,0.19306557439267635,3.884756550192833,0.8887719381600618,0.10313334205420688,0.03939101693686098,3.826932229101658,2.0687105990946293,1.5788780823349953,1.9183807745575905
1293312,0.0656787590123713,0.14130323962308466,3.762842357158661,0.7074819877743721,0.2132247118279338,0.03735124779632315,4.189449056982994,2.2230826131999493,2.1510003320872784,2.724742405116558
1294336,0.02853679863619618,0.08019672892987728,4.013916365802288,0.9046898949891329,0.04061856510816142,0.04111596563598141,3.985709458589554,1.5878113061189651,0.9202487654983997,2.351380407810211
1295360,0.07067848881706595,0.0826602621236816,3.8295882493257523,0.7776323277503252,0.1362726119114086,0.024760568543570116,3.733739957213402,1.4029682986438274,2.3504367489367723,1.8887010384351015
1296384,0.05255434804712422,0.112449970562011,3.743119955062866,0.6983374711126089,0.09971867798594758,0.05150538170710206,3.4431493878364563,1.2521466426551342,1.972056694328785,2.4292743895202875
1297408,0.058273004775401205,0.1245026714168489,3.564579516649246,0.5560520403087139,0.12900765659287572,0.0429185105022043,3.504933685064316,1.1968438848853111,2.9063858836889267,2.5104643255472183
1298432,0.05250881932443008,0.08581629954278469,3.4655266627669334,0.5392482075840235,0.14383970096241683,0.03505276021314785,3.493979811668396,1.0173907037824392,1.6700206939131021,4.829565733671188
1299456,0.03644154197536409,0.08644632052164525,3.672567665576935,0.6410074792802334,0.11532283370615914,0.028687940386589617,3.7245918065309525,1.0750186275690794,1.9994602631777525,3.1448375210165977
1300480,0.03979228140087798,0.10358543740585446,3.686857283115387,0.6315862517803907,0.065254210610874,0.03569549857638776,3.505440354347229,1.0559116136282682,1.737374847754836,1.5162630807608366
1301504,0.034364002029178664,0.09836859372444451,3.9220496118068695,0.8321113586425781,0.05290517889079638,0.0391455689095892,3.832772836089134,1.596451211720705,1.9127442110329866,1.8705772701650858
1302528,0.04972197275492363,0.10686095501296222,3.9291398972272873,0.8972177021205425,0.006201791198691353,0.03983681631507352,3.910220295190811,2.112596847116947,1.6582097485661507,1.527254443615675
1303552,0.05797514438745566,0.1456302241422236,3.3702064380049706,0.5778448143973947,0.0761459463101346,0.04972226719837636,3.653393179178238,2.1005419716238976,2.303584709763527,2.1139786448329687
1304576,0.034105271653970703,0.08225497836247087,3.7159436121582985,0.7004974726587534,0.11243562801973894,0.0438301331596449,3.9509962126612663,2.2545247562229633,2.8014897275716066,2.9988807011395693
1305600,0.04218403686536476,0.07162345456890762,3.9850952103734016,0.9612168241292238,0.061696542776189744,0.04102460079593584,3.796352580189705,1.816226378083229,1.1984742991626263,2.4544999673962593
1306624,0.07142305927118286,0.185400050599128,3.7396814674139023,0.6955709215253592,0.14846368867438287,0.03179815426119603,3.8746252357959747,1.718387145549059,4.035582188516855,2.8806461095809937
1307648,0.05281670033582486,0.11262774863280356,3.645309738814831,0.5589149771258235,0.11394774238578975,0.025750675471499562,3.880316935479641,1.6647190414369106,2.004304585978389,2.091680036857724
1308672,0.02710352929716464,0.059805989847518504,3.9050000086426735,0.8083223588764668,0.031154417840298265,0.019753712142119184,3.9358245953917503,1.8280720710754395,1.231903487816453,1.6951565854251385
1309696,0.051286198693560436,0.11285614944063127,3.922103799879551,0.9689738340675831,0.07552211196161807,0.03016287012724206,3.6601057797670364,1.8440055958926678,1.2335738986730576,2.298565525561571
1310720,0.07042693317634985,0.12717430549673736,3.8890911862254143,0.8633577264845371,0.04643506876891479,0.04834681726060808,3.771630972623825,1.7510616816580296,1.561314433813095,2.6516615971922874
1311744,0.05274738493608311,0.09378212527371943,3.806469962000847,0.721839189529419,0.1528804947156459,0.04529192281188443,4.052391469478607,2.148932684212923,1.9680406227707863,3.227372355759144
1312768,0.057339273364050314,0.11868518614210188,3.6702556163072586,0.6694750133901834,0.14289032598026097,0.050413026416208595,3.9883515760302544,1.930038534104824,3.081302773207426,3.9838156905025244
1313792,0.0421568417805247,0.061185760074295104,3.855431653559208,0.7568104956299067,0.05837584676919505,0.03417387342778966,3.7666471377015114,1.6836516000330448,1.057672429829836,1.8339029662311077
1314816,0.06534782642847858,0.08871669345535338,3.9401512816548347,0.8242716956883669,0.06386692950036377,0.03669327119132504,3.5216565504670143,1.5855130031704903,1.3854786474257708,1.9745282419025898
1315840,0.05112136443494819,0.05358341278042644,3.596517764031887,0.6093344837427139,0.18524295859970152,0.0320668697822839,3.9397239685058594,1.7730839475989342,1.3709587659686804,2.320616053417325
1316864,0.055022190033923835,0.07837604754604399,3.888711042702198,0.9043789282441139,0.06679990698467009,0.03413150692358613,3.513794958591461,1.2428108863532543,1.3362916726619005,1.4990486204624176
1317888,0.06350974290398881,0.1210101607721299,3.897725760936737,0.802087115123868,0.07474778138566762,0.025901896849973127,3.8220070749521255,1.7044533751904964,2.1049042735248804,1.7084635980427265
1318912,0.04052919636887964,0.08573173638433218,3.7014873549342155,0.671555663459003,0.06669587024953216,0.02114504561177455,3.716241843998432,1.6010627932846546,1.2825051546096802,1.1693634446710348
1319936,0.05100431821483653,0.10404543345794082,3.6623838245868683,0.7213766500353813,0.06777130518457852,0.04173031251411885,3.6384482830762863,1.4951912723481655,1.364493042230606,2.3401892613619566
1320960,0.07695955340750515,0.10668485634960234,3.691106393933296,0.6931718401610851,0.1123627737397328,0.03340996924089268,3.797592267394066,1.609021082520485,1.6625194158405066,1.7847086377441883
1321984,0.04394692729692906,0.11118662403896451,3.4106061831116676,0.4445642316713929,0.1500125524471514,0.030854085343889892,3.586291953921318,1.5226612389087677,1.8605357855558395,3.304692905396223
1323008,0.04727782716508955,0.12248020386323333,3.6215995997190475,0.5426330985501409,0.03416549492976628,0.028303766914177686,3.6896970495581627,1.760682787746191,2.208878293633461,1.6908984128385782
1324032,0.037085442047100514,0.08750157384201884,3.9340784028172493,0.7500270437449217,0.051847559690941125,0.032261229935102165,4.001350916922092,2.2616165950894356,1.3566074650734663,1.9912501573562622
1325056,0.04502487351419404,0.1024956931360066,3.75270813703537,0.6621140483766794,0.07557913294294849,0.03241268446436152,3.7018199637532234,1.859557405114174,1.637251477688551,1.8956974390894175
1326080,0.05538535128289368,0.08713486418128014,3.5540690943598747,0.5165154058486223,0.21195482788607478,0.03890034247888252,4.084940582513809,2.025785531848669,3.139237906783819,2.772502528503537
1327104,0.06094937812304124,0.10770211252383888,3.481180928647518,0.5112522998824716,0.17926101828925312,0.0345316925086081,3.823086865246296,1.7139564268290997,2.7328004725277424,2.7014215663075447
1328128,0.0411492863931926,0.06476264714729041,3.515353076159954,0.4890796607360244,0.055236374493688345,0.025052457611309364,3.551689699292183,1.1418829038739204,1.6171359214931726,1.795471377670765
1329152,0.03942650745739229,0.08981853094883263,3.7788445129990578,0.7410233188420534,0.06965841469354928,0.03875101008452475,3.462056912481785,1.4829608909785748,1.5852322783321142,2.0932367984205484
1330176,0.06102263444336131,0.09027700196020305,3.8525456339120865,0.7857501581311226,0.163181914947927,0.03023714409209788,4.10929973423481,2.0332958213984966,1.6926861200481653,2.0649907467886806
1331200,0.045982371957506984,0.07020137982908636,3.875828191637993,0.7700091693550348,0.07314701218274422,0.028100463037844747,3.874242953956127,1.6111130863428116,1.5893790554255247,2.208017287775874
1332224,0.043290847970638424,0.12264145072549582,3.728289842605591,0.7061334121972322,0.12460072035901248,0.04003651061793789,3.855045683681965,1.5850437134504318,2.3605586048215628,2.6116084530949593
1333248,0.05501660954905674,0.09909695643000305,3.7139411717653275,0.6950930133461952,0.15228135464712977,0.025807228579651564,3.885280266404152,1.4906112737953663,1.5858469288796186,2.167898523621261
1334272,0.061581816495163366,0.08637573663145304,3.6090897992253304,0.5868747066706419,0.09493962748092599,0.03369141521397978,3.6666385903954506,1.271010547876358,1.7200451008975506,1.71897541731596
1335296,0.042893582402030006,0.11550115351565182,4.002639591693878,0.906884279102087,0.011188481497811154,0.03738861862802878,3.592016153037548,1.476356903091073,1.3997406121343374,1.8514991514384747
1336320,0.059640889085130766,0.1411951668560505,3.903523102402687,0.7283775676041842,0.19995905831456184,0.03526444063754752,4.167026333510876,1.8898777216672897,3.804501850157976,2.5251866206526756
1337344,0.059957977558951825,0.1098750673700124,3.816658779978752,0.7506982628256083,0.06032288298592903,0.04156327719101682,3.6197939217090607,1.288705687969923,3.146833525970578,2.6535111553967
1338368,0.04966670625435654,0.09933608479332179,3.7268694266676903,0.7194656766951084,0.08341422898229212,0.04120599094312638,3.7107249721884727,1.3719880618155003,1.6832357253879309,2.0003098901361227
1339392,0.06734526751097292,0.09496759343892336,3.89154851436615,0.8856077417731285,0.08919887186493725,0.0405144221149385,3.7775325551629066,1.6032031998038292,2.339620467275381,4.418455520644784
1340416,0.0518803006852977,0.09365710359998047,3.7921461910009384,0.6731492821127176,0.10903551703086123,0.03546565119177103,3.9110676497220993,1.6303063295781612,1.3494534268975258,2.465521002188325
1341440,0.057003242895007133,0.08181664790026844,3.8012290969491005,0.7211649883538485,0.09230491341440938,0.02741367550333962,3.5647137612104416,1.2907329946756363,1.6464547328650951,2.23848576284945
1342464,0.04420135797408875,0.09091148315928876,3.627705492079258,0.5703401193022728,0.21583237079903483,0.02297209552489221,4.164308339357376,1.8136076889932156,1.8271995540708303,2.725922491401434
1343488,0.04432644484040793,0.052471734350547194,3.6606452390551567,0.6427080295979977,0.1343897709157318,0.02229119391995482,3.710010565817356,1.2871471904218197,1.4773864801973104,1.9794178027659655
1344512,0.04346103669377044,0.07573035696987063,3.816383942961693,0.8175714798271656,0.04775628098286688,0.03991651249816641,3.650459349155426,1.143715489655733,1.1333383899182081,2.0721023604273796
1345536,0.07469746598508209,0.08464431785978377,3.7077494338154793,0.6988431252539158,0.03946939785964787,0.035519513476174325,3.771168105304241,1.2690331898629665,2.011098515242338,2.577715680003166
1346560,0.04792475971044041,0.11833513015881181,3.662553906440735,0.6717422883957624,0.08127732132561505,0.03939905721927062,3.592045024037361,1.301630962640047,1.194138060323894,1.912772223353386
1347584,0.05957071192096919,0.07502430898603052,3.8952351063489914,0.7540280912071466,0.1297504491521977,0.03122042043833062,3.959594912827015,1.6678517870604992,1.4693762920796871,1.7068942841142416
1348608,0.04927926161326468,0.08664557663723826,3.7254078313708305,0.6585553307086229,0.08925274916691706,0.025803508062381297,3.6850662231445312,1.3203094638884068,2.1631695237010717,1.4794855397194624
1349632,0.034529190219473094,0.09003882831893861,3.7777741104364395,0.7591508626937866,0.04497270175488666,0.033014996035490185,3.44139501452446,1.1741054579615593,1.6581099499017,1.888171087950468
1350656,0.03252185664314311,0.10051425779238343,3.7904183715581894,0.7077643554657698,0.05096537295321468,0.046697465470060706,3.506244122982025,1.2997330948710442,2.195937056094408,2.385673029348254
1351680,0.02632228944275994,0.1196803895290941,4.1014925092458725,1.032208889722824,0.0508481158176437,0.039193813514430076,3.9276910722255707,1.8116477876901627,1.488244729116559,1.2752889413386583
1352704,0.05488349523511715,0.08070799976121634,3.868459068238735,0.7975798733532429,0.07836632401449606,0.04217151924967766,3.8291160389781,1.6782331354916096,1.8766833189874887,2.004360545426607
1353728,0.05878816661424935,0.15863807313144207,3.5719201043248177,0.6990582142025232,0.14764235611073673,0.056697345804423094,3.9861580953001976,1.5244255103170872,2.7260415013879538,3.6640394255518913
1354752,0.047745554795255885,0.08662664005532861,3.726025953888893,0.6696516945958138,0.11482640786562115,0.05356830346863717,4.014058485627174,1.6688065454363823,1.7090302091091871,1.8649300131946802
1355776,0.055135505928774364,0.09065826213918626,3.7232529148459435,0.6086127478629351,0.11102051904890686,0.02630015811882913,3.960109919309616,1.5428828559815884,3.7387085631489754,2.5057897977530956
1356800,0.0644328837224748,0.07401290733832866,3.8564073517918587,0.7544397562742233,0.06968040054198354,0.03399452893063426,3.5494039356708527,1.2310657147318125,1.7384214103221893,1.5689420700073242
1357824,0.04413929380825721,0.04397754819365218,3.9051531180739403,0.7493042945861816,0.12954784044995904,0.028416582092177123,4.015847273170948,1.6139288619160652,1.2706151939928532,2.0604698061943054
1358848,0.07224247997510247,0.08762518840376288,3.801160678267479,0.8334641810506582,0.09074992849491537,0.02570924730389379,3.741907760500908,1.2660805881023407,1.721594998613,1.6298987455666065
1359872,0.051553195575252175,0.13411300559528172,3.748493179678917,0.6932310871779919,0.056852917128708214,0.028892668429762125,3.6141765043139458,1.2389047183096409,1.5521719232201576,2.008455663919449
1360896,0.0466092825809028,0.09248330257833004,3.7641347721219063,0.7223062291741371,0.08623427560087293,0.03195604361826554,3.672624960541725,1.275968637317419,1.2739895097911358,2.0641846153885126
1361920,0.0461208266497124,0.11446527414955199,3.8891295194625854,0.8810945600271225,0.03007809015980456,0.06515510496683419,3.674124725162983,1.549344975501299,1.520978445187211,2.0798452235758305
1362944,0.05201397286145948,0.13486743555404246,3.8759013265371323,0.8195807989686728,0.06553629535483196,0.04201629088493064,3.911323830485344,1.822673175483942,1.7256905566900969,1.4411347657442093
1363968,0.04513156405300833,0.09831215161830187,3.9454119130969048,0.8366393446922302,0.08024414983810857,0.02490842857514508,3.951014831662178,1.8002621941268444,1.6652095559984446,1.797770019620657
1364992,0.06477430567611009,0.177726277615875,3.6381934508681297,0.6384312622249126,0.08292372478172183,0.03010874049505219,3.6150924265384674,1.6080634854733944,2.8822759445756674,2.461447339504957
1366016,0.053232019214192405,0.2730003115721047,3.620518684387207,0.5864916490390897,0.11236872646259144,0.039061473100446165,3.6687539517879486,1.367859560996294,3.9559505693614483,3.930193495005369
1367040,0.08193857985315844,0.20771574368700385,3.85330481082201,0.8642536867409945,0.04567646193027031,0.05329474515747279,3.638312928378582,1.2999576888978481,3.489339355379343,2.4063006676733494
1368064,0.05369746527867392,0.1737675811164081,3.5359048694372177,0.5374247180297971,0.09997420481522568,0.035925698291976005,3.803598202764988,1.5439897179603577,4.788496032357216,2.7776325214654207
1369088,0.05052294599590823,0.043139910616446286,3.7595790177583694,0.684710344299674,0.07470086796092801,0.02640645470819436,3.025735452771187,0.8327897936105728,1.295553334057331,2.066160846501589
1370112,0.07785676102503203,0.12645600480027497,3.839852787554264,0.8133930787444115,0.127721490804106,0.038632358657196164,3.5549382120370865,1.1669615395367146,2.5682313311845064,2.558889262378216
1371136,0.05225022236118093,0.08642474818043411,3.6859437003731728,0.6072140503674746,0.13595155108487234,0.01892454150947742,3.6807638332247734,1.1438702270388603,1.8836014829576015,2.1475063180550933
1372160,0.05586922788643278,0.11719218455255032,3.618979699909687,0.5543916197493672,0.11864160338882357,0.022763833025237545,3.7795296534895897,1.3149647116661072,2.7865935768932104,2.3631466273218393
1373184,0.051898145029554144,0.08345963491592556,3.753358446061611,0.6727215144783258,0.1065665811765939,0.017268235969822854,3.456730864942074,0.9842524472624063,1.1727294530719519,1.6429538670927286
1374208,0.050923782866448164,0.11117642535828054,3.8213527724146843,0.7331700064241886,0.05783108211471699,0.022536426433362067,3.4767187386751175,1.2219304628670216,1.4990647211670876,1.6695056855678558
1375232,0.0513447655539494,0.07397392520215362,3.8308672308921814,0.6692738775163889,0.039393796148942783,0.024138917593518272,3.595404602587223,1.4712414182722569,1.5218337140977383,2.231159709393978
1376256,0.04077017828240059,0.07450330501887947,3.9524904265999794,0.8400911502540112,0.06923683162312955,0.03576795640401542,3.9334216713905334,1.9583538882434368,1.6732376646250486,1.9195544365793467
1377280,0.036394360999111086,0.05685222533065826,3.873756542801857,0.8619462195783854,0.0828628073213622,0.03330100135644898,3.983545243740082,2.0087394677102566,1.4176937602460384,2.096652992069721
1378304,0.03818925376981497,0.04694320895941928,4.014224834740162,0.8915346581488848,0.06432983645936474,0.01872398509294726,3.9084518998861313,1.8806810043752193,1.3355445750057697,2.05864823423326
1379328,0.06305260193767026,0.15178553597070277,3.8419004753232002,0.9031316731125116,0.12548983341548592,0.04328760947100818,3.7436229959130287,1.6531414203345776,1.7049691807478666,2.29529045522213
1380352,0.05696128378622234,0.09352891286835074,3.878996327519417,0.7919264156371355,0.098133661726024,0.02479542203946039,3.876841016113758,1.7830402329564095,1.8485092036426067,2.0632968060672283
1381376,0.05131942662410438,0.07349863438867033,3.7176588773727417,0.6785887181758881,0.08551916730357334,0.03163927490822971,3.56951791793108,1.489988174289465,1.5918551851063967,2.1424264665693045
1382400,0.053709287400124595,0.07857448479626328,3.803734302520752,0.7770388033241034,0.08709098328836262,0.02595508162630722,3.976945638656616,1.721556507050991,1.5369451828300953,1.6614339146763086
1383424,0.06652059429325163,0.06408745259977877,3.760625444352627,0.6733598094433546,0.1459678839892149,0.021861208602786064,4.101627923548222,1.8607771471142769,2.172232251614332,2.6636487785726786
1384448,0.0656231707544066,0.11913574649952352,3.640047363936901,0.6262336522340775,0.20717360312119126,0.03923451929586008,4.032807901501656,1.6937707215547562,2.1334824208170176,2.438888421282172
1385472,0.053284058172721416,0.11116635194048285,3.729697808623314,0.6412370093166828,0.09060331259388477,0.03817555768182501,3.935695417225361,1.3598350510001183,1.8020622469484806,2.1041162721812725
1386496,0.044947358255740255,0.1254099477082491,3.738047018647194,0.6695630550384521,0.10791059036273509,0.03077270812354982,3.949131079018116,1.3768759593367577,2.0417725406587124,1.992822865024209
1387520,0.041644054639618844,0.046153915114700794,3.5480291843414307,0.47820710856467485,0.054236170079093426,0.02520353047293611,3.915033034980297,1.5625933595001698,1.8619858883321285,3.887000197544694
1388544,0.07942034065490589,0.08917878195643425,3.72177554666996,0.7094295863062143,0.1290684177656658,0.03543849318521097,3.7409181967377663,1.2163419388234615,2.3078895434737206,4.418542757630348
1389568,0.07228581799427047,0.1359672520775348,3.6670851036906242,0.6826053969562054,0.12200007657520473,0.029968523129355162,3.5349742621183395,1.1935948766767979,2.052650110796094,2.576043765991926
1390592,0.056631836167071015,0.08308130269870162,3.8113319128751755,0.82897730730474,0.05002576601691544,0.035357007349375635,3.39912012219429,1.0647812653332949,1.8964520413428545,2.041015239432454
1391616,0.045556403551017866,0.0848948034690693,3.8378573060035706,0.7032147645950317,0.0742655370850116,0.03660386096453294,3.71994461864233,1.5260137021541595,1.2808531410992146,1.7894854731857777
1392640,0.05794522544601932,0.09270131262019277,3.742737792432308,0.6855410467833281,0.11005153256701306,0.044912750308867544,3.5545814856886864,1.4148311205208302,1.9076564442366362,2.0083799231797457
1393664,0.048720862570917234,0.0712039804784581,3.7953421995043755,0.6998695377260447,0.1144005871610716,0.03061406855704263,4.228811591863632,1.9993800334632397,1.2079110648483038,2.277203168720007
1394688,0.05300128774251789,0.09248324204236269,3.8030006512999535,0.6757340263575315,0.05921053225756623,0.0385503678699024,3.942794442176819,1.8102139011025429,1.626167418435216,3.0306852757930756
1395712,0.050830103806219995,0.09278248192276806,3.647150620818138,0.5915126372128725,0.11841098486911505,0.019750042381929234,3.8715135008096695,1.697379220277071,2.0024876035749912,1.6639645379036665
1396736,0.057738487026654184,0.11646272032521665,3.7721236497163773,0.6745062787085772,0.066737950372044,0.035976922314148396,3.657553680241108,1.5520618632435799,1.6805956605821848,2.4565593749284744
1397760,0.0372841666394379,0.09184709494002163,3.5432610511779785,0.5037497580051422,0.1472481822129339,0.026998201734386384,3.9468135461211205,1.7167402729392052,1.9713713116943836,2.261242562904954
1398784,0.05190183615195565,0.06499583076220006,3.833474211394787,0.7938206922262907,0.04141349156270735,0.022382510505849496,3.5267123132944107,1.3354375399649143,1.4222950041294098,1.865852301940322
1399808,0.060531336144777015,0.1168534429743886,3.8143880739808083,0.7139205485582352,0.10290008160518482,0.02529471376328729,3.751040332019329,1.6999813728034496,2.591278575360775,2.772208048030734
1400832,0.0549425091012381,0.06826544250361621,3.7791189178824425,0.7417134419083595,0.016488475841470063,0.0427127712755464,3.7886202335357666,1.815852414816618,1.5424045510590076,1.579271463677287
1401856,0.04573701586923562,0.07989172474481165,3.8238766565918922,0.7579891700297594,0.0814970315550454,0.04970065096858889,3.721732847392559,1.5914370156824589,1.5505763739347458,2.911891136318445
1402880,0.05823440548556391,0.11526767024770379,3.685360476374626,0.5881841573864222,0.17310400819405913,0.04436575376894325,3.983213022351265,1.9090239331126213,2.827525943517685,2.4625714775174856
1403904,0.055366040440276265,0.08419757359661162,3.5353109315037727,0.5520651377737522,0.11113870702683926,0.04255880502751097,3.3178650215268135,0.9254382643848658,1.260759124532342,2.1111925207078457
1404928,0.05039040095289238,0.07490553753450513,3.6353253796696663,0.6347597185522318,0.11479297082405537,0.02524993970291689,3.772683173418045,1.3856610152870417,1.5137985926121473,1.9591031949967146
1405952,0.04031568323262036,0.07887362863402814,3.9188434556126595,0.7688905671238899,0.04892286073300056,0.035822485224343836,3.7578018084168434,1.5265821106731892,1.404751192778349,2.034311894327402
1406976,0.04338423372246325,0.08478257362730801,3.8708769008517265,0.7468542996793985,0.05309306312119588,0.030957376991864294,3.632233649492264,1.6356326751410961,1.2218651045113802,1.3402463663369417
1408000,0.04936431007809006,0.060773029923439026,3.7240642085671425,0.6993619780987501,0.0976724898791872,0.0215677669912111,3.782308965921402,1.5808066055178642,1.9197390489280224,1.5908801350742579
1409024,0.038852795783896,0.09134740359149873,3.893457770347595,0.8367524947971106,0.04473222343949601,0.0414797329576686,3.555707409977913,1.5873035341501236,1.2261894010007381,1.7302299235016108
1410048,0.034804123162757605,0.06837557989638299,3.9790371879935265,0.9719941765069962,0.07555167117970996,0.02928524953313172,3.6458748430013657,1.716824933886528,1.8591458797454834,2.3667788077145815
1411072,0.059011169825680554,0.07624435960315168,3.8711257949471474,0.7475600466132164,0.05679583823075518,0.032718597271014005,3.6638020873069763,1.6632034108042717,1.7106227800250053,2.227000530809164
1412096,0.05945545408758335,0.06532069970853627,3.9508467465639114,0.7743386887013912,0.0746497111977078,0.03226240357616916,3.6888362616300583,1.505135778337717,1.5909238550812006,1.4708303064107895
1413120,0.06439429931924678,0.06155955360736698,3.8687444031238556,0.7852049134671688,0.08826598877203651,0.026589756598696113,3.994743227958679,2.178592089563608,1.4864647034555674,1.3818609584122896
1414144,0.04402072730590589,0.09926822688430548,3.7755931466817856,0.744235947728157,0.08424369478598237,0.049539124011062086,3.613225720822811,1.6203152276575565,1.3681919164955616,2.18183515034616
1415168,0.03598875046009198,0.07349426799919456,3.790344387292862,0.6603949777781963,0.1451285849325359,0.02500065034837462,4.211747914552689,2.758082240819931,1.5449407361447811,2.098248425871134
1416192,0.04084719964885153,0.09471574076451361,3.957676537334919,0.8178595285862684,0.07233582757180557,0.03174888261128217,3.910405196249485,2.3392523005604744,1.978333093225956,2.176835088059306
1417216,0.04843426588922739,0.09831050387583673,3.9728987738490105,0.9147769697010517,0.03562039285316132,0.0372743004700169,3.8902212530374527,2.486372873187065,1.6845244783908129,1.6487985961139202
1418240,0.07802633359096944,0.19544758228585124,3.659373991191387,0.6062119714915752,0.21169349527917802,0.050328788347542286,4.167852438986301,2.336224053055048,4.52972711622715,2.7051305547356606
1419264,0.0457347949850373,0.08425092929974198,3.8553084284067154,0.7577389366924763,0.05033925944007933,0.039871307846624404,3.5726578161120415,1.4801276102662086,1.6934714391827583,1.7114309407770634
1420288,0.053812542639207095,0.06340622901916504,3.996818818151951,0.8339210934937,0.1332789087900892,0.025746189581695944,3.651520825922489,1.5358154773712158,1.4857933446764946,1.7207624074071646
1421312,0.04218073203810491,0.06302631192374974,3.7469080984592438,0.6014475412666798,0.0894160364405252,0.020554004469886422,3.8736192360520363,1.9711115881800652,1.9795350451022387,2.1154204476624727
1422336,0.046148077773978,0.08616645797155797,3.63663262873888,0.5459640622138977,0.1018891591229476,0.031076354964170605,3.9020591899752617,1.9943927004933357,1.8822824843227863,2.7698704544454813
1423360,0.06008466682396829,0.09665236342698336,3.8146111965179443,0.8167698793113232,0.07233705397811718,0.026195134094450623,3.697280667722225,1.732304610311985,1.6397434063255787,2.1037446781992912
1424384,0.04770502899191342,0.09707692358642817,3.608631707727909,0.5467218784615397,0.13571346877142787,0.04511931334855035,3.8984953314065933,2.080376848578453,3.319025009870529,3.458525350317359
1425408,0.03588330521597527,0.08388458949048072,3.745161034166813,0.6782023487612605,0.04646938719088212,0.03145419523934834,3.67325097322464,1.911102682352066,1.8975031021982431,1.4366476386785507
1426432,0.04379144265840296,0.08876345702446997,3.9033365547657013,0.7974803578108549,0.06233362614875659,0.03221154387574643,3.7659203559160233,2.2666287273168564,1.4916550014168024,1.3403524495661259
1427456,0.05383309317403473,0.18107064766809344,3.7806362211704254,0.7755562867969275,0.0982114274520427,0.05320373654831201,3.742682620882988,2.2499656975269318,1.9957763087004423,1.7805880680680275
1428480,0.040031502896454185,0.11292002908885479,3.9358568489551544,0.9274082127958536,0.08820856880629435,0.043100372538901865,4.011436276137829,2.3224454075098038,1.6601670999079943,3.1604891791939735
1429504,0.057891856209607795,0.11441053356975317,3.749058462679386,0.8117855452001095,0.11791768332477659,0.030375257425475866,3.9161608666181564,1.8836758136749268,2.2149656359106302,2.2085472270846367
1430528,0.05313981627114117,0.12376561621204019,3.8267399966716766,0.716159675270319,0.09591900478699245,0.03153982141520828,3.8285479322075844,1.6864763610064983,1.5614748001098633,1.8258130848407745
1431552,0.06520028461818583,0.08218784257769585,3.8836053758859634,0.80803057923913,0.07778961354051717,0.022666313307126984,4.020484499633312,1.949149213731289,1.4293118473142385,2.1800564657896757
1432576,0.0538424703408964,0.06505469291005284,3.7419538274407387,0.7605296690016985,0.05324996629497036,0.025495146168395877,3.8418347612023354,1.9476434662938118,1.8757564555853605,1.743292160332203
1433600,0.04367804151843302,0.0901171239092946,3.8154020458459854,0.7372671309858561,0.197916490258649,0.057626647874712944,4.295324571430683,2.640143930912018,3.1608677096664906,3.2941498197615147
1434624,0.04488786148431245,0.15401716018095613,3.6196911484003067,0.6715458910912275,0.13412244396749884,0.06719208532012999,4.172449231147766,2.382775567471981,3.0954082123935223,3.4282181710004807
1435648,0.059737429197411984,0.08697656716685742,3.6174975484609604,0.6392694320529699,0.22169436048716307,0.051066197629552335,4.201889604330063,2.3531514666974545,2.763718131929636,4.753391165286303
1436672,0.03212577471276745,0.06695574626792222,3.7141777649521828,0.5981283066794276,0.11398793396074325,0.03326539183035493,4.1961880177259445,2.0631417520344257,2.86478672362864,3.1352903824299574
1437696,0.029216384355095215,0.0633147289045155,3.844412922859192,0.665925545617938,0.0994670843356289,0.023621415166417137,3.9634875878691673,1.7618104256689548,1.830277705565095,1.8909428305923939
1438720,0.06395118028740399,0.23346087941899896,3.5938969627022743,0.6030150204896927,0.16869511199183762,0.03902263898635283,3.9705709740519524,1.582159049808979,5.607608899474144,4.123359087854624
1439744,0.05533269091392867,0.10596209578216076,3.6290648877620697,0.5770039353519678,0.1254434449947439,0.02511180014698766,3.567438170313835,1.1207945588976145,3.2373023126274347,3.3667146246880293
1440768,0.05791331335785799,0.06662372371647507,3.5977105274796486,0.5639936104416847,0.1270118048414588,0.022346569399815053,3.45498838275671,0.9276573732495308,2.340553492307663,2.7898740731179714
1441792,0.03044493921333924,0.06813237851019949,3.663230374455452,0.5433837929740548,0.0924629892106168,0.019678460259456187,3.884312018752098,1.4823400862514973,2.1375119015574455,1.797968404367566
1442816,0.03204529080539942,0.06188123195897788,3.927577219903469,0.8093947395682335,0.09777122840750962,0.023116061580367386,3.9380805119872093,1.864047672599554,1.8732917048037052,1.7372952233999968
1443840,0.04982998638297431,0.0682532787322998,3.9309684708714485,0.8144349660724401,0.11248197173699737,0.027237754926318303,3.7873090654611588,1.704120971262455,1.7338753640651703,1.984414272941649
1444864,0.04212165952776559,0.1148870347533375,3.786738559603691,0.6803373619914055,0.12772022490389645,0.034831295313779265,3.683475010097027,1.4719638749957085,2.336172714829445,4.8748729936778545
1445888,0.06520962395006791,0.05129525484517217,3.948872797191143,0.9011771474033594,0.12387604964897037,0.024994202103698626,3.910957396030426,1.5155036970973015,1.2569471402093768,2.014552066102624
1446912,0.04344940694863908,0.08283566334284842,3.9456595703959465,0.8428459074348211,0.07915558191598393,0.02974949195049703,3.6994607597589493,1.4465705640614033,1.2614853493869305,1.6589711904525757
1447936,0.06212096515810117,0.09508428489789367,3.7135075852274895,0.6809683796018362,0.09306543064303696,0.03425470949150622,3.6456899866461754,1.3740683980286121,2.009934714064002,1.9957631137222052
1448960,0.04650025663431734,0.0862366104265675,4.088889844715595,0.9984617158770561,0.06198245788982604,0.024164653790649027,4.045281775295734,2.0570618137717247,1.3428414184600115,1.210134720429778
1449984,0.08530155348125845,0.0976018684450537,3.793816089630127,0.7266094833612442,0.17550708493217826,0.047752644401043653,3.9295633658766747,1.7481890991330147,1.7280442137271166,2.502547014504671
1451008,0.04766531188215595,0.06176540581509471,3.6950086876749992,0.6148091945797205,0.0831506357062608,0.018492575181880966,4.019075535237789,1.8570516929030418,1.697755305096507,2.0065691508352757
1452032,0.025858135108137503,0.07928272185381502,3.8216299042105675,0.7876990530639887,0.03918102401075885,0.03187715873355046,3.6049113422632217,1.5523430444300175,1.2971375603228807,1.610845299437642
1453056,0.07227941852761433,0.0866678700549528,3.879652239382267,0.7842462379485369,0.12395276466850191,0.028310870693530887,3.8433353155851364,1.5830773413181305,1.512105194851756,1.9118906520307064
1454080,0.03704715130152181,0.12750624562613666,3.4049486592411995,0.44867706671357155,0.08801245180075057,0.022618666145717725,3.9234841242432594,1.4817699268460274,4.020054005086422,2.2206769920885563
1455104,0.04243641838547774,0.06748801388312131,3.6352925822138786,0.6140393819659948,0.073930588318035,0.03165784297743812,3.7335185557603836,1.445588517934084,1.557225001975894,2.1029233522713184
1456128,0.030779100343352184,0.06678451283369213,3.943729169666767,0.8079462554305792,0.11973907460924238,0.02341272236662917,4.015111498534679,1.7720610946416855,1.0582230240106583,2.8960813768208027
1457152,0.06872110196854919,0.11585853016003966,3.8035763576626778,0.7889969944953918,0.12375163764227182,0.054350335616618395,3.7980872243642807,1.5630721747875214,2.365404512733221,2.681931558996439
1458176,0.05220169162203092,0.06019759958144277,3.6824146807193756,0.6742619182914495,0.1537550004431978,0.03046711051138118,3.682504303753376,1.5798962265253067,1.873438511043787,2.206478087231517
1459200,0.04370808007661253,0.06643743393942714,4.069353275001049,1.0747400969266891,0.05785378714790568,0.024691217462532222,3.553886003792286,1.3381493017077446,1.0680494047701359,1.5519765876233578
1460224,0.04584505676757544,0.13269752729684114,3.807361662387848,0.8321047034114599,0.10177691897843033,0.05125780444359407,3.8068045526742935,1.7388105504214764,1.4183487314730883,1.886233076453209
1461248,0.04236949927872047,0.09453669539652765,3.7621938660740852,0.771673746407032,0.04966232331935316,0.038693548005539924,3.557423695921898,1.6086352653801441,1.3869639299809933,1.8886454030871391
1462272,0.05840119311324088,0.16462480509653687,3.9774950742721558,0.8843584731221199,0.11614045762689784,0.03501270315609872,4.040999822318554,2.123165115714073,2.903648231178522,2.1534193325787783
1463296,0.05562713122344576,0.1101984332781285,3.8356321528553963,0.9467232562601566,0.06835415764362551,0.03793490707175806,3.6140661612153053,1.5178604982793331,2.021484237164259,2.034720677882433
1464320,0.041984066570876166,0.10014787572436035,3.8195299729704857,0.7947951890528202,0.08953128330176696,0.03344435675535351,4.18035165220499,2.170600362122059,2.0038209594786167,2.1450532265007496
1465344,0.07366305915638804,0.12342145596630871,3.814533106982708,0.766992473974824,0.17443468724377453,0.04680505330907181,4.2399634420871735,2.021259419620037,3.4337104074656963,3.295645233243704
1466368,0.05239766588783823,0.06252298410981894,3.680223986506462,0.5973831061273813,0.13518130593001842,0.024442647787509486,3.772806979715824,1.2223043609410524,1.5207807645201683,3.7473283000290394
1467392,0.043595558003289625,0.08928458939772099,3.6490670144557953,0.6627886090427637,0.09093251419835724,0.024165465409168974,3.28989664465189,0.9120371304452419,1.3932210747152567,2.031288120895624
1468416,0.054550206812564284,0.051292457384988666,3.7918774783611298,0.8344272840768099,0.06801698697381653,0.01777783379657194,3.5443505570292473,1.2314906530082226,1.5182612175121903,1.842783721163869
1469440,0.056134168815333396,0.08107858488801867,3.72232848405838,0.7405191734433174,0.14193913619965315,0.07041004917118698,3.818358615040779,1.3202363662421703,1.4865606389939785,2.9391561187803745
1470464,0.029323242895770818,0.06163339305203408,3.9408413097262383,0.9829026143997908,0.04245480545796454,0.028473477897932753,3.8020700588822365,1.7368256971240044,1.5513650234788656,2.104835197329521
1471488,0.05883672312484123,0.05026540264952928,3.7064734175801277,0.6956728454679251,0.0782149926526472,0.020003430341603234,3.887327678501606,1.7484226413071156,2.1317391376942396,1.3631625175476074
1472512,0.0626399019092787,0.09281392756383866,3.923030510544777,0.8822467233985662,0.1203281439084094,0.024366542405914515,3.487496219575405,1.483745839446783,1.6006426233798265,1.3769118450582027
1473536,0.04274921887554228,0.06577950646169484,3.893574006855488,0.8066403977572918,0.06330112926661968,0.030346897954586893,3.703973151743412,1.4418075941503048,1.33511508628726,1.2005595341324806
1474560,0.04634005468687974,0.08704789739567786,3.7384649738669395,0.6882510092109442,0.1310060874093324,0.02904993819538504,3.9867275059223175,1.772900391370058,2.8396740425378084,1.4485634360462427
1475584,0.05367952832602896,0.09280413831584156,3.8681464046239853,0.7203836049884558,0.06586731446441263,0.03138656198279932,3.9438101053237915,1.717330802232027,2.4673150032758713,1.809470470994711
1476608,0.05367478058906272,0.17887087585404515,3.7349539026618004,0.6686084363609552,0.11959251662483439,0.02551785227842629,3.850135289132595,1.4918308295309544,2.6923985313624144,2.107279147952795
1477632,0.023545951247797348,0.10122228832915425,3.840250588953495,0.8314244318753481,0.0576729737513233,0.0405472976854071,3.5899508371949196,1.5197275206446648,1.1655946616083384,2.311323281377554
1478656,0.04453614339581691,0.0777718317694962,3.9299219846725464,0.887697359547019,0.09413868852425367,0.05263204872608185,3.795913413167,1.6395102143287659,1.3151695970445871,2.2723240442574024
1479680,0.0668395301036071,0.08684474497567862,3.6187201365828514,0.6829018015414476,0.11079724290175363,0.030702725460287184,3.6531603410840034,1.4085698015987873,1.4653470013290644,2.630196526646614
1480704,0.07128566817846149,0.08735569473356009,3.8670365810394287,0.7269417308270931,0.09484037477523088,0.021476324036484584,3.881889656186104,1.585812609642744,1.2109139114618301,2.039999445900321
1481728,0.05194350905367173,0.09113673609681427,3.7683553621172905,0.6879699975252151,0.12482937099412084,0.024596246279543266,3.748086743056774,1.4265608452260494,2.6104588583111763,2.970751792192459
1482752,0.06007929443148896,0.07147886976599693,3.6369907557964325,0.6587227489799261,0.0797146903059911,0.027533119195140898,3.498503267765045,1.1950687766075134,2.0821459107100964,3.0473795477300882
1483776,0.035921748785767704,0.05215781868901104,3.879021055996418,0.8346070433035493,0.07578412420116365,0.027728476066840813,3.7294868752360344,1.6338304542005062,1.42551139742136,2.7499803826212883
1484800,0.07604595471639186,0.1676310165785253,3.783750541508198,0.6852351985871792,0.12181211775168777,0.032416493573691696,3.9554838314652443,1.7534470073878765,3.0873455218970776,3.0205550976097584
1485824,0.06406426129979081,0.11271213041618466,3.8934959396719933,0.83695980720222,0.04654649333679117,0.03554563474608585,3.856569290161133,1.6562355384230614,2.3061861731112003,1.8508724495768547
1486848,0.05730438104365021,0.07361445121932775,3.819454073905945,0.6679391264915466,0.15938796335831285,0.036180960247293115,3.9380410611629486,1.6246560141444206,2.1325808335095644,3.6865376122295856
1487872,0.0247027050354518,0.08571195520926267,3.7805930972099304,0.8891876339912415,0.02919075678801164,0.03971555456519127,3.936149924993515,1.9312595054507256,1.3513031769543886,2.4206417687237263
1488896,0.0382839237281587,0.047156593354884535,3.9391725957393646,0.8318619281053543,0.09401432308368385,0.026760563108837232,3.911964513361454,2.080764763057232,1.3522464353591204,2.0638550128787756
1489920,0.04139845215831883,0.08613656985107809,3.9360504299402237,0.8655953146517277,0.0288364325533621,0.03236067696707323,3.8487683534622192,2.0096381939947605,1.9178746081888676,2.106273241341114
1490944,0.05375204962911084,0.05695762427058071,3.6928307935595512,0.635305910371244,0.1675267789978534,0.05555693310452625,3.863854832947254,1.5623986534774303,2.1968984697014093,6.81637853756547
1491968,0.06892535538645461,0.03329278220189735,3.767710141837597,0.6613543257117271,0.08565767615800723,0.02562882544589229,3.2821064442396164,1.0445167515426874,1.4698187988251448,4.498581616207957
1492992,0.059786791942315176,0.08774769678711891,3.8783638700842857,0.9169358890503645,0.02416845058905892,0.027300260087940842,3.239281550049782,1.2062234356999397,1.545206455513835,2.0112521909177303
1494016,0.045501014130422845,0.045710142294410616,3.5235256999731064,0.6064731627702713,0.12060462043154985,0.024952448613476008,3.448178991675377,1.4787276573479176,1.213034862652421,2.4813727755099535
1495040,0.05300603772047907,0.0837547000264749,3.876835063099861,0.7785284351557493,0.03495642282359768,0.039449878386221826,3.6913644820451736,1.777563899755478,1.3571240827441216,1.7690312173217535
1496064,0.05886913073481992,0.08498096349649131,3.9186389073729515,0.7871430981904268,0.047595388314221054,0.03499222168466076,3.5387958362698555,1.614926267415285,1.527341477572918,1.8448255807161331
1497088,0.04435702336195391,0.07541892805602401,3.4255532771348953,0.4794875252991915,0.14954677736386657,0.035101043060421944,3.9484613239765167,2.0821481309831142,1.9321227837353945,2.3851597234606743
1498112,0.04618749022483826,0.08583836676552892,3.619585543870926,0.6407179888337851,0.11412254127208143,0.05280148843303323,3.816945716738701,1.9360205456614494,2.105629665777087,2.699632626026869
1499136,0.03938499258947559,0.07237848883960396,3.8378314152359962,0.8232308495789766,0.09805024147499353,0.03268289047991857,3.818441353738308,1.6755880899727345,1.2476242072880268,1.9089770130813122
1500160,0.043028964166296646,0.04824410116998479,3.937659338116646,0.8311819545924664,0.07152028052951209,0.030326971842441708,3.858120232820511,1.6040708795189857,0.8750991094857454,1.7045356165617704
1501184,0.05820295147714205,0.09439876582473516,3.87976336479187,0.8296446520835161,0.0621984597237315,0.04617729259189218,3.782993905246258,1.6064039655029774,1.8635420743376017,1.4586858544498682
1502208,0.06582516786875203,0.05291366099845618,3.8351300731301308,0.7361506056040525,0.1406559591414407,0.03879606066038832,3.9302707463502884,1.8668317832052708,1.2473119795322418,1.7648598235100508
1503232,0.04687204008223489,0.09255105536431074,3.962144620716572,0.8981484118849039,0.023583865026012063,0.047409434569999576,3.5742397755384445,1.6760497353971004,1.179263778962195,1.970099302008748
1504256,0.022215818346012384,0.08501115930266678,3.9126646667718887,0.7546954713761806,0.04419464594684541,0.04637983627617359,3.565443716943264,1.589673962444067,1.3250192869454622,2.4501135870814323
1505280,0.05943930917419493,0.09305280796252191,3.994066394865513,0.9148959368467331,0.05820944765582681,0.03510130621725693,3.379532642662525,1.6326075196266174,1.4110094923526049,1.9484698101878166
1506304,0.07403317108401097,0.08605842525139451,3.758408673107624,0.6864693481475115,0.1404429019894451,0.036459111608564854,3.8479479551315308,2.025498688220978,1.6080211326479912,2.24938877299428
1507328,0.04809978511184454,0.06678571738302708,3.7902739495038986,0.751418836414814,0.04838302331336308,0.030662082717753947,3.4879118129611015,1.339359737932682,2.0574666801840067,2.3590878657996655
1508352,0.04463936062529683,0.0748545442475006,3.789728656411171,0.7570557482540607,0.06788139228592627,0.030600653612054884,3.71424750238657,1.6045868583023548,1.4882477391511202,2.0792989153414965
1509376,0.05788200338429306,0.09306967130396515,3.8161719888448715,0.7009337171912193,0.11299084982601926,0.025178896845318377,3.7958143427968025,1.5641175135970116,1.9780666641891003,2.0691840946674347
1510400,0.06395500010694377,0.08498760010115802,3.725889302790165,0.6497947052121162,0.1357532245456241,0.02545501058921218,3.5366479828953743,1.2511506918817759,1.4596126414835453,2.4046993143856525
1511424,0.05205317767104134,0.08868930547032505,3.7243993878364563,0.683616116642952,0.09702419507084414,0.02284031786257401,3.4908329620957375,1.2544453367590904,1.3561997693032026,1.5638625994324684
1512448,0.0639914638013579,0.10349018289707601,3.7627892047166824,0.6809272896498442,0.11216976004652679,0.02415817341534421,3.4738233983516693,1.2013889718800783,1.865509733557701,1.7237597592175007
1513472,0.05550202709855512,0.07951706578023732,3.7178286984562874,0.6803436111658812,0.04861953406361863,0.026287604763638228,3.6637493818998337,1.506724052131176,1.4820954222232103,1.8171110693365335
1514496,0.06083102789125405,0.11561520723626018,3.6079141423106194,0.5659911371767521,0.12461565010016784,0.019452297448879108,3.9211289808154106,1.5069754868745804,2.77375758998096,1.2831483986228704
1515520,0.031450043548829854,0.05409728887025267,3.5923412814736366,0.4884340185672045,0.04318987297301646,0.022764406516216695,3.710204117000103,1.655550755560398,1.375301867723465,1.819706317037344
1516544,0.05033651870326139,0.08004237641580403,3.6512938141822815,0.5708342995494604,0.1817265406716615,0.013576599216321483,4.132702320814133,1.8883506506681442,1.9487078599631786,1.6027965694665909
1517568,0.04671435334603302,0.07428619195707142,3.625018559396267,0.5918814800679684,0.10020579435513355,0.026927065453492105,3.660673663020134,1.427720159292221,1.5403629038482904,1.4765624459832907
1518592,0.05716649955138564,0.10483558871783316,3.5554317012429237,0.5500757154077291,0.11684765803511254,0.03552356921136379,3.636011525988579,1.2708615846931934,2.1998080145567656,1.583400335162878
1519616,0.04706645759870298,0.07339781930204481,3.7649926990270615,0.5973706040531397,0.10484078933950514,0.028124754724558443,3.936841018497944,1.5704540945589542,1.8403195664286613,1.6392997112125158
1520640,0.03972775078727864,0.0457831431995146,3.8299355432391167,0.6382503788918257,0.07583542107022367,0.045236448815558106,3.983032748103142,1.5277131237089634,1.3905856106430292,3.5322859920561314
1521664,0.05592358997091651,0.05864768661558628,3.8001645356416702,0.6788041722029448,0.13353031815495342,0.02883396716788411,3.535579092800617,1.298742190003395,2.064140030182898,1.7961552795022726
1522688,0.058494625554885715,0.060271116090007126,3.71248422563076,0.6530781742185354,0.08704307995503768,0.02242719242349267,3.3153883069753647,1.1041917279362679,1.3926675952970982,1.5000523282215
1523712,0.03862636210396886,0.07862547785043716,3.738979585468769,0.6689759120345116,0.0429195131000597,0.034711287647951394,3.559061549603939,1.3123616054654121,1.1883738301694393,1.8020399268716574
1524736,0.04871583273052238,0.06496778083965182,3.9082891196012497,0.7440286092460155,0.08445305982604623,0.03731760979280807,3.878146044909954,2.071498330682516,1.4785771761089563,2.0482459235936403
1525760,0.02375716037931852,0.06640972173772752,3.9055676981806755,0.7927501890808344,0.07014147273730487,0.02980362472590059,3.9921870008111,1.9794398956000805,1.5147102884948254,1.9286031946539879
1526784,0.06453237318783067,0.0855514412978664,3.8176188841462135,0.7444375306367874,0.070781824470032,0.03354833199409768,3.601711645722389,1.6014013141393661,1.5921650640666485,1.9597716480493546
1527808,0.03939905483275652,0.09489656426012516,3.964089445769787,0.9018498566001654,0.019767464022152126,0.03389007586520165,3.5500556975603104,1.8160049058496952,1.3145576752722263,2.0226176381111145
1528832,0.03948329758713953,0.06665456283371896,3.9648689553141594,0.921792121604085,0.052828854488325305,0.029989048081915826,3.6410865038633347,1.7564710453152657,1.3288152683526278,1.845199005678296
1529856,0.06423234636895359,0.11732684844173491,3.6415876001119614,0.6457021851092577,0.14572812005644664,0.03840772988041863,3.9837825149297714,2.1447347700595856,1.9768781773746014,2.3691861275583506
1530880,0.03632077813381329,0.09524231753312051,3.845435008406639,0.8036405425518751,0.11424850267940201,0.031097558268811554,3.9879366159439087,1.8824478350579739,1.1736648511141539,1.7202814556658268
1531904,0.050054021703545004,0.11603548284620047,4.030220054090023,0.997027512639761,0.04586976164137013,0.0366045823902823,3.6686807200312614,1.7900169305503368,1.4922057148069143,2.0806358754634857
1532928,0.0698949433863163,0.05922072532121092,3.97099831700325,0.9761720672249794,0.1546271441038698,0.02647270483430475,3.825405403971672,1.7417321167886257,1.8434023596346378,1.9548236932605505
1533952,0.05383326724404469,0.1214682380668819,3.7943365275859833,0.763502549380064,0.07524700392968953,0.03944909293204546,3.5456530675292015,1.3972043208777905,1.3963823541998863,1.4483945593237877
1534976,0.04253521375358105,0.17304260190576315,3.5423628911376,0.4753602482378483,0.161403272068128,0.03885053930571303,3.873509757220745,1.663195926696062,2.4978282395750284,4.458146665245295
1536000,0.05167259671725333,0.1427545405458659,3.8783392757177353,0.7014979235827923,0.05771814027684741,0.023038687475491315,3.9184858426451683,1.9239737540483475,1.4339344557374716,1.3121026968583465
1537024,0.04176302385167219,0.10629536374472082,3.841786414384842,0.8128771707415581,0.03201427654130384,0.05071128928102553,3.541043184697628,1.545522827655077,1.155213352292776,2.4600099120289087
1538048,0.04872908358811401,0.08844620850868523,3.544217526912689,0.6107704862952232,0.2139603216201067,0.035076205036602914,3.9499569833278656,1.7023164443671703,2.196873866021633,2.9663636945188046
1539072,0.05389905042829923,0.1270780866034329,3.7284915819764137,0.6580587243661284,0.11953161749988794,0.02375405843486078,3.4580498710274696,1.054629536345601,1.9409848991781473,2.805890502408147
1540096,0.024220094055635855,0.09935715585015714,3.967944771051407,0.8294451162219048,0.08957368286792189,0.03720733558293432,3.7956836968660355,1.3753149509429932,1.5403897874057293,2.047293381765485
1541120,0.06816159072332084,0.07180027372669429,3.7821469083428383,0.686399407684803,0.14161575434263796,0.030549392162356526,4.012193970382214,1.461100049316883,2.3324021510779858,2.798184596002102
1542144,0.05812895396957174,0.08840667526237667,3.893707737326622,0.8019446097314358,0.10729887301567942,0.028104710392653942,3.670194946229458,1.1301547810435295,1.9720216877758503,2.148880187422037
1543168,0.03403302519291174,0.08370778756216168,3.5331648364663124,0.5303376782685518,0.11360433069057763,0.03292565851006657,3.5771598666906357,1.092169314622879,1.7780637219548225,3.569796232506633
1544192,0.06125192332547158,0.0551910731010139,3.810776114463806,0.6952097378671169,0.058459323685383424,0.01688375513185747,3.7758334428071976,1.4034651704132557,1.1323949359357357,1.3236078415066004
1545216,0.03754787176148966,0.07310052390675992,3.9849628061056137,0.8630973640829325,0.08907614927738905,0.03659339074511081,3.6510875821113586,1.4092821925878525,1.0861853323876858,2.118066279217601
1546240,0.09418387385085225,0.10201358376070857,3.7344534546136856,0.7391910888254642,0.14141586481127888,0.03065805305959657,3.7273098453879356,1.2812633961439133,3.092411734163761,3.1421398278325796
1547264,0.03555550196324475,0.06382422638125718,3.7547119334340096,0.6641715038567781,0.041303340170998126,0.030889529967680573,3.553240157663822,1.3997789062559605,1.5478081479668617,1.6930609680712223
1548288,0.05169438045413699,0.0612888871692121,3.947510190308094,0.8866394069045782,0.027284291019896045,0.03291446843650192,3.543731279671192,1.6030489467084408,1.709442475810647,1.8924873396754265
1549312,0.047142930212430656,0.08354064845480025,3.6774412021040916,0.6367274634540081,0.10545885062310845,0.03404614090686664,3.8659928739070892,1.8377457410097122,1.6276179067790508,2.089744536206126
1550336,0.05276175859034993,0.1257303839083761,3.6836980804800987,0.5882536750286818,0.08136981795541942,0.025871395861031488,3.928368501365185,1.8309619314968586,4.650539252907038,3.854610735550523
1551360,0.05600953512475826,0.08254267566371709,3.7802435755729675,0.6992166638374329,0.11097751732449979,0.03389386483468115,3.7096318155527115,1.500349760055542,1.9089668300002813,1.8270129058510065
1552384,0.0498371506400872,0.11890134238637984,3.5860751047730446,0.5880842413753271,0.09539455923368223,0.03026364528341219,3.4902777150273323,1.316295824944973,2.9295542277395725,2.4168927893042564
1553408,0.0533183106163051,0.06759506417438388,3.8500114381313324,0.803137831389904,0.036001650703838095,0.02497408993076533,3.522133857011795,1.437167838215828,1.4353906270116568,1.6632850877940655
1554432,0.04354412207612768,0.06968363374471664,3.699471540749073,0.6634059026837349,0.06285368779208511,0.03156780666904524,3.6238661482930183,1.7564699314534664,2.024352703243494,1.8225137870758772
1555456,0.040656746103195474,0.06365765200462192,3.882394753396511,0.7177776414901018,0.05484260822413489,0.02087724197190255,4.025601580739021,2.4049413204193115,1.842742083594203,1.5442619640380144
1556480,0.057838468317640945,0.047838527825661004,4.017830736935139,0.8228337801992893,0.08453227137215436,0.023532531806267798,3.839193657040596,1.9672453254461288,1.8854145109653473,1.6340090055018663
1557504,0.06531811619061045,0.09172910545021296,3.49094607681036,0.5609600245952606,0.1352869436959736,0.03209926467388868,3.5184595063328743,1.4140070900321007,4.253775794059038,2.788415927439928
1558528,0.054086385265691206,0.10998369194567204,3.6051282212138176,0.6446949914097786,0.11720577051164582,0.04713440011255443,3.83471093326807,1.6310153603553772,3.0123670548200607,3.138270080089569
1559552,0.029866107739508152,0.07309946836903691,3.8767926767468452,0.7252441346645355,0.06698886072263122,0.028796774393413216,3.8159228414297104,1.5998757779598236,0.9243362545967102,1.9140106365084648
1560576,0.028474526130594313,0.0543491814751178,3.9667228311300278,0.9047692641615868,0.08407534711295739,0.019854954589391127,3.6039897054433823,1.2496402375400066,1.3018982708454132,1.4466027524322271
1561600,0.054250185829005204,0.10508923442102969,3.6851527839899063,0.7792232520878315,0.06456352298846468,0.03692768112523481,3.2022892460227013,1.245875520631671,1.409909823909402,1.592509314417839
1562624,0.06389869801932946,0.07764140167273581,3.7525922060012817,0.7452210523188114,0.05506689683534205,0.045069965184666216,3.7349995002150536,1.8398564234375954,2.237975975498557,2.3729321602731943
1563648,0.04977095281356014,0.0775693558389321,3.6352107524871826,0.5622090380638838,0.140717196976766,0.03587634820723906,3.728589817881584,1.6908515132963657,2.137331625446677,2.341056225821376
1564672,0.04470244259573519,0.06575296202208847,3.6903659626841545,0.6067685391753912,0.08244138045120053,0.02593315247213468,3.90196879953146,1.825609553605318,2.060588162392378,1.9862182028591633
1565696,0.03715823931270279,0.053865880181547254,3.7789243683218956,0.6674089431762695,0.09973981155781075,0.02021834463812411,3.7530369237065315,1.4188030511140823,1.5223185634240508,2.8427274581044912
1566720,0.044885854731546715,0.04582093539647758,3.807017430663109,0.7224893514066935,0.10752229136414826,0.023853729682741687,3.7379295155406,1.3887516930699348,1.3348327986896038,2.296814823523164
1567744,0.0417585673276335,0.03575261280639097,3.821074828505516,0.7663279790431261,0.11771430337103084,0.015692652377765626,4.090147860348225,1.7145337089896202,1.028152434155345,1.4587878612801433
1568768,0.06166670273523778,0.057157794712111354,3.852378025650978,0.9016735535115004,0.04013329581357539,0.024941459763795137,3.6401344016194344,1.5260346122086048,1.2046346962451935,1.4740845747292042
1569792,0.05017793987644836,0.058382330811582506,3.872476778924465,0.8845150638371706,0.05280566221335903,0.030019846686627716,3.7924976274371147,1.68147399649024,1.3576627522706985,1.8175712078809738
1570816,0.04883986199274659,0.07255273219197989,3.9171897917985916,0.8871349040418863,0.13205932825803757,0.026031321787741035,3.8730106577277184,1.7044336162507534,1.3226903043687344,1.5255673993378878
1571840,0.08419310953468084,0.13165850518271327,3.821379818022251,0.8788945786654949,0.07725045800907537,0.034256802580785006,3.4883583411574364,1.2202454470098019,2.1104070506989956,1.71450350061059
1572864,0.0372009705461096,0.08087124954909086,3.880843035876751,0.7812478672713041,0.024894990521715954,0.036924720858223736,3.665239952504635,1.5219631120562553,1.3765504509210587,1.5886462572962046
1573888,0.05848682188661769,0.08470381936058402,3.7112413346767426,0.6090224981307983,0.1057205178658478,0.03669195779366419,3.559192717075348,1.3564674034714699,1.8500659484416246,2.287901535630226
1574912,0.0645420690998435,0.14649472385644913,3.9280765280127525,0.8743859268724918,0.04912162548862398,0.04480213322676718,3.798882022500038,1.7409538961946964,1.7864948734641075,1.6689521539956331
1575936,0.0694917278306093,0.11572919669561088,3.5414443239569664,0.5913069322705269,0.23549381829798222,0.06014268228318542,4.255443692207336,2.1365264877676964,3.0015472918748856,3.25304389372468
1576960,0.03656637649692129,0.07893468264956027,3.677397131919861,0.6204185616225004,0.054495793068781495,0.03568540216656402,3.970930151641369,1.6985239312052727,1.4612185806035995,1.4671587254852057
1577984,0.06621822956367396,0.12387062329798937,3.691333718597889,0.6424126289784908,0.1113284818129614,0.039936054148711264,3.829688675701618,1.7242767252027988,3.106832552701235,2.109245389699936
1579008,0.04164964222582057,0.06821720290463418,3.960239492356777,0.7518614549189806,0.04773786317673512,0.02560286852531135,3.829844906926155,1.8685189671814442,1.5911634471267462,1.6319368202239275
1580032,0.06528932838409673,0.08295410103164613,3.6893767714500427,0.6909978352487087,0.11488778883358464,0.019887381902663037,3.5233565121889114,1.2059396058321,1.8035976979881525,1.8180089611560106
1581056,0.060804636392276734,0.06870559963863343,3.5423649102449417,0.586742676794529,0.1295280110789463,0.034252584038767964,3.7335358932614326,1.2917035333812237,1.6146129351109266,2.6937856674194336
1582080,0.053260984597727656,0.08448901236988604,3.674903079867363,0.6318386271595955,0.07419140115962364,0.02400370320538059,3.6876575872302055,1.4979267232120037,1.550752904266119,1.7874315492808819
1583104,0.04258186666993424,0.06749300693627447,3.484300285577774,0.48538105096668005,0.13393829145934433,0.024288246961077675,3.8885659277439117,1.6361419223248959,1.4050585478544235,1.208933824673295
1584128,0.029950557771371678,0.056172183249145746,3.7542234659194946,0.7675877250730991,0.045565263397293165,0.024359413800993934,3.3350735679268837,1.0474735666066408,1.2672550082206726,1.8853359334170818
1585152,0.046941961685661227,0.07575741014443338,3.7609533295035362,0.7484235428273678,0.04094496813195292,0.0342113915248774,3.5807695388793945,1.521485485136509,1.3752184938639402,1.7498316299170256
1586176,0.04769855775521137,0.038742110948078334,3.8781038746237755,0.8161455821245909,0.09221161139430478,0.02476125382236205,3.67583204805851,1.4711646921932697,1.0265265330672264,1.7561249509453773
1587200,0.04983663966413587,0.06958608713466674,3.8006854876875877,0.7534785699099302,0.054040386457927525,0.031787164451088756,3.6845694482326508,1.665380273014307,2.148825252428651,2.1681559681892395
1588224,0.07831120607443154,0.06183035462163389,3.8624505028128624,0.8119188584387302,0.1285091966856271,0.02444340562215075,3.7202828153967857,1.6622347608208656,1.3427152652293444,1.422468677163124
1589248,0.04114867854514159,0.10546684404835105,3.633597306907177,0.5698993355035782,0.1371354650473222,0.03299188055098057,4.041849367320538,1.9641010165214539,2.4117687698453665,2.325891515240073
1590272,0.042256481960066594,0.05820143432356417,3.7802470326423645,0.6779022328555584,0.12533812294714153,0.017112562025431544,3.8940368965268135,1.6887814849615097,1.6585038881748915,2.026243979111314
1591296,0.05541530961636454,0.07419496064539999,3.922422967851162,0.8736769910901785,0.03869416515226476,0.024195682868594304,3.910981871187687,1.8319138288497925,1.2277756724506617,1.3486440675333142
1592320,0.04718403646256775,0.05024758423678577,3.8694520443677902,0.8152015209197998,0.07121013218420558,0.026638720592018217,3.9309046640992165,1.8405684642493725,1.2374423407018185,2.5141415651887655
1593344,0.050280870898859575,0.06941900460515171,3.737363874912262,0.6021961327642202,0.19038646901026368,0.020703860238427296,3.6972468346357346,1.4706068336963654,1.613093551248312,2.9891244024038315
1594368,0.04625174598186277,0.046241670672316104,3.8741603195667267,0.761622428894043,0.05464624808519147,0.019502207680488937,4.053505204617977,1.676326222717762,1.2771252617239952,1.6202208045870066
1595392,0.04930696474912111,0.19147008564323187,3.8035199865698814,0.8674150239676237,0.09146665496518835,0.07183864794205874,3.706031359732151,1.6116303727030754,2.0446051731705666,2.48532054759562
1596416,0.05835431607556529,0.12505123508162796,3.8675301745533943,0.8034648057073355,0.08560822758590803,0.02671936815022491,3.5908829122781754,1.4976305775344372,2.177694918587804,2.813835820183158
1597440,0.07458202057750896,0.20733188837766647,3.736859805881977,0.7113483361899853,0.1658755843527615,0.07415192003827542,3.751664787530899,1.6086496524512768,2.570816373452544,6.245986700057983
1598464,0.0552886666264385,0.11764310905709863,3.938455119729042,0.8882275857031345,0.023171365726739168,0.04177165939472616,3.4884299486875534,1.5282712988555431,1.1289348620921373,1.732299592345953
1599488,0.05965687753632665,0.09932399750687182,3.7317472770810127,0.8486751429736614,0.05194916724576615,0.05553983442950994,3.6896410807967186,1.7653079368174076,1.668524956330657,3.7206769082695246
1600512,0.0712404566584155,0.08000955265015364,3.855650268495083,0.7215123232454062,0.06971098817302845,0.033418728271499276,3.905228413641453,1.98863760009408,1.3392121586948633,2.3282839879393578
1601536,0.04707784029596951,0.08479326614178717,3.8682219088077545,0.778518920764327,0.04440320325375069,0.038525120296981186,3.605586424469948,1.9682798124849796,1.3087044097483158,1.6662326119840145
1602560,0.03788069126312621,0.07998252275865525,3.675519473850727,0.6544923447072506,0.09575835592113435,0.024983258277643472,3.7871343791484833,2.390397883951664,1.381417891010642,1.5346529260277748
1603584,0.03822581461281516,0.09054926142562181,3.6107127740979195,0.574907211586833,0.10055401711724699,0.014344053197419271,3.764723561704159,1.738112810999155,1.8364606611430645,1.979383785277605
1604608,0.05752548735472374,0.10428659035824239,3.859962083399296,0.7668647617101669,0.07738747942494228,0.02190824013086967,3.74466260522604,1.7667177952826023,1.39378160238266,1.6911537777632475
1605632,0.051378174423007295,0.0943564809858799,3.8656050786376,0.8493467830121517,0.07155786053044721,0.019735328591195866,3.4649219810962677,1.595509335398674,1.2230815272778273,1.6423522233963013
1606656,0.05759136233245954,0.11242173030041158,3.8754452243447304,0.814789904281497,0.09273203174234368,0.02659622224746272,3.930698074400425,2.0149604342877865,1.6260572709143162,1.1007146704941988
1607680,0.03406511175853666,0.06684451305773109,3.8666361644864082,0.8117421269416809,0.03749610134400427,0.030289303802419454,3.2974260076880455,1.6340281143784523,1.5528577584773302,2.3396558966487646
1608704,0.05499716295162216,0.081355104688555,3.8174619749188423,0.7059350702911615,0.10280655976384878,0.03744637710042298,3.497396841645241,1.4880411252379417,1.5963178891688585,2.06924301199615
1609728,0.03280988283222541,0.10342728812247515,3.827640078961849,0.7350397743284702,0.03526155275176279,0.04686002584639937,3.6151575297117233,1.9321540109813213,1.1898313332349062,2.090422596782446
1610752,0.04106719858828001,0.11244600126519799,3.929716616868973,0.7968237660825253,0.0037288194871507585,0.0358476429246366,3.6406408324837685,2.1198527440428734,1.3128695581108332,1.7320891320705414
1611776,0.03997850290033966,0.09775017644278705,3.866334944963455,0.7782041896134615,0.005098922847537324,0.040273747697938234,3.701655350625515,2.5426536425948143,1.5124743692576885,2.5299408193677664
1612800,0.04656260969932191,0.0948848919942975,3.718186601996422,0.7036558017134666,0.11725352460052818,0.04230110778007656,3.8276074677705765,1.8770602904260159,1.5162811130285263,2.444285899400711
1613824,0.03974903297785204,0.13631161977536976,3.7654281109571457,0.6799044013023376,0.11571712384466082,0.08204197231680155,3.7086600735783577,1.6958618648350239,2.5963694993406534,5.2220668606460094
1614848,0.053991045730072074,0.15593340853229165,3.6101043224334717,0.5622278768569231,0.06443908644723706,0.024470766104059294,3.4730457067489624,1.6710913702845573,2.6105833146721125,1.6266548493877053
1615872,0.04919671965762973,0.15297927311621606,3.734668545424938,0.6174649838358164,0.06849859766953159,0.030552625830750912,4.013218872249126,2.303112342953682,2.198162253946066,2.1048602238297462
1616896,0.051808755699312314,0.13150201668031514,3.881256252527237,0.7924751974642277,0.06817028930527158,0.047023351362440735,3.5727189257740974,1.7012677751481533,2.2202296648174524,1.8843409214168787
1617920,0.050596744651556946,0.1346067856065929,3.6867980137467384,0.643983380869031,0.062222475360613316,0.029651466466020793,3.986136220395565,2.0363947674632072,2.6380293238908052,1.5923812855035067
1618944,0.054737913131248206,0.12506298394873738,3.873642258346081,0.8321472201496363,0.17839206056669354,0.039370418584439903,4.170938901603222,2.3642905354499817,2.0980927124619484,3.1716118082404137
1619968,0.02385988131572958,0.09800022677518427,3.8670870661735535,0.7830511070787907,0.08820502567687072,0.027891926816664636,4.038716182112694,1.8998150788247585,1.8969833068549633,1.8643197193741798
1620992,0.04570538394909818,0.09570136328693479,3.9552509412169456,0.9812204707413912,0.029516170761780813,0.0450020395219326,3.8867136389017105,2.0495153293013573,2.397189512848854,2.346396144479513
1622016,0.07437534438213333,0.27705048117786646,4.0231964364647865,1.2116992250084877,0.0435683588439133,0.06906619644723833,3.512039192020893,1.618294570595026,2.7934039421379566,1.9083990473300219
1623040,0.07420019406708889,0.33072561118751764,3.67287378013134,0.6725677698850632,0.20065410039387643,0.04602818354032934,4.072854727506638,1.846062745898962,6.364231396466494,6.3888106513768435
1624064,0.029224869911558926,0.12688192259520292,3.8193747773766518,0.7949169687926769,0.021477141766808927,0.05217543995240703,3.6641316264867783,1.7095788791775703,1.6933701802045107,1.6159929428249598
1625088,0.06800605935859494,0.18469273042865098,3.5896467491984367,0.6886205170303583,0.14835342299193144,0.06166615476831794,3.9498126059770584,1.6182508878409863,4.40581426769495,2.311236584559083
1626112,0.05708136658358853,0.07682270184159279,3.8643530681729317,0.8485512249171734,0.14582035489729606,0.02532269703806378,3.732071027159691,1.213834248483181,2.255339303985238,2.9824655577540398
1627136,0.06035328707366716,0.08280655590351671,3.6489224657416344,0.6401201672852039,0.0895868114894256,0.027873542974703014,3.374949797987938,0.949711536988616,1.8728171363472939,2.086423648521304
1628160,0.0372762692568358,0.11866704770363867,3.726931571960449,0.6771328039467335,0.05359868556843139,0.029387409973423928,3.847531758248806,1.626985665410757,1.8984052333980799,1.518824404105544
1629184,0.05849186738487333,0.09112076088786125,3.812094919383526,0.7174309212714434,0.10815377224935219,0.025252112303860486,3.8845066279172897,1.7741805724799633,1.453878135420382,1.4710114672780037
1630208,0.045244273205753416,0.1261113581713289,3.9027361422777176,0.882801303640008,0.06020959938177839,0.03236212022602558,3.4927225932478905,1.6070457734167576,1.1376966834068298,1.8495537713170052
1631232,0.03903729867306538,0.14346937905065715,3.810513399541378,0.8075013346970081,0.11353313724976033,0.046670970506966114,3.968032367527485,1.7844955027103424,1.388891477137804,2.436878230422735
1632256,0.056908880214905366,0.06453157716896385,3.820904642343521,0.6781943272799253,0.16646633460186422,0.0276947122765705,4.279106482863426,1.9708922430872917,1.4862512238323689,1.869018729776144
1633280,0.06573429808486253,0.06122631474863738,3.7229351103305817,0.6810040269047022,0.07753591687651351,0.02164714434184134,3.800566740334034,1.5792241729795933,1.8638881612569094,1.3642330151051283
1634304,0.04211518514784984,0.08031330769881606,3.7981285005807877,0.6751105505973101,0.06942413740034681,0.02566211554221809,3.7489477321505547,1.5096770785748959,1.6156472694128752,2.2853695452213287
1635328,0.04092012919136323,0.09324641188140959,3.8384311199188232,0.6939679682254791,0.10963979334337637,0.026555137999821454,3.924565866589546,1.6932579688727856,2.217494437471032,1.5026361383497715
1636352,0.052603306372475345,0.10040588327683508,3.7170254290103912,0.5936636012047529,0.056975843239342794,0.0288626960827969,3.709963880479336,1.4938115514814854,3.0676794163882732,1.4515389809384942
1637376,0.04025850672041997,0.08769847825169563,3.5682158917188644,0.5465602902695537,0.0848054921370931,0.03304960299283266,3.7409106343984604,1.5336172357201576,3.5595071651041508,2.6386654004454613
1638400,0.0478785430022981,0.08435543556697667,3.8254667222499847,0.7417701426893473,0.04882892065506894,0.02668236824683845,3.661781422793865,1.646262053400278,1.5935483053326607,1.963704301044345
1639424,0.046766501720412634,0.0857501617865637,3.8111190423369408,0.7829237394034863,0.12616987293586135,0.030207435018382967,3.8438208997249603,1.7980217225849628,1.6978325806558132,2.0072496756911278
1640448,0.05693212733604014,0.07917763781733811,3.85285934060812,0.7737543489784002,0.17193302232772112,0.030429069534875453,4.089584037661552,1.959452386945486,1.729502122849226,2.1931435503065586
1641472,0.05503115596366115,0.08851049072109163,3.7221232652664185,0.676529323682189,0.08385902672307566,0.02456146976328455,3.7661778703331947,1.457749143242836,2.3138879910111427,1.6575153525918722
1642496,0.04901524426531978,0.08472840185277164,3.6927445977926254,0.5934019964188337,0.10056762967724353,0.02849875739775598,3.827513448894024,1.5778979398310184,2.192637600004673,2.2144926600158215
1643520,0.03778187537682243,0.08957884577102959,3.8346083909273148,0.6717023681849241,0.07462058018427342,0.03268290910637006,3.909562572836876,1.8762556537985802,1.7315921112895012,1.9076766930520535
1644544,0.05484366699238308,0.06420845817774534,3.625409461557865,0.6730483453720808,0.0726933935075067,0.02733713062480092,3.510523810982704,1.591651827096939,1.6388937216252089,1.7152499463409185
1645568,0.05790968853398226,0.06185232533607632,3.829856164753437,0.8084418475627899,0.04066318110562861,0.0397415702464059,3.6159310042858124,1.4875325113534927,1.2073041964322329,2.0871615055948496
1646592,0.050223610684042796,0.07129406137391925,3.721103236079216,0.6565929614007473,0.16169119230471551,0.029498691554181278,4.115780875086784,2.1627550274133682,1.3592751864343882,2.4003781899809837
1647616,0.05493423479492776,0.06750118941999972,3.6649595871567726,0.6274352576583624,0.11636227171402425,0.032383975689299405,3.9658998772501945,1.8058734349906445,2.091611472889781,3.689587712287903
1648640,0.04664496876648627,0.04856685898266733,3.7165471985936165,0.5925607718527317,0.14561062899883837,0.027516138448845595,4.1371931210160255,2.10476803407073,1.568219967186451,2.8890576642006636
1649664,0.05049180437345058,0.060593196540139616,3.6616422533988953,0.5452334443107247,0.17271798220463097,0.02829571277834475,4.323956206440926,2.196040078997612,1.9371767807751894,4.131861090660095
1650688,0.04367424239171669,0.06879119586665183,3.813296988606453,0.6492611672729254,0.054326935671269894,0.025650377850979567,3.6836936846375465,1.4637759551405907,1.0997467339038849,1.524078631773591
1651712,0.04604803281836212,0.038138891861308366,3.9626168087124825,0.810759998857975,0.07374874097877182,0.019370086112758145,4.006034038960934,1.9203957095742226,0.9441677462309599,1.5970596875995398
1652736,0.06326193016138859,0.11806212877854705,3.655461862683296,0.6803887579590082,0.12701135221868753,0.03409028303576633,4.1508438512682915,2.014206424355507,2.36385839805007,1.9641297664493322
1653760,0.049966893915552646,0.05234687332995236,3.7506071776151657,0.6962579805403948,0.14276972715742886,0.03346416901331395,3.833400845527649,1.439561691135168,1.1222776491194963,1.9713503159582615
1654784,0.03759092735708691,0.08612346195150167,3.790574476122856,0.7176670003682375,0.06435023545054719,0.02876844338607043,3.734744392335415,1.5404026433825493,1.2650610338896513,1.5525252409279346
1655808,0.051692181019461714,0.06995232147164643,3.7540218830108643,0.6382476147264242,0.10286428203107789,0.022451215045293793,3.819796584546566,1.5379985719919205,1.8530491217970848,1.2799940314143896
1656832,0.050574061810038984,0.1308325044810772,3.562971778213978,0.5363530740141869,0.09565909876255319,0.02448231546441093,3.593042753636837,1.2744901739060879,2.2492257822304964,2.6015137005597353
1657856,0.046341230714460835,0.08057190547697246,3.819553554058075,0.7708275392651558,0.07085342257050797,0.035084132687188685,3.737817697227001,1.53404575958848,1.1928731463849545,1.4393583238124847
1658880,0.043686405901098624,0.07706997683271766,3.6824570819735527,0.6597007010132074,0.08468075311975554,0.038401751895435154,3.6779846996068954,1.6788222156465054,1.1741368435323238,2.010361460968852
1659904,0.039599775278475136,0.07361189578659832,3.682623974978924,0.6333980113267899,0.17347132635768503,0.04042101261438802,3.9349125400185585,1.7297671250998974,1.7385224048048258,2.710235867649317
1660928,0.035546321276342496,0.04530768055701628,3.654847986996174,0.601640123873949,0.08914786815876141,0.027094028424471617,3.7155655547976494,1.38892175629735,0.9396865461021662,2.3011291548609734
1661952,0.06488194555277005,0.05159898567944765,3.7858145758509636,0.6195111842826009,0.09781847248086706,0.03417441836791113,3.7242081463336945,1.4875978268682957,1.7359799444675446,2.3344925343990326
1662976,0.04451145531493239,0.052310546045191586,3.886155605316162,0.8086194898933172,0.07694472838193178,0.01647336216410622,3.8464299142360687,1.7401614673435688,1.336268337443471,1.232511518523097
1664000,0.05293460586108267,0.07165283674839884,3.670348137617111,0.6636015549302101,0.07862302043940872,0.02285980261513032,3.1845485270023346,1.3529120981693268,1.3623598851263523,1.4638190548866987
1665024,0.04947616426215973,0.06427012069616467,3.700281485915184,0.6822711043059826,0.14819650095887482,0.02491674936027266,3.9247630909085274,2.029239535331726,1.3296568132936954,1.7325638327747583
1666048,0.04155385046033189,0.10420192615129054,3.7047338783740997,0.6309392508119345,0.089707749633817,0.03823817858938128,3.62529394030571,1.7796298377215862,2.226658632978797,2.5651197396218777
1667072,0.050733531010337174,0.02857256552670151,3.8535595312714577,0.7164118532091379,0.14145321608521044,0.011118647686089389,3.871351458132267,1.8811986334621906,1.1299694450572133,1.3102999795228243
1668096,0.08680359460413456,0.06863492063712329,3.7289541214704514,0.7271732892841101,0.10624784490210004,0.018880732008256018,3.347805082798004,1.015821373090148,3.32247406989336,2.243054112419486
1669120,0.05509664211422205,0.055376822710968554,3.7828045338392258,0.7178909946233034,0.08266492513939738,0.02201225346652791,3.8670939579606056,1.598244734108448,1.3245406597852707,1.8090526070445776
1670144,0.05834571002924349,0.09850424039177597,3.91753376275301,0.7959722112864256,0.09151678386842832,0.017680724005913362,3.5669750794768333,1.3745168298482895,1.6530162282288074,1.707755034789443
1671168,0.04492803582979832,0.13199168629944324,3.795038513839245,0.7326494604349136,0.07746181465336122,0.04200724925613031,3.4342315047979355,1.2802734710276127,1.3102123234421015,1.9822475854307413
1672192,0.04700014626723714,0.0666309017688036,3.9721070155501366,0.8737497217953205,0.09436980141617823,0.01639753277413547,3.8829186782240868,1.592603623867035,1.171054994687438,1.197971323505044
1673216,0.06037090011523105,0.06910145014990121,3.903205491602421,0.8014101758599281,0.07390549962292425,0.02873560239095241,3.433458849787712,1.368305992335081,1.1322221588343382,1.9517783913761377
1674240,0.038152873632498085,0.08092064841184765,3.7774307653307915,0.6703234501183033,0.07307765158475377,0.037809740169905126,3.9485516399145126,1.593157909810543,1.8042461387813091,2.781665075570345
1675264,0.0657510669407202,0.0743185036117211,3.7204688414931297,0.640555877238512,0.09271832919330336,0.027225209982134402,3.834629960358143,1.6466861478984356,1.9359013624489307,2.332793090492487
1676288,0.0583170961617725,0.07094395882450044,3.6676071509718895,0.6018962506204844,0.059697991819120944,0.0197991875174921,3.9735255241394043,1.7803030386567116,1.867126690223813,1.358671247959137
1677312,0.03774843577411957,0.05294553004205227,3.851817771792412,0.7465233653783798,0.0756913204677403,0.024871495144907385,3.88714163005352,1.968025904148817,1.0839790850877762,1.8413445111364126
1678336,0.05987838190048933,0.07990047300700098,3.885045200586319,0.7404200453311205,0.10662675375351682,0.02141467615729198,3.9197151213884354,1.815352849662304,1.8738562315702438,1.5442191418260336
1679360,0.03988169439253397,0.054167135851457715,3.5041076093912125,0.5104132555425167,0.12813129497226328,0.021344476292142645,3.9468012377619743,1.6163893155753613,2.2655989415943623,1.8552004005759954
1680384,0.04921470393310301,0.03911749558756128,3.614241801202297,0.5520970281213522,0.09312528738519177,0.009043626210768707,3.5933834314346313,1.4534156769514084,1.4643281139433384,1.283134788274765
1681408,0.03808788822789211,0.07382085220888257,3.7500846534967422,0.6384041383862495,0.06436169674270786,0.027091566182207316,3.736643671989441,1.5892888903617859,1.4015709143131971,1.3391629941761494
1682432,0.04913591996592004,0.04606496007181704,3.894304685294628,0.792963407933712,0.05120563787932042,0.03449444303987548,3.7218712344765663,1.806736309081316,0.8937586704269052,1.5213337689638138
1683456,0.04773551908147056,0.06858177576214075,3.9020558297634125,0.7810577396303415,0.07740284633473493,0.03514435316901654,3.745257578790188,1.7120033726096153,1.9511554073542356,1.7449607104063034
1684480,0.07221331726759672,0.08407969784457237,3.7021159529685974,0.6633801013231277,0.12193979800213128,0.025782211450859904,3.6539308354258537,1.6370967477560043,1.8484238293021917,1.7063549049198627
1685504,0.044019039429258555,0.08339423162396997,3.64292049407959,0.5823627766221762,0.05020843053353019,0.03553682967321947,3.6247565522789955,1.598121665418148,2.03876481205225,2.385693032294512
1686528,0.050669163931161165,0.0612744833342731,3.726396270096302,0.6857150383293629,0.14678260998334736,0.045294441224541515,3.682585135102272,1.614506360143423,1.0767141710966825,2.3434943594038486
1687552,0.050479758356232196,0.04150328243849799,3.8015826642513275,0.7131076790392399,0.10860627592774108,0.026135825202800333,3.7562242969870567,1.705320704728365,0.9528454132378101,1.4666432607918978
1688576,0.054827118961839005,0.0755319728050381,3.762200102210045,0.6567068565636873,0.08698504499625415,0.03367398778209463,3.497724309563637,1.5205262824892998,1.6634207256138325,2.2561814412474632
1689600,0.05384004034567624,0.05218720622360706,3.7313280254602432,0.6285211779177189,0.09821555062080733,0.01503000085358508,3.950942173600197,1.822025265544653,1.315534956753254,1.2109475247561932
1690624,0.0369094540074002,0.06976061593741179,3.8687187880277634,0.708260977640748,0.05593976253294386,0.03382963052717969,3.838795445859432,1.8843334764242172,1.2250575628131628,3.2160860523581505
1691648,0.05865012569120154,0.1312745262403041,3.854639559984207,0.799240093678236,0.10484985681250691,0.02531042174086906,4.21676529943943,2.0042284093797207,2.3057393096387386,2.1395683716982603
1692672,0.04855482873972505,0.0540507523692213,3.845149114727974,0.7686553709208965,0.10681977943750098,0.019428804458584636,3.7731708586215973,1.5316184237599373,1.3515860326588154,2.332791807129979
1693696,0.04138143362069968,0.07722114631906152,4.052102647721767,0.9200316723436117,0.08399683359311894,0.02127602355903946,4.055647388100624,1.7189696840941906,1.573447236791253,2.2230239398777485
1694720,0.07077205539098941,0.10797781846486032,3.979244224727154,0.8775012642145157,0.1248290924122557,0.03289882623357698,3.8318595215678215,1.6025572195649147,2.5551650412380695,2.7843074705451727
1695744,0.057071321847615764,0.13549044355750084,3.9302027374505997,0.8047807198017836,0.07253074506297708,0.034548155148513615,3.484834663569927,1.312298834323883,1.589132959023118,2.359199270606041
1696768,0.040972464630613104,0.09056066384073347,3.8663681373000145,0.8162799030542374,0.026016503863502294,0.040837296459358186,3.328347958624363,1.3478871323168278,1.4220152869820595,1.850822428241372
1697792,0.08200809586560354,0.10914222616702318,3.7973505333065987,0.7534339632838964,0.10122542729368433,0.03305251378333196,3.829036608338356,1.565137580037117,2.8590398132801056,2.3351990915834904
1698816,0.034628262859769166,0.09365730453282595,3.8029941245913506,0.6999584678560495,0.015741470269858837,0.023236765642650425,3.9959753453731537,1.9650298729538918,1.789368936792016,1.6117896251380444
1699840,0.04839209307101555,0.12487065303139389,3.863805763423443,0.8621065523475409,0.13740726129617542,0.03318320482503623,3.736643113195896,1.8671186231076717,1.9492799937725067,1.8967108093202114
1700864,0.0834834645211231,0.17640622658655047,3.825990356504917,0.7540461868047714,0.15336129593197256,0.050669998629018664,3.1861731708049774,1.2214960660785437,4.434600751847029,3.027678918093443
1701888,0.05265025983680971,0.0617048479616642,3.8522040098905563,0.7072675134986639,0.06400437184493057,0.020946021773852408,2.9861384108662605,0.9915945492684841,1.8122460637241602,1.7469934523105621
1702912,0.028524672641651705,0.07902831630781293,3.6797521114349365,0.6364592034369707,0.04748256766470149,0.04060053004650399,3.393036052584648,1.6202213373035192,0.9901177901774645,1.561036393046379
1703936,0.0497110161522869,0.05718088196590543,3.8177587538957596,0.7445897292345762,0.19148769439198077,0.042523342941422015,4.340302348136902,2.495571345090866,2.0487172957509756,2.9042587876319885
1704960,0.026974027539836243,0.0901301484555006,3.8218359127640724,0.8311414439231157,0.03158685547532514,0.042005615949165076,3.7584632486104965,1.575105294585228,1.0254315668717027,1.4283242151141167
1705984,0.03648914204677567,0.10184714244678617,3.683455854654312,0.6656565256416798,0.03129550981975626,0.03786396753275767,3.410769172012806,1.6031851209700108,1.53609205968678,2.3951630163937807
1707008,0.053248837211867794,0.0991168892942369,3.9004070311784744,0.9574074950069189,0.008107345085591078,0.05021103942999616,3.672352582216263,2.144875794649124,1.9919033236801624,2.5426698606461287
1708032,0.05062873649876565,0.07801303267478943,3.584477514028549,0.6458300463855267,0.07879903685534373,0.042232390376739204,3.9121330827474594,2.0069181472063065,2.2509839572012424,2.864985767751932
1709056,0.04163709352724254,0.11009585857391357,3.8907041177153587,0.8431654796004295,0.056629211831022985,0.060029042535461485,3.7928037121891975,2.1256946064531803,1.6464796625077724,1.9655168373137712
1710080,0.04643823912192602,0.06377657619304955,3.6812916323542595,0.7322198338806629,0.04093789344187826,0.04111993237165734,3.8375994861125946,2.04945070669055,1.0292548825964332,2.1224537659436464
1711104,0.061611842043930665,0.11774921510368586,3.8004167079925537,0.8266854658722878,0.10307397332508117,0.04086709039984271,3.8880188688635826,2.056388709694147,1.7615628894418478,2.101081246510148
1712128,0.057243815914262086,0.09600137546658516,3.717738129198551,0.7307228352874517,0.11696746479719877,0.0313491661217995,3.756047271192074,1.8378414995968342,2.176182245835662,3.2054733131080866
1713152,0.043003245955333114,0.08675840124487877,3.9575926288962364,0.851367000490427,0.04991208767751232,0.04578023619251326,3.753972053527832,1.75401845946908,1.3929780423641205,2.03275378420949
1714176,0.04606604993750807,0.0715098709333688,4.080453783273697,0.9895804170519114,0.06691420168499462,0.02686314476886764,4.0765747129917145,2.2496190033853054,1.194088451564312,1.490752249956131
1715200,0.07356190303107724,0.1626969079952687,3.687316447496414,0.7380417063832283,0.10580462435609661,0.04889472998911515,3.798517622053623,1.8267825543880463,2.2117992099374533,2.473803497850895
1716224,0.04808167612645775,0.14914714102633297,3.8093233555555344,0.734375549480319,0.007134281826438382,0.03476450336165726,3.878435954451561,2.324148114770651,1.573134744539857,1.5720183085650206
1717248,0.03672101451957133,0.17574011767283082,3.9507388323545456,0.8691988606005907,0.07573194440919906,0.04232385795330629,3.7089313566684723,2.040196657180786,1.3210852276533842,2.0775282587856054
1718272,0.05376964487368241,0.1189226284623146,4.139900505542755,1.0654099732637405,0.06838799829711206,0.02736856191768311,4.076194293797016,2.2545543387532234,1.1831968203186989,1.51760339923203
1719296,0.04047560706385411,0.1638424803968519,3.905817687511444,0.8622485343366861,0.0562337763258256,0.042472184577491134,3.466495782136917,1.774090237915516,1.1802214700728655,2.164392724633217
1720320,0.034815817896742374,0.08436944580171257,4.069182313978672,1.1011067070066929,0.06626306958787609,0.042162157129496336,3.7703029587864876,1.716437354683876,1.2570596430450678,2.29309437982738
1721344,0.07446668623015285,0.07382318039890379,3.784360393881798,0.7350417114794254,0.1219784771092236,0.026264681306201965,3.9451226368546486,1.6826919987797737,1.4155391249805689,2.959395717829466
1722368,0.03290375319193117,0.06070656387601048,3.8229249715805054,0.7787263281643391,0.08081130284699611,0.03888451954117045,3.8996858820319176,1.64254454895854,1.259560065343976,3.947754228487611
1723392,0.06153280765283853,0.07983729185070843,3.7674256563186646,0.7040058299899101,0.14857736602425575,0.027491189044667408,3.6498325169086456,1.4849622175097466,2.3226374816149473,2.9197100084275007
1724416,0.05739320575958118,0.07737463351804763,3.760846994817257,0.6087479088455439,0.10244483925634995,0.02543730428442359,3.188800945878029,1.1674578227102757,2.5061436109244823,4.020569678395987
1725440,0.06504338912782259,0.06338670442346483,3.9167697429656982,0.7476161867380142,0.09538792408420704,0.023520585760707036,3.208032064139843,1.0061863344162703,1.375152425840497,2.0136177707463503
1726464,0.04974143681465648,0.052599525661207736,3.8060507625341415,0.6893594432622194,0.11670112831052393,0.02426750579616055,3.385339856147766,1.1808731108903885,1.2395395692437887,2.36576777510345
1727488,0.049286784618743695,0.08816668321378529,3.8569746240973473,0.7744540572166443,0.09357694489881396,0.024161593610187992,3.8974639028310776,1.368559319525957,1.8991566430777311,1.8843675144016743
1728512,0.04692756326403469,0.07383414928335696,3.913337156176567,0.8282768167555332,0.027347371098585427,0.018210692913271487,3.832718163728714,1.7703276611864567,1.6160402912646532,1.7980261575430632
1729536,0.04368077756953426,0.089875195058994,3.900893308222294,0.853575998917222,0.03485482034739107,0.03208721341798082,3.814321555197239,1.9086150825023651,1.3717454671859741,1.6679136138409376
1730560,0.07763517467537895,0.07413944939617068,3.781872756779194,0.7321825418621302,0.18724369769915938,0.025098926824284717,4.184581220149994,1.8313408233225346,1.6675629783421755,2.436813334003091
1731584,0.039880385287688114,0.10768688307143748,3.842128559947014,0.7624793201684952,0.10539835511008278,0.024104450538288802,3.9590628296136856,1.4985982067883015,1.3007711432874203,1.402009004727006
1732608,0.05476198616088368,0.08689272834453732,3.8325873017311096,0.8049842715263367,0.04371248828829266,0.03602302324725315,3.8167578652501106,1.720341045409441,1.7029967922717333,1.9203581102192402
1733632,0.039907178696012124,0.08770879392977804,3.660293385386467,0.6650097351521254,0.06434653585893102,0.04027875832980499,4.065908826887608,2.108495343476534,2.1938977353274822,2.312319539487362
1734656,0.06980459886835888,0.11815398256294429,3.670784614980221,0.613560164347291,0.23027270659804344,0.030984862009063363,4.311265140771866,2.455874875187874,3.4124950766563416,4.241935493424535
1735680,0.04381760643445887,0.06336071738041937,3.8416634052991867,0.7586293257772923,0.082582062081201,0.025001661269925535,3.8083194568753242,1.600783035159111,1.4469399061053991,2.4036988243460655
1736704,0.06552718314924277,0.07342069025617093,3.8155996948480606,0.7530435472726822,0.09717692120466381,0.018139236140996218,3.8667531982064247,1.5321266129612923,2.141105117276311,1.6410222109407187
1737728,0.035179452403099276,0.07229027803987265,3.9376827999949455,0.8323508091270924,0.08057799545349553,0.03232857258990407,3.95278450101614,1.582232866436243,1.4616730213165283,1.4193972740322351
1738752,0.0636916457733605,0.08566496451385319,3.8290829360485077,0.7190606109797955,0.16543936473317444,0.037619000126142055,4.057891093194485,1.6552302576601505,1.3880379516631365,2.100978806614876
1739776,0.042319011728977785,0.056706940406002104,3.7752744033932686,0.629986647516489,0.12043619371252134,0.02623616249184124,3.5972325801849365,1.2133494056761265,1.0558042787015438,2.5284612942487
1740800,0.03925554652232677,0.07008758373558521,3.8924419805407524,0.8581398651003838,0.03963861436932348,0.03441181679954752,3.6058409437537193,1.420479390770197,1.2857588063925505,1.8790002670139074
1741824,0.06720606083399616,0.078025016002357,3.7385218143463135,0.7233723998069763,0.10567001008894295,0.031418905477039516,3.6877603828907013,1.5158670730888844,2.2405900321900845,1.9405509699136019
1742848,0.06432283617323264,0.06630194932222366,3.7624991461634636,0.7198228761553764,0.16110141365788877,0.025708900415338576,3.955081135034561,1.8017464242875576,2.2890327256172895,2.8489404004067183
1743872,0.03209801943739876,0.04931892373133451,3.6990257650613785,0.5926131810992956,0.0724461507925298,0.02512968346127309,3.9035595431923866,1.6126440651714802,1.327167570590973,1.7023318018764257
1744896,0.03963928064331412,0.06045035715214908,3.6143774688243866,0.5640792232006788,0.12833606847561896,0.017083362967241555,3.674852378666401,1.50789113342762,1.473650436848402,1.9123495258390903
1745920,0.03506776029826142,0.059287423035129905,3.6785091012716293,0.5767872538417578,0.09707246808102354,0.017804762435844168,3.9423203244805336,1.5698494538664818,2.4725512582808733,1.5778877334669232
1746944,0.03636013403593097,0.04445993632543832,3.8076846450567245,0.6961860824376345,0.10816721021546982,0.025162993639241904,3.972064420580864,1.8193282037973404,1.7197320982813835,1.7133192457258701
1747968,0.029522799683036283,0.06415849376935512,4.053127959370613,0.9445916190743446,0.02521859490661882,0.03257569408742711,3.6291896775364876,1.4942341409623623,1.1479312013834715,1.7327540162950754
1748992,0.06584962137276307,0.07889698073267937,3.511362597346306,0.6010987125337124,0.2047090674750507,0.03504835785133764,3.95133113861084,1.5320176146924496,2.4390990752726793,2.3851316273212433
1750016,0.04113484948175028,0.08494705380871892,3.9003469944000244,0.7741983216255903,0.10766279842937365,0.03428980358876288,3.8484198823571205,1.46438592299819,1.5254789404571056,2.129420306533575
1751040,0.08095482445787638,0.0608705187914893,3.672559194266796,0.6741252448409796,0.15942892734892666,0.02631580241722986,3.6604228243231773,1.2250288389623165,2.121484348550439,3.706061501055956
1752064,0.037264933343976736,0.05362794024404138,3.4558377861976624,0.5165970912203193,0.07855596486479044,0.024322733312146738,3.988065645098686,1.601595964282751,2.2785033397376537,2.060689277946949
1753088,0.030685392281156965,0.09782253776211292,3.932409517467022,0.9062984772026539,0.012553474516607821,0.056832255562767386,3.486748829483986,1.437805239111185,1.038677493110299,1.9096425734460354
1754112,0.06722993715084158,0.12998227961361408,3.4766978099942207,0.5280042067170143,0.24035841738805175,0.05555444542551413,4.191217444837093,1.908412855118513,3.240602094680071,4.692581482231617
1755136,0.07095183481578715,0.13010026165284216,3.5471007749438286,0.5566153340041637,0.13786123448517174,0.0353242916171439,3.6816374361515045,1.3056568764150143,2.620403939858079,2.919320974498987
1756160,0.04000043873384129,0.03505218791542575,3.416785717010498,0.46371712535619736,0.1029194250004366,0.027355086291208863,3.485351376235485,1.0761682149022818,2.0294408183544874,2.7589827962219715
1757184,0.04070497310021892,0.04644932702649385,3.597717121243477,0.5570024270564318,0.07192071792087518,0.025821513583650813,3.6722204610705376,1.1970108598470688,1.4038594793528318,2.325500074774027
1758208,0.0595568640565034,0.061805053846910596,3.64140697568655,0.6182893440127373,0.1522108758217655,0.05132995202438906,3.9717663004994392,1.521354578435421,2.7235155906528234,5.859055072069168
1759232,0.040068430491373874,0.05073969822842628,3.5496219769120216,0.4893832132220268,0.09920669853454456,0.026123315561562777,3.9438319206237793,1.5145307295024395,1.7207119651138783,2.6298693902790546
1760256,0.05692451205686666,0.030781492067035288,3.7210401073098183,0.7033459711819887,0.1024290983332321,0.016871985702891834,3.7387928143143654,1.5317857172340155,1.4247404299676418,1.7355180233716965
1761280,0.05206705577438697,0.06900716805830598,3.6055989265441895,0.6645827144384384,0.08373859681887552,0.036073355993721634,3.525399185717106,1.418097134679556,2.1853978503495455,2.0752885043621063
1762304,0.02834080421598628,0.05194568930892274,3.9061800092458725,0.7639719098806381,0.0314766262890771,0.022000632452545688,3.7810528725385666,1.697088748216629,1.8440560828894377,2.0778884552419186
1763328,0.04122986673610285,0.07491631037555635,3.9205914214253426,0.9081035628914833,0.060703885566908866,0.036049491085577756,3.9789804592728615,1.8848239816725254,1.245076922699809,1.8416824713349342
1764352,0.07729042897699401,0.07040645682718605,3.770790971815586,0.7059473711997271,0.15525922481901944,0.0354690927779302,3.9153966456651688,1.9992512091994286,2.346942514181137,3.1088119708001614
1765376,0.05242925224592909,0.057522826944477856,3.569495767354965,0.5598547756671906,0.11235566704999655,0.02350473144906573,3.7090237140655518,1.6946194618940353,1.8226514477282763,2.0319461822509766
1766400,0.04365028865868226,0.05933378159534186,3.7285422012209892,0.6584299067035317,0.0839185590739362,0.025845826719887555,3.934838645160198,1.9273063614964485,1.4585122372955084,2.5840881131589413
1767424,0.06050098259584047,0.0499803745187819,3.6002519354224205,0.6075291112065315,0.11020384158473462,0.024615941481897607,3.613325960934162,1.4471194557845592,1.614853685721755,2.2390721440315247
1768448,0.05209225302678533,0.04871064587496221,3.859488219022751,0.6752874907106161,0.09424021607264876,0.02122607480851002,4.016770124435425,1.7406200431287289,1.304256284609437,2.470971090719104
1769472,0.04890703302226029,0.04711577168200165,3.723930723965168,0.6312187388539314,0.07915939600206912,0.034143310971558094,3.9769020676612854,1.593403648585081,1.7588082328438759,3.387995768338442
1770496,0.046655585523694754,0.04277517070295289,3.7215235754847527,0.586531363427639,0.07482316985260695,0.01386305401683785,4.217165105044842,1.8982953876256943,1.7258148696273565,1.5287296995520592
1771520,0.0437832300667651,0.047405064455233514,3.7174298390746117,0.6319050677120686,0.05796116022975184,0.018500334379496053,3.8459503203630447,1.5961314253509045,1.4211016148328781,1.4164165779948235
1772544,0.052612603598390706,0.0695720030926168,3.7986074909567833,0.689844848588109,0.062308115360792726,0.029632534191478044,3.676195368170738,1.9386903680860996,1.1006242334842682,1.449125237762928
1773568,0.056805109285051,0.09878287115134299,3.7413792610168457,0.6161548402160406,0.08267584987333976,0.03804404061520472,3.6258566603064537,1.6608315482735634,2.1408894043415785,2.093661777675152
1774592,0.046634963364340365,0.057586301350966096,3.8546168580651283,0.7697466015815735,0.016597071298747323,0.033493465336505324,3.626233749091625,1.7982405051589012,1.1373307965695858,1.3636299427598715
1775616,0.053511458449065685,0.08212186733726412,3.868489630520344,0.7974408771842718,0.04396934839314781,0.05403041676618159,3.719326972961426,1.792726792395115,1.2423470355570316,1.7684615049511194
1776640,0.06831837753998116,0.09290070342831314,3.6307408660650253,0.6488550659269094,0.151175394654274,0.04090260365046561,4.057105503976345,2.14724400639534,2.043830865994096,1.948692250996828
1777664,0.02826164102589246,0.1138948923908174,3.606671668589115,0.5734275467693806,0.06311017611005809,0.03369521698914468,3.936106078326702,1.9427098594605923,1.848513750359416,1.9926046449691057
1778688,0.041770104493480176,0.06831311411224306,3.8633755818009377,0.6926419734954834,0.1032829923206009,0.01527671329677105,3.951931767165661,2.0212512128055096,1.694290652871132,2.198930997401476
1779712,0.03556201027822681,0.07331330864690244,3.9311739802360535,0.7945816442370415,0.013671596039785072,0.02618863357929513,3.691782221198082,1.8771582804620266,1.2684231288731098,1.8545175027102232
1780736,0.07148859565495513,0.08828441705554724,3.7303305119276047,0.716746749356389,0.22858605766668916,0.038160732423420995,4.186194896697998,2.319136291742325,2.272121774032712,3.2328303921967745
1781760,0.06919600738910958,0.16867169342003763,3.568780295550823,0.6711310055106878,0.12550214561633766,0.05363686615601182,4.078935481607914,1.8952092453837395,2.176210129633546,2.0003447476774454
1782784,0.05726966333168093,0.20018868148326874,3.4680887684226036,0.5084540601819754,0.12131778022740036,0.04495683079585433,3.7190533354878426,1.4389822036027908,3.2157838009297848,3.5681136772036552
1783808,0.026156790438108146,0.07617871393449605,3.521224766969681,0.47721457853913307,0.1392159170936793,0.01905043248552829,3.8766234666109085,1.524608414620161,2.160629002377391,1.73827401176095
1784832,0.05153477541171014,0.16908189933747053,3.692349575459957,0.6537102572619915,0.11389903665985912,0.03550936735700816,3.9917836263775826,1.3600929118692875,2.6833083536475897,2.480464581400156
1785856,0.05326571731711738,0.09346249466761947,3.833658367395401,0.736385241150856,0.04106308601330966,0.025516673689708114,3.8001743480563164,1.454077996313572,2.133604759350419,1.4780902322381735
1786880,0.03877254876715597,0.0825486466055736,3.8155896738171577,0.701405880972743,0.05821699643274769,0.035921195812989026,3.668007008731365,1.4604301564395428,0.9169888272881508,1.6852935869246721
1787904,0.03927596833091229,0.0839639640180394,3.823422633111477,0.7292427737265825,0.07398914382793009,0.031506411818554625,3.8420264050364494,1.6796329766511917,1.3381485920399427,1.7540125790983438
1788928,0.05530751206970308,0.09789471025578678,3.7504578232765198,0.7243557963520288,0.043341820884961635,0.03715625952463597,3.810652606189251,1.6648937165737152,2.163326121866703,1.437957488000393
1789952,0.05543805455090478,0.10393439745530486,3.798373408615589,0.73201072961092,0.10913634300231934,0.036923388426657766,3.9116580113768578,1.9544155448675156,1.9466449040919542,2.1099806521087885
1790976,0.052302353491541,0.11997333122417331,3.6316671445965767,0.6576819568872452,0.0572876941296272,0.052665667375549674,3.526316285133362,1.3457340896129608,2.7043272834271193,2.8735230285674334
1792000,0.06077360117342323,0.09576509613543749,3.726855516433716,0.7545105535537004,0.03951388649875298,0.034950024099089205,3.259516201913357,1.35914496332407,1.3934272099286318,1.3269083388149738
1793024,0.06336052148253657,0.08799025393091142,3.653889000415802,0.7111273035407066,0.12248552963137627,0.04277289239689708,3.5437473580241203,1.2634622566401958,1.4908166602253914,1.8552042823284864
1794048,0.04217512582545169,0.11423794901929796,3.6927552223205566,0.6373759312555194,0.07762840647774283,0.04861420171801001,3.6462651938199997,1.3058623857796192,1.3552639912813902,2.070360803976655
1795072,0.055207836092449725,0.06624982960056514,3.78088266402483,0.6909879185259342,0.1403857129625976,0.028669054969213903,3.9804277420043945,1.788890890777111,2.436422176659107,1.5604482591152191
1796096,0.03168613224988803,0.07862124289385974,3.853185921907425,0.8217728454619646,0.033969446463743225,0.052485077059827745,3.6115220934152603,1.5282508246600628,1.737570360302925,2.673853226006031
1797120,0.05517757585039362,0.09349065949209034,3.802313394844532,0.8039110731333494,0.06720410718116909,0.042848170443903655,3.746409296989441,1.4873975440859795,1.5789894554764032,1.902707563713193
1798144,0.04441542152198963,0.09936319827102125,3.8577203303575516,0.8119177464395761,0.019645460502943024,0.05168899893760681,3.551078550517559,1.6003912352025509,1.6604230180382729,2.1162517927587032
1799168,0.04990686781820841,0.12546708760783076,3.5706751942634583,0.4706362811848521,0.12803223729133606,0.05790957424324006,3.5395811647176743,1.262080842629075,5.16254410892725,4.467629903927445
1800192,0.07241552381310612,0.08807302126660943,3.8281597793102264,0.7443867418915033,0.07155459051136859,0.02553814061684534,3.7085931301116943,1.7352214641869068,1.9470463953912258,1.6449326816946268
1801216,0.035649064026074484,0.09124980377964675,3.51210555434227,0.5133156888186932,0.10857928049517795,0.03333914960967377,3.6267869248986244,1.427416816353798,2.1245115119963884,2.6201136261224747
1802240,0.051754948479356244,0.04131030529970303,3.898965634405613,0.7706194035708904,0.1128062087809667,0.010414395466796122,3.796772487461567,1.6285734698176384,1.3415562938898802,1.8620827673003078
1803264,0.04393155314028263,0.0762110585346818,3.791340246796608,0.7437482886016369,0.05038757511647418,0.024700636917259544,3.5148566141724586,1.410701870918274,1.7670523058623075,1.320722408592701
1804288,0.06031353451544419,0.07409277453552932,3.882159374654293,0.7993892524391413,0.050077483436325565,0.02789529415895231,3.853564366698265,1.7614213973283768,1.6702506877481937,1.6651416141539812
1805312,0.036846388393314555,0.09075559908524156,3.8397646099328995,0.8499536439776421,0.08672788395779207,0.0422723323572427,3.9406999200582504,1.8901378139853477,1.1374567728489637,1.629409048706293
1806336,0.07788111787522212,0.07144223246723413,3.847792774438858,0.7391298152506351,0.09261450343183242,0.023673883522860706,3.65516397356987,1.506823793053627,2.579157616943121,1.6229284927248955
1807360,0.05760514922440052,0.07416342094074935,3.667734667658806,0.6263511385768652,0.10205061355372891,0.02364804843091406,4.055256649851799,1.7953080236911774,1.8428597431629896,1.56216187402606
1808384,0.04384961069445126,0.06784675212111324,3.8039005175232887,0.7401225212961435,0.06990129593759775,0.02830993034876883,3.6162357553839684,1.4712034091353416,1.2163670510053635,1.989773890003562
1809408,0.05166619142983109,0.1302798120304942,3.8841176852583885,0.7863718383014202,0.07117659019422717,0.03676966903731227,3.8405359983444214,1.6801807805895805,1.6437437813729048,1.7050514724105597
1810432,0.052626193515607156,0.0601209697779268,3.7952579110860825,0.7172592971473932,0.1359039206581656,0.0195971745706629,3.7991821989417076,1.433291982859373,1.556052627041936,1.397832265123725
1811456,0.04891698528081179,0.0656723998254165,3.641610085964203,0.5913964211940765,0.08803195774089545,0.016718297149054706,3.041148394346237,0.8283010702580214,1.5108412895351648,3.111374396830797
1812480,0.06376021867617965,0.10657230345532298,3.6193568482995033,0.564269894734025,0.15501619572751224,0.02548701036721468,3.6509593725204468,1.1942188739776611,2.4425740223377943,4.557748526334763
1813504,0.04158452646515798,0.06021340889856219,3.646597996354103,0.558189008384943,0.04974122239218559,0.017304755601799116,3.549452878534794,1.2963775806128979,1.534688888117671,1.676496960222721
1814528,0.028772529025445692,0.06852013908792287,3.909259021282196,0.8472993187606335,0.02227031032089144,0.02733795889071189,3.536036506295204,1.7259694375097752,1.4489754736423492,1.7125564217567444
1815552,0.04440005760989152,0.10430017556063831,3.834562875330448,0.7224442418664694,0.10763085639337078,0.023881199391325936,3.6241333037614822,1.6766874343156815,1.58171496540308,1.8207255862653255
1816576,0.04467983479844406,0.08189476327970624,3.744315855205059,0.6285720076411963,0.07851257506990805,0.023660612787352875,4.117039017379284,2.0340027511119843,1.9725754726678133,1.4300854317843914
1817600,0.03525770688429475,0.08622179250232875,3.61687646061182,0.5318632135167718,0.11642493039835244,0.021550803736317903,3.9220588356256485,1.926234032958746,1.955811996012926,2.372544066980481
1818624,0.047010271868202835,0.06275059771724045,3.6149516105651855,0.6154201999306679,0.06209750339621678,0.03813760855700821,3.7188437655568123,1.4473582655191422,1.3762647230178118,1.9647347144782543
1819648,0.043104947806568816,0.08309422433376312,3.7100281342864037,0.6492187175899744,0.01975746001699008,0.0307039269246161,3.7617523968219757,1.6107284277677536,2.22980541177094,1.4137504491955042
1820672,0.03995637175103184,0.08200158120598644,3.870661810040474,0.7103473618626595,0.08274797194462735,0.02445330860791728,4.149797670543194,2.0465989895164967,1.953815570101142,2.150282107293606
1821696,0.05497172108152881,0.07499360374640673,3.878585010766983,0.6759827435016632,0.08245965093374252,0.03259092103689909,3.778004489839077,1.9494007006287575,1.6520937886089087,1.6109619662165642
1822720,0.047574100230121985,0.09133650502189994,3.6992971673607826,0.5794536285102367,0.09038890962256119,0.03958061296725646,3.540617860853672,1.588351782411337,2.0313712134957314,1.8760927487164736
1823744,0.041144889168208465,0.06066444329917431,3.4901068210601807,0.4119237596169114,0.17290387209504843,0.022950139187742025,4.265595868229866,2.134628012776375,2.129502337425947,2.9575891233980656
1824768,0.05085520405555144,0.1684589092619717,3.4194428622722626,0.4999337224289775,0.1014379920088686,0.03336110839154571,3.7325299605727196,1.2947273254394531,2.615962725132704,2.077005362138152
1825792,0.04568394346279092,0.12373168347403407,3.4768142253160477,0.45072715263813734,0.1350400671362877,0.0329959329101257,3.8005576953291893,1.3765478171408176,2.3252608478069305,1.7249404983595014
1826816,0.04521634639240801,0.13365834369324148,3.8138185292482376,0.5879693850874901,0.0816513306053821,0.018175915902247652,3.540331579744816,1.1428725328296423,1.6805257182568312,1.3511390518397093
1827840,0.04128204808512237,0.07988893880974501,3.981897220015526,0.8154259286820889,0.010400136437965557,0.031047065946040675,3.5290621370077133,1.407261922955513,1.200559962540865,1.7162922155112028
1828864,0.0686061050510034,0.12270932761020958,3.5631668120622635,0.6627176366746426,0.12018393515609205,0.0421656045364216,3.5545243099331856,1.1967274509370327,2.0547299180179834,2.0150755252689123
1829888,0.035677557898452505,0.07442034408450127,3.5580482706427574,0.4868225734680891,0.10044411418493837,0.02439847943605855,3.835507422685623,1.485910601913929,1.4319150876253843,1.7305587735027075
1830912,0.045704850082984194,0.11349138454534113,3.8149294331669807,0.6644188184291124,0.01726080570369959,0.03708616737276316,3.6549336835741997,1.4462068155407906,1.475197944790125,1.7107834853231907
1831936,0.03177555107686203,0.03830428380751982,3.6905318424105644,0.5720210447907448,0.10982902455725707,0.02233814270584844,3.528204567730427,1.418908767402172,1.3572644479572773,1.7692093569785357
1832960,0.05177146231289953,0.1043077320791781,3.6574111580848694,0.6766898967325687,0.12499917519744486,0.041059253620915115,3.6076263785362244,1.3433207981288433,1.6056112386286259,2.5110411010682583
1833984,0.06651179472100921,0.07736361946444958,3.433995395898819,0.4939339840784669,0.11809358734171838,0.03662735898979008,3.714366137981415,1.3563075959682465,2.76496335119009,2.384644243866205
1835008,0.033335293002892286,0.06930819503031671,3.794118069112301,0.6707026632502675,0.04823282815050334,0.022779322927817702,3.7974781841039658,1.4319636076688766,2.0016487147659063,1.8627145029604435
1836032,0.04058573464863002,0.07186153985094279,3.9052929803729057,0.8125144876539707,0.02884260966675356,0.031069623946677893,3.7654148787260056,1.4971087202429771,2.211922312155366,1.8372745998203754
1837056,0.035438256614725105,0.0672101405216381,3.7829082310199738,0.7055190782994032,0.04276277043391019,0.033443962573073804,3.751689948141575,1.9079422801733017,1.3039985820651054,1.7970990762114525
1838080,0.04039876107708551,0.07632152014411986,3.4694299697875977,0.46774318628013134,0.1747279711998999,0.026313350594136864,4.125314138829708,2.3774097859859467,1.9335620366036892,2.303076857700944
1839104,0.07070743129588664,0.16874662623740733,3.6076677441596985,0.6191318407654762,0.1116023444919847,0.03976486768806353,3.8498500511050224,1.6543104983866215,3.733249995857477,1.9454351756721735
1840128,0.04057721573917661,0.030456472653895617,3.6448448449373245,0.5540968226268888,0.17398043512366712,0.017855538142612204,4.172892339527607,1.930853646248579,1.0551507081836462,2.1486728824675083
1841152,0.053724191384389997,0.061474619433283806,3.632679358124733,0.5469016069546342,0.10582374880323187,0.020929614722263068,3.756673775613308,1.1504762023687363,1.4241164457052946,1.7834960017353296
1842176,0.03657021405524574,0.07119969720952213,3.7537104412913322,0.7270564492791891,0.022385282907634974,0.028410788101609796,3.7730197310447693,1.496179036796093,0.9258574899286032,1.7443707240745425
1843200,0.05905945651466027,0.04401628038613126,4.052956938743591,0.9272819068282843,0.04718609570409171,0.022602893179282546,3.9139524400234222,1.921633206307888,1.1355473827570677,1.6007282994687557
1844224,0.0853874193271622,0.0630759745836258,3.8684926852583885,0.7999218609184027,0.08319787075743079,0.03997894178610295,3.6984996050596237,1.7130599431693554,1.0025169420987368,1.9693155866116285
1845248,0.05561526431120001,0.10805998556315899,3.6087630838155746,0.5734215602278709,0.15715898154303432,0.04424977576127276,3.936884269118309,1.7279439866542816,1.7794982939958572,2.4046109467744827
1846272,0.044190481945406646,0.05551215272862464,3.88554460555315,0.7756169699132442,0.07190247546532191,0.02467678248649463,3.999740704894066,1.601053100079298,1.2507710829377174,2.502057107165456
1847296,0.05359483088250272,0.04496648831991479,3.8547398149967194,0.7471309769898653,0.06534204204217531,0.025120137899648398,3.5042484998703003,1.2266922555863857,1.3236511945724487,1.4390717651695013
1848320,0.05918710125843063,0.07226941513363272,3.838039204478264,0.8390910942107439,0.09789231268223375,0.025358666956890374,3.7265396118164062,1.3667695671319962,1.4907966181635857,1.8098803721368313
1849344,0.04944452256313525,0.07258099294267595,3.841334290802479,0.7629253435879946,0.06893373129423708,0.03604009543778375,3.8136267364025116,1.56613015756011,1.3469739891588688,2.400175677612424
1850368,0.04801881144521758,0.15767024736851454,3.9789715483784676,0.8989689089357853,0.03144607093418017,0.04598732152953744,3.3269941806793213,1.3510509096086025,1.6817719284445047,2.0010291188955307
1851392,0.05109239666489884,0.12296554911881685,3.697297215461731,0.672042578458786,0.14964610722381622,0.043077105889096856,3.7367579713463783,1.342919323593378,2.95161746814847,3.6564446799457073
1852416,0.05984133269521408,0.15858308738097548,3.765208698809147,0.6888059284538031,0.03643494372954592,0.035493032133672386,3.7564926147460938,1.6697493009269238,2.1682663783431053,1.8356598801910877
1853440,0.06473650032421574,0.10569416522048414,3.700352042913437,0.695315258577466,0.11997699775383808,0.04010253871092573,3.8774976283311844,2.003135621547699,1.4608441162854433,1.9913793839514256
1854464,0.04997795366944047,0.06870752468239516,3.9837395921349525,0.8030965272337198,0.055460514704464,0.0358321126550436,4.15020028501749,2.3940974473953247,1.0362592758610845,1.771795455366373
1855488,0.05041662871371955,0.09352669934742153,3.954646408557892,0.850422777235508,0.07160675467457622,0.039891509572044015,4.000688053667545,2.0726831443607807,1.360247252508998,1.762308992445469
1856512,0.049908695014892146,0.08843823708593845,3.847483217716217,0.7313464693725109,0.09581374717527069,0.025454069895204157,3.8881550431251526,1.8169801160693169,2.053527494892478,1.7442945148795843
1857536,0.04310022114077583,0.07562924572266638,3.51549269258976,0.511701088398695,0.1079804256442003,0.02842084236908704,3.845455192029476,1.6326728276908398,3.4710422940552235,2.911861890926957
1858560,0.05163152321620146,0.11377184535376728,3.479375347495079,0.4551465455442667,0.11178287354414351,0.039141354616731405,3.829085111618042,1.6728679835796356,5.025588862597942,4.667006922885776
1859584,0.044964271277422085,0.03919100348139182,3.9355523213744164,0.7600721260532737,0.122003372060135,0.03021860826993361,4.062831103801727,1.8385430574417114,2.254453659057617,4.097987988963723
1860608,0.06984308786923066,0.062379325507208705,3.8554321080446243,0.81277478300035,0.12731954245828092,0.0388920281548053,3.3997223302721977,1.0689199920743704,1.3354025203734636,1.6982698999345303
1861632,0.052045151984202676,0.05779801600147039,3.838444210588932,0.7108733337372541,0.06025803572265431,0.026985226897522807,3.0536523535847664,0.8667776472866535,1.5580763053148985,1.5233087986707687
1862656,0.0473787076480221,0.08521985821425915,3.8105679526925087,0.7204403784126043,0.05331602698424831,0.026436774933245033,3.302446648478508,1.0797643568366766,1.7935492806136608,1.6294974274933338
1863680,0.0492651003296487,0.07951561035588384,3.576505593955517,0.5482340157032013,0.1348092802800238,0.03097208379767835,3.8101664260029793,1.537108439952135,2.7709308099001646,3.699957560747862
1864704,0.0405478093016427,0.07025108125526458,3.625692769885063,0.5610088631510735,0.09207755900570191,0.03206950280582532,3.4600645154714584,1.3183112069964409,1.9453389588743448,1.6232008561491966
1865728,0.04912647765013389,0.04686514165950939,3.7174374908208847,0.6405816748738289,0.0799422339478042,0.02083769309683703,3.5508034229278564,1.3649550564587116,1.416274944320321,2.098849469795823
1866752,0.04677310335682705,0.07486352266278118,3.9072373881936073,0.7598148044198751,0.09219224785920233,0.031840775976888835,3.84741972386837,1.5654148943722248,1.2614743523299694,1.9889995660632849
1867776,0.05182001166394912,0.053955277311615646,3.8282682672142982,0.7137627005577087,0.08945592463715002,0.02081391663523391,3.6986713632941246,1.3598465137183666,1.8707813024520874,1.482696058228612
1868800,0.031742698382004164,0.05485119600780308,3.8752642050385475,0.7923747841268778,0.10925388065516017,0.019801138783805072,3.848661556839943,1.6298590190708637,1.2543162647634745,1.8781657572835684
1869824,0.06670825053879526,0.07972391124349087,3.8745138347148895,0.7991604283452034,0.06507208792027086,0.031509132124483585,3.3130343928933144,1.1480381153523922,1.574389785528183,1.5948030091822147
1870848,0.06346261664293706,0.10658455826342106,3.625598020851612,0.6169142611324787,0.12563526700250804,0.03378326911479235,3.584279850125313,1.2567778266966343,1.9871552009135485,1.7709569092839956
1871872,0.02411255391780287,0.07986362057272345,3.915337786078453,0.8780682384967804,0.05305704806232825,0.02766150061506778,3.6742957681417465,1.4577053673565388,1.0184782035648823,1.3432290898635983
1872896,0.08195706308470108,0.13209771062247455,3.7227694988250732,0.6916340123862028,0.15697428095154464,0.03492646536324173,3.793007843196392,1.7560952864587307,1.8839017990976572,1.7359279915690422
1873920,0.057550625861040317,0.05752811976708472,3.7905303984880447,0.6033423282206059,0.06671263641328551,0.02236549142980948,3.8408016711473465,1.8430690988898277,1.0927464021369815,1.390284551307559
1874944,0.04771774810797069,0.06484773266129196,3.862845964729786,0.7480639442801476,0.12506350519834086,0.020279656047932804,4.135902650654316,2.1440129801630974,1.2577176615595818,1.3106560399755836
1875968,0.08401639945805073,0.05326648545451462,4.079587563872337,0.9014700297266245,0.11733649083180353,0.014934971812181175,3.7238543033599854,1.3896633796393871,1.2314531784504652,1.399204060435295
1876992,0.05657031814916991,0.08563711727038026,3.880795828998089,0.7781556341797113,0.12726977694546804,0.018019014038145542,4.062141068279743,1.6945601142942905,1.7682886384427547,1.642309807240963
1878016,0.06750775637920015,0.06755383871495724,3.7150223925709724,0.6291100922971964,0.11173648084513843,0.026115198677871376,4.031446039676666,1.7482143305242062,2.202111514285207,1.4821531977504492
1879040,0.03521132115565706,0.09378744405694306,3.5224141776561737,0.48168337531387806,0.1476624053902924,0.031233607413014397,3.796066902577877,1.3785774819552898,2.104889268055558,4.057464689016342
1880064,0.060809328555478714,0.06433087948244065,3.5996374264359474,0.567503310739994,0.11906696949154139,0.03065650671487674,3.4889673069119453,0.9863944817334414,1.6330680213868618,2.278617709875107
1881088,0.040531855658628047,0.07246546307578683,3.8883313313126564,0.8495114222168922,0.05290884949499741,0.030142617237288505,3.828100375831127,1.3979310914874077,1.2678828425705433,1.5195816457271576
1882112,0.06106068685767241,0.07191340497229248,3.9151038974523544,0.7727556563913822,0.05385222902987152,0.02246156000182964,3.8208414167165756,2.0062289088964462,1.975900910794735,1.2788567747920752
1883136,0.037720577922300436,0.1281640746165067,4.004412360489368,1.0953583363443613,0.0572370799491182,0.043501140258740634,3.4975758120417595,1.6099697202444077,0.9726394359022379,1.717073054984212
1884160,0.04459397928440012,0.08648812887258828,3.762782610952854,0.6696766316890717,0.1350175137631595,0.03481297567486763,4.033005140721798,2.1940112933516502,1.4029844515025616,2.1370867919176817
1885184,0.040161340846680105,0.055842265603132546,3.678554154932499,0.6122724413871765,0.11765673718764447,0.023094385949661955,3.8920468240976334,1.7986631877720356,1.5212640669196844,2.2359442859888077
1886208,0.052119410916930065,0.08923563116695732,3.7860883995890617,0.6542126201093197,0.08134293096372858,0.021015457023167983,3.697123058140278,1.540728684514761,1.333272997289896,1.4032625444233418
1887232,0.05417556507745758,0.08691843703854829,3.842229463160038,0.7041181698441505,0.04450373287545517,0.02485611822339706,3.7277092933654785,1.7618682272732258,1.5752776321023703,1.4694666899740696
1888256,0.04848615836817771,0.04327639553230256,3.6492014452815056,0.5183567861095071,0.10791878419695422,0.02067092730430886,3.911421164870262,1.7662075608968735,1.762177450582385,1.9529507029801607
1889280,0.040528339450247586,0.03789021377451718,3.8628724217414856,0.7615309087559581,0.10137959034182131,0.0245424164168071,3.952393114566803,1.8819169662892818,0.9642651164904237,2.098220705986023
1890304,0.06425302202114835,0.05699957557953894,3.8548920825123787,0.8263353053480387,0.10545832230127417,0.020533358794637024,3.4454429745674133,1.2511754408478737,1.9653790537267923,2.0965643115341663
1891328,0.06124391779303551,0.0841872135642916,3.666973754763603,0.6619616225361824,0.105879703653045,0.022630858060438186,3.86428801715374,1.5556967966258526,1.4993758667260408,1.6583002023398876
1892352,0.059268444776535034,0.06498976843431592,3.6612149626016617,0.5750600639730692,0.13976040988927707,0.01949667901499197,3.6777827963232994,1.2028801497071981,1.5535052493214607,1.811293681152165
1893376,0.05146063314168714,0.05600974056869745,3.597216486930847,0.5446349009871483,0.09133612029836513,0.014660568267572671,3.3721106201410294,1.0774334818124771,1.2391453003510833,2.2813064325600863
1894400,0.03397098951973021,0.04661543935071677,3.895248204469681,0.8175507839769125,0.08480536710703745,0.020125733397435397,3.6291178166866302,1.3976985774934292,1.2473968844860792,1.5419543348252773
1895424,0.0538544915325474,0.06722703878767788,4.016635082662106,0.8938912246376276,0.05676101899007335,0.03163557540392503,3.683202676475048,1.5484790951013565,1.984972471371293,2.405146472156048
1896448,0.04568181256763637,0.05982122023124248,4.066909059882164,0.886935006827116,0.0688718703459017,0.02777550055179745,4.047908805310726,2.332487478852272,1.3396319895982742,1.5289669316262007
1897472,0.06201453821267933,0.07666412927210331,3.731038376688957,0.7089634854346514,0.030774029000895098,0.04634177731350064,3.668939597904682,1.9526954144239426,2.3321310598403215,2.4522656239569187
1898496,0.03755778414779343,0.09343937155790627,3.427241437137127,0.4127336014062166,0.18517889641225338,0.03333879105048254,3.9928537234663963,2.2036336548626423,2.4772523045539856,3.5122243827208877
1899520,0.04321253909438383,0.09770218865014613,3.5486496537923813,0.5597527548670769,0.12839356192853302,0.033861441537737846,4.12815148383379,2.002919863909483,1.9439202975481749,2.4746875558048487
1900544,0.04719651406048797,0.07631487306207418,3.8139453008770943,0.7189665790647268,0.11652104603126645,0.028482072812039405,4.044028274714947,1.8569790348410606,0.9806787483394146,1.7852087784558535
1901568,0.04182768099417444,0.06525224877987057,3.7529349103569984,0.6776190903037786,0.05997990790638141,0.03128350153565407,3.4382037967443466,1.4123112633824348,1.4719997067004442,2.0942093208432198
1902592,0.04911319402162917,0.08831365779042244,3.663018211722374,0.5651632407680154,0.1439800481311977,0.0317563095013611,3.8680193722248077,1.4816835634410381,2.126486035063863,1.894107986241579
1903616,0.0381279663706664,0.08531750866677612,3.402476280927658,0.5082074357196689,0.06933706233394332,0.031033849343657494,3.5291111320257187,1.1924255955964327,2.1155978366732597,2.284475140273571
1904640,0.02936136290372815,0.07912125263828784,3.6347465738654137,0.5241319797933102,0.022345817473251373,0.01839646525331773,3.762478604912758,1.7470595091581345,1.2849814901128411,1.4914513044059277
1905664,0.050476142117986456,0.08719160105101764,3.762305311858654,0.6874907203018665,0.049531210388522595,0.031668015057221055,3.5047546923160553,1.6624200195074081,1.145485296845436,1.8891363609582186
1906688,0.04706752538913861,0.06729075021576136,3.776653468608856,0.6545701008290052,0.07232399116037413,0.032158070302102715,3.8477389067411423,1.6910207085311413,1.7460107021033764,1.1931892400607467
1907712,0.04512574628461152,0.06655869097448885,3.669999822974205,0.5270109921693802,0.1565043584560044,0.0214306932175532,3.9789459854364395,1.8184640891849995,2.346436148509383,1.4454057682305574
1908736,0.039050927356584,0.04954490705858916,3.81261970102787,0.6848457623273134,0.07495193328941241,0.021649398695444688,3.8177657574415207,1.6791160590946674,1.5529271271079779,1.3902946468442678
1909760,0.05396951542934403,0.07823483634274453,3.8054191917181015,0.7026871591806412,0.07405679859220982,0.052358291926793754,3.753761000931263,1.7775899581611156,1.0519281513988972,1.5378218684345484
1910784,0.04913001670502126,0.045893178321421146,3.5137893185019493,0.5649190554395318,0.12735902471467853,0.02713289565872401,3.9574347361922264,1.6814899928867817,1.4768121503293514,2.371906664222479
1911808,0.0479098130017519,0.07274281908757985,3.881540782749653,0.7661389708518982,0.10621418210212141,0.028161822934634984,4.072870172560215,1.7991861887276173,2.36055164411664,2.178706832230091
1912832,0.057552607577235904,0.10387300536967814,3.8176259547472,0.7549126092344522,0.09798830363433808,0.03251134394668043,3.6289921402931213,1.3717196993529797,1.7310745790600777,2.539193419739604
1913856,0.07204146595904604,0.17362746642902493,3.7150322943925858,0.6659291889518499,0.13609626435209066,0.051643122686073184,3.54079607129097,1.3486844506114721,2.4877044782042503,3.3212228789925575
1914880,0.042699763376731426,0.11100395442917943,3.6976754292845726,0.623883156105876,0.04823153797769919,0.018159537808969617,3.478942960500717,1.2197864428162575,1.929272722452879,1.9365273751318455
1915904,0.05171534573310055,0.05234570393804461,3.907212920486927,0.6951073966920376,0.09909100143704563,0.02071920657181181,3.8363286703824997,1.5155488401651382,1.2838570792227983,2.0437809228897095
1916928,0.03628548049891833,0.0787377858068794,3.8991211652755737,0.7801270093768835,0.03289951881743036,0.03883467603009194,3.7016523629426956,1.5301650501787663,1.185189712792635,1.5040177702903748
1917952,0.05990905495127663,0.08986114803701639,3.4544877260923386,0.5724012637510896,0.16198970121331513,0.03913355089025572,3.902708373963833,1.6394685432314873,2.0492751449346542,1.904963755980134
1918976,0.044332624005619437,0.08011405647266656,3.7305938005447388,0.6963169751688838,0.04271650253213011,0.02957208064617589,3.7359241992235184,1.7184871174395084,1.1584720592945814,2.448577942326665
1920000,0.07369028680841438,0.13338952115736902,3.808313377201557,0.8320582695305347,0.07931646698853001,0.03168697271030396,3.926338844001293,2.006571814417839,1.8777533564716578,1.9706462603062391
1921024,0.07490427370066755,0.1118878258857876,3.742929123342037,0.7097185216844082,0.09911263873800635,0.035530766181182116,3.763714462518692,2.106744233518839,1.9368946403265,2.1951359221711755
1922048,0.04539352405117825,0.06828883581329137,3.8322094455361366,0.7676423527300358,0.054530004505068064,0.019036623591091484,3.9532463774085045,1.7562958002090454,1.018809836357832,1.3410948123782873
1923072,0.04611512366682291,0.09112332051154226,3.884479805827141,0.8001481350511312,0.03068141540279612,0.02929152676369995,3.874692291021347,2.3493544310331345,1.4875765182077885,1.908750331029296
1924096,0.043498292070580646,0.09013132774271071,3.7985954955220222,0.8076669070869684,0.05082454250077717,0.033951940131373703,3.6505921110510826,1.796724133193493,1.1365237832069397,2.607137802988291
1925120,0.07004078722093254,0.09722216799855232,3.6326058730483055,0.681289866566658,0.09574060514569283,0.031002883217297494,3.5501793697476387,1.7170461490750313,1.752138877287507,1.9483176041394472
1926144,0.046249041450209916,0.0831134932814166,3.6530641615390778,0.6063552815467119,0.1657859105616808,0.0352823284920305,3.907924562692642,1.881870150566101,3.966944992542267,2.5126481913030148
1927168,0.0511712620354956,0.08148426748812199,3.527711398899555,0.6216299924999475,0.10894023958826438,0.029396308586001396,3.729031018912792,1.3917110413312912,1.8418895453214645,1.7974192779511213
1928192,0.037830845365533605,0.10395106486976147,3.794400207698345,0.7328056022524834,0.047587865017703734,0.02950195997254923,3.711930528283119,1.558189034461975,1.7848187107592821,1.6931276768445969
1929216,0.0674996156594716,0.08299353020265698,3.782800778746605,0.6768055818974972,0.11364802467869595,0.035000367439351976,3.993620991706848,1.6944158747792244,1.8375785183161497,2.135938934981823
1930240,0.046560733928345144,0.05913625087123364,3.8384905010461807,0.6646906342357397,0.030165131553076208,0.0185771883407142,3.71977162361145,1.7775401286780834,1.3556571705266833,1.547981383278966
1931264,0.04608228654251434,0.06386693881358951,3.837771959602833,0.7268032338470221,0.07759479846572503,0.019370944908587262,3.30984665453434,1.0814863312989473,1.0017432514578104,1.4944498110562563
1932288,0.054668916563969105,0.053314049378968775,4.007758505642414,0.8324516732245684,0.05239698590594344,0.015598911501001567,3.8207668140530586,1.8200720772147179,0.9658826235681772,1.3066704757511616
1933312,0.0460051451518666,0.12153029860928655,3.944249175488949,0.89417246542871,0.07967031723819673,0.04821855004411191,3.9566861763596535,2.051914382725954,1.414575694128871,1.5198444426059723
1934336,0.025119740777881816,0.10789200942963362,3.9528125002980232,0.8663676399737597,0.04865241181687452,0.044933652447070926,3.7305234000086784,1.9064613208174706,1.2488526701927185,2.3977587148547173
1935360,0.045452466554706916,0.06258495477959514,3.9595709070563316,0.8879160396754742,0.09241811942774802,0.03466149908490479,3.8235808312892914,1.7911897376179695,1.5406495109200478,2.0842152014374733
1936384,0.059160676290048286,0.12730048061348498,3.841386340558529,0.7357423473149538,0.058641535171773285,0.041057680384255946,3.6060812696814537,1.7974207624793053,2.985116168856621,2.2379746716469526
1937408,0.05445348657667637,0.11376688932068646,3.655372329056263,0.5689109982922673,0.08154708449728787,0.029885374940931797,3.5499032884836197,1.5662065371870995,2.5411173701286316,1.8212455566972494
1938432,0.04867359480704181,0.1055418816395104,3.6940301060676575,0.6935976278036833,0.06706733122700825,0.03423575503984466,3.7342792749404907,1.916118063032627,2.3421534672379494,1.839252956211567
1939456,0.039926101148012094,0.18829711386933923,3.588362507522106,0.5634887386113405,0.15111164352856576,0.05887404445093125,4.221508905291557,2.3354358412325382,3.2060598228126764,2.0650994684547186
1940480,0.04473574450821616,0.17578017385676503,3.532540939748287,0.48899561911821365,0.16026619472540915,0.04093040386214852,3.9729128628969193,1.6088857613503933,2.501646548509598,2.5023891339078546
1941504,0.03934072284027934,0.09736347035504878,3.5008356496691704,0.49697368778288364,0.09868307958822697,0.02438763511599973,3.485403321683407,0.9716771766543388,2.2598562259227037,2.5551207158714533
1942528,0.03325759354629554,0.056426925119012594,3.5968775004148483,0.49894745368510485,0.10184577957261354,0.03307608611066826,3.630036510527134,1.1100598629564047,2.3112913090735674,3.867576403543353
1943552,0.0733676347299479,0.07723819697275758,3.8204504773020744,0.7143298331648111,0.10714485682547092,0.025930192787200212,3.879911594092846,1.3788485117256641,1.461952367797494,1.694225201383233
1944576,0.0582078738079872,0.05188410764094442,3.893905021250248,0.7568133939057589,0.07438586361240596,0.02038212286424823,3.893602453172207,1.490392293781042,1.1472486797720194,1.4818656463176012
1945600,0.058189806644804776,0.05589349882211536,3.8209123834967613,0.7668683994561434,0.11266095051541924,0.01948053785599768,3.9218329340219498,1.6366241164505482,1.1999598918482661,1.4905461501330137
1946624,0.06114031682955101,0.07396897277794778,3.79250717908144,0.689533231779933,0.14028394385240972,0.03757835307624191,3.706447459757328,1.1807088106870651,1.3346057599410415,2.3203511517494917
1947648,0.06140746461460367,0.09029365447349846,3.8234973773360252,0.7214035354554653,0.06704837246797979,0.043374081258662045,3.646425813436508,1.2392428293824196,1.8771611340343952,2.0487772915512323
1948672,0.046331892925081775,0.10675031505525112,3.7896802201867104,0.6720658726990223,0.07681206247070804,0.05771824636030942,3.6106141060590744,1.1927740536630154,1.6228300631046295,2.8370759189128876
1949696,0.0500359422294423,0.08868863037787378,3.8326677456498146,0.791351793333888,0.0674384355370421,0.036867976014036685,3.4485975429415703,1.2823086306452751,1.1927758362144232,1.6259591989219189
1950720,0.052973599871620536,0.09248007624410093,3.738201081752777,0.6569706555455923,0.06696252466645092,0.03311393887270242,3.8097541332244873,1.663591731339693,1.5318067204207182,1.605516204610467
1951744,0.041856263793306425,0.0994742123875767,3.695974498987198,0.7737703043967485,0.06492259644437581,0.04098510288167745,3.6767720952630043,1.4804732240736485,1.2047257497906685,1.545912429690361
1952768,0.03003034964785911,0.075171391479671,3.7801557779312134,0.7219566106796265,0.0924672348483,0.04041309840977192,3.9121955186128616,1.7759208008646965,1.312041888013482,1.7130815461277962
1953792,0.05789478699443862,0.10391091299243271,3.6692056357860565,0.5966667011380196,0.16029396862722933,0.04249900841386989,3.80367524176836,1.5996524840593338,2.4071702025830746,3.293153952807188
1954816,0.06135126913432032,0.051230978104285896,3.622341960668564,0.5576837677508593,0.17776556545868516,0.021262247813865542,3.9007890298962593,1.513826820999384,2.223339281976223,2.3761304579675198
1955840,0.0392897084238939,0.058063214528374374,3.910471737384796,0.8015564922243357,0.054925181437283754,0.015625629137502983,3.7036137878894806,1.3530704490840435,1.299773845821619,1.3086232375353575
1956864,0.05560144875198603,0.0687049349071458,3.796821877360344,0.695034097880125,0.09983542480040342,0.016045232769101858,3.5431380942463875,1.2182032782584429,2.553588869050145,1.2393603678792715
1957888,0.04046608746284619,0.06182435969822109,3.900268316268921,0.7963713835924864,0.052334515523398295,0.0189833240583539,3.608483351767063,1.2507698386907578,1.5991265811026096,1.8435037061572075
1958912,0.06163327710237354,0.0844132846686989,3.694398060441017,0.6635353174060583,0.09249322934192605,0.02310798881808296,3.6142738983035088,1.5345643535256386,3.619471788406372,2.014485588297248
1959936,0.05808549208450131,0.059980697580613196,3.750924937427044,0.7131371572613716,0.1405574872624129,0.023430815286701545,4.007190048694611,1.7838503159582615,1.8775348234921694,1.5184532487764955
1960960,0.050335841020569205,0.10741046606563032,3.6809685602784157,0.6901246160268784,0.10410892750951461,0.03815654409117997,3.6946425437927246,1.4424010626971722,2.363707536831498,2.24568535387516
1961984,0.0317245653423015,0.08196017437148839,3.5868520736694336,0.5630568461492658,0.057592446624767035,0.019506131182424724,3.615484893321991,1.3384866081178188,1.819832131266594,1.286252450197935
1963008,0.037568559258943424,0.09759475314058363,4.004404619336128,1.0369630306959152,0.02746139770897571,0.04929904639720917,3.5833344757556915,1.5240284726023674,1.6343672573566437,1.3105819392949343
1964032,0.052060333400731906,0.12664781603962183,3.8124902546405792,0.7744095511734486,0.1258738680917304,0.04988871002569795,3.7389049902558327,2.027733691036701,1.8385644722729921,1.9734384380280972
1965056,0.05679684650385752,0.0922450665384531,3.9217920675873756,0.8240816369652748,0.10002425580751151,0.03638319415040314,3.905277483165264,1.880783811211586,2.4392419662326574,1.72533418238163
1966080,0.053429428196977824,0.0957984394626692,3.873707205057144,0.8295222669839859,0.03895055307657458,0.04165398166514933,3.1160153299570084,1.1603831872344017,1.755862481892109,1.6240717433393002
1967104,0.04619473029742949,0.05489985318854451,3.7213158532977104,0.6168018989264965,0.11817137291654944,0.014696893020300195,3.886509045958519,1.554458562284708,1.6802149172872305,2.1642931401729584
1968128,0.05450085847405717,0.08620525617152452,3.548102766275406,0.6019587721675634,0.10660394909791648,0.023188831459265202,3.4939902052283287,1.1044317558407784,2.0916352942585945,1.6762765552848577
1969152,0.05701711781148333,0.07264868554193527,3.8088079020380974,0.7290567513555288,0.07301801745779812,0.019150858628563583,3.41977795958519,1.019946189597249,1.364198824390769,1.8435961063951254
1970176,0.055341245330055244,0.06127661617938429,3.791454017162323,0.6856581270694733,0.09244105697143823,0.022240547987166792,3.92204362899065,1.6438473090529442,1.3575698472559452,1.401135953143239
1971200,0.032786018011393026,0.09033194195944816,3.8642677664756775,0.7368357125669718,0.08611692499835044,0.03479176270775497,3.6300739347934723,1.298028938472271,1.755647461861372,1.9981941599398851
1972224,0.06954417339875363,0.09375978098250926,3.54343581199646,0.6112576052546501,0.08309731306508183,0.03474628453841433,3.5373270511627197,1.3636134006083012,2.165266966447234,2.2039190027862787
1973248,0.04490108242316637,0.09946816437877715,3.435973137617111,0.4788293754681945,0.15250457357615232,0.021931747352937236,3.6693874523043633,1.3390062376856804,2.816176299005747,1.7489013578742743
1974272,0.04990178410662338,0.0458374802256003,3.876305788755417,0.7049122909083962,0.07536723517114297,0.018434796918882057,3.9428069591522217,1.617280412465334,1.440749041736126,1.9275669725611806
1975296,0.04580174951115623,0.06333739135880023,3.805175796151161,0.6441402453929186,0.10988461939268745,0.02406042203074321,3.8978480100631714,1.435920774936676,1.8665224071592093,1.3674301654100418
1976320,0.036705224760225974,0.05442619021050632,3.93527153134346,0.7832822594791651,0.057460238254861906,0.018315062072360888,3.8935382142663,1.6398737728595734,1.0071404576301575,1.468690212816
1977344,0.04728014148713555,0.07134472520556301,3.702808015048504,0.6688427161425352,0.09323357240646146,0.022354134067427367,3.2956685572862625,1.1750136688351631,1.5299364887177944,1.5474578961730003
1978368,0.061065927031449974,0.09846294089220464,3.6218191608786583,0.62591103464365,0.10816610881011002,0.025494067696854472,3.789525054395199,1.4035127218812704,2.039203356951475,1.6154064256697893
1979392,0.04958404152421281,0.07748213550075889,3.6149837970733643,0.5523610478267074,0.0974137521116063,0.02472629988915287,3.790439024567604,1.5041426420211792,2.356037074699998,1.6731577794998884
1980416,0.06579794053686783,0.11319419369101524,3.5904635861516,0.581043154001236,0.14710757648572326,0.039616252935957164,3.8710762411355972,1.441091749817133,2.9146583694964647,2.6587488930672407
1981440,0.04912826366489753,0.08778747264295816,3.680893711745739,0.579897178336978,0.10555881692562252,0.030337296309880912,3.7054570987820625,1.2680275607854128,1.8541651796549559,1.953461041674018
1982464,0.04309007145639043,0.03676354273920879,3.860411837697029,0.8335453700274229,0.060027137587894686,0.012142231687903404,3.5109445452690125,1.2788544334471226,0.9896120578050613,1.4456422738730907
1983488,0.05909248066745931,0.06378013209905475,3.8617166876792908,0.7963086888194084,0.05917794530978426,0.02548519996344112,3.594708651304245,1.4131659716367722,1.5158279929310083,1.2575267367064953
1984512,0.04959100220003165,0.06972084613516927,3.6809027418494225,0.6808765158057213,0.037423219851916656,0.04269867209950462,3.444419749081135,1.5088367089629173,1.2532549947500229,1.6270920261740685
1985536,0.047789678967092186,0.11137773375958204,3.9100828990340233,0.8838436901569366,0.06549183971947059,0.04044108639936894,3.947722040116787,2.3780710101127625,1.7463929057121277,1.3513922281563282
1986560,0.052637861837865785,0.08491717674769461,3.613727405667305,0.7360594235360622,0.08102801401400939,0.03762453678064048,3.7199448347091675,2.0838359892368317,1.2931007463485003,1.8801274728029966
1987584,0.048401364707387984,0.10954893892630935,3.6925208270549774,0.6230993419885635,0.08307820482878014,0.04276675189612433,3.75293792784214,2.155887920409441,1.6549461968243122,2.4636566527187824
1988608,0.0310137493070215,0.051574191777035594,3.6117216423153877,0.5710912793874741,0.0960596072836779,0.024810781178530306,3.7327438443899155,1.6616084836423397,1.1945610232651234,2.371207946911454
1989632,0.05095158322365023,0.07164855068549514,3.3619670048356056,0.5610864479094744,0.1431322960415855,0.03148265735944733,3.8187484964728355,1.5424869731068611,1.919682789593935,3.4944169372320175
1990656,0.0403299645986408,0.07278317958116531,3.772106349468231,0.6469444707036018,0.07385922243702225,0.03301901419763453,4.0273517072200775,1.890877217054367,1.1437146477401257,2.34010661393404
1991680,0.03564634302165359,0.08656010357663035,3.8564602434635162,0.7920304220169783,0.07154135423479602,0.033933177444851026,3.7242776229977608,1.8110183216631413,1.135728245601058,1.6891588680446148
1992704,0.0546935775782913,0.08214676869101822,3.9397521317005157,0.8474838174879551,0.11197847756557167,0.03153177065541968,3.932452604174614,1.9179071336984634,1.3266040738672018,1.7915240805596113
1993728,0.05801558730308898,0.10989761841483414,3.7230916246771812,0.6502509918063879,0.09662054205546156,0.027342790679540485,3.532820835709572,1.1901508122682571,2.511725263670087,1.641550587490201
1994752,0.02784994688408915,0.04915306193288416,3.886488549411297,0.82098831795156,0.04754784511169419,0.03046169748995453,3.7388870790600777,1.5276299007236958,1.1683955509215593,2.0086786467581987
1995776,0.04368602792965248,0.07258602080401033,3.9691464006900787,0.9215129539370537,0.04711294072330929,0.04798725771252066,3.7280283495783806,1.6794467717409134,1.2215018719434738,1.9864235017448664
1996800,0.05680000447318889,0.11349127651192248,3.6483000367879868,0.6046641673892736,0.22052554925903678,0.03754939162172377,4.1718049719929695,2.17931916564703,2.07128032296896,2.2720204647630453
1997824,0.06273071785108186,0.07283622270915657,3.5627777203917503,0.5271178241819143,0.19684352772310376,0.04697319935075939,3.9856525287032127,1.6196022182703018,2.1251118667423725,4.0599948689341545
1998848,0.05260628697578795,0.07284908392466605,3.444496914744377,0.4533090330660343,0.09051613803603686,0.04676406993530691,3.54285104572773,1.0465179476886988,1.9875780045986176,4.069346651434898
1999872,0.03927852705237456,0.07373231777455658,3.8086240515112877,0.7271459037438035,0.08813635731348768,0.026876879564952105,3.819528043270111,1.5836012363433838,2.065326441079378,2.037404218688607
