step,agv_actor_loss,agv_value_loss,agv_entropy,agv_approx_kl,pick_actor_loss,pick_value_loss,pick_entropy,pick_approx_kl,agv_grad_norm,pick_grad_norm
1024,0.18985056364908814,0.4256811961531639,4.571784719824791,1.7913991138339043,0.20417521614581347,0.1523192711174488,4.498241946101189,2.36990400403738,1.1899296948686242,1.1504488121718168
2048,0.1425504805520177,0.48308625258505344,4.109478086233139,1.0378178097307682,0.15796637116000056,0.1353543089935556,3.896819993853569,1.2070249542593956,1.5908864941447973,0.9468911737203598
3072,0.11441452009603381,0.46946614887565374,3.9566178619861603,0.89377729780972,0.10357236588606611,0.11365651711821556,3.5019503608345985,0.9418244250118732,1.3754205014556646,1.1771720247343183
4096,0.11011873674578965,0.42464207485318184,3.818967692553997,0.806228207424283,0.08534759987378493,0.11704586923588067,3.260264404118061,0.9421134646981955,1.370769664645195,0.7831108160316944
5120,0.08908592874649912,0.40222174022346735,3.7930936366319656,0.8055242523550987,0.08233636186923832,0.0736413377453573,3.2288412898778915,0.8940714616328478,1.468048594892025,0.7324896287173033
6144,0.11401054763700813,0.39966066647320986,3.959280677139759,0.9599187783896923,0.09059111645910889,0.10419895767699927,3.6213541105389595,1.173007721081376,1.0889212284237146,0.8220720086246729
7168,0.0858710368629545,0.37523281248286366,3.8191358223557472,0.8576364014297724,0.08299726180848666,0.07667110802140087,3.6422784253954887,1.2940846756100655,1.6064079888164997,0.9919190416112542
8192,0.12000551167875528,0.9438626226037741,3.6020087599754333,0.7833728604018688,0.1442298844922334,0.12739681464154273,3.6979658529162407,1.2097814604640007,2.3375772684812546,1.1120857177302241
9216,0.10134426900185645,0.5531660839915276,3.536209210753441,0.69361393712461,0.1065650184173137,0.10595941764768213,3.7649261206388474,1.229921817779541,1.8776136115193367,0.953006399795413
10240,0.08086753464885987,0.41816782765090466,3.4674695879220963,0.59034657292068,0.13236632838379592,0.08043341216398403,3.524431489408016,1.0448809061199427,1.647375574335456,0.953944792971015
11264,0.08094859682023525,0.3334354078397155,3.5692645013332367,0.632728535681963,0.10867245064582676,0.05176092457259074,3.6773942932486534,1.139928426593542,1.540688417851925,0.6574667654931545
12288,0.07294563308823854,0.602374061010778,3.5536985397338867,0.6310099419206381,0.10746289329836145,0.09656346996780485,3.521263934671879,1.1298200991004705,1.836601773276925,1.1571055352687836
13312,0.08360354238539003,0.5705851204693317,3.676181271672249,0.6398931369185448,0.10750160121824592,0.09671064780559391,3.6395283713936806,1.2012618575245142,1.7234653308987617,1.2654294585809112
14336,0.10118243750184774,0.4228127310052514,3.6174928843975067,0.7258795406669378,0.1186384527827613,0.05674725282005966,3.545469045639038,1.000951398164034,1.6059142462909222,0.8497133906930685
15360,0.0645514213538263,0.5065822517499328,3.4589807018637657,0.5334442779421806,0.08671774237882346,0.10060203506145626,3.7892285138368607,1.2272218391299248,1.8501310981810093,0.7520561655983329
16384,0.06976932164980099,0.6184264626353979,3.4413525834679604,0.5842237193137407,0.10186828946461901,0.07489026058465242,3.8471799567341805,1.4662794955074787,1.9666445646435022,0.9012834914028645
17408,0.07650886464398354,0.49055240768939257,3.5401348620653152,0.6159795075654984,0.12497076496947557,0.06778943724930286,3.7125102803111076,1.3556080888956785,1.5669746790081263,0.6825096663087606
18432,0.07424847260699607,0.5334688480943441,3.661083996295929,0.6478478070348501,0.11340192402713001,0.05622656492050737,3.8573050424456596,1.4586973674595356,1.604193776845932,0.7691717483103275
19456,0.09824731794651598,0.5337101807817817,3.5731613859534264,0.6873962804675102,0.11129168618936092,0.06814937811577693,3.9353218004107475,1.6443368531763554,1.5247813928872347,0.7066708309575915
20480,0.05895700689870864,0.466271192766726,3.5615163296461105,0.49445479176938534,0.11220814823172987,0.07938819844275713,3.8027091175317764,1.5493073463439941,1.6487154923379421,0.8864481318742037
21504,0.05361171957338229,0.3774449657648802,3.5225413888692856,0.4616368794813752,0.12012624769704416,0.06122023693751544,3.8564986661076546,1.6199993938207626,1.4043058156967163,0.806580369360745
22528,0.07128311815904453,0.5425397157669067,3.6049806624650955,0.6463521420955658,0.0780790385324508,0.08455397037323564,3.3330959007143974,1.3066992480307817,1.5218181125819683,0.9434312153607607
23552,0.09274641121737659,0.5791868027299643,3.7354930341243744,0.7880027964711189,0.10286172249470837,0.07902405399363488,3.70283105969429,1.3202113322913647,1.5316605158150196,0.9341405555605888
24576,0.08326647337526083,0.4798908056691289,3.673762634396553,0.6586624495685101,0.10665821982547641,0.08449001528788358,3.9120701923966408,1.745446640998125,1.46900406293571,1.0266381660476327
25600,0.08064892992842942,0.5306067699566483,3.5892363488674164,0.6038324292749166,0.1322458161157556,0.07952005264814943,3.8270793482661247,1.3479317221790552,1.6492322534322739,1.410306928679347
26624,0.08207297837361693,0.6317751761525869,3.496243603527546,0.6474057994782925,0.08972917392384261,0.07538189680781215,3.526983104646206,1.0343933999538422,1.8737097345292568,1.0218892097473145
27648,0.0891236960887909,0.5481845773756504,3.5493453443050385,0.6336495969444513,0.08263718136004172,0.051875030680093914,3.631307892501354,1.4325963892042637,1.7263504583388567,0.7448231671005487
28672,0.06689824583008885,0.45988141000270844,3.466355711221695,0.6140761915594339,0.09998459694907069,0.08358583389781415,3.711504451930523,1.428647480905056,1.2512369584292173,0.8710543233901262
29696,0.05635973103926517,0.5473176948726177,3.499937564134598,0.47912450786679983,0.10031724045984447,0.057239245041273534,3.7952181547880173,1.5871341563761234,1.5063340291380882,0.9338556285947561
30720,0.06847909593489021,0.4297567689791322,3.521358735859394,0.6015068683773279,0.08740361296804622,0.08258253789972514,3.534034349024296,1.2869278490543365,1.3685193751007318,1.1378014720976353
31744,0.08066067181061953,0.4934055535122752,3.6240720748901367,0.6484722513705492,0.0903424626449123,0.0517652002745308,3.527200900018215,1.2898087333887815,1.5673121884465218,0.775943917222321
32768,0.055034116259776056,0.5638915039598942,3.4321970343589783,0.48369457945227623,0.1063481742166914,0.07944797666277736,3.7953674644231796,1.800137810409069,1.4183472394943237,0.930372423492372
33792,0.052157095982693136,0.4098835103213787,3.4834621995687485,0.4735772851854563,0.09981565555790439,0.06683873815927655,3.7964723482728004,1.4946698378771544,1.3606683779507875,0.8707660976797342
34816,0.0649089825747069,0.4167241556569934,3.621758058667183,0.5750284101814032,0.10998607135843486,0.06619870068971068,3.735992558300495,1.4596553444862366,1.0876565426588058,1.0504374895244837
35840,0.051156911125872284,0.3522103214636445,3.5179739966988564,0.49826913233846426,0.08575688718701713,0.06875694682821631,3.93698813021183,1.9006314910948277,1.0536577869206667,1.100821329280734
36864,0.07665749720763415,0.33901044726371765,3.5120907053351402,0.590494648553431,0.10357752983691171,0.06574947491753846,3.689253084361553,1.5112353451550007,0.9749512430280447,0.9462220976129174
37888,0.06599303497932851,0.39827381167560816,3.429881900548935,0.5535248490050435,0.06514907868404407,0.06012310809455812,3.6963304355740547,1.553550936281681,1.080089259892702,1.0081221498548985
38912,0.04494392964988947,0.41145496256649494,3.389962673187256,0.4621179345995188,0.10222212149528787,0.06646728387568146,3.8868565186858177,2.0297771096229553,1.126764902845025,1.0144592318683863
39936,0.06806579187104944,0.4853305034339428,3.6554976403713226,0.6369748879224062,0.10171180655015633,0.054555640439502895,3.673558071255684,1.5351748075336218,1.4085947368294,1.0335562508553267
40960,0.06426808051764965,0.5492484122514725,3.61348620057106,0.655700596049428,0.1288789592217654,0.06454494839999825,3.7828873470425606,1.5227158032357693,1.3407961148768663,1.0357322003692389
41984,0.0559718462463934,0.527003588154912,3.348445512354374,0.4786767140030861,0.0809813131345436,0.06663387932348996,3.5257183015346527,1.3997636176645756,1.2398287858814,1.0498006790876389
43008,0.05484161965432577,0.5365742696449161,3.3849806636571884,0.4877351298928261,0.1326625304063782,0.07095855649095029,3.9560459554195404,1.8173529356718063,1.0607575420290232,1.2123233918100595
44032,0.055180131137603894,0.5004038978368044,3.3858104050159454,0.494771515019238,0.0950646426063031,0.04840818024240434,3.81364393979311,1.5557773038744926,1.0723746083676815,1.0667179021984339
45056,0.06377631344366819,0.49777382519096136,3.5668174475431442,0.5759472958743572,0.0718378871679306,0.06795872619841248,3.8269369155168533,1.8259401619434357,1.381126020103693,1.2197792287915945
46080,0.04069939168402925,0.3518720455467701,3.351015955209732,0.41270925011485815,0.09486883255885914,0.039231184287928045,3.646538406610489,1.754164218902588,1.1415008176118135,1.3581758476793766
47104,0.07101921859430149,0.5018006982281804,3.549692250788212,0.6080936547368765,0.08769298053812236,0.09653997980058193,3.6577735394239426,1.6066114380955696,1.260968640446663,1.4113288596272469
48128,0.04766361421206966,0.5191874904558063,3.5060817152261734,0.462466511875391,0.06393770969589241,0.0695630112895742,4.031183704733849,2.2539883591234684,1.322518341243267,1.1029995176941156
49152,0.05398638022597879,0.5201625106856227,3.3724129050970078,0.4595883619040251,0.12814882048405707,0.06205067178234458,3.7635491341352463,1.5049066469073296,1.3750565759837627,1.3454011753201485
50176,0.04762244038283825,0.4820876708254218,3.6175810769200325,0.5863534733653069,0.11860307870665565,0.06679633352905512,3.8515143170952797,1.9575921818614006,1.258417010307312,1.0134668238461018
51200,0.0518357933324296,0.6375616267323494,3.508698768913746,0.5324777765199542,0.12212353057111613,0.06537099438719451,3.75224257260561,1.6974843740463257,1.5763567704707384,1.4562928769737482
52224,0.049182721486431547,0.5441431170329452,3.58156605809927,0.561095048673451,0.10416088066995144,0.04484408028656617,3.924566298723221,1.8006079196929932,1.3958569895476103,1.347376924008131
53248,0.04518266211380251,0.5174051867797971,3.6015129908919334,0.5398159781470895,0.0804134062200319,0.05768260353943333,3.797640174627304,1.635355107486248,1.2956511918455362,1.3302161898463964
54272,0.04230161863961257,0.5120979268103838,3.374314434826374,0.3907344862818718,0.09769263016642071,0.05482738872524351,3.7910412177443504,1.538021493703127,1.5188034139573574,1.3376402780413628
55296,0.0641175068449229,0.3900583959184587,3.6192168444395065,0.6454937178641558,0.0902906337287277,0.024922666256316006,3.2435203567147255,1.2854328006505966,1.4770628493279219,1.637912880629301
56320,0.0641490769921802,0.6176327532157302,3.658573977649212,0.5918235126882792,0.10037461947649717,0.05779175052884966,3.958369553089142,1.9184253364801407,1.348277784883976,1.4282558541744947
57344,0.02923757379176095,0.44476454239338636,3.3800168111920357,0.39016869105398655,0.06823752139462158,0.03509562695398927,3.838178478181362,1.7846855819225311,1.3368427846580744,1.28010687045753
58368,0.046029278688365594,0.43559382390230894,3.4472963213920593,0.46292662154883146,0.10887364379595965,0.044408848974853754,3.8464587405323982,1.802563201636076,1.263256672769785,1.6360543128103018
59392,0.047111197316553444,0.4555080197751522,3.51991568505764,0.5211453326046467,0.07896964281098917,0.04186716990079731,3.778166525065899,1.7543604522943497,1.4498977847397327,1.4059239216148853
60416,0.04305216672946699,0.4140940010547638,3.4168815836310387,0.40876960288733244,0.08042112353723496,0.03351546480553225,3.8749267011880875,2.054790023714304,1.24496166780591,1.4080482851713896
61440,0.039745858986862004,0.5277662565931678,3.4402082040905952,0.4751862781122327,0.09196275239810348,0.06041068129707128,3.8362604156136513,1.8024841025471687,1.0809173807501793,1.3447176646441221
62464,0.045316908217500895,0.3977768328040838,3.5451892018318176,0.49836389161646366,0.12621912779286504,0.03872633201535791,4.058920107781887,2.1121120639145374,1.0209408309310675,1.2426642756909132
63488,0.05125461291754618,0.44376357458531857,3.5849698334932327,0.5416627796366811,0.09553168213460594,0.0586585255805403,3.78766593337059,1.741111934185028,1.056460591033101,1.311443218961358
64512,0.043248093978036195,0.39639008324593306,3.568007506430149,0.5406347112730145,0.11076437786687165,0.07299455755855888,3.6854632571339607,1.5563060268759727,1.1453256998211145,1.5665816105902195
65536,0.03619135214830749,0.5290442453697324,3.5377147793769836,0.46935751661658287,0.04991882009198889,0.08127618907019496,3.826068714261055,1.9326003901660442,1.276128338649869,1.6201797388494015
66560,0.07625059253768995,0.46432511508464813,3.730200633406639,0.6525625325739384,0.10951276624109596,0.04963262606179342,3.397971250116825,1.3815112505108118,1.104803442955017,1.5329504553228617
67584,0.06264949031174183,0.63145337626338,3.6969601809978485,0.7386478669941425,0.10772622743388638,0.07865061343181878,3.6998409032821655,1.3786683976650238,1.1831729542464018,1.5407312456518412
68608,0.04858669528039172,0.41436736192554235,3.5982068553566933,0.5827556010335684,0.1136837888188893,0.0777929206378758,3.745340943336487,1.5247686095535755,1.238424889743328,2.213859571143985
69632,0.05582649690040853,0.5194154186174273,3.543962687253952,0.49365187156945467,0.110749616404064,0.07350379938725382,3.753869228065014,1.5664734840393066,1.2655451819300652,2.276422556489706
70656,0.05873310304014012,0.4392385333776474,3.765807166695595,0.6652802471071482,0.10958572337403893,0.06080399174243212,3.6970858946442604,1.4838130697607994,0.8967815209180117,2.388164257630706
71680,0.06344639023882337,0.4491571821272373,3.6419024243950844,0.6247566863894463,0.06668448308482766,0.06345087720546871,3.271726317703724,1.0217254366725683,1.1348678469657898,1.9788455236703157
72704,0.06926286348607391,0.4669094569981098,3.612652726471424,0.5915989745408297,0.12778592261020094,0.05911146104335785,3.763597309589386,1.547024741768837,1.0804211609065533,2.1702655032277107
73728,0.05028799717547372,0.3709692284464836,3.700636200606823,0.6066327840089798,0.08446139591978863,0.0561799785355106,3.299549877643585,1.1253701318055391,0.9726898483932018,2.173963326960802
74752,0.05478037733701058,0.30501183634623885,3.6858267188072205,0.6350112892687321,0.12109893484739587,0.05435484042391181,3.3820459693670273,1.2581789325922728,0.8773527927696705,2.0585482325404882
75776,0.06479755454347469,0.5082016093656421,3.6823249235749245,0.6741156354546547,0.09681278055359144,0.08649299526587129,3.595939390361309,1.2448394894599915,1.0755174662917852,1.6565888803452253
76800,0.07150392682524398,0.3475694954395294,3.702102266252041,0.7004216518253088,0.14957340410910547,0.049196950742043555,3.9349321871995926,1.8128333538770676,0.9015483241528273,1.8667637277394533
77824,0.048328051663702354,0.49154598265886307,3.6320543959736824,0.6499728988856077,0.1833155311178416,0.05481041059829295,3.9644551128149033,1.6698673963546753,0.9849550370126963,1.4024253133684397
78848,0.07070988597115502,0.31679971935227513,3.861924171447754,0.8528523612767458,0.1165626632864587,0.06733251991681755,3.761393442749977,1.436774143949151,1.0025925673544407,1.892086835578084
79872,0.06408597718109377,0.5008653430268168,3.6612974628806114,0.6803689133375883,0.10402411594986916,0.07455180829856545,3.6782733649015427,1.436735164374113,1.0717152766883373,2.063134105876088
80896,0.061954577860888094,0.612663310021162,3.6833780631422997,0.6735669486224651,0.06293772219214588,0.10375162318814546,3.5614061281085014,1.479439064860344,1.21727648191154,2.5799100548028946
81920,0.06069325111457147,0.390542009845376,3.6960044726729393,0.6436225548386574,0.09616116085089743,0.0555475294822827,3.498524524271488,1.256901379674673,1.1381169501692057,1.9468101598322392
82944,0.06380931011517532,0.4146946305409074,3.7786165848374367,0.6885682381689548,0.11113796971039847,0.04909507860429585,3.5854230895638466,1.1690584011375904,1.1354658883064985,2.1629602797329426
83968,0.0662533070135396,0.3278999770991504,3.7292639017105103,0.646607767790556,0.10458750138059258,0.05889011442195624,3.779948465526104,1.4881578087806702,1.0028370805084705,1.7509310524910688
84992,0.038207773948670365,0.4581933803856373,3.544134557247162,0.6005402561277151,0.07566875711199827,0.1186558532062918,3.7958998158574104,1.827210944145918,1.08278139680624,2.479938603937626
86016,0.05649770161835477,0.3952423483133316,3.6854691356420517,0.6287233680486679,0.1730143770109862,0.05313805758487433,3.640559032559395,1.4186386801302433,1.0665147472172976,2.669944079592824
87040,0.04104341805214062,0.5040802201256156,3.6510829478502274,0.6097131911665201,0.08344044457771815,0.06378187506925315,3.8022413700819016,1.4715395085513592,1.1322275791317225,1.6961053237318993
88064,0.046111600124277174,0.29471368063241243,3.7772530987858772,0.7149937245994806,0.12965074460953474,0.04458104574587196,3.7074349001049995,1.2903812937438488,1.1121566016227007,1.7708261664956808
89088,0.07203335373196751,0.41415200382471085,3.7967009842395782,0.6918848287314177,0.0906232442939654,0.041025748767424375,3.7733705192804337,1.5421010628342628,1.0525439698249102,1.674823923036456
90112,0.056333104585064575,0.47340482380241156,3.6663358211517334,0.619821198284626,0.11120508867315948,0.05722650809912011,3.4981290251016617,1.3221324868500233,1.2082693446427584,2.2824235800653696
91136,0.057186063364497386,0.3813683018088341,3.652477450668812,0.5774872303009033,0.08025372226256877,0.05120725539745763,3.445883497595787,1.1362085342407227,1.2374982219189405,2.297499056905508
92160,0.043166294068214484,0.3815005039796233,3.7735965475440025,0.7003448437899351,0.14637444715481251,0.05622538994066417,3.777805835008621,1.4657182581722736,1.1469274498522282,2.1386034935712814
93184,0.0638350018998608,0.33220281917601824,3.8479002192616463,0.7824770547449589,0.09128576921648346,0.043245852168183774,3.7179848104715347,1.327111154794693,0.8851499706506729,1.2506059892475605
94208,0.062236643861979246,0.42940914910286665,3.7509799748659134,0.735900666564703,0.09058609476778656,0.09897071402519941,3.942325860261917,1.7617905959486961,1.0143015682697296,2.286521365866065
95232,0.05172165558906272,0.500080643221736,3.7361336573958397,0.6987654827535152,0.09340716106817126,0.10615329071879387,3.95662609487772,1.7891454473137856,1.1153502445667982,1.9684840142726898
96256,0.04762809177918825,0.37478206492960453,3.611472599208355,0.5917694121599197,0.13243315601721406,0.07953441934660077,3.824883349239826,1.6524250358343124,1.1883108541369438,2.2646145448088646
97280,0.04663777558016591,0.3223994029685855,3.5697512701153755,0.573475263081491,0.0770424407965038,0.05800610961159691,3.586649253964424,1.3960675206035376,1.1017049849033356,1.500553110614419
98304,0.0613680288370233,0.3169017410837114,3.6450668051838875,0.6087007820606232,0.07474598992848769,0.048181466350797564,3.525788150727749,1.3397545106709003,1.0485966876149178,2.4186159409582615
99328,0.068851841497235,0.5189750324934721,3.6722559556365013,0.6287308726459742,0.10369357571471483,0.08762850472703576,3.720635712146759,1.3498304635286331,1.0349825751036406,1.8941364921629429
100352,0.06469466688577086,0.47156384121626616,3.6492019444704056,0.6289675310254097,0.1108501884737052,0.061063175671733916,3.4518880173563957,1.2978497073054314,1.0273970533162355,2.270412178710103
101376,0.05125146158388816,0.3787370892241597,3.6450457349419594,0.6266486486420035,0.0687794086697977,0.05732029292266816,3.624947927892208,1.2746917940676212,1.1008720640093088,1.3726505897939205
102400,0.06116859323810786,0.439824519213289,3.7462668269872665,0.743161590769887,0.09705794928595424,0.06731063209008425,3.4154917523264885,1.1000323109328747,1.0158384963870049,1.9190479647368193
103424,0.03945916978409514,0.3854904007166624,3.691715784370899,0.6192640848457813,0.04739479415002279,0.08448838104959577,3.6379463523626328,1.5089784152805805,1.0273006036877632,2.6084322929382324
104448,0.05607063831121195,0.5163598069921136,3.6327306628227234,0.6380019690841436,0.1355665719602257,0.07030890125315636,3.7605954334139824,1.5114672258496284,1.2665276750922203,3.2788256406784058
105472,0.04432848752185237,0.5282666375860572,3.707179181277752,0.6692521423101425,0.07519583136308938,0.06741798331495374,3.65792129188776,1.3754920065402985,1.2697610687464476,1.9483766444027424
106496,0.062188626907300204,0.36115293484181166,3.765580430626869,0.6763905957341194,0.10554701357614249,0.040102256927639246,3.8290212154388428,1.8452493511140347,1.0860272515565157,1.894746370613575
107520,0.045818648737622425,0.4827070254832506,3.607722721993923,0.5972123201936483,0.12091704457998276,0.07264008070342243,3.601446308195591,1.4972117133438587,1.062464389950037,2.4675337690860033
108544,0.035687403578776866,0.4140359740704298,3.5110282078385353,0.5331721333786845,0.09543332178145647,0.08088716922793537,3.815470315515995,1.5105524957180023,1.0726784691214561,2.268477216362953
109568,0.056125733157387,0.40664495434612036,3.7085250541567802,0.6765322890132666,0.09364948773873039,0.08649026742205024,3.7324203327298164,1.513010036200285,1.0747700780630112,2.655775897204876
110592,0.050242505938513204,0.476196494884789,3.520594149827957,0.6251994669437408,0.13722460134886205,0.08694279147312045,3.893829867243767,1.7733673304319382,1.2505715694278479,2.269433595240116
111616,0.05548590866965242,0.6338956383988261,3.6538503393530846,0.6688866466283798,0.06941059476230294,0.0808906510937959,3.6726909205317497,1.433728989213705,1.3749349676072598,2.265430450439453
112640,0.053074421535711735,0.48861903697252274,3.6650886982679367,0.61786132119596,0.07730598040507175,0.06308366416487843,3.9232933074235916,1.86162943020463,1.2648233100771904,2.777944829314947
113664,0.0420307244930882,0.49757505115121603,3.5758841410279274,0.570317504927516,0.0926508791744709,0.0817534796660766,3.7411648854613304,1.7835920974612236,1.2437926419079304,2.599164532497525
114688,0.04784527559240814,0.5391565170139074,3.515961579978466,0.5790525656193495,0.100338161282707,0.06981759681366384,3.6662351563572884,1.4042350836098194,1.1827132739126682,2.182577308267355
115712,0.057023326749913394,0.3842878798022866,3.656955063343048,0.6697079818695784,0.15728697832673788,0.058820592355914414,3.7041932195425034,1.6085036508738995,1.0199803374707699,2.7186500560492277
116736,0.04178128784405999,0.5658535342663527,3.733472041785717,0.6897434461861849,0.13692906487267464,0.06645770207978785,3.7698501646518707,1.477056410163641,1.2798067722469568,2.030240250751376
117760,0.08006023906636983,0.366939396597445,3.7514705508947372,0.7324540205299854,0.10948610142804682,0.04375160014024004,3.395153060555458,1.213373713195324,0.9577094782143831,2.088478647172451
118784,0.05647202400723472,0.46530147176235914,3.248321771621704,0.48714812379330397,0.14116442622616887,0.06329135794658214,3.896240845322609,1.4265103302896023,1.1000694818794727,2.1736302077770233
119808,0.03728019760455936,0.5364210586994886,3.573053702712059,0.542501243762672,0.07754729338921607,0.057307079900056124,3.7394849210977554,1.5283125899732113,1.2950865644961596,1.8917824476957321
120832,0.044946852867724374,0.4526237966492772,3.669534206390381,0.6538090072572231,0.11677443142980337,0.05225329706445336,3.735081672668457,1.5204326659440994,1.3015506863594055,2.1793835535645485
121856,0.05499933869577944,0.4116596942767501,3.482955113053322,0.5557315265759826,0.10491116304183379,0.04928556538652629,3.6666425317525864,1.379887167364359,1.1027438957244158,1.7710381615906954
122880,0.07541943242540583,0.5773095842450857,3.842685289680958,0.8748259823769331,0.09725344512844458,0.058702512411400676,3.6423549130558968,1.434199072420597,1.0901384744793177,2.3110386803746223
123904,0.05356150274747051,0.3733149841427803,3.731448769569397,0.6615337170660496,0.07817993711796589,0.03779911942547187,3.540801517665386,1.3011477552354336,0.9399843141436577,2.1418665945529938
124928,0.05672566287103109,0.3827226720750332,3.7463997676968575,0.6823487263172865,0.10646807553712279,0.092528430162929,3.891821712255478,1.712237149477005,0.914953151717782,2.761900246143341
125952,0.06336229725275189,0.49052906781435013,3.8290523514151573,0.7900733333081007,0.10459905886091292,0.06609351362567395,3.7011481672525406,1.5194923430681229,1.0021617617458105,2.0037800893187523
126976,0.05110260518267751,0.3673484465107322,3.5119660198688507,0.5274085262790322,0.09347509103827178,0.038729203457478434,3.701020412147045,1.4531220570206642,1.2703146133571863,1.9735571090131998
128000,0.058587202307535335,0.4598942659795284,3.6289360150694847,0.6161419153213501,0.10785859785391949,0.06921189359854907,3.782880164682865,1.6049906946718693,1.005007740110159,1.8709254004061222
129024,0.043743424845160916,0.3324073189869523,3.64267697930336,0.6013196669518948,0.11582275017281063,0.09713504451792687,3.9639462158083916,1.8847521878778934,0.9492580071091652,2.473055239766836
130048,0.05418841456412338,0.466640280559659,3.8047241419553757,0.7925302423536777,0.12677885149605572,0.07776900380849838,3.889694944024086,1.6975041702389717,1.1182453036308289,2.0379825718700886
131072,0.04507558836485259,0.5112865595147014,3.8034723177552223,0.7362153101712465,0.08459621819201857,0.06602112646214664,3.8056949451565742,1.61760588362813,1.1295780595391989,2.224927555769682
132096,0.04448853246867657,0.4630858479067683,3.80201705545187,0.7593288458883762,0.09305118647171184,0.09474646579474211,3.9247992113232613,1.7063823826611042,1.0037451889365911,2.971923876553774
133120,0.04728355929546524,0.3836318487301469,3.654400661587715,0.5886292532086372,0.1856084014289081,0.07294084900058806,3.8603939414024353,1.8442702442407608,1.0549198053777218,2.6779217571020126
134144,0.048772851238027215,0.5038564242422581,3.6958338171243668,0.6819949802011251,0.12370636497507803,0.06477676273789257,3.7812953665852547,1.4674007408320904,0.988293144851923,1.8198757655918598
135168,0.05154635530197993,0.49392704758793116,3.697084739804268,0.7018176428973675,0.06325900497904513,0.05296553741209209,3.5283802896738052,1.4017516486346722,1.0225084144622087,2.144490372389555
136192,0.04305510481935926,0.5068294126540422,3.660342827439308,0.6415332667529583,0.1022589810017962,0.06568789971061051,3.6121903136372566,1.3801461420953274,1.2508728578686714,2.287460669875145
137216,0.05305859976215288,0.7094715405255556,3.6569323167204857,0.6998553108423948,0.10549513413570821,0.07323007378727198,3.757853329181671,1.5571510270237923,1.4807547703385353,2.2605206966400146
138240,0.0438905221526511,0.37420664820820093,3.5104031935334206,0.5768602807074785,0.10039116768166423,0.0746831779833883,3.809950038790703,1.6888107806444168,1.1148309651762247,2.749254509806633
139264,0.05456590198446065,0.39822160732001066,3.6594545766711235,0.6016789618879557,0.11320874840021133,0.057961758226156235,3.45323196798563,1.2737331800162792,1.3054039813578129,2.454855039715767
140288,0.06008350077900104,0.4444575756788254,3.582346349954605,0.6025435104966164,0.11850455094827339,0.06580096832476556,3.580524154007435,1.209481069818139,0.9763273857533932,2.507102308794856
141312,0.04390027002955321,0.48239404521882534,3.610039994120598,0.5550794582813978,0.054233678441960365,0.05425322463270277,3.33820328861475,1.3794386610388756,1.0642389208078384,1.5565813221037388
142336,0.05582508434599731,0.5452296976000071,3.592442162334919,0.6675302423536777,0.0866827933350578,0.06820060079917312,3.3745203241705894,1.2023236826062202,1.078386340290308,2.8909823894500732
143360,0.037220061116386205,0.5328291608020663,3.595697082579136,0.609063433483243,0.0893898694193922,0.08245699596591294,3.6255577951669693,1.4450468309223652,1.0471848510205746,1.7576116751879454
144384,0.05175119567866204,0.6684299567714334,3.7040066942572594,0.6817336790263653,0.1003854377195239,0.08413251780439168,3.9527973011136055,1.8197135478258133,1.226897332817316,1.8065155819058418
145408,0.03948543370643165,0.5142340548336506,3.496377319097519,0.5121173849329352,0.1161527835065499,0.08323677314911038,3.925856940448284,1.9200748205184937,1.204460009932518,2.259764028713107
146432,0.04222851284430362,0.45271738339215517,3.533663772046566,0.5261387852951884,0.11630581534700468,0.049467581673525274,3.67783485352993,1.4486648216843605,1.1843844819813967,2.2834017407149076
147456,0.04342897312017158,0.5817788057029247,3.558508984744549,0.5287447543814778,0.10519796307198703,0.06795000471174717,3.5442497804760933,1.1265700943768024,1.1186817158013582,2.9212170466780663
148480,0.04178902324929368,0.3056508945301175,3.616062194108963,0.5316529087722301,0.056986846844665706,0.037717346276622266,3.9978688061237335,1.7171790599822998,0.9800767339766026,2.4693389404565096
149504,0.040305740432813764,0.39666424598544836,3.6682476848363876,0.6335001885890961,0.11380807700334117,0.06311981903854758,3.940885290503502,1.8070995323359966,1.044468367472291,1.9680525939911604
150528,0.04866124226828106,0.4099879553541541,3.7257293313741684,0.6720089577138424,0.11908532906090841,0.06365541473496705,3.523051381111145,1.2373885530978441,1.091936755925417,4.66386503726244
151552,0.04252812315826304,0.35707110818475485,3.6716606691479683,0.6014339830726385,0.13213820685632527,0.03194551100023091,4.071306519210339,1.9883275739848614,0.9560845177620649,1.1480304393917322
152576,0.05108710372587666,0.5906981257721782,3.7831040769815445,0.8234652057290077,0.1317508215433918,0.09006744937505573,3.9223861917853355,1.537371676415205,1.3288495019078255,2.35209459066391
153600,0.05283544902340509,0.3465276835486293,3.6714675053954124,0.8011570759117603,0.1351717528887093,0.05842179793398827,3.6627947241067886,1.4356066808104515,0.8299586828798056,1.4793144911527634
154624,0.04458321290439926,0.3560305363498628,3.7379074841737747,0.7094547916203737,0.13200118369422853,0.036585766181815416,3.856312118470669,1.5871217884123325,0.9879781473428011,1.369241589680314
155648,0.05007782706525177,0.3068867214024067,3.836830973625183,0.9335601534694433,0.0934566934738541,0.03942328185075894,3.5613811686635017,1.4354648664593697,0.9037684528157115,1.5626530013978481
156672,0.05500504426890984,0.472679796628654,3.725770242512226,0.8674316070973873,0.06019749023835175,0.06482384528499097,3.6008529737591743,1.2909979205578566,1.2049445156008005,2.110213091596961
157696,0.040489140985300764,0.43409401550889015,3.799321301281452,0.7809490896761417,0.08606687502469867,0.06926874269265682,4.042881540954113,1.9519453942775726,1.0516091492027044,1.9156651757657528
158720,0.050720438186544925,0.48262083157896996,3.7046248093247414,0.8109082765877247,0.10140456704539247,0.068662736332044,3.699816770851612,1.592251654714346,0.9773580748587847,1.6955782044678926
159744,0.062852624891093,0.5697930352762341,3.794255331158638,0.8697319086641073,0.08252499537775293,0.06809558731038123,3.7597199976444244,1.5425375625491142,1.0025617703795433,1.5009928811341524
160768,0.0545784329297021,0.4469530712813139,3.6602738946676254,0.6909879818558693,0.12905867851804942,0.07721173239406198,4.2743737399578094,2.800232157111168,0.9291619285941124,2.346958588808775
161792,0.033668482064967975,0.41386986104771495,3.7793713733553886,0.7377302013337612,0.1590540069155395,0.051965814374852926,4.1268448159098625,2.20011692866683,1.233654335141182,2.484314301982522
162816,0.058098351990338415,0.34861353784799576,3.73264542222023,0.6967661399394274,0.13550733611918986,0.04248797689797357,3.930887348949909,1.8603987991809845,1.0980096813291311,1.4750906601548195
163840,0.03336926664633211,0.45904114842414856,3.789533443748951,0.7294465340673923,0.0800290583865717,0.07757276017218828,4.016174823045731,2.0905299708247185,1.0159629080444574,1.6552770230919123
164864,0.043368721642764285,0.5141087267547846,3.5485518723726273,0.6376383574679494,0.09804274042835459,0.10052126902155578,3.556763529777527,1.3312938660383224,1.2197389584034681,2.8274005874991417
165888,0.04593366224435158,0.3395145572721958,3.6568794175982475,0.6401127222925425,0.13714216742664576,0.052471887320280075,3.541969232261181,1.1892864741384983,1.028755197301507,2.2594637628644705
166912,0.04580838099354878,0.45442215353250504,3.7077898532152176,0.6360477432608604,0.1401826364453882,0.05771392717724666,4.039649374783039,1.858192790299654,1.0753140896558762,2.2432271987199783
167936,0.04398499769740738,0.5126626817509532,3.805909089744091,0.757620794698596,0.086103795300005,0.054377272026613355,3.958767682313919,1.9316778257489204,1.000010178424418,2.265112368389964
168960,0.04559396707918495,0.40990459360182285,3.6421038284897804,0.6540325339883566,0.10185217161779292,0.08116571477148682,3.98038487136364,2.0935642793774605,0.916464127600193,2.2014344204217196
169984,0.04135044364375062,0.46817799657583237,3.802116334438324,0.73846678994596,0.10911716538248584,0.06466607877518982,3.7661194503307343,1.7415816523134708,0.927019452676177,3.1836037635803223
171008,0.04828689995338209,0.391366102732718,3.767905555665493,0.8103811219334602,0.11020024085883051,0.08020792878232896,3.711259678006172,1.3748606033623219,0.9411439541727304,2.3479063604027033
172032,0.04198931052815169,0.38166776299476624,3.8313131481409073,0.7611717823892832,0.11340795562136918,0.06452523765619844,3.9603476375341415,1.8733137473464012,1.2197641395032406,2.4840747099369764
173056,0.031747177097713575,0.46178606897592545,3.750111661851406,0.7275070808827877,0.10808034043293446,0.05569986766204238,3.765072003006935,1.6687839031219482,1.201680788770318,2.877405634149909
174080,0.048910384910413995,0.5058021731674671,3.833805724978447,0.8024239521473646,0.12004183779936284,0.0504504987038672,3.673327073454857,1.4868049025535583,1.1069048177450895,1.8974809367209673
175104,0.04806474002543837,0.2420242875814438,3.672883592545986,0.6312162075191736,0.1502645113505423,0.04267181642353535,3.6847607120871544,1.5020713359117508,1.0753429103642702,5.574009645730257
176128,0.03770041363895871,0.39855567179620266,3.7888239845633507,0.7727144323289394,0.1001858317758888,0.07238123915158212,3.7360922023653984,1.521050300449133,1.1065397374331951,3.5319536421447992
177152,0.03756838332628831,0.41027348395437,3.5212168768048286,0.5451386943459511,0.09400350507348776,0.0337614745949395,3.4445489570498466,1.1424807291477919,1.262459721416235,2.2078825030475855
178176,0.04154731976450421,0.3893594164401293,3.8882280215620995,0.82612669095397,0.07338242820696905,0.044186784070916474,3.8620761781930923,1.7446476221084595,1.1151027828454971,2.1867503244429827
179200,0.04670904055819847,0.33579561673104763,3.6849332824349403,0.7048758156597614,0.10268194082891569,0.048479699762538075,3.5924723595380783,1.2592263016849756,1.0881453230977058,3.3536128737032413
180224,0.046994697710033506,0.40644475631415844,3.670705109834671,0.7152495682239532,0.08287063869647682,0.05679149378556758,3.5629804208874702,1.4062845520675182,1.0113148298114538,3.0946708247065544
181248,0.04458339366829023,0.5653265286237001,3.7153093740344048,0.8535469863563776,0.1354173589788843,0.11655324255116284,3.824048340320587,1.6329963617026806,1.0456451065838337,2.7738549783825874
182272,0.05209247034508735,0.3864695578813553,3.594098784029484,0.6079311445355415,0.11539401521440595,0.05367676209425554,4.146602652966976,2.5720740780234337,1.222465531900525,1.7872149012982845
183296,0.05278252129210159,0.47960480861365795,3.6332996785640717,0.6136403940618038,0.10893558920361102,0.0645611094078049,3.749667413532734,1.695563193410635,1.1594180446118116,2.6428769789636135
184320,0.03838671397534199,0.4291842542588711,3.68452700227499,0.7021903302520514,0.08354228717507794,0.06578120158519596,3.7040057256817818,1.6039585508406162,0.942618889734149,2.1294894218444824
185344,0.07929843541933224,0.4918500417843461,3.737598270177841,0.9645695220679045,0.0835716707224492,0.1028102058917284,3.0680803805589676,0.9164973273873329,1.0242807995527983,3.9519134014844894
186368,0.035704537614947185,0.5318421525880694,3.5620854198932648,0.6502670766785741,0.06900496612070128,0.0635300992289558,3.3107975497841835,1.1696454286575317,1.1699699740856886,3.3362448811531067
187392,0.05030371667817235,0.5519852768629789,3.616766221821308,0.8099169917404652,0.09805461368523538,0.08416293701156974,3.6394237726926804,1.3839868120849133,1.1687683258205652,2.1093358621001244
188416,0.039469890791224316,0.3884834786877036,3.325092226266861,0.5423637051135302,0.12536840687971562,0.08374990685842931,3.5988112092018127,1.2757480256259441,1.3206625133752823,5.181386988610029
189440,0.06357087608193979,0.3423564964905381,3.6515974700450897,0.6953432336449623,0.05301650136243552,0.06375215912703425,3.568204388022423,1.4157764948904514,1.0051189102232456,3.086204195395112
190464,0.06460241368040442,0.37557077407836914,3.714772455394268,0.7676300015300512,0.11105091738863848,0.05209868331439793,3.6343481615185738,1.2674787808209658,1.1603740602731705,2.554687451571226
191488,0.05027953648095718,0.4912977088242769,3.5817104652523994,0.6019129380583763,0.12337087886407971,0.0451568000135012,4.012924045324326,1.7386403307318687,1.3845697306096554,2.4811443220824003
192512,0.0497502131620422,0.43750187009572983,3.825932651758194,0.8984903264790773,0.03885345216258429,0.06995045626536012,3.6920644342899323,1.702924806624651,1.3270626477897167,2.496384721249342
193536,0.05602464632829651,0.557750890031457,3.8195498064160347,0.7811310198158026,0.11526736302766949,0.08650098589714617,3.7825887575745583,1.7231140471994877,1.8236010055989027,3.214816376566887
194560,0.03396947463625111,0.48402470350265503,3.652260147035122,0.7194519154727459,0.11256599857006222,0.07914035196881741,3.7978297024965286,1.9604148864746094,1.3390724379569292,2.9461307879537344
195584,0.046614148435764946,0.5463771373033524,3.562784865498543,0.6585474740713835,0.11394560220651329,0.06795815157238394,3.523566722869873,1.549771100282669,2.1280687395483255,3.1037016473710537
196608,0.056815783464116976,0.5879290327429771,3.686460390686989,0.8392886631190777,0.09459610556950793,0.04736613272689283,3.827434793114662,1.7860739901661873,2.1521124728024006,2.5581386778503656
197632,0.07059801007562783,0.33767606411129236,3.7713793888688087,0.766590466722846,0.08871023240499198,0.052772041759453714,3.3823748379945755,1.2592462114989758,1.2917296439409256,3.359200334176421
198656,0.06243091123178601,0.4616785664111376,3.734464056789875,0.8055522050708532,0.13584345241542906,0.05974851734936237,3.975117862224579,2.1373853869736195,1.154686626046896,1.817228952422738
199680,0.05500094636227004,0.413311674259603,3.8538494035601616,0.8081969805061817,0.07499621401075274,0.0428882030537352,3.886200375854969,2.308251302689314,1.1768687218427658,1.917868485674262
200704,0.052947801508707926,0.4215805362910032,3.7574751004576683,0.7675612978637218,0.15816356299910694,0.06996612169314176,3.761253908276558,1.8470523916184902,0.8570868261158466,2.6267449017614126
201728,0.04065428764442913,0.2858711453154683,3.8503235802054405,0.878496378660202,0.13226708897855133,0.052671032724902034,3.3583767488598824,1.2819671221077442,0.9853130728006363,3.443133743479848
202752,0.05563080897263717,0.3577087935991585,3.8580556884407997,0.9290357697755098,0.0650549364509061,0.11695325572509319,3.784707188606262,1.8684041276574135,1.097394309937954,2.0444708708673716
203776,0.04891033216699725,0.23917642142623663,3.810501389205456,0.9184256009757519,0.08412752818549052,0.10431364632677287,4.088668458163738,2.1589679569005966,1.4764832109212875,2.4491373151540756
204800,0.05709706820198335,0.6112999143078923,3.7868885844945908,0.9257293380796909,0.10712651116773486,0.08545490948017687,3.4576504454016685,1.2487565819174051,1.8169483225792646,2.348363373428583
205824,0.05150738262454979,0.386453946121037,3.7800313159823418,0.8123161736875772,0.10477907574386336,0.053709034400526434,3.8002422749996185,1.4407994113862514,1.5115189775824547,2.489109208807349
206848,0.04756686248583719,0.2617313670925796,3.800966829061508,0.8690783157944679,0.0993393063545227,0.04841022135224193,3.996003217995167,1.8317170813679695,1.3453580643981695,2.242261540144682
207872,0.04117494492675178,0.2984753488563001,3.7433068826794624,0.7365601900964975,0.121731958235614,0.03666064905701205,3.727500170469284,1.6727405227720737,1.201511885970831,1.715668234974146
208896,0.06217091582948342,0.3543712771497667,3.7462811917066574,0.8338869903236628,0.10210292669944465,0.04190960346022621,3.827044188976288,1.4170364513993263,1.6638398729264736,1.7966683153063059
209920,0.05916066328063607,0.3374105878174305,3.4904692843556404,0.7017715871334076,0.08355423749890178,0.055230052676051855,3.7233972772955894,1.4574437774717808,1.256107222288847,2.835607463493943
210944,0.042027006900752895,0.38065606728196144,3.6911792010068893,0.7731406670063734,0.07742328359745443,0.07780583843123168,3.693369396030903,1.732920367270708,1.561893666163087,2.249483162537217
211968,0.05372575783985667,0.39761883299797773,3.7264427468180656,0.7305328641086817,0.0974546018987894,0.022964194300584495,3.5039283335208893,1.3993104211986065,2.240546913817525,1.8780871089547873
212992,0.0842143155168742,0.4310563514009118,3.8089762926101685,0.797163937240839,0.11479679873446003,0.048426123918034136,3.330582916736603,1.1081910729408264,1.8562118895351887,2.980146035552025
214016,0.05638991724117659,0.302631045691669,3.64783526211977,0.6474073939025402,0.10290989180793986,0.03057663084473461,3.7535746693611145,1.5366361066699028,1.4640024080872536,2.283418729901314
215040,0.057191791536752135,0.6627247259020805,3.2060050666332245,0.515003171749413,0.07220094348303974,0.06283925619209185,3.8202031552791595,1.6895147562026978,2.3721766993403435,1.2810916006565094
216064,0.05503416093415581,0.29585945000872016,3.79624991863966,0.7650083098560572,0.08452383108669892,0.062033257563598454,4.020520903170109,2.67921806499362,1.4081130530685186,2.245691705495119
217088,0.044257846631808206,0.3235228066332638,3.941747806966305,0.8012788947671652,0.07532167344470508,0.08405118546215817,3.9451379626989365,2.0542545318603516,1.7738574780523777,1.462213158607483
218112,0.05297946132486686,0.38375337421894073,3.8784791082143784,0.7596262786537409,0.12080000768764876,0.07223873632028699,3.9722339063882828,2.066954780369997,1.1779221463948488,2.657860703766346
219136,0.07088068622397259,0.24715527147054672,4.034510530531406,0.969435527920723,0.09868258515780326,0.07469663582742214,3.1179849430918694,1.0428961422294378,1.2366808969527483,5.414156008511782
220160,0.07148162601515651,0.3400327814742923,3.9236884638667107,0.9049902614206076,0.11595063301501796,0.06285468558780849,3.708697997033596,1.4051242843270302,1.1275751311331987,2.885376039892435
221184,0.031842834170674905,0.38851414574310184,3.8285357281565666,0.8319108039140701,0.05331862426828593,0.07317379722371697,3.71861382573843,1.7381895557045937,1.422532519325614,2.3276285249739885
222208,0.03649963709176518,0.4564714329317212,3.75047205388546,0.8589877057820559,0.06880666193319485,0.07448282185941935,3.6051848083734512,1.4851618967950344,1.3739557415246964,2.9286371991038322
223232,0.05869212688412517,0.4507379103451967,3.820256359875202,0.878303112462163,0.2152885547839105,0.07877094449941069,3.971999667584896,2.3787203393876553,1.1302065253257751,2.308290746062994
224256,0.06442945761955343,0.36461636424064636,3.791202686727047,0.8749084249138832,0.13054906646721065,0.09341064910404384,3.8394526913762093,1.5470876023173332,1.5598225183784962,5.027195084840059
225280,0.05181583281955682,0.4178485479205847,3.8118044957518578,0.8674107026308775,0.07590104197151959,0.0862973612966016,3.3531890213489532,1.1359229814261198,1.2348701134324074,3.4020679257810116
226304,0.04607657573069446,0.47114095464348793,3.785082519054413,0.8569359388202429,0.09738846810068935,0.06894292868673801,3.7454421296715736,1.4927191883325577,1.8364996165037155,2.2656562868505716
227328,0.04582915740320459,0.2970166630111635,3.8023722916841507,0.8497652765363455,0.08570524796959944,0.05123051907867193,3.7855829298496246,1.9519843868911266,2.3644986785948277,2.101337321102619
228352,0.039036520378431305,0.22477148799225688,3.854765050113201,0.9784955028444529,0.1300231054192409,0.04483124444959685,3.5072954297065735,1.2956603802740574,1.0676585044711828,3.7597011420875788
229376,0.042817937734071165,0.4360272055491805,3.7492434605956078,0.7736062575131655,0.13426302140578628,0.043130885576829314,3.682480439543724,1.6415557637810707,1.5495989229530096,2.9222360644489527
230400,0.062408740661339834,0.36448881682008505,3.5027418732643127,0.756035478785634,0.061338138446444646,0.06088994804304093,3.8417942449450493,2.1327858678996563,1.6136928368359804,1.5175377652049065
231424,0.04813395795645192,0.3444316335953772,3.7120054066181183,0.7151074204593897,0.08643747371388599,0.05509344540769234,3.91404265165329,2.00270027294755,1.3777829892933369,2.209350908175111
232448,0.05831139435758814,0.35123965237289667,3.856725476682186,0.9080267325043678,0.09594349900726229,0.08534993033390492,3.4963027834892273,1.3388390988111496,1.410052990540862,2.5322033502161503
233472,0.05903353908797726,0.3609355613589287,3.7568051144480705,0.8254370428621769,0.09906888304976746,0.06443183810915798,3.727948673069477,1.4373564533889294,1.7833968698978424,2.201756412163377
234496,0.07161810764227994,0.3379413797520101,3.7671167254447937,0.7826486770063639,0.12409572504111566,0.04786253091879189,3.8717437386512756,1.602087039500475,2.183488555252552,2.1213260143995285
235520,0.059383066138252616,0.39605154749006033,3.7931470051407814,0.7379509229212999,0.15540167322615162,0.04196529253385961,3.7532175183296204,1.3252112437039614,2.3193898368626833,2.9068432822823524
236544,0.0539254608011106,0.356548679061234,3.754177674651146,0.6700991317629814,0.08275850265636109,0.045998389017768204,3.7626960799098015,1.5243996530771255,1.7088388688862324,1.7983907368034124
237568,0.03896398696815595,0.44470896385610104,3.787324443459511,0.7852023225277662,0.1028576921671629,0.0699376966804266,3.721497058868408,1.4307947345077991,2.4791073836386204,2.058654570952058
238592,0.06097606854746118,0.570717585273087,3.8438518717885017,0.7784819919615984,0.07652887474978343,0.06620174855925143,3.5123749002814293,1.333847388625145,1.8904270995408297,2.565619731321931
239616,0.07366202730918303,0.4686287837103009,3.742493785917759,0.7660322785377502,0.12337026913883165,0.10366949520539492,3.609915480017662,1.4532793201506138,1.4148920197039843,4.023417729884386
240640,0.026918282004771754,0.4245271859690547,3.761984422802925,0.7246360518038273,0.07048229684005491,0.08755667228251696,4.024016782641411,2.2126952297985554,2.493179604411125,2.2978890500962734
241664,0.055999341362621635,0.34946721652522683,3.8701916858553886,0.7998973969370127,0.15300454827956855,0.08072360220830888,3.890888534486294,1.9540617428719997,2.232343539595604,5.380840722471476
242688,0.045869473222410306,0.26416853768751025,3.598489463329315,0.6768785361200571,0.10208713333122432,0.06715665035881102,3.7967967614531517,1.6031448766589165,1.8705903179943562,4.900373097509146
243712,0.056996233528479934,0.4405650747939944,3.668635368347168,0.6880572810769081,0.0951667616609484,0.06472550868056715,3.5955972224473953,1.3655418008565903,1.5977730862796307,4.237632581964135
244736,0.05297926068305969,0.4705201769247651,3.9159117862582207,0.8650600854307413,0.13020300451898947,0.0549465948715806,3.755017839372158,1.4726957120001316,1.8795393779873848,3.7368344478309155
245760,0.06222585795330815,0.4460608633235097,3.789104402065277,0.7718886788934469,0.08702421892667189,0.09009543352294713,3.5641028061509132,1.3790522776544094,2.032105378806591,3.3273962549865246
246784,0.05763476089487085,0.39156716130673885,3.773040346801281,0.7667829990386963,0.10928472655359656,0.07136205688584596,3.494463838636875,1.29779739305377,1.8472356274724007,3.626623997464776
247808,0.03577454134938307,0.25090709840878844,3.8476338982582092,0.8160693310201168,0.12333834473975003,0.06993470864836127,3.6974614784121513,1.3375520184636116,1.3723533991724253,5.649296477437019
248832,0.06714144011493772,0.4451061114668846,3.968220055103302,0.8968350235372782,0.11136856733355671,0.057036219048313797,3.5611260309815407,1.2212117798626423,1.9585909191519022,3.43060689419508
249856,0.05937329604057595,0.34615957271307707,3.938900388777256,0.9202860500663519,0.07782766758464277,0.05464990506879985,3.9750852286815643,1.9926901757717133,1.7152340952306986,2.987184228375554
250880,0.07391470580478199,0.4460055297240615,3.911939337849617,0.8831865061074495,0.1463245184859261,0.04870045237476006,3.7868555039167404,1.683353591710329,2.53243669308722,2.645763361826539
251904,0.07345997165248264,0.2959131198003888,3.9473410323262215,0.8978656176477671,0.13542926183436066,0.04538232693448663,3.8925416320562363,1.5219460539519787,2.692564435303211,2.169217985123396
252928,0.047248840099200606,0.31926237558946013,3.801227778196335,0.7509044222533703,0.052457520680036396,0.06334878783673048,3.5903819501399994,1.46141167730093,1.906108982861042,3.7086930498480797
253952,0.05925014344393276,0.42276925686746836,3.786844626069069,0.7489191070199013,0.07021007256116718,0.04644378391094506,3.7075630724430084,1.5288016498088837,2.4950431641191244,2.3896080888807774
254976,0.05342261072655674,0.30162548599764705,3.591697543859482,0.6609012614935637,0.1481503222603351,0.04948036826681346,3.874624751508236,1.9750952161848545,1.7937394622713327,3.9246612694114447
256000,0.050128444214351475,0.4531557932496071,3.721930108964443,0.6842465624213219,0.1082415547571145,0.07339039444923401,3.880364768207073,1.9584571868181229,2.7225451171398163,4.735252171754837
257024,0.03786441174452193,0.4726659767329693,3.6892820224165916,0.6276448518037796,0.0628696795902215,0.044962469197344035,4.004054792225361,2.294299278408289,2.9194817431271076,1.9394261129200459
258048,0.06027161443489604,0.4177079200744629,3.950747825205326,0.8744364585727453,0.11753741407301277,0.08068485208787024,3.9638734608888626,2.4396427161991596,3.0164358504116535,2.8977723009884357
259072,0.03927772797760554,0.27346487203612924,4.018404342234135,0.9362325798720121,0.123966165992897,0.059749550302512944,4.005721069872379,2.313232511281967,1.7260834388434887,2.518998173996806
260096,0.06519256709725596,0.3158552632667124,3.7602010294795036,0.7299483977258205,0.12427867506630719,0.048552075459156185,3.915110394358635,1.8693813122808933,2.5811083912849426,1.8800173345953226
261120,0.03891255318012554,0.3692083479836583,3.9189028441905975,0.9121621493250132,0.08455976899131201,0.03486546437488869,3.8210784420371056,1.8717749379575253,1.4493889026343822,1.7051457222551107
262144,0.058738931140396744,0.4983358848839998,3.773210622370243,0.8001801632344723,0.09144351707072929,0.04291114368243143,3.497494913637638,1.4203842524439096,2.6633960865437984,1.864082807675004
263168,0.07542867472511716,0.45658947341144085,3.7009273692965508,0.7335024364292622,0.15124383918009698,0.0668771849013865,3.6259008422493935,1.242722999304533,2.2808601167052984,3.1236366368830204
264192,0.05109992186771706,0.536904682405293,3.824833407998085,0.8421399332582951,0.0931315200868994,0.09847764181904495,3.723798021674156,1.480010200291872,1.7092752046883106,2.5903260074555874
265216,0.07615924824494869,0.4138822080567479,3.8097058534622192,0.8089029490947723,0.11319929856108502,0.0671355837257579,3.9212027341127396,1.6344485133886337,1.5840297900140285,2.1023061014711857
266240,0.06024299451382831,0.3256392260082066,3.798953592777252,0.7554496675729752,0.13517204229719937,0.07427293935324997,3.6413090899586678,1.385830793529749,1.5695704072713852,3.9899131264537573
267264,0.043159102875506505,0.5866969171911478,3.7536172792315483,0.7651469837874174,0.09565213334280998,0.10671338438987732,3.66129894554615,1.3299479633569717,1.8980965539813042,4.095767084509134
268288,0.03637038674787618,0.42461305391043425,3.8482980728149414,0.7411888372153044,0.06966228925739415,0.050558540504425764,3.8334760516881943,1.8447689227759838,2.0905038714408875,3.347385700792074
269312,0.0456738383800257,0.3868791116401553,3.8749006241559982,0.907380660995841,0.10628297994844615,0.04815535037778318,3.759748049080372,1.6729760766029358,1.7570222299546003,2.7504492551088333
270336,0.06320656160824001,0.36703959200531244,3.841859556734562,0.875850971788168,0.13684807426761836,0.04854133736807853,3.6493401527404785,1.3194869942963123,1.4953169878572226,3.221502438187599
271360,0.03157080369419418,0.4310503117740154,3.687155582010746,0.7528201621025801,0.07283045563963242,0.06144328915979713,3.535102754831314,1.4391330927610397,1.6193600818514824,2.3569885324686766
272384,0.0578789928695187,0.284878755453974,3.849130369722843,0.8694918155670166,0.13227213284699246,0.04490381811046973,3.370498701930046,1.136640090495348,2.089024493470788,3.9141251482069492
273408,0.07335898891324177,0.3405862273648381,3.712823398411274,0.7717675175517797,0.1038166731595993,0.0712088409345597,3.367280088365078,1.109357325360179,1.5934408735483885,3.552954025566578
274432,0.0438810306659434,0.48713062331080437,3.7287693321704865,0.7176366001367569,0.09300437424099073,0.08359601104166359,3.7165686190128326,1.4371548220515251,2.138088196516037,3.3415440917015076
275456,0.04832370567601174,0.4483890626579523,3.770148292183876,0.7556357849389315,0.08177500253077596,0.07027507817838341,3.6995895728468895,1.5615487657487392,2.4277537874877453,2.659060761332512
276480,0.04214922376559116,0.2662472021766007,3.81862735748291,0.7898709513247013,0.10164501445251517,0.05344108823919669,3.8380137607455254,1.5743080973625183,1.2118076235055923,2.035494714975357
277504,0.03964136095601134,0.30951106222346425,3.9926135018467903,0.8361812140792608,0.08903464931063354,0.03841541288420558,3.960894711315632,1.7971225380897522,1.8065776713192463,1.6599507331848145
278528,0.11376552644651383,0.5130424341186881,3.9385152980685234,0.9139435961842537,0.12346410716418177,0.06110604479908943,3.527198500931263,1.3417877554893494,3.5065015330910683,4.173432206735015
279552,0.06299995892914012,0.3872019909322262,3.7638770639896393,0.6955697610974312,0.09412238001823425,0.04307824745774269,3.7811882197856903,1.7027063071727753,5.48932097479701,3.8467296808958054
280576,0.04285365526448004,0.3432336109690368,3.656625084578991,0.6451301705092192,0.05067851091735065,0.03882185649126768,3.7560968920588493,1.6961486339569092,4.276034444570541,3.1188440062105656
281600,0.05623151070903987,0.3039347534067929,3.8771351277828217,0.7480104994028807,0.13936073402874172,0.054529070388525724,3.923809103667736,1.731440719217062,2.5095690954476595,4.029585387557745
282624,0.036883793713059276,0.3435640735551715,3.8759539052844048,0.7698920890688896,0.06927433313103393,0.0537401576875709,3.668466940522194,1.6159834824502468,1.693947834894061,3.9455098509788513
283648,0.06347644462948665,0.2605628604069352,3.94346883893013,0.9166185148060322,0.11877596273552626,0.07227702101226896,4.011101514101028,1.898902278393507,1.6656716540455818,4.441009800881147
284672,0.07333599287085235,0.34087566239759326,3.789624437689781,0.7594536207616329,0.12781146174529567,0.06492884899489582,3.8716194331645966,1.577510293573141,2.4690956696867943,2.3294386379420757
285696,0.04988695157226175,0.3485751706175506,3.9502527937293053,0.8538288045674562,0.14627372613176703,0.053980156779289246,3.6464776396751404,1.308105006814003,2.589972209185362,4.323282012715936
286720,0.06483464257325977,0.16162025975063443,3.853786826133728,0.7879021894186735,0.09990931703941897,0.02900522088748403,3.6554476395249367,1.3373167775571346,1.5799889154732227,2.459454718977213
287744,0.04934769305691589,0.44099431578069925,3.619002491235733,0.5871915426105261,0.12797821714775637,0.03840705245966092,3.6215194314718246,1.3234720453619957,2.52832543104887,2.7022930793464184
288768,0.05650305692688562,0.28325690142810345,3.7182987332344055,0.6660659126937389,0.13587432587519288,0.04012667865026742,4.028196103870869,1.799120932817459,2.163268532603979,2.105942090973258
289792,0.06098400749033317,0.2669741725549102,3.7741937786340714,0.719800790771842,0.0878525844309479,0.034426316211465746,4.058881588280201,1.9408454708755016,1.5878789816051722,1.7844485249370337
290816,0.045836006524041295,0.3633426306769252,3.711844876408577,0.627062575891614,0.1307385617401451,0.03355510311666876,3.9193575382232666,1.7528768181800842,2.702684335410595,2.4789631133899093
291840,0.0541297466843389,0.506372008472681,3.6704543754458427,0.6898776516318321,0.12379637052072212,0.07827629579696804,3.981305815279484,1.9004930406808853,3.0732062496244907,2.55566718056798
292864,0.050113117147702724,0.15146169788204134,4.037382781505585,0.9108193777501583,0.13188038277439773,0.03710231225704774,3.9387256428599358,1.7601245529949665,1.6210462730377913,3.0533797573298216
293888,0.05528223609144334,0.42128254659473896,3.8000042140483856,0.8330444190651178,0.07815215949085541,0.08001706085633487,3.828878827393055,1.5420718230307102,1.6546083576977253,1.926115419715643
294912,0.045419407018925995,0.37187927728518844,3.8350025042891502,0.825937619432807,0.12446706427726895,0.06684973975643516,3.8567561209201813,1.9165190421044827,2.1421324722468853,3.6131692361086607
295936,0.04465880719362758,0.33863129280507565,3.9934293404221535,0.8992725126445293,0.12706341920420527,0.04351272393250838,4.055558025836945,2.1530654430389404,2.226101405918598,1.7935923635959625
296960,0.0535611119994428,0.31778417341411114,3.8898777589201927,0.8817712664604187,0.074960727855796,0.03961342159891501,3.6602316573262215,1.5120990760624409,2.0368526484817266,2.2262137196958065
297984,0.0633606919873273,0.36421584989875555,3.7526110634207726,0.853525198996067,0.09327372515690513,0.07188670185860246,3.6693260222673416,1.4414162933826447,1.9893691390752792,2.5889337696135044
299008,0.04473594939918257,0.2346432078629732,3.8008888587355614,0.7601442914456129,0.09406750882044435,0.04421540506882593,3.5901680812239647,1.6584758535027504,1.8785707224160433,2.4433498308062553
300032,0.06164470061776228,0.2580756372772157,3.8072018548846245,0.784858699887991,0.12442733335774392,0.050838635419495404,3.798667252063751,1.8958220556378365,2.8152938820421696,1.9956747982650995
301056,0.0687291327631101,0.39368077274411917,3.6500082686543465,0.8046311289072037,0.0903873341740109,0.09194981353357434,4.032812014222145,1.9251815155148506,2.2318180818110704,2.3920339345932007
302080,0.04988175371545367,0.24343920266255736,3.776506043970585,0.7308110035955906,0.174659343669191,0.06433775380719453,4.090095050632954,2.2327070012688637,2.4616459105163813,3.7120198272168636
303104,0.04126483286381699,0.3138678795658052,3.983764700591564,1.000849537551403,0.09920499712461606,0.054741609026677907,4.004903569817543,1.7511192671954632,1.7547975983470678,2.3245746456086636
304128,0.05926887021632865,0.4028937090188265,3.5852865502238274,0.6711462773382664,0.08396610053023323,0.07933728373609483,3.587649993598461,1.3544904924929142,3.171311404556036,3.4540459886193275
305152,0.0609202251653187,0.3662700215354562,3.737714298069477,0.7457226905971766,0.09239147295011207,0.045501037675421685,3.620622918009758,1.5174529552459717,1.95713409781456,2.2245000060647726
306176,0.04087163077201694,0.36546159628778696,3.9155296981334686,0.8848898001015186,0.06022103445138782,0.051313040778040886,3.7402937337756157,1.791022177785635,1.7684349529445171,1.8554479777812958
307200,0.04118667797592934,0.36829401552677155,3.7626530453562737,0.8979622777551413,0.08815531857544556,0.06035718705970794,3.7700127214193344,1.9176010861992836,2.2808433547616005,2.2638216372579336
308224,0.043551632668823004,0.2735775983892381,3.5673920810222626,0.6617542430758476,0.13402432290604338,0.04657106817467138,3.609908066689968,1.40762803517282,3.22547010704875,2.888593202456832
309248,0.043893633264815435,0.39008108619600534,3.706389829516411,0.7148269806057215,0.0918218013830483,0.053020960884168744,3.584838479757309,1.5436150655150414,2.4495523758232594,1.9289383552968502
310272,0.07003081883885898,0.44753962475806475,3.593381553888321,0.6657626740634441,0.10215090995188802,0.06550552370026708,3.6225298792123795,1.3886008523404598,2.4272321239113808,2.060076093301177
311296,0.04905844765016809,0.4710219679400325,3.732460618019104,0.6363189090043306,0.1190660820575431,0.07233731728047132,3.747217245399952,1.5757694207131863,3.1392256058752537,2.978303410112858
312320,0.07502962759463117,0.25500232027843595,3.7900409251451492,0.8107868060469627,0.11823309923056513,0.0570989572443068,3.7539647221565247,1.7177529446780682,1.763810457661748,1.8157652020454407
313344,0.05468092794762924,0.2584641044959426,3.7582392916083336,0.7152422424405813,0.11313743644859642,0.06373742083087564,3.6039250567555428,1.5832530073821545,1.341242179274559,2.4291570466011763
314368,0.04774506387184374,0.30287741823121905,3.7478016018867493,0.7204341012984514,0.1312222103588283,0.040259415574837476,3.8780315667390823,1.6511047929525375,1.822333524003625,1.994632201269269
315392,0.05226988793583587,0.2239371258765459,3.897873431444168,0.8025630991905928,0.11242255568504333,0.036412449670024216,4.083686485886574,1.9607904329895973,1.7799239736050367,1.2579605523496866
316416,0.044302912341663614,0.38814209029078484,3.913406267762184,0.873504338786006,0.09565006068442017,0.07553671894129366,4.118168108165264,2.184073358774185,2.449612271040678,2.780040368437767
317440,0.04166748112766072,0.3606952829286456,3.834871433675289,0.8013252634555101,0.12252943287603557,0.06139888055622578,3.8398936688899994,1.7078733667731285,2.402732538059354,5.055662043392658
318464,0.05457016723812558,0.367634610272944,3.8698730170726776,0.8201248161494732,0.10037299842224456,0.08316253055818379,3.483618602156639,1.119187181815505,2.603035308420658,3.534267209470272
319488,0.0475056241848506,0.20789493527263403,3.915873557329178,0.8095081001520157,0.057115293806418777,0.07118999399244785,3.5882868096232414,1.520198941230774,1.6586411893367767,1.8443348482251167
320512,0.03904462538775988,0.3316491423174739,3.833521142601967,0.7916172165423632,0.11856623669154942,0.06579427153337747,3.7009822726249695,1.6061725318431854,1.8975358791649342,3.1474918611347675
321536,0.06875396220129915,0.2391693200916052,3.966414399445057,0.9981744550168514,0.13544849609024823,0.06137064762879163,3.877104178071022,1.6266160421073437,1.5998837295919657,2.5996131356805563
322560,0.05684345547342673,0.23618718422949314,3.8019439801573753,0.7647148407995701,0.1370637204963714,0.045436841959599406,3.7618701308965683,1.4261416234076023,2.1052396837621927,1.9532798249274492
323584,0.05071775848045945,0.30869574053213,3.7901743948459625,0.7682122215628624,0.054715510515961796,0.05074498290196061,3.861637234687805,1.886228945106268,2.0092009026557207,1.7963126171380281
324608,0.061150887224357575,0.41931797936558723,3.811130605638027,0.7740356307476759,0.06752086858614348,0.06749675393803045,3.626150019466877,1.4697330109775066,1.9159512221813202,2.059461824595928
325632,0.06892105285078287,0.4864085987210274,3.8605078011751175,0.8274703472852707,0.09828233649022877,0.07017243863083422,3.4805394634604454,1.2758229151368141,2.703158386051655,3.6764428354799747
326656,0.04523914090532344,0.35564028238877654,3.78560658544302,0.717019209638238,0.06084525946062058,0.049354122835211456,3.4997631683945656,1.6198362950235605,1.9613395854830742,2.30916640534997
327680,0.0366402327636024,0.198396650608629,3.784750111401081,0.7245245222002268,0.2191849430091679,0.04322401148965582,4.072862699627876,2.27319198846817,1.609356377273798,1.4693996086716652
328704,0.054642181494273245,0.38252881076186895,3.7911486476659775,0.832437802106142,0.11881864644237794,0.07540926116053015,3.7959885224699974,1.5695731975138187,2.0446066819131374,3.316733606159687
329728,0.03495318265049718,0.1907214312814176,3.912155009806156,0.8052087984979153,0.09599210132728331,0.043402755283750594,3.856635980308056,1.7091566510498524,1.5180545449256897,2.121089030057192
330752,0.032506594667211175,0.20681592356413603,3.7636369839310646,0.7044930513948202,0.15417788526974618,0.04067655676044524,3.891262874007225,1.5922034904360771,1.788424102589488,3.026441916823387
331776,0.049253589153522626,0.5345290191471577,4.027921631932259,1.088497407734394,0.08769875601865351,0.08560977538581938,3.6649252250790596,1.328443979844451,2.2526737079024315,2.90199020691216
332800,0.05736199520470109,0.3980946587398648,3.9179979264736176,0.9473611321300268,0.13555755803827196,0.054353475221432745,3.851289004087448,1.5041602365672588,2.4447964169085026,2.5044332779943943
333824,0.0531913771701511,0.3173387171700597,3.9716350436210632,0.9467899724841118,0.10340522992191836,0.07091537991072983,3.7338091284036636,1.477132085710764,1.6297244615852833,2.7108061499893665
334848,0.05543423013295978,0.392896331846714,3.901833765208721,0.8624718729406595,0.11057045569759794,0.07092572178225964,3.8039559423923492,1.4627867862582207,2.5410129614174366,2.9715417437255383
335872,0.0403324773942586,0.4662394477054477,3.97240299731493,0.9183115642517805,0.07899345469195396,0.06785580783616751,3.9579906165599823,1.6735221818089485,2.11712546646595,3.679896390065551
336896,0.06634080769435968,0.3610510928556323,3.9204991087317467,0.9977493863552809,0.07335786405019462,0.08907621272373945,3.706567659974098,1.3417206406593323,1.6955903489142656,2.198965545743704
337920,0.05686093747499399,0.33926044404506683,3.939422622323036,0.8984950035810471,0.12055094353854656,0.056126240524463356,4.092365972697735,1.9345106333494186,1.7570559605956078,2.4350811913609505
338944,0.061788596722180955,0.41165769938379526,3.860648214817047,0.9082889538258314,0.11112223693635315,0.10517378454096615,3.8210792168974876,1.4912866167724133,2.1780564673244953,2.4797323402017355
339968,0.03157343284692615,0.34827392641454935,3.917953923344612,0.8345860205590725,0.05648378876503557,0.06614338408689946,3.8311530873179436,1.702798206359148,2.0669654924422503,2.6319149024784565
340992,0.0646587522351183,0.3463040990754962,3.9445906206965446,0.9040471948683262,0.1292683029314503,0.06947900855448097,3.534341610968113,1.230971623212099,3.055864691734314,3.8810329735279083
342016,0.05854702832584735,0.3674314618110657,3.8510314226150513,0.9005679655820131,0.07703557182685472,0.042779832729138434,3.41559799015522,1.2903706021606922,2.6119477599859238,1.7894663400948048
343040,0.045679226153879426,0.25128516973927617,3.9431654140353203,0.9617683012038469,0.08882360145798884,0.06595850712619722,3.927646830677986,1.8322016708552837,1.8610420413315296,2.306844698265195
344064,0.05622865367331542,0.2352246418595314,3.8788887560367584,0.7792332768440247,0.1405102531425655,0.04455187590792775,3.8439799547195435,1.7352147437632084,1.983213633298874,3.7342828270047903
345088,0.05947100157936802,0.3494047671556473,3.654035046696663,0.7253358475863934,0.0574322355678305,0.04789421247551218,3.8040072470903397,1.8241694830358028,3.9274033904075623,2.4104247130453587
346112,0.062341594602912664,0.3680465975776315,3.9092593267560005,0.9257857892662287,0.046907802345231175,0.1041943688178435,3.6146755442023277,1.7883081808686256,1.8906176295131445,3.105242043733597
347136,0.059540356043726206,0.3919267961755395,3.7148652374744415,0.6504763681441545,0.20692768646404147,0.0747685763053596,4.334989786148071,3.3678815215826035,1.9492761008441448,6.511242691427469
348160,0.06268694388563745,0.3162543112412095,3.6482159197330475,0.71038768440485,0.11531013119383715,0.05759878642857075,3.6798002496361732,1.4693050906062126,2.3378355987370014,2.4693143479526043
349184,0.04649063225951977,0.3268234711140394,3.6908478513360023,0.731569804251194,0.08200642152223736,0.05182752793189138,3.7164976820349693,1.6175939291715622,1.7350244633853436,2.475367521867156
350208,0.03641852714645211,0.21653411956503987,3.682985380291939,0.6371819227933884,0.04238710392382927,0.03810181259177625,3.8720721304416656,1.8997107483446598,1.5739080905914307,2.52153891697526
351232,0.05461271241074428,0.2728088996373117,3.7251412123441696,0.6626002099364996,0.04192151970346458,0.055426110862754285,3.757330261170864,1.918829008936882,2.204626178368926,3.0865286234766245
352256,0.0556725860806182,0.213469079695642,3.837198056280613,0.7975380457937717,0.16952584777027369,0.07225842162733898,3.990244835615158,2.404332347214222,1.7852491289377213,3.5149220190942287
353280,0.06939512852113694,0.31095029413700104,3.844651646912098,0.8283696752041578,0.09245294868014753,0.06389238615520298,3.7523689046502113,1.5516587495803833,1.683079993352294,2.8259157985448837
354304,0.040262963259010576,0.24653488164767623,3.8546941727399826,0.8210239484906197,0.06063488739891909,0.04977439111098647,3.8372094854712486,1.7934383898973465,1.943658297881484,2.3650302458554506
355328,0.041359780851053074,0.31005608662962914,3.7037488296628,0.7124512009322643,0.21890472411178052,0.07717375596985221,4.1409274861216545,2.6302056461572647,1.969068055972457,3.2915715277194977
356352,0.062470092496369034,0.3652398665435612,3.846892923116684,0.8403122238814831,0.07438824645942077,0.07522502867504954,3.468048058450222,1.4176036939024925,2.0409496314823627,3.6460729092359543
357376,0.06548780044249725,0.3146737404167652,3.750715158879757,0.7685940582305193,0.14482849859632552,0.06736981915310025,4.126484721899033,2.5871623530983925,1.8723066542297602,1.8861273285001516
358400,0.036292897624662146,0.1680337165016681,3.898324228823185,0.9109006803482771,0.10961396832135506,0.07315889955498278,4.0911352932453156,2.015381872653961,1.6114398576319218,3.262771215289831
359424,0.0734814508468844,0.3416477870196104,3.876237131655216,0.9001535587012768,0.12746640061959624,0.07147847127635032,3.7753619849681854,1.568495973944664,2.4547240883111954,6.163994666188955
360448,0.0450746443530079,0.3498545726761222,3.7533395141363144,0.710103239864111,0.10183969882200472,0.04622914351057261,3.888316385447979,1.7676799893379211,1.9311093054711819,3.0587849356234074
361472,0.04589881343417801,0.22369439667090774,3.768581636250019,0.7633628845214844,0.10484060680028051,0.048828266095370054,3.8798120990395546,1.7546351216733456,2.0714540649205446,2.441340558230877
362496,0.05851960147265345,0.26192439813166857,3.7994963452219963,0.8148321993649006,0.10851113064563833,0.06394714873749763,3.962470732629299,1.647743634879589,1.823300028219819,3.4788617826998234
363520,0.07362817466491833,0.2914162268862128,3.8214158415794373,0.7611000575125217,0.11587035073898733,0.04283364216098562,3.738510698080063,1.4851307831704617,2.4724983908236027,3.335643857717514
364544,0.05628426530165598,0.2013061181642115,3.903328724205494,0.8654795363545418,0.07469756895443425,0.04651858733268455,4.015340261161327,2.0741338841617107,2.050406362861395,3.0161187276244164
365568,0.054297155991662294,0.2787496205419302,3.7763804644346237,0.8326848931610584,0.12998706882353872,0.05825247440952808,3.687209866940975,1.3529223091900349,2.1437613293528557,3.4257591031491756
366592,0.07890951732406393,0.5038520889356732,3.903872177004814,0.9140305053442717,0.08985393837792799,0.052182390994858,3.7681646794080734,1.6240451782941818,2.5318424738943577,2.3279921747744083
367616,0.054760381259256974,0.24281653575599194,3.8610531613230705,0.8281351551413536,0.07136362651363015,0.05201847536955029,3.9782890751957893,1.7969892099499702,1.9913012720644474,1.856756156310439
368640,0.05037072635605,0.2352500851266086,3.8036849573254585,0.7913501057773829,0.08755158766871318,0.040219363989308476,3.7342261224985123,1.8445956259965897,1.8775166757404804,1.9447835609316826
369664,0.056183658802183345,0.23356057051569223,3.7992861047387123,0.7686494793742895,0.11963420640677214,0.06141931045567617,4.083160042762756,1.9949155002832413,1.452444639056921,3.2230421137064695
370688,0.07467936977627687,0.39053834695369005,3.8309426084160805,0.7557459101080894,0.08308148506330326,0.05057664180640131,3.896105706691742,1.89617283269763,2.3393543362617493,3.271584989503026
371712,0.049994371307548136,0.27245907997712493,3.7982852458953857,0.6882961466908455,0.06832242754171602,0.052011856343597174,3.621592476963997,1.4464509896934032,1.7788173239678144,3.170109322294593
372736,0.05366137687815353,0.3506321646273136,3.8799767419695854,0.8031087554991245,0.10235866479342803,0.05035107088042423,3.9839611798524857,2.130077324807644,1.85801269300282,2.045371823012829
373760,0.07074489269871265,0.3474927661009133,3.7163436338305473,0.7568269390612841,0.11443167342804372,0.08806472248397768,3.625464364886284,1.4898270666599274,2.2576981857419014,3.34706899151206
374784,0.04910292479326017,0.28863072115927935,3.807153694331646,0.7470181249082088,0.07220912093180232,0.08473080524709076,3.5731111094355583,1.4276705384254456,2.387916097417474,2.4170440416783094
375808,0.05274970122263767,0.25382530177012086,3.7947836443781853,0.8761745598167181,0.10678140126401559,0.05905234068632126,3.944948710501194,1.9058055020868778,1.3719770088791847,3.0896124094724655
376832,0.057561693858588114,0.30145050259307027,3.9009032025933266,0.8709457200020552,0.1022065858123824,0.06467341678217053,3.65927155315876,1.3768845163285732,2.1030706856399775,3.98109932243824
377856,0.052242699661292136,0.26036844146437943,4.1016514748334885,1.0655592251569033,0.1192428974318318,0.05356841895263642,3.426728129386902,1.1971610132604837,1.9808622151613235,2.8311069384217262
378880,0.07960224186535925,0.2755597126670182,3.8400707691907883,0.8721522800624371,0.04773799251415767,0.04717570618959144,3.328816697001457,1.1929940525442362,2.5444315560162067,2.7675467338413
379904,0.030362208315636963,0.270415595266968,3.9094419851899147,0.8742100298404694,0.043747776246163994,0.06912964436924085,3.6624495685100555,1.7241517528891563,2.2414409406483173,2.232727210968733
380928,0.049014222575351596,0.2735830247402191,3.850717045366764,0.9014608561992645,0.0530746087024454,0.06177717016544193,3.474089078605175,1.6581322699785233,2.40003003180027,2.250621996819973
381952,0.049541763815796,0.3625405393540859,3.88189460337162,0.8716200087219477,0.06605474869138561,0.07926934910938144,3.598413370549679,1.6648824140429497,2.0120623633265495,2.493445623666048
382976,0.06128886711667292,0.4339250596240163,3.6988841518759727,0.6447702497243881,0.170194901060313,0.06228828290477395,3.8074985817074776,2.0139977261424065,3.7083285488188267,3.871400035917759
384000,0.03264847489481326,0.32392824487760663,3.468391075730324,0.5850713159888983,0.12481276248581707,0.051601202227175236,3.386177711188793,1.438288178294897,2.8968438617885113,2.360817179083824
385024,0.045492339770135004,0.26272136345505714,3.763388104736805,0.7675610352307558,0.1083090307074599,0.061208908911794424,3.6432818844914436,1.4012967683374882,1.5058053191751242,2.8298252411186695
386048,0.05074528683326207,0.3939512465149164,3.7804431095719337,0.8311310913413763,0.05933716337312944,0.07366228534374386,3.6980275586247444,1.434501450508833,2.0096989907324314,2.1655390076339245
387072,0.04500415672373492,0.34257182013243437,3.5903556272387505,0.5692928526550531,0.12905434682033956,0.05612901831045747,3.8928712606430054,1.8825015798211098,2.4868571534752846,2.23133123293519
388096,0.04255919496063143,0.2983246105723083,3.7224210277199745,0.6821329845115542,0.12046971765812486,0.08171864517498761,3.9154253751039505,1.8361755385994911,1.9355214200913906,4.472492504864931
389120,0.07904923269234132,0.502381450496614,3.707916811108589,0.7180439922958612,0.10129995661554858,0.06171135033946484,3.7786948457360268,1.4993809573352337,3.691290955990553,2.240611808374524
390144,0.04830805052188225,0.32628560485318303,3.8586036264896393,0.7599819414317608,0.06982794406940229,0.05144263029797003,3.6271296218037605,1.5270847752690315,1.8482503779232502,1.6970336195081472
391168,0.0658009800245054,0.4032088974490762,3.8289316445589066,0.8331367094069719,0.07534947793465108,0.06430744857061654,3.680248536169529,1.6657063364982605,2.452729055657983,1.7946500424295664
392192,0.03265013120835647,0.3247481733560562,3.8770930618047714,0.8284779768437147,0.08483535959385335,0.05797638068906963,3.874461308121681,2.117004368454218,1.9480882957577705,1.9063757359981537
393216,0.052192537201335654,0.35153006156906486,3.7969032377004623,0.8716086465865374,0.12517018476501107,0.08152026403695345,3.6590611562132835,1.4827487170696259,3.260138550773263,2.37473102286458
394240,0.05548918171552941,0.395486555993557,3.9351419806480408,0.9601016622036695,0.08635077712824568,0.05982834636233747,4.056298576295376,1.8115892373025417,2.407811963930726,3.944815617054701
395264,0.055638739839196205,0.5211582751944661,3.6424748599529266,0.6858826205134392,0.07042722473852336,0.05894209782127291,3.7463757023215294,1.7391075901687145,3.209117319434881,2.3107667081058025
396288,0.03543439271743409,0.3713880516588688,3.464768595993519,0.5093687269836664,0.10009343037381768,0.04717512952629477,3.899543136358261,2.5636317878961563,3.283062729984522,2.3869809564203024
397312,0.04972150007961318,0.29567762976512313,3.788022831082344,0.7856593709439039,0.1664952279534191,0.05931272450834513,4.007070295512676,2.0235344916582108,1.9652953334152699,5.499336179345846
398336,0.03639455701340921,0.2227294291369617,3.902009107172489,0.7933350559324026,0.0967378115747124,0.03635300527093932,3.7756848856806755,1.7317856512963772,1.598309824243188,2.7516868989914656
399360,0.028757895313901827,0.4794043926522136,3.7359784841537476,0.6646803449839354,0.06036565743852407,0.046522520075086504,3.896803580224514,1.9064232520759106,3.435472261160612,3.252045003697276
400384,0.05758136964868754,0.346449539065361,3.835764780640602,0.8883617892861366,0.1361770456423983,0.05679222533944994,3.860753409564495,1.722745656967163,2.294478051364422,2.786527704447508
401408,0.052304323646239936,0.34569510631263256,3.789912149310112,0.8409576006233692,0.13761590525973588,0.06884308136068285,3.854321166872978,1.751414380967617,1.885422369465232,2.6186411194503307
402432,0.05883783943136223,0.43663053028285503,3.7352770045399666,0.76576560549438,0.10439206834416837,0.07331086474005133,3.771461918950081,1.4944635108113289,2.754137698560953,2.5781388506293297
403456,0.04805415277951397,0.33272208692505956,3.738140821456909,0.7357987649738789,0.10159165057120845,0.05634323909180239,3.7732880413532257,1.5455233789980412,3.369807669892907,4.073276514187455
404480,0.056730984564637765,0.36737262457609177,3.6686982586979866,0.6029921863228083,0.1212198322173208,0.05870440596481785,3.618284724652767,1.5463505778461695,5.010324664413929,7.699713665992022
405504,0.07049766293494031,0.27667321916669607,3.949388727545738,0.8833166100084782,0.1355820179451257,0.05992630741093308,3.865493059158325,1.4001665003597736,2.1933469213545322,4.1798376850783825
406528,0.05914484657114372,0.2995462412945926,3.8967733457684517,0.7995132599025965,0.09696903836447746,0.046188636508304626,3.9765311926603317,1.7634139135479927,2.1315266974270344,1.9992769379168749
407552,0.06741825921926647,0.3240031977184117,3.694585867226124,0.6827169172465801,0.09918258819379844,0.07384725054726005,3.772015854716301,1.603998564183712,2.1378392092883587,3.537689747288823
408576,0.056581476412247866,0.20051397243514657,3.8630977794528008,0.8445373475551605,0.11180706281447783,0.04813526262296364,3.911926992237568,1.838159579783678,2.120097704231739,2.8543379977345467
409600,0.03205256795627065,0.345735440030694,3.8474242985248566,0.7544951010495424,0.060697740787873045,0.06630341161508113,3.469943590462208,1.5257464610040188,1.9384082145988941,2.9165359139442444
410624,0.06063007016200572,0.2894522473216057,3.5479907244443893,0.6423372086137533,0.11554132169112563,0.045785421156324446,3.688322991132736,1.6041784100234509,2.825352881103754,2.2140579354017973
411648,0.03533275128575042,0.24366716900840402,3.724736198782921,0.6448409501463175,0.05599280708702281,0.05785646929871291,3.4553373903036118,1.498025506734848,2.365623965859413,2.156949007883668
412672,0.04698815930169076,0.15684800338931382,3.790186606347561,0.7142125573009253,0.14635594200808555,0.08054131123935804,4.1184894144535065,2.054053895175457,1.4012822397053242,1.5923893600702286
413696,0.08135415689321235,0.18627286981791258,3.9446493312716484,0.8543238565325737,0.05342711679986678,0.06562187493545935,3.5516081750392914,1.277484491467476,1.9563432335853577,2.3010900020599365
414720,0.03979040984995663,0.2858554432168603,3.804584354162216,0.7418972793966532,0.10012937866849825,0.07485518103931099,3.625628039240837,1.3822543993592262,1.9118362348526716,2.6193474121391773
415744,0.05421758285956457,0.22961279889568686,3.710872806608677,0.6822822447866201,0.1339553939178586,0.046629058953840286,3.8307736590504646,1.422426249831915,2.1155590750277042,2.2409345377236605
416768,0.07471309835091233,0.216853940859437,3.822153262794018,0.7406236622482538,0.07634986461198423,0.036848115851171315,3.4752789810299873,1.2146395053714514,1.6838018037378788,1.5167762897908688
417792,0.06186322603025474,0.16909233410842717,3.8350224420428276,0.7766934614628553,0.06002057361183688,0.06070133752655238,3.8120235726237297,1.6465877555310726,1.3559186439961195,3.1204176414757967
418816,0.04734042783093173,0.3528272956609726,3.7653684988617897,0.7154875136911869,0.11234578120638616,0.028596560936421156,3.7102769538760185,1.524439848959446,1.8860589899122715,1.4837617613375187
419840,0.03305325313704088,0.29460636526346207,3.780574046075344,0.8133683484047651,0.08017723966622725,0.04467915330315009,4.217582821846008,2.3106616735458374,2.425644738599658,1.927388969808817
420864,0.041484635788947344,0.1436077686958015,3.9024216309189796,0.8115399498492479,0.09136845613829792,0.026807296293554828,4.060754753649235,2.1243074871599674,1.570543022826314,2.076890839263797
421888,0.05220635802834295,0.2945379805751145,3.844335727393627,0.7949893064796925,0.08466999165830202,0.05041251674992964,3.5582135543227196,1.4581422433257103,1.8217539116740227,3.439520664513111
422912,0.0546794964466244,0.3214643392711878,3.8296124935150146,0.9314148034900427,0.07399070108658634,0.05864209379069507,3.44449819624424,1.1964563727378845,2.1213037334382534,2.3584334030747414
423936,0.04056020750431344,0.3173999162390828,3.743921674787998,0.799087155610323,0.08170704339863732,0.06416723679285496,3.8578841984272003,1.8553086072206497,1.8400596715509892,2.276859501376748
424960,0.04938695617602207,0.34055682411417365,3.8358245491981506,0.8629977963864803,0.12495275429682806,0.0683507559588179,3.6290247291326523,1.5701594166457653,2.595698818564415,3.891575064510107
425984,0.06046669333591126,0.3154443805105984,3.917655296623707,0.9418432060629129,0.0958838076912798,0.05855009041260928,3.7388179674744606,1.5531078204512596,2.3101896494627,2.9089616499841213
427008,0.04981682143989019,0.47912159748375416,3.8295532166957855,0.8060865625739098,0.12409497646149248,0.07912656129337847,3.676567442715168,1.6451261416077614,2.402948599308729,4.645959682762623
428032,0.04438116229721345,0.23445859272032976,3.760570950806141,0.7544325776398182,0.13948192150564864,0.07460737542714924,3.7584984749555588,1.6744447201490402,2.2088127490133047,4.7042104713618755
429056,0.042107720524654724,0.40759352222085,3.75351632386446,0.7739524561911821,0.05420924884674605,0.05801626795437187,3.771407499909401,1.5904238522052765,1.8208321444690228,2.5065969973802567
430080,0.05876922534662299,0.3628881825134158,3.687868259847164,0.7072065640240908,0.11464457883266732,0.05492082342971116,3.3455992192029953,1.2973293717950583,3.50545659288764,2.988471571356058
431104,0.07472003455040976,0.4753020675852895,3.726320758461952,0.8304936308413744,0.1166781231877394,0.054057198169175535,3.616878978908062,1.2960673086345196,2.5210733488202095,1.802847906947136
432128,0.06030757844564505,0.20759020606055856,3.707083024084568,0.7235907781869173,0.155987091595307,0.05002770712599158,3.7733254060149193,1.333345614373684,1.6721102576702833,3.0433658100664616
433152,0.04006064299028367,0.22740124352276325,3.993679292500019,0.9741764925420284,0.07313772229827009,0.03623296431032941,3.877929635345936,1.891102235764265,1.721359919756651,1.417275059968233
434176,0.0439808358787559,0.3681608624756336,3.747685320675373,0.7804725766181946,0.05344763670291286,0.07941705686971545,3.4817337319254875,1.3634916692972183,2.242769878357649,2.5999953746795654
435200,0.03975416469620541,0.3028576257638633,3.661837786436081,0.6534482520073652,0.1223922785720788,0.0650703787105158,3.8144001364707947,1.6740299090743065,2.1101727187633514,3.0868174955248833
436224,0.06208490251447074,0.18315680557861924,3.9645118713378906,1.0150960944592953,0.10510524222627282,0.03435356420231983,3.4408580288290977,1.3549577742815018,1.639942729845643,1.715561082586646
437248,0.0776709983474575,0.4691372476518154,3.5922886729240417,0.7095265109091997,0.12812347034923732,0.08021892327815294,3.832895427942276,1.52914609760046,2.394319389015436,2.8629586063325405
438272,0.057206231547752395,0.4583554342389107,3.599108539521694,0.6501438692212105,0.07052890135673806,0.05255801876774058,3.9392764270305634,1.8520443178713322,2.804556306451559,1.6536118183284998
439296,0.03808760235551745,0.35188910737633705,3.582953564822674,0.5637105191126466,0.10434384804102592,0.04544192465255037,3.7528702840209007,1.57141687348485,2.0014699175953865,2.7312670797109604
440320,0.039935645763762295,0.1727993953973055,3.60921760648489,0.5796591537073255,0.19857058906927705,0.023744718317175284,4.153467483818531,1.8822769522666931,1.586874620988965,2.80439636670053
441344,0.054028374957852066,0.44161771703511477,3.635486237704754,0.6510506197810173,0.06010610857629217,0.06751533027272671,3.7121712267398834,1.642107430845499,2.041604546830058,2.468116983771324
442368,0.0665080666076392,0.301124828401953,3.7960295751690865,0.8407668918371201,0.07790371667942964,0.08326462272088975,3.708713673055172,1.5285376273095608,2.092959199100733,3.2497123945504427
443392,0.030099240771960467,0.3307738872244954,3.7037044540047646,0.6880880370736122,0.05322709232859779,0.07020656345412135,3.880061089992523,1.8584162332117558,1.8420110158622265,2.087287599220872
444416,0.06188710495189298,0.29563399916514754,3.8439741134643555,0.75710404291749,0.09906250101630576,0.05634269496658817,3.886343277990818,1.8469665423035622,2.7252720966935158,2.315654270350933
445440,0.037294693873263896,0.25425073644146323,3.773191049695015,0.7236097920686007,0.13655687699792907,0.0666429135017097,3.605156399309635,1.5165654495358467,1.9841032586991787,5.405051674693823
446464,0.06914230159600265,0.19302882719784975,3.9012608379125595,0.8235564287751913,0.11625137226656079,0.036591116164345294,3.6983987987041473,1.527480062097311,1.7378209419548512,2.351205425336957
447488,0.04307575651910156,0.1906044592615217,3.920306146144867,0.8836320824921131,0.09843151457607746,0.03623979806434363,4.011922895908356,1.8829412087798119,1.540993332862854,2.2007962819188833
448512,0.048835654655704275,0.22173044690862298,3.8208217918872833,0.7825396880507469,0.08875706759863533,0.06966178771108389,3.6625485569238663,1.5338041447103024,2.201361410319805,5.064126744866371
449536,0.06260329185170121,0.2789176655933261,3.6646596640348434,0.6777459196746349,0.2177619612775743,0.06536945351399481,4.208142712712288,2.248333662748337,2.643268808722496,3.407237835228443
450560,0.05322574402089231,0.26617608219385147,3.696938343346119,0.7455684151500463,0.10346855546231382,0.06979145284276456,3.828681118786335,1.5056547448039055,2.170800106599927,3.343930423259735
451584,0.05330184134072624,0.21554736117832363,3.8452141135931015,0.7913064453750849,0.06403585101361386,0.06829404889140278,3.984322778880596,1.8024619296193123,2.492083642631769,1.8938227631151676
452608,0.07138058773125522,0.3221704587340355,3.7142753303050995,0.7647370100021362,0.09459563548443839,0.06369322899263352,3.7400463446974754,1.590421099215746,2.432056723162532,1.860582161694765
453632,0.06363262463128194,0.17322535649873316,3.7454179748892784,0.6665376853197813,0.12910998472943902,0.04397716687526554,3.946899861097336,2.029575426131487,1.392357811331749,2.1259881630539894
454656,0.04347391542978585,0.2292959112673998,3.6924512311816216,0.6139628142118454,0.09266902090166695,0.049691521911881864,4.0598596930503845,2.1567201912403107,1.6726893037557602,1.520921666175127
455680,0.048635602986905724,0.2619392964988947,3.6182230338454247,0.5797249469906092,0.09203014575177804,0.04686449805740267,3.7900912687182426,1.6016143187880516,2.490736860781908,2.630130872130394
456704,0.04004652693402022,0.22099657403305173,3.4072007685899734,0.5289756655693054,0.11562328960280865,0.03675105364527553,3.4062006026506424,1.2404134720563889,2.2046875916421413,3.191345302388072
457728,0.05024322887766175,0.22512823017314076,3.524847634136677,0.5261906366795301,0.13068539591040462,0.04507641069358215,4.02667012065649,1.8995851166546345,1.9588030092418194,2.378048785030842
458752,0.03457099058141466,0.22128252731636167,3.8204715475440025,0.7703421954065561,0.07895413090591319,0.03663787950063124,3.69070478528738,1.5349583700299263,1.4514212254434824,2.118383849039674
459776,0.04558228261885233,0.2596138818189502,3.8381503894925117,0.8030183836817741,0.058301183133153245,0.05342420539818704,3.53366182744503,1.6454873271286488,2.609336506575346,2.6405950002372265
460800,0.07568462146446109,0.22868459858000278,4.073439903557301,0.9536107834428549,0.10598195379134268,0.04185507190413773,4.012026645243168,1.9685535542666912,1.859058354049921,1.6067195013165474
461824,0.07044878581655212,0.29147314094007015,3.8022466897964478,0.7890688274055719,0.11839788767974824,0.06858046120032668,3.946209028363228,1.9234435744583607,2.3666145652532578,2.519914099946618
462848,0.05020837014308199,0.2999563408084214,3.8437314108014107,0.8396554663777351,0.14021843721275218,0.06882490939460695,3.9383340626955032,1.8149180337786674,1.1924397870898247,2.726825265213847
463872,0.06384389902814291,0.24362758826464415,3.790948010981083,0.7752670571208,0.10655284067615867,0.05866964824963361,3.6517952904105186,1.4853599332273006,2.0574042331427336,2.051843523979187
464896,0.041194236153387465,0.2457419172860682,3.855000779032707,0.7654225211590528,0.06464296020567417,0.060916988586541265,4.049495220184326,2.1827563792467117,1.8834001906216145,2.0427806954830885
465920,0.03749285820231307,0.3558798301964998,3.705774798989296,0.7351483982056379,0.15352963737677783,0.07195852615404874,3.9473925307393074,1.8084768503904343,3.4502520635724068,6.798934657126665
466944,0.04796242780867033,0.28936076164245605,3.761883020401001,0.6835219208151102,0.07639172064955346,0.03611620934680104,3.912907712161541,1.761243525892496,2.3571996726095676,2.6601157803088427
467968,0.039086011311155744,0.17480611917562783,3.732551157474518,0.6549486592411995,0.16416032356210053,0.02706584575935267,4.125972963869572,1.9561846926808357,2.593594318255782,2.332795411348343
468992,0.0590169517963659,0.29506111424416304,3.9239772334694862,0.9627087917178869,0.06091971919522621,0.07337419269606471,3.711031846702099,1.6914808079600334,2.3939609602093697,1.7169852163642645
470016,0.06536858362960629,0.31287325359880924,3.7295652106404305,0.8687806483358145,0.08791581029072404,0.07408543536439538,3.639954060316086,1.4826664216816425,2.6144567131996155,2.5175460167229176
471040,0.04999078722903505,0.2573310565203428,3.838697023689747,0.8204580489546061,0.136019998928532,0.0503415308194235,3.424173340201378,1.3537492342293262,2.0316888205707073,2.609449964016676
472064,0.05477508524199948,0.37483575753867626,3.8774041309952736,0.9033552929759026,0.046559149806853384,0.10849079838953912,3.7861043140292168,1.6156493872404099,2.249480828642845,2.242558626458049
473088,0.039479088300140575,0.2209072094410658,3.660321533679962,0.7614420782774687,0.09620045259362087,0.09446135221514851,3.6874252259731293,1.362542424350977,1.843370171263814,2.6864430904388428
474112,0.06654263692325912,0.276787378359586,3.76715200394392,0.7978527564555407,0.13249274890404195,0.07739437837153673,3.671987824141979,1.4376093111932278,2.40866656973958,3.902541548013687
475136,0.033727128262398764,0.17374187079258263,3.8270654305815697,0.7714538238942623,0.06870264137978666,0.03808810806367546,3.6868988052010536,1.7197127118706703,1.5971132945269346,2.0719609688967466
476160,0.06416548022389179,0.3379731234163046,3.730669677257538,0.7194621078670025,0.16179082659073174,0.048460601654369384,3.6158060804009438,1.5261818394064903,2.491797138005495,2.809700960293412
477184,0.04025610815733671,0.2292515430599451,3.626957379281521,0.6634296365082264,0.11277582752518356,0.03936189372325316,3.57662732899189,1.4008478671312332,2.4368298798799515,2.2874968014657497
478208,0.05140358296921477,0.3934523509815335,3.72780904173851,0.749647218734026,0.08070657995995134,0.10732095898129046,3.619574911892414,1.2932225354015827,2.616229945793748,3.26182409375906
479232,0.03955729967856314,0.39380093291401863,3.685786746442318,0.7170954681932926,0.06630694138584659,0.055655355798080564,3.5523694157600403,1.3915346264839172,1.3606317769736052,2.2766154427081347
480256,0.05950912431580946,0.3964056675322354,3.81192197650671,0.8813767787069082,0.12359521363396198,0.046061748231295496,3.2422368079423904,0.9472098927944899,2.1537330634891987,2.8989563286304474
481280,0.0618357673229184,0.2753514158539474,3.697849154472351,0.667181832715869,0.10694471967872232,0.05501430144067854,3.737031675875187,1.4365183934569359,1.8982759527862072,2.3734943233430386
482304,0.046558584668673575,0.19705252395942807,3.6663600727915764,0.6246859934180975,0.08486805122811347,0.04789885418722406,4.073920890688896,1.8371713012456894,1.228575274348259,1.7702999040484428
483328,0.05780157711706124,0.33384115248918533,3.7532984763383865,0.792949166148901,0.18274983437731862,0.05926696117967367,3.979051448404789,1.9112929850816727,1.9504646733403206,2.5848294477909803
484352,0.050366939714876935,0.2548713721334934,3.707867667078972,0.6709943320602179,0.11210081371245906,0.04030175716616213,3.8187628388404846,1.6200017854571342,1.9765526987612247,3.0629945900291204
485376,0.05192185929627158,0.2167831906117499,3.549480624496937,0.5226983297616243,0.13761298247845843,0.04624461749335751,3.8853782191872597,1.5016164369881153,2.513404507189989,2.7483055610209703
486400,0.03324003142188303,0.24282139539718628,3.8271916657686234,0.7997882924973965,0.06534572411328554,0.047303530329372734,3.7726859524846077,1.575931679457426,1.4690009355545044,3.3786971047520638
487424,0.0480157355486881,0.25012128381058574,3.6446253061294556,0.6090527474880219,0.0688602572918171,0.02673428360139951,3.89226084202528,1.7243698500096798,2.5693200156092644,2.0285706222057343
488448,0.039070480153895915,0.30864930525422096,3.8166111409664154,0.7519125584512949,0.09529293124796823,0.060465028742328286,3.78938789665699,1.603639930486679,1.738258671015501,2.3891787454485893
489472,0.04255009385815356,0.3731507691554725,3.6049188524484634,0.7138975616544485,0.10265235311817378,0.11354965064674616,3.4124395549297333,1.39112688601017,2.345625016838312,3.2039960585534573
490496,0.04307489315397106,0.26666452968493104,3.750491052865982,0.7038445137441158,0.05040050481329672,0.043183578411117196,3.6787677481770515,1.8224122449755669,1.9974832125008106,2.224214503541589
491520,0.05960811726981774,0.2247239425778389,3.617967903614044,0.5955794900655746,0.11815104924608022,0.041837423865217716,3.8630064353346825,1.721930056810379,1.5903315916657448,2.033934563398361
492544,0.04796925245318562,0.24869868345558643,3.398553304374218,0.5966835655272007,0.09095056794467382,0.06472131598275155,3.122486025094986,0.9943116810172796,2.1702593080699444,5.120189465582371
493568,0.06034646893385798,0.3121018777601421,3.698067009449005,0.643570851534605,0.13641249330248684,0.06431543512735516,3.609273247420788,1.4121773652732372,1.8811493590474129,3.4940529204905033
494592,0.03323244396597147,0.3621332114562392,3.8511294797062874,0.7902081105858088,0.08671480475459248,0.050060318084433675,3.647372528910637,1.3121950738132,1.6131210289895535,3.4452506192028522
495616,0.04554012749576941,0.282922123093158,3.83219226449728,0.7469767425209284,0.0801274863188155,0.07044480019249022,3.4894579499959946,1.3342808559536934,1.8602990750223398,3.3740301243960857
496640,0.027732943097362295,0.2449507131241262,3.849208913743496,0.7694109603762627,0.07168802741216496,0.07081902923528105,3.809481680393219,1.6289867497980595,2.000118177384138,3.657366119325161
497664,0.06286906491732225,0.4587820200249553,3.5769617334008217,0.6167498417198658,0.14302839955780655,0.11659228580538183,3.6548969000577927,1.570009596645832,3.1970529668033123,3.8638427518308163
498688,0.04231483789044432,0.28016859851777554,3.769306406378746,0.6502098217606544,0.12448872299864888,0.059565649717114866,3.7320706993341446,1.4855741038918495,3.6840360946953297,7.884350061416626
499712,0.05365189301664941,0.22417657542973757,3.825032353401184,0.742687152698636,0.09349452739115804,0.09759568388108164,3.4818400889635086,1.3125664107501507,1.7321266550570726,7.931943129748106
500736,0.030827392896753736,0.2331757303327322,3.752003490924835,0.6881924010813236,0.10555387201020494,0.08806480921339244,3.8950678557157516,1.6277717798948288,2.598372757434845,5.741433694958687
501760,0.055319048842648044,0.3078132849186659,3.769647568464279,0.7226362843066454,0.07128917070804164,0.06802064622752368,3.5310889407992363,1.3139283247292042,2.497251894325018,2.7766757123172283
502784,0.05901589407585561,0.28729219315573573,3.8153880313038826,0.7937661595642567,0.11902442981954664,0.054139922896865755,3.9223707690835,1.675675231963396,1.8819535933434963,2.2837050799280405
503808,0.056727122311713174,0.2957367245107889,3.7848144099116325,0.7650604397058487,0.13106481393333524,0.0963667124742642,4.035824254155159,1.8128936477005482,1.970166776329279,4.906822916120291
504832,0.04341034455865156,0.2803569883108139,3.51711668074131,0.5669746194034815,0.11396072449861094,0.055513519095256925,3.7152505293488503,1.439510390162468,2.786551397293806,3.2449630945920944
505856,0.06843842472881079,0.3305918090045452,3.557625934481621,0.6376132946461439,0.09902887557109352,0.04779924836475402,3.807463176548481,1.3967461381107569,2.603768166154623,2.1870636455714703
506880,0.03751021783682518,0.2343628015369177,3.6609140783548355,0.6571890953928232,0.06363433762453496,0.04639407561626285,3.814862035214901,1.6860870271921158,2.1455542631447315,2.444653632119298
507904,0.045720820751739666,0.49347013235092163,3.553700029850006,0.5648348405957222,0.08584321071975864,0.07180018571671098,3.778593510389328,1.5551606565713882,3.8422295451164246,5.762226432561874
508928,0.05179710278753191,0.35470856400206685,3.7216355428099632,0.6695181578397751,0.1162009680410847,0.062159841414541006,3.981558732688427,1.90523886308074,2.924521006643772,2.4686943404376507
509952,0.05668807518668473,0.34579907823354006,3.242708183825016,0.40192037262022495,0.13221590977627784,0.09039961663074791,3.3049554601311684,1.3585606180131435,4.275575302541256,5.996606044471264
510976,0.03548303700517863,0.2868982716463506,3.8421109840273857,0.6709264442324638,0.013243263878393918,0.02983997404226102,3.7627903893589973,1.724403277039528,2.5693128295242786,2.090831244364381
512000,0.07121472578728572,0.32342205569148064,3.747725732624531,0.7239163611084223,0.10859044932294637,0.04353590967366472,3.5443238243460655,1.4137497507035732,3.7548838034272194,2.1788095720112324
513024,0.04976269701728597,0.24606610229238868,3.8361881598830223,0.7628267034888268,0.04393180905026384,0.042453022964764386,3.6347679123282433,1.8822543695569038,2.2290438301861286,2.1486884616315365
514048,0.06497842678800225,0.4106203857809305,3.84545411914587,0.7234181016683578,0.09798539336770773,0.06776277045719326,3.7203773111104965,1.6762277334928513,5.810611374676228,4.311855349689722
515072,0.04552244013757445,0.2218388421460986,3.633241482079029,0.5189771270379424,0.1273740312899463,0.03898966236738488,3.928818039596081,1.8284108974039555,4.307786360383034,5.616942178457975
516096,0.05642316544253845,0.35215392522513866,3.812388226389885,0.7037627790123224,0.07374001108109951,0.04974361159838736,3.4808518290519714,1.2491115592420101,3.345725305378437,3.55526221729815
517120,0.07296899225912057,0.3677942343056202,3.764920175075531,0.8333935048431158,0.06383747269865125,0.029857822693884373,3.6736772283911705,1.6601303070783615,3.6523946337401867,1.8508455194532871
518144,0.04034872562624514,0.29094788152724504,3.577513627707958,0.5541593274101615,0.07325565780047327,0.07410806731786579,3.9267427250742912,1.9089633040130138,4.083064042031765,2.7050596568733454
519168,0.0436174460046459,0.15296261408366263,3.4478066712617874,0.4397352645173669,0.16232398082502186,0.019581821659812704,3.9018689468503,1.8280249908566475,2.3577516824007034,1.8753157332539558
520192,0.05345012166071683,0.2925157602876425,3.8383177891373634,0.7987718917429447,0.05281262844800949,0.04654908418888226,3.595534384250641,1.4151292443275452,2.0864399895071983,2.3864829689264297
521216,0.05234607991587836,0.33791859121993184,3.83782958984375,0.8123321980237961,0.04481810855213553,0.0966113501926884,3.7713598906993866,1.6620353162288666,2.325060650706291,2.3201920725405216
522240,0.03724285832140595,0.242894287686795,3.953692503273487,0.9163145571947098,0.08410905400523916,0.10556627169717103,3.9426190555095673,1.9725803919136524,1.5361826959997416,2.1249859370291233
523264,0.04207929756375961,0.3443531705997884,4.0033127292990685,1.0101495999842882,0.10227170700090937,0.08204956690315157,3.569924034178257,1.3503315709531307,2.903865247964859,3.1672872975468636
524288,0.053210905942250974,0.5376573977991939,3.7834189757704735,0.7854887917637825,0.13058173342142254,0.07444257673341781,3.6693809404969215,1.4758641012012959,3.496688134968281,3.0445339530706406
525312,0.06329184753121808,0.24725558143109083,3.8214985728263855,0.8430465962737799,0.13449902227148414,0.05158731545088813,3.9465375542640686,1.6113174818456173,2.5554994866251945,2.8009812608361244
526336,0.049388067855034024,0.18950311094522476,3.730715475976467,0.6834204960614443,0.08675126224989071,0.041898729337845,3.577831782400608,1.4035463482141495,1.6562068834900856,2.2837453354150057
527360,0.0641438134771306,0.33598531503230333,3.6708034202456474,0.6904525589197874,0.07331693911692128,0.07080952206160873,3.4088321924209595,1.2073097340762615,2.6427377350628376,3.8623026236891747
528384,0.061509682825999334,0.32595388498157263,3.804229252040386,0.7677792236208916,0.07409488537814468,0.07304799347184598,3.443095065653324,1.2989115342497826,1.848867442458868,3.6728727221488953
529408,0.05869386933045462,0.2398907500319183,3.7592893242836,0.687112195417285,0.09234239684883505,0.04213850520318374,3.424667812883854,1.22650945186615,2.3715859204530716,2.2865167781710625
530432,0.05467654325184412,0.3108041579835117,3.4211553633213043,0.43911969661712646,0.1362967842433136,0.056435941718518734,3.7856267169117928,1.773906109854579,6.454714506864548,7.454036898910999
531456,0.046994363103294745,0.25599033338949084,3.5874082669615746,0.5535018146038055,0.09243325953138992,0.05203416745644063,3.636074773967266,1.515889499336481,3.7229649629443884,10.053510718047619
532480,0.06385577167384326,0.31648013507947326,3.696868270635605,0.713192094117403,0.03887667419621721,0.0584209532244131,3.5668798610568047,1.4635945819318295,2.5978497080504894,2.055076487362385
533504,0.06595697116426891,0.3397088386118412,3.592028647661209,0.6126910094171762,0.10356597235659137,0.06426674453541636,3.8247917741537094,1.7107614427804947,3.0353315472602844,3.0936221443116665
534528,0.044166538515128195,0.14529171911999583,3.8778628557920456,0.7299995981156826,0.10397025343263522,0.048883007548283786,3.9311304539442062,1.8981142900884151,1.6201563850045204,3.2103073820471764
535552,0.05159694352187216,0.2644598325714469,3.749515824019909,0.68152130022645,0.07708467188058421,0.03709060593973845,3.363707184791565,1.2522541843354702,1.9750727657228708,2.93356279656291
536576,0.05139483598759398,0.24038180615752935,3.8444882705807686,0.7569525297731161,0.04052218346623704,0.036263839807361364,3.851216696202755,2.078445006161928,2.218268971890211,1.7166972700506449
537600,0.041601147735491395,0.2314582969993353,3.834695428609848,0.7507889401167631,0.13072819379158318,0.04359986912459135,3.9906432405114174,1.9476092234253883,1.7078678607940674,2.5883974954485893
538624,0.05527248411090113,0.3631170177832246,3.7338010743260384,0.7494649384170771,0.11900073429569602,0.07334094983525574,3.963936246931553,1.9783559776842594,2.31927496381104,2.8665480874478817
539648,0.04152318064006977,0.30169040197506547,3.751195900142193,0.6847356744110584,0.08720227895537391,0.05377544625662267,3.7307116016745567,1.6323330663144588,1.7961443159729242,3.729646721854806
540672,0.044947004527784884,0.2533323294483125,3.6716979444026947,0.643458629027009,0.14958474319428205,0.062250419054180384,4.035195775330067,1.9454725794494152,2.7314511258155107,4.022084806114435
541696,0.0469840049627237,0.14876875327900052,3.845953918993473,0.7238619066774845,0.15557334618642926,0.038306315371301025,4.040219679474831,1.7397871315479279,1.8800789918750525,3.233291834592819
542720,0.04792926200025249,0.21682775160297751,3.7437023892998695,0.6479294113814831,0.10314592160284519,0.04864302679197863,3.9165937677025795,1.6382806487381458,2.1654792949557304,2.8004637826234102
543744,0.055153877183329314,0.37071220856159925,3.8462307304143906,0.7305655386298895,0.08135230821790174,0.04698721901513636,3.564693458378315,1.254086945205927,2.7239037100225687,3.046384669840336
544768,0.06511053844587877,0.4234754517674446,3.9235225543379784,0.7727221287786961,0.05078906344715506,0.03602903737919405,3.782191574573517,1.5821635611355305,3.5325240045785904,3.24945168197155
545792,0.05210648132197093,0.3438919987529516,3.648099236190319,0.5863026101142168,0.1248337856377475,0.0460205664858222,3.7317223250865936,1.5652180947363377,3.0309271030128,3.6525471564382315
546816,0.06349203904392198,0.31590557051822543,3.6814849749207497,0.6864781714975834,0.139281811658293,0.060769642353989184,3.8072099462151527,1.528132515028119,3.3493140041828156,2.5266207735985518
547840,0.04926958533178549,0.14684254745952785,4.0045343562960625,0.851443087682128,0.09948838414857164,0.04345471365377307,3.8799161314964294,1.7579178027808666,1.8723646998405457,3.771422676742077
548864,0.054734090372221544,0.33174198726192117,3.9825441241264343,0.8449690081179142,0.02563256122812163,0.03932450478896499,3.761702723801136,1.6882723569869995,3.194968458265066,2.3570716809481382
549888,0.06775266962358728,0.31134823616594076,3.7098486721515656,0.6386748645454645,0.11578917503356934,0.042578627238981426,3.9821310341358185,2.0435143783688545,4.123651027679443,3.7452845871448517
550912,0.04735685419291258,0.27220656583085656,3.7828159108757973,0.6941980849951506,0.1376015255227685,0.04355634731473401,3.539038196206093,1.7049223445355892,4.816128484904766,4.249093562364578
551936,0.06020902615273371,0.35689720092341304,3.5343774259090424,0.6175426356494427,0.13867422216571867,0.06458775280043483,3.6653978675603867,1.7708631232380867,3.2566774003207684,3.865892620757222
552960,0.04037568187050056,0.15499861887656152,3.7577671110630035,0.7298108972609043,0.11466365691740066,0.045312486472539604,4.158980548381805,2.2745152823626995,3.010169154033065,3.0220694541931152
553984,0.04531501290330198,0.22792845917865634,3.8399109318852425,0.6550015732645988,0.10997648711781949,0.029225867619970813,4.097445257008076,2.1286224834620953,3.7495186906307936,3.196143953129649
555008,0.04314169764984399,0.3198803015984595,3.7772642374038696,0.7140925284475088,0.09092845540726557,0.056493163225241005,3.6796039566397667,1.6553030870854855,2.8930849842727184,2.7751287519931793
556032,0.052094164333539084,0.29415777372196317,3.7888160720467567,0.7247148677706718,0.06893977815343533,0.0925357419764623,3.7687794864177704,1.6739098653197289,1.7305333968251944,2.607823308557272
557056,0.057838403212372214,0.6224134294316173,3.4799579232931137,0.5067279161885381,0.16994466143660247,0.10712286329362541,4.01350037753582,1.9120337255299091,6.199451383203268,11.127310641109943
558080,0.03246891056187451,0.3530708160251379,3.6974176838994026,0.6164158750325441,0.1181480954401195,0.04872248967876658,3.85036588460207,1.5443535707890987,2.62477220967412,3.2316530980169773
559104,0.041616586939198896,0.2530801985412836,3.767431303858757,0.7060182001441717,0.16111839428776875,0.06451547669712454,3.7512437030673027,1.5277323797345161,2.5700555834919214,3.4864803478121758
560128,0.054697167593985796,0.2207833924330771,3.9798914045095444,0.930717695504427,0.1344716737512499,0.06121409358456731,4.1271882355213165,1.773987453430891,1.7407138980925083,2.0285931676626205
561152,0.03791725396877155,0.2202604408375919,3.9167243614792824,0.9805969949811697,0.08114111158647574,0.11311482323799282,3.7700769379734993,1.2940891459584236,1.7361079677939415,2.6223165579140186
562176,0.041896824492141604,0.41494076047092676,3.7792799845337868,0.7225425839424133,0.10903698683250695,0.13197831460274756,3.856111228466034,1.5380293503403664,3.694992370903492,5.919952061027288
563200,0.07959367500734515,0.304185354616493,3.8610035851597786,0.9225557446479797,0.1246170979575254,0.06498897925484926,3.7272722721099854,1.41355250030756,2.312315158545971,2.4593003671616316
564224,0.036364214931381866,0.27251332718878984,3.8804764226078987,0.8040374610573053,0.07019310447503813,0.0671774527290836,3.697276934981346,1.3145880065858364,1.9518209397792816,2.6083102133125067
565248,0.05534294719109312,0.2863362655043602,3.8136162534356117,0.7774007450789213,0.07547355114365928,0.042024733615107834,3.677681416273117,1.5330318547785282,2.5256842374801636,3.2613033931702375
566272,0.06666859140386805,0.13647548528388143,3.725175157189369,0.6907080858945847,0.10336668265517801,0.031153249670751393,3.4138180762529373,1.1308367792516947,2.88035599142313,3.6175330728292465
567296,0.03668640433170367,0.25388936325907707,3.8679644241929054,0.7715542111545801,0.07523879123618826,0.04961420386098325,3.943822219967842,1.9173359237611294,2.139043975621462,3.4981846436858177
568320,0.06497063720598817,0.3267175918444991,3.687461145222187,0.6800308655947447,0.11412947589997202,0.03043483293731697,3.929136261343956,1.682591076940298,4.254059158265591,2.1681874003261328
569344,0.060636017471551895,0.23690994270145893,3.844688542187214,0.7332635093480349,0.10207160486606881,0.030717298563104123,3.700493685901165,1.5149281956255436,2.2154642827808857,2.188494699075818
570368,0.05177649011602625,0.2606974160298705,3.6431252881884575,0.5850403644144535,0.0756645193323493,0.04857087857089937,3.5975540056824684,1.3156210035085678,2.0558598153293133,2.2154939733445644
571392,0.0450992367696017,0.21045163832604885,3.893532857298851,0.7244608774781227,0.1170460213907063,0.03631305607268587,4.114001668989658,1.9350065290927887,1.6269414201378822,1.982398796826601
572416,0.06034779141191393,0.46743558440357447,3.7335599437355995,0.6847263146191835,0.11200538976117969,0.05219430208671838,3.9764084592461586,1.8765712454915047,2.4547050930559635,3.176211277022958
573440,0.042379491351312026,0.3465008595958352,3.532841071486473,0.5908140633255243,0.09450756915612146,0.05910388985648751,3.8979949429631233,1.8172926865518093,2.5145217441022396,1.9329651184380054
574464,0.03748427613754757,0.24486929457634687,3.8200006410479546,0.7016083654016256,0.06848206405993551,0.034107645391486585,4.029666654765606,2.164219819009304,2.3333265744149685,2.2687185034155846
575488,0.05001496180193499,0.2125022504478693,3.400147244334221,0.4904320864006877,0.14376394473947585,0.07084828591905534,3.7394505441188812,1.7816010974347591,3.734862592071295,3.9513019882142544
576512,0.02734658461122308,0.27616588957607746,3.7796739786863327,0.749706732109189,0.08985958143603057,0.05844949814490974,3.809359423816204,1.7806073240935802,2.08343817666173,2.1567835565656424
577536,0.05843500170158222,0.35580747900530696,3.787949778139591,0.8254696633666754,0.06316696529393084,0.12014425615780056,3.8316687867045403,1.6422076039016247,2.515858791768551,4.335811614990234
578560,0.04824764662771486,0.30668423185124993,3.857433967292309,0.7916777674108744,0.08896739775082096,0.030361261568032205,3.9283598586916924,2.047952391207218,2.625794816762209,1.8002374023199081
579584,0.05972490331623703,0.29156476678326726,3.6514468640089035,0.6301344968378544,0.21680716890841722,0.04892499733250588,4.1185759380459785,2.460087090730667,3.267563294619322,1.9917042590677738
580608,0.047772507547051646,0.3125975797884166,3.8563262969255447,0.943268395960331,0.07196853251662105,0.07521957322023809,3.74469330906868,1.439210269600153,1.5471286326646805,1.759070135653019
581632,0.07986732225981541,0.4664773838594556,3.8302207738161087,0.8696244824677706,0.10943749564466998,0.07965406682342291,3.746198572218418,1.6338091753423214,3.101381376385689,3.190683577209711
582656,0.04355839398340322,0.37379925046116114,3.679247386753559,0.586486155167222,0.07075601513497531,0.08061339554842561,3.8448896184563637,1.742590807378292,3.9010626077651978,2.405917514115572
583680,0.05826568586053327,0.21589600946754217,3.661125011742115,0.6190369315445423,0.13461889477912337,0.06098139949608594,3.9082149118185043,1.6935572177171707,1.7141124606132507,3.9062710478901863
584704,0.04920449893688783,0.26398689672350883,3.7554485872387886,0.6527095232158899,0.110508939367719,0.07022514299023896,3.877541571855545,1.8136361464858055,3.052432779222727,3.0664100404828787
585728,0.04804827814223245,0.18774384865537286,3.760462813079357,0.7144817896187305,0.12882061582058668,0.06791964662261307,3.6613313108682632,1.4571295455098152,1.908522019162774,2.107129232957959
586752,0.062068402767181396,0.2701166379265487,3.6921327859163284,0.6453869994729757,0.13246959180105478,0.06380786327645183,3.558440625667572,1.2480492629110813,2.7090108282864094,5.525791633874178
587776,0.03786418674280867,0.19846456358209252,3.5124512016773224,0.4773213807493448,0.11148572649108246,0.03840479505015537,3.7099507972598076,1.1964997723698616,2.6701492611318827,3.7723099403083324
588800,0.04832446845830418,0.18786315666511655,3.598330497741699,0.6256339531391859,0.052113164361799136,0.03901951509760693,3.864562541246414,1.5834339261054993,2.077117644250393,1.9358587265014648
589824,0.03865381615469232,0.20653660874813795,3.594047859311104,0.5778947863727808,0.16591429198160768,0.05106282635824755,4.181223027408123,2.4206793159246445,2.101822778582573,2.877333974465728
590848,0.052794596093008295,0.23511831229552627,3.644752249121666,0.6126086264848709,0.12316467956406996,0.05138081149198115,4.044624872505665,1.9287027791142464,3.2557678427547216,3.7984370309859514
591872,0.03056638827547431,0.2029168652370572,3.9024789333343506,0.8383741248399019,0.09927563645760529,0.07935569947585464,3.860572099685669,1.9230118170380592,2.4664542507380247,3.9624648839235306
592896,0.048226337879896164,0.3831403274089098,3.8564567118883133,0.852948559448123,0.07495416112942621,0.05698390712495893,3.5474929437041283,1.526379819959402,2.51775524020195,1.9209755193442106
593920,0.019535820931196213,0.26170843886211514,3.872932642698288,0.9044197294861078,0.11211205564904958,0.08152398839592934,4.055046126246452,2.0128293335437775,2.7026423141360283,3.447573557496071
594944,0.07562171535391826,0.3617439204826951,3.8780034482479095,0.9281058050692081,0.13745881407521665,0.08839661639649421,3.999882012605667,1.8278738856315613,3.2613325528800488,2.870825480669737
595968,0.05092531529953703,0.23645965615287423,3.636374309659004,0.6497150957584381,0.12970398779725656,0.04175165016204119,3.956362672150135,1.561886265873909,2.165417740121484,2.718083320185542
596992,0.042679542137193494,0.23128732619807124,3.9648583084344864,0.8875997811555862,0.061936549085658044,0.031074156577233225,3.8469114378094673,1.8168720938265324,2.092532157897949,1.5363644734025002
598016,0.033421983069274575,0.2027503657154739,3.7967699766159058,0.842779852449894,0.08300021168543026,0.06185710919089615,3.8924104124307632,1.8574170544743538,1.6236655861139297,2.0449418779462576
599040,0.05907373339869082,0.29641836043447256,3.666866861283779,0.6724747885018587,0.13513865607092157,0.05722334375604987,3.89383252710104,1.7819517366588116,3.871540140360594,3.658526886254549
600064,0.05739725835155696,0.2556223892606795,3.661454126238823,0.6999034080654383,0.14346473244950175,0.05894394579809159,3.743406690657139,1.5579617284238338,3.3268958553671837,3.980162041261792
601088,0.061308120493777096,0.31455617398023605,3.835881642997265,0.8568084575235844,0.0927180239232257,0.047981818148400635,3.6760615780949593,1.488263238221407,2.5613337606191635,2.06719958037138
602112,0.05570808035554364,0.21107875043526292,3.7182945236563683,0.7051770705729723,0.1080892868922092,0.041309055348392576,3.8259502947330475,1.4796384647488594,2.9247676990926266,2.2275987192988396
603136,0.04341853942605667,0.16904666367918253,3.7568455189466476,0.7306069247424603,0.10368872445542365,0.052485665772110224,3.6841617822647095,1.358258880674839,3.188262917101383,2.2606601640582085
604160,0.07131455285707489,0.20399219123646617,3.8653469681739807,0.8923345766961575,0.10959434357937425,0.050853170396294445,3.6536133140325546,1.3228720501065254,3.058332856744528,3.559151079505682
605184,0.06793170960736461,0.30534247402101755,3.5994854643940926,0.7240292746573687,0.12505755873280577,0.06999735836870968,3.6910079643130302,1.2757129296660423,3.72033317014575,5.814322534948587
606208,0.04679297206166666,0.26171368872746825,3.8088869005441666,0.8000511564314365,0.08001555089140311,0.04649777716258541,3.8528937622904778,1.5658779814839363,2.4317527003586292,1.8496389742940664
607232,0.06109568018291611,0.36336704436689615,3.603905960917473,0.9110521823167801,0.09123685793019831,0.07873481512069702,3.6667592525482178,1.363503122702241,2.9068090207874775,2.68843786790967
608256,0.05473348841769621,0.359742384403944,3.8277634903788567,0.8618799094110727,0.09299306242610328,0.07905185606796294,3.7952300161123276,1.623638279736042,1.8476220052689314,2.5426792800426483
609280,0.042516193352639675,0.40458939131349325,3.448993593454361,0.49339884240180254,0.13461311161518097,0.042656422476284206,3.7113631069660187,1.374062918126583,4.583032820373774,3.1582122035324574
610304,0.06115997122833505,0.4155258918181062,3.7149122655391693,0.7422898001968861,0.0879641865612939,0.11962483590468764,3.622655250132084,1.2460230104625225,2.0280831269919872,3.7520786337554455
611328,0.040135563278454356,0.2838368988595903,3.664945103228092,0.5862520979717374,0.12781765853287652,0.030123759002890438,3.950438290834427,1.6202858202159405,2.865170892328024,3.353138467296958
612352,0.03671105905959848,0.2327517862431705,3.4366357401013374,0.4948897045105696,0.09641547070350498,0.05465196049772203,3.954003967344761,1.4681809432804585,3.2911036908626556,5.225966045632958
613376,0.04178535235405434,0.2695117057301104,3.611487030982971,0.6062290575355291,0.1354656843468547,0.0357845785911195,4.101722843945026,1.64797992259264,2.098177757114172,3.480534229427576
614400,0.0511479560227599,0.38227862771600485,3.660028710961342,0.6337788123637438,0.1140330326743424,0.04749775124946609,3.8361517190933228,1.2203662618994713,2.5300108939409256,3.7197042293846607
615424,0.05144288772135042,0.24150015646591783,3.796874538064003,0.7440464310348034,0.10123833135003224,0.03976436867378652,3.610903725028038,1.240505039691925,2.008906515315175,3.7615317534655333
616448,0.027618348263786174,0.2405272489413619,3.8054233342409134,0.7196199335157871,0.08732890826649964,0.04097045474918559,3.7901747450232506,1.422112438827753,2.7547839507460594,2.867995234206319
617472,0.06043635297100991,0.36954259499907494,3.9346071034669876,0.9548190515488386,0.10068123112432659,0.07084017409943044,3.5379900112748146,1.2608434930443764,2.0356223583221436,2.612207904458046
618496,0.053505385061725974,0.2588084451854229,3.7579089999198914,0.8079746793955564,0.09801783313741907,0.055783506541047245,3.754990741610527,1.4620166793465614,2.386116087436676,3.4778820648789406
619520,0.03985707959509455,0.3080828911624849,3.661796934902668,0.7014601733535528,0.1483572021825239,0.055049053742550313,3.9245704859495163,1.556455347687006,2.6534523740410805,4.110760346055031
620544,0.050926772761158645,0.2049156459979713,3.8742835521698,0.8036069739609957,0.0471771560551133,0.06360699620563537,3.8840387761592865,1.4726910777390003,2.0767874866724014,2.806839330121875
621568,0.04592414665967226,0.2508010668680072,3.5982368141412735,0.6032491289079189,0.12477880984079093,0.0441003079758957,3.8686625882983208,1.69252422824502,2.889949657022953,2.979865126311779
622592,0.05449050379684195,0.24976581754162908,3.694704644382,0.6355801802128553,0.149979057488963,0.06495298049412668,3.936497874557972,1.5438450202345848,2.4217390455305576,3.534674495458603
623616,0.02950822022103239,0.25288013089448214,3.7711085081100464,0.7034966219216585,0.08532386473962106,0.029709303460549563,3.7283123061060905,1.332465261220932,2.1911333594471216,2.9784101117402315
624640,0.05796341155655682,0.15878218365833163,3.766271471977234,0.8019246906042099,0.08462924437480979,0.04320264077978209,3.783019557595253,1.5613804161548615,1.6951700914651155,3.1706161685287952
625664,0.05028088518884033,0.21371485339477658,3.79765372723341,0.7368166539818048,0.10667984036263078,0.043971814098767936,3.8011975586414337,1.5444026738405228,2.4790549017488956,3.0189876705408096
626688,0.07223188143689185,0.15491274022497237,3.8735902905464172,0.776830468326807,0.15717231994494796,0.036261513945646584,4.071465812623501,1.640357967466116,2.3852587901055813,2.8879821598529816
627712,0.05085781430534553,0.23444282496348023,3.744577221572399,0.6959627270698547,0.05399684562871698,0.0377721632248722,3.8245743438601494,1.438737403601408,2.5510295890271664,1.899851145222783
628736,0.055462982680182904,0.18884339067153633,3.856967054307461,0.717186925932765,0.09169837401714176,0.06756896513979882,3.767345704138279,1.6186922416090965,1.8113654274493456,4.730299377813935
629760,0.052138704995741136,0.23177709057927132,3.7185409665107727,0.6530980933457613,0.10331473668338731,0.044614591402933,3.8622424975037575,1.62801493704319,2.255515594035387,3.702059183269739
630784,0.059190745174419135,0.23099391954019666,3.800636909902096,0.8368054330348969,0.08919680374674499,0.04650106659391895,3.9890896007418633,1.7090376131236553,1.643692523241043,2.186555251479149
631808,0.054270251566777006,0.18954355409368873,3.6599613800644875,0.6853903513401747,0.08591906150104478,0.04380439344095066,3.6620817109942436,1.5649413987994194,1.9487480111420155,4.369586808606982
632832,0.03652221872471273,0.16306597273796797,3.939739242196083,0.880273437127471,0.03384875014307909,0.057720842654816806,4.00234604626894,2.0693351551890373,1.7981663290411234,3.817365098744631
633856,0.052384174370672554,0.37665169360116124,3.8949351832270622,0.7911434173583984,0.14311286178417504,0.08865539194084704,4.096722573041916,2.1212635412812233,5.120715364813805,5.003761149942875
634880,0.07173593778861687,0.23806479247286916,3.7839716002345085,0.7560386825352907,0.10995993029791862,0.062043044599704444,3.512160785496235,1.2541900984942913,3.860380969941616,6.082272555679083
635904,0.04100114134780597,0.20430227555334568,3.6541437208652496,0.675875460729003,0.07002359180478379,0.05363856296753511,3.6928178891539574,1.4810426086187363,2.4224627912044525,2.767611838877201
636928,0.0697501699323766,0.28349420242011547,3.987171083688736,0.9230050258338451,0.05768549456843175,0.05914673954248428,3.8654194474220276,1.61018718034029,4.117650870233774,2.5218895375728607
637952,0.04777209204621613,0.20184375252574682,3.8752594888210297,0.7554771583527327,0.17135238402988762,0.020047274098033085,4.276784256100655,2.2525862716138363,3.1526701785624027,1.9586806576699018
638976,0.046655280340928584,0.24764401372522116,3.962268091738224,0.8627069313079119,0.10874041588976979,0.06812416529282928,3.702717550098896,1.484309058636427,2.04274944961071,3.6214855182915926
640000,0.045724649651674554,0.1997158220037818,3.5576042756438255,0.63744324631989,0.16260028816759586,0.07951692142523825,3.5885924622416496,1.3301790095865726,4.446085169911385,7.450265526771545
641024,0.023202748750918545,0.15822387649677694,3.9691012352705,0.9204117152839899,0.016430526768090203,0.049479059292934835,3.7519380003213882,1.7959057167172432,1.6786731742322445,3.428206520155072
642048,0.05648228517384268,0.3709791232831776,3.9382825791835785,0.9412317723035812,0.06124228041153401,0.0700339920585975,3.536611020565033,1.5833609774708748,2.81355794146657,3.3599399887025356
643072,0.0670231441326905,0.24728995095938444,4.020383611321449,1.1450568940490484,0.1464386684820056,0.05613467644434422,3.6535928174853325,1.5384573303163052,2.8074353374540806,2.4319540448486805
644096,0.0812333690118976,0.37023090850561857,3.8984108194708824,0.9870772119611502,0.0834186622814741,0.07603057159576565,3.6054165214300156,1.2705333586782217,3.209410347044468,3.098819263279438
645120,0.06469573121285066,0.40512759052217007,3.921276308596134,0.934585202485323,0.05701764064724557,0.05699386016931385,3.762461692094803,1.479411743581295,2.874880626797676,2.4247400797903538
646144,0.07459684822242707,0.24901103507727385,3.832260414958,0.77206901460886,0.16304470598697662,0.07665126537904143,3.9233194440603256,1.5901060551404953,2.9666962437331676,4.120896607637405
647168,0.07675382174784318,0.5151724312454462,3.884181462228298,0.8367250692099333,0.12488351063802838,0.04818826797418296,3.8810231536626816,1.537512693554163,3.6415683440864086,1.8142818715423346
648192,0.047200010158121586,0.22949486039578915,3.7699520513415337,0.720012117177248,0.07438287511467934,0.03767572500510141,3.5854281038045883,1.3881667219102383,2.400864154100418,1.718353757634759
649216,0.04745335012557916,0.2196434186771512,3.7553316056728363,0.685508593916893,0.10268058814108372,0.036198258865624666,3.7960338816046715,1.570972952991724,1.9048244580626488,2.1810646653175354
650240,0.08763033722061664,0.31957155326381326,3.948459066450596,0.908929293975234,0.07745518442243338,0.045195342507213354,3.499015912413597,1.2786847483366728,2.5253529585897923,2.117565954104066
651264,0.032712009182432666,0.45338419266045094,3.7567062377929688,0.6863117478787899,0.04864681005710736,0.11057582683861256,4.058151602745056,2.124451193958521,3.584482841193676,2.2644094973802567
652288,0.029641905013704672,0.24389998987317085,3.880348563194275,0.7723144423216581,0.05800672294571996,0.07011556799989194,3.685476616024971,1.6733172722160816,2.341143414378166,2.647003460675478
653312,0.05501379597990308,0.29717301577329636,3.752690874040127,0.7747953403741121,0.08595527891884558,0.09418908564839512,3.659693904221058,1.8071300387382507,3.7824397794902325,3.3416213765740395
654336,0.048857181798666716,0.3914153818041086,3.6821403801441193,0.6957099232822657,0.22734530083835125,0.10739378910511732,4.19493393599987,2.6524204052984715,3.3408076390624046,4.477328363806009
655360,0.047256107442080975,0.26086772372946143,3.568887509405613,0.5762694897130132,0.09546706598484889,0.05629081267397851,3.7121396362781525,1.6488163582980633,2.611225575208664,3.798817042261362
656384,0.03612581771449186,0.36629287246614695,3.6061980053782463,0.5775276469066739,0.1123475501080975,0.05391442950349301,3.8640439808368683,1.728348534554243,3.4750272929668427,3.2615773919969797
657408,0.062130891892593354,0.22980228252708912,3.7179416567087173,0.6759554389864206,0.1121778320230078,0.04985372687224299,4.034647382795811,2.2699359990656376,3.5562709160149097,2.5095154643058777
658432,0.05266475571261253,0.2543947668746114,3.826005980372429,0.6924060638993979,0.16981454601045698,0.09831806167494506,4.2076833844184875,2.23815093934536,2.6453308034688234,3.4456044994294643
659456,0.045888845139415935,0.17552318167872727,3.6320344135165215,0.6753792893141508,0.16146478126756847,0.04047599091427401,3.738054908812046,1.2736600376665592,3.3894757088273764,3.8488963581621647
660480,0.04887985889217816,0.17319767782464623,3.8234931752085686,0.9034141860902309,0.10843530646525323,0.09046598803251982,3.6907525658607483,1.1545275412499905,2.0495173390954733,4.721940875053406
661504,0.0747642426576931,0.22584393667057157,3.968070685863495,0.9658897873014212,0.1325571450870484,0.05673971585929394,3.609161838889122,1.0702834948897362,2.61808904632926,3.807748444378376
662528,0.06908144563203678,0.26390057895332575,3.988192915916443,0.8540770579129457,0.07790531308273785,0.04740740463603288,3.4112260043621063,0.9172194786369801,2.5286305621266365,3.2222879994660616
663552,0.0464868989365641,0.2415024251677096,3.740130938589573,0.7547285407781601,0.07808085391297936,0.058249162742868066,3.62176950275898,1.1766597535461187,2.610709823668003,1.772779306396842
664576,0.049821612366940826,0.2832016716711223,4.001674771308899,0.9605171550065279,0.050832269771490246,0.08502591110300273,3.8167897015810013,1.5928823426365852,2.25943598523736,3.1526641212403774
665600,0.05832473223563284,0.3299309043213725,3.8994621485471725,0.8629364799708128,0.08823887532344088,0.09776728204451501,3.6667502373456955,1.58765609562397,2.8819331377744675,2.663755737245083
666624,0.06420261794119142,0.3166527724824846,3.8659532591700554,0.8477843124419451,0.1419585132971406,0.10948448278941214,3.846117414534092,1.5171181932091713,4.032022017985582,4.637199383229017
667648,0.04654334178485442,0.3507153089158237,3.773840367794037,0.8098413851112127,0.1292873519123532,0.1218540637055412,3.5418624877929688,1.1784573793411255,2.951041540130973,5.504746399819851
668672,0.03504592728859279,0.3404494896531105,3.7809962779283524,0.7613037135452032,0.04352407992701046,0.08865729381795973,3.2008471116423607,1.0299187880009413,3.0269638374447823,3.092444058507681
669696,0.04576120956335217,0.4336162954568863,3.8297096118330956,0.9223807379603386,0.08504528418416157,0.0671389454510063,3.6736542508006096,1.4248998314142227,2.34163711220026,2.5224184542894363
670720,0.06448321034258697,0.30215874779969454,3.76314490288496,0.8592267706990242,0.06810095530818217,0.06833351880777627,3.5219619274139404,1.2533540483564138,2.4136505238711834,2.4017719216644764
671744,0.04403130235732533,0.2745783138088882,3.879578150808811,0.8645957708358765,0.095534956199117,0.0943788323784247,4.03424196690321,2.1013478115200996,2.0205962006002665,4.799802495166659
672768,0.04167610313743353,0.3316296976990998,3.7603667601943016,0.7758458573371172,0.052539900701958686,0.0712637125980109,3.5806738287210464,1.6085081584751606,1.9239318184554577,2.1898279916495085
673792,0.05111700060660951,0.29466276336461306,3.695427916944027,0.8236495405435562,0.07715706017916091,0.05115113907959312,3.5211228281259537,1.466450296342373,1.4734751246869564,3.0129025653004646
674816,0.0628112239355687,0.21319061052054167,3.7959275618195534,0.8756691925227642,0.048097206716192886,0.06117072841152549,3.599052272737026,2.2820833288133144,2.12004604190588,2.9881098866462708
675840,0.0628438841085881,0.40832114685326815,3.7949577942490578,0.8411533609032631,0.15464056911878288,0.07962958910502493,3.8941012769937515,1.7090835385024548,3.196354925632477,2.8597631976008415
676864,0.08412133541423827,0.5199772948399186,3.8399548903107643,0.8453563824295998,0.12793048156891018,0.09705150639638305,3.622103326022625,1.542606882750988,3.155704762786627,2.665385566651821
677888,0.061902186018414795,0.22748981835320592,3.6756045669317245,0.7307144980877638,0.06957763631362468,0.06132801994681358,3.5289822816848755,1.5193377807736397,3.0919770523905754,5.974972538650036
678912,0.07467063420335762,0.33073410112410784,3.711916044354439,0.7123815063387156,0.09512561600422487,0.07504012470599264,3.5291996002197266,1.565307768061757,2.688752755522728,2.551163550466299
679936,0.03445087846193928,0.3667798927053809,3.6767463386058807,0.5795082356780767,0.062205808237195015,0.08595241070725024,3.8057330325245857,1.991156853735447,2.0347699858248234,2.119717890396714
680960,0.06227084713464137,0.34555052826181054,3.835955172777176,0.7296848557889462,0.14100924049853347,0.060098482004832476,3.658911757171154,1.5423119142651558,3.359615869820118,3.514348953962326
681984,0.04940031922888011,0.23719164915382862,3.7459192648530006,0.7041819225996733,0.13294042355846614,0.04546210414264351,3.553045839071274,1.2029260098934174,2.5570175014436245,3.649105079472065
683008,0.04451090961811133,0.18000658601522446,3.6361817941069603,0.6179814226925373,0.06744608262670226,0.03645148657960817,3.9130410850048065,1.6479410119354725,2.1875831224024296,2.417687626555562
684032,0.04370935197221115,0.4112011408433318,3.6306952461600304,0.6065489389002323,0.0525722315069288,0.04962116968818009,3.5225531235337257,1.506512824445963,3.256671614944935,1.8260774798691273
685056,0.038071192568168044,0.21028649946674705,3.836370527744293,0.7927319947630167,0.10788068766123615,0.04335958248702809,3.9084835276007652,1.8765411116182804,2.1092282719910145,2.565367290750146
686080,0.030065902217756957,0.34449010947719216,3.740247219800949,0.6889712680131197,0.06800821097567677,0.07702093536499888,3.921434409916401,2.1254063807427883,4.595823118463159,3.083965018391609
687104,0.03580191078071948,0.2891126284375787,3.885308749973774,0.8168257400393486,0.04509680630872026,0.0722642719047144,3.705769620835781,1.761537779122591,1.7557279989123344,2.7055748365819454
688128,0.06689408113015816,0.3919651173055172,3.673319824039936,0.7097446713596582,0.13541126693598926,0.12585035292431712,3.5268372148275375,1.5471099130809307,3.5374706760048866,9.011074379086494
689152,0.047309036570368335,0.25509129744023085,3.817653588950634,0.7848671339452267,0.05730624619172886,0.05887928558513522,3.8472383469343185,1.6824196241796017,1.5757393632084131,1.991478554904461
690176,0.040373653297137935,0.34996383264660835,3.9143900722265244,0.8690001796931028,0.14894848212134093,0.062124984338879585,3.930265985429287,1.689577590674162,1.996662177145481,3.618682447820902
691200,0.05801480423542671,0.4099428467452526,3.8805244266986847,0.8942267298698425,0.07023907463008072,0.10005866724532098,3.6014121174812317,1.3747992664575577,3.0648279190063477,3.7622174583375454
692224,0.0457782780576963,0.2903226292692125,3.6469856798648834,0.6783552598208189,0.0952053522632923,0.059789053280837834,3.9449331015348434,2.0920874252915382,3.2925455309450626,2.6080635599792004
693248,0.03793752906494774,0.20322998613119125,3.9220528081059456,0.9019328821450472,0.12454063206678256,0.04097158747026697,3.859130911529064,1.7871907204389572,2.0148515682667494,3.1057183407247066
694272,0.04720111793722026,0.2768682576715946,3.914908893406391,0.9477027822285891,0.0841335371369496,0.04739040072308853,3.7632900029420853,1.7167675644159317,2.1403554398566484,2.231272120028734
695296,0.047643904748838395,0.2472297502681613,3.730221726000309,0.6976670678704977,0.0566280736529734,0.0570482051698491,3.65208550542593,1.6583690345287323,2.973922634497285,3.4094497710466385
696320,0.04797439492540434,0.4606890408322215,3.4983422607183456,0.54765366576612,0.10133572650374845,0.10882799047976732,3.774867467582226,1.800080832093954,3.998958572745323,3.8063009195029736
697344,0.04424365576414857,0.2777213170193136,3.7496390864253044,0.7196091171354055,0.11753751337528229,0.1123022751417011,3.6542953476309776,1.5870567634701729,3.4795120861381292,4.9641424007713795
698368,0.035489224101183936,0.2317439396865666,3.6801253333687782,0.5964564625173807,0.10181429528165609,0.08577250503003597,3.350306823849678,1.2737949378788471,3.2820919565856457,4.443186603486538
699392,0.04572787444340065,0.22737921448424459,3.8113874047994614,0.7843617312610149,0.13849932828452438,0.06791606068145484,3.8002517968416214,1.425392810255289,1.7007598020136356,5.758610110729933
700416,0.03511849025380798,0.26343174604699016,3.721197120845318,0.7567390371114016,0.10232448385795578,0.05911912093870342,3.711369566619396,1.3524184897542,1.9641613252460957,4.265660068020225
701440,0.05132426286581904,0.2475131624378264,3.803511381149292,0.9250889476388693,0.03910493111470714,0.0674143445212394,3.6912465915083885,1.5895025804638863,2.45661167986691,2.4184243120253086
702464,0.03654573980020359,0.31758880568668246,3.850530967116356,0.892411706969142,0.061690634494880214,0.0677184221567586,3.7857445999979973,1.598086129873991,3.1260205917060375,4.112738821655512
703488,0.03619656854425557,0.23280113376677036,3.901128277182579,1.0412044879049063,0.12750173883978277,0.06484419933985919,3.9000899270176888,1.6301003023982048,3.0964252706617117,6.0865470841526985
704512,0.04696395792416297,0.20109874848276377,3.9063420444726944,1.0479297414422035,0.07897911994950846,0.07214441522955894,3.874646134674549,1.6519238464534283,1.7583014965057373,3.2879017647355795
705536,0.041292243637144566,0.2342169568873942,3.722582809627056,0.7581911273300648,0.13000750623177737,0.0805280728964135,3.821148157119751,1.7699120752513409,3.3136302791535854,4.9044694527983665
706560,0.05806396380648948,0.275544973090291,3.805174343287945,0.8659795690327883,0.09533511125482619,0.03869158076122403,3.5858269184827805,1.4557103477418423,3.2062096372246742,3.078721320256591
707584,0.06306212133495137,0.5338361896574497,3.7578684464097023,0.7692741006612778,0.04249217335018329,0.06526376155670732,3.5181470662355423,1.390377540141344,4.7909285463392735,2.9319731779396534
708608,0.06115008544293232,0.28530142502859235,3.6890185698866844,0.7098549008369446,0.11738140945089981,0.07210377510637045,4.010201320052147,2.0432163923978806,3.037823162972927,3.9115658700466156
709632,0.0578589785436634,0.32875432819128036,3.772939883172512,0.686057923361659,0.10612836040672846,0.07123145880177617,3.885681450366974,1.845700953155756,2.9932851996272802,2.112736228853464
710656,0.052429976873099804,0.3102665701881051,3.950105309486389,0.7937353048473597,0.09419518744107336,0.0480944961309433,3.659643314778805,1.5141410790383816,1.930747801437974,2.0012619737535715
711680,0.044949142953555565,0.27003785176202655,3.8740563318133354,0.7410606816411018,0.17536388896405697,0.04390337743097916,3.99862053245306,1.9590344727039337,2.52720320597291,3.6953635029494762
712704,0.03777206341328565,0.19861522433348,3.9104292914271355,0.7378044985234737,0.08044006477575749,0.04449088894762099,3.89922321587801,1.568406917154789,2.7338040620088577,3.3163661994040012
713728,0.05913152053835802,0.25775831611827016,3.8189028203487396,0.8447699751704931,0.07535168016329408,0.053601920953951776,3.4755114391446114,1.2571533843874931,3.195574015378952,3.1155796125531197
714752,0.03686510137049481,0.2042372333817184,3.896722763776779,0.7948711439967155,0.11320727766724303,0.07014536228962243,3.899532712996006,1.7883536778390408,2.285365827381611,3.3798868786543608
715776,0.03807029401650652,0.20327802374958992,3.997598946094513,0.8679217007011175,0.08573434758000076,0.06075598520692438,3.7065929397940636,1.4756779000163078,2.2995742298662663,2.5805110465735197
716800,0.05234768200898543,0.33641143748536706,3.6333223283290863,0.6566226333379745,0.09806694887811318,0.0513070288579911,3.464765213429928,1.2078352067619562,4.196793094277382,4.179043484851718
717824,0.0283163528656587,0.3055953700095415,3.7790235802531242,0.7710963692516088,0.0633699775498826,0.05702569999266416,3.52364619076252,1.284387230873108,3.5464544743299484,3.652754832059145
718848,0.06007257493911311,0.2214613570831716,3.661262944340706,0.6742680110037327,0.1570082784164697,0.045271484123077244,3.7914043813943863,1.5816436000168324,3.429980542510748,6.173666328191757
719872,0.03242250334005803,0.1882133160252124,3.9067775681614876,0.7615356910973787,0.05853608503821306,0.055419730430003256,3.6084015369415283,1.3848846964538097,2.4628753550350666,4.104785846546292
720896,0.05337345063162502,0.22634624829515815,3.734031230211258,0.6587889157235622,0.16883398639038205,0.05187956342706457,3.895810455083847,1.7075611613690853,2.5277657881379128,5.3730497770011425
721920,0.0457080616033636,0.234187675639987,3.789819687604904,0.7081912737339735,0.09128526883432642,0.07148148212581873,3.781212791800499,1.6628010384738445,3.296253165230155,9.453356379643083
722944,0.03433329187100753,0.21055989665910602,3.8957469314336777,0.7610550932586193,0.04211225712788291,0.0505672178696841,3.6582904681563377,1.5126312375068665,2.37808053009212,2.401458114385605
723968,0.04701229394413531,0.24729481432586908,3.8597314059734344,0.7289516218006611,0.13387386698741466,0.05248489021323621,4.036841735243797,1.9089143387973309,2.5093496087938547,4.347544826567173
724992,0.03538906809990294,0.2991391057148576,3.9717581793665886,0.830279529094696,0.08369835739722475,0.0727256175596267,3.8770273104310036,1.862098317593336,2.411315318197012,4.067267777398229
726016,0.06886330767883919,0.35077596409246325,3.625870920717716,0.636578680947423,0.2056555524468422,0.07418377778958529,4.061924621462822,1.8000253774225712,4.336399797350168,7.131358951330185
727040,0.04318761781905778,0.23797737201675773,3.5631567165255547,0.602267730049789,0.04479626048123464,0.05846953461878002,3.281435087323189,1.113393735140562,2.4717869386076927,4.631376996636391
728064,0.0384234445518814,0.2651306325569749,3.8725389912724495,0.8068957198411226,0.07023271691286936,0.047802249959204346,3.755740948021412,1.547898318618536,3.7119874097406864,3.191901169717312
729088,0.03664573162677698,0.27426637476310134,3.6738601475954056,0.7439197916537523,0.09614311123732477,0.08323009975720197,3.7802528738975525,1.69389159232378,2.04147457331419,4.816486772149801
730112,0.06717716850107536,0.16439526178874075,3.725840173661709,0.7702647838741541,0.20028160931542516,0.04943341139005497,3.991413936018944,1.5994644090533257,3.241809006780386,6.518642146140337
731136,0.03696196962846443,0.40263186302036047,3.744295932352543,0.714064753614366,0.0720227632264141,0.06027876224834472,3.7017013505101204,1.3375110570341349,2.821817561984062,6.313161447644234
732160,0.04635789213352837,0.20492157712578773,3.873835861682892,0.8084806706756353,0.056034843932138756,0.08135578245855868,3.6024024933576584,1.353238057345152,1.7579163387417793,3.388294629752636
733184,0.04909606008732226,0.35204510018229485,3.8038373962044716,0.7557238414883614,0.10383167318650521,0.061688581481575966,3.7557040080428123,1.5088332034647465,3.3121845684945583,3.8751539289951324
734208,0.07639855644083582,0.32390045234933496,3.490062542259693,0.5920003075152636,0.15012872451916337,0.07942921249195933,3.6531673595309258,1.5509885288774967,5.328756425529718,6.002528168261051
735232,0.060390651400666684,0.2026643306016922,3.564170978963375,0.6586999427527189,0.16465251334011555,0.06123667594511062,3.72479784488678,1.2462038695812225,4.047466883435845,10.734485749155283
736256,0.03179276711307466,0.2575941560789943,3.7192499935626984,0.6803078129887581,0.04193560592830181,0.08872601133771241,3.5123711079359055,1.2450071908533573,2.093948420137167,3.5064971782267094
737280,0.04068241620552726,0.17251697927713394,3.6431817784905434,0.569253052584827,0.03916277579264715,0.038207788835279644,4.012274578213692,1.9607108980417252,3.5930644311010838,4.14749807305634
738304,0.05268675638944842,0.2732574515976012,3.749750442802906,0.6955398842692375,0.08469485520618036,0.0956539346370846,3.9849081113934517,1.9231167882680893,3.2990008257329464,5.205721031874418
739328,0.062108674203045666,0.2579178549349308,3.991372838616371,0.9166147895157337,0.10398205986712128,0.09224865096621215,3.7916241735219955,1.6595390811562538,2.0066192001104355,6.597476847469807
740352,0.055173069617012516,0.2836896418593824,3.9652510657906532,0.8597924038767815,0.12752232269849628,0.061507368460297585,3.547854796051979,1.3272739760577679,2.588825821876526,5.902983766049147
741376,0.04322337091434747,0.2835548846051097,3.7833855897188187,0.6612793505191803,0.06943801723537035,0.08459297136869282,3.950273521244526,1.6026308797299862,3.8574058413505554,4.97677281498909
742400,0.03606223055976443,0.31171556096524,3.9061392843723297,0.7711080871522427,0.08738658198853955,0.0666444959351793,3.9431838244199753,1.80543801933527,2.9743323996663094,3.5457896143198013
743424,0.05218832576065324,0.11293040425516665,3.988198235630989,0.830338466912508,0.13612792745698243,0.0298244324803818,3.887296475470066,1.845828153192997,1.6145736556500196,3.5500862821936607
744448,0.048226615821477026,0.23618066776543856,3.707840584218502,0.6931742429733276,0.11230678766150959,0.0609711849829182,3.6911173462867737,1.3274884596467018,3.183634325861931,4.26125493645668
745472,0.0632229023904074,0.2183672054670751,3.7610952481627464,0.6470452211797237,0.09890026709763333,0.056051081395708025,3.541450522840023,1.2866599410772324,2.421513957902789,9.779994804412127
746496,0.050633631995879114,0.3350425064563751,3.857257403433323,0.7712481394410133,0.04595333995530382,0.0846820428268984,3.7748575806617737,1.7638424709439278,2.4274259693920612,4.9880645126104355
747520,0.06294319429434836,0.32552376529201865,3.8795738592743874,0.8431546110659838,0.11466340097831562,0.12037726235575974,3.8629243299365044,1.5330900810658932,1.9233659487217665,4.948974940925837
748544,0.05500310193747282,0.321231487672776,3.9188508689403534,0.7481015510857105,0.09469229722162709,0.062145415344275534,3.9839936643838882,1.773310098797083,2.473825369030237,4.85406431928277
749568,0.058054058434208855,0.31449791835621,3.7899013236165047,0.6781399287283421,0.10925632808357477,0.07295272895134985,3.8523278310894966,1.5227809995412827,3.2143309488892555,6.682575270533562
750592,0.06402322843496222,0.2649963079020381,3.697817675769329,0.7061745133250952,0.09329695807537064,0.050879725138656795,3.700526013970375,1.3601329550147057,2.8021524511277676,2.5231458209455013
751616,0.060974162130150944,0.2543574832379818,3.7871898114681244,0.7333702370524406,0.09651024453341961,0.06493641913402826,3.880102276802063,1.5320416241884232,2.450525151565671,3.7357493713498116
752640,0.07312530279159546,0.3627010569907725,3.839138016104698,0.7282065451145172,0.04812297772150487,0.05029032361926511,3.644106864929199,1.3286065869033337,2.917638149112463,3.162409696727991
753664,0.06035667847027071,0.24349884176626801,3.889466881752014,0.7985625881701708,0.1615767239127308,0.08834145311266184,4.057391241192818,1.970120880752802,2.439339393749833,7.475425783544779
754688,0.07062629767460749,0.28615953493863344,3.623269908130169,0.686496838927269,0.14653985598124564,0.07873679255135357,3.7395049408078194,1.4370685406029224,3.6209582202136517,5.23873246088624
755712,0.05404455080861226,0.3520831917412579,3.621934987604618,0.6240969002246857,0.1002613619202748,0.06267690332606435,3.9294267743825912,1.5756329521536827,3.3858591690659523,2.9566956385970116
756736,0.04657562710053753,0.20909044751897454,3.5720223858952522,0.5360691519454122,0.13328621024265885,0.06694437202531844,3.57247968763113,1.2184499576687813,3.7291100844740868,8.679717792198062
757760,0.04040631165844388,0.20676260814070702,3.667154774069786,0.5744202891364694,0.12721791886724532,0.04142813413636759,4.044679947197437,1.7197266407310963,3.143028462305665,5.816860117018223
758784,0.052191951021086425,0.294869895093143,3.74334467202425,0.7440422102808952,0.036482400115346536,0.0891717690974474,3.587255448102951,1.321684693917632,1.8255013022571802,3.38641619682312
759808,0.03783172575640492,0.39059068029746413,3.666870318353176,0.6725014634430408,0.07195774652063847,0.05591692449524999,3.7643831372261047,1.6402877755463123,3.0356285981833935,2.9026813991367817
760832,0.049979095347225666,0.16690407157875597,3.6827532947063446,0.700144175440073,0.06826024784822948,0.05622849729843438,3.791857935488224,1.6591577902436256,2.1324016470462084,2.459573345258832
761856,0.01982280725496821,0.3237431375309825,3.7766658142209053,0.7000645697116852,0.08814084163168445,0.09914394211955369,3.8270315378904343,1.6162091791629791,1.8742208555340767,3.2712158672511578
762880,0.05534717661794275,0.3635883987881243,3.692352019250393,0.6709380615502596,0.10657930304296315,0.19268754730001092,3.6241199672222137,1.4447251558303833,2.8592606633901596,8.83535299450159
763904,0.042979859601473436,0.23688347404822707,3.7370667681097984,0.701564360409975,0.051994162844493985,0.03153447626391426,3.667242407798767,1.5775801576673985,2.9511329140514135,1.9197684433311224
764928,0.047626101499190554,0.25945195322856307,3.70562182366848,0.6752846222370863,0.08591460523894057,0.050794708251487464,3.7325289994478226,1.5228379778563976,5.068368535488844,2.408378442749381
765952,0.039116307481890544,0.17316395370289683,3.733718067407608,0.6089632268995047,0.06389835418667644,0.03085717436624691,3.859708048403263,1.9054996632039547,3.21290997415781,4.47500379383564
766976,0.05307525838725269,0.3555859550833702,3.7054968774318695,0.7882413230836391,0.055924400221556425,0.1115785629954189,3.27648439258337,1.0517476238310337,3.9858445189893246,4.841159347444773
768000,0.05054293858120218,0.18518626294098794,3.732541672885418,0.6366584952920675,0.12396629515569657,0.04895265924278647,3.693576231598854,1.4394576027989388,3.0403313990682364,4.4557159543037415
769024,0.052931494807126,0.20480138389393687,3.7035228610038757,0.6342136133462191,0.11064194096252322,0.04197176534216851,3.5420547425746918,1.50131518766284,2.531158933416009,2.3354534413665533
770048,0.040308797179022804,0.23650809051468968,3.8556401506066322,0.7653279546648264,0.04536811359866988,0.07140447531128302,3.7060389891266823,1.526918850839138,2.4310365952551365,3.0409372467547655
771072,0.052010965679073706,0.30847606621682644,3.773912087082863,0.647351823747158,0.05283944818074815,0.0789675167761743,3.6687923297286034,1.5025779753923416,5.047355018556118,2.3019136395305395
772096,0.039265031286049634,0.2705186400562525,3.94552019238472,0.7995063122361898,0.07054629933554679,0.06681115762330592,3.798028700053692,1.7029544413089752,3.180418785661459,3.0843213386833668
773120,0.06402326328679919,0.3897520527243614,3.6860776841640472,0.6662031747400761,0.10454754414968193,0.06927603774238378,3.578496001660824,1.4942745566368103,3.945234179496765,3.323601197451353
774144,0.04870826902333647,0.34626976400613785,3.6289362981915474,0.5443285712972283,0.058483779430389404,0.050467563909478486,2.8685756251215935,1.1293632835149765,3.468440590426326,4.299292881041765
775168,0.05703496639034711,0.3237068224698305,3.8150463476777077,0.695446040481329,0.11250058116274886,0.03865158971166238,3.97906381636858,1.9359170906245708,3.160511840134859,2.396442761644721
776192,0.05090514841140248,0.29847210785374045,3.7638769894838333,0.6759661436080933,0.11392015899764374,0.04822385142324492,3.8174947798252106,1.6467322632670403,2.671987533569336,4.338604846969247
777216,0.04660754662472755,0.19373863702639937,3.5539061427116394,0.5494978772476315,0.10763296746881679,0.0397040307871066,3.6898320242762566,1.5442096814513206,2.564113836735487,3.81393632479012
778240,0.05431110700010322,0.2891106647439301,3.7916993871331215,0.7316666506230831,0.07937748695258051,0.038401450554374605,3.7559760361909866,1.4597442261874676,2.5024956203997135,2.323386760428548
779264,0.04803070299385581,0.33849465334787965,3.7982500046491623,0.7355630565434694,0.04068188671953976,0.052856678841635585,3.5706065893173218,1.4448468424379826,2.7048442736268044,2.515108812600374
780288,0.03452941298019141,0.36670937296003103,3.816284365952015,0.7537595555186272,0.01293192882440053,0.09328311472199857,3.5484471172094345,1.6345742605626583,2.253435757011175,4.275281507521868
781312,0.08612351206829771,0.4517634119838476,3.8512798473238945,0.8144338391721249,0.1049723777687177,0.07731513283215463,3.7769253626465797,1.7573566623032093,3.588874276727438,2.711493793874979
782336,0.04054636508226395,0.2737524351105094,3.931715928018093,0.7705339007079601,0.10374448681250215,0.07351099420338869,3.9745490550994873,1.9428721070289612,2.815040048211813,5.371921025216579
783360,0.04949148849118501,0.2800569995306432,3.7148483097553253,0.6711148843169212,0.12280804198235273,0.1280131945386529,4.052859865128994,2.1121556349098682,3.068875826895237,8.940024264156818
784384,0.06521719112060964,0.3483990244567394,3.9123851731419563,0.7528200205415487,0.14163766952697188,0.09867112757638097,4.185077555477619,2.2379856295883656,4.165953394025564,8.417589139193296
785408,0.042984496845747344,0.22186673106625676,3.7410949021577835,0.6708038561046124,0.09242762520443648,0.0684055530000478,3.9564528092741966,1.889504861086607,2.5290982220321894,5.028063975274563
786432,0.05815322950365953,0.15002734470181167,3.7275649458169937,0.8095863368362188,0.10823278472525999,0.04950938170077279,4.112137638032436,2.2621310874819756,1.9909206256270409,3.222394246608019
787456,0.047944533769623376,0.38331656996160746,3.7585804238915443,0.6689671464264393,0.09168404393130913,0.05261568620335311,4.070400185883045,2.2881258502602577,3.0081865079700947,1.9702811818569899
788480,0.054874145484063774,0.272939492482692,3.6060904935002327,0.5905148424208164,0.14028940052958205,0.04558348300633952,3.7980678975582123,1.800233755260706,2.9412176869809628,4.490490365773439
789504,0.049950923974392936,0.36739667784422636,3.7065595611929893,0.7276928648352623,0.10066670284140855,0.056627000914886594,3.5798055306077003,1.46681859344244,2.629629734903574,2.8293474726378918
790528,0.041751677403226495,0.2742567537352443,3.819585531949997,0.7995847724378109,0.12388741772156209,0.04751963063608855,3.888904057443142,1.9072232693433762,1.865719622001052,2.986439310014248
791552,0.06042457665898837,0.22542932676151395,3.8995894715189934,0.8583598155528307,0.12572464300319552,0.08920286188367754,3.690228596329689,1.6498489528894424,2.3739884234964848,3.2095400765538216
792576,0.03958926106861327,0.26838110061362386,3.9234386309981346,0.7951565366238356,0.034997811453649774,0.06302955420687795,3.763220325112343,1.6831053495407104,2.1212912760674953,2.7321310620754957
793600,0.06678691724664532,0.31293413741514087,3.6839989498257637,0.625444820150733,0.17089578323066235,0.07777743390761316,3.909066341817379,1.8600605465471745,3.6077737286686897,4.497833728790283
794624,0.04540463554440066,0.183848996181041,3.696786016225815,0.7277494296431541,0.10484351264312863,0.05353242310229689,3.784182421863079,1.5976473055779934,1.790823969990015,3.5327933691442013
795648,0.051563682209234685,0.3420113925822079,3.8680549710989,0.7971504330635071,0.09363068389939144,0.08168259647209197,3.636271707713604,1.257587380707264,2.6310495361685753,3.586125683039427
796672,0.04167923194472678,0.2750342283397913,3.8329530209302902,0.7707843072712421,0.1024306996841915,0.06564330379478633,3.729725420475006,1.3262617774307728,1.9467160161584616,2.0825147293508053
797696,0.04129356870544143,0.1422134698368609,3.7401438131928444,0.672588687390089,0.1596008117776364,0.054787246976047754,3.9869199097156525,1.7801891788840294,1.3912538792937994,2.524409981444478
798720,0.049292790674371645,0.19408422382548451,3.6281716227531433,0.5646841051056981,0.14201309240888804,0.05877329164650291,3.8558576181530952,1.4108311980962753,5.039698574692011,10.983001708984375
799744,0.042126641550567,0.2560332645662129,3.7450374513864517,0.5934570003300905,0.08213017013622448,0.051452568848617375,3.8597708269953728,1.4264364428818226,3.6467914171516895,8.463133588433266
800768,0.02941455799737014,0.17678970517590642,3.723434679210186,0.67121272534132,0.07942372860270552,0.04115700052352622,4.066542513668537,1.8836556375026703,2.530477199703455,2.2899885065853596
801792,0.06090673465223517,0.24656436638906598,3.8310404643416405,0.7455505598336458,0.12381509377155453,0.08009334094822407,3.739630274474621,1.4495284222066402,3.6242743842303753,5.259065583348274
802816,0.05490303723490797,0.2838831292465329,3.8504772782325745,0.6992689482867718,0.12599350500386208,0.04749170830473304,3.912822909653187,1.7277835682034492,2.909268155694008,3.1161692459136248
803840,0.06683217530371621,0.34995823446661234,3.6861849278211594,0.6796812415122986,0.08127190574305132,0.07403189630713314,3.709619350731373,1.3611453101038933,5.239009186625481,7.372413206845522
804864,0.04913406417472288,0.4271713411435485,3.8363027200102806,0.8431331161409616,0.07441800570813939,0.0735508045181632,3.701099507510662,1.2877437137067318,3.38434661924839,4.7021747045218945
805888,0.06551610512542538,0.3148676520213485,3.843262255191803,0.7190540041774511,0.052201257523847744,0.050737414974719286,3.707993932068348,1.5735871009528637,4.741828605532646,4.6068374291062355
806912,0.07511581754079089,0.1675120007712394,3.902939662337303,0.753772284835577,0.05795061448588967,0.04062900418648496,3.5806099995970726,1.5241540968418121,2.881099931895733,3.1458489298820496
807936,0.03972081626125146,0.24128487100824714,3.9967740550637245,0.7877639811486006,0.13724215177353472,0.04008012171834707,3.6228481456637383,1.6063932217657566,2.9772976264357567,3.0104455705732107
808960,0.04576075950899394,0.2580226813443005,3.9181730523705482,0.8336184415966272,0.1105422264081426,0.047633104026317596,3.7186228185892105,1.4969747327268124,3.179605904966593,3.8003212679177523
809984,0.05274116530199535,0.3548696096986532,3.730619952082634,0.7896744441241026,0.07121753686806187,0.052994707017205656,3.613170526921749,1.243906918913126,3.71180472150445,2.5852035358548164
811008,0.0432916640129406,0.26329434430226684,3.4895725175738335,0.525910441763699,0.08056117285741493,0.0375179608236067,3.481805771589279,1.2395787872374058,3.5457120463252068,2.9279655292630196
812032,0.041849590896163136,0.31592582957819104,3.5563412085175514,0.6608531977981329,0.1346397070446983,0.05230561556527391,3.849678635597229,1.5077385306358337,2.6421343237161636,4.67754078656435
813056,0.052044432843104005,0.2584268068894744,3.593391865491867,0.5731655173003674,0.08700084456359036,0.037383769638836384,3.9085869640111923,1.758993286639452,2.6978120878338814,5.651059813797474
814080,0.050638003856875,0.19811148312874138,3.765115164220333,0.6627590134739876,0.04294993303483352,0.039762305677868426,3.9420825392007828,1.7734660804271698,2.451881092041731,3.085029672831297
815104,0.05311424273531884,0.21805031644180417,3.9898190274834633,0.9148328043520451,0.04890250710013788,0.051425613404717296,3.790993459522724,1.7808241955935955,2.348708163946867,4.100250389426947
816128,0.08132896962342784,0.4454371565952897,3.848469391465187,1.0104347970336676,0.06904052183381282,0.15298316488042474,3.426946260035038,1.3897698894143105,2.399247922003269,4.35113799571991
817152,0.05068864850909449,0.23687870474532247,3.728079177439213,0.6697443854063749,0.13386106141842902,0.07350952667184174,4.11009719222784,2.2164362855255604,2.8172545582056046,8.230597294867039
818176,0.04352973456843756,0.18075444549322128,3.7492013946175575,0.6730615552514791,0.126404027803801,0.07266722875647247,3.732614152133465,1.6930131502449512,2.1051018461585045,3.616377342492342
819200,0.05423924245405942,0.18426412087865174,3.873381607234478,0.7136517930775881,0.09712981386110187,0.03566416760440916,3.7886118069291115,1.4522215873003006,2.7819095980376005,3.6243911758065224
820224,0.07952799793565646,0.2844843743368983,3.8475809395313263,0.8400359693914652,0.04693871669587679,0.044981722778175026,3.5961486026644707,1.4461255744099617,2.478869441896677,3.0997881703078747
821248,0.04968652954266872,0.32004749961197376,3.8633525371551514,0.7117242775857449,0.06495441251900047,0.06783740688115358,3.730510599911213,1.5548123009502888,1.8060991074889898,2.6551370974630117
822272,0.04817842159536667,0.30556453252211213,3.822760120034218,0.740163654088974,0.08540810985141434,0.07177089725155383,3.6327459141612053,1.477017730474472,3.0186636485159397,2.7946025393903255
823296,0.04017095634480938,0.27138447342440486,3.7739852741360664,0.7615000177174807,0.05460692977067083,0.07926412322558463,3.8046787083148956,1.9399358667433262,3.2731773294508457,4.432420905679464
824320,0.05922030165675096,0.27227154560387135,3.6056516394019127,0.5906383339315653,0.16533375927247107,0.06958941579796374,3.9094915986061096,1.8835105001926422,4.221138164401054,3.50973242521286
825344,0.06283481999707874,0.41652928199619055,3.616648681461811,0.5941654928028584,0.12273629696574062,0.0682062377454713,3.5426254719495773,1.4330971911549568,3.999807685613632,5.687559865415096
826368,0.03887022737762891,0.3207192840054631,3.5361326560378075,0.5235438337549567,0.07464399404125288,0.048050634330138564,3.6597639322280884,1.5058237873017788,4.145147938281298,3.721605233848095
827392,0.04903096836642362,0.3300588373094797,3.6557080298662186,0.6366196572780609,0.11225530633237213,0.10104989144019783,3.543203167617321,1.340224839746952,2.694298854097724,6.248972911387682
828416,0.030637632706202567,0.25050975708290935,3.9989920780062675,0.8095863070338964,0.049696016882080585,0.06290282937698066,4.004479542374611,1.9805368147790432,2.3906734120100737,2.342620911076665
829440,0.0664418091182597,0.4591964380815625,3.8190531134605408,0.7696586158126593,0.0756386068824213,0.07992056850343943,3.6610582023859024,1.5455184765160084,2.81084119156003,3.9278333596885204
830464,0.05653976043686271,0.35659983567893505,3.6922436580061913,0.6337051279842854,0.14857521932572126,0.052766766282729805,3.8188822343945503,1.7062197737395763,3.822652092203498,4.660458032041788
831488,0.04799922712845728,0.2283263229764998,3.964029386639595,0.8272571284323931,0.10024666489334777,0.042151740402914584,4.072329916059971,2.241440512239933,3.087197406217456,3.374862803146243
832512,0.08607222844148055,0.43347573187202215,3.946833722293377,0.836578119546175,0.17326142056845129,0.05878467415459454,3.9262488335371017,1.92661003023386,3.9880385734140873,3.901946622878313
833536,0.0670393368054647,0.30977014172822237,3.7058936953544617,0.5923251686617732,0.13543753162957728,0.02354507686686702,3.938666172325611,1.6903058215975761,5.643152587115765,2.80984771437943
834560,0.047327481559477746,0.3440240272320807,3.680714413523674,0.6139299292117357,0.0723483667243272,0.05275187827646732,3.662756308913231,1.4577383697032928,2.8357175905257463,2.8490853160619736
835584,0.03894597334146965,0.29985998291522264,3.4584724977612495,0.4875569511204958,0.09674630436347798,0.0629690942587331,3.906046375632286,1.7236083410680294,4.3284053057432175,4.978472009301186
836608,0.04799590547918342,0.20173995825462043,3.9155091121792793,0.74033516459167,0.10613538144389167,0.051916654279921204,3.9274059906601906,1.6580353118479252,2.0336748585104942,2.7598277404904366
837632,0.03934882199973799,0.20703982142731547,3.9123610034585,0.742379916831851,0.06133551991661079,0.042011106852442026,3.618137165904045,1.310871984809637,2.1219648849219084,4.666170194745064
838656,0.04679043256328441,0.35986146703362465,3.852710761129856,0.8494741693139076,0.06566520131309517,0.07200117025058717,3.7359982281923294,1.552001927047968,2.5721958056092262,4.621136676520109
839680,0.059549789933953434,0.2483361717313528,3.897910140454769,0.8081101756542921,0.1762697477824986,0.047364305588416755,3.8137036338448524,1.7029435373842716,2.9832537565380335,4.7397874891757965
840704,0.03918747266288847,0.29566205851733685,4.140489801764488,0.977794436737895,0.031540059950202703,0.05002816009800881,3.905107483267784,1.6720883958041668,2.433253489434719,3.6134892869740725
841728,0.05974765756400302,0.3960899543017149,3.8545858189463615,0.8415319826453924,0.07632335970265558,0.07368207664694637,3.5224951058626175,1.309956043958664,2.447500966489315,3.0392183288931847
842752,0.061279285728232935,0.47680721431970596,3.8365823328495026,0.8027588669210672,0.12985226837918162,0.06976645439863205,3.6013393327593803,1.1912906002253294,4.018446575850248,5.6119780614972115
843776,0.058597143506631255,0.3742386130616069,3.788007013499737,0.722101166844368,0.12799102190183476,0.05536661227233708,4.097997508943081,1.8728698752820492,3.3145864941179752,3.3727511763572693
844800,0.04187247314257547,0.16501379921101034,3.792285278439522,0.7662526331841946,0.1432060250081122,0.04159338341560215,4.005883224308491,1.6956253834068775,2.2007692717015743,4.915427442640066
845824,0.06476502711302601,0.5807795822620392,3.6869076564908028,0.7149620950222015,0.1370956606697291,0.07839982898440212,3.7064042761921883,1.2957977131009102,4.075157344341278,5.626268353313208
846848,0.016538412935915403,0.23688369244337082,3.8681047558784485,0.8879512138664722,0.019466084224404767,0.0666297412244603,3.6985878944396973,1.4299387745559216,1.892016189172864,2.924947638064623
847872,0.06854090926935896,0.27927285386249423,3.972953177988529,1.0419418159872293,0.09159465396078303,0.060819214675575495,3.781236544251442,1.6332376338541508,2.9269808530807495,2.96634965762496
848896,0.04187107089092024,0.2909430298022926,3.949266344308853,1.0108408126980066,0.0701506239711307,0.076443059486337,3.7972820922732353,1.4706405624747276,2.3487059995532036,3.1592278610914946
849920,0.042915985686704516,0.27464965358376503,3.998544789850712,0.9471197258681059,0.06385963302454911,0.05636712780687958,3.640414245426655,1.6355686336755753,1.9265402760356665,2.140503227710724
850944,0.06043385516386479,0.477613995783031,3.736236110329628,0.8052175492048264,0.09730854770168662,0.12908046320080757,3.524448908865452,1.4713769257068634,3.6363855712115765,5.692443490028381
851968,0.04763079987606034,0.33165227388963103,3.6784589141607285,0.6306213047355413,0.13454551791073754,0.034253090649144724,3.8735383301973343,1.857526570558548,4.538038874045014,2.3116070069372654
852992,0.058272193840821274,0.30634533567354083,3.7425383776426315,0.7546400595456362,0.11148477531969547,0.08108260168228298,3.9905810803174973,1.8647014573216438,2.914961840957403,3.207475123926997
854016,0.05989467023755424,0.2516182758845389,3.771886996924877,0.7090182695537806,0.14723768597468734,0.10793177539017051,3.963306374847889,1.5779437720775604,2.45484971255064,7.232668172568083
855040,0.05023325982620008,0.26935977255925536,3.684613585472107,0.5885708853602409,0.07709198904922232,0.07986442768014967,3.6663983315229416,1.352920863777399,2.8327921368181705,6.173546921461821
856064,0.04438133031362668,0.15308589884079993,3.8161619380116463,0.7523295693099499,0.0485364607302472,0.05088173353578895,3.712140329182148,1.479067761451006,2.1115463487803936,3.3194181956350803
857088,0.043663726770319045,0.21681129233911633,3.716783158481121,0.6238339766860008,0.08120185724692419,0.0497767657507211,3.7078638523817062,1.5595535337924957,2.6925361305475235,4.096613347530365
858112,0.050409244300681166,0.26184518821537495,3.8176097348332405,0.7794635687023401,0.09731806145282462,0.046613550279289484,3.562591828405857,1.2678638771176338,2.724778313189745,3.0239406265318394
859136,0.06167303095571697,0.17909579863771796,3.891529142856598,0.7928633876144886,0.015874382748734206,0.054536741925403476,3.7243620082736015,1.605047706514597,2.9606997594237328,2.5295105073601007
860160,0.04463843481789809,0.25511949928477407,3.8289208188652992,0.7434747461229563,0.030270357499830425,0.04439843416912481,3.7842324003577232,1.9425960965454578,2.145297007635236,2.32037572003901
861184,0.03703217829752248,0.26216511614620686,3.719017930328846,0.6613476760685444,0.13611770351417363,0.048973326687701046,4.057637624442577,2.375731937587261,3.2723707631230354,2.6217275336384773
862208,0.028515729471109807,0.26838038582354784,3.809774659574032,0.7156581841409206,0.09659236716106534,0.06675868772435933,4.0290861800313,2.060360137373209,2.3006577994674444,4.145896032452583
863232,0.04960471100639552,0.3136380664072931,3.7584066689014435,0.705585328862071,0.08228375980979763,0.06093519588466734,3.708887755870819,1.8007388412952423,5.367570053786039,4.367738306522369
864256,0.05055641630315222,0.2780025997199118,3.9418655186891556,0.8104339092969894,0.0539058648282662,0.06916690163780004,3.677432380616665,1.6668354086577892,2.5401033498346806,2.2249196097254753
865280,0.055541430876473896,0.44591105356812477,3.7192450538277626,0.691309591755271,0.06751993103534915,0.06722156004980206,3.637049026787281,1.6895818747580051,3.871305663138628,5.474865451455116
866304,0.04336944788519759,0.31439081858843565,3.6910451725125313,0.6631740834563971,0.12036609859205782,0.0919972660485655,3.660186007618904,1.7656112611293793,4.041324153542519,13.548604547977448
867328,0.03992733213817701,0.41229002829641104,3.469278760254383,0.47290636226534843,0.16084529808722436,0.06715461623389274,3.8200971707701683,1.940320037305355,5.204796671867371,9.200825802981853
868352,0.06381170291570015,0.39284387324005365,3.5590183436870575,0.5256072822958231,0.1638356107287109,0.0718109057052061,3.918519288301468,1.894498497247696,4.629585340619087,9.123052470386028
869376,0.041345130623085424,0.17484142538160086,3.9711590856313705,0.9190943967550993,0.03603432641830295,0.0497489643166773,3.8121413737535477,1.7249275669455528,1.4333544820547104,4.018183667212725
870400,0.04714855230122339,0.33689275849610567,3.9375215768814087,0.9035238586366177,0.018423799352603965,0.057192922569811344,3.403740592300892,1.626640785485506,2.4772062227129936,2.494907906278968
871424,0.04669553498388268,0.34770369436591864,3.742935284972191,0.7715159133076668,0.10145897255279124,0.07407381851226091,3.800145171582699,1.8148621283471584,2.4657144639641047,3.73729982227087
872448,0.05069271312095225,0.15623324387706816,3.816420964896679,0.7582372538745403,0.136541957850568,0.03324751619948074,4.052054189145565,2.229471407830715,1.936733715236187,2.7083486933261156
873472,0.07366898591862991,0.24540915060788393,3.726867951452732,0.8341207280755043,0.08198561231256463,0.05789461045060307,3.481781356036663,1.503709927201271,2.7573218271136284,5.377292405813932
874496,0.06255828897701576,0.2356268079020083,3.823649689555168,0.887390024960041,0.15236177062615752,0.05280828208196908,3.9625627771019936,1.530830666422844,2.817813713103533,3.151518728584051
875520,0.05789979925611988,0.27602696884423494,3.7347598373889923,0.7398776058107615,0.08079770623589866,0.06296599470078945,3.5972060337662697,1.3486563451588154,2.892583604902029,3.52107460424304
876544,0.05221859840094112,0.24963581934571266,3.9165468141436577,0.932435991242528,0.10634277551434934,0.05381834472063929,3.8382922634482384,1.4451092444360256,2.6484863106161356,3.651806242763996
877568,0.054489091868163086,0.2091486845165491,3.8010055497288704,0.7783369645476341,0.0819661995046772,0.0415248412755318,3.6797823682427406,1.4153355211019516,2.204248581081629,2.67284033074975
878592,0.033681259941658936,0.45134143251925707,3.7203898951411247,0.7768684308975935,0.03579892739071511,0.06011326238512993,3.724182814359665,1.4491075947880745,3.1771368980407715,2.467259870842099
879616,0.06481895671458915,0.29135865764692426,3.5855610966682434,0.6614458318799734,0.14445913839153945,0.07863378652837127,3.8967095240950584,1.7453175969421864,2.5406193509697914,3.7739136535674334
880640,0.030076845665462315,0.26307815173640847,3.739623636007309,0.667095122858882,0.07158581129624508,0.1026677368208766,3.8790823593735695,1.8428264781832695,2.2252733074128628,3.4346450194716454
881664,0.04119600509875454,0.20284989150241017,3.8401004672050476,0.6919604279100895,0.1673841280862689,0.058731402503326535,3.915004789829254,1.9693533033132553,1.7097873501479626,6.488786295056343
882688,0.062330865126568824,0.23759056348353624,3.855431631207466,0.7410510033369064,0.11100500059546903,0.032670560758560896,3.900443471968174,1.6648097820580006,2.870016321539879,2.5183574967086315
883712,0.046376587240956724,0.17339678760617971,3.743760921061039,0.7040424607694149,0.03253469042829238,0.04204565956024453,3.501572623848915,1.3614285103976727,1.9114420171827078,2.8931202441453934
884736,0.04257264320040122,0.2327600191347301,3.8723945394158363,0.7716069668531418,0.05461309972452,0.048347807372920215,3.7406533658504486,1.734772127121687,2.2397119365632534,3.141621608287096
885760,0.04958756238920614,0.2514272737316787,3.515029400587082,0.543905595317483,0.13216729054693133,0.07336253160610795,3.508295640349388,1.4454738795757294,4.584605507552624,4.97615833953023
886784,0.04768403658817988,0.24364552507176995,3.803537964820862,0.738096946850419,0.05374518159078434,0.06258899060776457,3.7810860946774483,1.765499759465456,2.139700822532177,2.989808201789856
887808,0.05246716001420282,0.31404190603643656,3.7907274812459946,0.7248063292354345,0.10802596065332182,0.07204560900572687,3.7720631510019302,1.702451154589653,2.6810475066304207,2.1661101542413235
888832,0.055501269875094295,0.1921170901041478,3.6289422884583473,0.6079315263777971,0.14896355010569096,0.0413085661130026,3.9544155448675156,1.7399383299052715,3.0490625128149986,2.142039578408003
889856,0.027766213126596995,0.27498555090278387,3.792467176914215,0.7877614963799715,0.06733495247317478,0.07271355076227337,3.837683118879795,1.6809885799884796,2.0623506754636765,3.1744947358965874
890880,0.05101848772028461,0.2345246677286923,3.804293803870678,0.866975799202919,0.03242060719639994,0.10734420269727707,3.4622966945171356,1.1863806881010532,2.440820835530758,4.089449483901262
891904,0.05376796273048967,0.23378759855404496,4.007710844278336,0.9205302037298679,0.04382982250535861,0.06359420111402869,3.5946162715554237,1.7162158899009228,1.728691216558218,2.475344769656658
892928,0.054085956944618374,0.1961544705554843,3.709316849708557,0.6996881701052189,0.11890347162261605,0.037182949716225266,3.7351027131080627,1.9184034429490566,1.8452560566365719,2.9676349721848965
893952,0.0458695231936872,0.3515871837735176,3.66824559122324,0.6259643211960793,0.05036554220714606,0.043676245608367026,3.5394227281212807,1.9935853965580463,8.129737194627523,2.252717385068536
894976,0.04577590507688001,0.21956483274698257,3.8613673970103264,0.973490035161376,0.05300711834570393,0.0658765904372558,3.6897535249590874,1.7245562300086021,2.442445084452629,3.2829380072653294
896000,0.04380704644427169,0.25446225330233574,3.491552971303463,0.5343900676816702,0.13634023570921272,0.07289381662849337,3.838803216814995,1.7981428503990173,4.103093940764666,6.774272330105305
897024,0.04565697148791514,0.2954975920729339,3.6932129114866257,0.6263176072388887,0.10280001803766936,0.059434017864987254,3.6731268167495728,1.8199900202453136,4.926845859736204,3.043686833232641
898048,0.05553459929069504,0.2209305535070598,3.8724117502570152,0.7392263300716877,0.06317254799068905,0.07846802507992834,4.023681625723839,2.1267539225518703,3.3116325587034225,3.616550885140896
899072,0.053008789880550466,0.21532891830429435,3.6431016325950623,0.6487922947853804,0.19838496227748692,0.05946639704052359,4.035034172236919,2.0347753912210464,4.415358927100897,5.829690262675285
900096,0.03120105102425441,0.2354434048756957,3.5740874484181404,0.5297062732279301,0.1280046806205064,0.06766973837511614,3.9445509761571884,1.6382381580770016,4.6109248250722885,5.704385459423065
901120,0.08258028008276597,0.22826417442411184,3.7748856022953987,0.7623361758887768,0.1363895683316514,0.059795872773975134,3.951038494706154,1.7051101550459862,3.721888292580843,3.610106648877263
902144,0.03689461501198821,0.19978442322462797,3.756120502948761,0.7244865950196981,0.10074752487707883,0.05231789645040408,3.8558542728424072,1.4959815740585327,1.8434518482536077,3.20846332795918
903168,0.031115170510020107,0.20675140572711825,3.6905953884124756,0.7226559706032276,0.039004601450869814,0.04726286546792835,3.6258500441908836,1.5709515511989594,2.880228016525507,2.7313102576881647
904192,0.033249229192733765,0.20856173569336534,3.8475520312786102,0.9750326853245497,0.04563932376913726,0.046751627465710044,3.818392127752304,1.785730879753828,1.7344243414700031,2.3994909673929214
905216,0.03967175129218958,0.3865274302661419,3.805632472038269,0.811683090403676,0.07154907294898294,0.05442560988012701,3.713108204305172,1.7405781112611294,2.920051369816065,2.768488299101591
906240,0.03499637915228959,0.27303458843380213,3.934899903833866,1.0290021616965532,0.06818062055390328,0.0494563429383561,3.5802248418331146,1.5966923609375954,2.4598066806793213,2.5220708921551704
907264,0.04737674769421574,0.1919125048443675,3.9498545825481415,0.9474170058965683,0.1054153727600351,0.040587691706605256,3.693505845963955,1.667569786310196,1.775510959327221,2.591871030628681
908288,0.08351049141492695,0.1931706671603024,3.7773968130350113,0.8091247398406267,0.14563334337435663,0.03885487263323739,3.678621381521225,1.6281797029078007,4.036625629290938,3.745589703321457
909312,0.04327997809741646,0.2704969933256507,3.706001877784729,0.7226302679628134,0.07515387673629448,0.08316999347880483,3.8696745857596397,1.8983393609523773,3.3633208125829697,3.599200841039419
910336,0.03843336601858027,0.15508063742890954,3.6452122926712036,0.6767859049141407,0.10386076720897108,0.03339598199818283,3.7177411392331123,1.7377335019409657,2.9009316749870777,3.0435147807002068
911360,0.03392929119581822,0.2835234203375876,3.7549738585948944,0.645754168741405,0.11285656702239066,0.0652177445590496,4.154777228832245,2.1870423331856728,3.268869213759899,3.531489573419094
912384,0.054296112910378724,0.25456760777160525,3.5740873739123344,0.624179182574153,0.06770476439851336,0.08588289353065193,3.5429176539182663,1.4537916854023933,4.805567119270563,4.76545549556613
913408,0.02924273027747404,0.25131347170099616,3.8918369188904762,0.7607673238962889,0.045095178109477274,0.05150156596209854,3.75202015042305,1.7629141919314861,2.807926770299673,3.10340116918087
914432,0.04357684263959527,0.2713042446412146,3.8906633406877518,0.8453473672270775,0.10727247863542289,0.05540677288081497,3.669365331530571,1.5930439457297325,2.9887220673263073,4.351856265217066
915456,0.048257322632707655,0.23387187160551548,3.993906795978546,0.8751948233693838,0.11670727335149422,0.034984851721674204,3.969700112938881,1.9137846119701862,3.1985840685665607,2.918929599225521
916480,0.038198961949092336,0.37359260860830545,3.841377653181553,0.7592647522687912,0.10378775221761316,0.04566930787404999,3.613388381898403,1.4996402934193611,3.7371335960924625,3.525048678740859
917504,0.030877653771312907,0.23747397493571043,3.878507874906063,0.7691267021000385,0.10182303923647851,0.052876914967782795,3.8460509330034256,1.659730277955532,3.346607271581888,3.815778259187937
918528,0.08883697871351615,0.3183610178530216,3.8733560666441917,0.8930075615644455,0.14892034302465618,0.05223230121191591,3.547928787767887,1.2871386148035526,3.5253243036568165,4.815091576427221
919552,0.054585395264439285,0.26505910279229283,4.022771768271923,0.9222144298255444,0.025974648946430534,0.08073956472799182,3.617385931313038,1.389737393707037,2.962220512330532,4.833958439528942
920576,0.057710392225999385,0.30698575684800744,3.720150575041771,0.741055877879262,0.1340139516396448,0.10440559405833483,3.720752865076065,1.664394497871399,2.2188094053417444,7.572847820818424
921600,0.0479876903409604,0.31353055965155363,3.78426306694746,0.6441782712936401,0.18660989357158542,0.0772884184261784,4.261543393135071,2.4015358611941338,3.0579767655581236,10.748221445828676
922624,0.031263850192772225,0.2587035414762795,3.5933634862303734,0.5848781848326325,0.06505850749090314,0.040839231747668236,3.7819001898169518,1.636698454618454,2.091507811099291,4.811698485165834
923648,0.06548311386723071,0.36772303096950054,3.7885456308722496,0.849887665361166,0.025680417951662093,0.08739006204996258,3.4864073023200035,1.3854670450091362,1.6210914738476276,3.2662524953484535
924672,0.04958973360771779,0.33382291393354535,3.6751429438591003,0.7106435466557741,0.05446794425370172,0.055557441897690296,3.690484404563904,1.642058689147234,2.6496579740196466,3.7321773506700993
925696,0.03569747612345964,0.2542408350855112,3.8810266852378845,0.7909544222056866,0.06480705481953919,0.038972141162957996,3.9830489233136177,2.1027278676629066,1.6626396141946316,2.159460974857211
926720,0.07998220867011696,0.3520581992343068,3.6868016570806503,0.7027346529066563,0.10750784640549682,0.0939589967019856,3.666498117148876,1.6495379842817783,2.6949123814702034,4.290910452604294
927744,0.056776033889036626,0.35979639645665884,3.6231909915804863,0.6059754490852356,0.13291123390081339,0.08252408285625279,3.420273780822754,1.2555783614516258,4.136176785454154,5.885207980871201
928768,0.042719200122519396,0.24289220804348588,3.7543966993689537,0.7189091555774212,0.06266111010336317,0.03954611788503826,3.555344171822071,1.3229476418346167,2.016833323985338,2.0285305995494127
929792,0.045948353508720174,0.20967818796634674,3.5786902755498886,0.589810898527503,0.11238127981778234,0.05414093105355278,3.822991043329239,1.6740699484944344,2.076022583991289,4.557878561317921
930816,0.02625736680056434,0.1948875137604773,3.8685654029250145,0.8743161968886852,0.032286690431647,0.05975112447049469,3.4206558018922806,1.3717297725379467,2.9498608745634556,3.039775114506483
931840,0.08191607159096748,0.22986817825585604,3.7061735838651657,0.7860426343977451,0.12516779953148216,0.07778297481127083,3.715596988797188,1.6122330501675606,2.3355739023536444,4.596035502851009
932864,0.08008169056847692,0.21290210355073214,3.8327726125717163,0.8129586577415466,0.0726120998733677,0.03700411890167743,3.5407506078481674,1.330084890127182,2.440641051158309,2.502731556072831
933888,0.053781626556883566,0.20332572469487786,3.7470688819885254,0.681434640660882,0.07086409712792374,0.05060574185336009,3.716176114976406,1.5875930711627007,2.582670548930764,2.605236630886793
934912,0.06191763040260412,0.36302199494093657,3.8550519570708275,0.718400165438652,0.12493449950125068,0.06689515523612499,3.9468156173825264,1.8848943300545216,3.2191306874156,4.344665288925171
935936,0.044586442032596096,0.3668083632364869,3.8284198194742203,0.663457415997982,0.07567629939876497,0.07035940513014793,3.964667461812496,2.16556553915143,3.5537576396018267,3.6280984338372946
936960,0.028665490506682545,0.20138672878965735,3.9525592774152756,0.7955134380608797,0.06715757976053283,0.05384845216758549,3.7754349038004875,1.9020731672644615,2.4176181219518185,3.1375158056616783
937984,0.0680621998035349,0.1353007259313017,3.9694817140698433,0.8082127179950476,0.06701015002909116,0.0392671178560704,4.126061521470547,2.2539802081882954,1.556294972077012,2.3325455859303474
939008,0.07357790588866919,0.36686477437615395,3.89458479732275,0.8278600443154573,0.13656963757239282,0.08430424809921533,3.4000675305724144,1.6137491390109062,3.392841499298811,4.857500836253166
940032,0.037485666427528486,0.17646502004936337,3.9271110445261,0.8309949096292257,0.11919854927691631,0.04077491589123383,3.9117198437452316,1.887991800904274,1.2441701162606478,2.7926327995955944
941056,0.04922551117488183,0.36837983038276434,3.492199994623661,0.6094470266252756,0.09888793283607811,0.093904675450176,3.456046313047409,1.2549078427255154,3.8285187371075153,6.454936135560274
942080,0.06713715285877697,0.21996442880481482,3.792559824883938,0.8081336431205273,0.07660905527882278,0.03917166305473074,3.7825132831931114,1.509373102337122,2.3355175629258156,4.333514101803303
943104,0.0395071268430911,0.1985445781610906,3.790206164121628,0.6707526352256536,0.05648899235529825,0.028326085477601737,3.646118149161339,1.6239426285028458,2.5015224665403366,2.0311482585966587
944128,0.03522327680548187,0.35399384796619415,3.790641166269779,0.6759957578033209,0.07764406167552806,0.048764847102575004,3.792509987950325,1.6716217696666718,2.8619931004941463,2.9544341415166855
945152,0.048096746497321874,0.2524637836031616,3.7498379945755005,0.722106633707881,0.18929925933480263,0.06807529786601663,3.8776967972517014,1.7545469515025616,2.7106315828859806,5.9818284790962934
946176,0.04797120873990934,0.3475471236743033,3.7091271802783012,0.6237246710807085,0.05677787945023738,0.06778214883524925,3.5352169945836067,1.3540851138532162,3.9217175617814064,4.775388959795237
947200,0.05856256786501035,0.2763134017586708,3.983206123113632,0.9588763825595379,0.0503431981196627,0.061426723608747125,3.6218461468815804,1.509230200201273,2.5782596208155155,3.4681707583367825
948224,0.06231919280253351,0.32786279218271375,3.8514383658766747,0.803652361035347,0.12050302023999393,0.09406715363729745,3.9367275536060333,2.0032833889126778,4.410959381610155,4.5075989961624146
949248,0.03993930100114085,0.32784556271508336,3.664405934512615,0.7679261583834887,0.05888585472712293,0.06982422282453626,3.6865300312638283,1.8451901488006115,2.1498544234782457,3.313435100018978
950272,0.038960433448664844,0.3429783685132861,3.8609744757413864,0.8618967160582542,0.06809592799982056,0.0723235058831051,3.8674368634819984,2.0277948565781116,3.4659519232809544,5.157880507409573
951296,0.051578777172835544,0.27434814581647515,3.760497994720936,0.7105165775865316,0.059564215334830806,0.06856359972152859,3.834075838327408,1.768630538135767,3.041181318461895,7.6659951619803905
952320,0.03799235069891438,0.3841224145144224,3.5189713463187218,0.47330017015337944,0.20678726583719254,0.04495970322750509,4.164944715797901,2.3314727172255516,6.826468486338854,5.554671574383974
953344,0.04195711106876843,0.462104968726635,3.696198530495167,0.6406272165477276,0.06176290343864821,0.07529241405427456,3.5404337272047997,1.6866499688476324,3.022461384534836,3.3962047696113586
954368,0.04526422801427543,0.2559628989547491,3.8361590951681137,0.8007907792925835,0.0706341058248654,0.08935117709916085,3.6636734008789062,1.5778560377657413,2.0818933229893446,3.498654332011938
955392,0.055310592317255214,0.2614772296510637,3.931219309568405,0.7866670899093151,0.08807089319452643,0.033000004827044904,3.5329858288168907,1.506075344979763,2.6876815762370825,2.3611697126179934
956416,0.046572053906857036,0.38453265093266964,3.704549513757229,0.6989802997559309,0.07658275871654041,0.05287635722197592,3.734854519367218,1.632964976131916,3.9355542361736298,2.9504140522331
957440,0.04081120711634867,0.4806875390931964,3.6339211985468864,0.6200976632535458,0.047659295494668186,0.10706213396042585,3.8127363100647926,1.9461958892643452,4.8524777591228485,3.5250038355588913
958464,0.06551295856479555,0.3570502018555999,3.6567261815071106,0.636271683499217,0.16954007046297193,0.06706727191340178,3.961990773677826,1.9684851951897144,3.5242886394262314,5.412543714046478
959488,0.0322155308094807,0.23752681398764253,3.848515383899212,0.694877976551652,0.08274913270724937,0.07792788930237293,3.8800110667943954,1.6869756877422333,1.7105671558529139,3.195750318467617
960512,0.046119848324451596,0.26765670953318477,3.7407902106642723,0.6333058476448059,0.11762836284469813,0.036579091218300164,3.6559202075004578,1.365849558264017,2.3519290778785944,4.8983482383191586
961536,0.036680891120340675,0.19723052554763854,3.7240521609783173,0.7068423610180616,0.09207726566819474,0.04791793168988079,3.7275288477540016,1.3855693973600864,2.420999363064766,4.1153907142579556
962560,0.062079223309410736,0.21019801823422313,3.528188109397888,0.5631239619106054,0.12410921743139625,0.09085266175679862,3.6334016174077988,1.350070919841528,3.356973869726062,9.874712325632572
963584,0.05183672910789028,0.14594423049129546,3.778289794921875,0.6203930322080851,0.1080735981813632,0.05151583190308884,4.065992213785648,1.9140001013875008,2.097836785018444,7.62609133310616
964608,0.0379431378969457,0.2324268682859838,3.7706085443496704,0.6501039192080498,0.07712857215665281,0.04576609760988504,3.6532096713781357,1.3503574095666409,2.2653411366045475,3.0137523896992207
965632,0.04872275167144835,0.22064318787306547,3.511934258043766,0.5441897120326757,0.1919400580227375,0.055834956699982285,3.7420243099331856,1.5682720355689526,4.2459189891815186,6.140641435980797
966656,0.0490501873428002,0.31214901991188526,3.674125760793686,0.6046054102480412,0.2063889168202877,0.08996426220983267,3.8322848230600357,1.572352860122919,3.83638708665967,7.262245509773493
967680,0.03524181985994801,0.2247904110699892,3.866194821894169,0.7455096058547497,0.03980442602187395,0.05089920206228271,3.802967719733715,1.5516173504292965,1.8698463924229145,2.2871960662305355
968704,0.049743559284252115,0.33036944223567843,3.839952267706394,0.8280327264219522,0.0409329418616835,0.05665133986622095,3.5379765033721924,1.4365403689444065,3.306785147637129,3.0050901025533676
969728,0.047864551830571145,0.26203296473249793,3.5192648842930794,0.5187719622626901,0.12115583417471498,0.07260398229118437,4.1172976940870285,1.999907974153757,4.85398156195879,10.513999857008457
970752,0.05213479761732742,0.20511763216927648,3.7893524169921875,0.6386798843741417,0.09361671283841133,0.059612643090076745,3.964741013944149,1.7877760790288448,4.808285966515541,5.6357459500432014
971776,0.03422888909699395,0.11737218708731234,3.8019308298826218,0.6598939131945372,0.10604736756067723,0.03734715917380527,4.017823085188866,1.9332348369061947,1.914818773046136,5.773371618241072
972800,0.056588373554404825,0.31155975442379713,3.913815326988697,0.8955204840749502,0.0713409702439094,0.07895005610771477,3.701677717268467,1.5369068942964077,2.7193172834813595,2.7238024827092886
973824,0.0668538484023884,0.3006601231172681,3.668754756450653,0.7125939857214689,0.09125429461710155,0.07030746282543987,3.880806475877762,1.5999387875199318,2.9642575308680534,3.1178263183683157
974848,0.025017656153067946,0.266671656165272,3.832239754498005,0.7194800488650799,0.09287112974561751,0.06045599514618516,3.965156137943268,1.7747356705367565,2.5024732425808907,5.390183851122856
975872,0.04014122247463092,0.2557865660637617,3.971208244562149,0.8606770802289248,0.1103238997166045,0.03945780167123303,3.918180428445339,1.7024282738566399,2.751988682895899,4.316543627530336
976896,0.10481781064299867,0.30712279863655567,3.65364108979702,0.7813820466399193,0.10655737610068172,0.04327899415511638,3.8513999953866005,1.6463059857487679,4.355924088507891,5.918893322348595
977920,0.06029508980282117,0.21998844482004642,3.8373924121260643,0.8053779397159815,0.03884761795052327,0.0423186372499913,3.869627356529236,1.9350477121770382,1.6914320327341557,3.7228990606963634
978944,0.05419171729590744,0.26204902259632945,3.741464965045452,0.7044865190982819,0.04032835649559274,0.04230928007746115,3.441088780760765,1.564916554838419,2.5196393355727196,2.7545719780027866
979968,0.04827448492869735,0.2834979915060103,3.8057673647999763,0.8147848453372717,0.07996149215614423,0.05186365148983896,3.4789527654647827,1.4392153788357973,2.459012661129236,2.0582989510148764
980992,0.056438773608533666,0.37528387270867825,3.7542175129055977,0.7591793350875378,0.01027217494265642,0.06071742856875062,3.7225015610456467,2.176168605685234,3.3826278746128082,4.632907837629318
982016,0.04367519446532242,0.2531845564953983,3.6181212589144707,0.6269272472709417,0.14422306779306382,0.054446285066660494,3.8465892001986504,2.081977792084217,2.88949984125793,3.601007953286171
983040,0.04858411671011709,0.3595464415848255,3.5947830453515053,0.5488277412950993,0.08535300630319398,0.05609581165481359,4.1995842680335045,2.876371666789055,4.8399115689098835,3.705259792506695
984064,0.04221313408925198,0.2798914834856987,3.5886824131011963,0.6121526882052422,0.10408047627424821,0.0657335901632905,4.025755271315575,2.2669837698340416,3.2256804071366787,5.313972812145948
985088,0.03529936302220449,0.21260037133470178,3.834556743502617,0.8453341834247112,0.061271688813576475,0.060798470745794475,3.629290722310543,1.722054060548544,2.4697494506835938,3.1675726883113384
986112,0.04669375630328432,0.264615039806813,3.7575043588876724,0.8574923407286406,0.10504985332954675,0.07774418173357844,3.9248677119612694,1.928409680724144,2.5426123552024364,4.054636027663946
987136,0.0821073591359891,0.3704233206808567,3.94332155585289,0.8995166309177876,0.08549908851273358,0.07475096103735268,3.96054495126009,1.8872210048139095,3.457468256354332,3.818162214010954
988160,0.041415858548134565,0.3303544335067272,3.7865683808922768,0.6816609725356102,0.039549005596200004,0.09751290606800467,3.629742383956909,1.7260592989623547,2.903146382421255,3.8470192551612854
989184,0.06935898872325197,0.48647366650402546,3.8169085085392,0.7414341438561678,0.12032515957253054,0.1535036873538047,3.8559594228863716,1.8511820770800114,4.479292314499617,10.430939592421055
990208,0.062103739503072575,0.26714263344183564,3.5119806230068207,0.5583710037171841,0.15394252166152,0.10304150823503733,3.7450426444411278,1.6415945403277874,5.34203589707613,7.220807038247585
991232,0.030405203622649424,0.36045309714972973,3.9369597882032394,0.8823122084140778,0.04653150281228591,0.08869137964211404,3.84531769156456,1.778690155595541,3.516842782497406,3.7348870895802975
992256,0.04784130648477003,0.3163399612531066,3.9146812483668327,0.8871369902044535,0.04835261745029129,0.08886949007865041,3.5495662912726402,1.7975116334855556,3.3907015807926655,3.883854277431965
993280,0.06759998659254052,0.2434162786230445,3.823900319635868,0.8043676652014256,0.09050211013527587,0.07337392074987292,3.474804826080799,1.4400553740561008,2.65447486564517,4.159953694790602
994304,0.055534685554448515,0.16477801324799657,3.7089219987392426,0.6664301138371229,0.10833173478022218,0.04668994073290378,3.483367070555687,1.670400420203805,3.342895144596696,3.639004100114107
995328,0.03982561163138598,0.28612495493143797,3.708404555916786,0.7058975268155336,0.11020321771502495,0.09296952479053289,3.9609021320939064,2.2126356475055218,3.0615966487675905,6.026468925178051
996352,0.036352286231704056,0.24738474003970623,3.794718883931637,0.7915572002530098,0.09210929734399542,0.06742366962134838,3.692987211048603,1.4766565673053265,4.351430840790272,5.091793771833181
997376,0.04791677766479552,0.29975404404103756,3.7824475169181824,0.6770946271717548,0.13883040752261877,0.07165942317806184,3.723405972123146,1.658541213721037,4.623354401439428,7.57079366594553
998400,0.04455657213111408,0.3612275058403611,3.692707948386669,0.6228725742548704,0.06412835553055629,0.10012490663211793,3.8547897338867188,1.9023910909891129,3.9446773380041122,4.951048497110605
999424,0.030552718570106663,0.1521624280139804,3.7671578750014305,0.8224683441221714,0.12523200293071568,0.05229669756954536,4.230156943202019,2.106274776160717,3.275678925216198,3.669592920690775
1000448,0.04431750850926619,0.23393653286620975,3.977905310690403,0.950507378205657,0.1394777623936534,0.06915113423019648,3.9916500449180603,2.1100109107792377,1.9759327173233032,4.011135526001453
1001472,0.07094157056417316,0.31290041096508503,3.78704734146595,0.8483209740370512,0.0861158823245205,0.08213398174848408,3.5834370777010918,1.4666871652007103,2.6990346647799015,5.19707490876317
1002496,0.04009812857839279,0.28640501853078604,3.5640210434794426,0.536260200664401,0.06429182016290724,0.04533482814440504,3.732328340411186,1.7578072249889374,6.207002859562635,3.3501553758978844
1003520,0.05481917192810215,0.33301136922091246,3.510188475251198,0.5360021889209747,0.11243901518173516,0.03754957381170243,3.7385026812553406,1.36312410607934,5.8696353286504745,4.598412778228521
1004544,0.02696590786217712,0.2755838055163622,3.540647193789482,0.5286453105509281,0.06849467303254642,0.05016069766134024,3.881626173853874,1.7143934778869152,3.6480976417660713,4.9105794578790665
1005568,0.05068418916198425,0.34768119221553206,3.6695728600025177,0.6278235297650099,0.17384567111730576,0.06021622323896736,4.1132941618561745,1.9221336841583252,4.751435521990061,3.4246452301740646
1006592,0.03685307988780551,0.178918864345178,3.846913367509842,0.6936696823686361,0.020999111904529855,0.05927791562862694,3.5417670756578445,1.4054260067641735,2.0222354736179113,3.043962437659502
1007616,0.025054592595552094,0.23004868626594543,3.8031004145741463,0.7683868315070868,0.031329074772656895,0.059429327957332134,3.7799289524555206,1.6890695318579674,2.5337806046009064,2.717243742197752
1008640,0.0565249779028818,0.21149629028514028,3.777314782142639,0.7464747298508883,0.08207754814065993,0.04319270380074158,3.6925197690725327,1.7338379509747028,2.5379835665225983,3.3298066444694996
1009664,0.045843389263609424,0.28346453746780753,3.567091353237629,0.6508988831192255,0.06239083659602329,0.06438054435420781,3.6234359219670296,1.5899868682026863,3.030547183007002,2.8271194845438004
1010688,0.034738760310574435,0.25128212897107005,3.767943099141121,0.6968685481697321,0.04592547978973016,0.052881290088407695,3.57598689943552,1.8345182947814465,3.472485516220331,2.6925096325576305
1011712,0.07085998702677898,0.39827191457152367,3.798354208469391,0.7268537878990173,0.08505320287076756,0.051496330939698964,3.7099461629986763,1.6943026334047318,6.9129024259746075,4.931145241484046
1012736,0.03602814220357686,0.30968456203117967,3.7568224743008614,0.7127483356744051,0.05393884622026235,0.06278639216907322,3.714044503867626,1.8088737577199936,4.3668929766863585,3.9561042711138725
1013760,0.026999064692063257,0.21475946647115052,3.7368076518177986,0.6836654376238585,0.06609580939402804,0.044872961880173534,3.7599774599075317,1.9592435248196125,3.5410935059189796,3.5070791505277157
1014784,0.05711673610494472,0.22338729398325086,3.7839364632964134,0.8893890231847763,0.08060570046654902,0.0582920010201633,3.7807551324367523,1.6925249807536602,2.2486890740692616,3.443871673196554
1015808,0.08215771112008952,0.36100274231284857,3.6873961463570595,0.6758486945182085,0.20687150536105037,0.09779584722127765,3.88093638420105,2.0871366150677204,4.64850153401494,6.934665508568287
1016832,0.043975318723823875,0.22853864822536707,3.7999245673418045,0.6872423589229584,0.08303047734079883,0.044417092634830624,3.8500313088297844,1.9354994408786297,2.997511524707079,3.9346847403794527
1017856,0.045553659612778574,0.19887529872357845,3.8776876032352448,0.7679955493658781,0.1459424962522462,0.0704628610983491,3.6785271242260933,1.6790063083171844,2.476691599935293,6.256601642817259
1018880,0.03435534218442626,0.269313283264637,3.879907265305519,0.8428951166570187,0.08331300236750394,0.09424705349374563,3.779980532824993,1.6002200320363045,4.058399125933647,5.0127172619104385
1019904,0.03983723631245084,0.26482607051730156,3.7561640813946724,0.7391247376799583,0.030727610021131113,0.0792021679226309,3.51928598433733,1.2917475998401642,2.9482192918658257,3.3099891021847725
1020928,0.054032079089665785,0.2559955785982311,3.901757523417473,0.8767909966409206,0.055782252515200526,0.069436663412489,3.8709559738636017,1.6817465350031853,2.019004087895155,4.026499938219786
1021952,0.06327776971738786,0.5154842734336853,3.5951151996850967,0.6570643093436956,0.07031292040483095,0.06745712028350681,3.3170891255140305,1.3113023974001408,6.2518639750778675,5.823608852922916
1022976,0.05491231357154902,0.6014326997101307,3.3185864463448524,0.4562261598184705,0.2207297384738922,0.07606667256914079,3.9319657385349274,1.8550228215754032,9.960953004658222,6.206101972609758
1024000,0.032197913809795864,0.653561994433403,3.314358353614807,0.40950037725269794,0.15017701545730233,0.04307028342736885,3.99114241451025,1.7145619168877602,6.803426466882229,2.4863821156322956
1025024,0.02630369900725782,0.25805345829576254,3.614875651896,0.5764187229797244,0.11310984834562987,0.04853633441962302,4.010766364634037,1.6719904765486717,3.4925942942500114,3.5203192308545113
1026048,0.04197541138273664,0.15006872243247926,3.904031179845333,0.8124173209071159,0.09454322047531605,0.04185082094045356,4.1851102113723755,1.7810532860457897,2.230830516666174,3.903162471950054
1027072,0.047000801787362434,0.3475730260834098,3.663624994456768,0.6682892665266991,0.09902408753987402,0.06858372502028942,3.7996382415294647,1.5744438394904137,3.051703456789255,3.825725531205535
1028096,0.06063369991898071,0.29243109840899706,3.6559051871299744,0.6202872656285763,0.10471222893102095,0.0465414272621274,3.7574324905872345,1.532872375100851,3.7609235793352127,3.374336149543524
1029120,0.05424722738098353,0.33981827134266496,3.7288909256458282,0.7006830703467131,0.062241174426162615,0.05409386719111353,3.5508788749575615,1.2494846880435944,4.155561864376068,3.6763566993176937
1030144,0.0643038199050352,0.3009827509522438,3.8387968614697456,0.7522064819931984,0.060898845025803894,0.04723077832022682,3.5277030169963837,1.2969907969236374,3.268906757235527,3.127788405865431
1031168,0.04238233363139443,0.275049258954823,3.8398351818323135,0.7605720069259405,0.07255376255488954,0.07343937770929188,3.8076010793447495,1.5828595608472824,3.7292246371507645,4.064880669116974
1032192,0.0500305860186927,0.3691796250641346,3.7762994915246964,0.7370284367352724,0.08242318092379719,0.10181264358107,3.7873991206288338,1.7278488464653492,3.7200824916362762,3.1607845537364483
1033216,0.05103042072732933,0.23068372486159205,3.8000740706920624,0.7570585496723652,0.06535565908416174,0.039874152396805584,3.822223663330078,1.8291660994291306,3.0841239131987095,2.746454443782568
1034240,0.07251508710032795,0.31892819609493017,3.764835871756077,0.7031174208968878,0.13048009620979428,0.06532207870623097,3.6355564817786217,1.5553060360252857,3.1683503538370132,5.799772668629885
1035264,0.06771426739578601,0.2520618438720703,3.6273145601153374,0.5744281560182571,0.10326334062847309,0.062265821965411305,3.6643572226166725,1.4346075057983398,3.4865224100649357,5.477780755609274
1036288,0.04167138456250541,0.13438949501141906,3.785415954887867,0.6515297461301088,0.06881951034301892,0.0430760532617569,3.811621740460396,1.8899378292262554,1.9617414008826017,2.9643502440303564
1037312,0.062836313052685,0.2243615542538464,3.7640397995710373,0.702544255182147,0.08295219432329759,0.06727413088083267,3.4070359766483307,1.2824213989078999,1.7550071999430656,5.400190807878971
1038336,0.04964009823743254,0.14754067943431437,3.7749938294291496,0.7112105377018452,0.10836778848897666,0.04112657142104581,3.8774554803967476,1.7651021592319012,2.0324983168393373,3.1075430661439896
1039360,0.044656419777311385,0.21577277779579163,3.759493201971054,0.721766509115696,0.09294049005256966,0.057186727528460324,3.563535988330841,1.6152196303009987,1.8612375557422638,4.598790988326073
1040384,0.03504223570053,0.24993687914684415,3.7884551733732224,0.7221474926918745,0.038631431525573134,0.052885999146383256,3.421634778380394,1.2287234403192997,2.7303793989121914,1.928010918200016
1041408,0.03963148262118921,0.23572266614064574,3.8086643144488335,0.7403184399008751,0.04169988472131081,0.0656420320738107,3.6216994002461433,1.7341303154826164,3.4700684249401093,3.493040766566992
1042432,0.06867758874432184,0.29061442613601685,3.5493083372712135,0.6211020052433014,0.14663004130125046,0.06628914782777429,3.8755948767066,2.099214546382427,3.373248040676117,6.546556707471609
1043456,0.024955250366474502,0.29913422698155046,3.750931017100811,0.701864592730999,0.09315304545452818,0.0649430297780782,3.8501145243644714,2.049614768475294,3.461010865867138,6.909124527126551
1044480,0.07700337292044424,0.3651703791692853,3.8579888716340065,0.7537453807890415,0.14263239945285022,0.10017799492925406,3.603863388299942,1.4561774767935276,3.806431569159031,7.9154582768678665
1045504,0.058163364737993106,0.3517645923420787,3.6534197330474854,0.6892375908792019,0.06502716217073612,0.09212157758884132,3.552573084831238,1.3908242844045162,3.2357241176068783,4.113059315830469
1046528,0.03673134819837287,0.16146318637765944,3.917848661541939,0.7832106631249189,0.08560474123805761,0.05324110377114266,3.8982974216341972,2.030673708766699,2.438601717352867,3.594811327755451
1047552,0.06145047448808327,0.2683450919575989,3.7830911055207253,0.6672547198832035,0.16737680812366307,0.10448196437209845,3.944274850189686,1.9740872830152512,3.017867900431156,10.732325721532106
1048576,0.04206954699475318,0.37862055376172066,3.7324048578739166,0.6048723608255386,0.16571454075165093,0.0420384785393253,3.943031497299671,1.7797544822096825,4.360627055168152,3.6576989199966192
1049600,0.049322397098876536,0.17489192355424166,3.8119875639677048,0.7010027002543211,0.0372187583707273,0.047545284032821655,3.47980272769928,1.4385186731815338,2.4730642028152943,3.762265894562006
1050624,0.04744797898456454,0.32726560859009624,3.6812353059649467,0.6563998684287071,0.08707801025593653,0.06171017198357731,3.4067052006721497,1.3047764413058758,3.0792970284819603,4.608468629419804
1051648,0.0437871060858015,0.17895909259095788,3.611456848680973,0.6707009430974722,0.13550841272808611,0.09119800745975226,3.650481402873993,1.3765766993165016,1.923105925321579,5.81515696644783
1052672,0.03355608801939525,0.22206220403313637,3.8802683278918266,0.8954900987446308,0.03261974912311416,0.04793848714325577,3.522663526237011,1.2960867751389742,3.1867456138134003,1.9721059072762728
1053696,0.05556572083150968,0.33399820886552334,3.4703900814056396,0.5562163675203919,0.13794757355935872,0.06105329340789467,3.6431461572647095,1.6206721402704716,5.24321061372757,5.595532368868589
1054720,0.02295385385514237,0.23416015598922968,3.4650753140449524,0.4897028189152479,0.1027699284022674,0.0223487300099805,3.852226622402668,1.941145408898592,3.391155691817403,2.6695591285824776
1055744,0.026205368369119242,0.19314448349177837,3.897914305329323,0.8957293666899204,0.04871613631257787,0.05083642294630408,3.8336271941661835,1.6971330791711807,1.5752162039279938,2.6193831115961075
1056768,0.044090895127737895,0.3257510317489505,3.954654671251774,0.9329920075833797,0.027020980778615922,0.07389109779614955,3.768481783568859,1.9100882783532143,2.7255370542407036,3.1276995949447155
1057792,0.03714288998162374,0.2406879337504506,3.8489193990826607,0.7666289787739515,0.040743698860751465,0.053620356775354594,3.6042765006422997,1.8607949949800968,3.3636702708899975,3.0738423988223076
1058816,0.07900527540186886,0.33474755845963955,3.6720693558454514,0.6917170621454716,0.24654758349061012,0.0909097857074812,4.216176897287369,2.673638105392456,5.356180585920811,11.393422082066536
1059840,0.035436788137303665,0.20918473415076733,3.6472389698028564,0.7648207601159811,0.11593599454499781,0.06755590997636318,4.091474488377571,2.1854067221283913,2.682248206809163,5.30818859860301
1060864,0.03264195582596585,0.24823159724473953,3.981501281261444,0.8704641703516245,0.05851934105157852,0.048198080621659756,4.115003541111946,2.2974478118121624,4.5872386656701565,4.582338277250528
1061888,0.07439818076090887,0.328397573903203,4.062165930867195,1.060666300356388,0.0722876749932766,0.09516618214547634,3.508673593401909,1.4802190475165844,2.87423050776124,3.7367685735225677
1062912,0.03792990630608983,0.3467070837505162,3.4693468287587166,0.5581460380926728,0.06197397373034619,0.08395872125402093,3.68166134506464,1.5960803106427193,3.546522743999958,3.471043437719345
1063936,0.03362610469048377,0.24799829488620162,3.5282808542251587,0.6064426740631461,0.19544440181925893,0.10929194663185626,3.9028495401144028,1.772000715136528,3.7848067842423916,8.970719534903765
1064960,0.031605109688825905,0.4140998590737581,3.8456598073244095,0.7928052973002195,0.04696023865835741,0.07929343986324966,3.4678566232323647,1.5312291346490383,2.053642477840185,2.947071362286806
1065984,0.06373218852240825,0.23815597966313362,3.9219538867473602,0.8697569239884615,0.059261504211463034,0.06609330413630232,3.731268711388111,1.7992393970489502,3.1874312050640583,2.7822090424597263
1067008,0.05055117949086707,0.5335625493898988,3.6288928538560867,0.608646797016263,0.19778836285695434,0.08599604794289917,3.8274912014603615,1.8233607634902,5.596437655389309,8.011229958385229
1068032,0.04077226377557963,0.3490854389965534,3.7518110051751137,0.6627555694431067,0.05312195583246648,0.04678297397913411,3.825425460934639,1.7859707362949848,4.428529441356659,2.6582455039024353
1069056,0.05674306457513012,0.19036781368777156,4.057938136160374,0.9453412033617496,0.06520586361875758,0.0367227653041482,4.111522398889065,2.11136307567358,2.625167068094015,2.7928288727998734
1070080,0.06599589207326062,0.3968299040570855,3.845550023019314,0.7554168775677681,0.09568448964273557,0.10921344324015081,3.3791698962450027,1.3000031933188438,4.389386106282473,5.6999599151313305
1071104,0.05545999915921129,0.3419976430013776,3.8937393128871918,0.7561668753623962,0.1298525229212828,0.10337146231904626,3.930114358663559,1.7328374162316322,3.1151357367634773,5.076514322310686
1072128,0.05695516191190109,0.45473566371947527,3.5173908844590187,0.5258971201255918,0.1903529167175293,0.16855519847013056,3.947978764772415,1.6721086241304874,6.031746178865433,16.426984541118145
1073152,0.03902335249586031,0.27166955592110753,3.6650309339165688,0.5938829388469458,0.08206437079934403,0.06803276762366295,3.855100266635418,1.5413367114961147,5.293412484228611,6.322373043745756
1074176,0.042818094545509666,0.2740001385100186,3.8571498319506645,0.6711629796773195,0.10330295468156692,0.061447804095223546,3.9093514680862427,1.6928641386330128,3.1351001858711243,5.241703074425459
1075200,0.04388225288130343,0.20384891238063574,3.6858041658997536,0.6429192423820496,0.11697789031313732,0.054681976907886565,3.570500485599041,1.188081793487072,4.005136359483004,4.556087268516421
1076224,0.027280771842924878,0.15692148637026548,3.6830524429678917,0.6061693783849478,0.08295823499793187,0.03836488351225853,3.8059082627296448,1.5351244024932384,3.6561106890439987,5.474849121645093
1077248,0.0772345322475303,0.2746492614969611,3.744764819741249,0.7330956738442183,0.13920639533898793,0.05834260466508567,3.6605260372161865,1.4463976100087166,3.0640355944633484,4.648393267765641
1078272,0.07174370510620065,0.29578609531745315,3.786810480058193,0.7271982543170452,0.06144239645800553,0.06563325464958325,3.9495275914669037,1.6564121544361115,3.8312343060970306,5.293491929769516
1079296,0.06015141983516514,0.22410179767757654,3.8314829915761948,0.7001515030860901,0.1358477509347722,0.04897569736931473,4.123462580144405,2.0496155321598053,4.381480630487204,4.469248186796904
1080320,0.03299477072141599,0.20490585966035724,3.8012579530477524,0.7160515189170837,0.05551186480442993,0.07631502870935947,4.02036377042532,1.994740653783083,2.2240826673805714,3.4251387007534504
1081344,0.042912798875477165,0.3528962228447199,3.7136867865920067,0.6510892957448959,0.09574167290702462,0.05379047617316246,3.8514879792928696,1.87706945464015,3.6094674691557884,3.1424218714237213
1082368,0.05086680756357964,0.3844715617597103,3.6554321870207787,0.6623121928423643,0.15479331160895526,0.056991993682459,3.934214286506176,1.8463481329381466,4.335965067148209,4.033694997429848
1083392,0.062051701941527426,0.2809348199516535,3.752645343542099,0.7043815106153488,0.05856272258097306,0.045656222151592374,3.606310248374939,1.3806454949080944,4.549761835485697,5.253509234637022
1084416,0.05739294778322801,0.35428683180361986,3.8014901280403137,0.70674161426723,0.22011114237830043,0.05056550196604803,3.9929557368159294,1.7352070696651936,4.6478271484375,4.572316136211157
1085440,0.035750245791859925,0.2933043297380209,3.7350870594382286,0.591545270755887,0.0870215076720342,0.041024348814971745,3.702812395989895,1.5573326237499714,3.5846394672989845,3.4095719754695892
1086464,0.042309979151468724,0.20904053002595901,3.822402723133564,0.7305155470967293,0.03810871817404404,0.04186392424162477,3.5348235592246056,1.467816911637783,2.739495003595948,2.2658689245581627
1087488,0.053402582881972194,0.2679234463721514,3.8015888035297394,0.7906699441373348,0.06422915944131091,0.09011183411348611,3.813857614994049,1.8741803355515003,3.054462593048811,3.6344857588410378
1088512,0.046608653414295986,0.3067047386430204,3.6015300899744034,0.6746948584914207,0.12003966758493334,0.14437277032993734,3.7688281387090683,1.6651612743735313,3.231371410191059,10.229243822395802
1089536,0.04854811157565564,0.29345247708261013,3.64996337890625,0.6809594165533781,0.07320602380787022,0.054300285992212594,3.992465764284134,2.126375548541546,3.2516992036253214,4.288257479667664
1090560,0.05952173128025606,0.42150211147964,3.70811727643013,0.6583693213760853,0.12489378510508686,0.06252606608904898,3.9954379573464394,2.035769112408161,3.5929840691387653,4.577209658920765
1091584,0.06149938175803982,0.25673205964267254,3.776968836784363,0.6870043948292732,0.10758042801171541,0.06764682603534311,3.8868580535054207,1.8771200515329838,4.3601723201572895,5.301686385646462
1092608,0.04714299671468325,0.33475490380078554,3.642623543739319,0.6331004854291677,0.07775594652048312,0.06893907429184765,3.907404087483883,1.7858286164700985,4.7251477390527725,5.895023047924042
1093632,0.061577243672218174,0.20947239082306623,3.852320671081543,0.7264184113591909,0.09015728696249425,0.04405946156475693,3.890622340142727,1.8134382329881191,2.4379116408526897,3.922807615250349
1094656,0.06276444919058122,0.20565500343218446,3.7409578412771225,0.6527505647391081,0.11724495957605541,0.03676964150508866,3.7713449522852898,1.6492973938584328,3.8491105511784554,3.5299635883420706
1095680,0.05776302271988243,0.3269995544105768,3.6100966781377792,0.611080426722765,0.13836167042609304,0.05232938437256962,3.247229851782322,1.0261715687811375,3.740539986640215,5.713411947712302
1096704,0.047562618157826364,0.2128941435366869,3.7857193276286125,0.6830320302397013,0.089045652479399,0.040073931857477874,3.784490719437599,1.4237233698368073,3.519935965538025,2.7698872853070498
1097728,0.051115537964506075,0.1806893744505942,3.8473391979932785,0.69661402143538,0.09449356648838148,0.038530095655005425,3.8007434755563736,1.479864962399006,1.8946703355759382,2.287812391296029
1098752,0.05752220854628831,0.325314630754292,3.6008750423789024,0.7080948613584042,0.0849007349461317,0.061707976972684264,3.6265749484300613,1.3158991932868958,2.7731994781643152,4.402420286089182
1099776,0.03997217648429796,0.13806690252386034,3.753665640950203,0.7103154491633177,0.0618428434827365,0.032550900941714644,3.8455829471349716,1.7761667631566525,2.5989144518971443,2.2805649619549513
1100800,0.05230073371785693,0.19071748945862055,3.715580493211746,0.5951404739171267,0.15160665937582962,0.03562954207882285,3.781900577247143,1.5660501942038536,3.4331354200839996,4.657156378030777
1101824,0.04292055772384629,0.3161955391988158,3.672634445130825,0.6517971269786358,0.04308167801355012,0.06420146871823817,3.3857224509119987,1.285517105832696,3.9659845270216465,5.947906039655209
1102848,0.08238430699566379,0.29278768273070455,3.590848408639431,0.7347536832094193,0.1258856550557539,0.07332581875380129,3.6396477296948433,1.5416845828294754,4.392643876373768,8.926147159188986
1103872,0.037977203726768494,0.1410269048064947,3.9840321466326714,0.8612100342288613,0.06611244671512395,0.03863402211572975,3.9004081711173058,1.96125528216362,2.291131917387247,4.478056540712714
1104896,0.04681841422279831,0.2908260226249695,3.6507872715592384,0.6332327760756016,0.06891832544351928,0.038664199877530336,3.3720882162451744,1.6447698585689068,3.8316174261271954,4.699921350926161
1105920,0.04748336225748062,0.3259885385632515,3.8320982605218887,0.8225710149854422,0.008824107237160206,0.08284961921162903,3.769064076244831,2.218644317239523,4.8839450888335705,3.680334936827421
1106944,0.04653818470251281,0.22351610474288464,3.564028926193714,0.6139823347330093,0.035422864952124655,0.06226706504821777,3.7970220893621445,2.4675928354263306,3.8518568836152554,4.447046905755997
1107968,0.016851864726049826,0.31243958324193954,3.7318804040551186,0.8368054926395416,0.05202784377615899,0.10801372514106333,3.7704915329813957,2.0367379412055016,2.5172971598803997,4.686956625431776
1108992,0.057156810973538086,0.3673484567552805,3.5897449031472206,0.6823171433061361,0.1421389381866902,0.08364482526667416,3.5943710282444954,2.003975071012974,3.5859057530760765,7.355110168457031
1110016,0.06504749404848553,0.29994078585878015,3.6508057937026024,0.6788161396980286,0.1579615818336606,0.08176703448407352,3.5571629479527473,1.6745650134980679,2.3395757228136063,7.5371058359742165
1111040,0.034810778583050705,0.3961671758443117,3.5054042860865593,0.540143565274775,0.14209860417759046,0.10990217339713126,3.6624314412474632,1.357799744233489,4.267838750034571,14.657420419156551
1112064,0.026022013116744347,0.20454393839463592,3.693387344479561,0.6894904393702745,0.08418353280285373,0.03266393067315221,3.7831722274422646,1.6839749477803707,2.2064938358962536,2.790211148560047
1113088,0.0298811579705216,0.42313879914581776,3.4986450225114822,0.5940598659217358,0.12095760274678469,0.0643842734862119,3.6555325612425804,1.7512052841484547,3.3296232037246227,3.2063126899302006
1114112,0.04616733985312749,0.14129685563966632,3.6143030524253845,0.5688141658902168,0.07024825789267197,0.03481465158984065,3.9354385063052177,1.7791653908789158,3.5928798653185368,3.9338041432201862
1115136,0.03671737700642552,0.15893741673789918,3.465444929897785,0.44580098427832127,0.14426177099812776,0.05156054446706548,3.904374785721302,2.0122205689549446,2.1544844899326563,3.9965389743447304
1116160,0.04769176314584911,0.19756767340004444,3.809656858444214,0.7252287287265062,0.08820629108231515,0.05989199550822377,3.906365118920803,1.6338059343397617,2.2109673656523228,3.3771788850426674
1117184,0.04676103123347275,0.21200229972600937,3.7381633818149567,0.6711094044148922,0.045779568841680884,0.05968420032877475,3.7023247703909874,1.589039385318756,2.868365902453661,3.318292185664177
1118208,0.04116297379368916,0.3715437585487962,3.524929419159889,0.5959576386958361,0.06914693955332041,0.06801840686239302,3.6881154105067253,1.694007020443678,5.51930034160614,5.605186466127634
1119232,0.04489152517635375,0.29812524328008294,3.7274836897850037,0.7887787092477083,0.08236546837724745,0.0952795899938792,3.721967950463295,1.5223403647542,3.08388514444232,4.740412250161171
1120256,0.05131356573838275,0.32264717342332006,3.7872536405920982,0.7363365963101387,0.11393076309468597,0.07046193967107683,3.636963330209255,1.6853332668542862,3.272830381989479,4.784197123721242
1121280,0.0515725506702438,0.31791522074490786,3.584982119500637,0.6107034143060446,0.1504781792173162,0.08823314204346389,3.6540796533226967,1.4134649969637394,4.3969136737287045,9.709587898105383
1122304,0.0442732305964455,0.36340627633035183,3.579949714243412,0.5482784016057849,0.1570752407424152,0.0694416897604242,3.5376067459583282,1.1547736078500748,6.167370822280645,11.111093990504742
1123328,0.03301820805063471,0.19357473449781537,3.8234628289937973,0.7012895010411739,0.10050453600706533,0.03241267189150676,3.903567247092724,1.4955135509371758,2.437654096633196,3.305760495364666
1124352,0.05744095488626044,0.3542695315554738,3.66872875392437,0.6872969679534435,0.08372197041171603,0.0663327001966536,3.5190706104040146,1.287657655775547,3.285437013953924,2.992715710774064
1125376,0.031636809930205345,0.2564621903002262,3.6815956756472588,0.6152936685830355,0.06263788999058306,0.08075646532233804,3.931276060640812,1.6139185652136803,2.274746783077717,3.7854462265968323
1126400,0.0545678703347221,0.26652426552027464,3.7102964222431183,0.6897452566772699,0.11131894227582961,0.07130697381217033,3.7780996784567833,1.5208886042237282,3.1764427982270718,5.052187956869602
1127424,0.04894842555222567,0.32342318538576365,3.6591525450348854,0.6081074718385935,0.04940921257366426,0.06467060733120888,3.731408566236496,1.6120091266930103,2.670742128044367,4.100309140980244
1128448,0.037562884914223105,0.44461195543408394,3.607716217637062,0.672960240393877,0.03638525673886761,0.09393939154688269,3.4233321100473404,1.4765233919024467,2.9481703154742718,3.8312288373708725
1129472,0.04648074389115209,0.2190361563116312,3.6447408720850945,0.6164146885275841,0.11073510663118213,0.04169534705579281,3.7861409932374954,1.6720773167908192,2.4589837603271008,3.0786291155964136
1130496,0.043251707073068246,0.21438336838036776,3.6863997131586075,0.6621749699115753,0.052028667443664744,0.04978702240623534,3.9782967418432236,2.0221138186752796,1.9132537618279457,3.570383135229349
1131520,0.04486302274744958,0.3251901646144688,3.6088091656565666,0.6727380119264126,0.06302443356253207,0.0772974583087489,3.6517727822065353,1.5653798840939999,2.94438249245286,8.577621690928936
1132544,0.052780268364585936,0.268786549102515,3.713852435350418,0.6872699372470379,0.08350112265907228,0.04517944320105016,3.7437442019581795,1.8805381208658218,2.874893767759204,4.08983501791954
1133568,0.044181830395245925,0.2899517226032913,3.7058222964406013,0.6934836413711309,0.09824670077068731,0.051625854161102325,3.6756225004792213,1.7189189083874226,2.522893935441971,3.3424475267529488
1134592,0.07148819603025913,0.352952828630805,3.6224277392029762,0.6444296557456255,0.15762610477395356,0.08416299370583147,3.725108228623867,1.5355611555278301,3.5896149314939976,7.895308651030064
1135616,0.06339947058586404,0.20686266850680113,3.6130436807870865,0.5742890611290932,0.07534408860374242,0.06266310007777065,3.624964863061905,1.3769239895045757,2.5369339790195227,5.695880888029933
1136640,0.037301864140317775,0.2246514167636633,3.7035756334662437,0.6718987207859755,0.03578192774148192,0.03496906574582681,3.868417367339134,1.827700436115265,2.4210435450077057,2.33127536252141
1137664,0.05229943245649338,0.3321163263171911,3.7326309382915497,0.6484262272715569,0.13000995793845505,0.061982045881450176,4.124683395028114,2.235923320055008,3.830307586118579,4.559203043580055
1138688,0.04096384905278683,0.3335678121075034,3.643576830625534,0.6177516225725412,0.023579761997098103,0.06283382466062903,3.8402046859264374,1.9500156044960022,3.084411660209298,3.689755044877529
1139712,0.05266932072117925,0.3052593399770558,3.654238648712635,0.6897796634584665,0.09658456148463301,0.05173847312107682,3.701686605811119,1.790199100971222,3.315798543393612,3.32748905941844
1140736,0.057425381150096655,0.20684954756870866,3.640868693590164,0.6817809697240591,0.11204773827921599,0.046778154908679426,3.841222696006298,1.6961659379303455,3.834764264523983,4.588973876088858
1141760,0.04449993015441578,0.2864059661515057,3.7663578912615776,0.7446185685694218,0.10161870147567242,0.05425795976771042,4.107649475336075,2.060865245759487,4.681679435074329,5.702489677816629
1142784,0.05182159037212841,0.3517132205888629,3.777817152440548,0.763407539576292,0.09441901335958391,0.06401958828791976,3.6670401617884636,1.5224095806479454,2.250289883464575,2.4735861979424953
1143808,0.035296416594064794,0.3187980563379824,3.759043976664543,0.6758776511996984,0.08341765010845847,0.0516131476033479,3.732851192355156,1.5699923150241375,4.185460813343525,4.77824280038476
1144832,0.05911660988931544,0.5010648388415575,3.5769283547997475,0.5683206059038639,0.1528513330849819,0.06970959564205259,3.80379755795002,1.4077964425086975,6.130788665264845,8.819886025041342
1145856,0.05968424354796298,0.44246276281774044,3.4599155262112617,0.493411379866302,0.11298066563904285,0.060176497558131814,3.832151308655739,1.4427226036787033,5.981967661529779,5.211078446358442
1146880,0.048085300688399,0.27257860731333494,3.551931269466877,0.5295601664111018,0.10077532811556011,0.0656836056150496,3.706346794962883,1.2951194196939468,5.570551838725805,5.8146656565368176
1147904,0.03568885533604771,0.14834963460452855,3.5847569331526756,0.5499416869133711,0.09233567252522334,0.034663427621126175,3.8805801048874855,1.5465684570372105,6.199060894548893,5.359166882932186
1148928,0.04948824516031891,0.23867462994530797,3.808822862803936,0.6741699576377869,0.05388591441442259,0.07002704008482397,3.4409542605280876,1.3721618168056011,3.2274480275809765,4.599053516983986
1149952,0.052511018730001524,0.17976606264710426,3.847906433045864,0.7326719854027033,0.08019044258981012,0.038047626498155296,3.781662739813328,2.0915291383862495,2.011906346306205,2.680264126509428
1150976,0.04144849249860272,0.3844767068512738,3.784029431641102,0.7563598118722439,0.116659130086191,0.08601192152127624,3.8675866797566414,2.0541234463453293,4.220794145017862,6.255517140030861
1152000,0.06078263558447361,0.33373716939240694,3.7201135456562042,0.6063643787056208,0.19028520374558866,0.07126874366076663,4.2984121814370155,2.2917151488363743,6.319530174136162,8.836973831057549
1153024,0.042759237287100405,0.3200858668424189,3.7862399965524673,0.6750286221504211,0.02632559376070276,0.06048800435382873,3.753895588219166,1.6579164862632751,4.215151138603687,3.3035645857453346
1154048,0.04201412870315835,0.43491630908101797,3.8692490309476852,0.7747698649764061,0.08476077156956308,0.087406987673603,3.926241859793663,1.8815161250531673,7.48126095533371,7.250502575188875
1155072,0.06952260580146685,0.3598355511203408,3.753013290464878,0.7376211974769831,0.11611247470136732,0.06276379665359855,3.871841676533222,1.8891844041645527,4.719162918627262,6.397559978067875
1156096,0.05101808863400947,0.2780795847065747,3.6160964369773865,0.571656646206975,0.07004031864926219,0.05162353737978265,3.8180135414004326,1.910778634250164,5.471817892044783,3.6643933169543743
1157120,0.04133247717982158,0.27971168514341116,3.756468214094639,0.6382099594920874,0.09804247654392384,0.052863447344861925,3.9864506274461746,1.8726490885019302,6.18675135448575,4.418208569288254
1158144,0.038409981985751074,0.19933238066732883,3.7015879154205322,0.6016564704477787,0.045391202467726544,0.0444966233917512,3.5567304715514183,1.479357298463583,3.439504526555538,4.319494783878326
1159168,0.05090283558820374,0.2660029730759561,3.7431768402457237,0.6624947004020214,0.06543849827721715,0.058115140185691416,3.677764132618904,1.4885783307254314,3.072095151990652,3.836549751460552
1160192,0.0347978524514474,0.12113257613964379,3.900391936302185,0.7328917104750872,0.02700583206024021,0.06739080836996436,4.124607168138027,2.5908914506435394,2.3672135937958956,6.355142425745726
1161216,0.05864841217407957,0.272357989102602,3.6848008558154106,0.593317624181509,0.19761612126603723,0.11601674742996693,4.24397973716259,2.697627030313015,4.919787643477321,12.793468810617924
1162240,0.04964614295749925,0.1825504945591092,3.838127188384533,0.7216145861893892,0.14811825193464756,0.0789373138686642,4.081130743026733,2.4821889400482178,3.6192445680499077,12.791456863284111
1163264,0.03136063463171013,0.18497733841650188,3.9543201252818108,0.8550938051193953,0.14973048254614696,0.049318081175442785,4.348864808678627,2.6468826606869698,2.9353465512394905,5.702338993549347
1164288,0.06572206207783893,0.23600812163203955,3.835994467139244,0.7969469744712114,0.0812657875358127,0.08273138909135014,3.7353413179516792,1.5291107632219791,2.5317177958786488,5.322378389537334
1165312,0.035624840296804905,0.23828194616362453,3.7905682623386383,0.7745814714580774,0.07190737052587792,0.047024381638038903,3.684655137360096,1.5431159287691116,3.0907722637057304,3.9234395138919353
1166336,0.04745631020341534,0.3001087266020477,3.687894955277443,0.7205041013658047,0.04631390213035047,0.042978798504918814,3.7830206900835037,1.8002009689807892,2.7928479313850403,2.537601325660944
1167360,0.05056765311746858,0.3434833399951458,3.79082278162241,0.7526927702128887,0.12407914601499215,0.05648519808892161,4.148643814027309,2.274851009249687,3.545230608433485,3.330026537179947
1168384,0.05439947712875437,0.3398190326988697,3.805666796863079,0.6895811427384615,0.12632198975188658,0.0879937595454976,3.9321182146668434,1.8658475615084171,3.1974015682935715,4.654537878930569
1169408,0.04251464735716581,0.2523023225367069,3.7340274080634117,0.6488964427262545,0.16320592327974737,0.053829077747650445,3.9883659705519676,1.7215834148228168,3.50387716665864,8.98189140856266
1170432,0.08335667755454779,0.34021288761869073,3.8767017871141434,0.8243677597492933,0.1642086817882955,0.06050518888514489,3.802297629415989,1.38963508233428,4.3040691167116165,9.616668250411749
1171456,0.04564623668557033,0.30823920015245676,3.8125805109739304,0.7037383876740932,0.059426262974739075,0.05270389001816511,3.7956859841942787,1.6282725632190704,3.1785327456891537,2.565023198723793
1172480,0.0475292406626977,0.33870711643248796,3.6612694784998894,0.5933589171618223,0.05367703194497153,0.06621034536510706,3.7050641924142838,1.7347341366112232,4.317236445844173,3.7236240915954113
1173504,0.059622449276503175,0.41983098164200783,3.675352342426777,0.5819191839545965,0.06188673805445433,0.046682486892677844,3.9739078655838966,1.9629511274397373,4.216505877673626,4.431436058133841
1174528,0.039898740797070786,0.07980289135593921,3.7095071151852608,0.559699977748096,0.04045936313923448,0.020600069168722257,4.023876406252384,2.4317193664610386,2.3683390505611897,4.023498676717281
1175552,0.051237524865427986,0.19395544985309243,3.8116683959960938,0.6898612752556801,0.06542211445048451,0.04407205164898187,3.9347084760665894,2.436789620667696,4.2260825373232365,3.2418941631913185
1176576,0.04636358501738869,0.21126294881105423,3.840478926897049,0.6841668635606766,0.16023270273581147,0.07249510555993766,4.105553925037384,2.2373821549117565,4.805278122425079,5.9897470921278
1177600,0.051910873560700566,0.20623706933110952,3.807477131485939,0.6570161022245884,0.1770608276128769,0.12818368640728295,4.123867392539978,1.9561340361833572,3.924814075231552,8.10107184946537
1178624,0.054246959334705025,0.3419825341552496,3.716271474957466,0.6458831336349249,0.09732877742499113,0.07122048363089561,3.631620854139328,1.3448356240987778,3.734948370605707,3.390757456421852
1179648,0.05546454185969196,0.21933937584981322,3.855684943497181,0.7644311022013426,0.0683294247428421,0.056442331173457205,3.9784658178687096,1.9634047485888004,2.0487473513931036,2.702892754226923
1180672,0.048944449503323995,0.26039486611261964,3.864651493728161,0.7311693094670773,0.01128923482610844,0.048582252813503146,3.4759754091501236,1.6852556802332401,2.1620926186442375,3.1921561658382416
1181696,0.052069593424675986,0.2258519334718585,3.72404120862484,0.5862860530614853,0.09958870708942413,0.04486780270235613,3.8163881972432137,2.0380289368331432,2.5471885967999697,3.118408039212227
1182720,0.035081365203950554,0.27003458933904767,3.7968093901872635,0.668044226244092,0.02924609713954851,0.06465804716572165,3.5534355714917183,1.54512357711792,3.2026450894773006,4.339344028383493
1183744,0.05802581735770218,0.38077883515506983,3.60912411659956,0.545636267401278,0.1473962515592575,0.05977143021300435,3.9578665643930435,1.8752412386238575,5.087440522387624,4.19635646417737
1184768,0.030427183548454195,0.25003892090171576,3.4396956264972687,0.4380806554108858,0.12003318569622934,0.03628105920506641,3.8505319356918335,1.6103892400860786,3.893998883664608,4.9513754323124886
1185792,0.0628126353258267,0.27353347185999155,3.8098221495747566,0.6706677507609129,0.15384058328345418,0.038247928430791944,3.9092370122671127,1.7799602635204792,3.371767170727253,5.521668903529644
1186816,0.03598845057422295,0.21744164358824492,3.741282820701599,0.7018113303929567,0.038861606968566775,0.06373849615920335,3.6341889202594757,1.501426201313734,3.160962585359812,2.8396661691367626
1187840,0.04486969666322693,0.19436158053576946,3.66635512560606,0.5861718468368053,0.15059750876389444,0.09930447838269174,3.7098614647984505,1.6309513226151466,3.751970164477825,7.152406271547079
1188864,0.04876851610606536,0.2729395250789821,3.8345481008291245,0.7738469820469618,0.03722899395506829,0.05767978564836085,3.7977970242500305,1.7015279158949852,2.6055251993238926,3.8427180033177137
1189888,0.04394766758196056,0.3795563271269202,3.5029172599315643,0.5601366367191076,0.1568359174998477,0.09648984554223716,3.8464530408382416,2.0812075696885586,3.046648733317852,5.7396760284900665
1190912,0.02276360400719568,0.337953794747591,3.895369105041027,0.8506119512021542,0.033908208686625585,0.04960460017900914,3.474722132086754,1.5459144823253155,2.963585000485182,3.5279693603515625
1191936,0.06391154055017978,0.22557524545118213,3.6438533440232277,0.6630205661058426,0.042051190161146224,0.0434729500557296,3.81451453268528,2.0332797914743423,3.2859773971140385,2.738383874297142
1192960,0.037288567662471905,0.2358119604177773,3.6121737137436867,0.6530937943607569,0.11832182120997459,0.0779624895658344,3.774889215826988,1.9583975113928318,3.3232990503311157,6.232470277696848
1193984,0.06526650150772184,0.3217065348289907,3.5478468537330627,0.6070883478969336,0.11389849201077595,0.06359820207580924,3.7787635028362274,1.8695431128144264,4.567022701725364,4.128478780388832
1195008,0.027616235296591185,0.250956195872277,3.9246866032481194,0.9974036458879709,0.06335576967103407,0.04981711582513526,3.6890151873230934,2.0336894802749157,1.773199388757348,1.6599800288677216
1196032,0.051436270674457774,0.35123896412551403,3.7388132140040398,0.7857288494706154,0.08675765595398843,0.08459580049384385,3.648839347064495,1.5196457505226135,2.231873642653227,3.798557121306658
1197056,0.0534519085631473,0.22358248801901937,3.8212586268782616,0.8162401476874948,0.03510677517624572,0.06984483462292701,4.160297550261021,2.694882810115814,1.7546508554369211,3.037222806364298
1198080,0.06323708780109882,0.31645570090040565,3.7779870703816414,0.7660721763968468,0.11064845032524318,0.04772587516345084,4.054263576865196,2.347738564014435,1.8128216303884983,2.1477088630199432
1199104,0.04304713821329642,0.2925310069695115,3.5388709381222725,0.500887312926352,0.15691418189089745,0.03028280206490308,4.169804371893406,2.4268484823405743,2.92160801962018,3.1902390010654926
1200128,0.05308248751680367,0.2734393756836653,3.514041967689991,0.4689331231638789,0.16721779946237803,0.03415785636752844,3.9518020674586296,1.7662587985396385,5.746151834726334,4.963241100311279
1201152,0.04187281022313982,0.3747535217553377,3.5310837775468826,0.49735361430794,0.07938918957370333,0.05029813229339197,3.875552326440811,1.4238834418356419,5.335659693926573,3.9857155717909336
1202176,0.04550503130303696,0.2566630416549742,3.560224510729313,0.5260928561910987,0.049744737189030275,0.05052977713057771,3.53318303078413,1.3564204312860966,2.9183514937758446,3.359657011926174
1203200,0.03161226265365258,0.17021526233293116,3.6637958213686943,0.6137621495872736,0.09688034828286618,0.032878294005058706,3.703246086835861,1.5786727033555508,3.6953302565962076,3.3473939578980207
1204224,0.04451713425805792,0.2625803956761956,3.727804943919182,0.6746673602610826,0.14487013476900756,0.07400529272854328,3.427692398428917,1.1085857413709164,2.319238131865859,5.348320607095957
1205248,0.04250218061497435,0.26811454724520445,3.7921171709895134,0.7128141764551401,0.04852503855363466,0.054008697043173015,3.413642980158329,1.2370580509305,2.3881416991353035,4.444472294300795
1206272,0.06485399982193485,0.3129166425205767,3.9373333156108856,0.837082963436842,0.039385622047120705,0.07692380715161562,3.8998186364769936,1.954230684787035,2.4085555262863636,3.1811487209051847
1207296,0.044320046523353085,0.21257718140259385,3.876653678715229,0.7129543386399746,0.13222501921700314,0.06717099458910525,3.9206042662262917,2.13763976842165,3.2075189389288425,4.796126294881105
1208320,0.04634450050070882,0.22563405008986592,3.667474240064621,0.6167605109512806,0.08893490373156965,0.052943390677683055,3.903603106737137,2.2068525590002537,3.0590417236089706,3.2224829643964767
1209344,0.061086771747795865,0.20309531036764383,3.8797373920679092,0.7597949430346489,0.04335479997098446,0.050837355956900865,3.8924309611320496,1.9586871899664402,2.123594803735614,2.932826057076454
1210368,0.05331489446689375,0.34737597685307264,3.852251172065735,0.8415990211069584,0.03924985619960353,0.09496754209976643,3.8660676553845406,1.6192571744322777,5.465512041002512,4.0848109275102615
1211392,0.08595861674984917,0.28002122277393937,3.8315243422985077,0.9066466316580772,0.13232429418712854,0.060114358784630895,4.074982225894928,1.9555987790226936,4.07327963784337,4.682478658854961
1212416,0.04701640733401291,0.14713594713248312,3.761144556105137,0.6565464921295643,0.11415491576190107,0.04889798251679167,3.6651359647512436,1.6567328721284866,2.3894517831504345,5.93432979285717
1213440,0.07209782459540293,0.23263889690861106,3.8059163317084312,0.7487248796969652,0.10083313030190766,0.05070258380146697,4.15987253934145,2.3677446842193604,2.4460202492773533,2.8394444044679403
1214464,0.056139722670195624,0.19392070779576898,3.992579847574234,0.8869097642600536,0.09201013128040358,0.03830055863363668,3.9386540204286575,2.1627055257558823,1.9705822709947824,2.2120723575353622
1215488,0.059597214101813734,0.2053918675519526,3.645511955022812,0.6105906460434198,0.12615512765478343,0.03941369615495205,3.739425130188465,1.9729000888764858,3.8450150825083256,4.088376436382532
1216512,0.06249785714317113,0.3088809475302696,3.70672670006752,0.7171068154275417,0.09307388687739149,0.05439056328032166,3.3599764183163643,1.2967019714415073,4.004444066435099,4.231406237930059
1217536,0.04254790421691723,0.19521690206602216,3.9033986032009125,0.8437954299151897,0.030700792965944856,0.03444118099287152,3.866951160132885,1.6221151389181614,2.283238038420677,2.2930184584110975
1218560,0.06936178059550002,0.2826661323197186,3.75018622726202,0.7485980540513992,0.07092655650922097,0.0631980667822063,3.3509262278676033,1.3525863587856293,3.944337461143732,2.6043307669460773
1219584,0.04862713231705129,0.21081503527238965,3.5104600861668587,0.5579959526658058,0.13631667935987934,0.04909512697486207,3.5174829065799713,1.383039753884077,4.577764008194208,4.8154232278466225
1220608,0.01835905309417285,0.22766782948747277,3.9528699293732643,0.8308426383882761,0.040001818182645366,0.08383969566784799,4.005366072058678,1.9699135832488537,2.7905573025345802,3.9705392085015774
1221632,0.06776052224449813,0.3380952375009656,3.8454661518335342,0.7638599090278149,0.09756978339282796,0.07771089999005198,3.650346487760544,1.5935020931065083,3.4840835221111774,5.0409423597157
1222656,0.051615229313028976,0.22883652243763208,3.811805009841919,0.7708955109119415,0.06872457757708617,0.0793205009540543,3.8662012964487076,1.7039073295891285,2.746143516153097,3.7314141392707825
1223680,0.06350522307911888,0.3429612801410258,3.8083876967430115,0.7298455946147442,0.07343891859636642,0.06776472565252334,3.79594437032938,2.0088043324649334,3.804723396897316,2.7370184883475304
1224704,0.06310300853510853,0.5554637219756842,3.6661837846040726,0.6177970468997955,0.16293098009191453,0.10192171297967434,3.7543337047100067,1.721229575574398,10.076874796301126,8.23330819606781
1225728,0.04577638502814807,0.41491271182894707,3.6488784849643707,0.5637436006218195,0.07353937852894887,0.06181229464709759,3.305378697812557,1.440411714836955,4.813431311398745,3.5246850214898586
1226752,0.03771604271605611,0.20516194263473153,3.769328400492668,0.6664465833455324,0.16645357420202345,0.11295454762876034,3.873554766178131,2.032820198684931,2.620272073894739,6.81220867484808
1227776,0.045885796316724736,0.2635628734715283,3.9623228535056114,0.7830508761107922,0.08626515587093309,0.05680418584961444,3.7088876590132713,1.7991736307740211,3.2486454471945763,5.206804987043142
1228800,0.05101980228209868,0.2977531626820564,3.5674318000674248,0.5595767749473453,0.0929774094838649,0.039675935404375196,4.052690885961056,2.0027207881212234,4.32102482765913,3.8085197024047375
1229824,0.03744537786405999,0.26663920376449823,3.792982816696167,0.7491768971085548,0.05669519634102471,0.04875585198169574,3.6210772544145584,1.3399695176631212,3.4406404085457325,5.7341031320393085
1230848,0.047998571302741766,0.3454895825125277,3.4946364909410477,0.5729690063744783,0.11972971516661346,0.07698839053045958,3.56235221773386,1.3002061266452074,5.68757526949048,11.162711333483458
1231872,0.027161593519849703,0.2874487484805286,3.652510240674019,0.6974035110324621,0.027213910914724693,0.08541088842321187,3.5325148329138756,1.5405631605535746,4.138459298759699,4.192765269428492
1232896,0.07935702835675329,0.271930652204901,3.904839612543583,0.9429509844630957,0.1353762882645242,0.08840467757545412,3.982440695166588,2.002413034439087,4.163922935724258,7.721551783382893
1233920,0.08504868618911132,0.3571634804829955,3.743879720568657,0.6110373772680759,0.1610313910059631,0.10965352179482579,4.125504352152348,2.1774169616401196,8.625965796411037,9.174949802458286
1234944,0.04378157702740282,0.18298552464693785,3.8682612404227257,0.7599692139774561,0.06533753301482648,0.06417701963800937,4.008292071521282,2.275932300835848,2.5126658268272877,5.828603323549032
1235968,0.0430859339539893,0.35809114947915077,3.862364239990711,0.7793858386576176,0.05759945051977411,0.09123253519646823,3.736491210758686,1.723227672278881,2.8295641988515854,2.652924060821533
1236992,0.04546424702857621,0.18940234184265137,3.614547975361347,0.5726352334022522,0.10163580015068874,0.03740736295003444,4.24027793109417,2.2244828566908836,4.410482946783304,2.530433639883995
1238016,0.04148180418997072,0.17142339562997222,4.017002888023853,0.882057424634695,0.07851007039425895,0.049700169067364186,3.98495864123106,1.9499958641827106,1.9667607173323631,4.517904669046402
1239040,0.05978180292004254,0.2301811669021845,3.718157283961773,0.7282594479620457,0.06621169360005297,0.04934972507180646,4.003777198493481,1.7652099765837193,4.696997854858637,3.2741353139281273
1240064,0.04940677687409334,0.23426221776753664,3.807517632842064,0.8187966495752335,0.04710441306815483,0.05031216226052493,3.750722847878933,1.7455355487763882,2.3413209095597267,2.5271867997944355
1241088,0.046567907091230154,0.3041736017912626,3.7414144054055214,0.7508697733283043,0.10709317756118253,0.06679936067666858,3.7611693292856216,1.859864316880703,3.0312587209045887,4.954044349491596
1242112,0.05492356439935975,0.2525232885964215,3.839881606400013,0.7851383090019226,0.06300803614431061,0.07824306306429207,3.528506025671959,1.581637941300869,2.9849868081510067,4.102285236120224
1243136,0.04334915184881538,0.2631025123409927,3.8044296950101852,0.7600220665335655,0.10502967279171571,0.07263219833839685,3.9111126735806465,1.7903443165123463,2.547881633043289,3.7697069942951202
1244160,0.06387176550924778,0.2349828239530325,3.6931262165308,0.7287340480834246,0.15685570146888494,0.03940595325548202,3.8778044059872627,1.7421375140547752,2.5980571545660496,2.859680939465761
1245184,0.04145709141448606,0.3217545128427446,3.672929249703884,0.6687129940837622,0.12386145541677251,0.053847144823521376,3.995990566909313,1.6066898107528687,4.22250697016716,5.224851433187723
1246208,0.04465752118267119,0.2844068235717714,3.667407177388668,0.6347211971879005,0.09116553270723671,0.04464056302094832,3.6320538744330406,1.306556299328804,4.039201084524393,5.398736007511616
1247232,0.039454748504795134,0.2729504918679595,3.944917805492878,0.8259367868304253,0.007257179793668911,0.05056993360631168,3.812496118247509,1.8304642215371132,2.8937396220862865,3.982981853187084
1248256,0.05935805226908997,0.2658155099488795,3.9029619097709656,0.8454581294208765,0.11261484457645565,0.05066813004668802,3.879065401852131,1.77088338509202,1.9132868945598602,2.3114772364497185
1249280,0.059627209615428,0.3982545998878777,3.8407552763819695,0.9089171607047319,0.13633175112772733,0.07100559771060944,3.6773189157247543,1.3783294670283794,2.8249899111688137,3.617602575570345
1250304,0.04884067561943084,0.7230197004973888,3.5051745921373367,0.5464128069579601,0.10292292173835449,0.05587183334864676,3.8464353308081627,1.411335788667202,6.817854907363653,5.790429525077343
1251328,0.04302595029002987,0.24574477784335613,3.4102806821465492,0.4490865832194686,0.0596885678532999,0.05539919261354953,3.7663671374320984,1.5191538259387016,3.1080845668911934,5.622012939304113
1252352,0.040157623574486934,0.3004537532106042,3.455292209982872,0.4222802706062794,0.1956145411822945,0.05427585483994335,4.104740582406521,1.6657368019223213,7.264187570661306,4.498214401304722
1253376,0.06154251954285428,0.29334845626726747,3.6511622071266174,0.6557077802717686,0.06810817366931587,0.07836811931338161,3.385925769805908,0.9570080824196339,3.28614155203104,3.679221112281084
1254400,0.027168730972334743,0.23751446045935154,3.8012383952736855,0.6560208201408386,0.0856766511569731,0.047575275821145624,3.785212554037571,1.459318645298481,1.8246821034699678,2.751120066270232
1255424,0.057675655218190514,0.2922498108819127,3.7706232517957687,0.7231001406908035,0.10184792889049277,0.06975837692152709,3.794529065489769,1.5974050052464008,4.057818595319986,2.9578259103000164
1256448,0.04404061959940009,0.24616783391684294,3.850977383553982,0.8578381761908531,0.06817588617559522,0.04781227448256686,3.81494602560997,1.6068311482667923,2.7052643075585365,4.158442130312324
1257472,0.031743167841341347,0.23190062306821346,3.8243615925312042,0.7825473360717297,0.022254190713283606,0.03841703734360635,3.755170300602913,1.9382139332592487,3.7127342484891415,3.3765637911856174
1258496,0.05220904489397071,0.2055633468553424,3.7516911774873734,0.7747523263096809,0.031136909397901036,0.0370418059756048,3.806046336889267,2.0788579620420933,4.480010494589806,3.241806587204337
1259520,0.04236151833902113,0.1948468778282404,3.949932314455509,0.8523213360458612,0.03999619043315761,0.04557807045057416,3.790060415863991,2.1222351007163525,2.540300663560629,2.6552100777626038
1260544,0.044642007604124956,0.296080578584224,3.780459612607956,1.0631703697144985,0.020248648623237386,0.08683193195611238,3.79251030087471,2.3096582889556885,3.7619532831013203,4.422471832484007
1261568,0.056956505781272426,0.4029197571799159,3.8973711133003235,0.8930909093469381,0.07524097769055516,0.09657369973137975,3.78644972294569,2.1100061386823654,3.106875751167536,4.094685561954975
1262592,0.09357504139188677,0.4346446944400668,3.7850397154688835,0.8350248597562313,0.12090087530668825,0.11016525840386748,3.838300622999668,2.167162697762251,5.524150248616934,6.087516397237778
1263616,0.03790228709112853,0.31481985095888376,3.7447207272052765,0.6439977139234543,0.1731669744476676,0.08887617976870388,3.9231574088335037,2.3616367541253567,3.842040278017521,10.542852468788624
1264640,0.03494854146265425,0.17078540683723986,3.710082806646824,0.6273410134017467,0.16472258581779897,0.13156593427993357,4.05664798617363,2.0368537455797195,3.2073962800204754,11.091487683355808
1265664,0.0554495079559274,0.37591895274817944,3.629239149391651,0.6419629193842411,0.1880591493099928,0.10130447277333587,4.009737528860569,1.9168101251125336,9.28348096087575,8.682675670832396
1266688,0.044157155891298316,0.3150362214073539,3.7306299209594727,0.7253386359661818,0.0573881073796656,0.0783137088874355,3.5847290828824043,1.352403350174427,5.265044763684273,6.091431844979525
1267712,0.039433927260688506,0.2804491715505719,3.8678367286920547,0.7235710900276899,0.10691833007149398,0.048833896522410214,3.832122318446636,1.548031385987997,4.221448674798012,5.624099209904671
1268736,0.06690933956997469,0.20130192628130317,3.966528795659542,0.8980251792818308,0.07544610559125431,0.04023827787023038,3.79579546302557,1.7657714113593102,2.716013565659523,3.308644637465477
1269760,0.04690266905527096,0.21167702367529273,3.8012292236089706,0.7115449011325836,0.10744866321329027,0.0589483812218532,3.8797977343201637,1.7640019170939922,1.9350609667599201,5.308859396725893
1270784,0.054216838732827455,0.22892300598323345,3.6069067046046257,0.5658306311815977,0.12190418713726103,0.08975742943584919,4.035805933177471,2.4293470047414303,3.1673436127603054,9.28700988739729
1271808,0.06218414465547539,0.27964086830616,3.6724264845252037,0.5873308349400759,0.14228868077043444,0.04467184218810871,4.328297927975655,2.386544931679964,6.716606080532074,5.0355773866176605
1272832,0.044098293321439996,0.3345452444627881,3.437014766037464,0.46287134010344744,0.238820216152817,0.05722228088416159,4.08946467936039,1.8140155412256718,10.327714644372463,11.419327728450298
1273856,0.04670965945115313,0.1774306963197887,3.6367432177066803,0.5804328192025423,0.1584740779362619,0.04069495148723945,4.099795944988728,1.8082841858267784,2.8571159318089485,3.3550354912877083
1274880,0.07721531152492389,0.1670267751906067,3.6968080922961235,0.7092367876321077,0.17520168144255877,0.07371814304497093,3.900997534394264,1.6187969110906124,4.259155655279756,7.0001215897500515
1275904,0.06028538307873532,0.16565560339950025,3.6625815108418465,0.718314953148365,0.11287275596987456,0.06579309236258268,3.767433002591133,1.2436240464448929,2.190511081367731,4.948141075670719
1276928,0.02601347357267514,0.18178549129515886,3.8045783787965775,0.7341918405145407,0.07884943622048013,0.051411069580353796,3.994657449424267,1.6864356584846973,2.137948341667652,3.7723563984036446
1277952,0.06610242323949933,0.2504055476747453,3.682159438729286,0.6868145167827606,0.1095193566288799,0.052372474572621286,3.646280951797962,1.4096858315169811,3.506264241412282,3.4611564222723246
1278976,0.053499541245400906,0.2902611745521426,3.692507714033127,0.6258207410573959,0.06389335624407977,0.05153839418198913,3.6960448399186134,1.381042879074812,5.647486347705126,4.868107706308365
1280000,0.05919456496485509,0.29177290573716164,3.8584197014570236,0.7648637127131224,0.05005927196179982,0.04834410100011155,3.7460128888487816,1.5496400594711304,3.423168580979109,2.7477647960186005
1281024,0.04337419965304434,0.22161393892019987,3.7135956585407257,0.6561101172119379,0.036840908986050636,0.060953323962166905,3.5143336430191994,1.6456580385565758,2.3706763200461864,3.2824787572026253
1282048,0.04318258119747043,0.30633051693439484,3.7309414967894554,0.6564597021788359,0.029360581771470606,0.05829630291555077,3.800118014216423,1.852624550461769,4.367238011211157,2.345808655023575
1283072,0.058770193776581436,0.2994236033409834,3.814543202519417,0.7525057438760996,0.07357783173210919,0.0572196472203359,3.699836976826191,2.0842707566916943,2.4831318333745003,2.136845376342535
1284096,0.0475339181284653,0.46227682940661907,3.5640638694167137,0.5245209895074368,0.13796037615975365,0.07941603369545192,4.026487872004509,2.6008030101656914,6.2910773158073425,5.221094653010368
1285120,0.050940777553478256,0.2810090556740761,3.7034181505441666,0.6676324512809515,0.09737939579645172,0.048785654129460454,3.8801532462239265,1.7979841269552708,3.893854834139347,4.307260040193796
1286144,0.06103871442610398,0.45712834503501654,3.90915559977293,0.8006799519062042,0.027228209364693612,0.06095293862745166,3.7389381527900696,1.946439005434513,5.1940494403243065,2.8405756130814552
1287168,0.06294252700172365,0.22690258314833045,3.6196622252464294,0.5720609584823251,0.19478735839948058,0.036447509890422225,4.180493034422398,2.399840585887432,3.123971626162529,3.6701251566410065
1288192,0.05304748678463511,0.2584221474826336,3.825459733605385,0.6885181311517954,0.13237209059298038,0.04577055393019691,3.9793556854128838,1.7612579055130482,2.5481476709246635,4.245978105813265
1289216,0.04326884032343514,0.19435190176591277,3.671998456120491,0.6142629096284509,0.0528734476538375,0.041493653785437346,4.1400221064686775,2.0559813790023327,3.3456886168569326,3.2721018996089697
1290240,0.03546883990929928,0.20703109493479133,3.918400026857853,0.8031297586858273,0.11145487159956247,0.04623549280222505,3.8473483845591545,1.793566670268774,2.3127103839069605,4.687987452372909
1291264,0.0667407626460772,0.3267647600732744,3.9212523251771927,0.8638515453785658,0.11492785660084337,0.06871316640172154,3.806546129286289,1.526461098343134,3.4390119463205338,2.9007076546549797
1292288,0.050902401737403125,0.27403506077826023,3.992634564638138,0.9105752445757389,0.08439145737793297,0.06118390802294016,3.7057807371020317,1.4778856188058853,3.9650651775300503,8.166762493550777
1293312,0.04461305809672922,0.22885165456682444,3.759141318500042,0.7158916480839252,0.12582766800187528,0.0521151750581339,4.1119488552212715,1.9393500722944736,2.47374365106225,4.52438298240304
1294336,0.053547276998870075,0.24278971320018172,3.8332798331975937,0.7477922886610031,0.09792345849564299,0.07391702546738088,4.067147918045521,1.806788858026266,3.9058384001255035,6.875369971618056
1295360,0.0459819282987155,0.22400664631277323,3.8482691422104836,0.8099238555878401,0.04604208844830282,0.13100588228553534,4.134481377899647,1.954061433672905,5.177622005343437,4.795470617711544
1296384,0.04667513907770626,0.23412995599210262,3.7186567783355713,0.659333024173975,0.18946001608856022,0.12351028388366103,4.05055832862854,1.8428629823029041,3.4458037428557873,13.682149611413479
1297408,0.03625632560579106,0.3707439433783293,3.5231363996863365,0.5291056698188186,0.13043893303256482,0.07638321141712368,4.072623118758202,1.7985604293644428,6.005736313760281,7.960451498627663
1298432,0.05660183576401323,0.2654174002818763,3.6886413618922234,0.6748802755028009,0.0825833132257685,0.07708990119863302,3.8939903378486633,1.6254326365888119,3.8252990506589413,11.381029635667801
1299456,0.06102712749270722,0.33456283807754517,3.743707053363323,0.7077990118414164,0.09346261492464691,0.07203459984157234,3.7135588452219963,1.3768815733492374,5.585428666323423,5.994925435632467
1300480,0.05068373729591258,0.21822895528748631,3.611943654716015,0.5508270030841231,0.0773789924569428,0.04217676108237356,4.050435401499271,1.6947619542479515,5.050066106021404,3.1086480021476746
1301504,0.0442939689673949,0.20481315907090902,3.6835719123482704,0.542784184217453,0.06635521716088988,0.04093805680167861,3.957772918045521,1.8262980952858925,3.184951575472951,3.553786836564541
1302528,0.03107472727424465,0.2960758567787707,3.58938916772604,0.6287418995052576,0.024329465843038633,0.0856237233383581,3.8998177349567413,1.930756576359272,5.26924492418766,4.96965167671442
1303552,0.04799026777618565,0.16910231369547546,3.8040177822113037,0.7363991439342499,0.11278467392548919,0.03577465721173212,3.887234218418598,1.6307784207165241,1.9064311981201172,3.4647429641336203
1304576,0.049366571503924206,0.17893950990401208,3.658404119312763,0.7676882892847061,0.10440807219129056,0.04575998772634193,3.9658448919653893,1.824058897793293,3.8552901335060596,3.623852960765362
1305600,0.04526508887647651,0.3278725971467793,3.800475299358368,0.777034280821681,0.0765469023026526,0.07829481770750135,3.7218656167387962,1.5793020576238632,3.8793744035065174,4.123704399913549
1306624,0.05408231995534152,0.13229638221673667,3.973362125456333,0.912845928221941,0.1719628486316651,0.05447201489005238,4.00957091152668,1.726487722247839,1.9383472576737404,5.16322473809123
1307648,0.05679395131301135,0.449053849093616,3.5399147644639015,0.61220339871943,0.08446944892057218,0.08164998341817409,3.309256799519062,1.0569194909185171,4.638882372528315,6.845249213278294
1308672,0.04523659659025725,0.17260224604979157,3.852864660322666,0.7460486814379692,0.04033255047397688,0.02546003513270989,3.656400978565216,1.3866446316242218,2.5662631150335073,3.7111431881785393
1309696,0.061776708404067904,0.39633102249354124,3.810961000621319,0.6810589954257011,0.13291462766937912,0.051303371554240584,3.737570285797119,1.6216960735619068,3.8583794571459293,3.9138640630990267
1310720,0.03566818009130657,0.26644745375961065,3.717023566365242,0.6939833872020245,0.03128981782356277,0.07732823549304157,3.720300294458866,1.7359278686344624,2.8353720009326935,3.7897107116878033
1311744,0.055685117811663076,0.5367821184918284,3.507259115576744,0.5591527130454779,0.14112682198174298,0.10498357913456857,4.046209938824177,2.083600241690874,6.170325994491577,10.305717505514622
1312768,0.05864976409066003,0.4473052015528083,3.639548569917679,0.5847406666725874,0.26067672530189157,0.08141245599836111,4.089573614299297,1.9836642891168594,7.326611720025539,16.70743588358164
1313792,0.05459664575755596,0.18887745402753353,3.907137930393219,0.8569675590842962,0.03812086634570733,0.0373723057564348,3.8500756472349167,1.6404042392969131,4.192749086767435,3.9397858269512653
1314816,0.052871847539790906,0.24778978247195482,3.6254501342773438,0.6089865937829018,0.19383319420740008,0.06217294029192999,3.718454383313656,1.5312182903289795,5.667690072208643,9.538445051759481
1315840,0.038738286319130566,0.18574684066697955,3.7297212406992912,0.7017408395186067,0.10578608105424792,0.03428017481928691,3.505740135908127,1.2950481548905373,2.2781333345919847,5.287526858970523
1316864,0.048708400019677356,0.23948138719424605,3.7633712887763977,0.7835640702396631,0.1265366126317531,0.03544444980798289,3.8753544092178345,1.4566195793449879,3.213834073394537,2.418914595618844
1317888,0.04075557908799965,0.21650861157104373,3.984081134200096,0.8877881467342377,0.07454866805346683,0.053784986143000424,3.824326753616333,1.3740816004574299,2.227100394666195,2.8200905937701464
1318912,0.058629145787563175,0.1711626930627972,4.061950623989105,0.9353747647255659,0.08173661056207493,0.07492755528073758,4.134660467505455,2.4698562547564507,1.566615268588066,4.1849235612899065
1319936,0.07486046163830906,0.3159435195848346,3.854336179792881,0.7663506828248501,0.07825369015336037,0.06811659911181778,4.031148537993431,1.9490036517381668,3.603941597044468,3.3975773863494396
1320960,0.07153001142432913,0.2304979283362627,3.8212691098451614,0.7706318572163582,0.09352879278594628,0.05383008444914594,4.009116038680077,1.7720918953418732,3.005340024828911,2.52463586255908
1321984,0.05738752620527521,0.32222492154687643,3.821064680814743,0.7335462030023336,0.09920130693353713,0.06898029684089124,3.755796827375889,1.6245406530797482,2.865823160856962,3.7254264019429684
1323008,0.06489874690305442,0.3004468809813261,3.7195637598633766,0.6896952241659164,0.06687367145786993,0.045770534372422844,3.796527273952961,1.7507565394043922,3.1428582072257996,3.2313160337507725
1324032,0.036992337176343426,0.24443180859088898,3.8034239038825035,0.6740195453166962,0.05465421738335863,0.04926597391022369,3.697251535952091,1.5848711654543877,2.8552794940769672,3.6161730904132128
1325056,0.05071294208755717,0.28768408577889204,3.8163790479302406,0.7031349502503872,0.07513716127141379,0.0513192709768191,3.6950344890356064,1.624969445168972,2.9611540623009205,2.854349583387375
1326080,0.04472779470961541,0.2345368918031454,3.6164043098688126,0.5728871412575245,0.13043387787183747,0.04740557266632095,3.824091099202633,1.7366167604923248,3.1357302498072386,4.068859178572893
1327104,0.033958287560380995,0.2292779660783708,3.776931904256344,0.6324319299310446,0.0586271927022608,0.05450820131227374,3.8765955790877342,1.7764597944915295,2.678171593695879,3.9822926707565784
1328128,0.05189589221845381,0.25445595337077975,3.809014603495598,0.7234949450939894,0.1722155672032386,0.062205861671827734,4.096139915287495,1.9335151314735413,2.9589041098952293,3.5424044989049435
1329152,0.03743779470096342,0.1703025153838098,3.7499738559126854,0.7284622397273779,0.08926278937724419,0.0600151316029951,3.8294816985726357,1.6061229780316353,2.2990542631596327,6.453113865107298
1330176,0.05321806913707405,0.22826080303639174,3.7228988483548164,0.7409390769898891,0.07204479948268272,0.04745101369917393,3.7100173979997635,1.4943019337952137,2.016481965780258,3.678350552916527
1331200,0.041813609102973714,0.27836423460394144,3.7311705946922302,0.7170202359557152,0.061670434748521075,0.07005759363528341,4.065366707742214,1.8408594727516174,3.5696161426603794,4.673820931464434
1332224,0.05868806467333343,0.2611805684864521,3.704413741827011,0.7920436710119247,0.054035830311477184,0.08046431129332632,3.744846396148205,1.6604421064257622,1.972872618585825,4.009521558880806
1333248,0.05273496443987824,0.31316173542290926,3.5849296748638153,0.5679558012634516,0.12888479413231835,0.12070333631709218,4.1524477154016495,2.3319856449961662,3.6229606084525585,8.634831205010414
1334272,0.03927001342526637,0.19327920908108354,3.5975450724363327,0.5145452590659261,0.17981618805788457,0.03242803004104644,4.221958093345165,2.1946553997695446,2.6514276321977377,4.3048602640628815
1335296,0.042749552929308265,0.47822954412549734,3.5936732068657875,0.5188947767019272,0.10386145953088999,0.05825316999107599,3.557312533259392,1.2016079723834991,4.232865288853645,4.145657442510128
1336320,0.05810568782908376,0.27903184155002236,3.4406989589333534,0.580906679853797,0.0487407423206605,0.05163993430323899,3.527031920850277,1.1881748959422112,3.5068979505449533,6.19731792807579
1337344,0.05869190281373449,0.25953265838325024,3.697107158601284,0.7333809258416295,0.08183459119754843,0.06326810538303107,3.9230309575796127,1.7685832530260086,2.4955210238695145,5.231999974697828
1338368,0.04732141392014455,0.22714012349024415,3.666176550090313,0.5591839086264372,0.1115568564273417,0.07297561294399202,3.737463265657425,1.8087815716862679,2.92711640894413,7.240261513739824
1339392,0.04504062989144586,0.2249259939417243,3.8150677531957626,0.713223410770297,0.07865603946265765,0.061998666962608695,3.87759330868721,1.8289308995008469,2.4457267373800278,3.931346133351326
1340416,0.03852346040366683,0.2951930183917284,3.8377411887049675,0.8130875285714865,0.061483078461606055,0.11365657765418291,3.775377780199051,1.7737752497196198,3.8841083124279976,4.588414411991835
1341440,0.035460980667266995,0.3224446391686797,3.6000896766781807,0.564437041990459,0.10930681222816929,0.066982974531129,4.177789062261581,2.5959373712539673,4.730713102966547,5.953960791230202
1342464,0.03991406038403511,0.36305550299584866,3.4892745837569237,0.49114927370101213,0.17292002658359706,0.09213803277816623,4.18529561907053,2.1389552764594555,5.808947620913386,7.4772485457360744
1343488,0.02988061506766826,0.35439884569495916,3.6143407002091408,0.6144383437931538,0.05904623251990415,0.0821331141050905,3.4009316712617874,1.2537772879004478,2.8628848046064377,2.71964218840003
1344512,0.03778698609676212,0.3598252064548433,3.763359911739826,0.7187533359974623,0.05321651216945611,0.06407096865586936,3.8331588804721832,1.7286641970276833,4.4936220943927765,4.419957235455513
1345536,0.03875037215766497,0.2671168358065188,3.645583562552929,0.6130532212555408,0.1721392897889018,0.08625367016065866,3.9700103625655174,2.119575284421444,3.669952627271414,6.191411226987839
1346560,0.04234908850048669,0.3237685323692858,3.825778104364872,0.8372734878212214,0.07500820675340947,0.09394958836492151,3.791420876979828,1.6971923112869263,4.198272593319416,5.4094908982515335
1347584,0.052567251594155096,0.5060686767101288,3.7337131425738335,0.6377881113439798,0.14036463818047196,0.20065344497561455,3.96750870347023,1.819106064736843,8.346219751983881,15.857121780514717
1348608,0.039844901068136096,0.3080699988640845,3.506108246743679,0.4674383131787181,0.08216020846157335,0.05175878177396953,3.7003501504659653,1.507825255393982,4.856449011713266,6.272521544247866
1349632,0.04953454580390826,0.2666904148645699,3.608126178383827,0.6105947140604258,0.11582182662095875,0.06549390545114875,3.5351719111204147,1.1566716022789478,3.344355123117566,8.09283909574151
1350656,0.041734833270311356,0.3524290705099702,3.5436339899897575,0.6058709118515253,0.13051654864102602,0.05735775688663125,3.788805142045021,1.3838702458888292,3.650015402585268,8.229369577020407
1351680,0.048784556245664135,0.16458976664580405,3.806595489382744,0.6825215481221676,0.06933986576041207,0.03927367745200172,3.960829146206379,1.6449637413024902,2.532262820750475,3.5841278843581676
1352704,0.06387317486223765,0.23642854765057564,3.9350248128175735,0.9008803907781839,0.007488191331503913,0.05442306195618585,3.7298652082681656,1.7856127582490444,3.118197686970234,3.2907457277178764
1353728,0.041806701046880335,0.25054144160822034,3.830082319676876,0.7627852540463209,0.043739367654779926,0.08567219320684671,3.7622115239501,2.015488974750042,2.4303133469074965,7.372822381556034
1354752,0.03761697848676704,0.22363846376538277,3.8501583859324455,0.7768237050622702,0.10222178633557633,0.07290154986549169,4.012025989592075,2.1837943866848946,3.1792231239378452,5.440790627151728
1355776,0.04676429578103125,0.24108884809538722,3.8612660095095634,0.8617897722870111,0.10194812092231587,0.0705666069407016,3.634583778679371,1.4909716956317425,2.4369976725429296,4.563925065100193
1356800,0.07138732314342633,0.4181129280477762,3.6183055117726326,0.6869345437735319,0.16059982660226524,0.060214487835764885,3.8234675973653793,1.4893621504306793,6.963299550116062,6.270024977624416
1357824,0.05002563615562394,0.23521590838208795,3.7520939111709595,0.7086332999169827,0.016644344141241163,0.06177841481985524,3.859722726047039,2.0135440453886986,1.964780054986477,3.577658850699663
1358848,0.03513266917434521,0.17844297038391232,3.7905354872345924,0.791351187042892,0.07178373978240415,0.05112882307730615,4.0444604977965355,2.3965055383741856,3.021746091544628,2.8167912550270557
1359872,0.04862933649565093,0.14694180712103844,3.9654546454548836,0.9166462663561106,0.04552357870852575,0.06746321928221732,3.858295500278473,1.9146955199539661,1.925264123827219,3.9938403200358152
1360896,0.04434304960886948,0.35338182654231787,3.766032189130783,0.8336692992597818,0.07731093285838142,0.08299053320661187,3.3908544704318047,1.342549405992031,3.1598667465150356,4.7092843651771545
1361920,0.07130427160882391,0.28691834351047873,3.9510872662067413,0.9011289589107037,0.11284365074243397,0.11445404554251581,3.8972358033061028,2.214651443064213,3.4285610876977444,6.106491453945637
1362944,0.052553111367160454,0.4934378331527114,3.586000770330429,0.5729151405394077,0.1996551752090454,0.11295933066867292,3.9857027977705,2.227440133690834,4.749213024973869,7.113845705986023
1363968,0.04559687478467822,0.26429453771561384,3.6909731030464172,0.6888384595513344,0.06841320780222304,0.053785017982590944,3.9912081733345985,1.7341862581670284,2.533052498474717,3.2911336217075586
1364992,0.04998976951173972,0.3867514170706272,3.577111765742302,0.5973622836172581,0.059001941059250385,0.08630104747135192,3.976178787648678,1.758934460580349,5.50964855030179,5.324921604245901
1366016,0.036394676426425576,0.22318674717098475,3.7992012426257133,0.7519520651549101,0.06957490858621895,0.07044578215572983,3.8142783418297768,1.565192062407732,1.7867904137820005,4.0989496149122715
1367040,0.043353889166610315,0.14490437996573746,3.934516817331314,0.8109299466013908,0.14126099820714444,0.04371680930489674,4.133575230836868,2.001777082681656,2.6144763194024563,4.1518442295491695
1368064,0.04247659901739098,0.19863418024033308,3.77756729722023,0.8098158240318298,0.07545958802802488,0.06587093661073595,3.666953384876251,1.5414264686405659,2.6849956959486008,4.69394276663661
1369088,0.053020864637801424,0.30560787953436375,3.635083720088005,0.7274857144802809,0.048064943664940074,0.06460490624886006,3.6977357640862465,1.6963475979864597,3.282646045088768,4.050499934703112
1370112,0.057483392767608166,0.33516973769292235,3.3694712966680527,0.5341685358434916,0.1602186330128461,0.06710429955273867,3.7811499536037445,1.752740491181612,3.8082502596080303,3.3336437605321407
1371136,0.0569599496666342,0.2800804805010557,3.6101690232753754,0.5931979659944773,0.154526336787967,0.04923210805281997,3.899125911295414,1.4862127788364887,5.557238440960646,6.521446634083986
1372160,0.028450047015212476,0.1379785374738276,3.806215316057205,0.8106422051787376,0.03276378104055766,0.03784555441234261,3.9218119382858276,1.6829649694263935,1.9535115249454975,4.193555098026991
1373184,0.06578998935583513,0.23682437418028712,3.6774521246552467,0.7090989071875811,0.14369863725733012,0.048246866441331804,3.6298385933041573,1.5164172798395157,4.841760531067848,5.79093386977911
1374208,0.05412558249372523,0.23681060038506985,3.873926989734173,0.8461294211447239,0.07329362642485648,0.05411286652088165,4.019374527037144,1.940334141254425,2.128418480977416,4.18458017706871
1375232,0.058354128152132034,0.39724135119467974,3.8929912000894547,0.8198272082954645,0.09561499752453528,0.09410130721516907,3.731303036212921,1.5881395190954208,3.4527354277670383,3.5560267753899097
1376256,0.04356816672952846,0.12868793262168765,3.9088276624679565,0.7389237470924854,0.024422197428066283,0.035798656521365047,4.039634980261326,1.985570054501295,2.121609106659889,2.893192322924733
1377280,0.054310029780026525,0.3405878026969731,3.9260597601532936,0.8853007256984711,0.09079356916481629,0.05405314394738525,4.115234233438969,2.24362675473094,3.1931002624332905,3.103342991322279
1378304,0.06495552606065758,0.38906790409237146,3.7013447657227516,0.6288269739598036,0.17881588404998183,0.04450487851863727,4.247941270470619,2.19746370986104,4.813954032957554,4.6286818496882915
1379328,0.04333293507806957,0.521947855129838,3.9001513198018074,0.7554858531802893,0.11560121335787699,0.06608905352186412,3.8715783953666687,1.522775985300541,4.714157857000828,6.123269997537136
1380352,0.03902329143602401,0.24514578143134713,3.8435577750205994,0.7140174675732851,0.05385534779634327,0.06873410462867469,3.574546717107296,1.2447158694267273,2.3737852536141872,3.8395509384572506
1381376,0.052639751142123714,0.29188833152875304,3.7846182957291603,0.7821851875633001,0.08413917210418731,0.06112223805394024,3.6427579522132874,1.370878741145134,3.9640384428203106,5.581211838871241
1382400,0.05353195546194911,0.1911580516025424,3.6632737889885902,0.6452687382698059,0.12005701952148229,0.04063567944103852,3.7023365646600723,1.5966103672981262,2.5311139579862356,5.3749505169689655
1383424,0.049389642488677055,0.2716645593754947,3.7392944991588593,0.6116261649876833,0.06585712666856125,0.03100338572403416,3.74380686879158,1.6529726460576057,4.651168465614319,5.713127426803112
1384448,0.055533632475999184,0.36881927866488695,3.73191998898983,0.5740543454885483,0.09767075814306736,0.031171155802439898,3.9323097318410873,1.6446813382208347,7.192403715103865,5.9570101499557495
1385472,0.06049623092985712,0.3073250884190202,3.6812974885106087,0.6421962007880211,0.13339201488997787,0.055589358729775995,3.7209489569067955,1.5404824316501617,4.528601333498955,8.066333465278149
1386496,0.05227430854574777,0.2836841563694179,3.702649585902691,0.6617772374302149,0.11942526989150792,0.0460964641533792,3.8591551780700684,1.3285223692655563,4.941817991435528,3.6768420040607452
1387520,0.02793669181119185,0.15628992673009634,3.8574129715561867,0.7213237080723047,0.07281023924588226,0.05167200788855553,3.674753099679947,1.4061592295765877,3.1010027676820755,3.9193254448473454
1388544,0.056023558863671497,0.1878616544418037,3.850376673042774,0.7213881369680166,0.045461567511665635,0.04435293044662103,3.858951099216938,1.6799263581633568,3.065491169691086,3.3291024081408978
1389568,0.06459573519532569,0.2974409591406584,3.7427603974938393,0.7006058543920517,0.07016439572907984,0.05944863520562649,3.60622925311327,1.576873179525137,3.59421231970191,4.612589351832867
1390592,0.03422609236440621,0.22976790415123105,3.5989201813936234,0.5204302007332444,0.12111342116259038,0.06662432057783008,3.470403015613556,1.3203277960419655,2.816026972606778,5.064170446246862
1391616,0.03680486275698058,0.17780421301722527,3.7387871742248535,0.7345473933964968,0.05748657509684563,0.06291556532960385,3.5472395569086075,1.399603858590126,2.0367665234953165,4.286342766135931
1392640,0.04068148878286593,0.22001567063853145,3.7419761419296265,0.6496191201731563,0.023550906451418996,0.067568170838058,3.2989152893424034,1.5565736889839172,2.0732591841369867,2.7287362534552813
1393664,0.06247548860847019,0.31586908269673586,3.559307187795639,0.5815269835293293,0.1550124114146456,0.06733600702136755,3.742226004600525,1.978973463177681,4.720942247658968,7.669967830181122
1394688,0.025243415584554896,0.28191829193383455,3.8859001994132996,0.7088873498141766,0.039855920360423625,0.06072011752985418,4.034327261149883,2.2332212403416634,3.9067522697150707,4.492991518229246
1395712,0.04620946681825444,0.21890056831762195,3.647351384162903,0.5382863562554121,0.10805129510117695,0.026659938390366733,3.8359816297888756,1.775772351771593,2.8184913210570812,2.9744643196463585
1396736,0.05992885562591255,0.3101056693121791,3.667473554611206,0.5446522198617458,0.17578923422843218,0.04971777874743566,3.6655359864234924,1.3911388739943504,5.43581672757864,12.964134022593498
1397760,0.03775883500929922,0.21554762264713645,3.7178829312324524,0.6420851163566113,0.03932587106828578,0.062079610768705606,3.6902598217129707,1.4677236787974834,2.6725188493728638,4.290017351508141
1398784,0.03713000255811494,0.24085522815585136,3.8652917444705963,0.7037710696458817,0.051127562328474596,0.05656177597120404,3.8971903920173645,1.8757124245166779,3.996339775621891,5.751399386674166
1399808,0.04627136229828466,0.2314848550595343,3.7129743322730064,0.62740015424788,0.0947384558385238,0.06593983853235841,3.764021284878254,1.7093795500695705,2.5533271469175816,4.904376722872257
1400832,0.058937777270330116,0.2341987481340766,3.7647631987929344,0.6878331154584885,0.12429239193443209,0.06187555682845414,3.79528945684433,1.596526712179184,3.509166296571493,4.638950031250715
1401856,0.04275311209494248,0.3487946968525648,3.4414611160755157,0.4968695277348161,0.04806690711120609,0.07381960039492697,3.251603178679943,0.9511121343821287,5.769488774240017,8.751945413649082
1402880,0.04208311130059883,0.1793393879197538,3.821304127573967,0.6875672526657581,0.04352767171803862,0.038233735773246735,3.8168843761086464,1.7019934579730034,3.196376897394657,4.16000597551465
1403904,0.05367351429595146,0.3425716063939035,3.3965023681521416,0.49030470568686724,0.092868109815754,0.0350096620968543,3.1385600864887238,0.9148090127855539,7.755266182124615,4.737336199730635
1404928,0.04892392388137523,0.27780907042324543,3.755215249955654,0.7131712567061186,0.10269421953125857,0.057831871206872165,3.513935163617134,1.1950617022812366,4.1044206619262695,6.0605095364153385
1405952,0.033551977248862386,0.18274860526435077,3.6977718845009804,0.6614668611437082,0.054530126333702356,0.03242136654444039,3.6147506907582283,1.637665282934904,2.8423921018838882,2.9354053363204002
1406976,0.03556770799332298,0.20946752419695258,3.813385307788849,0.6988678351044655,0.06341473385691643,0.04460673499852419,3.8609566017985344,1.763484038412571,3.4953106716275215,5.522644732147455
1408000,0.047124054428422824,0.147658679401502,3.8792505338788033,0.8210956994444132,0.08164453267818317,0.04406904330244288,4.0179547891020775,1.818784661591053,2.8928947523236275,3.897885952144861
1409024,0.05078659491846338,0.23407370690256357,3.6307500526309013,0.6722805257886648,0.05192092889046762,0.07985547254793346,3.636357992887497,1.6483254581689835,3.91611884534359,5.1434690579771996
1410048,0.0426758962275926,0.22046471619978547,3.788749076426029,0.7217225655913353,0.03979722721851431,0.06525783753022552,3.784756027162075,1.856651097536087,2.794490583240986,4.427242383360863
1411072,0.04569369377713883,0.27877403842285275,3.8458463922142982,0.7775425463914871,0.11842761270236224,0.0776311750523746,3.9991650879383087,2.2400455810129642,3.060674875974655,3.652167420834303
1412096,0.08360951009672135,0.33799364417791367,3.7590233758091927,0.6317757237702608,0.1269164135446772,0.03571690688841045,3.73896025121212,1.7539418153464794,4.629773139953613,4.426351219415665
1413120,0.026339345233282074,0.2593513997271657,3.4677062332630157,0.46678207628428936,0.0550412081356626,0.04060574318282306,3.930913157761097,1.7372285909950733,4.221529923379421,4.369263626635075
1414144,0.036258514650398865,0.15458351001143456,3.6034256145358086,0.6001433366909623,0.09742025873856619,0.04575436294544488,3.679818943142891,1.6409273743629456,2.176869262009859,4.326756730675697
1415168,0.02980694148573093,0.1712683232035488,3.5257620215415955,0.5062559200450778,0.1132567108143121,0.04950681934133172,3.8398836478590965,1.7534531317651272,4.55123982578516,6.266405630856752
1416192,0.027192113630007952,0.24243829771876335,3.784660704433918,0.7044395264238119,0.08399745193310082,0.057582385023124516,3.383327804505825,1.284456979483366,3.8368952982127666,3.8926300182938576
1417216,0.06695092894369736,0.21957026468589902,3.8575639724731445,0.8351594060659409,0.0706429455021862,0.09079255361575633,3.8870696425437927,1.9339912720024586,1.8268066700547934,4.300153087824583
1418240,0.051352928290725686,0.11359083326533437,3.6387835666537285,0.54093770775944,0.05042520660208538,0.034120949916541576,4.040549919009209,2.7781801223754883,3.3505945168435574,3.7055519595742226
1419264,0.0345661103274324,0.2805419056676328,3.7193623185157776,0.621402233839035,0.06991459394339472,0.037992463330738246,3.9028493091464043,2.219149198383093,3.2782557122409344,3.741681557148695
1420288,0.04761848787893541,0.24094291403889656,3.9404573887586594,0.75970677472651,0.09795503813074902,0.053580477950163186,3.9142200276255608,2.0277555733919144,2.1165325976908207,4.736482694745064
1421312,0.04080221467302181,0.24112561298534274,3.6452285647392273,0.5658807419240475,0.052511168221826665,0.026626623643096536,3.933121480047703,2.1743137799203396,3.6640513334423304,2.878312584012747
1422336,0.03452280591591261,0.23519988637417555,3.891507141292095,0.7704429309815168,0.08139517402742058,0.04037062078714371,4.00719840824604,2.476203717291355,3.1284929029643536,3.241045780479908
1423360,0.0673899584216997,0.19960391940549016,3.8518259823322296,0.7534261830151081,0.12958778452593833,0.04430121276527643,3.897567644715309,2.1420695893466473,2.444418016821146,3.7456377409398556
1424384,0.033755550015484914,0.2804565657861531,3.7422186136245728,0.6611944064497948,0.054264832026092336,0.0782512603327632,3.740157701075077,1.662214484065771,3.8050097450613976,7.714624650776386
1425408,0.052990066818892956,0.21145098470151424,3.6101492568850517,0.661520591005683,0.16572276724036783,0.041419783083256334,3.905847452580929,1.5623498000204563,2.604205869138241,3.9853475391864777
1426432,0.06508072605356574,0.19909291435033083,3.585767798125744,0.648353261873126,0.10012793948408216,0.057887585018761456,3.7063150107860565,1.3061365149915218,2.3401546962559223,8.007022522389889
1427456,0.04019273769517895,0.22602237248793244,3.6769223511219025,0.5684913620352745,0.07764996984042227,0.035263927769847214,3.793343707919121,1.6203282251954079,2.970738220959902,3.3931088112294674
1428480,0.04440909600816667,0.2425499358214438,3.5379734933376312,0.49950182251632214,0.07747794350143522,0.0564644169062376,4.040441021323204,2.0997851341962814,3.479624070227146,4.114697687327862
1429504,0.04797127266647294,0.23381263436749578,3.51967915892601,0.527434803545475,0.08512496488401666,0.05714958754833788,3.8531111627817154,1.8790802210569382,4.040532760322094,3.3793587125837803
1430528,0.03738178800995229,0.202602194622159,3.6619331389665604,0.523211594671011,0.1820060876198113,0.026205659931292757,4.215248696506023,2.224006786942482,4.111932665109634,4.305141378194094
1431552,0.03980399601277895,0.2117367717437446,3.5211327970027924,0.5224604476243258,0.15128470468334854,0.035245907958596945,3.739739954471588,1.354554183781147,3.428470518440008,4.672433722764254
1432576,0.03898044160450809,0.14954834524542093,3.7587608844041824,0.6122688297182322,0.10762694716686383,0.02481789013836533,3.965475909411907,1.5909924115985632,2.3709510024636984,3.882614742964506
1433600,0.03572867996990681,0.15140928886830807,3.8454076647758484,0.6742409020662308,0.04341908369679004,0.033563057077117264,3.82636109739542,1.6375829242169857,3.951193317770958,3.1434546895325184
1434624,0.04553884043707512,0.22942749364301562,3.7731941267848015,0.7203771714121103,0.10405482450732961,0.03503977064974606,3.8571423813700676,1.7605273015797138,3.387871526181698,3.5349271185696125
1435648,0.04867453165934421,0.14866603026166558,3.8858893141150475,0.8542522229254246,0.04432631199597381,0.04230117436964065,3.9069878831505775,1.6869860589504242,1.9090777300298214,2.735271129757166
1436672,0.05165062905871309,0.28037797985598445,3.807524338364601,0.7993740346282721,0.1149639030918479,0.08074989297892898,3.9770055562257767,2.0972553938627243,3.504228997975588,5.563327606767416
1437696,0.05179750735987909,0.27149061020463705,3.6745613291859627,0.6908255703747272,0.07823284683399834,0.05566613480914384,3.751302696764469,1.8533488027751446,3.317002944648266,4.386451784521341
1438720,0.044169037602841854,0.30587944108992815,3.7506896182894707,0.641509098932147,0.0714023633627221,0.04334813239984214,4.012716136872768,2.26781715080142,2.7552605718374252,2.7903824783861637
1439744,0.051618769008200616,0.23143129609525204,3.616172067821026,0.6116432528942823,0.11236802092753351,0.06688836211105809,3.4432183876633644,1.4014946222305298,3.599506948143244,6.017293028533459
1440768,0.042920447944197804,0.2057441556826234,3.7514161989092827,0.7033151909708977,0.0512037385487929,0.06844464875757694,3.9576654732227325,1.882767517119646,2.3149166628718376,3.9126325845718384
1441792,0.04988469762611203,0.251154329162091,3.796165369451046,0.6973282396793365,0.03243775406735949,0.04594886192353442,3.6935073733329773,1.69350128993392,3.909639500081539,5.656951397657394
1442816,0.059525303659029305,0.2768740924075246,3.715870827436447,0.6781130637973547,0.1881575498264283,0.08262298570480198,4.093373380601406,2.482133276760578,4.518515113741159,8.43942353874445
1443840,0.024636221511173062,0.17437804932706058,3.7123966589570045,0.7100346982479095,0.06417929762392305,0.05400498810922727,3.7438581585884094,1.6124880202114582,3.120052892714739,4.478540755808353
1444864,0.04468143165286165,0.4028979456052184,3.5259417593479156,0.5243261782452464,0.1276509262388572,0.07997519511263818,3.9064730927348137,2.044461902230978,7.956519857048988,7.735116705298424
1445888,0.0595117343327729,0.25036377599462867,3.7617706805467606,0.718309560790658,0.10435873497044668,0.045288771914783865,3.8316765055060387,1.7698374278843403,2.7194684520363808,3.4250913448631763
1446912,0.07447626331122592,0.4328475669026375,3.8732848837971687,0.7943223211914301,0.08440636098384857,0.11809466243721545,3.7942508086562157,1.682484857738018,4.557533193379641,12.612943854182959
1447936,0.029034915060037747,0.15845980145968497,3.7720895558595657,0.6410071346908808,0.09461135498713702,0.037212587194517255,3.886371001601219,1.7615998201072216,2.5663943588733673,3.6273033432662487
1448960,0.03522378126217518,0.10625656193587929,3.9225858226418495,0.8084753789007664,0.027147018248797394,0.023597231891471893,4.1170651242136955,1.9458876065909863,1.8079987280070782,2.8362386152148247
1449984,0.07114726793952286,0.34204289223998785,3.827939197421074,0.8622237648814917,0.05445972303277813,0.06627137225586921,3.503625236451626,1.5888568237423897,2.8721057921648026,3.626910287886858
1451008,0.06254898000042886,0.27419138327240944,3.762579880654812,0.7424943558871746,0.09470605140086263,0.07001727854367346,4.04695038497448,2.1964513771235943,3.2544979080557823,5.563203379511833
1452032,0.030888456836692058,0.3843600284308195,3.8619923889636993,0.7088555637747049,0.09065245959209278,0.04727860225830227,3.753784589469433,1.8254349119961262,5.272110883146524,3.958881501108408
1453056,0.035827815474476665,0.21266457485035062,3.6861029267311096,0.5697163417935371,0.13326348568079993,0.027038165484555066,4.044982694089413,1.9009721018373966,3.16927582398057,2.8480737321078777
1454080,0.03353678097482771,0.17013517883606255,3.576406218111515,0.5515137892216444,0.1720640102867037,0.06338358856737614,3.728324830532074,1.4040091000497341,2.8256683573126793,6.991417482495308
1455104,0.04542930601746775,0.17193669523112476,3.758488282561302,0.6626560185104609,0.07489476492628455,0.03538928891066462,3.7644461914896965,1.5426377952098846,2.0914581809192896,3.9111868236213923
1456128,0.0584511945489794,0.1493936376646161,3.7846324294805527,0.7234537387266755,0.1255315932794474,0.01792804675642401,3.5338099822402,1.1898803021758795,1.7923973575234413,3.128026068210602
1457152,0.05794196043279953,0.37400907557457685,3.671401374042034,0.6359482128173113,0.1287243872648105,0.06603218708187342,3.9389268904924393,1.6775087043642998,4.22055371850729,7.6056565679609776
1458176,0.05415332451229915,0.24604998622089624,3.6462642401456833,0.5694907000288367,0.1315743188606575,0.048516229377128184,4.020007379353046,1.755976628512144,4.319109093397856,4.164350714534521
1459200,0.025977663201047108,0.2644833726808429,3.7054262682795525,0.5914018768817186,0.03760745405452326,0.05515840259613469,3.889940023422241,1.9108279421925545,3.3027300648391247,2.700492136180401
1460224,0.057117908872896805,0.34191324887797236,3.9476974233984947,0.798183923587203,0.12889188120607287,0.06322162970900536,4.211323544383049,2.0211294442415237,3.630566604435444,5.089904755353928
1461248,0.06562667680555023,0.4904656345024705,3.8196061849594116,0.6997848842293024,0.13960500538814813,0.05887521686963737,3.8606605753302574,1.7657862789928913,3.786029491573572,4.62929580360651
1462272,0.04360032576369122,0.312031043227762,3.665730081498623,0.6149684078991413,0.033138439146569,0.057390626636333764,3.744827054440975,1.5418728701770306,3.538061197847128,4.123698700219393
1463296,0.03765216676401906,0.356056354008615,3.8094235211610794,0.7760441936552525,0.0326891584409168,0.03340461669722572,3.7165247350931168,1.5764665640890598,3.30294032022357,3.3133104667067528
1464320,0.047730186372064054,0.22658254439011216,3.8900728076696396,0.7796620037406683,0.0876113292761147,0.06584011565428227,3.898705206811428,1.9149112328886986,2.9777087569236755,3.3399219382554293
1465344,0.04373078385833651,0.2029152032919228,3.6574410274624825,0.7055887375026941,0.1481971278844867,0.059546245844103396,3.8541217893362045,1.774438738822937,2.9933823607861996,6.78183763101697
1466368,0.06935261000762694,0.21916166134178638,3.8034373819828033,0.7404389623552561,0.13203311152756214,0.0397649648366496,3.5002791807055473,1.3311654143035412,2.4053002633154392,6.041687939316034
1467392,0.04962767072720453,0.27814263198524714,3.6915011778473854,0.711693262681365,0.06926460599061102,0.0466474398272112,3.6175579205155373,1.3396594151854515,2.467205375432968,4.389894776046276
1468416,0.06289542419835925,0.1661898938473314,3.6308035030961037,0.5847338736057281,0.11398157238727435,0.044910449360031635,3.9365381449460983,1.591204211115837,3.662783771753311,4.355865512043238
1469440,0.05446481687249616,0.15146020241081715,3.6221750900149345,0.5117872525006533,0.16599297430366278,0.04262638604268432,4.303430035710335,2.058411981910467,2.879151329398155,5.154947059229016
1470464,0.05621990212239325,0.21164104668423533,3.7223049253225327,0.5992427784949541,0.058486115449341014,0.027028532000258565,3.705446280539036,1.3433196544647217,2.9619498066604137,2.649688733741641
1471488,0.04994711381732486,0.16553924605250359,3.8211441338062286,0.6780485026538372,0.009114468382904306,0.0737498002126813,3.8344868272542953,1.596715535968542,2.5071774404495955,6.86899496614933
1472512,0.0565665987378452,0.46755468752235174,3.7774213775992393,0.669108958914876,0.08256269083358347,0.11693727923557162,3.6343552470207214,1.5619563534855843,6.709072921425104,7.050605840981007
1473536,0.059444226149935275,0.1897060596384108,3.8085483983159065,0.6961559075862169,0.16327008185908198,0.043692229490261525,3.8888170421123505,1.6337183564901352,5.0375367403030396,3.7924163341522217
1474560,0.050179126526927575,0.3054595375433564,3.718891941010952,0.6686082649976015,0.08061013597762212,0.05400813207961619,3.665930487215519,1.2751504238694906,3.610362783074379,3.860237505286932
1475584,0.05176909167494159,0.4581167185679078,3.4405180662870407,0.5364317456260324,0.09692890552105382,0.04245409392751753,3.7465680688619614,1.3727684617042542,5.361198741942644,4.050060641020536
1476608,0.044035232305759564,0.3538416549563408,3.575869597494602,0.5192201836034656,0.14790929690934718,0.0615110551007092,3.8263626769185066,1.4339444115757942,6.148391142487526,6.484168995171785
1477632,0.02028285595588386,0.1928395493887365,3.819733150303364,0.7324368543922901,0.0562745752686169,0.05716718977782875,3.9066128954291344,1.6050857566297054,1.8242357950657606,4.346007090061903
1478656,0.05862952129973564,0.2328642550855875,3.89500430226326,0.7383998204022646,0.15619721775874496,0.05345157819101587,4.138504445552826,1.9179050587117672,3.5514241456985474,5.337465476244688
1479680,0.04550912050763145,0.3011657469905913,3.8431971594691277,0.6692895125597715,0.05128663689538371,0.04269806150114164,3.409031793475151,1.2780193202197552,3.0034826025366783,4.458666514605284
1480704,0.06037912727333605,0.37856836430728436,3.547305792570114,0.4985347781330347,0.1760971883777529,0.030240344174671918,4.0648253262043,1.8855089507997036,9.109510064125061,6.897490195930004
1481728,0.035595800407463685,0.32383971894159913,3.2744160518050194,0.4312752587720752,0.07660075055900961,0.06586968409828842,3.984021045267582,1.5160178989171982,4.832587964832783,10.96978659182787
1482752,0.04498310704366304,0.23998899199068546,3.637726031243801,0.5278608957305551,0.05955151532543823,0.03511241223895922,3.8300285637378693,1.5988902151584625,2.8171877413988113,3.0350513719022274
1483776,0.04927693525678478,0.33846487244591117,3.6600930839776993,0.5839831363409758,0.12626907892990857,0.07723955390974879,3.9073582366108894,1.7322196513414383,5.931480590254068,8.253320336341858
1484800,0.03563343017594889,0.19689716212451458,3.6332999616861343,0.5201618075370789,0.12395095202373341,0.042045773880090564,3.7768123894929886,1.5088447891175747,2.469164641574025,4.411399740725756
1485824,0.055750821775291115,0.22049509221687913,3.76231649518013,0.6479610912501812,0.08154047932475805,0.03214424225734547,3.861180379986763,1.511509731411934,2.8176662996411324,3.1172704827040434
1486848,0.04095265571959317,0.3758846940472722,3.4442912563681602,0.544354802928865,0.16154869133606553,0.045012009039055556,3.7396443113684654,1.4740402474999428,3.4901424050331116,4.851215519011021
1487872,0.042410385503899306,0.25004237657412887,3.5364307314157486,0.571700232103467,0.12670674838591367,0.0441152352723293,3.5943321138620377,1.1911406144499779,2.3954458832740784,7.239305164664984
1488896,0.03891893137188163,0.14168086904101074,3.5228046104311943,0.5424642004072666,0.09609664784511551,0.027923532645218074,3.808625318109989,1.3716447204351425,2.4756906293332577,4.236562492325902
1489920,0.03722191719862167,0.27193591045215726,3.742724619805813,0.7740984205156565,0.032766714866738766,0.0679757094476372,3.721500590443611,1.599531527608633,4.775154184550047,2.793465256690979
1490944,0.036557321407599375,0.2903877538628876,3.6989367082715034,0.6557440310716629,0.06217409974487964,0.07279435568489134,3.508846178650856,1.9231781288981438,3.0893776938319206,2.5764941908419132
1491968,0.05208224095986225,0.4768846035003662,3.5108526572585106,0.5237610386684537,0.21090759057551622,0.05963054916355759,4.226881235837936,2.9054471626877785,6.467306055128574,9.27060168236494
1492992,0.038264768139924854,0.26658406713977456,3.879280164837837,0.7362352181226015,0.05526204232592136,0.05879011668730527,3.970574416220188,1.861531313508749,2.8116748183965683,3.4333727061748505
1494016,0.03487887454684824,0.24428864289075136,3.7619469091296196,0.7152460422366858,0.16881789336912334,0.060454551479779184,4.104947820305824,2.2016102485358715,3.364467114210129,5.415338473394513
1495040,0.07323040308256168,0.27662362810224295,3.7876347303390503,0.7509208768606186,0.07734936173073947,0.03132186803850345,3.5584467202425003,1.5909790843725204,3.9228404201567173,4.179648749530315
1496064,0.05794476065784693,0.21152246044948697,3.661213882267475,0.6076994501054287,0.16320790688041598,0.0425933375954628,3.868786223232746,1.981952141970396,3.3830979615449905,3.3937234822660685
1497088,0.04056785552529618,0.15854721632786095,3.8786275312304497,0.6630768347531557,0.11056087218457833,0.04856178269255906,3.94996839761734,2.024317231029272,2.3502007238566875,2.672644507139921
1498112,0.02978569155675359,0.21416454669088125,3.7838317081332207,0.6615879572927952,0.0853479387005791,0.027123373467475176,3.8948435485363007,1.7650953270494938,2.5990801341831684,3.0030564963817596
1499136,0.05234850579290651,0.25844383193179965,3.9138627499341965,0.7994707562029362,0.05999219270597678,0.03839591355063021,3.507479429244995,1.553871426731348,5.039448615163565,3.8080746941268444
1500160,0.051056124590104446,0.23246809421107173,3.6763504296541214,0.6731624659150839,0.06878549006069079,0.03918375039938837,3.398652173578739,1.378503818064928,5.403714220970869,3.5041317008435726
1501184,0.04448973372927867,0.22146980231627822,3.7672107741236687,0.8117407634854317,0.09570442658150569,0.04408492974471301,3.762042351067066,1.6237169839441776,2.8585941046476364,4.901529993861914
1502208,0.04619075488881208,0.2353641176596284,3.8199757635593414,0.6864136308431625,0.1404901361092925,0.027999730547890067,4.057990327477455,1.9976148568093777,5.1616463623940945,3.5321805737912655
1503232,0.04000940313562751,0.1438177872914821,3.6336918249726295,0.5699775014072657,0.08342550665838644,0.031100146647077054,3.8175981417298317,1.6009621173143387,5.446593839675188,3.6062865294516087
1504256,0.03898804102209397,0.1354479300789535,3.7106256410479546,0.700848301872611,0.07353724306449294,0.033811739122029394,3.7004177570343018,1.3716397508978844,2.5024240240454674,3.0120638720691204
1505280,0.03500269731739536,0.1658911039121449,3.853413261473179,0.758319016546011,0.14973280997946858,0.03303476900327951,3.9823980554938316,1.631691288203001,2.7196629121899605,3.355903334915638
1506304,0.06148135295370594,0.15168112819083035,3.834497444331646,0.7480798345059156,0.07849289497244172,0.027461864869110286,3.863141119480133,1.6168147437274456,5.53540650382638,2.193069474771619
1507328,0.0633819036593195,0.339266593568027,3.693440720438957,0.7293365094810724,0.07866178138647228,0.050568820093758404,3.500746928155422,1.3314038589596748,3.8938935846090317,3.093137226998806
1508352,0.06286147711216472,0.2859553308226168,3.754139721393585,0.6463900115340948,0.13777424255385995,0.08429455128498375,3.8939288556575775,1.6799219362437725,4.109285656362772,4.829443335533142
1509376,0.045686011551879346,0.3408903945237398,3.7277926802635193,0.671869307756424,0.06696891249157488,0.045351757551543415,3.8783498480916023,1.6221582852303982,4.435889754444361,3.0206943787634373
1510400,0.02986268312088214,0.28896011132746935,3.828448474407196,0.6901307906955481,0.11892511195037514,0.07324592140503228,3.878526784479618,1.7115940004587173,3.1436721980571747,4.445865601301193
1511424,0.05312892535584979,0.33937836484983563,3.726093463599682,0.6802091095596552,0.13158158352598548,0.06202044745441526,3.7962678372859955,1.5220302790403366,4.385368514806032,3.5314200818538666
1512448,0.06470992029062472,0.3645008057355881,3.53655331581831,0.5847347341477871,0.0896302105684299,0.052869486971758306,3.4486019611358643,1.0710919722914696,4.531202111393213,5.636270642280579
1513472,0.030314310977701098,0.34499147441238165,3.621980518102646,0.5678105261176825,0.010969047551043332,0.034393104375340044,3.6360431909561157,1.467702992260456,4.854988474398851,3.727553926408291
1514496,0.05446038194349967,0.2202774230390787,3.6507387906312943,0.6534831039607525,0.09626679721986875,0.035289974039187655,3.7531138956546783,1.56785449385643,2.824586655944586,3.9609832614660263
1515520,0.04901481291744858,0.1280223662033677,3.7670865952968597,0.7203339245170355,0.08088044432224706,0.04158961575012654,3.751942999660969,1.6288329027593136,1.6800910960882902,3.247463397681713
1516544,0.04471402912167832,0.16748936125077307,3.6950869038701057,0.6031388901174068,0.11754592158831656,0.03353638102998957,3.850205883383751,1.7279786057770252,3.3404747806489468,4.177357416599989
1517568,0.041039942487259395,0.2551083378493786,3.536505877971649,0.49204170051962137,0.08252449834253639,0.06262939784210175,3.7844063341617584,1.4571196399629116,4.27606713026762,5.483199384063482
1518592,0.03196848288644105,0.18818511674180627,3.6003609597682953,0.5281946696341038,0.07417195133166388,0.04568955482682213,3.949691094458103,1.6815086416900158,4.875411873683333,4.890732232481241
1519616,0.050155662349425256,0.16647683619521558,3.775728404521942,0.6392296813428402,0.13369631406385452,0.041200620180461556,3.7013216987252235,1.3273365776985884,2.738538393750787,2.912867918610573
1520640,0.05523451417684555,0.20325608691200614,3.715409368276596,0.586423747241497,0.06275690469192341,0.0433242202270776,3.659053958952427,1.292701818048954,3.527447834610939,3.1969518437981606
1521664,0.021727917963289656,0.16077779210172594,3.827324077486992,0.7293093632906675,0.02999350818572566,0.05344879534095526,3.968939960002899,1.8957340456545353,2.6552800089120865,4.001918006688356
1522688,0.04302196629578248,0.18317332188598812,3.747673839330673,0.6837311387062073,0.17547342635225505,0.040728780382778496,3.68152679502964,1.5671850591897964,3.202712854370475,6.493661940097809
1523712,0.0485437735915184,0.19457724364474416,3.835258938372135,0.6919655874371529,0.07579221815103665,0.034416880924254656,3.7939092814922333,1.451697364449501,2.8439844511449337,2.847035448998213
1524736,0.06101438630139455,0.15193991595879197,3.717763103544712,0.688023155555129,0.16338297619950026,0.029837648558896035,3.8964039757847786,1.5245957635343075,2.294425470754504,2.7881357930600643
1525760,0.03943863612948917,0.28012340469285846,3.7569102942943573,0.7958440762013197,0.033902722178027034,0.06070177932269871,3.7925133630633354,1.4397424310445786,2.790635459125042,4.1999407559633255
1526784,0.07752535759937018,0.21899814810603857,3.879384882748127,0.8751395475119352,0.07780236651888117,0.08107535855378956,3.866977170109749,1.6743179969489574,2.354186024516821,3.4186721481382847
1527808,0.051780042063910514,0.290615645237267,3.4499545991420746,0.4543057344853878,0.14904670719988644,0.0661344826221466,3.8144587874412537,1.9619263112545013,5.22369272634387,3.8879233337938786
1528832,0.037292596185579896,0.1977766421623528,3.608026385307312,0.5202754242345691,0.08980197174241766,0.028192055004183203,3.765187621116638,1.5231121368706226,3.920012954622507,2.013933204114437
1529856,0.03865854970354121,0.2880607326515019,3.8443957939743996,0.78052375651896,0.03079294113558717,0.045488107949495316,3.7378813922405243,1.692707259207964,2.6395660750567913,3.577017866075039
1530880,0.05833835998782888,0.31258676713332534,3.7569702118635178,0.7247280329465866,0.032293196534737945,0.04788010031916201,3.5102303251624107,1.6454982347786427,3.0305875837802887,3.164299573749304
1531904,0.03918672597501427,0.27972993813455105,3.7778793051838875,0.7959427908062935,0.08407959126634523,0.057639780919998884,3.8469232693314552,1.878692027181387,3.953448362648487,4.723310258239508
1532928,0.05434663759660907,0.32920967135578394,3.5727125704288483,0.5875303465873003,0.15797204338014126,0.05644082638900727,3.6692862808704376,1.6350465454161167,6.177527192980051,3.1829798966646194
1533952,0.0548573219566606,0.20946972910314798,3.618444800376892,0.738980021327734,0.16119449213147163,0.055860359221696854,3.77622626721859,1.35279256477952,5.085565187036991,4.3432509526610374
1534976,0.03837210425990634,0.22731761075556278,3.608710005879402,0.570778938010335,0.08306463158805855,0.03854067827342078,3.4775769412517548,1.230171624571085,3.153111804276705,2.427512252703309
1536000,0.022078103691455908,0.2965294700115919,3.537941388785839,0.5588964223861694,0.045898367403424345,0.05398864625021815,3.7170180156826973,1.643451515585184,4.483943101018667,3.140919379889965
1537024,0.02399414242245257,0.37417121697217226,3.8083705827593803,0.9251183867454529,-0.0011461111716926098,0.0970934412907809,3.3477564454078674,1.4970495030283928,2.595613233745098,2.848252158612013
1538048,0.05277986780856736,0.26074327481910586,3.9531098678708076,0.7989528253674507,0.029836585570592433,0.07202931400388479,3.7210308760404587,2.0816487297415733,3.0516131557524204,3.4663983210921288
1539072,0.04270745677058585,0.2279100357554853,3.8218280524015427,0.7132520750164986,0.09945052984403446,0.05810724664479494,4.009403795003891,2.292842134833336,2.3257358130067587,5.591434255242348
1540096,0.03048372673220001,0.1721422364935279,3.7503635212779045,0.6801488297060132,0.07177564187441021,0.03492068371269852,3.8761050924658775,2.2422076277434826,2.877916805446148,3.8415533304214478
1541120,0.050235385104315355,0.27659605257213116,3.7103561758995056,0.658024663105607,0.07548920257249847,0.03193360281875357,3.6933309957385063,1.7688614055514336,4.591456633061171,4.445030216127634
1542144,0.08277752785943449,0.3513500839471817,3.724117986857891,0.7301712762564421,0.15218074503354728,0.032893275492824614,3.8584529533982277,1.8680088222026825,3.5518701151013374,3.6654997169971466
1543168,0.05381053657765733,0.29617293691262603,3.5344262197613716,0.5440683523193002,0.15386847429908812,0.03530447435332462,4.028842933475971,1.7224468663334846,4.487094264477491,3.2079794630408287
1544192,0.04635717094060965,0.20571574801579118,3.806966409087181,0.6650282870978117,0.1296565819066018,0.02371489373035729,3.683969646692276,1.2757098227739334,2.746962685137987,2.342435620725155
1545216,0.056820242694811895,0.3343093586154282,3.571127951145172,0.5519140753895044,0.09120163216721267,0.03816681494936347,3.30500166118145,1.1025800071656704,6.340015798807144,3.4035746455192566
1546240,0.035927776247262955,0.27968639228492975,3.6715936362743378,0.6358594000339508,0.0644869200186804,0.051454545464366674,4.007993467152119,1.6353997327387333,5.476882755756378,3.9077547527849674
1547264,0.022597395058255643,0.2776081240735948,3.8555388003587723,0.6856283731758595,0.0698541312594898,0.0546565999975428,3.881538785994053,1.695090252906084,3.149777617305517,4.991224378347397
1548288,0.06422153406310827,0.2446378036402166,3.856820546090603,0.7949852719902992,0.147616904694587,0.05042875686194748,3.789357155561447,1.5462369695305824,3.3794205468147993,5.27721805498004
1549312,0.057936209021136165,0.3503926224075258,3.7382291927933693,0.7289144396781921,0.08958315930794924,0.0800198542419821,3.5427761375904083,1.1420591194182634,4.1259262301027775,5.572753746062517
1550336,0.05066377412003931,0.18853709381073713,3.6333998441696167,0.5825926586985588,0.10524833991075866,0.0474532296648249,3.737839497625828,1.5117683373391628,5.9197754599153996,4.963686149567366
1551360,0.06045063181954902,0.21242213062942028,3.554654449224472,0.6101630665361881,0.10415025980910286,0.07116242730990052,3.762022703886032,1.4056970365345478,4.958962377160788,7.782021380960941
1552384,0.043020064680604264,0.1455116926226765,3.8365867137908936,0.7541325949132442,0.05923693921067752,0.03824809711659327,3.8824499621987343,1.5482630766928196,2.29620348662138,2.8587113805115223
1553408,0.0552802728198003,0.1810428397729993,3.7720048651099205,0.7505626194179058,0.12015546107431874,0.047764608170837164,3.870740108191967,1.670222356915474,2.1972531732171774,3.156540609896183
1554432,0.04001649550627917,0.3006934649311006,3.8464504033327103,0.7831342630088329,0.06803151278290898,0.07299180596601218,3.82513228058815,1.7069315239787102,4.757712863385677,3.927465632557869
1555456,0.021695070347050205,0.20536246011033654,3.877349264919758,0.8762114997953176,0.10866562597220764,0.03453499136958271,3.9010764211416245,1.6298919692635536,2.8811547830700874,3.0863236133009195
1556480,0.06697772594634444,0.2893362552858889,3.7248176112771034,0.7641433496028185,0.0842828525492223,0.05094496632227674,3.8676709830760956,1.736377164721489,4.119421422481537,2.771970644593239
1557504,0.05816522953682579,0.3346731518395245,3.7762782275676727,0.7635889183729887,0.06663461483549327,0.0465059038833715,3.6165198385715485,1.4063026942312717,2.9613692201673985,3.3094597049057484
1558528,0.08888278354424983,0.228584008757025,3.735155627131462,0.7587698269635439,0.1633298418018967,0.0442718310514465,3.846024163067341,1.6749280728399754,4.162541726604104,3.9994288329035044
1559552,0.0367748957069125,0.21964276023209095,3.6180711686611176,0.6087475335225463,0.138634180650115,0.044216333713848144,3.559915967285633,1.3341685608029366,2.8259971998631954,4.4291623421013355
1560576,0.04405485698953271,0.20957875391468406,3.841276153922081,0.7561139613389969,0.05766464131011162,0.04132240964099765,3.5536390393972397,1.2647015750408173,2.5665207598358393,3.191865637898445
1561600,0.054343974858056754,0.31575224455446005,3.920178510248661,0.9068341013044119,0.07962131791282445,0.061489158775657415,3.51896158605814,1.1814238540828228,3.54086185246706,2.627774430438876
1562624,0.0473306737258099,0.2873546900227666,3.864049233496189,0.8592624813318253,0.05491469023399986,0.05879838910186663,3.376130275428295,1.2308422587811947,3.2097103781998158,2.6588404029607773
1563648,0.06210909108631313,0.32492307014763355,3.463227428495884,0.5713769989088178,0.18254108005203307,0.06297183514107019,4.011693403124809,1.776884786784649,5.660612415522337,8.717060822993517
1564672,0.0642110536864493,0.3294896576553583,3.6107215359807014,0.6841052696108818,0.06491199735319242,0.054652336752042174,3.6600787937641144,1.2390236109495163,3.4104424230754375,4.15051007270813
1565696,0.07041031029075384,0.31236437894403934,3.6605344638228416,0.570454141125083,0.1748164356686175,0.05908851767890155,3.8033360466361046,1.3502164892852306,4.460643153637648,4.472475718706846
1566720,0.03310657863767119,0.27490823110565543,3.626516602933407,0.6376719046384096,0.08974198115174659,0.059186907834373415,3.53631504625082,0.9809643737971783,3.8791315890848637,5.218679953366518
1567744,0.044823209696915,0.32109349174425006,3.755066893994808,0.7720580734312534,0.050715682737063617,0.05103248875821009,3.5631948485970497,1.0644904244691133,2.154635574668646,3.2032020054757595
1568768,0.031520163582172245,0.1510808151215315,3.973476931452751,0.9015065897256136,0.04177916148910299,0.03977394540561363,3.819280244410038,1.509998608380556,1.6468354556709528,2.595751950517297
1569792,0.0655806543509243,0.2784930160269141,3.7539323270320892,0.7534002512693405,0.1697814075741917,0.1386423888616264,3.7098927572369576,1.4969042278826237,2.9549615681171417,9.280432645231485
1570816,0.041276196541730314,0.23697448149323463,3.755732424557209,0.658760916441679,0.12340378051158041,0.06825183890759945,3.8019445836544037,1.404151737689972,2.0064354706555605,6.738694116473198
1571840,0.05330526098259725,0.20842475909739733,3.7860690504312515,0.8298266008496284,0.05243129812879488,0.043720291170757264,3.532908968627453,1.210871186107397,2.308822922408581,2.5239036418497562
1572864,0.08580290607642382,0.37086854968219995,3.6011162251234055,0.716854277998209,0.144443288911134,0.10884105821605772,3.511664964258671,1.1920879855751991,5.145268641412258,11.333770230412483
1573888,0.04853095930593554,0.19287269609048963,3.58607629686594,0.5591348521411419,0.17981196683831513,0.035015901434235275,3.952067829668522,1.6496440581977367,3.258796252310276,5.452321231365204
1574912,0.06168849620735273,0.19265862833708525,3.5529562160372734,0.5927169695496559,0.08326907824084628,0.02589593583252281,3.624273829162121,1.2331319525837898,3.432768229395151,3.3786384388804436
1575936,0.03420085841207765,0.19315066863782704,3.718755267560482,0.6751948054879904,0.050063173432135954,0.02622118208091706,3.881328158080578,1.6443568132817745,2.4574626684188843,2.593568105250597
1576960,0.04059614959987812,0.31040094839408994,3.84945185482502,0.7511388771235943,0.063203914265614,0.06236013554735109,3.80705476552248,1.822740349918604,3.2002571038901806,3.623349791392684
1577984,0.0509471989935264,0.16577183036133647,3.8166477754712105,0.9828494545072317,0.046500497846864164,0.05004884320078418,3.8044814690947533,1.6166078224778175,2.3290018141269684,2.7001496329903603
1579008,0.029926911665825173,0.34758550114929676,3.846637822687626,0.8616770636290312,0.1434657364152372,0.10128316259942949,3.8274277076125145,2.1494703888893127,4.124551128596067,9.125023141503334
1580032,0.049044282670365646,0.2428261088207364,3.6600792333483696,0.7873870115727186,0.04691515938611701,0.07457772805355489,3.4651214852929115,1.467681910842657,2.7284395545721054,3.2411815598607063
1581056,0.0528337153227767,0.28266451694071293,3.8179332688450813,0.9034979902207851,0.07323244144208729,0.05661850911565125,3.572209119796753,1.4497107341885567,2.097931858152151,2.1111152954399586
1582080,0.03726305553573184,0.3176702493801713,3.7100842520594597,0.6678981855511665,0.04135936056263745,0.079284030594863,3.862965948879719,1.9506347067654133,4.7366593182086945,3.4280551187694073
1583104,0.01559044566238299,0.15319913462735713,3.7254191040992737,0.8264558799564838,0.018781780992867425,0.06572041870094836,3.806650198996067,2.0085897147655487,3.0591343864798546,5.903904125094414
1584128,0.03298995579825714,0.21699332166463137,3.927519775927067,0.8531085662543774,0.06934766715858132,0.05625284113921225,3.854055270552635,1.9037775248289108,4.06552105024457,5.807216111570597
1585152,0.07421863707713783,0.34742124332115054,3.7169556468725204,0.9148407392203808,0.1802065831143409,0.063972064293921,3.614304207265377,1.809979923069477,2.413990583270788,6.306445859372616
1586176,0.05464838910847902,0.48395343590527773,3.7633651718497276,0.8090823534876108,0.1429558575619012,0.07214875379577279,3.595565192401409,1.3599097207188606,4.666316084563732,6.522736739367247
1587200,0.046549345075618476,0.1617326894775033,3.8247971683740616,0.780116219073534,0.17600784194655716,0.05849404411856085,3.8624474704265594,1.9875948280096054,2.547511715441942,7.306097034364939
1588224,0.048582282950519584,0.26378180366009474,3.8335284143686295,0.8039134126156569,0.13404675154015422,0.052487941342405975,3.9952387884259224,1.8107097446918488,3.5852835439145565,6.688105426728725
1589248,0.0511498550476972,0.308144633192569,3.7989094629883766,0.7485106345266104,0.055484290671302006,0.06466695840936154,3.8041898012161255,1.3910981379449368,4.606753062456846,4.262409687042236
1590272,0.046479550379444845,0.27527781017124653,3.8863267302513123,0.7829872835427523,0.0767325557244476,0.0852043341146782,3.9871104434132576,1.993660382926464,3.042094161733985,4.4609962329268456
1591296,0.04112731435452588,0.26860046992078424,3.623635694384575,0.6605091746896505,0.15062621026299894,0.07466365094296634,3.9307598993182182,1.8064154163002968,3.024543322622776,5.855018965899944
1592320,0.04064023995306343,0.24941393500193954,3.8205549344420433,0.6860245428979397,0.0896044077235274,0.062040047836489975,3.907479017972946,1.63194789737463,4.249901827424765,4.59926600754261
1593344,0.059923088003415614,0.42922396678477526,3.6700897589325905,0.7157239597290754,0.09159182681469247,0.13443386531434953,3.6185140013694763,1.2865689508616924,4.069378972053528,9.158789072185755
1594368,0.03752066481683869,0.22978491242974997,3.381190687417984,0.43399391882121563,0.09665194258559495,0.06204429257195443,3.837080240249634,1.55173996463418,13.25635039806366,5.335498634725809
1595392,0.031787045212695375,0.17954598343931139,3.400588236749172,0.43572232965379953,0.18881863728165627,0.0493099752929993,4.086633391678333,1.5394135788083076,6.600867480039597,7.987599026411772
1596416,0.04208507193834521,0.2003058334812522,3.6338371112942696,0.608761677518487,0.07635363331064582,0.04405071277869865,3.5271379947662354,1.0571562498807907,5.190144754946232,3.454316210001707
1597440,0.07100585999432951,0.21536522451788187,3.8327972814440727,0.8453217893838882,0.09228258463554084,0.036492463550530374,3.90159922093153,1.290102481842041,4.573215454816818,3.5336590744554996
1598464,0.04488110134843737,0.2365160658955574,3.7681272998452187,0.6854094471782446,0.08252429403364658,0.046532618638593704,3.5566884204745293,1.1915556993335485,1.6861097048968077,4.160950161516666
1599488,0.03670670828432776,0.24029233027249575,3.8067921474575996,0.6972509156912565,0.06612077465979382,0.042374071723315865,3.7146395295858383,1.5331794656813145,2.072169966995716,3.3408649284392595
1600512,0.04946068947901949,0.20936702378094196,3.8149955794215202,0.7857018001377583,0.09250231011537835,0.03610716213006526,3.6693912595510483,1.4087595380842686,2.492262203246355,4.50652951747179
1601536,0.03588384066824801,0.2887591468170285,3.629462905228138,0.6591190658509731,0.06426989729516208,0.06331933266483247,3.5185219421982765,1.598252847790718,2.677021127194166,2.684698425233364
1602560,0.05122792613110505,0.2801200360991061,3.5691433027386665,0.605558842420578,0.08298405149253085,0.04738927446305752,3.6774737387895584,1.7470469661056995,4.034424744546413,2.7182432133704424
1603584,0.045984916083398275,0.37375461775809526,3.6516477689146996,0.6939350143074989,0.0970207103237044,0.06352790759410709,3.854927822947502,1.8603084832429886,3.6581153236329556,3.9054781198501587
1604608,0.07684434938710183,0.5081685911864042,3.8468892127275467,0.7055397443473339,0.11541994079016149,0.04545180487912148,3.9223000183701515,1.858243077993393,10.336472667753696,4.214866530150175
1605632,0.03936795532354154,0.361094914842397,3.4724567532539368,0.4715745085850358,0.16790048382245004,0.04282586765475571,4.0603198781609535,1.9436800964176655,7.360651686787605,5.5845720916986465
1606656,0.033945498667890206,0.1623771940357983,3.736657977104187,0.6491089649498463,0.15869082685094327,0.029526746948249638,4.093889951705933,1.672760248184204,3.1944864839315414,5.772539786994457
1607680,0.0330179535667412,0.16644736472517252,3.7530373260378838,0.6955280676484108,0.05941452254774049,0.051147461170330644,4.064458079636097,1.8497478850185871,2.586025781929493,3.1962150633335114
1608704,0.03743622187175788,0.18881119647994637,3.7533566802740097,0.694565262645483,0.10626106441486627,0.06696708337403834,4.036936603486538,1.8651022799313068,2.7542946375906467,3.994049660861492
1609728,0.032536221406189725,0.2666972656734288,3.617387570440769,0.523827807046473,0.15411976247560233,0.0810686977347359,4.186661668121815,2.099049512296915,9.467763289809227,10.400559179484844
1610752,0.036721270298585296,0.2666507698595524,3.7894382998347282,0.7550643365830183,0.020129600539803505,0.08803854044526815,3.5883019864559174,1.3807179108262062,2.5031654573976994,5.337491266429424
1611776,0.07595495757414028,0.45553520414978266,3.6720152869820595,0.7005119249224663,0.11763016093755141,0.06695409852545708,3.546280175447464,1.3758012875914574,6.691367480903864,5.8023354187607765
1612800,0.02772051838110201,0.22551555093377829,3.8355487287044525,0.7723710564896464,0.04239224747288972,0.06600731238722801,3.6840333491563797,1.659640770405531,2.554918808862567,5.107857644557953
1613824,0.06668012464069761,0.35880289413034916,3.917529173195362,0.9112865030765533,0.196873486507684,0.08658648247364908,4.134550549089909,1.8690226823091507,3.4426063634455204,5.021705556660891
1614848,0.054148721290403046,0.39164065197110176,3.7534340173006058,0.6830758526921272,0.16394007403869182,0.047739323461428285,3.9058063700795174,1.4703259505331516,5.447057865560055,3.4403210170567036
1615872,0.0661099340650253,0.40012280736118555,3.7771109268069267,0.7049736510962248,0.06628940047812648,0.05986206803936511,3.7084325328469276,1.165906049311161,3.880999717861414,3.7225584033876657
1616896,0.047107739897910506,0.29272398352622986,3.739897534251213,0.6432547345757484,0.04614952940028161,0.040698143595363945,3.8300469741225243,1.5642236322164536,3.425566567108035,3.0056337770074606
1617920,0.04718121566111222,0.23908412642776966,3.6040638387203217,0.5707287071272731,0.11022555225645192,0.0588548049563542,3.6786036640405655,1.3941536247730255,4.120479702949524,5.899025592952967
1618944,0.02288998127914965,0.31362622370943427,3.636177197098732,0.6212539188563824,0.0960112998727709,0.04531914455583319,3.586046241223812,1.244502067565918,3.904398411512375,8.346020355820656
1619968,0.06518906069686636,0.31939226295799017,3.7160083204507828,0.6874734833836555,0.11719595361500978,0.04527860053349286,3.8056496307253838,1.3099136538803577,3.39755642041564,2.6439880449324846
1620992,0.04032165714306757,0.16048597428016365,3.8502839133143425,0.6980092413723469,0.08577185840113088,0.03883049968862906,3.819547303020954,1.4187911450862885,1.5955322328954935,2.5905602667480707
1622016,0.06210375129012391,0.21229605795815587,3.867350496351719,0.8016829174011946,0.03956730567733757,0.039293058100156486,3.7552230805158615,1.4692568369209766,2.8771140463650227,2.4262263365089893
1623040,0.05600595203577541,0.6856047222390771,3.5661254301667213,0.6547056678682566,0.15214734675828367,0.12869940348900855,3.590832658112049,1.3806258030235767,4.469841692596674,5.392769854515791
1624064,0.055543710812344216,0.4298187280073762,3.790044128894806,0.7335518579930067,0.04459515499183908,0.06716502469498664,3.7282066121697426,1.827866468578577,2.4846371226012707,2.775422789156437
1625088,0.048406000147224404,0.27962474850937724,3.8935411646962166,0.7825675662606955,0.1261679285671562,0.03381347900722176,3.9615104645490646,2.0240523368120193,2.5587480030953884,3.8225040547549725
1626112,0.050029094229103066,0.1938292272388935,3.5702678561210632,0.5442410968244076,0.17037878942210227,0.03226772672496736,4.050210237503052,1.9748328030109406,3.16516699641943,3.6931918021291494
1627136,0.042579473461955786,0.15961556835100055,3.880897842347622,0.7082663178443909,0.05251342448173091,0.04544547887053341,3.965320535004139,1.891897365450859,5.219296474009752,3.944726161658764
1628160,0.0573525259969756,0.23922125063836575,3.7759997248649597,0.7623416129499674,0.09922775719314814,0.0585092909168452,3.610066942870617,1.1624742466956377,2.333570934832096,5.013651367276907
1629184,0.059073768090456724,0.16788345878012478,3.819885693490505,0.8465773090720177,0.08353615328087471,0.06591050222050399,3.8405026271939278,1.3749150447547436,2.6547544971108437,5.384220659732819
1630208,0.03794672098592855,0.21540734637528658,3.73480024933815,0.6255990378558636,0.06840636138804257,0.046393127529881895,3.926316514611244,1.6374980248510838,3.9266526326537132,4.3426713310182095
1631232,0.06823028629878536,0.2775388387963176,3.7700663208961487,0.6711775250732899,0.0868865956144873,0.06197984132450074,4.129247792065144,1.7937935292720795,4.648865751922131,5.917981833219528
1632256,0.059680146572645754,0.3580299667082727,3.703436315059662,0.6251744534820318,0.12052618991583586,0.05656610371079296,3.8006510213017464,1.4977509304881096,5.109525606036186,6.398230150341988
1633280,0.04416802131163422,0.38193885423243046,3.5906428322196007,0.5182450842112303,0.14522708486765623,0.0710344371618703,3.999918796122074,1.4244048707187176,4.561227846890688,6.210187550634146
1634304,0.04456159838446183,0.29337988467887044,3.6242068633437157,0.5562467761337757,0.10918697959277779,0.061535678687505424,3.8462025076150894,1.2305571399629116,5.778796158730984,7.026603404432535
1635328,0.05626875412417576,0.2146176677197218,3.609808437526226,0.5444786734879017,0.12199144926853478,0.02293758568703197,3.251515746116638,0.8782201018184423,5.213717661798,3.549708181992173
1636352,0.045137934444937855,0.19551442936062813,3.474544622004032,0.49222837295383215,0.0956129512633197,0.021118110395036638,3.590765431523323,1.0959508828818798,4.859546847641468,3.154458299279213
1637376,0.04689220036379993,0.18579944549128413,3.5925192683935165,0.540585027076304,0.06838963885093108,0.026455300831003115,3.7647419571876526,1.306529063731432,3.772817987948656,4.602344615384936
1638400,0.040238161163870245,0.2181243086233735,3.778414487838745,0.6619667280465364,0.04727985744830221,0.0880623934790492,3.905497185885906,1.8946973495185375,3.2014728114008904,5.147010818123817
1639424,0.03327634229208343,0.22555017215199769,3.92678876966238,0.7816559728235006,0.010665665497072041,0.07788180001080036,3.8661856949329376,2.045326441526413,3.1104960180819035,4.2640675380826
1640448,0.046364498673938215,0.12459775782190263,3.9373744353652,0.7567792721092701,0.11794568723416887,0.030840485298540443,4.155268020927906,2.2570336386561394,2.405199460685253,2.473634196445346
1641472,0.06432101054815575,0.37663113698363304,3.6949291676282883,0.6932166516780853,0.08672701678005978,0.09163624991197139,3.9417086392641068,1.6702336519956589,8.40502729639411,6.013154532760382
1642496,0.052599013317376375,0.36623107735067606,3.726213201880455,0.727421198040247,0.034598202182678506,0.08455241855699569,3.676815487444401,1.592116393148899,3.543484777212143,3.5593126751482487
1643520,0.05099271351355128,0.3872159533202648,3.763882651925087,0.6582919042557478,0.0643991032266058,0.06625667540356517,3.963951200246811,2.10732040181756,3.288411643356085,3.422510799020529
1644544,0.06015606186701916,0.32985015446320176,3.4948232397437096,0.56142751686275,0.16873004497028887,0.1086916693020612,3.8802619948983192,1.7465660385787487,4.807228337973356,7.499919563531876
1645568,0.039398754481226206,0.3232344575226307,3.554568186402321,0.5056986389681697,0.10043636767659336,0.07142443547490984,3.626139871776104,1.4447341971099377,7.146220445632935,6.508251465857029
1646592,0.030022210587048903,0.2218789509497583,3.941874645650387,0.728086069226265,0.02171719982288778,0.04211681673768908,4.0087301060557365,1.9258049502968788,1.8839610982686281,3.243086077272892
1647616,0.06152591844875133,0.3109124870970845,3.7320883944630623,0.633051760494709,0.05923479935154319,0.06654179433826357,3.7250941693782806,1.6873296461999416,7.661987893283367,4.9501280374825
1648640,0.05835129678598605,0.28115682816132903,3.810941733419895,0.729174455627799,0.07402213598834351,0.07581650267820805,3.7952348738908768,1.6667568981647491,4.299813471734524,7.088930606842041
1649664,0.06925801097531803,0.4691504156216979,3.6630658581852913,0.6147080417722464,0.13585253828205168,0.06866994977463037,4.017639443278313,1.7075492106378078,7.388976186513901,5.6040328703820705
1650688,0.038731267442926764,0.26842670096084476,3.671737477183342,0.6230206601321697,0.04201873252168298,0.057685745880007744,3.6848568841814995,1.5307985804975033,2.413216119632125,3.389130186289549
1651712,0.049640348443062976,0.40255292411893606,3.73267013579607,0.6291931923478842,0.11454534577205777,0.05997148680035025,3.964562378823757,1.9276327416300774,5.768923435360193,4.917065646499395
1652736,0.03943892673123628,0.26945549342781305,3.8984968438744545,0.8458260726183653,0.02383638540050015,0.06638967315666378,3.6787388771772385,1.6663206554949284,2.515590935945511,3.451864644885063
1653760,0.04371794723556377,0.1813859143294394,3.764180138707161,0.6942919418215752,0.1447126924758777,0.06593230087310076,3.8915671184659004,1.8680116347968578,2.9343419782817364,6.877566561102867
1654784,0.03328162367688492,0.28765131812542677,3.8385207131505013,0.8386434651911259,0.0621407434809953,0.06575104803778231,3.7765651270747185,1.6656681038439274,4.654385577887297,4.9591089859604836
1655808,0.048910722543951124,0.32138564670458436,3.8615705966949463,0.7776809763163328,0.09315280866576359,0.06653671863023192,3.6429312974214554,1.6871097534894943,4.1185269840061665,5.109340995550156
1656832,0.043540492333704606,0.21243938896805048,3.603915512561798,0.6234386516734958,0.19904339918866754,0.10295434214640409,4.147011011838913,2.028105955570936,4.036497261375189,13.362824570387602
1657856,0.044951078860322013,0.41986986715346575,3.888729974627495,0.949085270985961,0.08178242872236297,0.1125813138205558,3.5775962993502617,1.2405533604323864,2.639171365648508,5.6235262379050255
1658880,0.04960572431446053,0.4259036141447723,3.860651522874832,0.7780760824680328,0.08300216334464494,0.04866337380371988,3.9446051940321922,1.7616852670907974,4.719689819961786,4.933188680559397
1659904,0.05566151381935924,0.3092577951028943,3.730010576546192,0.614591009914875,0.15718688047491014,0.06857962242793292,3.932469315826893,1.5553082376718521,5.8963838666677475,6.882160052657127
1660928,0.05480671173427254,0.22721139946952462,3.7452161610126495,0.675697822123766,0.1430249981349334,0.06424192478880286,3.7166721746325493,1.2619570549577475,4.002238838002086,9.364879041910172
1661952,0.04989246715558693,0.2181773609481752,3.798649847507477,0.813306013122201,0.05820741309435107,0.052348125143907964,3.538900464773178,1.048534344881773,2.169246807694435,6.103577472269535
1662976,0.05851435585645959,0.2591872769407928,3.789643317461014,0.7702311724424362,0.057138851552736014,0.04320149979321286,3.4313848838210106,1.2151171080768108,4.128406062722206,4.800181411206722
1664000,0.023961521103046834,0.20275778230279684,3.808676451444626,0.7403155472129583,0.00375705782789737,0.06440589402336627,3.732415020465851,1.8358358703553677,2.892188288271427,4.150184132158756
1665024,0.05326909452560358,0.24859070219099522,3.7880409955978394,0.7248018011450768,0.06800725788343698,0.07626429770607501,3.847792588174343,2.125919073820114,4.76939944177866,6.649904824793339
1666048,0.05119287970592268,0.35239836340770125,3.667665794491768,0.5835924949496984,0.13808174466248602,0.049508336931467056,4.176602721214294,2.198296546936035,5.587479684501886,5.176212850958109
1667072,0.0626093348255381,0.23761745309457183,3.9034905955195427,0.7881663385778666,0.14720309106633067,0.041593699890654534,4.05306002497673,1.7586605176329613,5.780153781175613,4.463463716208935
1668096,0.05084278591675684,0.22721416829153895,3.6682336628437042,0.6389940269291401,0.11861799075268209,0.04644202045165002,3.7915807142853737,1.3224161677062511,3.479204883798957,3.7935131676495075
1669120,0.048205754661466926,0.1511311896611005,3.759062170982361,0.6772496476769447,0.023621079613803886,0.07242727465927601,3.795957989990711,1.4529154896736145,4.774530943483114,5.659781139343977
1670144,0.03549630240013357,0.2177566597238183,3.648406930267811,0.5627439757809043,0.09902491414686665,0.055180316674523056,3.7697568833827972,1.5936176888644695,4.215550675988197,5.081645209342241
1671168,0.045470366458175704,0.17144670174457133,3.8514444679021835,0.7148141767829657,0.05737966299057007,0.030505266622640193,3.8411480113863945,1.6962812580168247,2.318247277289629,2.720902908593416
1672192,0.029338035121327266,0.25725835049524903,3.8986676633358,0.797068914398551,0.05227746974560432,0.051251128665171564,3.693447485566139,1.727023545652628,2.6143977902829647,2.497852023690939
1673216,0.050031598046189174,0.17810859950259328,3.939550630748272,0.9076148942112923,0.07732101861620322,0.04306083754636347,3.9190730154514313,1.9815171174705029,2.1355097871273756,2.1857700776308775
1674240,0.0411553563317284,0.19094281177967787,3.6671155765652657,0.6790117155760527,0.11200946237659082,0.037857625633478165,3.744344562292099,1.716503333300352,2.508184904232621,2.8132105879485607
1675264,0.039589094201801345,0.36872728262096643,3.7940275967121124,0.7317127529531717,0.14786355779506266,0.049523851135745645,3.89511426538229,1.821636512875557,3.784467589110136,2.7695442214608192
1676288,0.054391447571106255,0.19483401533216238,3.6798291578888893,0.6611396633088589,0.08447392302332446,0.04461780202109367,3.9004086554050446,1.7419916093349457,2.6634824741631746,2.738850984722376
1677312,0.02820867685659323,0.22194992448203266,3.9775440096855164,0.8674123454838991,0.06344762147637084,0.08411108027212322,4.230484306812286,1.9788626544177532,2.574350494891405,7.452904082834721
1678336,0.06151692662388086,0.1655506829265505,3.947460651397705,0.7661718409508467,0.11281243362464011,0.0488037503673695,3.6187545731663704,1.4027342535555363,3.2876512855291367,3.4285688176751137
1679360,0.04690005890734028,0.2206465513445437,3.855526991188526,0.7309233490377665,0.09912086406257004,0.057458452763967216,3.5633005052804947,1.150458849966526,2.8479637689888477,4.420862749218941
1680384,0.06671322209876962,0.17179507808759809,3.7129227742552757,0.6739239897578955,0.12435752246528864,0.05386733991326764,3.7608472481369972,1.2468614503741264,4.787978082895279,6.650756638497114
1681408,0.04489863671915373,0.19420420425012708,3.8080488219857216,0.7084198389202356,0.11065969109768048,0.03239179105730727,3.7172854840755463,1.1752610690891743,2.428277024999261,6.1813306249678135
1682432,0.06773565518960822,0.2400650312192738,3.8075777292251587,0.7511079218238592,0.0927269427338615,0.02868124717497267,3.7174643725156784,1.2854646183550358,4.4267053455114365,3.7984192725270987
1683456,0.04716787005600054,0.1899391484912485,3.7828566431999207,0.6407732758671045,0.09714093941147439,0.030742062837816775,3.73097226023674,1.4284997209906578,3.3682083189487457,4.634842798113823
1684480,0.08434202242642641,0.43234202917665243,3.7431500628590584,0.6721986811608076,0.15426647569984198,0.043776015809271485,3.97919762134552,1.4806501083076,7.143489584326744,5.97315744869411
1685504,0.04786464816424996,0.481955504976213,3.807582899928093,0.6565231755375862,0.07216377576696686,0.06024880602490157,3.884605534374714,1.4207557775080204,3.5775992572307587,3.2822264432907104
1686528,0.04199878036160953,0.12661105301231146,4.015449650585651,0.9128187131136656,0.013834365381626412,0.044569370889803395,4.028702028095722,1.8030375577509403,2.4587989933788776,3.070252599194646
1687552,0.05493703453976195,0.505488789640367,3.7147332951426506,0.6621939167380333,0.11303120653610677,0.05128266511019319,3.705742761492729,1.8963874280452728,4.587777007371187,3.958480156958103
1688576,0.041471706761512905,0.4875021521002054,3.703313171863556,0.6761004514992237,0.05660541879478842,0.05938325903844088,3.487318493425846,1.6750458031892776,3.55094575509429,3.492424787953496
1689600,0.06178358622128144,0.5496580451726913,3.8377378657460213,0.7525009140372276,0.12245664579677396,0.0725573729723692,4.120722636580467,2.6752939969301224,4.971200425177813,3.0942439325153828
1690624,0.0514006640878506,0.39394456800073385,3.5928999707102776,0.5094833374023438,0.18707071244716644,0.08772306714672595,3.96717269718647,2.2190772257745266,3.9865335412323475,5.090356756001711
1691648,0.03439889622677583,0.36834467109292746,3.6513347551226616,0.6684943893924356,0.03884843995911069,0.08500071964226663,3.4442703500390053,1.5894319638609886,5.020067535340786,9.193140104413033
1692672,0.05409796015010215,0.2151959715411067,3.8057491928339005,0.7916754428297281,0.1233600185951218,0.06293035263661295,3.7690609246492386,1.6596203073859215,3.236115224659443,7.2826703898608685
1693696,0.04103078799380455,0.31459243316203356,3.7919128760695457,0.713423116132617,0.13421962095890194,0.08934736147057265,3.450547993183136,1.5805425681173801,3.8726663142442703,4.901707708835602
1694720,0.049875109747517854,0.20291754975914955,3.614908643066883,0.5761966146528721,0.15801124484278262,0.053663186670746654,3.7595006600022316,1.37485271692276,3.352293509989977,5.031816605478525
1695744,0.04744025462423451,0.26104994444176555,3.943323530256748,0.9394537340849638,0.0631504514021799,0.05660778284072876,3.583352208137512,1.1570686977356672,3.4761576652526855,3.35483543202281
1696768,0.059260898269712925,0.31610424257814884,3.8193557634949684,0.7397670857608318,0.08271348022390157,0.06711861060466617,3.678277425467968,1.422174472361803,2.6459926404058933,4.528742931783199
1697792,0.02798460856138263,0.23868910828605294,3.85934180021286,0.8750862702727318,0.133645519730635,0.12038838071748614,4.150888338685036,1.9109968319535255,2.066970892250538,4.661139655858278
1698816,0.06414143840083852,0.25502983713522553,3.7141682282090187,0.7192106302827597,0.13047983637079597,0.056395729538053274,4.04468248039484,1.6837521716952324,3.27269634231925,3.124111335724592
1699840,0.02581135183572769,0.13199341809377074,3.878704786300659,0.7381216483190656,0.011288567708106712,0.04382379777962342,4.048312701284885,1.7667508721351624,2.440323866903782,3.63912570849061
1700864,0.0761553809279576,0.36964622139930725,3.8457381278276443,0.7684967871755362,0.185629514278844,0.08045962045434862,4.143140934407711,1.9296908602118492,5.004009775817394,4.879248533397913
1701888,0.05665112507995218,0.3036159323528409,3.90032996237278,0.9139900896698236,0.11544014362152666,0.06144291383679956,3.9565069004893303,1.6247269734740257,2.084329903125763,3.590816918760538
1702912,0.05039115852559917,0.32160595431923866,3.825312115252018,0.8774299267679453,0.02480096247745678,0.10171050392091274,3.6302104368805885,1.3905116617679596,2.765376165509224,2.86234974861145
1703936,0.05212038767058402,0.26969633903354406,3.7484999299049377,0.7113487292081118,0.12839210010133684,0.06855469208676368,3.6889271289110184,1.6078249551355839,2.79691375605762,3.363978687673807
1704960,0.054361094036721624,0.27565582981333137,3.6267113089561462,0.628340195864439,0.1552530083572492,0.07227684662211686,3.971954122185707,1.726018037647009,4.080461826175451,4.295298527926207
1705984,0.059403796272818,0.3384729567915201,3.6520747989416122,0.6400556284934282,0.12068907299544662,0.0489996193209663,4.129281908273697,1.681809902191162,5.305293694138527,2.858655570074916
1707008,0.04344957455759868,0.1818238627165556,3.471986263990402,0.48088328819721937,0.17083800793625414,0.032733640691731125,3.9089020639657974,1.4071090556681156,4.5528766587376595,4.152413919568062
1708032,0.05892000571475364,0.14382437500171363,3.9148508608341217,0.8006937969475985,0.044298848282778636,0.027683278982294723,3.483570948243141,0.9289440829306841,1.815930437296629,2.8510169275105
1709056,0.05309400841360912,0.19765483681112528,3.7010599598288536,0.6617361716926098,0.10420384519966319,0.050652072532102466,3.731897823512554,1.352467391639948,2.233016863465309,2.723964683711529
1710080,0.03594166346010752,0.2315339855849743,3.831623002886772,0.7975109294056892,0.1230006801779382,0.047460119472816586,3.919374294579029,1.739255152642727,2.485061038285494,3.6414480097591877
1711104,0.059185552439885214,0.22814850602298975,3.77125496417284,0.7706415802240372,0.098858158220537,0.034834339399822056,3.5024016201496124,1.1148884817957878,3.4149088114500046,4.0388952642679214
1712128,0.0420604670944158,0.17830714536830783,3.8811567574739456,0.8436998184770346,0.06641454272903502,0.044641416461672634,3.7944774702191353,1.3959359265863895,1.6458712350577116,2.8336510099470615
1713152,0.04193599752034061,0.15778063982725143,3.5896758809685707,0.5503879841417074,0.08645498059922829,0.038023043889552355,3.7185249105095863,1.4684731289744377,3.5272286161780357,2.68585866689682
1714176,0.04321432515280321,0.28696150053292513,3.8427752405405045,0.7694961819797754,0.11413994699250907,0.06111678353045136,3.7330392226576805,1.4587432071566582,2.3628709744662046,4.793904583901167
1715200,0.04274927484220825,0.24635352939367294,3.7688309848308563,0.7390587627887726,0.06499520194483921,0.047175778599921614,3.7082647532224655,1.6506378054618835,2.365394737571478,3.585098583251238
1716224,0.05337384181621019,0.42379387374967337,3.622025780379772,0.5799905052408576,0.17504946561530232,0.05609765916597098,4.153266832232475,1.813671663403511,4.49505016207695,6.004322208464146
1717248,0.04945389155182056,0.20665990468114614,3.653856433928013,0.5502990996465087,0.1478482314851135,0.031235376663971692,4.0236967876553535,1.4847664199769497,3.4473955035209656,3.390582859516144
1718272,0.04669603068032302,0.17603960470296443,3.5364949479699135,0.5085790921002626,0.12692312989383936,0.03980732726631686,3.2145966216921806,1.052310086786747,3.383752930909395,5.3294433653354645
1719296,0.048373085068305954,0.15535280806943774,3.6237817630171776,0.5875859539955854,0.1460691476240754,0.0293144698953256,3.9195083752274513,1.289099793881178,2.351970139890909,3.5954276230186224
1720320,0.049301403341814876,0.21408985182642937,3.789520673453808,0.7445774730294943,0.08563586859963834,0.04768468800466508,3.5510827898979187,1.0178358275443316,2.3309702426195145,4.670419260859489
1721344,0.04271884440095164,0.2241238201968372,3.693541221320629,0.5809685532003641,0.040400381752988324,0.05606255354359746,3.431604139506817,1.0624817553907633,2.304443385452032,3.764824252575636
1722368,0.042799581060535274,0.15317807719111443,3.6217437461018562,0.6158075910061598,0.0736489329719916,0.03277873218758032,3.673905350267887,1.5822793170809746,1.8842659555375576,2.386606255546212
1723392,0.06744621827965602,0.3280343799851835,3.633883163332939,0.6331846714019775,0.18068896839395165,0.03979435964720324,4.079207822680473,2.0564721822738647,3.092272862792015,4.076300580054522
1724416,0.04824403638485819,0.30395841924473643,3.797162614762783,0.7296310197561979,0.10053291643271223,0.10731064761057496,4.090105481445789,1.8465580493211746,4.25686702132225,6.969245482236147
1725440,0.04441185291216243,0.1169858044013381,3.8274835273623466,0.711154954507947,0.08279877493623644,0.04240441106958315,3.8116605952382088,1.6462391763925552,1.9506307821720839,5.638936761766672
1726464,0.028863860890851356,0.10983848059549928,3.7840408384799957,0.7152670342475176,0.057515013380907476,0.03596859204117209,3.849647432565689,1.6759951412677765,1.4877307284623384,2.473761538043618
1727488,0.06407981523079798,0.35006339475512505,3.8238464891910553,0.8983118738979101,0.049351212597684935,0.08087907312437892,3.50032676756382,1.3139430209994316,4.770116847008467,3.105953134596348
1728512,0.04964356549317017,0.27870170772075653,3.812091179192066,0.8058081232011318,0.050036855071084574,0.04682224872522056,4.008233144879341,2.0954425372183323,3.0463375337421894,3.4252523723989725
1729536,0.047376390313729644,0.3678769702091813,3.69591623544693,0.6288254112005234,0.10619744542054832,0.06896028749179095,4.177855581045151,2.327090710401535,6.939896114170551,3.5231624245643616
1730560,0.04529322119196877,0.38653398398309946,3.867295555770397,0.7909450568258762,0.18203924456611276,0.03917421615915373,4.478571876883507,2.3677696213126183,3.357119284570217,3.3972393982112408
1731584,0.07612975846859626,0.39864057768136263,3.6670396253466606,0.7155027650296688,0.10802398039959371,0.07914571440778673,3.788628362119198,1.3033026345074177,4.00133428350091,3.826640335842967
1732608,0.03566843979933765,0.22410932881757617,3.8302062302827835,0.7249004375189543,0.10337626707041636,0.026938950992189348,3.785387873649597,1.3435359261929989,2.1636594608426094,2.331194896250963
1733632,0.042171584645984694,0.27938356436789036,3.798963241279125,0.7888241726905107,0.07581165706505999,0.06878769490867853,3.9156695529818535,1.484967689961195,2.2143520433455706,6.336949683725834
1734656,0.039023613557219505,0.20387229975312948,3.934116870164871,0.8623049110174179,0.04619857872603461,0.046487805258948356,3.7387051731348038,1.460571177303791,2.6232013292610645,2.91899099573493
1735680,0.04590954040759243,0.29058143869042397,3.7067767307162285,0.7486508507281542,0.09541880892356858,0.05249801941681653,3.6527905464172363,1.4020796157419682,3.212918683886528,4.7135633416473866
1736704,0.0666807967791101,0.21210854197852314,3.708803378045559,0.6715769115835428,0.20445668091997504,0.07070898229721934,4.0008393451571465,1.627952080219984,2.8687470015138388,10.200373783707619
1737728,0.04475650400854647,0.16511404141783714,3.5563308745622635,0.47691387962549925,0.11014019441790879,0.030903688573744148,3.748503051698208,1.2770926021039486,2.901244707405567,2.9558677338063717
1738752,0.03568865830311552,0.14576792740263045,3.692376509308815,0.5361254690214992,0.12276633025612682,0.02977519144769758,3.8070984482765198,1.3788564912974834,1.8688978664577007,5.310543676838279
1739776,0.04507820538128726,0.18947862857021391,3.829632706940174,0.6915217638015747,0.026365789235569537,0.0294890099321492,3.623224973678589,1.369379885494709,2.1027056239545345,2.2545249052345753
1740800,0.04396691793226637,0.18741357093676925,3.791642963886261,0.6498496476560831,0.12401231657713652,0.033089837699662894,3.8317454755306244,1.691489789634943,1.9861523527652025,1.809622049331665
1741824,0.03565211230306886,0.2760983007028699,3.8844450414180756,0.8000542148947716,0.05122899220441468,0.05516229692148045,3.5689252763986588,1.3151098228991032,2.23682414367795,4.663435038179159
1742848,0.026852417562622577,0.2022897908464074,3.776691108942032,0.7608666941523552,0.03119324884028174,0.05265309440437704,3.6836168691515923,1.460188340395689,2.982991222292185,4.014277778565884
1743872,0.06469200080027804,0.3645723392255604,3.752801775932312,0.6723789311945438,0.10576185915851966,0.03776156634557992,3.4040338918566704,1.2219888307154179,3.8473592922091484,3.0349553152918816
1744896,0.04735276894643903,0.23400219483301044,3.5497808307409286,0.5520191174000502,0.18406264996156096,0.070501618552953,3.8364629074931145,1.332368142902851,2.155140805989504,7.206059392541647
1745920,0.0568283801258076,0.2230462273582816,3.668926604092121,0.6318802684545517,0.06703898013802245,0.03896330570569262,3.742723397910595,1.2088947780430317,4.489640161395073,2.941664082929492
1746944,0.050536594513687305,0.1108547798357904,3.902403101325035,0.7870711125433445,0.07941404869779944,0.02802417252678424,3.6292863190174103,1.3805326707661152,1.2532533593475819,2.845665132626891
1747968,0.015372762667539064,0.13009484414942563,3.7964117601513863,0.6749499458819628,0.028565501590492204,0.022760218766052276,3.649907447397709,1.5129132606089115,2.3368385769426823,3.475910037755966
1748992,0.04421102713968139,0.30243415804579854,3.8168638572096825,0.8643074538558722,0.03183418681146577,0.07830164826009423,3.610448405146599,1.6818625926971436,2.622200697660446,2.4048231430351734
1750016,0.06397258164361119,0.3382507869973779,3.432954914867878,0.5558820171281695,0.11602678638882935,0.051720050745643675,3.849257178604603,1.8360494561493397,5.1806700229644775,5.343699850142002
1751040,0.031450206035515293,0.2681108615361154,3.3789343535900116,0.41814920026808977,0.10410805157152936,0.058038239600136876,4.060783788561821,2.0728483013808727,6.371211964637041,5.75658692419529
1752064,0.03579979928326793,0.2250930187292397,3.7684742361307144,0.6709216944873333,0.08282648239401169,0.04242080746917054,3.819679506123066,1.8643131367862225,3.362073475494981,3.9761810936033726
1753088,0.03360930326743983,0.19149417476728559,3.8697323352098465,0.7737614251673222,0.09651448240038007,0.05461739108432084,4.130908310413361,2.0321446172893047,2.409499853849411,3.8507610745728016
1754112,0.06465408211806789,0.27297241939231753,3.8265311643481255,0.7076453883200884,0.1256727801519446,0.049549339280929416,4.150347501039505,1.8923819586634636,4.760709464550018,3.7900365330278873
1755136,0.05181659293884877,0.2064126916229725,3.825752340257168,0.7860158700495958,0.10787420673295856,0.03911185945617035,3.878501147031784,1.5298142097890377,2.35707676038146,2.657050935551524
1756160,0.07341214665211737,0.34640652080997825,3.811799518764019,0.7910216562449932,0.08847686438821256,0.04235183680430055,3.6895290687680244,1.2656156495213509,3.9998539574444294,2.988221611827612
1757184,0.041794394615862984,0.33152440283447504,3.7273710817098618,0.6316056605428457,0.08047449204605073,0.04185586766107008,3.9014640897512436,1.6583050265908241,3.0236576572060585,3.113380514085293
1758208,0.05244707703241147,0.25358967995271087,3.751356862485409,0.7035070843994617,0.11711069161538035,0.047647617175243795,3.863778606057167,1.5780131965875626,2.9539173915982246,4.6064523085951805
1759232,0.030600751779275015,0.14299121755175292,3.973534420132637,0.8865837082266808,0.13137707259738818,0.04087796248495579,4.2538386434316635,2.0001877434551716,2.350450836122036,4.776653829962015
1760256,0.06910675973631442,0.21818506997078657,3.8440416678786278,0.72746342420578,0.07275968743488193,0.038681017118506134,3.85271667689085,1.4917061291635036,2.6819603703916073,3.3169981725513935
1761280,0.05068650480825454,0.17535101063549519,3.4815648421645164,0.5398719049990177,0.04044845193857327,0.039044510340318084,3.5602065473794937,1.4430236965417862,4.747678078711033,4.689272593706846
1762304,0.056758505874313414,0.2541104070842266,3.533310428261757,0.5925609804689884,0.18901600316166878,0.05561420100275427,3.879185326397419,1.8447710685431957,2.8368712551891804,9.848962690681219
1763328,0.03432610465824837,0.27877306332811713,3.695019505918026,0.6170567031949759,0.036880499857943505,0.06953609053744003,4.068206287920475,2.045682407915592,3.6546126008033752,6.515847437083721
1764352,0.052897283603670076,0.18842966109514236,3.7817394211888313,0.7009123675525188,0.06302997513557784,0.03240912011824548,3.77352374792099,1.9759357497096062,2.624756706878543,3.134122271090746
1765376,0.04996101645519957,0.25469439616426826,3.829537019133568,0.7695307508111,0.04525577445747331,0.051976813352666795,3.497943304479122,1.7841741517186165,1.9368620496243238,4.994593575596809
1766400,0.03824412659741938,0.26099890656769276,3.8119506016373634,0.7668060306459665,0.1427244667429477,0.09531984117347747,3.8641822561621666,1.9811908565461636,3.2822816111147404,4.848930548876524
1767424,0.05616748833563179,0.4005048321560025,3.925058625638485,0.8654239140450954,0.060337215807521716,0.09769973694346845,3.9659489691257477,1.8716695494949818,3.439824443310499,4.80904508754611
1768448,0.059713922411901876,0.3009695685468614,3.781435936689377,0.730451762676239,0.1311663679080084,0.13995265727862716,3.888788990676403,1.7890559174120426,2.82144420966506,12.253859803080559
1769472,0.057568462420022115,0.27751414105296135,3.7306923419237137,0.7996961511671543,0.12171322561334819,0.05534429050749168,4.0832851976156235,1.7932261377573013,5.19226711243391,6.672107316553593
1770496,0.06907199617126025,0.3123577116057277,3.7788119688630104,0.7865004595369101,0.052454068209044635,0.05671620962675661,3.472489833831787,1.2250762358307838,3.8776498027145863,5.038918450474739
1771520,0.024961566290585324,0.20083136903122067,4.014862187206745,0.8938759285956621,0.10148025106173009,0.05569056002423167,3.830117605626583,1.6834296099841595,1.360021609812975,3.8819339498877525
1772544,0.06040362370549701,0.2912640878930688,3.7236572057008743,0.6936793383210897,0.16309457982424647,0.06438343145418912,3.8619792386889458,1.759645126760006,3.054925624281168,6.546546675264835
1773568,0.050193298899102956,0.17614092538133264,3.6695288345217705,0.6432254035025835,0.12731921032536775,0.05168564722407609,4.228555977344513,1.9139133803546429,2.7900612503290176,8.020454574376345
1774592,0.046618876745924354,0.20487046241760254,3.621042124927044,0.5943180155009031,0.08025211270432919,0.04516294307541102,3.9752174764871597,1.5662085972726345,3.8785144314169884,3.7924315221607685
1775616,0.06604664224141743,0.1179150864481926,3.8366075605154037,0.7426615199074149,0.20786652876995504,0.041659706621430814,3.85996101051569,1.6134834699332714,2.7695179395377636,10.515714840963483
1776640,0.05736553343012929,0.2745204446837306,4.021996222436428,0.8822697289288044,0.04386473854538053,0.04119723959593102,3.7036347910761833,1.364542480558157,2.6781498044729233,3.5992818623781204
1777664,0.07284462326788343,0.29075505724176764,4.005406782031059,0.8531889617443085,0.03438255609944463,0.060925766243599355,3.9417639300227165,1.7626478783786297,2.936286438256502,3.4844851959496737
1778688,0.04688439854362514,0.2895626099780202,3.6728702783584595,0.6243394520133734,0.15747385984286666,0.0686929045477882,3.416671246290207,1.1790685784071684,3.3046916760504246,7.731803074479103
1779712,0.056099779685609974,0.22116001648828387,3.6771932020783424,0.645533399656415,0.04225028192740865,0.0423834933899343,3.6138902083039284,1.4184791147708893,3.7793617248535156,2.538457063958049
1780736,0.03836370112549048,0.2086210884153843,3.5819938108325005,0.6094409096986055,0.10236870514927432,0.057308747665956616,4.045753993093967,2.023037828505039,2.501532346010208,2.7968687042593956
1781760,0.054431170457974076,0.19503665622323751,3.721410498023033,0.687037754803896,0.09540653706062585,0.04380534979281947,3.6158051937818527,1.6115466356277466,1.9210317097604275,2.8984448090195656
1782784,0.0442620990506839,0.20072063151746988,3.6846704334020615,0.6351438742130995,0.006544964853674173,0.04199956031516194,3.3927761167287827,1.496137510985136,3.8554932959377766,5.264345597475767
1783808,0.04355790701811202,0.1864628461189568,3.6525241658091545,0.5953130554407835,0.24099659454077482,0.04464435327099636,3.9742784649133682,2.229131545871496,2.9678058959543705,6.297998305410147
1784832,0.05609057378023863,0.24351690895855427,3.5391920506954193,0.5123699614778161,0.10636860586237162,0.03259090066421777,4.111009299755096,2.254109527915716,5.415816556662321,2.6102818343788385
1785856,0.020074531545105856,0.29751592641696334,3.826103687286377,0.8398131281137466,0.01609983469825238,0.06684633233817294,3.413751907646656,1.4235681407153606,1.6432697363197803,3.703233018517494
1786880,0.03345918083505239,0.4752510404214263,3.504497714340687,0.5275012636557221,0.12033010297454894,0.06489445036277175,3.790603429079056,1.6613956950604916,6.688377134501934,5.233907371759415
1787904,0.03540046219131909,0.2695002402178943,3.6039261668920517,0.5663332873955369,0.13167360564693809,0.05408961232751608,3.7530896440148354,1.6293481402099133,5.492182224988937,4.344113040715456
1788928,0.03636012671631761,0.21005118219181895,3.55132257938385,0.5547715220600367,0.08886084309779108,0.07901779958046973,3.811122491955757,1.5811293236911297,5.091181196272373,5.562088642269373
1789952,0.03265507586183958,0.2715010098181665,3.764224074780941,0.8056319989264011,0.040159754164051265,0.08109931740909815,3.5900936871767044,1.4177475161850452,2.2253486309200525,4.194138638675213
1790976,0.05172052176203579,0.2889300901442766,3.6003586277365685,0.6832625716924667,0.03046903951326385,0.10398809006437659,3.4636577144265175,1.5383414346724749,3.2237037047743797,4.474870186299086
1792000,0.04202895218622871,0.2030199458822608,3.8797630444169044,0.7718290649354458,0.17435601027682424,0.05324827315052971,4.0712685957551,2.0215935334563255,2.258441209793091,4.26504297927022
1793024,0.06538297348015476,0.26720623252913356,3.8787420615553856,0.8187294751405716,0.07619286951376125,0.05106529931072146,3.746623657643795,1.5790698379278183,5.798602722585201,3.418084543198347
1794048,0.037620489863911644,0.27943201595917344,3.875359296798706,0.7482927329838276,0.025682070496259257,0.05619969835970551,3.6043285354971886,1.6266366951167583,5.324232190847397,4.777398891746998
1795072,0.06771589745767415,0.41556585766375065,3.7587872445583344,0.6945014111697674,0.17558750696480274,0.10708819353021681,3.9685893803834915,1.9863315895199776,7.071961760520935,7.214712671935558
1796096,0.07943688324303366,0.28116275975480676,3.73330557346344,0.7238718047738075,0.11953626712784171,0.08937379624694586,4.171807162463665,2.1690583974123,2.836009105667472,6.515000842511654
1797120,0.05520033750508446,0.4162727976217866,3.5621977522969246,0.5287256501615047,0.11405514844227582,0.07228616531938314,3.9729688689112663,1.8481898494064808,7.478383369743824,4.512428868561983
1798144,0.02567133292905055,0.158362518530339,3.769232951104641,0.7304780911654234,0.023751785542117432,0.049110370164271444,3.7209130078554153,1.458683341741562,2.739817675203085,3.8224709071218967
1799168,0.06374476273776963,0.2536066612228751,3.6086337342858315,0.548781268298626,0.12791168730473146,0.07291956257540733,3.4956342950463295,1.4561104886233807,4.7197131514549255,3.842994198203087
1800192,0.04501003106997814,0.14475821913219988,3.5987535566091537,0.5273095713928342,0.14410597016103566,0.04376258107367903,3.8855701312422752,1.571331076323986,5.380824189633131,6.288148894906044
1801216,0.04035753174684942,0.2091547497548163,3.6563056111335754,0.5389733221381903,0.084759143384872,0.05181426426861435,3.550702929496765,1.1149385310709476,5.031376216560602,4.5026828572154045
1802240,0.055723073295666836,0.19637514743953943,3.532530687749386,0.5734567865729332,0.16175548685714602,0.06559140956960618,4.013965375721455,1.4766170680522919,5.895329505205154,6.974477209150791
1803264,0.043636210553813726,0.15257212053984404,3.566098131239414,0.49978420604020357,0.09956541619612835,0.034026590234134346,3.4328882917761803,0.9544799774885178,2.5865451879799366,6.068375375121832
1804288,0.03249603457516059,0.18704588804394007,3.736788183450699,0.6778868418186903,0.07353489985689521,0.03429519489873201,3.719480261206627,1.2270496897399426,1.8295141384005547,2.088326459750533
1805312,0.042665835469961166,0.23186843283474445,3.8203156366944313,0.8327370993793011,0.054020109673729166,0.04383591434452683,3.46285380423069,1.3141076788306236,2.6899317912757397,3.035086676478386
1806336,0.05011358976480551,0.3559492859058082,3.868304304778576,0.8224202133715153,0.06250749301398173,0.06326898979023099,3.504712477326393,1.5114800706505775,3.1075849384069443,2.6354793831706047
1807360,0.0444494025723543,0.38402025680989027,3.8125103935599327,0.8038502559065819,0.030991489184089005,0.0810812208801508,3.4990438148379326,1.5655887462198734,4.001575045287609,4.493223637342453
1808384,0.03616161772515625,0.38469573576003313,3.8663705065846443,0.8037953842431307,0.053511233505560085,0.09233570168726146,3.866529703140259,1.919615749269724,3.5180665142834187,3.2027959786355495
1809408,0.05393714574165642,0.2642098069190979,3.803996652364731,0.7569335959851742,0.08847538090776652,0.06151423486880958,3.889735385775566,1.853335801512003,3.5834909416735172,2.58426995202899
1810432,0.03911718419112731,0.48237903509289026,3.8085018917918205,0.7776476815342903,0.10830806102603674,0.08459205948747694,3.627018451690674,1.6852143332362175,3.729845479130745,4.641533005982637
1811456,0.0671844516764395,0.5102060893550515,3.623269557952881,0.6790583934634924,0.09199929982423782,0.06881741096731275,3.863630920648575,1.7498359084129333,6.917695309966803,5.976450454443693
1812480,0.04987402888946235,0.44024055264890194,3.6345133781433105,0.6374672800302505,0.11538114288123325,0.04984629398677498,3.883297488093376,1.673628993332386,5.288793347775936,6.019182737916708
1813504,0.04963159907492809,0.3253139075823128,3.777314178645611,0.6995135713368654,0.11173708888236433,0.07573677727486938,4.093383841216564,1.8645532354712486,6.404222518205643,9.182617645710707
1814528,0.04258943095919676,0.2715729344636202,3.8292660042643547,0.7175187300890684,0.10880005243234336,0.044669636874459684,3.7012197449803352,1.4639423824846745,3.6686001047492027,4.773857023566961
1815552,0.07242355507332832,0.2791196685284376,3.7503185719251633,0.6922938600182533,0.021187725331401452,0.049505243834573776,3.7828314751386642,1.55600106716156,3.960500843822956,3.8437890969216824
1816576,0.026888787979260087,0.11264352779835463,3.62734754383564,0.5076182447373867,0.035520229139365256,0.028487606468843296,4.131402224302292,2.1553140208125114,4.386550344526768,2.7293099481612444
1817600,0.06006222730502486,0.2052873596549034,3.7808300107717514,0.6959339547902346,0.02829481739900075,0.03887623065384105,3.7415036857128143,2.10322567820549,3.093865007162094,2.0535251442342997
1818624,0.0338447441754397,0.24013003055006266,3.944672092795372,0.8088730257004499,0.08761276610312052,0.03726085013477132,3.984481990337372,2.4185974709689617,3.1056481301784515,3.204151365906
1819648,0.059521138377022,0.3932817354798317,3.9546733498573303,0.7839732747524977,0.08054180335602723,0.06176614959258586,4.013890825212002,2.129375319927931,3.9764936193823814,3.9057222716510296
1820672,0.07730479049496353,0.24357587890699506,3.7163841649889946,0.6679557245224714,0.18399593117646873,0.057146974140778184,3.827724903821945,1.927356630563736,5.002207804471254,5.82240753620863
1821696,0.0662427275092341,0.341266016010195,3.6565412431955338,0.6657925900071859,0.17200957355089486,0.05109684565104544,3.6170770302414894,1.4472641274333,6.617809291929007,5.114251986145973
1822720,0.03737521800212562,0.29665093915537,3.479234740138054,0.4672674182802439,0.12549243145622313,0.03881172457477078,3.8460985347628593,1.5554868392646313,8.308048389852047,4.692114017903805
1823744,0.03884953408851288,0.25751359201967716,3.744154617190361,0.5944144520908594,0.11438765772618353,0.04089709452819079,3.7170440033078194,1.5461279228329659,4.907270923256874,4.7650051936507225
1824768,0.05757520657789428,0.222510929685086,3.827280178666115,0.8447255082428455,0.016303007636452094,0.06435729400254786,3.5532234236598015,1.5341098606586456,4.37103895843029,5.586760848760605
1825792,0.066448210447561,0.31919087329879403,3.7378992661833763,0.7112056855112314,0.1086979957181029,0.10015972051769495,3.9826307222247124,1.8241463862359524,5.672044266015291,10.685099147260189
1826816,0.0629919515340589,0.27639705035835505,3.4881490394473076,0.4904103949666023,0.23404031014069915,0.0747868589241989,4.393877521157265,2.3022458776831627,8.706644237041473,17.293893218040466
1827840,0.03229206286778208,0.27461752900853753,3.6788146644830704,0.6187781989574432,0.018355748150497675,0.05617603950668126,3.664917156100273,1.5910099148750305,3.029626961797476,3.804577946662903
1828864,0.04683404939714819,0.18328783963806927,3.8681492060422897,0.689624734222889,0.19361071847379208,0.046783278638031334,4.246609002351761,2.308730758726597,2.311934784054756,4.603123392909765
1829888,0.05075760594627354,0.2724189911969006,3.915339082479477,0.7946318164467812,0.09490048955194652,0.053031269111670554,3.933964267373085,1.8246705904603004,3.5482771433889866,4.678143467754126
1830912,0.04496413725428283,0.1651689598802477,3.6179012060165405,0.5757253458723426,0.04632861167192459,0.045575594645924866,3.870433524250984,1.8012436106801033,2.4581964313983917,2.9780967719852924
1831936,0.03103309645666741,0.2118943054229021,3.8794112652540207,0.8177088294178247,0.03405311223468743,0.061564706498757005,3.9408464431762695,2.0324517227709293,2.7048188410699368,2.77452028170228
1832960,0.06866173789603636,0.4631289402022958,3.7719174921512604,0.7244489211589098,0.19162941677495837,0.16268356586806476,4.133869551122189,2.254358507692814,3.66037542745471,5.256652031093836
1833984,0.04883022571448237,0.4124338664114475,3.572336196899414,0.5702799782156944,0.1300435084849596,0.1408039927482605,3.762382283806801,1.7173367030918598,4.895893044769764,7.577849265187979
1835008,0.039663297051447444,0.4967608889564872,3.5576727390289307,0.4688544971868396,0.10681524773826823,0.11370142130181193,4.096727892756462,1.8981904201209545,6.995187364518642,4.595587842166424
1836032,0.03522124601295218,0.18278601812198758,3.6189430356025696,0.5288973227143288,0.15005698124878109,0.05377563327783719,4.116657078266144,1.608352918177843,2.6525065265595913,4.356094440445304
1837056,0.05031759555276949,0.2710566814057529,3.828711621463299,0.7141687497496605,0.12669768556952477,0.07428686320781708,3.5629685148596764,1.050166530534625,2.915177397429943,6.741299860179424
1838080,0.06919606085284613,0.24068040866404772,3.6368520259857178,0.6027816887944937,0.07931228572851978,0.03670765395509079,3.5162403136491776,1.000281574204564,3.386244513094425,5.091880910098553
1839104,0.042649309820262715,0.2559663662686944,3.485709384083748,0.4933120906352997,0.07385631091892719,0.0591217348119244,3.532297283411026,1.196152150630951,4.125514678657055,6.271149255335331
1840128,0.05916547239758074,0.13338933745399117,3.5991803109645844,0.5583383608609438,0.12858060316648334,0.037419381900690496,3.9767842888832092,1.5153947733342648,3.904988458380103,3.7639491595327854
1841152,0.04422813840210438,0.26186742447316647,3.4840215519070625,0.5575909335166216,0.13620500109391287,0.0693551343283616,3.3964521139860153,1.029407013207674,4.5069167241454124,4.6893174182623625
1842176,0.051347388958674856,0.11721523874439299,3.926913633942604,0.811739981174469,0.08130978437839076,0.039353617874439806,3.8586464151740074,1.3311939239501953,1.6395713780075312,2.6008103489875793
1843200,0.05123826890485361,0.29366835160180926,3.833547256886959,0.7809402197599411,0.02985789888771251,0.05765873356722295,3.6821034625172615,1.4866965562105179,3.1127099990844727,3.654089443385601
1844224,0.05840323062147945,0.25810189079493284,3.77053389698267,0.7482535354793072,0.029045194329228252,0.06418417335953563,3.5911142006516457,1.6909924261271954,3.0826652869582176,3.4597677774727345
1845248,0.035995732207084075,0.21400914853438735,3.8431790098547935,0.720500098541379,0.015801265195477754,0.08147313061635941,3.7456677705049515,1.9176767654716969,2.1959261186420918,3.728003717958927
1846272,0.05074332153890282,0.316071767359972,3.8328680992126465,0.7256407644599676,0.026242518215440214,0.06376276060473174,3.5377566143870354,1.8929795399308205,3.6365261040627956,3.046326845884323
1847296,0.04205250559607521,0.15925749693997204,3.8029740527272224,0.6732398811727762,0.03856785414973274,0.05204405024414882,3.8956187963485718,2.522084668278694,2.7048914320766926,2.8134973607957363
1848320,0.04626892984379083,0.2260937704704702,3.5893780440092087,0.5183637887239456,0.06720589759061113,0.024982557457406074,3.5744312331080437,2.0421743728220463,6.217698786407709,3.806599482893944
1849344,0.059916989936027676,0.26419379422441125,3.675424687564373,0.6302179340273142,0.1820583963417448,0.061431099486071616,3.5629507526755333,1.9380815289914608,8.18713903054595,6.6735964603722095
1850368,0.0493138262827415,0.18687934102490544,3.7852252051234245,0.7021998967975378,0.03418957127723843,0.06230364978546277,3.8665842339396477,2.0883013047277927,3.6202336102724075,4.076211020350456
1851392,0.04123719179187901,0.1509610298089683,3.728083163499832,0.5840365309268236,0.0895582148223184,0.03164670383557677,3.8684522956609726,2.2404501363635063,2.8446437381207943,3.3647535033524036
1852416,0.049177889071870595,0.18934958986938,3.8251638934016228,0.7226426228880882,0.17951562209054828,0.05182262870948762,4.156847313046455,2.2065184079110622,2.565311485901475,3.8647943995893
1853440,0.06597171587054618,0.19302416313439608,3.826902650296688,0.7215292155742645,0.13612066768109798,0.05278297944460064,4.0599325299263,2.1339203380048275,3.614315304905176,5.177314011380076
1854464,0.04539568777545355,0.1744189707096666,3.5477377846837044,0.5202522547915578,0.1305167586542666,0.039366532990243286,4.069501772522926,1.8672133274376392,4.9483580477535725,3.830974955111742
1855488,0.04379101334779989,0.23418481834232807,3.760835237801075,0.6121141742914915,0.04461358755361289,0.04249293258180842,3.9533887654542923,2.148670621216297,2.7044339068233967,3.9523320719599724
1856512,0.03718022853718139,0.11569243832491338,3.931628294289112,0.757215116173029,0.059783332399092615,0.02495889668352902,3.869577594101429,2.0056893341243267,2.1049447003751993,3.207911627367139
1857536,0.050311498387600295,0.25996162416413426,3.7303214967250824,0.6065545603632927,0.13719152240082622,0.03706034226343036,3.776414655148983,1.8893695436418056,4.981761697679758,3.755447205156088
1858560,0.035983895548270084,0.27881744131445885,3.808725818991661,0.8051108662039042,0.041639585950179026,0.07125146430917084,3.6660535782575607,1.7666243351995945,3.053746035322547,3.147003561258316
1859584,0.05917262943694368,0.21855690144002438,3.8066687509417534,0.7083120495080948,0.1344216177240014,0.04060835560085252,4.086010128259659,1.8207339607179165,4.0033618956804276,4.044510077685118
1860608,0.048374880134360865,0.2779198926873505,3.7124349400401115,0.7052483912557364,0.1695444283541292,0.02848876395728439,3.781713806092739,1.5623663514852524,3.415792066603899,3.302271503955126
1861632,0.05407286435365677,0.2307683927938342,3.697971247136593,0.6791476774960756,0.0381753254623618,0.04101734369760379,3.698220871388912,1.4190270826220512,2.4784667529165745,2.2951521947979927
1862656,0.04509109110222198,0.18745708093047142,3.817824572324753,0.8589427005499601,0.06910786803928204,0.04243026435142383,3.662392072379589,1.6659028269350529,1.8029326256364584,3.1707106307148933
1863680,0.06695071392459795,0.32627204712480307,3.5451873913407326,0.6141000874340534,0.1163223544426728,0.048966286703944206,3.1936727091670036,1.1262575089931488,5.2270325273275375,3.9812038987874985
1864704,0.04849129781359807,0.19125819625332952,3.557970404624939,0.5614719726145267,0.17428197246044874,0.035977232502773404,3.6691717579960823,1.4648974388837814,3.14938897639513,5.517348155379295
1865728,0.049227646813960746,0.2331494214013219,3.8002995029091835,0.692479070276022,0.029506207181839272,0.051349769230000675,3.643676206469536,1.473741326481104,2.618427276611328,3.7473070360720158
1866752,0.05457624787231907,0.26872779428958893,3.6681392416357994,0.6263969596475363,0.13780662312638015,0.05778363475110382,3.7211505845189095,1.60299077257514,3.6723266020417213,5.002585053443909
1867776,0.05055793563951738,0.16957969311624765,3.8254347816109657,0.7507499270141125,0.12597254890715703,0.03893498860998079,4.006132178008556,1.7462031841278076,3.005850849673152,3.086400303989649
1868800,0.06249475746881217,0.19199463725090027,3.71433611959219,0.7451138459146023,0.11966489721089602,0.058923506177961826,3.791293978691101,1.383814450353384,3.0882082767784595,4.351683992892504
1869824,0.044375738259986974,0.27190235210582614,3.6078844144940376,0.6929147392511368,0.12557720893528312,0.05587569728959352,3.437210202217102,1.0804671123623848,3.660576444119215,4.141517650336027
1870848,0.0507749350508675,0.20576667180284858,3.6383588910102844,0.6085548344999552,0.09851791814435273,0.06300861528143287,3.965222753584385,1.6495935507118702,4.976104710251093,5.357178878039122
1871872,0.02608757611596957,0.22650625579990447,3.8440527841448784,0.7898605689406395,0.03712464135605842,0.053804175404366106,3.8783340975642204,1.6836835779249668,3.233269341289997,4.128265462815762
1872896,0.033995989826507866,0.2553671090863645,3.862962283194065,0.8243473172187805,0.05597229435807094,0.057346375193446875,3.7162375152111053,1.605433490127325,1.8431549929082394,2.14008317515254
1873920,0.06621556612662971,0.18313500517979264,3.734787918627262,0.6821646187454462,0.15400611911900342,0.060800627223216,4.184538692235947,2.1519246846437454,3.536572605371475,6.570046700537205
1874944,0.09009656736452598,0.24232536368072033,3.7047853022813797,0.7608936280012131,0.0862832369748503,0.08193357032723725,3.745048776268959,1.6515465825796127,3.726726286113262,4.909625355154276
1875968,0.03787892669788562,0.17524751066230237,3.762352339923382,0.6612235009670258,0.07271534291794524,0.06918549933470786,4.148617394268513,2.0113922245800495,2.7267165910452604,3.7105533108115196
1876992,0.04694115833262913,0.17456538788974285,3.728258915245533,0.6820702105760574,0.18927549314685166,0.058586665079928935,4.067979380488396,1.703542698174715,1.9214362744241953,3.6441917214542627
1878016,0.04094916916801594,0.2559326686896384,3.654880002140999,0.5572236096486449,0.05055593597353436,0.1335602554026991,3.9207281321287155,1.2997310981154442,4.347840432077646,13.600862920284271
1879040,0.030350124434335157,0.21613062964752316,3.906866766512394,0.8344189208000898,0.008038692933041602,0.06826755125075579,3.6605517491698265,1.4041729681193829,3.109697747975588,4.391320839524269
1880064,0.042059300511027686,0.2623034310527146,3.682161398231983,0.6747313626110554,0.20434247562661767,0.06281503255013376,3.5340187698602676,1.239060826599598,5.494395740330219,4.974590852856636
1881088,0.06643579437513836,0.2596947140991688,3.673774801194668,0.702353909611702,0.08589659593417309,0.07192662544548512,3.3265767991542816,0.9048929642885923,2.6756602488458157,7.6269270814955235
1882112,0.04360000522865448,0.37620171485468745,3.6970271095633507,0.7281734459102154,0.08298586672754027,0.0871720677241683,3.102478489279747,0.8013871088624,4.556277357041836,9.556453853845596
1883136,0.051078941076411866,0.1578361818101257,3.8320982828736305,0.6810271833091974,0.1036845437483862,0.02855570410611108,3.7106219604611397,1.205008402466774,2.5193258430808783,4.046090500429273
1884160,0.05865152532351203,0.27457618340849876,3.7422948330640793,0.678442781791091,0.04070445804973133,0.07657829020172358,3.914458319544792,1.5048487782478333,3.4581922739744186,5.636396206915379
1885184,0.05384962205425836,0.23650923278182745,3.6860763877630234,0.6480431631207466,0.08770793277653866,0.05188440624624491,3.739546373486519,1.6007865406572819,2.8984924629330635,6.370101943612099
1886208,0.05464349081739783,0.2611092166043818,3.5967352464795113,0.5631349422037601,0.19988128123804927,0.03784165240358561,3.834200792014599,1.4980569705367088,4.083892805501819,6.418136212974787
1887232,0.051591532421298325,0.2339170090854168,3.55866289883852,0.5241834437474608,0.11798444291343912,0.039777410856913775,3.6540872156620026,1.1282184291630983,5.1784785985946655,7.470752596855164
1888256,0.035131597076542675,0.201451959554106,3.760960668325424,0.694491209462285,0.02013497907319106,0.035318825859576464,3.553421698510647,1.3178936429321766,3.121878944337368,4.119620114564896
1889280,0.035217394499341026,0.1303607679437846,3.732540689408779,0.6363003887236118,0.12478765065316111,0.041836455988232046,4.176461651921272,1.8253452330827713,2.7526564486324787,3.501819396391511
1890304,0.05104491877136752,0.16602178709581494,3.6856137812137604,0.6716693304479122,0.02948733640369028,0.055727640399709344,3.7287593632936478,1.5099749490618706,2.704278364777565,3.311382468789816
1891328,0.02353743274579756,0.2246981356292963,3.910652808845043,0.8151015732437372,-0.005213814263697714,0.05938647489529103,3.3651078119874,1.6537660360336304,3.6432617716491222,4.0640065260231495
1892352,0.060925867583137006,0.3494443944655359,3.7409764155745506,0.7574730981141329,0.12212155893212184,0.08013664442114532,3.792557366192341,1.77078253403306,6.112506464123726,3.3720284905284643
1893376,0.04842024567187764,0.2437713062390685,3.7470103055238724,0.645891584455967,0.07969011896057054,0.0631137271411717,3.886270187795162,1.5999466553330421,2.900031389668584,2.976934377104044
1894400,0.04658810299588367,0.22651224583387375,3.622430205345154,0.7599044945091009,0.08580580708803609,0.06084224279038608,3.4355678111314774,1.2979595437645912,3.242238827049732,3.5507906042039394
1895424,0.027329881457262672,0.23535663867369294,3.8051892891526222,0.7781836129724979,0.1292764290701598,0.03259969252394512,3.466551572084427,1.426571048796177,3.3519169241189957,3.2103575356304646
1896448,0.049515678314492106,0.2038789764046669,3.779016636312008,0.7471881620585918,0.0439783496549353,0.05433828406967223,3.051156207919121,1.3168328553438187,3.85405844822526,3.2919634729623795
1897472,0.05098025326151401,0.25518388533964753,3.7867172732949257,0.7158057522028685,0.03957429309957661,0.057497963891364634,3.7430984750390053,2.1383902989327908,2.5192904733121395,3.1757700107991695
1898496,0.04887569494894706,0.26544047286733985,3.63367760181427,0.5980761647224426,0.14670684130396694,0.05116083950269967,3.9711667746305466,2.124663334339857,4.920152388513088,6.0677292086184025
1899520,0.045736460568150505,0.20635262178257108,3.6604168638587,0.6054468285292387,0.1188177164294757,0.04771767178317532,3.7704986929893494,1.7204612866044044,2.982790242880583,4.151350252330303
1900544,0.03566662828961853,0.1525640464387834,3.780685529112816,0.7106357254087925,0.08912872220389545,0.02394188303151168,3.7564167827367783,1.4610393159091473,2.4717491939663887,3.0180360935628414
1901568,0.038208803642191924,0.22509508719667792,3.715896815061569,0.6311664450913668,0.03468159062322229,0.03636786906281486,3.4534884244203568,1.4549743831157684,3.3802445121109486,2.7332402747124434
1902592,0.05264142926898785,0.2825016747228801,3.8021480590105057,0.7706147972494364,0.10769349976908416,0.07546457007993013,3.626513622701168,1.5829979479312897,5.984615210443735,7.015896916389465
1903616,0.04157218016916886,0.09647765406407416,3.8719752579927444,0.7744376510381699,0.08133184834150597,0.029224965284811333,4.087814420461655,1.969099547713995,1.587929680943489,2.1583183892071247
1904640,0.059561908565228805,0.32002822682261467,3.761651933193207,0.7580148577690125,0.05578418952063657,0.06620601273607463,3.4603608176112175,1.5954378731548786,3.522925555706024,3.0577588956803083
1905664,0.05204647991922684,0.2502371408045292,3.788060039281845,0.7277767527848482,0.0711661328386981,0.052298015682026744,4.003404036164284,1.9202813245356083,3.1548898443579674,2.88281162828207
1906688,0.0451800970477052,0.1946772988885641,3.601050481200218,0.5564418891444802,0.21140491589903831,0.04078702721744776,4.046949476003647,1.8190462067723274,4.843245772644877,5.58023814484477
1907712,0.05582172406138852,0.15505157271400094,3.899216666817665,0.7776490952819586,0.13872513407841325,0.03931267745792866,3.9132852628827095,1.4664772897958755,2.2695776633918285,2.593006119132042
1908736,0.06108450569445267,0.2522136466577649,3.6832036525011063,0.6965432539582253,0.0986298464704305,0.050145201734267175,3.9165299460291862,1.4581280313432217,2.6990903802216053,2.5615090411156416
1909760,0.048896791733568534,0.1311842577997595,3.6799756661057472,0.642530145123601,0.13199072069255635,0.050609883735887706,3.5200064927339554,1.122581796720624,3.3758356776088476,4.150202453136444
1910784,0.03726126978290267,0.16600072267465293,3.713967576622963,0.6147039234638214,0.09803658991586417,0.038769232225604355,3.560093067586422,1.062584774568677,2.6981492079794407,3.6007404010742903
1911808,0.030002746265381575,0.24762414721772075,3.860021509230137,0.847453648224473,-0.004074615077115595,0.05112964956788346,3.5166129171848297,1.2922459300607443,2.8209366276860237,2.8549577705562115
1912832,0.059545306605286896,0.2300505731254816,3.6783276200294495,0.6584131363779306,0.12791052949614823,0.044794509653002024,3.778338260948658,1.8380261771380901,4.731571976095438,4.227385260164738
1913856,0.04057733406079933,0.35173111874610186,3.3548863604664803,0.5273363785818219,0.13068352063419297,0.0551550374366343,3.223273165524006,1.2409852556884289,4.425315979868174,6.653639107942581
1914880,0.07048776521696709,0.2259617354720831,3.609950751066208,0.6980321630835533,0.12889135058503598,0.041904647019691765,3.715303309261799,1.3825775533914566,3.052546564489603,3.2923895996063948
1915904,0.046359997970284894,0.19809678895398974,3.6091277822852135,0.6443569641560316,0.07613018338452093,0.034101216588169336,3.916918583214283,1.5844762697815895,3.5029580518603325,2.4420182555913925
1916928,0.05772568075917661,0.24511486291885376,3.670221135020256,0.6258089318871498,0.09430547634838149,0.03812674409709871,3.894665092229843,1.5607872121036053,3.365476757287979,3.2783521562814713
1917952,0.0416628969978774,0.22574923699721694,3.5511057898402214,0.5376890981569886,0.11031495360657573,0.036908804322592914,3.778877556324005,1.421417124569416,3.4241175539791584,3.51584249176085
1918976,0.04277945574722253,0.10586284473538399,3.7407823279500008,0.6877042967826128,0.09763914241921157,0.02232624334283173,4.1015379801392555,1.8201868198812008,2.1659138556569815,1.9089684803038836
1920000,0.045165732386521995,0.2392614302225411,3.619137406349182,0.6649860180914402,0.12471040477976203,0.04700481187319383,3.74400195479393,1.299689520150423,2.8485835529863834,2.347340948879719
1921024,0.03779014036990702,0.1869964017532766,3.8686703965067863,0.7700859010219574,0.0623959832591936,0.03524204681161791,3.548895426094532,1.501613974571228,2.5907464288175106,2.129601426422596
1922048,0.054701569984899834,0.37088539358228445,3.624709740281105,0.6326062269508839,0.07478423498105258,0.0708059222670272,3.613060787320137,1.3294164948165417,4.162593849003315,3.38101265206933
1923072,0.05135000083828345,0.27211437560617924,3.7227241545915604,0.6691184360533953,0.11510083556640893,0.03830262535484508,4.017345733940601,1.6935766823589802,3.7905954718589783,2.49583556689322
1924096,0.06005547780659981,0.22652772068977356,3.7540604919195175,0.8321858737617731,0.024658917798660696,0.04332992172567174,3.9128341749310493,2.009775634855032,3.944018818438053,2.492949929088354
1925120,0.053193556872429326,0.23371341777965426,3.7706654220819473,0.6759738083928823,0.08425954738049768,0.05238084646407515,3.6122246608138084,1.5962725318968296,2.85398081690073,2.4050615839660168
1926144,0.0373473950457992,0.119908157736063,3.6280290633440018,0.6377327274531126,0.09404869301943108,0.040165296057239175,4.0126423463225365,1.6869893930852413,3.309286741539836,3.7548038214445114
1927168,0.037792821967741475,0.1786208637058735,3.6912322863936424,0.6942807175219059,0.05704876876552589,0.036149461288005114,3.818993829190731,1.7745769135653973,2.833152197301388,3.388600740581751
1928192,0.07670969958417118,0.2578838989138603,3.824366867542267,0.8328681569546461,0.06370476394658908,0.053610678180120885,3.7308211103081703,1.7846102714538574,2.6795267555862665,3.111801251769066
1929216,0.041217197285732254,0.19561789045110345,3.614809773862362,0.5552892033010721,0.1681697352323681,0.033837645954918116,4.361721232533455,2.3255339078605175,2.972132708877325,2.6803851518779993
1930240,0.04949877693434246,0.23016233323141932,3.4085400998592377,0.549271454103291,0.11290014919359237,0.06567814794834703,3.661880701780319,1.390985008329153,2.6892881020903587,4.218141969293356
1931264,0.03185518212558236,0.21109170001000166,3.690928675234318,0.6561687458306551,0.026448396500200033,0.036640510661527514,3.502532981336117,1.4552431628108025,2.626479908823967,2.1050381399691105
1932288,0.047033042792463675,0.28356407955288887,3.7578327655792236,0.7084901556372643,0.09672271541785449,0.05444959690794349,3.700794853270054,1.8552523851394653,2.816099841147661,2.602849066257477
1933312,0.05972034530714154,0.31636668322607875,3.848004750907421,0.7597529217600822,0.07233643211657181,0.07084908685646951,3.8291777819395065,1.7826383151113987,3.3618603236973286,4.5815378576517105
1934336,0.04939539392944425,0.24297013692557812,3.758027456700802,0.6739246007055044,0.1341188023216091,0.03566422191215679,3.769827239215374,1.7027631737291813,3.361199039965868,5.108431026339531
1935360,0.03869141389441211,0.15026920102536678,3.78270423412323,0.7277256920933723,0.041170282260281965,0.029479345539584756,3.4423613771796227,1.5001115575432777,3.268070448189974,3.755036801099777
1936384,0.04699968760542106,0.27908001746982336,3.726586230099201,0.6330379880964756,0.09149547340348363,0.04873172042425722,3.7015536427497864,1.65669709071517,4.98968892917037,2.562553595751524
1937408,0.04466907681489829,0.36719768634065986,3.750773534178734,0.6741333715617657,0.0852314590010792,0.06940833397675306,3.691461957991123,1.5750546157360077,3.944300699979067,3.193935375660658
1938432,0.05032377083261963,0.3227788438089192,3.796943537890911,0.7077833749353886,0.054198280355194584,0.06760161113925278,3.8462105095386505,1.7772549539804459,3.2226788364350796,3.4720875546336174
1939456,0.023034227298921905,0.20250259712338448,3.8121190667152405,0.7131091076880693,0.07040824129944667,0.08459056133870035,3.9203183576464653,1.9239629954099655,3.2482062727212906,5.688372455537319
1940480,0.08221477142069489,0.2157960031181574,3.757914535701275,0.7048595137894154,0.15939903527032584,0.04542238358408213,3.758538357913494,1.558774657547474,3.0638348571956158,3.6981564313173294
1941504,0.03073779126862064,0.23898911150172353,3.841577537357807,0.6681469790637493,0.06768568087136373,0.04495002224575728,3.812958464026451,1.5346756093204021,2.1825099736452103,2.5128269344568253
1942528,0.048190736983087845,0.2722203931771219,3.757135085761547,0.7114491704851389,0.03680085449013859,0.05865210364572704,3.56138227134943,1.6914090476930141,4.288374971598387,2.839950069785118
1943552,0.07697500311769545,0.475721163675189,3.810970760881901,0.8150661513209343,0.11058170540491119,0.04736086673801765,3.8963288962841034,1.8830990605056286,2.9797088112682104,2.4005709029734135
1944576,0.051010022492846474,0.4994894564151764,3.598117135465145,0.5821632780134678,0.09983609116170555,0.06818928080610931,3.7360560670495033,1.7141611464321613,3.2789762280881405,4.107408456504345
1945600,0.04220472552697174,0.36628083512187004,3.5193457677960396,0.4725096710026264,0.151670592604205,0.06581180822104216,3.942435882985592,1.6953001767396927,4.430809933692217,11.958743143826723
1946624,0.06034522225672845,0.21822486631572247,3.7198484241962433,0.6445813942700624,0.09463325783144683,0.05166318325791508,3.9973811507225037,1.7036053165793419,2.7941533997654915,5.067173562943935
1947648,0.034914524701889604,0.07651882013306022,3.544049672782421,0.5024391431361437,0.12789695570245385,0.024833351984852925,4.162537410855293,1.9833809398114681,2.4226061552762985,2.6559055242687464
1948672,0.04648724713479169,0.21185351791791618,4.013891063630581,0.8590538781136274,0.026546878623776138,0.03811610781121999,3.967417746782303,1.8659747280180454,1.8104936759918928,1.8401927445083857
1949696,0.06271568103693426,0.24386861268430948,3.6046052873134613,0.6464890241622925,0.1632046413142234,0.07592286041472107,3.5405783355236053,1.5882794745266438,3.3635135032236576,5.78174040466547
1950720,0.04681200579216238,0.20175633346661925,3.7699676156044006,0.661074798554182,0.10431071452330798,0.0660739274462685,3.7404932007193565,1.5445986054837704,2.168549381196499,5.130587309598923
1951744,0.05797044720384292,0.14545955834910274,3.5935595333576202,0.5059310728684068,0.09052661957684904,0.02289815980475396,3.792848899960518,1.5349365919828415,5.184271354228258,3.0325993970036507
1952768,0.06924583355430514,0.23908601235598326,3.739327095448971,0.9284565169364214,0.10066537483362481,0.05679047905141488,3.447132721543312,1.4570986740291119,2.5587301086634398,4.73072175309062
1953792,0.0362387401110027,0.28486088803038,3.931573063135147,0.8159058075398207,0.021165136946365237,0.05726652039447799,3.709898866713047,1.6785015873610973,1.8484812024980783,2.3850278221070766
1954816,0.05525440431665629,0.1564196590334177,3.6371625512838364,0.58996113948524,0.09474428097018972,0.04582762799691409,3.3561956956982613,1.324254848062992,2.1295864321291447,2.9083845652639866
1955840,0.03823741796077229,0.16861790954135358,3.7345787286758423,0.6728268321603537,0.05946329332073219,0.06182716245530173,3.8174713775515556,1.9342046044766903,2.0205146446824074,3.440816478803754
1956864,0.0611093066399917,0.29475231748074293,3.903594270348549,0.9585109017789364,0.02975559630431235,0.07343361305538565,3.64514834433794,1.9518030174076557,2.515198539942503,3.0806694850325584
1957888,0.03891359703266062,0.24820666620507836,3.8145026713609695,0.7421596627682447,0.04130808589980006,0.07788849668577313,3.7472051829099655,1.8209167271852493,2.2776050567626953,3.6706807166337967
1958912,0.05058712186291814,0.26113974628970027,3.6127853840589523,0.6211045011878014,0.10780119686387479,0.06403316499199718,3.585048273205757,1.55124282091856,3.5050943195819855,3.7576885484158993
1959936,0.04203071355004795,0.47298647183924913,3.7369124814867973,0.8662341423332691,0.12484247697284445,0.09708611073438078,3.6298723369836807,1.5727075934410095,4.069183461368084,3.8634282425045967
1960960,0.05091587229981087,0.3547745277173817,3.6291270181536674,0.6012634299695492,0.13839733973145485,0.04348173539619893,3.7499707341194153,1.8033151887357235,3.016254760324955,4.359305825084448
1961984,0.042790544757735915,0.42177526000887156,3.74471016228199,0.7127618044614792,0.12422848038841039,0.0866501743439585,3.895203061401844,1.7673230543732643,3.5477674677968025,5.580865655094385
1963008,0.040095394098898396,0.34577191853895783,3.6765860840678215,0.5641652829945087,0.15843612630851567,0.05819711508229375,3.506074942648411,1.2289292495697737,4.106371883302927,5.521285273134708
1964032,0.041318116534966975,0.24372875737026334,3.505124971270561,0.4805405093356967,0.09481558899278753,0.056797261466272175,3.742731049656868,1.2551195491105318,6.487231016159058,4.620867010205984
1965056,0.037947254546452314,0.2632418586872518,3.497078016400337,0.544548443518579,0.09293342102319002,0.043663245625793934,3.886509492993355,1.767268382012844,4.19135008007288,3.8180110417306423
1966080,0.031586827361024916,0.15787090850062668,3.700767993927002,0.6338116768747568,0.09336523315869272,0.04747220897115767,3.853884905576706,1.5261671133339405,2.53557613119483,2.7903347313404083
1967104,0.0455592769139912,0.2395810093730688,3.687476731836796,0.6526578851044178,0.0753425169386901,0.035269605403300375,3.8559838011860847,1.833348285406828,2.6740361154079437,2.472661616280675
1968128,0.049942287645535544,0.2712552980519831,3.6895023584365845,0.6773834601044655,0.07599187194136903,0.05208900081925094,3.685259737074375,1.5489749573171139,3.8992657363414764,2.9644079729914665
1969152,0.05529271307750605,0.2788166915997863,3.8046099171042442,0.7717003934085369,0.08275978028541431,0.08827645820565522,3.8807217851281166,1.6785327345132828,5.199307035654783,4.4351357482373714
1970176,0.043719297100324184,0.22728966223075986,3.8353585675358772,0.6678283214569092,0.11440671276068315,0.047394409659318626,4.061017155647278,2.199724555015564,5.4005836844444275,4.016276188194752
1971200,0.06345719721866772,0.3137063281610608,3.788405179977417,0.6373631935566664,0.13870154233882204,0.043833459028974175,4.046249605715275,2.076409228146076,4.400663776323199,7.05681324750185
1972224,0.07033577038964722,0.2766909431666136,3.6258064657449722,0.6255879942327738,0.09617224964313209,0.03507649491075426,3.719822220504284,1.3673900328576565,5.096552731469274,3.9195330664515495
1973248,0.03367367503233254,0.2056480604223907,3.608020044863224,0.6210731845349073,0.11787396913859993,0.05504867236595601,3.662972815334797,1.2866869047284126,2.460608324036002,5.286726526916027
1974272,0.057502402254613116,0.23320846538990736,3.752561926841736,0.6121621839702129,0.13157970272004604,0.03715740772895515,3.999461308121681,1.4273444339632988,4.198508005589247,3.392435720190406
1975296,0.05385978732374497,0.1941432119347155,3.803681828081608,0.753775866702199,0.0366336748120375,0.03842823707964271,3.531205363571644,1.3857165481895208,2.491507887840271,3.40358567237854
1976320,0.030000582220964134,0.19812335073947906,3.786326587200165,0.7492916006594896,0.042989733919966966,0.04778920905664563,3.782992772758007,1.5322947055101395,2.3704372197389603,2.3946911804378033
1977344,0.04832447555963881,0.2603651084937155,3.7543857768177986,0.776305302977562,0.04181937329121865,0.06755964912008494,3.711219772696495,1.8859803266823292,2.039028163999319,2.807285938411951
1978368,0.05303292360622436,0.3184508648701012,3.896086685359478,0.8476515710353851,0.11148717621108517,0.05846442189067602,3.9313964769244194,2.0482282489538193,2.221073988825083,3.3143086433410645
1979392,0.04614796755777206,0.2623807010240853,3.7755546644330025,0.7937864009290934,0.028903949525556527,0.06683836015872657,3.428643375635147,1.6779819168150425,2.1741621419787407,3.627808440476656
1980416,0.02812550769886002,0.2363379718735814,3.7735899165272713,0.7011813279241323,0.051069414417725056,0.05196257075294852,3.7136094123125076,1.8989290930330753,2.5645065903663635,2.9154124408960342
1981440,0.05708445268101059,0.23175199842080474,3.7850967720150948,0.7577122952789068,0.11957577243447304,0.0732052861712873,3.8332620039582253,1.694159772247076,1.8758396860212088,2.532252935692668
1982464,0.05165556326392107,0.25773560302332044,3.6167233139276505,0.6064492128789425,0.12402867781929672,0.04026581801008433,3.9585915207862854,1.655279103666544,2.8538258522748947,3.4698119312524796
1983488,0.06085435395652894,0.2810817053541541,3.5595385059714317,0.6028319820761681,0.10848987736972049,0.05957326665520668,3.9307966455817223,1.6575268805027008,3.154558401554823,3.9403203688561916
1984512,0.06742899143137038,0.34348344057798386,3.4207165986299515,0.5642533591017127,0.1522169248200953,0.10627106577157974,3.6575421020388603,1.2275337055325508,3.5114426724612713,11.195442091673613
1985536,0.035233123126090504,0.22713059512898326,3.5186046585440636,0.5296333637088537,0.14862056146375835,0.05557200848124921,4.029839508235455,1.4745453484356403,3.4561698641628027,6.275860249996185
1986560,0.029904817391070537,0.2719580396078527,3.490732602775097,0.4567263210192323,0.06507127090299036,0.06714319105958566,4.137699954211712,1.7026692554354668,3.8617417588829994,3.662255134433508
1987584,0.05531710016657598,0.22848646761849523,3.754413917660713,0.6773126255720854,0.04830223531462252,0.05696188169531524,3.868597351014614,1.6402469389140606,1.9150588307529688,2.4653475377708673
1988608,0.05250036681536585,0.16737759090028703,3.726358264684677,0.6040208656340837,0.11305859603453428,0.03445545572321862,3.747098684310913,1.589459478855133,3.2112515717744827,3.132989162579179
1989632,0.0350522885855753,0.1655019458848983,3.772882029414177,0.6677204631268978,0.04558877568342723,0.06450588745065033,3.7956411316990852,1.8652229309082031,2.0158746391534805,2.5578306280076504
1990656,0.05429797718534246,0.1603799480944872,3.7814742252230644,0.6440296098589897,0.1430485852761194,0.04447449039435014,3.773979991674423,1.7355329394340515,1.8600069358944893,2.995643762871623
1991680,0.057447145227342844,0.17764591332525015,3.810221664607525,0.786244411021471,0.12096896162256598,0.05291791178751737,3.5698524117469788,1.2380645498633385,2.1694332771003246,3.314398817718029
1992704,0.034319334547035396,0.17877202085219324,3.568755231797695,0.5444970168173313,0.08946854941314086,0.03650250454666093,3.798325292766094,1.5393611788749695,4.287099674344063,2.28445509262383
1993728,0.05085434150532819,0.1613184167072177,3.6947702392935753,0.6858022566884756,0.07209120539482683,0.034045340260490775,3.897582396864891,2.0682075396180153,1.8867175541818142,2.0980640165507793
1994752,0.05435437266714871,0.19074880611151457,3.5735785886645317,0.695677412673831,0.13589959940873086,0.045893293630797416,4.132043547928333,2.060486126691103,2.7970633413642645,3.7880646400153637
1995776,0.0581559797283262,0.39170808158814907,3.9229574874043465,1.003548987209797,0.05697010812582448,0.11852820520289242,3.941376954317093,1.6394572854042053,2.7467620484530926,3.5221191942691803
1996800,0.056469433155143633,0.33115697652101517,3.6362603828310966,0.6349228341132402,0.10768735478632152,0.0676282758358866,3.5935051515698433,1.4661404639482498,3.8182019889354706,3.469876281917095
1997824,0.04286913893884048,0.2571934014558792,3.7339617162942886,0.6827151514589787,0.1087128731305711,0.03898324869805947,3.8400559797883034,1.5417855866253376,2.019113602116704,2.827024146914482
1998848,0.027623804460745305,0.15633240225724876,3.8090893253684044,0.6760932141914964,0.13641318795271218,0.024236079741967842,3.8486103415489197,1.4768373034894466,2.5281916800886393,2.128227638080716
1999872,0.056867139879614115,0.31858903635293245,3.7741827443242073,0.7156787812709808,0.10918108758050948,0.05046174046583474,3.3881740421056747,1.1398009099066257,2.477373445406556,4.451054310426116
