step,total_steps,agv_actor_loss,agv_value_loss,agv_entropy,agv_approx_kl,pick_actor_loss,pick_value_loss,pick_entropy,pick_approx_kl
1024,1024,0.1903018648736179,0.042423726757988334,4.520964741706848,1.3619436770677567,0.30448797810822725,0.012677076971158385,4.499273888766766,3.7033037170767784
2048,2048,0.12086799275130033,0.01638768202974461,3.8081288263201714,0.7694632951170206,0.15213269391097128,0.009358440860523842,1.403225103393197,3.0147475749254227
3072,3072,0.0726025554467924,0.011286555643891916,3.3090924099087715,0.6494082026183605,0.14183643029537052,0.004032825738249812,1.4552570693194866,2.509444236755371
4096,4096,0.08310110704042017,0.00905115794739686,3.02744722366333,0.6657860036939383,0.12393443309701979,0.0057057997400988825,1.3378144353628159,2.2498945333063602
5120,5120,0.1361745719332248,0.008055510552367195,3.0470757484436035,0.6494421362876892,0.10763692605542019,0.0035966950963484123,1.1353755332529545,1.834504909813404
6144,6144,0.11005962057970464,0.016133268261910416,2.9395653679966927,0.9020564556121826,0.20469821570441127,0.007543802057625726,1.9826735854148865,2.60647539049387
7168,7168,0.08752977685071528,0.012434881515218876,2.6340319216251373,0.7880308981984854,0.1575746580492705,0.008316790001117624,1.7105932645499706,2.076711367815733
8192,8192,0.11662928224541247,0.010146211781830061,2.571415089070797,0.7532876878976822,0.07890499115455896,0.004336978854553308,0.7932234145700932,1.2071374375373125
9216,9216,0.10435653652530164,0.01045059510943247,2.699613578617573,0.6872274037450552,0.09530913113849238,0.0033468167021055706,1.135766014456749,1.453747071325779
10240,10240,0.09712431789375842,0.017887320820591412,2.6942757219076157,0.743381280452013,0.06122163456166163,0.0064520555606577545,1.239879559725523,1.2626828532665968
11264,11264,0.1146906150970608,0.016534747439436615,2.697410821914673,0.725324884057045,0.029957256017951295,0.005670944054145366,0.8979387804865837,0.5925398822873831
12288,12288,0.10024774959310889,0.007978276466019452,2.673974685370922,0.7097530663013458,-0.0019352951203472912,0.0030862921703374013,1.0006619021296501,0.2202435708604753
13312,13312,0.08732894860440865,0.006156997071229853,2.662724494934082,0.5837903656065464,-0.004885714559350163,0.0037872545144637115,1.0579328909516335,0.22104812413454056
14336,14336,0.09436252119485289,0.006185309546708595,2.585658520460129,0.7723374310880899,0.013721793176955543,0.0021471365216712,0.5545050380751491,0.17954835761338472
15360,15360,0.12224454432725906,0.008675558114191517,2.532735452055931,1.0718127992004156,-0.017189373582368717,0.0030853088392177597,1.233716368675232,0.3549440084025264
16384,16384,0.14444605773314834,0.005836789445311297,2.3094810992479324,0.9669447243213654,0.06890730769373477,0.006187341750774067,1.2584271188825369,0.5200432762503624
17408,17408,0.11551224661525339,0.005963141215033829,2.165667802095413,0.9094896819442511,0.027292607817798853,0.012405127359670587,0.9395272908732295,0.9013327863067389
18432,18432,0.11631256999680772,0.0090488039641059,2.146984487771988,1.0979415476322174,0.047523272573016584,0.005732426870963536,1.2271773442626,0.5657150316983461
19456,19456,0.0763664519181475,0.009357123242807575,1.8452684432268143,0.6759142559021711,0.048810191263328306,0.003274595641414635,1.21973398886621,0.42787654511630535
20480,20480,0.10257512552198023,0.016142913736985065,1.9383574910461903,0.75257776863873,0.09142469265498221,0.004170095700828824,1.567311629652977,0.7008215244859457
21504,21504,0.10691270779352635,0.0014491254114545882,1.9326267316937447,0.663451824337244,0.004104053048649803,0.00039288541847781744,0.8777447883039713,0.12504660454578698
22528,22528,0.07995807309634984,0.0024827784109220374,1.9194049388170242,0.7825456652790308,0.026114125415915623,0.002910887313191779,1.5146593563258648,0.4280229080468416
23552,23552,0.10031940252520144,0.006969451394979842,1.8814876899123192,1.1138994172215462,0.026100399845745414,0.010804690522491,0.714432917535305,0.5996228251606226
24576,24576,0.1397313172928989,0.006539061927469447,1.8751693032681942,0.8757761567831039,0.035596297748270445,0.005493691220181063,0.9369787760078907,0.7108487393707037
25600,25600,0.16724264551885426,0.015792527119629085,2.007757179439068,0.9400969631969929,0.08665264380397275,0.02176130606676452,1.0258482061326504,1.544084794819355
26624,26624,0.14122962951660156,0.0064608212996972725,2.040394753217697,1.0243611615151167,0.05939915112685412,0.011554662632988766,1.3430883474647999,0.833644250407815
27648,27648,0.13588754530064762,0.0027929786811000668,2.324700780212879,1.1158595085144043,0.05965241628291551,0.007960268689203076,1.2668517231941223,1.090731581673026
28672,28672,0.12123347620945424,0.00578806586418068,2.324985198676586,0.9325150027871132,0.08071624295553192,0.0051551760188885964,1.2944687530398369,1.0797570366412401
29696,29696,0.08575260607904056,0.00883841716859024,2.1558408364653587,0.805771267041564,0.0521956930460874,0.012741534621454775,1.3105431161820889,1.033468971028924
30720,30720,0.11222120211459696,0.021692394744604826,2.248741328716278,0.9453260824084282,0.05116467806510627,0.014213592672604136,1.4078851640224457,0.7144634313881397
31744,31744,0.14236622001044452,0.0070845971058588475,2.0747851207852364,0.9873866569250822,0.005177896382519975,0.015231213008519262,0.6547363884747028,1.5205529369413853
32768,32768,0.10486192151438445,0.0025963549851439893,1.9443425722420216,0.9066178575158119,0.03403511198121123,0.008519023045664653,0.7820936604402959,0.3767066881991923
33792,33792,0.12516771140508354,0.003998408647021279,2.008919283747673,0.9617039635777473,0.10147211747244,0.006293878119322471,0.4742425512522459,0.9486947804689407
34816,34816,0.0916610406129621,0.010677268655854277,2.0077237263321877,0.877846360206604,0.07324618645361625,0.010047315823612735,1.116093022748828,0.9413231685757637
35840,35840,0.0810067233396694,0.04063714438234456,1.8141493760049343,0.7438663356006145,0.05607387225609273,0.018099567882018164,1.4727000147104263,1.3070265837013721
36864,36864,0.0883493932778947,0.01690162072191015,1.8275767713785172,0.701829344034195,-0.024546375905629247,0.005706182273570448,1.3660502806305885,0.4245619303546846
37888,37888,0.11498865915928036,0.004486567522690166,1.928135097026825,0.8077215775847435,0.03191906033316627,0.0062151889214874245,0.774995356798172,0.5335225388407707
38912,38912,0.12075299606658518,0.006316054947092198,1.8996823504567146,0.9245045706629753,0.003317275724839419,0.0032770845136838034,0.5223165769129992,0.12138172099366784
39936,39936,0.07881961739622056,0.008589590339397546,1.7455483637750149,0.7411430533975363,0.002246740652481094,0.0011839269245683681,0.8978902027010918,0.17222761502489448
40960,40960,0.059102591301780194,0.021743792458437383,1.906495165079832,0.8156347647309303,0.04851077089551836,0.01524241900187917,1.2069607265293598,1.4251351840794086
41984,41984,0.10733828390948474,0.008583315298892558,1.9742901548743248,0.9274830538779497,0.054880099691217765,0.010680567240342498,1.264696627855301,0.6689762556925416
43008,43008,0.08651017711963505,0.006819595175329596,1.761965285986662,0.7234504446387291,0.07936769290245138,0.014435857039643452,0.27283341716974974,0.44028584798797965
44032,44032,0.06776392599567771,0.009827802539803088,1.7814326137304306,0.5748607739806175,-0.01007732903235592,0.0064997414738172665,1.0829739547334611,0.23591650347225368
45056,45056,0.07423746201675385,0.021475008252309635,1.814987700432539,0.8494926653802395,0.04896379775891546,0.00955507587059401,1.0412203501909971,0.5272811409085989
46080,46080,0.08615723755792715,0.018092674406943843,1.8179425224661827,0.8026222083717585,-0.005793275719042867,0.003925322249415331,0.5778832091018558,0.22608605585992336
47104,47104,0.1343838090542704,0.002748284699919168,1.7718469128012657,0.8518942594528198,-0.0032022254017647356,0.0011807585410679167,1.1744345370680094,0.17594242910854518
48128,48128,0.0918259127647616,0.003238554381823633,1.734759084880352,0.7843545190989971,0.04529713577358052,0.006833790263044648,1.7255773656070232,0.7132643293589354
49152,49152,0.04925573186483234,0.00525904444657499,1.607957310974598,0.5667963922023773,0.04636705305892974,0.0037151117976463865,1.419755943119526,0.5330356266349554
50176,50176,0.059091347764478996,0.009955177338270005,1.6146199963986874,0.7501166444271803,0.04572689035558142,0.010951355507131666,2.5511949621140957,1.097573284059763
51200,51200,0.08630876679671928,0.004292995188734494,1.6053548827767372,0.8361491486430168,0.02279851265484467,0.019508647703332826,0.9581259749829769,0.7736382558941841
52224,52224,0.10010310786310583,0.006516265129903331,1.761775642633438,0.8690907061100006,0.05555434283451177,0.016021714982343838,0.25769816408865154,0.5999761410057545
53248,53248,0.10010863735806197,0.008454898379568476,1.6540381573140621,0.8654738981276751,0.011852273426484317,0.009800953732337803,0.2122875857166946,0.2688553277403116
54272,54272,0.06328266052878462,0.007972984203661326,1.7374771013855934,0.8287108726799488,0.08014314254978672,0.009913914414937608,0.40143619244918227,0.6379287922754884
55296,55296,0.10832470201421529,0.024372421554289758,1.5973404869437218,0.8126612529158592,0.0191540292580612,0.013031334718107246,0.29387431452050805,0.6161628430709243
56320,56320,0.05279832202359103,0.004051107054692693,1.6962695233523846,0.5621095634996891,0.07637375596095808,0.002662132839759579,0.17140605789609253,0.1962737904395908
57344,57344,0.13422790239565074,0.0027392443880671635,1.6457532234489918,0.8373071793466806,-0.007087691832566634,0.002648592610057676,0.9749735398218036,0.14951727585867047
58368,58368,0.08561284151801374,0.004392577091493877,1.5593337193131447,0.7182309683412313,0.005262057587970048,0.002770868541119853,0.8334118910133839,0.19371612882241607
59392,59392,0.07052511296933517,0.006627419039432425,1.5573512576520443,0.7880857419222593,0.04005958129710052,0.00792143949365709,1.2186338417232037,0.6685139704495668
60416,60416,0.15122402366250753,0.031042272043123376,1.5276032350957394,0.8886757344007492,-0.014305862423498183,0.005817034449137282,1.1472490672022104,0.23357099620625377
61440,61440,0.06818862065847497,0.01991431778878905,1.4965470135211945,0.9145976472645998,0.03524517166079022,0.0039915287925396115,1.6697520483285189,0.7566002467647195
62464,62464,0.08958739310037345,0.00807768214144744,1.5768615640699863,0.876599907875061,-0.012099820654839277,0.00201870361888723,1.0651421435177326,0.30809254199266434
63488,63488,0.09533521701814607,0.0043772898861789145,1.5597276166081429,0.7543171290308237,-0.001507339344243519,0.0015403240358864423,0.48199657956138253,0.4454999631270766
64512,64512,0.09033872035797685,0.013427740952465683,1.7005709260702133,0.7435769326984882,0.035590464947745204,0.008349129217094742,0.5809730547480285,0.847529660910368
65536,65536,0.06937998899957165,0.027142909355461597,1.574538879096508,0.7079499028623104,0.03125470725353807,0.009230259005562402,0.5081894965842366,0.5670747049152851
66560,66560,0.09898738353513181,0.007802956126397476,1.5389880985021591,0.8254678752273321,0.041429582925047725,0.0073918748094001785,1.4363940358161926,0.7647112794220448
67584,67584,0.10827823984436691,0.004181066906312481,1.5245383530855179,0.9322467818856239,0.04196996515383944,0.008483927202178165,0.7377902418375015,0.8679097983986139
68608,68608,0.1224857964552939,0.0009342131615994731,1.4815829619765282,0.867141367867589,-0.005949863523710519,0.0018197515892097726,1.1626439411193132,0.17247854871675372
69632,69632,0.09538693446666002,0.00475465885392623,1.5660915486514568,0.9127465914934874,-0.011246107576880604,0.002830671248375438,1.2381152585148811,0.19106009975075722
70656,70656,0.09036521328380331,0.014852016189252026,1.4539951011538506,0.7452572006732225,-0.026643233839422464,0.012170408430392854,1.0563423074781895,0.40592116210609674
71680,71680,0.10593064012937248,0.002785902910545701,1.5221291035413742,0.6118500623852015,6.36800832580775e-05,0.004057462012497126,0.07800656114704907,0.007814851123839617
72704,72704,0.05914720147848129,0.0054547836480196565,1.5678575746715069,0.5870170444250107,-0.011505873932037503,0.007451945130014792,0.8031338765285909,0.19612178683746606
73728,73728,0.0877614157507196,0.00400759745753021,1.5558733902871609,0.8220572769641876,0.014261853822972625,0.004545772164419759,0.5104215086903423,0.22220413060858846
74752,74752,0.06611739855725318,0.003963477911383961,1.4532939493656158,0.7187817338854074,-0.003040025825612247,0.003427495001233183,0.0618854034692049,0.248570476192981
75776,75776,0.07955873163882643,0.047894081741105765,1.6182373352348804,0.8187247850000858,0.01802838043658994,0.008481438875605818,0.3725049211643636,0.3318900973536074
76800,76800,0.10031360725406557,0.01658785065228585,1.494632076472044,0.8189716413617134,0.011996966932201758,0.0014286331679613795,0.7642503776587546,0.3997517677489668
77824,77824,0.08524742058943957,0.008913390287489165,1.4595789648592472,0.7685889508575201,0.05774859886150807,0.005682877192157321,0.23380081914365292,0.8590273763984442
78848,78848,0.08594440430169925,0.00858337469981052,1.4295121766626835,0.6984791606664658,0.09216890390962362,0.0080371277872473,0.530895265750587,0.774948000907898
79872,79872,0.10635532101150602,0.008423004888754804,1.4229071214795113,0.7770785745233297,-0.014025251410203055,0.003471692485618405,0.749107638373971,0.25776533083990216
80896,80896,0.09431812108960003,0.02332861363538541,1.5214849039912224,0.6247085146605968,0.001874898123787716,0.013313784133060835,0.479001228697598,0.5561474915593863
81920,81920,0.08186941896565259,0.00642325435183011,1.5664474293589592,0.6871969718486071,0.06246694456785917,0.015680104464991018,0.43985217064619064,1.042651940137148
82944,82944,0.023821861192118376,0.0021562947804341093,1.5504629760980606,0.6342475898563862,-0.0007783081964589655,0.004191439846181311,0.18376902397722006,0.13892601453699172
83968,83968,0.062102191004669294,0.0020739609281008597,1.402797818183899,0.3971536299213767,-0.014491557434666902,0.0010145813121198444,1.1285875095054507,0.1735328312497586
84992,84992,0.06380849904962815,0.007555670061265118,1.4588339515030384,0.5375055661424994,0.00434678205056116,0.0030130956729408354,0.23299749102443457,0.13866098510334268
86016,86016,0.039896844449685887,0.01675702400098089,1.50399649143219,0.6743403878062963,0.05144029395887628,0.011994934538961388,0.17606866476126015,0.7089197263121605
87040,87040,0.08827116317115724,0.005915790403378196,1.5831143595278263,0.8404731005430222,0.08288959675701335,0.00851902061549481,0.12403700849972665,1.4487580955028534
88064,88064,0.06841321307001635,0.0039325703619397245,1.585847433656454,0.723332529887557,0.022792836447479203,0.005983310053125024,0.11147442017681897,0.7283954620361328
89088,89088,0.07682185946032405,0.0035783015337074175,1.6409120224416256,0.5898883156478405,0.048168057459406555,0.00683064095210284,0.40528736682608724,0.8395450953394175
90112,90112,0.07421304588206112,0.01654283188690897,1.5169939883053303,0.8031503111124039,0.04604162584291771,0.023558663815492764,1.023563364520669,1.570353627204895
91136,91136,0.09113773092394695,0.001938334726219182,1.4814605489373207,0.8092384058982134,0.03751755713892635,0.0045115467328287195,1.5794081091880798,0.4146047653630376
92160,92160,0.053839626896660775,0.0029617714826599695,1.484498057514429,0.6500710006803274,-0.002792164283164311,0.0034886619105236605,1.0212377440184355,0.18423578329384327
93184,93184,0.06006901495857164,0.002836241212207824,1.6460906118154526,0.5645106360316277,0.0027871242782566696,0.006159531629236881,0.38768613152205944,0.21865293965674937
94208,94208,0.0825454262085259,0.003428997482842533,1.5518612451851368,0.7041612043976784,-0.012848897429648787,0.003959072106226813,0.8134599644690752,0.17096400656737387
95232,95232,0.0848344360711053,0.020047591198817827,1.4057815745472908,0.7687924411147833,-0.001621652685571462,0.011430312224547379,0.8559319134801626,0.36194944847375154
96256,96256,0.07604771136539057,0.006765956277376972,1.442057654261589,0.7641021087765694,0.06613100616959855,0.013362139121454675,1.581100270152092,0.801627341657877
97280,97280,0.10105094371829182,0.007749998010694981,1.4529325738549232,0.8479181509464979,0.042343013861682266,0.010601175570627674,1.294767901301384,0.47517897095531225
98304,98304,0.08739690465154126,0.0076483100674522575,1.5435990765690804,0.8726049270480871,0.02192934084450826,0.009547836874844506,1.3580484874546528,0.568241024389863
99328,99328,0.05945442934171297,0.006698539953504223,1.4563686475157738,0.7454968169331551,0.02469573845155537,0.00724748052743962,1.3222581557929516,0.415210816077888
100352,100352,0.11704441998153925,0.038437872513895854,1.3982657603919506,0.7481658905744553,0.022169531177496538,0.007759584113955498,1.2907430119812489,0.5735434396192431
101376,101376,0.07155865855747834,0.016707089889678173,1.3974188826978207,0.8264364749193192,0.0017929765162989497,0.0037576332833850756,0.5201823757961392,0.13459465908817947
102400,102400,0.0815593518782407,0.025614933285396546,1.4622751623392105,0.6739062573760748,0.016272962937364355,0.008003345879842527,1.1638981467112899,0.4714552890509367
103424,103424,0.0690118630300276,0.006673073672573082,1.5056923069059849,0.7915429342538118,0.027432589820818976,0.008214954505092464,0.2304651695303619,0.3912025401368737
104448,104448,0.06983731052605435,0.0039296843388001435,1.4178375042974949,0.7507808599621058,-0.018963286885991693,0.0024842144521244336,0.5308880535885692,0.11474059894680977
105472,105472,0.07676310720853508,0.024763989786151797,1.3635284043848515,0.6651456262916327,0.007177068284363486,0.011600895391893573,1.0714860116131604,0.4856028603389859
106496,106496,0.05283188636531122,0.008351731128641404,1.4277285672724247,0.5192693090066314,0.04786373957176693,0.008396272693062201,1.5753649678081274,0.9532756619155407
107520,107520,0.06787726146285422,0.0024698488505237037,1.2452091611921787,0.433862779289484,-0.0008270671241916716,0.0012602344449987868,0.1753656908404082,0.020645206270273775
108544,108544,0.05360761693737004,0.0030912641268514562,1.4051164127886295,0.5481359660625458,0.13143584714271128,0.00959180605423171,0.9204978561028838,1.0382690243422985
109568,109568,0.04154596776061226,0.00308060404859134,1.4118257202208042,0.5115982387214899,-0.014020419184817001,0.0014595615921280114,0.7187705971300602,0.1109917857684195
110592,110592,0.05554728052811697,0.04452549369307235,1.3903414160013199,0.6691191345453262,0.014627247321186587,0.012999623475479893,0.6226002592593431,0.8262773212045431
111616,111616,0.06264048200682737,0.020085010030015837,1.3839267827570438,0.6152953281998634,0.04152851956314407,0.005888360974495299,0.7987724971026182,0.502260213252157
112640,112640,0.0445221817062702,0.012796907365554944,1.2092056088149548,0.43035892210900784,-0.004208142636343837,0.001252975993338623,1.4764461759477854,0.24406425189226866
113664,113664,0.06752505520125851,0.0034418623836245388,1.4232596084475517,0.5359410233795643,-0.010804283723700792,0.0016092427231342299,1.1435728669166565,0.18969299271702766
114688,114688,0.050659081927733496,0.0022128776963654673,1.3780334144830704,0.38821430783718824,-0.005677524895872921,0.0005055588244431419,1.2256436571478844,0.18320932099595666
115712,115712,0.03218937912606634,0.013977874332340434,1.2804600857198238,0.684785969555378,-0.022709805474733002,0.003760877123568207,1.1819317638874054,0.4107840065844357
116736,116736,0.07011961520765908,0.008546260782168247,1.3344712406396866,0.7675207443535328,0.012762507220031694,0.003977391112130135,0.3475507264956832,0.5159730575978756
117760,117760,0.08850061180419289,0.007455000726622529,1.2632472552359104,0.7261847220361233,0.06054870691150427,0.0075376727763796225,0.20809559151530266,0.5851026456803083
118784,118784,0.07186103719868697,0.005756459984695539,1.3766571022570133,0.9069438744336367,0.0074962972139474005,0.002097095832141349,0.09095975453965366,0.05137482954887673
119808,119808,0.08334275253582746,0.007712463848292828,1.3490898422896862,0.8364525660872459,0.06351535388967022,0.00268863555174903,0.09766873950138688,0.25272063934244215
120832,120832,0.08346999727655202,0.022288436404778622,1.4694578908383846,0.870983362197876,0.02352580492151901,0.00853111226024339,0.1846880440134555,0.35754798725247383
121856,121856,0.06192107728566043,0.008325526068801992,1.4993891641497612,0.5576431546360254,-0.0050828598032239825,0.009699151894892566,1.3642358090728521,0.4376072324812412
122880,122880,0.044922610570210963,0.003923007228877395,1.5602985098958015,0.6254533529281616,0.0935169294825755,0.00967420166125521,0.17213699407875538,0.6848912034183741
123904,123904,0.07939769915537909,0.005922362266574055,1.5737520828843117,0.6145283207297325,0.0025788110215216875,0.010437100063427351,0.15111196786165237,0.514311246573925
124928,124928,0.052759126978344284,0.0068245083530200645,1.4428857639431953,0.6976503990590572,0.053936300391796976,0.011392874162993394,0.7052284516394138,1.025130631402135
125952,125952,0.07618451246526092,0.023684155035880394,1.360241662710905,0.8262696675956249,0.04212788018048741,0.03639993886463344,0.7212113253772259,1.2190820891410112
126976,126976,0.06585280271247029,0.0039319567804341204,1.4720683060586452,0.5646936371922493,-0.014982500608311966,0.009206767965224572,1.2142506837844849,0.21071216999553144
128000,128000,0.05523133018868975,0.0014035617114132037,1.598015833646059,0.5023819897323847,0.05516720857121982,0.007022306409453449,1.936441756784916,0.6564883515238762
129024,129024,0.06134796538390219,0.002063076117337914,1.5311239697039127,0.6518657598644495,0.0072601303982082754,0.008542753021174576,1.8980453498661518,0.7265481222420931
130048,130048,0.03274961875285953,0.013327523687621579,1.320933111011982,0.5311988880857825,0.0015234968159347773,0.010695299846702255,0.25959893222898245,0.06442340713692829
131072,131072,0.04316486406605691,0.005162821238627657,1.3756147734820843,0.6924989335238934,0.06189320719568059,0.01325892872409895,1.1657948195934296,0.7004951285198331
132096,132096,0.07837737468071282,0.004547606535197701,1.3787128403782845,0.6342773381620646,0.07806123772752471,0.010638931387802586,2.0222673062235117,1.0213909447193146
133120,133120,0.09531120245810598,0.008672504845890217,1.6372251510620117,0.8091935329139233,0.1085215620114468,0.01441906439140439,1.4579639751464128,0.8024189658463001
134144,134144,0.08130555978277698,0.008140553982229903,1.4591914303600788,0.6989654488861561,0.09203467285260558,0.01891810170491226,1.1005073487758636,1.9106071814894676
135168,135168,0.05313009535893798,0.02941907473723404,1.437369678169489,0.6306944489479065,0.04428785259369761,0.009958365248166956,2.0920350700616837,0.9038556832820177
136192,136192,0.08138256554957479,0.017033944342983887,1.5439642071723938,0.6219375040382147,0.038922522333450615,0.0076734856847906485,1.102223209105432,0.6712669301778078
137216,137216,0.07562371241510846,0.0066542863205540925,1.2702727168798447,0.595478393137455,0.027648155111819506,0.008700367179699242,0.15579097252339125,0.30683418177068233
138240,138240,0.06842259335098788,0.0003730471962626325,1.2535794042050838,0.4395952858030796,1.2668169802054763e-06,0.0015822219183974084,0.11741478554904461,0.011834502860438079
139264,139264,0.030870815811795183,0.0029783266145386733,1.4140808768570423,0.506468765437603,0.07340349204605445,0.003527751330693718,0.4397831270471215,0.2690867409110069
140288,140288,0.07026114498148672,0.02990316940122284,1.3483235761523247,0.5960564073175192,0.028662382625043392,0.02078148486907594,2.2096556574106216,1.2142097223550081
141312,141312,0.07465697667794302,0.020459760242374614,1.7218144536018372,0.828866658732295,0.04651616435148753,0.021811308426549658,0.5601864466443658,0.8398835770785809
142336,142336,0.06858761537296232,0.007247973117046058,1.4775961488485336,0.5888447035104036,0.034434258443070576,0.007954023720230907,2.424136910587549,1.2563575003296137
143360,143360,0.0756839299283456,0.006571889767656103,1.6495423875749111,0.5912492983043194,0.07409607071895152,0.019859660824295133,0.4248779499903321,1.5670635774731636
144384,144384,0.04687720866058953,0.007394695159746334,1.709859762340784,0.6020807735621929,0.12042850110447034,0.017754427128238603,0.13177987770177424,2.5297378599643707
145408,145408,0.06263867611414753,0.02228353504324332,1.6499789170920849,0.7269236613065004,0.04961401323089376,0.02072865847731009,0.2200338114053011,1.1296709403395653
146432,146432,0.08016871497966349,0.008520889023202471,1.694431111216545,0.74852997623384,0.0969312890083529,0.021399321471108124,0.40005401242524385,2.7158884331583977
147456,147456,0.07859462691703811,0.008115474745864049,1.4765840284526348,0.6311169918626547,0.12286078743636608,0.012403464133967645,0.5617081429809332,1.8847040198743343
148480,148480,0.08137046394404024,0.009742953407112509,1.6450796201825142,0.7956609763205051,0.03609295524074696,0.010059494234155864,0.7228361871093512,1.4086169227957726
149504,149504,0.05430883588269353,0.007886011175287422,1.6133944317698479,0.6316663138568401,0.12337074615061283,0.015392816509120166,1.144980015233159,1.701179824769497
150528,150528,0.07658759923651814,0.04251451027812436,1.4104042537510395,0.5511267874389887,0.06109450646908954,0.013094878566334955,1.309953112155199,0.9748028218746185
151552,151552,0.09244200427201577,0.02259810219402425,1.427733514457941,0.8503992427140474,0.07562858852907084,0.00730094441678375,0.6870572995394468,5.6833286583423615
152576,152576,0.10714417742565274,0.0048564534008619376,1.4850982204079628,0.7145890090614557,0.16965720476582646,0.0006406993707059883,1.9271014258265495,6.7163796573877335
153600,153600,0.08385874575469643,0.001227971539265127,1.5457439571619034,0.5268692597746849,0.1815357959130779,0.00016643474009470083,2.3751936219632626,1.953014207072556
154624,154624,0.05914588982705027,0.000743987133319024,1.6007783748209476,0.5121337343007326,-0.007969006255734712,0.0008166570878529456,1.2455463968217373,0.09293770091608167
155648,155648,0.04977180084097199,0.014288538295659237,1.5464020036160946,0.6879181191325188,0.04613369581056759,0.009348497376777232,1.0819683726876974,0.746556174941361
156672,156672,0.04553539416519925,0.00585456902263104,1.367317084223032,0.4544008066877723,0.006743135483702645,0.005517983569006901,1.5123776523396373,1.016737894155085
157696,157696,0.06628956623899285,0.0038918988066143356,1.361881647258997,0.5421523479744792,0.06611277157207951,0.009005020358017646,0.45509584713727236,0.4740911927074194
158720,158720,0.06604426342528313,0.0021535289779421873,1.4079932756721973,0.6331885512918234,0.08339751284802333,0.007215162688225973,0.16284066555090249,0.6185505483299494
159744,159744,0.06667868050863035,0.004463734148885123,1.4484902434051037,0.9726622588932514,0.05787974127451889,0.011709868573234417,0.34214466996490955,2.0228832699358463
160768,160768,0.16794648300856352,0.02223007161228452,1.5038588643074036,0.8257824685424566,0.011233524506678805,0.01010463826241903,0.2564333789050579,0.4432304250076413
161792,161792,0.0757408007630147,0.011503882647957653,1.5296547710895538,0.675386767834425,0.07961686933413148,0.01499719257117249,0.4695803471840918,1.4530678167939186
162816,162816,0.060057155904360116,0.005481470165250357,1.6410056576132774,0.5586320720613003,0.059591074648778886,0.010006916825659573,1.1835844833403826,0.7044396251440048
163840,163840,0.047715287932078354,0.0039446049922844395,1.4522655047476292,0.49804575741291046,-0.002918780897744,0.005477236714796163,1.2725629098713398,0.4647307274863124
164864,164864,0.06356190133374184,0.005923809461819474,1.4930298030376434,0.5988643206655979,0.06931022726348601,0.00747900902206311,0.9908127300441265,0.7855635676532984
165888,165888,0.05279110679111909,0.023838977242121473,1.5754077956080437,0.7233818229287863,0.07566370454151183,0.015942719561280683,2.33817033842206,1.3844140507280827
166912,166912,0.058097650995478034,0.0039849531021900475,1.5251432284712791,0.5220269868150353,0.03919887589290738,0.010957469377899542,1.9210992977023125,0.6811362914741039
167936,167936,0.029131791176041588,0.0014004443837620784,1.0401488561183214,0.36927727796137333,-0.007474465586710721,0.003352533600263996,1.3036947064101696,0.20273540681228042
168960,168960,0.03946038184221834,0.0036288643968873657,1.0256986655294895,0.3481669770553708,-0.005079169437522069,0.002553322350649978,1.0857399608939886,0.16116068558767438
169984,169984,0.04777085984824225,0.00870074912745622,1.1742667257785797,0.48166473954916,-0.008155545132467523,0.0034878560782090062,1.9474986158311367,0.5915097289253026
171008,171008,0.03248258899839129,0.015030811002361588,1.3927004486322403,0.5917465575039387,0.02983970320201479,0.013661616860190406,2.062696171924472,2.333762999624014
172032,172032,0.05069293116685003,0.009024061786476523,1.4921745546162128,0.7055907156318426,0.08853228000225499,0.02272758973413147,0.4158433023840189,1.4078367464244366
173056,173056,0.04007705973344855,0.0014619783032685518,1.2968168705701828,0.4912269860506058,0.003179399878717959,0.0011190832756255986,0.23808914283290505,0.028467797033954412
174080,174080,0.05582280404632911,0.006684215557470452,1.2531536146998405,0.5988166015595198,0.0024691779690328985,0.007407002391119022,1.8834880497306585,0.9174538720399141
175104,175104,0.05127510760212317,0.014057281267014332,1.2054755426943302,0.5166510138660669,0.014874993183184415,0.005780823288660031,1.8094527907669544,0.785449443385005
176128,176128,0.05283745322958566,0.0042175441412837245,1.1481972374022007,0.38333216309547424,0.00030119730217847973,0.0017897741322485672,1.070334678515792,0.16249004960991442
177152,177152,0.04062772098404821,0.0067418234393699095,1.5681637860834599,0.6025308798998594,0.08641897013876587,0.005977773551421706,1.2946541998535395,0.9366862960159779
178176,178176,0.054485338332597166,0.006790146333514713,1.6502461731433868,0.6417112350463867,0.018322867166716605,0.01140472898259759,0.8192458339035511,0.604659466072917
179200,179200,0.031981202744646,0.00574838097236352,1.4287844225764275,0.6639119628816843,0.09487188173807226,0.011757291882531717,0.9105363944545388,0.9079806879162788
180224,180224,0.052338409615913406,0.027424463507486507,1.1864288002252579,0.4642299637198448,0.04630151376477443,0.01824847885291092,1.8291351161897182,0.6729499017819762
181248,181248,0.07638121768832207,0.017461474606534466,1.5459970384836197,0.6369848567992449,0.04181166677153669,0.014452114730374888,1.59684431925416,0.9365063738077879
182272,182272,0.05018971613026224,0.007759733955026604,1.3728776276111603,0.5345096634700894,0.025725540588609874,0.009296041855122894,1.2849853951483965,0.5799966668710113
183296,183296,0.06934648242895491,0.0037660855159629136,1.3298308216035366,0.639612453058362,0.030657439696369693,0.010238198665319942,1.360469650477171,0.5217141369357705
184320,184320,0.06267969301552512,0.0017775808864826104,1.3176760636270046,0.43584492336958647,0.02746762748574838,0.00036594129437617084,0.8854171796701849,0.18491332151461393
185344,185344,0.03426756580302026,0.024442678433842957,1.2185931392014027,0.5537565648555756,-0.0062429844692815095,0.008311888959724456,0.40874622389674187,0.9744426216930151
186368,186368,0.07666896661976352,0.02071418678679038,1.1546469815075397,0.6391942799091339,0.05742478830507025,0.012606099044205621,1.3874579351395369,0.8024193681776524
187392,187392,0.08777436171658337,0.0082821346441051,1.2793131619691849,0.8856280222535133,-0.0020210452494211495,0.005780334075097926,0.9294442851096392,0.24588902015239
188416,188416,0.09763542597647756,0.0031633715188945644,1.2437433451414108,0.8163516670465469,-0.0059628470335155725,0.002779617654141475,0.6386039275676012,0.08967506233602762
189440,189440,0.07762005533732008,0.005726045987103134,1.3195232823491096,0.6504993550479412,0.07455017254687846,0.011154486914165318,0.4578402480110526,0.7036566622555256
190464,190464,0.09439678362105042,0.014841598997008987,1.2120372615754604,0.7733619064092636,0.07310637162299827,0.012360228356556036,0.43868747167289257,0.6791521944105625
191488,191488,0.06016213182010688,0.0043781966451206245,1.284580685198307,0.7118360511958599,0.0727591191243846,0.00417452185502043,0.3538861908018589,0.15401626541279256
192512,192512,0.06347807013662532,0.0032220367720583454,1.2732851952314377,0.5525519717484713,-0.006546026474097744,0.002962699825729942,1.045302065089345,0.2465785862877965
193536,193536,0.059229050180874765,0.0042399090316393995,1.2277335189282894,0.42619560845196247,-0.008989850641228259,0.0003202585148756043,1.2871867064386606,0.2159231116529554
194560,194560,0.046364699315745384,0.004553456532448763,1.343528512865305,0.4568258682265878,-0.0248862081207335,0.00015588748328809743,1.1250614300370216,0.17016325565055013
195584,195584,0.05181040690513328,0.015637238131603226,1.1102717444300652,0.6862478107213974,0.04070887138368562,0.007081394956912845,0.41404042299836874,0.3194576338864863
196608,196608,0.07126162888016552,0.0021763724653283134,1.272624745965004,0.5347528122365475,0.0009527202346362174,0.0013417192303677439,1.0452064843848348,0.20330123556777835
197632,197632,0.045020805337117054,0.0015898937053862028,1.2729214392602444,0.3793787518516183,0.01100496863364242,0.00037859190661038156,1.1114308359101415,0.21011445671319962
198656,198656,0.04079755290877074,0.0029208388114057016,1.2655165828764439,0.3896073894575238,-0.022058518734411336,0.00028458533188313595,1.105006081983447,0.16693867137655616
199680,199680,0.03771591684198938,0.0019362974495606977,1.4700280241668224,0.49519410636276007,-0.028364406927721575,0.00020905099336232524,1.0480509251356125,0.16039133863523602
200704,200704,0.06917862815316767,0.021043536951765418,1.1756050810217857,0.6935172770172358,0.05715605599107221,0.011362883189576678,1.2813805220648646,1.8041972890496254
201728,201728,0.07349977164994925,0.0079835117503535,1.0600217692553997,0.5183920180425048,0.020965007453924045,0.010062125496915542,1.2586889248341322,1.0291204918175936
202752,202752,0.07003184905624948,0.006376270859618671,1.1632125712931156,0.682085519656539,-0.002310307783773169,0.005250643262115773,0.2163641401566565,0.6311320224776864
203776,203776,0.07119366974802688,0.007949892315082252,1.2286742366850376,0.7442913744598627,0.059647852467605844,0.002851463301340118,0.19709765072911978,0.4002236742526293
204800,204800,0.038415553950471804,0.008386554163735127,1.1452425755560398,0.7208724338561296,-0.0076303607784211636,0.002910165552748367,1.2514308029785752,0.33174024033360183
205824,205824,0.048850284510990605,0.03250808242592029,1.290040910243988,0.835025817155838,0.08460492140147835,0.01838834784575738,0.8041483610868454,1.7582840770483017
206848,206848,0.04722981809754856,0.005640101800963748,1.2434884868562222,0.688552325591445,0.05809747337480076,0.007455707469489425,1.042928047478199,0.7893632408231497
207872,207872,0.04083737778273644,0.001656895092310151,0.860801700502634,0.3328073415905237,-0.015091927867615595,0.0023587836435581266,1.370608538389206,0.2125695077702403
208896,208896,0.050587381672812626,0.0022448692598118214,0.8869288638234138,0.3360869390890002,-0.013339384837308899,0.0020845180605419955,1.3180086761713028,0.20358959631994367
209920,209920,0.08312587154796347,0.007684975651500281,1.2214226759970188,0.5400284864008427,0.0759266935638152,0.011218506158911623,1.456693584099412,1.236921802163124
210944,210944,0.06118052048259415,0.026256414275849238,1.362007264047861,0.650194875895977,0.025611550692701712,0.016546820756047964,0.18913671700283885,0.3580155046656728
211968,211968,0.07133317063562572,0.00789532225462608,1.4783120192587376,0.642765736207366,0.060205410758499056,0.014564503042493016,0.14277699426747859,1.0853500235825777
212992,212992,0.05545770892058499,0.003033654371392913,1.2504118345677853,0.47213726583868265,-0.001997672938159667,0.0039212222127389396,0.4204722987487912,0.055320902611128986
214016,214016,0.049689760140608996,0.0015570598025078652,1.2674031890928745,0.46468243189156055,-0.04072259247186594,0.002936821064849937,1.317060574889183,0.24396723741665483
215040,215040,0.02885634920676239,0.01242775545688346,1.3387472294270992,0.5250945892184973,0.004048183327540755,0.004773247346747667,1.1072730757296085,0.4589656610041857
216064,216064,0.07078840234316885,0.006435301038436592,1.1491572707891464,0.8642468843609095,0.06483191810548306,0.006398036821337882,1.292437843978405,1.047049405053258
217088,217088,0.05082793228211813,0.0022780911822337657,1.2220641002058983,0.42757637053728104,0.08232011878862977,0.00041767595052988327,1.7289743167348206,0.5455841469811276
218112,218112,0.06619305198546499,0.0016791006382845808,1.2302933670580387,0.40479696821421385,6.342059350572526e-05,0.00023927921984068234,0.18468060158193111,0.01971252274233848
219136,219136,0.055680850346107036,0.0020030582491017412,1.381203044205904,0.4492849325761199,9.743962436914444e-07,0.00017920966467954713,0.2766095893457532,0.031247513368725777
220160,220160,0.03311236668378115,0.017092963920731563,1.0396532379090786,0.39957221783697605,-0.021488726750249043,0.002831698576301278,1.2399180373176932,0.24290380743332207
221184,221184,0.07834758283570409,0.008163258913555183,1.054027434438467,0.7786918058991432,0.005463750829221681,0.00125129166917759,0.14932730235159397,0.3351943758316338
222208,222208,0.07473805046174675,0.0043834820098709315,1.0810054689645767,0.7614747956395149,0.09047297929646447,0.010681129504519049,0.424613194540143,0.5444350298494101
223232,223232,0.06820575703750364,0.0014961862852942431,0.9988246541470289,0.6090498324483633,0.005459074018290266,0.0014349376779136946,1.0581508185714483,0.23967656446620822
224256,224256,0.046151561313308775,0.005002303914807271,1.0726265348494053,0.4423333378508687,0.030198521970305592,0.0048357890045735985,3.1748364865779877,1.235919838771224
225280,225280,0.03975981244002469,0.018612755186040886,1.037729661911726,0.6027937419712543,0.08067161968210712,0.009180456108879298,3.3191738426685333,1.7626752369105816
226304,226304,0.038407570333220065,0.0028314592091192026,1.1416163332760334,0.47088431380689144,0.0380577222967986,0.0017657931948633632,2.245674129575491,0.6548465429805219
227328,227328,0.028709239297313616,0.0005180511657272291,1.1830662712454796,0.3510315604507923,0.0021445025922730565,0.00034915420565084787,1.3136535473167896,0.20133869908750057
228352,228352,0.08114046190166846,0.012900166228064336,1.1574265956878662,0.6161695849150419,0.0448940692585893,0.020616586261894554,1.121099291369319,1.286670833826065
229376,229376,0.03646982702775858,0.004642750944185536,1.186351153999567,0.5488314144313335,0.04024726845091209,0.005637770373141393,1.2647963911294937,0.3905859044753015
230400,230400,0.0417983177176211,0.03603460150770843,1.0060576479882002,0.5481545459479094,0.02573564019985497,0.01280701532959938,1.2828632928431034,0.6363815674558282
231424,231424,0.09274457275751047,0.014290673600044101,1.415694199502468,0.6601612195372581,0.04133391968207434,0.007758244144497439,1.5432924702763557,1.0279244855046272
232448,232448,0.07206101572955959,0.004461871256353334,1.0094635840505362,0.6548357680439949,0.03877499545342289,0.006376885088684503,1.3150935918092728,0.6253661615774035
233472,233472,0.03494520194362849,0.002569510121247731,0.8529396783560514,0.4383228877559304,0.007521956256823614,0.0006304497292148881,0.5932006593793631,0.08212055591866374
234496,234496,0.03441105990350479,0.0037825695198989706,0.8466279059648514,0.3506631348282099,-0.0026398395420983434,0.00013246031255675916,0.5633665760979056,0.0742716392269358
235520,235520,0.03743603405018803,0.021321146268746816,0.9764970783144236,0.6371072977781296,0.032609075686195865,0.020778679376235232,1.293549332767725,0.8796925246715546
236544,236544,0.09493540192488581,0.0062229656396084465,1.3373382054269314,0.959133530035615,-0.0017131342610809952,0.010607552343572024,0.4556231824681163,0.09355143969878554
237568,237568,0.10374798229895532,0.005272334077744745,1.0981275588274002,0.7315362561494112,0.025940644409274682,0.019421656848862767,0.43411455396562815,1.0145218428224325
238592,238592,0.08265180536545813,0.008298094602650963,1.3671045377850533,0.760957108810544,0.03305812277540099,0.02614495428861119,1.0590041615068913,0.655309802852571
239616,239616,0.07117491864482872,0.005880924178200075,1.2390874028205872,0.5861568171530962,0.019674800903885625,0.009868485052720644,0.38034323044121265,0.18682721513323486
240640,240640,0.08080200041877106,0.04164173992467113,1.2036428675055504,0.93955934420228,0.006480481562903151,0.027621613873634487,1.2942612953484058,0.7593546621501446
241664,241664,0.09680461219977587,0.017312225827481598,1.136687383055687,0.8871589545160532,0.05679593636887148,0.019367614237125963,1.9029197059571743,1.2661371026188135
242688,242688,0.08280769997509196,0.005265958949166816,1.088632620871067,0.8930115737020969,0.025116828794125468,0.005379960421123542,1.3620890229940414,0.30436598882079124
243712,243712,0.07363404522766359,0.0053836572405998595,1.075588420033455,0.7454071436077356,0.026377061716630124,0.0075455372425494716,0.7452967334538698,0.7883816882967949
244736,244736,0.0478779963159468,0.0064891164292930625,1.0304022133350372,0.8116122037172318,0.008419633493758738,0.005745005044445861,0.7483767792582512,0.2428097198717296
245760,245760,0.08053255050617736,0.017804143630200997,1.0807480961084366,0.807160971686244,0.09695284289773554,0.020013830275274813,1.0722230207175016,1.2496962882578373
246784,246784,0.08171454659895971,0.0024014380796870682,0.9059335198253393,0.5386634543538094,0.021259020373690873,0.009507822513114661,0.4155316341202706,0.3652651961892843
247808,247808,0.041396129061467946,0.00042286498137400486,1.2996048107743263,0.41660607047379017,-0.00017026302521117032,0.005375281422402622,0.1495620959904045,0.015731355641037226
248832,248832,0.04817310150247067,0.003347205671161646,1.1937092393636703,0.4424162460491061,0.03283433016622439,0.0056522679260524455,0.39058972243219614,0.2578534698113799
249856,249856,0.041184753354173154,0.005938167167187203,1.1689753495156765,0.5796762444078922,0.044867726537631825,0.008912212753784843,1.3521506432443857,0.9476471561938524
250880,250880,0.054176374833332375,0.02501045260578394,1.2159020565450191,0.9340133406221867,0.014672026212792844,0.012318583627347834,1.4079125113785267,0.8995177987962961
251904,251904,0.04969332992914133,0.0075906670244876295,1.0068499017506838,0.7513515036553144,0.023954217322170734,0.008461630597594194,1.150174554437399,0.5377411618828773
252928,252928,0.017042778541508596,0.0024943399293988477,0.9914657343178988,0.3513636589050293,-0.00854253931902349,0.004206345322018024,1.6489470191299915,0.2769098673015833
253952,253952,0.036336799239506945,0.004347296919149812,1.0935528706759214,0.40904990024864674,-0.00018548007938079536,0.002756160818535136,1.3218219466507435,0.20401235623285174
254976,254976,0.047186259762384,0.0075313774214009754,1.3544259332120419,0.7973080705851316,0.0417363093001768,0.005983443581499159,1.2373386453837156,0.553775992244482
256000,256000,0.07002087263390422,0.025867565418593585,0.9942198991775513,0.6102868281304836,0.026845180575037375,0.006115745811257511,0.9817560110241175,0.515580833889544
257024,257024,0.03556400808156468,0.0025170098542730557,1.0091819297522306,0.38156190793961287,0.005303723883116618,0.0014425283197851968,0.7750953286886215,0.11711673741228878
258048,258048,0.03178007557289675,0.0007983182931639021,0.7991076707839966,0.3124062027782202,-0.008803034550510347,0.0007817954669917526,1.2502544820308685,0.189201382920146
259072,259072,0.1008085577050224,0.005619473718979862,1.0421949978917837,0.7938121985644102,0.06216537448926829,0.011452205653768033,0.22379226610064507,0.7383264303207397
260096,260096,0.053150975712924264,0.03084744737134315,1.094656765460968,0.7536529507488012,0.08383731753565371,0.014473215414909646,1.0326850190758705,0.9092255160212517
261120,261120,0.115789913572371,0.03157779813045636,0.9592796061187983,0.8780360650271177,0.10701190936379135,0.017122002580435947,0.8702560719102621,0.9263865910470486
262144,262144,0.03750295427744277,0.014924134247848997,0.8111725375056267,0.3401166358962655,0.00626716113765724,0.00047330324832728365,0.953315906226635,0.14388254727236927
263168,263168,0.029462880367645994,0.006943984895769972,0.8867724128067493,0.26572773698717356,-0.021986184146953747,0.00028327820564300055,1.2228660583496094,0.18639242462813854
264192,264192,0.04330276098335162,0.0029993449643370695,1.0479313060641289,0.3562829466536641,-0.018568342900834978,0.00015874150528816244,0.8742654025554657,0.1320449565537274
265216,265216,0.03001627096091397,0.013231832461315207,0.9232692681252956,0.5248493542894721,0.03361862347810529,0.006135587813332677,3.1757032219320536,2.7425252199172974
266240,266240,0.0704679747868795,0.009939463074260857,1.1026765406131744,0.7900313548743725,0.04607201780891046,0.009947663565981202,0.18800443201325834,0.5496849175542593
267264,267264,0.055456120579037815,0.0033103872447100002,1.1279270313680172,0.6753049027174711,0.040203039767220616,0.005456318067444954,0.12117823748849332,0.4493802934885025
268288,268288,0.11632141610607505,0.004627030037227087,1.0688526630401611,0.8861990347504616,-0.005142683570738882,0.00363136837768252,0.47017026180401444,0.28041682904586196
269312,269312,0.024381869880016893,0.008503171367920004,0.8102510999888182,0.33717180788517,0.031338217377197,0.0015349919840446091,2.20780610665679,0.6124688014388084
270336,270336,0.005601939745247364,0.020593610359355807,0.8237204290926456,0.6154189873486757,0.045594287861604244,0.011090192099800333,0.6630276758223772,0.9555095452815294
271360,271360,0.0596787431568373,0.013102690718369558,1.261210035532713,0.9569233432412148,0.04884731225320138,0.009582990955095738,0.6508503900840878,0.6316676214337349
272384,272384,0.12412044138181955,0.012755737654515542,0.9047852028161287,0.6602956056594849,0.03362212987849489,0.013830116629833356,1.9700204133987427,1.143488870933652
273408,273408,0.06249806412961334,0.01042611478624167,1.3878361731767654,0.7697474583983421,0.07531336130341515,0.01056285655067768,1.6158500853925943,0.9697918258607388
274432,274432,0.04391800198936835,0.008111114861094393,1.1586336828768253,0.7076483964920044,0.023108877008780837,0.005532983661396429,2.5077235735952854,0.9561660774052143
275456,275456,0.10257826262386516,0.033607613906497136,1.1566613875329494,0.7057350892573595,0.014947315910831094,0.013458206536597572,1.7713934499770403,0.7578017376363277
276480,276480,0.04946906809345819,0.011699404523824342,1.2338582761585712,0.5222857622429729,0.04876138070540037,0.007778036393574439,1.8571587279438972,1.2862552190199494
277504,277504,0.03223001639707945,0.0036012819427924114,1.0497560519725084,0.38331081438809633,0.06408047777949832,0.0002338321410206845,1.2260661676409654,0.5843613359029405
278528,278528,0.02448897311114706,0.001245909596036654,1.0688413307070732,0.34668321907520294,6.956246215850115e-05,0.00020558312326102168,0.021817460597958416,0.001875010086223483
279552,279552,0.039696381136309355,0.0006862162008474115,1.1140210293233395,0.39905444625765085,4.422575875651091e-05,0.0001615598794160178,0.021886220027226955,0.0018814210779964924
280576,280576,0.043449648102978244,0.015767744334880263,0.9548142496496439,0.6654148884117603,0.0704814710188657,0.008907694107620046,0.0979056004434824,0.6592869330197573
281600,281600,0.02592662794631906,0.0013960597461846191,0.9880675673484802,0.32713133841753006,-9.519359446130693e-05,0.00019615989140220336,0.033186587563250214,0.0029617355903610587
282624,282624,0.061825723270885646,0.0032523508780286647,1.073129266500473,0.4879767643287778,0.03847815241897479,0.0031498360040131956,0.035209911526180804,0.40868807723745704
283648,283648,0.056072064355248585,0.0013799591229144426,1.3076560646295547,0.4492455627769232,-1.7115118680521846e-05,0.00022886405622557504,0.030947753810323775,0.0027164133498445153
284672,284672,0.03014934153179638,0.0013686105307897378,1.285150021314621,0.41081706527620554,-2.629103255458176e-05,0.00021905747871642234,0.03872136434074491,0.0034723497228696942
285696,285696,0.04958749038632959,0.024837041346472688,0.9582396075129509,0.6623070146888494,0.014055391715373844,0.0071348209894495085,0.11683922610245645,0.10443862417014316
286720,286720,0.012352664343779907,0.006746584582288051,0.8951555155217648,0.2918474776670337,-0.0005748126422986388,0.0006581755133083789,0.06188891862984747,0.005839057499542832
287744,287744,0.04151309360167943,0.0011120561885036295,1.0918683744966984,0.3595611462369561,-0.0020380650530569255,0.00035104823609799496,0.2185288113541901,0.024465972906909883
288768,288768,0.022211918636457995,0.0020364421397971455,1.0628930293023586,0.3247028570622206,-0.0004108296998310834,0.00028055610664523556,1.11820812150836,0.16756602004170418
289792,289792,0.025343474932014942,0.0038464427252620226,1.069882433861494,0.3300812803208828,-0.0012810894113499671,0.0002164386710319377,1.3260660246014595,0.20413619186729193
290816,290816,0.008380872721318156,0.013885182823287323,0.8993025086820126,0.6863396260887384,0.018937984918011352,0.009945934754796326,0.7227930780500174,0.5154710151255131
291840,291840,0.05525863717775792,0.0049061493191402406,0.9078459460288286,0.46792358346283436,0.0014504586288239807,0.00662682912661694,3.01079785823822,1.7579607479274273
292864,292864,0.0302348897093907,0.0018170558232668554,1.096014216542244,0.3605748303234577,0.02331036899704486,0.0004722625653812429,1.090017766226083,0.37714464479358867
293888,293888,0.055796570755774155,0.002151455064449692,1.17111437022686,0.4300298923626542,-0.010102886299137026,0.0015401253403979354,0.9264167165383697,0.4074533055536449
294912,294912,0.028484315902460366,0.0029411749601422343,1.1368051804602146,0.4868815168738365,0.0040886955393943936,0.0008639594852866139,1.1376295052468777,0.18189101060852408
295936,295936,0.04554351978003979,0.016638485380099155,0.894985631108284,0.8776956517249346,0.030198809661669657,0.012815131107345223,1.3807158907875419,0.5659655081108212
296960,296960,0.08637419092701748,0.0011514088546391577,0.8139823842793703,0.6809313986450434,0.023061989253619686,0.0033149577589028922,0.946055609267205,0.18641856912290677
297984,297984,0.07092704420210794,0.0011196429040865041,0.8712348584085703,0.7074967827647924,-0.013215878250775859,0.004283081852918258,0.17375747580081224,0.21075317496433854
299008,299008,0.059610460593830794,0.0032047487184172496,0.8616914600133896,0.7915283665060997,0.021516493638046086,0.001737232612867956,0.10573056270368397,0.28964008018374443
300032,300032,0.04233967239269987,0.016152381955180317,0.8745969440788031,0.711552694439888,0.0058205336245009676,0.002647348012033035,0.1189448640216142,0.02707931399345398
301056,301056,0.06570636059041135,0.01940428206580691,1.0941288005560637,0.8785542696714401,0.04559118425822817,0.011520456915604882,0.2949812258593738,0.4744185907766223
302080,302080,0.09788877982646227,0.01591634188662283,1.0142527744174004,0.9903579037636518,0.11126536305528134,0.0182838985347189,0.4382481714710593,2.404976859688759
303104,303104,0.08293000372941606,0.0059068885748274624,1.23178281635046,0.9601838570088148,0.10032842232612893,0.01705233153188601,0.8359934231266379,1.3636165894567966
304128,304128,0.06839118342031725,0.005931565159698948,1.077039323747158,0.9859612584114075,0.05253642381285317,0.010045894072391093,0.9540582057088614,1.0952158514410257
305152,305152,0.05285648856079206,0.016403693764004856,1.035398442298174,0.9492533095180988,0.0898322006687522,0.014187206601491198,1.2585572823882103,0.9913601670414209
306176,306176,0.06061609413882252,0.014148332222248428,1.1410458162426949,0.7714778408408165,0.025925579015165567,0.014776265627006069,1.058544335886836,1.141412490978837
307200,307200,0.06969885983562563,0.016967093382845633,1.0811162143945694,0.8294271845370531,0.07489062278182246,0.014213423477485776,1.2105290777981281,0.9942640215158463
308224,308224,0.0793669322738424,0.014455316617386416,1.1375902816653252,0.8663885183632374,0.06532560498453677,0.014145962399197742,1.301570925861597,1.0225646924227476
309248,309248,0.05861892213579267,0.006401166330761043,1.0907149836421013,0.7668367754667997,0.039952362567419186,0.006912338838446885,1.3687580935657024,0.5037579331547022
310272,310272,0.06759327190229669,0.021292901408742182,1.0628159288316965,0.7252672724425793,0.06142570689553395,0.011952316534006968,1.3586673773825169,1.0692973174154758
311296,311296,0.10266747663263232,0.01287825737381354,1.1851553730666637,0.9095844253897667,0.06868992774980143,0.02274323522578925,1.1378672011196613,2.050730463117361
312320,312320,0.08153690394829027,0.002745048226643121,1.1621431596577168,0.7702667787671089,0.06501894039683975,0.007285511834197678,1.4042246267199516,0.7412558365613222
313344,313344,0.058147098432527855,0.0035994924401165918,1.0873589105904102,0.748000355437398,0.04294750513508916,0.004178241026238538,1.4272984229028225,0.33167141675949097
314368,314368,0.048404225177364424,0.0037383374947239645,1.0673320461064577,0.4394653467461467,-0.01258011965546757,0.0038219093112275004,1.563291024416685,0.2664973372593522
315392,315392,0.0626762454630807,0.029952128446893767,1.0952251330018044,0.8950422778725624,0.04682370662339963,0.01952074113069102,0.5620445134118199,0.871605783700943
316416,316416,0.09925643226597458,0.025727241882123053,1.2310836054384708,1.0143386777490377,0.04170689127931837,0.025898454478010535,0.46799957752227783,3.6649763211607933
317440,317440,0.054232783790212125,0.006892721547046676,1.235185194760561,0.6268351338803768,0.08763046999229118,0.012229907792061567,0.5558884893544018,2.094495702534914
318464,318464,0.02960863584303297,0.001236236741533503,0.86217450350523,0.31796672474592924,0.016099823755212128,0.0017987649857786892,1.0860284324735403,0.18438564252573997
319488,319488,0.058824228661251254,0.003274525224696845,0.8497323840856552,0.3904218813404441,-0.0014360810455400497,0.001352178268462012,0.9697466157376766,0.13948997156694531
320512,320512,0.028515217825770378,0.023104572712327354,1.2491045333445072,0.5239507397636771,-0.003324349658214487,0.0051171461564081255,0.510643195360899,0.09223743807524443
321536,321536,0.10992895590607077,0.01823309512110427,1.391187034547329,0.8964192997664213,0.12296714633703232,0.023103696847101673,0.8774201739579439,2.4600391164422035
322560,322560,0.0607946039235685,0.010015172680141404,1.2094734832644463,0.7107015494257212,0.0818568638060242,0.021331492200260982,1.186864048242569,1.4050742723047733
323584,323584,0.048819869887665845,0.00325943259667838,1.0079319886863232,0.5182589674368501,0.03348083280434366,0.006765179554349743,1.4421217776834965,0.3967667166143656
324608,324608,0.03927785958512686,0.0026473808857190306,1.0622042138129473,0.367597502656281,-0.002855914819519967,0.0012912138938645512,1.2798688765615225,0.1983234011568129
325632,325632,0.020826494801440276,0.027050677526858635,1.2932567559182644,0.6499816738069057,0.023795548942871392,0.00757610599976033,1.5179226081818342,0.9164120424538851
326656,326656,0.04901490370684769,0.01182469996274449,1.191061470657587,0.4755655499175191,0.043936896487139165,0.011167324875714257,2.0808303765952587,1.0200010016560555
327680,327680,0.02972789079649374,0.0014640175172644376,1.12120096758008,0.40053126215934753,0.04950800572987646,0.0005434297937654264,1.537758156657219,0.48798217659350485
328704,328704,0.019154788154992275,0.0005634838480546023,1.0861417651176453,0.35512646194547415,0.002530510726501234,0.00041540994334354764,0.8736995719373226,0.12155433255247772
329728,329728,0.029052060024696402,0.0005481397129187826,1.0234848521649837,0.33358456566929817,-0.008918259089114144,0.00021063654492081696,1.198366779834032,0.17968913074582815
330752,330752,0.023472688379115425,0.022562547273992095,1.1365960612893105,0.692712027579546,0.02951553644379601,0.009540570070385002,1.166646033525467,0.6153689920902252
331776,331776,0.029849311184079852,0.005304207952576689,1.1359712779521942,0.4442390128970146,0.02500765398144722,0.009538510581478477,1.1609485875815153,0.43965317448601127
332800,332800,0.07371044316096231,0.004492508764087688,1.127337722107768,0.8188130334019661,0.03510297329194145,0.009413232502993196,0.3538458440452814,0.30855253152549267
333824,333824,0.051207724754931405,0.007305776336579584,1.0803969446569681,0.8003742434084415,0.05336995975812897,0.02063942127279006,0.2505486886948347,0.919153667986393
334848,334848,0.06834745110245422,0.005780478852102533,1.038071557879448,0.7712910026311874,0.0654650449869223,0.010699050762923434,1.2956645395606756,1.067263673990965
335872,335872,0.03910822117177304,0.019951848807977512,1.2324056699872017,0.573484854772687,0.08138304814929143,0.009521313950244803,1.6010891497135162,0.8658668920397758
336896,336896,0.02678577660844894,0.0014835236688668374,1.12769028916955,0.36345847602933645,0.0014997705875430256,0.0022589777054236038,1.3024561125785112,0.20038635190576315
337920,337920,0.03576056053861976,0.0020569288408296416,1.1016257479786873,0.38254291471093893,-0.0002110334753524512,0.00035266508996301127,1.1938113123178482,0.17809791769832373
338944,338944,0.07948117115302011,0.009120160641032271,1.128978420048952,0.6164254862815142,0.07013172656297684,0.013955882648588158,1.3653241582214832,0.8463424574583769
339968,339968,0.07366636284859851,0.009172925143502653,1.319937389343977,0.8109481986612082,0.04723539057886228,0.009947339247446507,1.115272056311369,1.1216284986585379
340992,340992,0.0674638738273643,0.022273151495028287,1.1182726174592972,0.9123806171119213,0.06866372935473919,0.027115100267110392,1.5683865062892437,1.2235024850815535
342016,342016,0.05677064959309064,0.006749491265509278,1.25147844851017,0.590637344866991,0.04129223003110383,0.013534719342715107,1.3511763866990805,0.8284168317914009
343040,343040,0.04563341464381665,0.0061495888548961375,1.0091185625642538,0.4199883295223117,0.09853676971397363,0.008879027547664009,2.4977421574294567,0.9880928806960583
344064,344064,0.07116952206706628,0.008239051341661252,1.4020123966038227,0.6886744033545256,0.06122255002264865,0.022297494811937213,1.3988746013492346,1.564844585955143
345088,345088,0.053110645967535675,0.03289195953402668,1.3163823373615742,0.7760620955377817,0.11352548329159617,0.019284501759102568,0.6188537543639541,1.4200062490999699
346112,346112,0.08040970889851451,0.019703579630004242,1.3132720589637756,0.8076894022524357,0.0760345185699407,0.027087919763289392,0.731796856969595,2.746686726808548
347136,347136,0.07607980538159609,0.011581090366235003,1.4483178779482841,0.8551799934357405,0.06466799729969352,0.028809487354010344,0.6761535983532667,1.767174355685711
348160,348160,0.0859795529540861,0.0069421436346601695,1.348392028361559,0.7051470745354891,0.06891060702037066,0.01570393767906353,1.1710640992969275,1.0505864825099707
349184,349184,0.06237114695250057,0.006557801825692877,1.4966573603451252,0.8393353335559368,0.06353156917612068,0.01367391156964004,1.036641987040639,1.2381505034863949
350208,350208,0.07160071656107903,0.028722452727379277,1.1503324210643768,0.7470633890479803,0.06809394952142611,0.030624890758190304,1.3733820356428623,1.8378237523138523
351232,351232,0.08991876390064135,0.0035654645325848833,1.143715251237154,0.8613424208015203,0.07573213445721194,0.005859718432475347,1.3710855673998594,0.38360573584213853
352256,352256,0.12085134931840003,0.0013206515595811652,1.1177204865962267,0.6485665366053581,0.0028407910867827013,0.002599351886601653,1.177951680496335,0.38040541112422943
353280,353280,0.05908128843293525,0.004508283374889288,1.7966521345078945,0.8625302072614431,0.007498015300370753,0.004256756365066394,0.1284451864194125,0.27870095963589847
354304,354304,0.07360250383499078,0.007785629990394227,1.4319089092314243,0.8375062141567469,0.10621814825572073,0.017908765468746424,0.14207074814476073,1.8554536886513233
355328,355328,0.0800046871881932,0.04170864768093452,1.31934554874897,0.8223652858287096,0.05703665592591278,0.018027787562459707,0.5457573924213648,2.3751324117183685
356352,356352,0.05092119696200825,0.01745253094122745,1.316551260650158,0.6870682910084724,0.030697564245201647,0.01060547043744009,1.0376621689647436,0.7803450003266335
357376,357376,0.05320117584778927,0.004160958869761089,1.118431981652975,0.5950540397316217,0.01648862665751949,0.0020060333499714034,1.3488551303744316,0.3212408721446991
358400,358400,0.047755995008628815,0.000910585325982538,1.1478329859673977,0.4260820159688592,0.003857960313325748,0.0008662200380058493,1.0076159667223692,0.14836287801153958
359424,359424,0.03909147893136833,0.0005470712540045497,1.162702064961195,0.3890553396195173,-0.006313310528639704,0.0007004951960425387,1.2318761236965656,0.18535180110484362
360448,360448,0.0404570231330581,0.016152428986970335,1.1355349496006966,0.557608850300312,0.06890188943361863,0.013725899887504056,1.2842749990522861,1.0275260340422392
361472,361472,0.061590570490807295,0.0022026025035302155,1.030205113813281,0.3933422230184078,0.0350313613016624,0.00576242090028245,1.7395218200981617,0.36874452512711287
362496,362496,0.057639058271888644,0.007261088176164776,1.2948784232139587,0.6641696635633707,0.03910029210965149,0.008926879192586057,0.6177963586524129,0.2909168694168329
363520,363520,0.027229105748119764,0.002544147179378342,1.0672663785517216,0.37143335305154324,0.005272572743706405,0.0006473000909181792,0.9606163743883371,0.14608507638331503
364544,364544,0.04749543496291153,0.007121126844140235,1.1937739811837673,0.6898838542401791,0.016747615387430415,0.01307018294755835,1.5701079331338406,0.8100294806063175
365568,365568,0.07115961179079022,0.02440432261209935,1.3387064263224602,0.6884054150432348,-0.014740453771082684,0.01728350334451534,0.8552237916737795,0.3328957757912576
366592,366592,0.061015463463263586,0.007462073961505666,1.214439246803522,0.676923431456089,0.027123992709675804,0.019436988892266527,0.5089739290997386,0.8386173471808434
367616,367616,0.04116443755629007,0.003159279265673831,1.2562307640910149,0.7372939884662628,0.04935485080932267,0.013407641657977365,1.3189006764441729,0.9686788320541382
368640,368640,0.09431024955119938,0.004834868370380718,1.1406114175915718,0.801302483305335,0.04267783863906516,0.013686939506442286,1.8404051400721073,1.1081679966300726
369664,369664,0.08333979529561475,0.006791822495870292,1.3238386884331703,0.8454969637095928,0.06017172330757603,0.021317154867574573,0.7307227747514844,1.540914062410593
370688,370688,0.059554636012762785,0.039625408593565226,1.0918579809367657,0.5427846424281597,0.03338371455902234,0.019724297657376155,0.8216621186584234,0.6831949073821306
371712,371712,0.07938728050794452,0.011219545704079792,1.2854581773281097,0.6633334308862686,0.07192815191228874,0.019364833395229653,0.7227923534810543,1.33974545635283
372736,372736,0.005992710357531905,0.008796159672783688,1.00117108784616,0.5195159465074539,-0.010781692632008344,0.0029652116772922454,1.0409884210675955,0.15214663371443748
373760,373760,0.08391990003292449,0.005210053670452908,1.0968710146844387,0.9209897927939892,0.037766746361739933,0.019404365128139034,0.9361559078097343,1.1709899716079235
374784,374784,0.06305430294014513,0.0053265881215338595,1.1936810687184334,0.7491743918508291,0.011638234922429547,0.011420570721384138,1.1403819471597672,0.5227255001664162
375808,375808,0.07250922522507608,0.019894972720067017,1.3324561305344105,0.8255136609077454,0.07960397400893271,0.020031120016938075,1.0431320760399103,0.8468045890331268
376832,376832,0.04535302010481246,0.009724400355480611,1.2472596056759357,0.678804250434041,0.04574809172481764,0.013344163482543081,0.4204470096156001,0.9934572000056505
377856,377856,0.05484357837121934,0.00289469800554798,1.381838008761406,0.5876761823892593,0.012218921619933099,0.003917361598723801,0.18053856072947383,0.2670580199919641
378880,378880,0.05450241647486109,0.004842440466745757,1.3397904224693775,0.7524467203766108,0.07410542538855225,0.017860799125628546,0.9027092447504401,1.407626811414957
379904,379904,0.07923635555198416,0.006425978950574063,1.245967272669077,0.8856266662478447,0.0032760223839432,0.007490424060961232,1.0938761290162802,0.8542248401790857
380928,380928,0.062310789653565735,0.021534758270718157,1.2971106357872486,0.6876453161239624,0.031123101885896176,0.018097037012921646,1.025320652872324,1.2126519419252872
381952,381952,0.05488773895194754,0.006175273098051548,1.4091548472642899,0.7510147299617529,0.05219548719469458,0.013469300683937036,1.6121734343469143,1.7256810404360294
382976,382976,0.05680775613291189,0.00427385338844033,1.2542877234518528,0.7405037935823202,0.08816213451791555,0.014667564391857013,0.6331793563440442,1.2564406283199787
384000,384000,0.03651991301740054,0.004036841259221546,1.107608299702406,0.3869821662083268,-0.007375228626187891,0.0006419611850105866,0.8472338793799281,0.12446330871898681
385024,385024,0.05656793439993635,0.021322912798495963,1.3127981945872307,0.7520900443196297,0.08989297816879116,0.019125711172819138,0.8862029407173395,1.2580443061888218
386048,386048,0.0395991221521399,0.0062918819894548506,1.1339246593415737,0.47401114366948605,0.03414832637645304,0.009162025846308097,1.4697092436254025,0.4715565424412489
387072,387072,0.08466497011249885,0.006871804231195711,1.230242446064949,0.5441268403083086,0.05508415671647526,0.027958756778389215,0.9510614201426506,1.1377841532230377
388096,388096,0.030183183363988064,0.001995666323637124,1.5283527970314026,0.6231382004916668,0.08545240148669109,0.0074092369541176595,1.5033268071711063,0.7046891860663891
389120,389120,0.06206180885783397,0.0030120141673251055,1.597434114664793,0.8511260449886322,0.04426526452880353,0.011646119761280715,1.2283112183213234,1.1545507721602917
390144,390144,0.056029943814792205,0.03141328753554262,1.041564617305994,0.6506686434149742,0.05246736080152914,0.024040033080382273,0.4769233074039221,1.4208327904343605
391168,391168,0.07239759468939155,0.028942905948497355,1.2871043346822262,0.7863065041601658,0.052745793538633734,0.029748618428129703,1.0004382245242596,1.6388767175376415
392192,392192,0.07009042135905474,0.009635510054067709,1.3440427482128143,0.707510843873024,0.047032862436026335,0.026763009082060307,1.128111170604825,1.1507785208523273
393216,393216,0.08120611379854381,0.007423731905873865,1.3306360132992268,0.7540591489523649,0.04719594190828502,0.01831963926088065,1.1705012954771519,1.3185462951660156
394240,394240,0.04749196959892288,0.003926771321857814,1.1464795917272568,0.6162614710628986,0.045933266141219065,0.013852954522008076,0.8382748635485768,0.6004485581070185
395264,395264,0.09364854136947542,0.0262409339484293,1.1646224595606327,0.7915013860911131,0.03653994313208386,0.029988407681230456,1.4512811116874218,1.1665533632040024
396288,396288,0.0591364749634522,0.017996774520725012,1.3376580215990543,0.6487236358225346,0.041933563188649714,0.024609268526546657,0.6605178937315941,0.7368823168799281
397312,397312,0.05440286207885947,0.008003363174793776,1.204493410885334,0.49105545971542597,0.06811168845160864,0.005989001918351278,2.011239193379879,0.795527002774179
398336,398336,0.05810897493211087,0.0031339575070887804,1.1578830517828465,0.39551794715225697,0.018948171302326955,0.0007904351787146879,0.9748425856232643,0.17870676331222057
399360,399360,0.07252832839731127,0.002997085284732748,1.2084849812090397,0.43687944021075964,-0.0048054318758659065,0.0015070829867909197,0.644279720261693,0.085988097358495
400384,400384,0.03917512392217759,0.021624639281071723,1.187581442296505,0.46121258568018675,0.034419450705172494,0.01227797430328792,1.1236812993884087,0.3956626197323203
401408,401408,0.05785212590126321,0.0118248981598299,1.3314124532043934,0.591369153931737,0.08285575424088165,0.016024191019823775,1.1199327409267426,1.0989031549543142
402432,402432,0.05532139024580829,0.003430921809922438,1.0228268317878246,0.6326076742261648,0.04156639557913877,0.007469676500477362,1.5272900220006704,0.5018590120598674
403456,403456,0.03867691513733007,0.002384041938057635,1.0365021508187056,0.6545147951692343,0.011161168833496049,0.004078387217305135,0.8562387228012085,0.14383017481304705
404480,404480,0.09282194776460528,0.005450247110275086,1.0333095639944077,0.6465124636888504,0.03548692603362724,0.003966860691434704,1.5214836467057467,0.39623881597071886
405504,405504,0.07791496079880744,0.011245358327869326,1.1524317152798176,0.7121728006750345,0.04230387613642961,0.015105023077921942,1.2713384553790092,0.6677009537816048
406528,406528,0.08686735364608467,0.004088499037607107,1.166024625301361,0.7493786923587322,0.044477975519839674,0.011655762282316573,1.0562671814113855,0.663431747816503
407552,407552,0.05617209296906367,0.004707772412075428,1.1536583304405212,0.5839836988598108,-0.0035781983024207875,0.006895926082506776,1.039415655657649,0.4163411455228925
408576,408576,0.05652494591777213,0.005821721304528182,1.053278125822544,0.7390024065971375,0.03797193625359796,0.006122764396423008,0.9543674383312464,0.3024108116514981
409600,409600,0.029519161907956004,0.004638964106561616,1.0004252307116985,0.4619822194799781,0.06133508970378898,0.005230178190686274,2.000701103359461,0.6482887482270598
410624,410624,0.0440817283524666,0.022462829409050755,1.0881822854280472,0.7628834955394268,0.08052954694721848,0.013770981779089198,1.6751796193420887,0.8965000323951244
411648,411648,0.06609558762283996,0.011312462782370858,1.1084513030946255,0.6268279310315847,0.04354266246082261,0.01862489726045169,0.9458202589303255,0.9065230377018452
412672,412672,0.05046702461550012,0.006163544610899407,1.1164022609591484,0.48146068397909403,0.014926789444871247,0.00991041430097539,1.7000154256820679,0.6775195421651006
413696,413696,0.04140478762565181,0.00471575339906849,1.1144593581557274,0.45728080812841654,0.01214787201024592,0.003371740473085083,0.8547708271071315,0.2823792453855276
414720,414720,0.07339009293355048,0.006234433618374169,0.9594687446951866,0.6304766405373812,0.03987109748413786,0.0055883133099996485,2.139876239001751,0.9885110575705767
415744,415744,0.04823970253346488,0.01678711258864496,0.9723632372915745,0.708588607609272,-0.04926370095927268,0.008092509408015758,0.8617374300956726,0.23865108145400882
416768,416768,0.07343637238955125,0.006435790579416789,1.1709605865180492,0.649192051962018,0.11381891602650285,0.009702290190034546,0.8690911615267396,1.5788865722715855
417792,417792,0.025651507981820032,0.0027062290428148117,1.1909186709672213,0.5768259726464748,-0.008675305609358475,0.0013769416691502556,1.7468288131058216,0.3104318855330348
418816,418816,0.04961550644657109,0.003952729282900691,1.1413931623101234,0.6190010122954845,0.03693050181027502,0.003690683046443155,1.1330627333372831,0.7061248570680618
419840,419840,0.06645732902688906,0.004740648000733927,1.2578318864107132,0.6861637830734253,0.0094757675396977,0.0015164396681939252,0.18533112411387265,0.06546647631330416
420864,420864,0.03491047440911643,0.041300323442555964,1.2556744143366814,0.5963108967989683,0.020850512926699594,0.012281053641345352,0.8994405977427959,0.6746038496494293
421888,421888,0.03810766161768697,0.011630094930296764,1.1199713088572025,0.41139920707792044,-0.0032003209344111383,0.0010940098309220048,1.5569355376064777,0.27377342828549445
422912,422912,0.06609059899346903,0.006153108683065511,1.2221479527652264,0.5643410924822092,0.047258309452445246,0.009189773205434904,1.8422433771193027,0.7738015074282885
423936,423936,0.053873265656875446,0.005067559664894361,1.254735004156828,0.5459257056936622,0.06102934398222715,0.01094476631260477,0.5451986761763692,0.64592728856951
424960,424960,0.08478950819699094,0.006756944610970095,1.155450962483883,0.7784215286374092,0.08939529041526839,0.011298585319309495,1.8342060092836618,1.2972689010202885
425984,425984,0.026172349404077977,0.00795915572962258,1.128173217177391,0.42827081587165594,0.047116488247411326,0.007193034536612686,1.8402935303747654,0.4446917846798897
427008,427008,0.08227070380235091,0.003474508375802543,1.1336949467658997,0.6437888033688068,0.07257199485320598,0.009346482242108323,2.045410193502903,1.3369825780391693
428032,428032,0.018636078559211455,0.0037714975187554955,1.2389234714210033,0.4546545222401619,0.0015000435232650489,0.0037934469073661603,0.9444250203669071,0.15521094505675137
429056,429056,0.06258308963151649,0.006155371942440979,1.2206119149923325,0.48718730453401804,0.034610142873134464,0.008753138550673611,1.065390732139349,1.0057528372853994
430080,430080,0.024699304034584202,0.022500795137602836,1.1271462738513947,0.5402223542332649,0.11872132122516632,0.011528359435033053,2.121542291715741,1.5624736584722996
431104,431104,0.06715879816329107,0.003867131206789054,1.0745114609599113,0.4442863240838051,-0.0005428643489722162,0.0033093882266257424,3.745280161499977,1.5908089000731707
432128,432128,0.02577776223188266,0.0016697331247996772,1.0503484271466732,0.3882225267589092,0.01586838040384464,0.0034106507191609126,1.4769153352826834,0.3973078371491283
433152,433152,0.08152011287165806,0.00907605559041258,1.1928771398961544,0.70549132861197,0.06231955165276304,0.01525142858736217,0.16250003897584975,0.9178143739700317
434176,434176,0.05255227885209024,0.004050803854624974,1.1099780835211277,0.4541919566690922,0.012540507828816772,0.004273322127119172,0.9102235441096127,0.7399793714284897
435200,435200,0.026800700841704383,0.018353329767705873,0.9789957534521818,0.45921592600643635,0.013943872298114002,0.010049768752651289,3.5434801429510117,1.8623818717896938
436224,436224,0.0668267815199215,0.005248156274319626,1.1157028321176767,0.5783565398305655,0.039853786045568995,0.01753651277977042,1.4103952385485172,1.0154749508947134
437248,437248,0.07581819433835335,0.010355409685871564,1.2011298164725304,0.7762212343513966,0.03334805666236207,0.028197397012263536,1.698761735111475,1.3730012942105532
438272,438272,0.05395596619928256,0.004277819811250083,1.3653779700398445,0.6205746065825224,-0.012995132361538708,0.005770347583165858,1.60252283513546,0.45033311285078526
439296,439296,0.031805465172510594,0.0030122216085146647,1.1498148292303085,0.398642523214221,-0.006712535454425961,0.004812002331163967,1.3839342277497053,0.39853648003190756
440320,440320,0.08653934416361153,0.026131184538826346,1.155720066279173,0.6702519338577986,0.07300779185607098,0.022206287481822073,0.29931899439543486,1.16247982904315
441344,441344,0.05810511202435009,0.011603816281422041,1.3328324668109417,0.4171709381043911,0.06764218263560906,0.012234875641297549,0.1490000537596643,1.2598912827670574
442368,442368,0.05241648366791196,0.0050941497829626314,1.1909374743700027,0.5154971508309245,6.061114254407585e-05,0.007243585620017257,1.2257163096219301,0.24265848053619266
443392,443392,0.04203133015835192,0.0005726846175093669,1.1897164769470692,0.3879169933497906,-0.022118666616734117,9.385489886426512e-05,1.105978101491928,0.1687235631980002
444416,444416,0.022717963584000245,0.0015216450756270206,1.1639683619141579,0.3972405884414911,-0.013864095730241388,0.0016886752637219615,0.615774666890502,0.09665495925582945
445440,445440,0.08636035770177841,0.026127580436877906,1.1673528887331486,0.571151239797473,0.05478275133646093,0.024728469841647893,0.23951924685388803,1.2880633566528559
446464,446464,0.07256700249854475,0.018271732464199886,1.4030974209308624,0.6305638253688812,0.045118351583369076,0.010995874748914503,0.7162726568058133,1.9896653965115547
447488,447488,0.05497697662212886,0.00888503847818356,1.2051148563623428,0.47550360951572657,0.06322982138954103,0.010056576618808322,2.622438244521618,2.054567374289036
448512,448512,0.06395518955832813,0.007972569859703071,1.1271794103085995,0.6566480491310358,0.08718106377637014,0.015102326884516515,1.0940136625431478,1.7442127093672752
449536,449536,0.014525154139846563,0.007655128683836665,1.098763931542635,0.42098194546997547,-0.0031014541164040565,0.006709590168611612,1.6884178668260574,0.40161007596179843
450560,450560,0.02762149245972978,0.021625275403494015,1.053066635504365,0.5229676179587841,0.05610749771585688,0.021393283270299435,0.46221509989118204,1.2732319086790085
451584,451584,0.0782229871256277,0.0077502507192548364,1.1402580477297306,0.5620084227994084,0.09959229617379606,0.020096871914574876,0.019467139791231602,1.6277923211455345
452608,452608,0.057874327583704144,0.0018602723575895652,1.037248756736517,0.584436547011137,0.011176122643519193,0.010043888436484849,0.006619857085752301,0.17083852319046855
453632,453632,0.06021794260595925,0.008166605490259826,1.0688398461788893,0.703987043350935,0.018920347036328167,0.012104768655262887,0.057605640147812665,0.3147041820921004
454656,454656,0.06453937519108877,0.009262217456125654,1.3194715678691864,0.7563119176775217,0.05925209276028909,0.010006678909121547,0.04240466217743233,0.9509241506457329
455680,455680,0.04528125072829425,0.03194332236307673,1.172161791473627,0.6592373009771109,0.12050495378207415,0.022460927139036357,0.17311838269233704,1.9021479077637196
456704,456704,0.10083642898825929,0.011125065298983827,1.1572244390845299,0.7266283798962831,0.07079949590843171,0.013489601173205301,0.10506327264010906,1.783752877265215
457728,457728,0.010028129036072642,0.001075210186172626,1.0340879205614328,0.3093109908513725,0.00017744721844792366,0.0010750459241535282,0.040226862649433315,0.003608404193073511
458752,458752,0.08617018279619515,0.010478901560418308,1.281674936413765,0.6776217389851809,0.04245652226381935,0.012948508461704478,0.7720094225369394,2.0237964168190956
459776,459776,0.03997268046805402,0.009256634060875513,1.387946043163538,0.6333709135651588,0.08927922393195331,0.009250989169231616,1.7269948720932007,2.0127189122140408
460800,460800,0.09289123769849539,0.026355266338214278,1.3934817984700203,0.8422261942178011,0.03304212322109379,0.022371002793079242,0.44591153180226684,1.580340452492237
461824,461824,0.02441268032998778,0.0046082966509857215,1.4954287186264992,0.5688123535364866,-0.010100310522830114,0.009259161000954919,0.6809720247983932,0.1921778335236013
462848,462848,0.08743799195508473,0.010269128499203362,1.577087588608265,0.8744555599987507,0.03610604832647368,0.01229334159870632,0.21838498662691563,0.6731934528797865
463872,463872,0.07085271400865167,0.012218463423778303,1.1203410141170025,0.6653226129710674,0.057702097969013266,0.018371747835772112,0.6962626823224127,1.4871857687830925
464896,464896,0.06443476135609671,0.008026278919714969,1.3161556087434292,0.7215855084359646,0.06901824090164155,0.01301451018662192,1.4747354499995708,0.9487087409943342
465920,465920,0.0560556969139725,0.04933912499109283,1.4421562664210796,0.7222210671752691,0.020201668958179653,0.01847598928725347,1.4934097230434418,1.0638248957693577
466944,466944,0.06284564972156659,0.021098266675835475,1.2188708186149597,0.7585032675415277,0.04817216904484667,0.021085943677462637,1.1893139630556107,1.3150635361671448
467968,467968,0.08224880485795438,0.007838355915737338,1.3395769484341145,0.8980306275188923,0.039784637512639165,0.01393433174234815,1.063572634011507,1.1004013232886791
468992,468992,0.05443514499347657,0.002848826683475636,1.2058531418442726,0.6846017241477966,0.057162968019838445,0.006365650755469687,1.3876455686986446,0.35328272078186274
470016,470016,0.04636824829503894,0.013897770026233047,1.396401446312666,0.7213859241455793,0.063061630964512,0.008312235702760518,1.0435700174421072,0.45483040902763605
471040,471040,0.0903900820412673,0.01260314989485778,1.4663370214402676,0.685179540887475,0.0594155844009947,0.016750885552028194,0.33745567919686437,2.460978403687477
472064,472064,0.07502151955850422,0.009376585701829754,1.5063677728176117,0.6508119478821754,0.06283043441362679,0.019813129270914942,0.788815638050437,2.0226713232696056
473088,473088,0.0557353601034265,0.010705371198127978,1.3088947236537933,0.6035757604986429,0.16850504954345524,0.017762815987225622,1.0864715445786715,2.214592397212982
474112,474112,0.023609882584423758,0.0028180881818116177,1.1523745022714138,0.3724692231044173,-0.015744420961709693,0.0019627840929388185,1.4508034773170948,0.26485093077644706
475136,475136,0.03026452449557837,0.022583577287150547,1.0595006607472897,0.4515414945781231,0.0460540786589263,0.008481577242491767,1.3316784612834454,0.8558329679071903
476160,476160,0.0734655363339698,0.014295784494606778,1.156853023916483,0.6615347005426884,0.003955177700845525,0.01290483026241418,0.7068864665925503,0.6313971392810345
477184,477184,0.08426589809823781,0.005438608903205022,1.3071433007717133,0.7804520353674889,-0.007902513709268533,0.007053928202367388,0.31652547931298614,0.5175003875046968
478208,478208,0.06777117686579004,0.007547752160462551,1.402471050620079,0.6411072742193937,0.07254534569801763,0.009783117260667495,0.3698376016691327,1.2606753036379814
479232,479232,0.04730332922190428,0.005455003505630884,1.2911729477345943,0.5702396705746651,0.10564665822312236,0.00998883087595459,1.6440673284232616,0.7243182836100459
480256,480256,0.06808558542979881,0.02772291624569334,1.0902429223060608,0.639965346083045,0.07704550848575309,0.020542542246403173,0.8198409732431173,1.197971262037754
481280,481280,0.0664306969702011,0.010640870401402935,1.1575401984155178,0.5830320324748755,0.027951620635576546,0.011530855947057717,1.1396428123116493,0.9881215859204531
482304,482304,0.03134682303061709,0.00246991086169146,1.046008763834834,0.40837616194039583,0.048618794622598216,0.0025718102078826632,2.051300026476383,0.8104739934206009
483328,483328,0.06324094370938838,0.0036008433598908596,0.8553346134722233,0.4563798764720559,0.01755703950766474,0.0069142792708589695,3.2273413687944412,2.1071362607181072
484352,484352,0.044805404235376045,0.0034533678081061225,1.160404397174716,0.5262197004631162,0.07707474968628958,0.008504176832502708,0.5831794515252113,0.8588871527463198
485376,485376,0.032864626962691545,0.013285050648846664,0.9188514724373817,0.5948771797120571,-0.046818252420052886,0.006135967596492264,1.6338631585240364,0.4296223744750023
486400,486400,0.0658045950694941,0.006045578484190628,1.2255665585398674,0.5709073431789875,0.08704732381738722,0.024578376585850492,0.04527278896421194,1.9298308864235878
487424,487424,0.045619086595252156,0.009502892149612308,1.4030763395130634,0.6221469566226006,0.06037043972173706,0.020619487477233633,0.34686932247132063,1.3740511666983366
488448,488448,0.0411625097040087,0.007682908995775506,1.2340155057609081,0.4844697769731283,0.06933473597746342,0.014631513055064715,0.9318445306271315,0.9093717243522406
489472,489472,0.05361819872632623,0.0097353208984714,1.4050255976617336,0.6296093221753836,-0.0007634916983079165,0.006967641347728204,0.5608007190749049,0.812336266040802
490496,490496,0.03483448761107866,0.03689495424623601,1.080278092995286,0.5634149108082056,0.0460064796207007,0.012171826747362502,1.1358556039631367,0.522531439550221
491520,491520,0.06898224138421938,0.008457526157144457,1.3925977423787117,0.6547140870243311,0.0427314844855573,0.008485669357469305,2.494329020380974,0.8096081838011742
492544,492544,0.06050422067346517,0.005965655429463368,1.208152897655964,0.6696020774543285,0.060203690110938624,0.015245051559759304,0.7373127788305283,0.9676950760185719
493568,493568,0.07386136686545797,0.0026500904677959625,1.1919144950807095,0.6811597924679518,0.05895941230119206,0.007650157385796774,0.3825091775506735,0.8490689350292087
494592,494592,0.07019153994042426,0.005239805752353277,1.215940847992897,0.5590337589383125,0.0862661303835921,0.009093441112781875,0.7462719967588782,1.0903892777860165
495616,495616,0.0586658053798601,0.020834337134147063,1.5818653926253319,0.700513256713748,0.08568968594772741,0.023480073228711262,1.1025590430945158,2.780372254550457
496640,496640,0.08386597689241171,0.018132587225409225,1.7362945042550564,0.5574708189815283,0.1359126822790131,0.026375917776022106,0.3167742723599076,3.8926009610295296
497664,497664,0.06209420868253801,0.011772519530495629,1.5269579403102398,0.6014407016336918,0.09941561246523634,0.0207046989526134,0.466988991945982,3.4279057905077934
498688,498688,0.06437561247730628,0.008611836135969497,1.5222577713429928,0.5969249866902828,0.09975465666502714,0.01651525148190558,0.9316078312695026,1.979906301945448
499712,499712,0.040817011962644756,0.009088882128708065,1.3515874482691288,0.6196939758956432,0.12313382897991687,0.018765898974379525,1.7226282004266977,1.7770743258297443
500736,500736,0.05098659882787615,0.0414755915699061,1.1907038651406765,0.5508273337036371,0.09814341299352236,0.018658753746422008,2.287905603647232,1.1892359741032124
501760,501760,0.003244277322664857,0.012071344688592944,1.0667210184037685,0.2745269564911723,0.007783162058331072,0.004186042788205668,2.5968440175056458,0.8692126250825822
502784,502784,-0.006383029744029045,0.0031964625777618494,1.0735547915101051,0.20385255198925734,0.019589878735132515,0.0008280854417535011,1.0661797034554183,0.24765691452194005
503808,503808,0.018691910183406435,0.0036695402013720013,1.1485157683491707,0.31859436444938183,0.009503831854090095,0.0021046709043730516,0.3696103887632489,0.44344346690922976
504832,504832,0.05579274988849647,0.0061750958557240665,1.1483709253370762,0.7832172643393278,0.0700476796773728,0.011863587540574372,0.30762031534686685,1.8930906355381012
505856,505856,0.05134944414021447,0.013403232689597644,1.2545586302876472,0.5599871892482042,0.05292246968019754,0.021509486105060205,1.1080085216090083,1.4615360237658024
506880,506880,0.07036181737203151,0.008274762309156358,1.14863857999444,0.601991131901741,0.07454654594766907,0.021889228170039132,1.037572206929326,1.6626994609832764
507904,507904,0.02192401977663394,0.0027724309256882407,1.2018262352794409,0.4204495996236801,0.008815579960355535,0.009848535446508322,0.5377315077930689,0.0816360063618049
508928,508928,0.04317481367615983,0.003893799290381139,1.1022306717932224,0.4057798506692052,0.028389159764628857,0.006660345993623196,0.3214756306260824,0.11761814029887319
509952,509952,0.0615136072592577,0.007472101402527187,1.371257945895195,0.5980725921690464,0.03029891906771809,0.010473179470864125,1.3198321163654327,0.5617823386564851
510976,510976,0.03943470945523586,0.02275272409315221,1.0675076842308044,0.6040789801627398,0.04283195859170519,0.03787084817304276,0.7822770960628986,1.0494163949042559
512000,512000,0.07842089785845019,0.010329089855076745,1.1813579089939594,0.7537511046975851,0.053014192351838574,0.02627409467822872,1.0276692025363445,1.0412256587296724
513024,513024,0.06326577480649576,0.006793364409531932,1.0998878553509712,0.6785648260265589,0.047690611725556664,0.01362566152238287,1.1750431973487139,0.9593392089009285
514048,514048,0.10002385557163507,0.007784160508890636,1.275572333484888,0.9161369279026985,0.07713156216777861,0.0158985328162089,1.3084441162645817,1.2104962952435017
515072,515072,0.057212941159377806,0.02613928003120236,1.20176138356328,0.7438889443874359,0.04846798535436392,0.024764973670244217,1.078995693475008,1.3468555137515068
516096,516096,0.0425732714793412,0.011168493758304976,1.2396370768547058,0.4711814112961292,0.09444997188984416,0.01415214582812041,1.653993871062994,1.1084032468497753
517120,517120,0.050333351304288954,0.010570994272711687,1.18065994232893,0.6367760486900806,0.05773531994782388,0.020758964034030214,0.9630045853555202,1.2090570833534002
518144,518144,0.06168585771229118,0.0058442429508431815,1.0960124917328358,0.7614788878709078,0.07370965369045734,0.014149825903587043,1.192476810887456,0.8079299181699753
519168,519168,0.05481681453238707,0.006339565064990893,1.278537753969431,0.7087776716798544,0.0441256251942832,0.011430834405473433,1.1151090543717146,0.823168084025383
520192,520192,0.021433073285152204,0.036664389073848724,1.0252688024193048,0.38840957544744015,0.04580253956373781,0.009669814273365773,1.7205560840666294,0.9281100165098906
521216,521216,0.08947021866333671,0.027957407030044124,1.1531101949512959,0.7441104836761951,0.0423556609894149,0.023132404690841213,0.934852970764041,1.4039541110396385
522240,522240,0.02982906420947984,0.015544551046332344,1.0849071983247995,0.449240910820663,0.06761256474419497,0.012989949507755227,1.5291359797120094,0.6989234890788794
523264,523264,0.08320576726691797,0.01283704218803905,1.2492800019681454,0.6070176474750042,0.14062692073639482,0.016888619429664686,1.0791628025472164,1.8220595121383667
524288,524288,0.0494050671113655,0.010923044406808913,1.1129238866269588,0.7167071644216776,0.0681062780204229,0.01809665485052392,0.2749843751080334,1.078704221174121
525312,525312,0.10352605977095664,0.021321044448995963,1.2659532576799393,0.7905504200607538,0.06336546523380093,0.013923007383709773,0.5441543580964208,1.492697037756443
526336,526336,0.05997128106537275,0.017298689432209358,1.4688618294894695,0.5989964883774519,0.08827244490385056,0.0194946545525454,0.2857668404467404,3.9767939671874046
527360,527360,0.07246321596903726,0.008980053287814371,1.532740756869316,0.61722357198596,0.08316502862726338,0.010783752106362954,0.727181838825345,1.4999838545918465
528384,528384,0.05537294936948456,0.006821871749707498,1.4287192486226559,0.6124984379857779,0.08998706018610392,0.011031177098629996,1.5998479928821325,1.5966663770377636
529408,529408,0.05901399234426208,0.011996651999652386,1.3389589115977287,0.7021951973438263,0.05270648829173297,0.01633295841747895,0.9987329784780741,1.096290161833167
530432,530432,0.04218578206200618,0.015215473584248684,1.2282162718474865,0.4508983949199319,0.11327810669899918,0.010661710010026582,0.9486057125031948,1.341525711119175
531456,531456,0.04705369792645797,0.013010888418648392,1.3873578868806362,0.6392975356429815,0.08104588481364772,0.02436982362996787,1.2225503884255886,1.512925699353218
532480,532480,0.07661242806352675,0.01633788095205091,1.2191219851374626,0.6388463787734509,0.07887378771556541,0.020197735429974273,1.3818485029041767,1.5154477804899216
533504,533504,0.06394197180634364,0.018619527661940083,1.308240581303835,0.6405486389994621,0.08287158960592933,0.015384879719931632,1.4266458339989185,2.114182062447071
534528,534528,0.08030370459891856,0.013625571125885472,1.3551941514015198,0.7824572399258614,0.0858952515409328,0.014520099008223042,1.1886919848620892,1.755410760641098
535552,535552,0.089240123226773,0.027953655226156116,1.3937789984047413,0.6772305127233267,0.03723690412880387,0.015082943224115297,1.114597961306572,1.6176713593304157
536576,536576,0.0694870333536528,0.011362244811607525,1.3671834282577038,0.6917299441993237,0.07838016079040244,0.01104393856076058,0.3060642727650702,2.733837239444256
537600,537600,0.06456696568056941,0.006098263736930676,1.1429062746465206,0.6601771917194128,0.061974045587703586,0.011599050034419633,1.0668043503537774,1.1595378424972296
538624,538624,0.058746233611600474,0.0058358299429528415,1.0537216290831566,0.625886270776391,0.0364476497634314,0.008928655515774153,1.39602455124259,0.7692290656268597
539648,539648,0.045784791553160176,0.005232825264101848,1.1955554019659758,0.7001263983547688,0.09773812067578547,0.005205985195061658,1.8042580895125866,0.5843739919364452
540672,540672,0.04974267614306882,0.026523462249315344,1.2989505492150784,0.617912482470274,0.016364521346986294,0.03069307774421759,0.9203678425401449,1.0655341744422913
541696,541696,0.05286908024572767,0.0070710247091483325,1.4206754751503468,0.5565089210867882,0.030959812051150948,0.027443996397778392,0.6830359734594822,1.032866882160306
542720,542720,0.08182391710579395,0.009432606821064837,1.3917554765939713,0.6517298426479101,0.07075861902558245,0.017709639825625345,0.8412842024117708,1.8409750945866108
543744,543744,0.06723138858797029,0.009157105829217471,1.2808758653700352,0.5864473562687635,0.05934431654168293,0.02798244362929836,1.5101116858422756,2.5883054435253143
544768,544768,0.087734270025976,0.007701091657509096,1.5262935683131218,0.7010265290737152,0.059152586734853685,0.016524741920875385,1.3047112636268139,1.1825359612703323
545792,545792,0.06291595351649448,0.032637563097523525,1.5173369459807873,0.647373741492629,0.0625654894975014,0.01822962480946444,0.7310786973685026,1.6069449596107006
546816,546816,0.059664030879503116,0.014863184449495748,1.423386462032795,0.5701375622302294,0.18475178815424442,0.017979089985601604,1.2516530994325876,2.3477764315903187
547840,547840,0.04212928519700654,0.009232948534190655,1.224129505455494,0.5882330611348152,0.1099416648503393,0.018571778782643378,2.4735037088394165,1.5403811149299145
548864,548864,0.03948324712109752,0.009759134743944742,1.221148319542408,0.5848523620516062,0.08441450641839765,0.01500661627505906,1.7186163011938334,1.1153549943119287
549888,549888,0.07598025462357327,0.011729436228051782,1.3326214328408241,0.9244085252285004,0.09214360217447393,0.01777188089909032,1.5473987013101578,1.5146782137453556
550912,550912,0.04107467527501285,0.022368451463989913,1.1047780252993107,0.546622583642602,0.05892964841041248,0.023796574329026043,1.5312545262277126,0.6049200920388103
551936,551936,0.05559226614423096,0.00755257457785774,1.1631365455687046,0.49817497190088034,0.0512451109389076,0.02346458748797886,1.6707275435328484,0.9709925334900618
552960,552960,0.02944570643012412,0.003429513752053026,1.5028151907026768,0.5410625170916319,-0.012301231414312497,0.016020421709981747,1.8540691882371902,0.5006420239806175
553984,553984,0.04513922368641943,0.005032435608882224,1.1045653782784939,0.524558368138969,-0.0075593244400806725,0.009888859909551684,0.8567729815840721,0.4648887366056442
555008,555008,0.01721269651898183,0.02008473076421069,1.110444262623787,0.5239783627912402,0.04196254085400142,0.01072693990136031,0.41907924972474575,0.4590288274921477
556032,556032,0.07072115538176149,0.008317441563121974,1.4362279325723648,0.7325535416603088,0.09865081735188141,0.011204371796338819,1.5531033016741276,1.0078441053628922
557056,557056,0.0511007355817128,0.005070435217930935,1.2788060791790485,0.48665595706552267,-0.005729907192289829,0.00563973931275541,1.3428290262818336,0.6060198023915291
558080,558080,0.06546660396270454,0.005787735964986496,1.2704788781702518,0.5962641816586256,0.07500756590161473,0.014464134263107553,0.7213224563747644,1.2943296879529953
559104,559104,0.056210163165815175,0.007880711069446988,1.4497390612959862,0.6835465002804995,0.04887460602913052,0.019817419932223856,0.9479299653321505,0.8772782124578953
560128,560128,0.05478109314572066,0.027063881774665788,1.0711960177868605,0.6012064423412085,0.09697789122583345,0.012869209589553066,1.4850127436220646,1.2200994361191988
561152,561152,0.041919615265214816,0.01999124234134797,1.387491475790739,0.4806476831436157,0.05327793181641027,0.017380581848556176,1.2806751523166895,0.7245770078152418
562176,562176,0.04655024627572857,0.012468204193282872,1.2661751806735992,0.6403732784092426,0.045892384005128406,0.02317000401671976,1.2311518676578999,1.1164702009409666
563200,563200,0.06526761563145556,0.0045290273847058415,1.1203258149325848,0.4591869581490755,0.07022889511426911,0.005033358866057824,2.439166471362114,1.1964152492582798
564224,564224,0.04343439732474508,0.0030050627246964723,1.030024042353034,0.6526485849171877,0.045451699930708855,0.0033939290879061446,1.352294884622097,0.4256907207891345
565248,565248,0.057549426157493144,0.027089994749985635,1.1876835450530052,0.5900600738823414,0.0729046123160515,0.013178251450881362,1.3037381395697594,0.917310394346714
566272,566272,0.05461469595320523,0.01786188455298543,1.2388731613755226,0.7525457702577114,0.03607204733998515,0.023580439505167305,0.5762419570237398,3.1750421673059464
567296,567296,0.05633864284027368,0.01332792773609981,1.4132287129759789,0.6847703047096729,0.1005472136894241,0.024871722096577287,1.1301101967692375,1.8440377674996853
568320,568320,0.04048898405744694,0.004775142173457425,1.0967856757342815,0.7304056994616985,0.07524056831607595,0.015042434650240466,0.8638812731951475,0.6615944830700755
569344,569344,0.07091006048722193,0.003086870761762839,1.1176040656864643,0.643648836761713,0.06895759020699188,0.005013597154174931,1.1210592910647392,0.3644318236038089
570368,570368,0.05189758352935314,0.02005083134281449,1.143172763288021,0.5705465711653233,0.06987072396441363,0.02149203943554312,1.1718290783464909,1.133154721930623
571392,571392,0.037044507975224406,0.010356836777646095,1.486090049147606,0.6262185201048851,0.04871031444054097,0.0238896039663814,0.36075670178979635,1.552566770464182
572416,572416,0.07473675938672386,0.010546510995482095,1.3561301827430725,0.6474385987967253,0.07655497689847834,0.024857361859176308,1.3225370179861784,2.106684487313032
573440,573440,0.06081281913793646,0.013909957691794261,1.5108098052442074,0.6921129673719406,0.10418795322766528,0.022417156636947766,1.3988246507942677,2.311271831393242
574464,574464,0.09110655204858631,0.01223732638754882,1.4144233502447605,0.6978339962661266,0.127603865286801,0.024123950104694813,1.4893857538700104,2.1326092071831226
575488,575488,0.07104306406108662,0.019941229926189408,1.4682910814881325,0.6936092767864466,0.05158147812471725,0.029936036153230816,0.9624581225216389,2.0342872962355614
576512,576512,0.06339771958300844,0.013151189079508185,1.2314643487334251,0.5576570881530643,0.09449871047399938,0.02208163816248998,0.898014422506094,1.8882343918085098
577536,577536,0.048180659301579,0.003573859743482899,1.2811073288321495,0.6669762022793293,0.07946925007854588,0.016976762330159545,1.3036504462361336,0.9599624052643776
578560,578560,0.06185983389150351,0.008284781099064276,1.3523888029158115,0.7175228577107191,0.07725370596745051,0.023618909617653117,0.7006961032748222,2.3971530124545097
579584,579584,0.03433980734553188,0.0037813828166690655,1.1170339807868004,0.6500975489616394,0.06704535178141668,0.009767715411726385,1.3723619692027569,0.6722674798220396
580608,580608,0.04426938557298854,0.021371995913796127,1.4303502961993217,0.6580435279756784,0.060164744878420606,0.01589399913791567,1.469118308275938,1.1494401674717665
581632,581632,0.08540721400640905,0.010375709709478542,1.5132102780044079,0.7146139089018106,0.04991657944628969,0.010695421107811853,0.9796732310205698,0.737940326333046
582656,582656,0.07099605200346559,0.009392468229634687,1.352777011692524,0.5588697530329227,0.07402349024778232,0.014636856591096148,0.7358462745323777,2.0589065551757812
583680,583680,0.06671237404225394,0.009166945921606384,1.4947274699807167,0.7749925088137388,0.09981212610728107,0.018921173206763342,1.0882473811507225,2.5947123914957047
584704,584704,0.04841298481915146,0.012885416290373541,1.4801602847874165,0.6158290226012468,0.09124993556179106,0.011357131297700107,0.9320722352713346,2.0403189919888973
585728,585728,0.06567442024243064,0.031778939272044227,1.4620601460337639,0.6469166148453951,0.07088168180780485,0.02837106992956251,1.3532051593065262,2.0738031454384327
586752,586752,0.04479536003782414,0.014130151830613613,1.3556517250835896,0.5925485529005527,0.09906315861735493,0.024043585523031652,1.4981481321156025,1.9015974812209606
587776,587776,0.0682845295232255,0.009747083313413896,1.178262710571289,0.713245578110218,0.04662048821046483,0.020026442100061104,1.3282240889966488,1.0082527752965689
588800,588800,0.051955443603219464,0.0038491032173624262,1.2707629390060902,0.5248862709850073,0.011396393761970103,0.009728678545798175,1.0340019632130861,0.3970031887292862
589824,589824,0.0410366542491829,0.0032338829878426623,1.2125629037618637,0.692219715565443,0.10481523349881172,0.006834167666966096,1.312948651611805,0.5184787642210722
590848,590848,0.052271172375185415,0.04489034676225856,1.7295682840049267,0.6798593588173389,0.07637867907760665,0.032763080031145364,1.062839586287737,2.9044703617691994
591872,591872,0.08877448417479172,0.02076874888734892,1.5679941587150097,0.6857566926628351,0.10330330650322139,0.02002996174269356,0.9782954175025225,3.448030300438404
592896,592896,0.04662712395656854,0.013727226323680952,1.3214199393987656,0.6493818126618862,0.13682450854685158,0.02522670864709653,1.1725882273167372,2.834719240665436
593920,593920,0.05542828937177546,0.01563057556631975,1.4300971254706383,0.7278446182608604,0.08313252922380343,0.020909874292556196,1.4084285832941532,2.364910826086998
594944,594944,0.060898690891917795,0.013413462496828288,1.3901462517678738,0.6564255431294441,0.09273369464790449,0.02190907852491364,1.6513692326843739,2.978908196091652
595968,595968,0.02552471031958703,0.018176369689172134,1.2469061315059662,0.4450797429308295,0.05609668607939966,0.006916676182299852,1.4360048174858093,0.9011143427342176
596992,596992,0.048681983549613506,0.003810406313277781,1.0305481757968664,0.6534406002610922,0.05236102844355628,0.005252529605058953,0.8763721939176321,0.62986877001822
598016,598016,0.048017334716860205,0.0028373687491694,1.1028133183717728,0.6345898155122995,0.04881594670587219,0.004141240286116954,1.2989535182714462,0.47853602562099695
599040,599040,0.0428747677069623,0.004882181812718045,1.2427525743842125,0.5199569081887603,0.10761623102007434,0.012241730175446719,1.4217774905264378,0.8605216350406408
600064,600064,0.045678539769141935,0.02195648869383149,1.000314300879836,0.6663628332316875,0.05514797556679696,0.020292955625336617,1.2220276538282633,1.4421689100563526
601088,601088,0.04383008673903532,0.02636881373473443,1.2900865748524666,0.5077155148610473,0.07944008658523671,0.01885900439810939,1.2701105028390884,0.9477565567940474
602112,602112,0.05854431664920412,0.013644423830555752,1.2804250046610832,0.5655114259570837,0.04512267408426851,0.01029202327481471,0.6562179271131754,1.8460346721112728
603136,603136,0.04890706797596067,0.005335727917554323,1.0746921636164188,0.6960888113826513,0.10128812940092757,0.013710992294363678,0.6767622493207455,0.7491950839757919
604160,604160,0.07856275304220617,0.004668593101087026,1.1536435075104237,0.6516949497163296,0.023433252732502297,0.005722748006519396,1.3690836727619171,0.4964319756254554
605184,605184,0.05500932305585593,0.019666164909722283,1.1472126320004463,0.5536167910322547,0.004411017143866047,0.009982392759411596,1.2258280329406261,0.4176608445122838
606208,606208,0.04490528249880299,0.018265533610247076,1.268784038722515,0.4832667112350464,0.1070160411472898,0.027582376962527633,1.1249084919691086,1.9294065795838833
607232,607232,0.07710028672590852,0.01568134341505356,1.6146420389413834,0.6156087759882212,0.10865826258668676,0.01828694305731915,1.0800893250852823,3.343274801969528
608256,608256,0.06189774110680446,0.011340838944306597,1.490584123879671,0.5541900331154466,0.07938554455176927,0.022415048762923107,1.3410264812409878,2.3981218189001083
609280,609280,0.0716479736729525,0.010313133185263723,1.3637925498187542,0.6507901288568974,0.1110154363559559,0.02082786150276661,0.9772737100720406,4.386384911835194
610304,610304,0.052620557515183464,0.016228129839873873,1.2929615341126919,0.6828296612948179,0.08418664496275596,0.01801642362261191,0.9298975393176079,2.4928293973207474
611328,611328,0.08147873770212755,0.011043177742976695,1.5231785774230957,0.6429899893701077,0.1044231477426365,0.017615384742384776,1.1132847405970097,2.219936113804579
612352,612352,0.07561982973129489,0.00866859253437724,1.4575831033289433,0.7223090510815382,0.0663701705634594,0.014716769306687638,1.0582154337316751,2.572118006646633
613376,613376,0.055620312748942524,0.004518228146480396,1.2189997173845768,0.6496322844177485,0.037650844431482255,0.00502797013905365,1.6553896255791187,0.8501767236739397
614400,614400,0.015802697045728564,0.009947179583832622,1.085911225527525,0.5193746276199818,0.089796198066324,0.011395671361242421,1.4157825149595737,1.2406399324536324
615424,615424,0.07379210562794469,0.022154440637677908,1.295971181243658,0.598677383735776,0.08993862470379099,0.013034080853685737,0.9664683695882559,1.6440180912613869
616448,616448,0.028743134025717154,0.014626565389335155,1.3524939082562923,0.4858953654766083,0.14963855501264334,0.016688516916474327,1.4358778838068247,1.6480726450681686
617472,617472,0.025279868015786633,0.006193641689606011,1.1769220009446144,0.4778275676071644,0.061147090542363,0.010615514940582216,1.521226167678833,1.1274765003472567
618496,618496,0.04154549751547165,0.002297782451933017,1.0998375676572323,0.5380228767171502,-0.007941762363770977,0.0031030577956698835,1.1949593015015125,0.2774989097379148
619520,619520,0.04346535216609482,0.0027736455922422465,1.0180954150855541,0.5454072169959545,-0.023832941325963475,0.0007075059602357214,0.9963513743132353,0.19608950964175165
620544,620544,0.03945274095167406,0.019396658899495378,1.399433258920908,0.5697764083743095,0.07926467939978465,0.01838980571483262,0.9320565387606621,2.2057429887354374
621568,621568,0.07288641395280138,0.016683733731042594,1.6024200841784477,0.6178198792040348,0.13635353418067098,0.02523146284511313,0.2878556614741683,6.302673548460007
622592,622592,0.055430652282666415,0.011085606151027605,1.2599006295204163,0.5407204637303948,0.11379354365635663,0.011538852733792737,0.5445814654231071,4.517111390829086
623616,623616,0.04421590460697189,0.005436832725536078,1.246413465589285,0.6271037012338638,0.12419468810549006,0.014597791887354106,0.8213667916134,2.416798770427704
624640,624640,0.029840228555258363,0.0030476912324957084,1.1267175152897835,0.4485777383670211,0.08732151269214228,0.004303723111661384,2.457575246691704,0.9458443187177181
625664,625664,0.016112309036543593,0.013430054037598893,0.9887156374752522,0.4519663965329528,0.059124863997567445,0.010701703387894668,1.2395201623439789,0.672559441998601
626688,626688,0.05282863361935597,0.008377772086532786,1.2952500507235527,0.5526084471493959,0.11854856403078884,0.028206092363689095,1.037926321849227,2.4642368257045746
627712,627712,0.04634390532737598,0.004225105505611282,1.094258401542902,0.53340417239815,0.07728734848205931,0.011248520619119518,1.3652545027434826,1.598037950694561
628736,628736,0.0568494962353725,0.006905142858158797,1.1222229283303022,0.7955207321792841,0.13409363967366517,0.015623013634467497,1.5567288659512997,1.2727971859276295
629760,629760,0.023061654675984755,0.005286600440740585,1.0641219578683376,0.5200027320533991,0.08702856517629698,0.010672294854884967,1.6106199584901333,1.083123341202736
630784,630784,0.061616869730642065,0.018097761945682578,1.1794832721352577,0.7251492254436016,0.13283615070395172,0.022172458557179198,1.4556900188326836,1.7694950625300407
631808,631808,0.07318786473479122,0.007669977305340581,1.2189010977745056,0.6583978794515133,0.07985350413946435,0.029077730898279697,1.5100396126508713,2.2264503985643387
632832,632832,0.07004600227810442,0.0068014692078577355,1.2135193012654781,0.6521818954497576,0.0622412562079262,0.021982170292176306,1.751799639314413,1.973735898733139
633856,633856,0.06739837222266942,0.010691354211303405,1.425472255796194,0.6327551081776619,0.1146642742678523,0.017570834344951436,2.200557604432106,2.009924281388521
634880,634880,0.07912029721774161,0.012214830741868354,1.273812923580408,0.6674396209418774,0.09234413632657379,0.016875786532182246,1.7248435020446777,1.3455485999584198
635904,635904,0.044675590499537066,0.0207827492558863,1.4127960093319416,0.6294338162988424,0.047871960734482855,0.028694669861579314,1.1313375867903233,1.148177856579423
636928,636928,0.024970777798444033,0.001145693668149761,1.0073532033711672,0.3709376808255911,0.010865168296732008,0.009137366145296255,0.8546541128307581,0.13052859413437545
637952,637952,0.053291289194021374,0.0004981367251275515,0.9494035802781582,0.4557220730930567,0.0005003703845432028,0.004909315610802878,1.3258027099072933,0.20357895642518997
638976,638976,0.027755402930779383,0.0015021142935438547,0.948779821395874,0.3144337637349963,-0.00097551045473665,0.0037499259326523315,1.3713929578661919,0.2119485237635672
640000,640000,0.009053414934896864,0.019650382848340087,0.9950098600238562,0.38521420676261187,-0.0007973142492119223,0.010399013272035518,1.3889071568846703,0.21561503922566772
641024,641024,0.06776869966415688,0.025955967284971848,1.387270998209715,0.625420467928052,0.040351590083446354,0.011682456795824692,1.1712784431874752,0.49241832457482815
642048,642048,0.04313997967983596,0.012044512128341012,1.061538215726614,0.6693675350397825,0.05421706561173778,0.011468480064650066,1.2426730189472437,0.7929556462913752
643072,643072,0.0393231892521726,0.003741815195098752,0.8729085959494114,0.5568707808852196,-0.008175935508916155,0.0012112763415643713,1.1823230795562267,0.2514278874732554
644096,644096,0.09571760497055948,0.006043301546014845,0.9690371658653021,0.6418503671884537,0.01949930444243364,0.005004739556170534,0.9508826993405819,0.41345926839858294
645120,645120,0.03135779123113025,0.015344855310104322,0.8760651275515556,0.5700639076530933,0.03560513482079841,0.004439392083440907,1.5868600960820913,0.4847221579402685
646144,646144,0.04277991291019134,0.002237657728983322,0.9902489669620991,0.48841884452849627,0.015644628219888546,0.0024847695804055547,0.9666322600096464,0.29070027731359005
647168,647168,0.07972256606444716,0.009074548856006004,1.0481768622994423,0.6130162682384253,0.07002938780351542,0.023535758635262027,1.1586453597992659,1.1420579701662064
648192,648192,0.06480752653442323,0.0027902250913030002,0.937107514590025,0.5074460450559855,0.04161116501200013,0.00389864927274175,1.3104876354336739,0.358938773162663
649216,649216,0.023842981143388897,0.0031351936340797693,0.8826523646712303,0.46257349476218224,-0.007291065558092669,0.0032691211490600836,1.4375234320759773,0.2539587770588696
650240,650240,0.03272875059337821,0.020464450055442285,0.8801146596670151,0.45376954320818186,-0.028235868143383414,0.009771354212716687,1.3098697736859322,0.28927199402824044
651264,651264,0.07695172587409616,0.014595465763704851,1.1258365735411644,0.6269203927367926,0.06622035562759265,0.013346697960514575,0.2803000435233116,1.2435775883495808
652288,652288,0.060036669921828434,0.009527742251520976,1.1538445055484772,0.5672869412228465,0.002601243817480281,0.01159316826669965,0.5894717583432794,0.7663394156843424
653312,653312,0.04495593920000829,0.009011421207105741,1.065187644213438,0.5482764886692166,0.017647159547777846,0.013175856220186688,0.7007597722113132,0.4830875815823674
654336,654336,0.041085074277361855,0.0062156383883120725,0.8773588016629219,0.5102774193510413,0.0063317019084934145,0.0006768378480046522,0.7181956181302667,0.15790422237478197
655360,655360,0.0779888549586758,0.021599193234578706,0.9323717691004276,0.6365098915994167,0.09129141859011725,0.005809326612506993,0.7692415434867144,0.48573558684438467
656384,656384,0.0551381583645707,0.012198803422506899,1.2933299615979195,0.5358921037986875,0.032531363918678835,0.02278414461761713,1.1424459386616945,1.5773482359945774
657408,657408,0.03892156529764179,0.008265838929219171,0.932083934545517,0.7200528662651777,0.06570289609953761,0.017865417117718607,1.306925144046545,1.666713360697031
658432,658432,0.045841369254048914,0.0018402483128738822,0.891728937625885,0.531406263820827,0.050027424353174865,0.0039503800035163295,1.6447500437498093,0.543197626248002
659456,659456,0.0640464415482711,0.001990833787203883,0.8907233737409115,0.48127776850014925,-0.007051285734632984,0.001095946094210376,1.1278839390724897,0.1729555898346007
660480,660480,0.059702341779484414,0.022681874252157286,1.1565414238721132,0.5415067411959171,0.08399072373867966,0.010407401889096946,1.221446618437767,1.0755498073995113
661504,661504,0.042998427379643545,0.00681329432700295,1.463191892951727,0.6068702843040228,0.035057992063229904,0.014284194534411654,0.8955723997205496,0.7304690824821591
662528,662528,0.022252695285715163,0.0018046517980110366,1.1124223805963993,0.3453398868441582,-0.011593041592277586,0.0005373283943299612,1.2805016115307808,0.197207554243505
663552,663552,0.03563461168232607,0.0037003216730226995,1.0653050392866135,0.38837139401584864,-0.013755640247836709,0.0001311811786308681,1.2617966681718826,0.19485655706375837
664576,664576,0.0573188733542338,0.005877715702808928,1.0539698470383883,0.5041039977222681,0.06512899434892461,0.0051766909382422455,1.359488682821393,0.5618997979909182
665600,665600,0.06761254626326263,0.028461956651881337,1.3025254793465137,0.6304567642509937,0.021543131180806085,0.01385201743687503,1.0489762276411057,0.9035105183720589
666624,666624,0.05951677120174281,0.028517263534013182,1.274992197751999,0.6665429547429085,0.08753510017413646,0.01820889432565309,1.2719440180808306,2.105563882738352
667648,667648,0.04324020573403686,0.005722709072870202,0.8514676913619041,0.4754724306985736,0.08338242284662556,0.004785776742210146,1.1310998294502497,0.5162982121109962
668672,668672,0.045660169795155525,0.0018557913826953154,0.7280290741473436,0.46627724822610617,-0.01868630273384042,0.0005725332075598999,0.9619899708777666,0.15059342654421926
669696,669696,0.028747483534971252,0.001894108805572614,0.7139253467321396,0.3765950258821249,0.07940170893562026,0.0009564670244799345,1.4700695648789406,0.3636630424298346
670720,670720,0.047844720451394096,0.02899239250109531,1.083527259528637,0.47770510520786047,0.03971301519777626,0.021915864723268896,1.288776971399784,1.3951517678797245
671744,671744,0.04046294011641294,0.013936442323029041,1.2976629212498665,0.5147404838353395,0.09291829582070932,0.018449320137733594,1.0783659741282463,1.7375325299799442
672768,672768,0.029836808833351824,0.009478986321482807,1.4195832274854183,0.5630559418350458,0.09150524588767439,0.011057039897423238,1.7647189535200596,1.2471766583621502
673792,673792,0.058244059211574495,0.008093683180049993,1.1793786883354187,0.5100289611145854,0.05938775360118598,0.018459901242749766,1.4766086228191853,1.469633549451828
674816,674816,0.039467962516937405,0.011146482560434379,1.2047444693744183,0.5843198969960213,0.08354521472938359,0.02433872115216218,1.2813928611576557,1.9477973468601704
675840,675840,0.05294259460788453,0.022440091241151094,1.3339025266468525,0.6117688715457916,0.06485204902128316,0.01983272857614793,0.6165616307407618,0.6478781597688794
676864,676864,0.09749768686015159,0.012930797878652811,1.3051614314317703,0.8098363820463419,0.051775697560515255,0.018288951221620664,0.7163216294720769,1.074804624542594
677888,677888,0.0666790772229433,0.00917402547202073,1.1790704391896725,0.6422405056655407,0.054926222597714514,0.012713773234281689,1.0363145768642426,1.0960402321070433
678912,678912,0.056754335295408964,0.006812677063862793,1.0343489088118076,0.7399517744779587,-0.0063185640319716185,0.004644165179342963,0.593340490013361,0.8692807480692863
679936,679936,0.04874212935101241,0.00830659078201279,1.0246446263045073,0.6818395797163248,0.04092287913954351,0.011385221863747574,1.3621350545436144,1.5031535886228085
680960,680960,0.022382235067198053,0.02834935099235736,1.02687281742692,0.5689186062663794,0.01339645535335876,0.007741088898910675,1.2999202646315098,0.5463052066043019
681984,681984,0.07126030005747452,0.0056007445164141245,0.9722173009067774,0.4748692410066724,8.395727491006255e-06,0.0031344974904641276,0.9729789663106203,0.5669010011479259
683008,683008,0.056102474278304726,0.00502740268711932,1.0019326359033585,0.5742127485573292,0.01049829798284918,0.005252951254078653,0.5171209760010242,0.8663266245275736
684032,684032,0.037306814425392076,0.004794339976797346,1.268987961113453,0.5008630575612187,0.049090657237684354,0.009071430991753004,1.3806654401123524,0.8586776778101921
685056,685056,0.0064566354849375784,0.020580187789164484,0.9616686124354601,0.35483413748443127,-0.033489739056676626,0.0076607616429100744,2.799701876938343,0.8523278143256903
686080,686080,0.05595410001114942,0.010893977581872605,1.3904773965477943,0.5610189717262983,0.05942024616524577,0.025044116016943008,0.8246866874396801,1.6229445189237595
687104,687104,0.04785989265656099,0.006825969481724314,1.2489930279552937,0.5385554432868958,0.059853607206605375,0.020188031921861693,0.06979902449529618,2.5871697515249252
688128,688128,0.021649867689120583,0.003135487586405361,0.8185766208916903,0.4010946433991194,0.020690026693046093,0.0052403934350877535,0.0487998325843364,0.060606074053794146
689152,689152,0.043296434596413746,0.006716704032442067,0.9677543975412846,0.36854847334325314,0.0012180694611743093,0.004608448136423249,0.5075215399265289,0.2989136138930917
690176,690176,0.015855805148021318,0.024476582562783733,1.0176044050604105,0.38365331571549177,-0.00936833507148549,0.010016769112553447,0.17628597258590162,0.558969265781343
691200,691200,0.069642324000597,0.03448149806354195,1.321388877928257,0.6230922657996416,0.14096813811920583,0.02340216576703824,0.44812794122844934,1.7525982223451138
692224,692224,0.06070351068046875,0.021535159728955477,1.2276750952005386,0.5538966925814748,0.04071582178585231,0.011698696369421668,1.3499798905104399,1.0937505178153515
693248,693248,0.0321906575554749,0.007466021284926683,1.1836960427463055,0.3955450737848878,0.0053224638977553695,0.004103402961845859,0.8096255511045456,0.13860633701551706
694272,694272,0.034981117671122774,0.0036510779973468743,1.0993696600198746,0.4025190807878971,-0.02735383398248814,0.002451072098210716,0.6181256053969264,0.08862670743837953
695296,695296,0.020903046170133166,0.021616790007101372,1.1286684796214104,0.4229201693087816,0.09839862980879843,0.014729802234796807,1.9157129153609276,1.325682744383812
696320,696320,0.06294133642222732,0.02134477678919211,1.2998881191015244,0.6587241683155298,0.07934474587091245,0.04561095417011529,0.8002868285402656,2.9945747926831245
697344,697344,0.03714009001851082,0.012446060194633901,1.2403232380747795,0.6639121044427156,0.0924032365437597,0.024386459903325886,0.46050764713436365,2.2032499872148037
698368,698368,0.03539305360754952,0.012014271575026214,1.1863801963627338,0.5142209297046065,0.10644411444081925,0.020261491736164317,0.7864019013941288,1.9689788818359375
699392,699392,0.03230896856985055,0.011022267761291005,1.2366055324673653,0.4757411479949951,0.06363189770490862,0.012100855150492862,1.4838096275925636,0.7192948553711176
700416,700416,0.030245088855735958,0.021951981994789094,1.1847286112606525,0.452451896853745,-0.01010114690870978,0.014971269643865526,1.0253336690366268,0.7134891524910927
701440,701440,0.055930902424734086,0.01031827088445425,1.5326232574880123,0.5864133406430483,0.09778634470421821,0.021606996131595224,1.2598716467618942,1.5708812773227692
702464,702464,0.05470384974614717,0.007961549563333392,1.390100996941328,0.6221444793045521,0.050247686842340045,0.011413747110054828,1.9641830660402775,0.8759366385638714
703488,703488,0.04450135136721656,0.011641723962384276,1.1986671723425388,0.5066229356452823,0.11690507939783856,0.015216625848552212,1.1046004891395569,1.2870690617710352
704512,704512,0.03847628508810885,0.010421585815493017,1.3291800953447819,0.5747991781681776,0.04102909434004687,0.012339572451310232,0.9986348710954189,1.0518181305378675
705536,705536,0.08022246818291023,0.023569708660943434,1.1368173882365227,0.5847578924149275,0.048323440889362246,0.02108734377543442,0.720405912026763,2.10734723508358
706560,706560,0.038243302202317864,0.011234999285079539,1.4191730953752995,0.5627338783815503,0.11004768335260451,0.017298803926678374,0.27009704802185297,1.4058531448245049
707584,707584,0.02843913866672665,0.0026537470548646525,1.2941348925232887,0.4947921261191368,0.0033787930151447654,0.0037174989156483207,0.07040428696200252,0.2655039965175092
708608,708608,0.043643696917570196,0.002978152748255525,1.3547624945640564,0.5389134287834167,0.10099362733308226,0.004774666493176483,0.9426421509124339,1.1905820854008198
709632,709632,0.008784904828644358,0.004929289047140628,1.0604180004447699,0.41831978503614664,0.04926625534426421,0.005195179779548198,1.8842026889324188,0.5865589594468474
710656,710656,0.0521750885527581,0.02288342348765582,1.3005588725209236,0.542120911180973,0.06855387799441814,0.01494992701918818,1.1493628080934286,1.1174132600426674
711680,711680,0.05625005703768693,0.010636333274305798,1.358079731464386,0.46746806893497705,0.11968978209188208,0.020452204102184623,0.99079913739115,1.3239883035421371
712704,712704,0.026301408681320027,0.009692565188743174,1.487629946321249,0.47957912739366293,0.09177073684986681,0.017667312204139307,0.42857374623417854,1.4032923765480518
713728,713728,0.061881213332526386,0.020904151460854337,1.3545132763683796,0.5612725336104631,0.1704768263734877,0.022302401601336896,1.1205900590866804,2.8676618114113808
714752,714752,0.09162195917451754,0.025967310939449817,1.2582711912691593,0.489272179082036,0.13626001781085506,0.024177749233786017,0.8817229308187962,3.992869757115841
715776,715776,0.05429571834974922,0.029515874048229307,1.3663272224366665,0.5929007269442081,0.08123129757586867,0.024987738812342286,0.8815321456640959,2.252500392496586
716800,716800,0.046853401843691245,0.008665922621730715,1.225849311798811,0.4957123473286629,0.07162696446175687,0.013056443087407388,1.0122467745095491,1.1416646894067526
717824,717824,0.02464249887270853,0.004165349244431127,1.2088204100728035,0.4177108248695731,0.021310615935362875,0.007057368828100152,1.510260060429573,0.7021803557872772
718848,718848,0.03177868667989969,0.004517240402492462,1.019929951056838,0.5128748873248696,-0.006433792397729121,0.0033349004297633655,1.3013772126287222,0.26667412696406245
719872,719872,0.04531420525745489,0.006273449362197425,1.2871131338179111,0.5430120471864939,0.04217326932121068,0.00891673807927873,1.0936349108815193,0.7495635747909546
720896,720896,0.0367717153421836,0.039582310593687,1.3583487421274185,0.5860982183367014,0.03987584199057892,0.020656290231272578,0.9671504274010658,2.111317206174135
721920,721920,0.07296644159941934,0.01183288695756346,1.5149257220327854,0.6574305482208729,0.04497746561537497,0.02138300077058375,0.4521129750646651,1.8157310299575329
722944,722944,0.04540537335560657,0.004692069924203679,1.179724220186472,0.48867728654295206,-0.004789051658008248,0.008148633896780666,0.5300564868375659,0.4840757939964533
723968,723968,0.036154217668809,0.0031755247109686024,1.096821241080761,0.4140215339139104,0.03410417481791228,0.006905036396346986,0.3355482229962945,0.24018127424642444
724992,724992,0.03422039884026162,0.0047966141064534895,1.1025244630873203,0.5198432961478829,-0.004053161479532719,0.007001264159043785,0.2986555085517466,0.7096208408474922
726016,726016,0.02623594444594346,0.029114594915881753,1.2649666592478752,0.451127546839416,0.15356028219684958,0.02589120005723089,0.6010410375893116,1.8214311748743057
727040,727040,0.030226604256313294,0.007640381751116365,1.096861481666565,0.40680402982980013,0.03673124627675861,0.010723759813117795,2.178565062582493,0.6380012976005673
728064,728064,0.033793519251048565,0.0036389044689713046,1.159691534936428,0.4779518321156502,0.009024263359606266,0.004756756883580238,0.8452862668782473,0.2970450713764876
729088,729088,0.03940754498762544,0.004673662413551938,1.1589600779116154,0.41254965402185917,0.036001418775413185,0.004861324930971023,1.4436214938759804,0.676437146961689
730112,730112,0.04085520700755296,0.019524627248756588,1.1331980749964714,0.5226369993761182,0.032285029417835176,0.008996661781566218,0.7208119947463274,0.4314174698665738
731136,731136,0.04082100417872425,0.015134651912376285,1.2088231146335602,0.3984470060095191,0.06977287383051589,0.02117035537958145,0.6225716881453991,1.2031332589685917
732160,732160,0.05316067097010091,0.005448268217151053,1.1274655722081661,0.4401969378814101,0.013063803926343098,0.006624684894632082,1.0182864889502525,0.2592719220556319
733184,733184,0.05178334238007665,0.010197963245445862,1.1587604247033596,0.5034096790477633,0.014094371435930952,0.013588162924861535,0.6873364727944136,0.8252301067113876
734208,734208,0.039012945562717505,0.012504686921602115,1.0412052888423204,0.49132796470075846,0.05085229538963176,0.006689355446724221,1.6152543518692255,1.1876268852502108
735232,735232,0.05562779321917333,0.029469540837453678,0.9517767578363419,0.5577074429020286,0.006478652474470437,0.0067530915621318854,1.4348929040133953,0.5384322516620159
736256,736256,0.061110175534849986,0.01571478508412838,1.0954233929514885,0.49925596360117197,0.05570101898047142,0.011572501010959968,0.8797037973999977,1.826031219214201
737280,737280,0.05811199243180454,0.002362375504162628,0.9170319400727749,0.4927621427923441,0.004217504523694515,0.0009158720890809491,0.8769393302500248,0.13169752701651305
738304,738304,0.01591305690817535,0.001220705018567969,0.8061313778162003,0.4283900875598192,-0.013652431691298261,0.0012362072116047784,1.463691558688879,0.23491381155326962
739328,739328,0.035855320224072784,0.00508500784781063,0.8939010165631771,0.4581560995429754,0.001242835947778076,0.004687671120336745,0.3834467581473291,0.21446945727802813
740352,740352,0.04054877572343685,0.027816763060400262,0.8265908714383841,0.4216796923428774,0.027604316390352324,0.01047296521574026,0.17493084562011063,0.19978300854563713
741376,741376,0.022507744855829515,0.012453836687200237,0.818842301145196,0.38195189367979765,-0.015528545685810968,0.005097028915770352,0.18473707814700902,0.22005446534603834
742400,742400,0.01097971259150654,0.003989594548329478,0.7193936668336391,0.3076768033206463,-0.011351184963132255,0.003352352479396359,0.7489774962887168,0.1079987030243501
743424,743424,0.037104810297023505,0.004430380453413818,0.7743881661444902,0.5230522966012359,-0.010475105402292684,0.0032842992104633595,0.997741935774684,0.2660727729089558
744448,744448,0.040163270103221294,0.020999041182221845,0.9285063836723566,0.43270108196884394,0.07230545763741247,0.010622712841723114,2.3079670034348965,1.1915733572095633
745472,745472,0.05813406681409106,0.024749215750489384,0.8926816340535879,0.524744757451117,0.1303125538979657,0.010864383119042031,1.597293708473444,1.688021119683981
746496,746496,0.04310365329729393,0.009646159029216506,1.1415796596556902,0.469623033888638,0.057323167915456,0.018473317351890728,0.9005464129149914,1.3424572981894016
747520,747520,0.03499142274085898,0.0037408812786452472,1.2600134797394276,0.4170834384858608,0.04688604254624806,0.012959476982359774,0.504575751721859,0.5205325791612267
748544,748544,0.04883081806474365,0.004284713475499302,1.1370883118361235,0.5025585237890482,0.005926902900682762,0.0036673102986242156,0.6842980412766337,0.12491499143652618
749568,749568,0.04275409536785446,0.007375604698609095,1.1567871551960707,0.42970117926597595,0.03015350631903857,0.00871810136595741,0.39177482295781374,0.47796577773988247
750592,750592,0.04798819447751157,0.02624752103292849,0.808619050309062,0.4895573006942868,-0.014560976007487625,0.00896019526408054,0.8682051692157984,0.6627018824219704
751616,751616,0.03922854337724857,0.00507972355990205,0.8008365146815777,0.448475637473166,-0.00072190270293504,0.00155775276471104,0.1349546299315989,0.01432851847494021
752640,752640,0.021125290280906484,0.0023369282280327752,0.8386707864701748,0.30123076774179935,-0.02129207906546071,0.0013546138393394358,0.8761480590328574,0.1964396401308477
753664,753664,0.03088477148776292,0.00878502991690766,0.8267078530043364,0.3377070492133498,0.013315876654814929,0.003965263022109866,2.2047034837305546,0.6519539644941688
754688,754688,0.028595144889550284,0.0031827228212932823,0.7643644027411938,0.2682212432846427,0.0007889315311331302,0.0005237365476205014,1.6168272234499454,0.3856273202691227
755712,755712,0.02416144247399643,0.02899962180526927,0.9762195684015751,0.37781492341309786,0.022645830234978348,0.010157499156775884,0.5337460115551949,0.4513896368443966
756736,756736,0.016273245331831276,0.013808685951516964,0.9676919970661402,0.43261083494871855,0.021348033886170015,0.002232086677395273,1.1679874304682016,0.39741238951683044
757760,757760,0.03211437541176565,0.007999253124580719,1.0417248494923115,0.48485423903912306,-0.01651718615903519,0.002333546788577223,1.1765520889312029,0.20536034973338246
758784,758784,0.025731559231644496,0.003009421026945347,0.8080457467585802,0.5000447649508715,0.04731318834819831,0.002791481005260721,1.7301065996289253,0.5498267179355025
759808,759808,0.04143543004465755,0.00461376166640548,0.8356291372328997,0.39276284631341696,0.004234906169585884,0.0017288563649344724,1.3304023817181587,0.5669026579707861
760832,760832,0.02428971194603946,0.027280479902401567,1.2239833809435368,0.5708388285711408,0.05015947509673424,0.021190599334659055,0.8123509176075459,1.0799595303833485
761856,761856,0.054163094639079645,0.013659925840329379,1.0965312402695417,0.5788393719121814,0.0952636661240831,0.020235934149241075,1.6643265299499035,1.4318516813218594
762880,762880,0.01253483653999865,0.001893821005069185,0.8883094638586044,0.3464400926604867,0.03751343197654933,0.007416774231387535,1.0295227668248117,0.24676748330239207
763904,763904,0.058059692732058465,0.007014244256424718,0.8024907335639,0.3537420444190502,0.06480563446530141,0.009818696125876158,0.18258752208203077,0.43303248565644026
764928,764928,0.03492415702203289,0.004071527723681356,0.7710327785462141,0.3459758600220084,-0.00018717205966822803,0.0017934409935378426,0.15695700724609196,0.016389049356803298
765952,765952,0.01163492412888445,0.02352798465290107,1.0984086953103542,0.37567077577114105,0.11051973712164909,0.024563140090322122,0.4518178408034146,0.6648203879594803
766976,766976,0.04265733601641841,0.006472539957030676,1.054384609684348,0.437915307469666,0.029406932822894305,0.01479207890224643,0.3240340184420347,0.7396170701831579
768000,768000,0.02853229275206104,0.006339384941384196,1.0176068749278784,0.45856800209730864,0.04738691690727137,0.019245089177275077,0.5491671352647245,0.6047865329310298
769024,769024,0.03541492600925267,0.00443069630273385,0.9873342923820019,0.40770847722887993,0.05729264410911128,0.010821312782354653,0.8060508258640766,0.4493540320545435
770048,770048,0.022747290597180836,0.022252687413129024,0.9097043909132481,0.45938827749341726,0.06682021787855774,0.013716733548790216,1.1840337291359901,0.7750893514603376
771072,771072,0.06461312755709514,0.04418729228200391,1.1982092969119549,0.4587812898680568,0.0545778711384628,0.02900520688854158,0.6305309385061264,1.4389783293008804
772096,772096,0.03777100253500976,0.02106322965119034,1.0553541705012321,0.3699035905301571,0.06103856803383678,0.012907828524475917,0.6573904911056161,1.1122342962771654
773120,773120,0.03643428142822813,0.013169883750379086,0.9312201142311096,0.41765391919761896,0.04046273464336991,0.005586607301665936,1.3176104873418808,0.6310863392427564
774144,774144,0.004476070826058276,0.014579066657461226,0.9844801165163517,0.29686308093369007,0.06259092135587707,0.01138649947824888,1.2965430729091167,0.5994448941200972
775168,775168,0.022965055293752812,0.03128867453779094,1.1224005222320557,0.3991267327219248,0.04090123657078948,0.024218908918555826,1.2166023775935173,1.385243710130453
776192,776192,0.016038420479162596,0.024524540844140574,1.2792615331709385,0.41426326148211956,0.07127818922162987,0.033724620938301086,0.5701912604272366,1.511891171336174
777216,777216,0.029821844160323963,0.015925592771964148,1.2169274315238,0.45304377656430006,0.07660877105081454,0.015758001973154023,0.551133980974555,1.4034410007297993
778240,778240,0.05772246458218433,0.021256874810205773,1.2294915467500687,0.49239238258451223,0.049838487699162215,0.018085957679431885,0.9835983645170927,1.9161022566258907
779264,779264,0.0535193495452404,0.008894901708117686,1.208788275718689,0.5257660895586014,0.09090047120116651,0.00851450112531893,0.5518417805433273,0.6537854513153434
780288,780288,0.0323697442363482,0.029666297952644527,0.9473976958543062,0.42365326825529337,0.1063735869829543,0.02124847602681257,1.2642625290900469,1.238062396645546
781312,781312,0.04291446116985753,0.025821289978921413,1.364901676774025,0.5232949368655682,0.10999841307057068,0.03620073071215302,1.05789565294981,2.002892527729273
782336,782336,0.036163986689643934,0.023114490148145705,1.1309311836957932,0.5632724575698376,0.08378879143856466,0.02533806476276368,1.3420866318047047,1.1040215715765953
783360,783360,0.03350129124009982,0.0112125699815806,1.0874011106789112,0.3955200146883726,0.011546244175406173,0.014500033459626138,0.9181676935404539,0.5752235241234303
784384,784384,0.02636588635505177,0.006818748341174796,1.1756982505321503,0.45191558357328176,-0.008735631476156414,0.0027243025360803585,1.0791347734630108,0.31125124264508486
785408,785408,0.04203035371028818,0.022826059808721766,0.9438436534255743,0.4783663433045149,0.014111315715126693,0.014884612988680601,0.749748507514596,1.0468747299164534
786432,786432,0.051351495436392725,0.007140367859392427,0.9652252476662397,0.434507523663342,-0.01598167681368068,0.009168965952994768,1.3533408343791962,0.23157626343891025
787456,787456,0.029241941607324407,0.002976344767375849,1.0256115943193436,0.26333180209621787,-0.00852454436244443,0.00966733081440907,1.0520513728260994,0.1551011314149946
788480,788480,0.025104167842073366,0.006528369965963066,0.8600834589451551,0.362660720013082,-0.009104061115067452,0.00781075787381269,0.5128864152356982,0.41445491928607225
789504,789504,0.0123863733606413,0.005592837835138198,0.9228250365704298,0.34341459814459085,0.04531277684145607,0.007798060913046356,1.5070688277482986,0.5471677230671048
790528,790528,-0.0023999234108487144,0.019148351813782938,0.918306477367878,0.43575450126081705,-0.007958953588968143,0.020183460554108024,1.1258306615054607,0.759635086171329
791552,791552,0.02113614282279741,0.008563226961996406,1.2486548125743866,0.32682934775948524,0.03075910585175734,0.029011246806476265,0.6734305620193481,0.9999986309558153
792576,792576,0.03677911395789124,0.003670097252324922,0.9498051349073648,0.3723927102982998,7.054666639305651e-05,0.01095873472513631,0.75272679887712,0.6298556374385953
793600,793600,0.023109308749553747,0.0038066337583586574,1.2387073636054993,0.4253406645730138,0.010097513993969187,0.011958338880504016,2.0485588870942593,0.5211435863748193
794624,794624,0.03167407128785271,0.007842454710043967,1.0443886052817106,0.4011607598513365,0.057106233114609495,0.017864015011582524,0.9235879555344582,0.8605144694447517
795648,795648,0.023647421243367717,0.021210117731243372,0.9248447194695473,0.3995901281014085,-0.003149013515212573,0.03805716341594234,1.3516496997326612,1.1479786783456802
796672,796672,0.017517796048196033,0.0037325173325370997,1.0588128957897425,0.4371670624241233,0.07572906957648229,0.031018016015877947,1.3136998899281025,0.7229340020567179
797696,797696,0.01793752056255471,0.005953755855443887,1.1467733830213547,0.45105384569615126,0.0858397533884272,0.02067885355791077,1.5238600093871355,0.886466583237052
798720,798720,0.0215897896559909,0.0036760670845978893,1.2932524215430021,0.45796039141714573,0.06614529999205843,0.017816681240219623,1.4920720793306828,0.9732093866914511
799744,799744,0.02137364912778139,0.01066740402893629,1.3363585732877254,0.4756521489471197,0.060918266186490655,0.023141040292102844,0.6411242834292352,0.9800982661545277
800768,800768,0.026961223906255327,0.032741488044848666,0.8795893639326096,0.3331900294870138,0.007021754761808552,0.011489816970424727,0.3204475757665932,0.7818772029131651
801792,801792,0.02081314589304384,0.004964798998116748,0.9754088632762432,0.35557293705642223,0.018575091613456607,0.004222762268909719,1.1772188609465957,0.486043119803071
802816,802816,0.007627972670888994,0.0027073621495219413,0.8344355095177889,0.2765523553825915,-0.008381932537304237,0.004004348069429398,1.3593508899211884,0.3280975674279034
803840,803840,0.0069164863671176136,0.0028825257995777065,0.7055175211280584,0.15539894998073578,0.007712023434578441,0.0006243353855097666,0.8826844496652484,0.13580305955838412
804864,804864,0.041546217078575864,0.010368111354182474,0.9601760767400265,0.31557412166148424,0.09272090235026553,0.01266382951871492,1.1492832908406854,1.176790839061141
805888,805888,0.04938056116225198,0.056712704710662365,1.1241451166570187,0.46220303047448397,0.06260562455281615,0.05941418407019228,1.2617337368428707,1.5698140636086464
806912,806912,0.05831988825229928,0.02628196621662937,1.1900931783020496,0.43131182715296745,0.03730178298428655,0.044138545577879995,1.1250301860272884,1.5618370659649372
807936,807936,0.012564968710648827,0.010940828316961415,1.2373145520687103,0.3577885329723358,0.051360549638047814,0.02096188408904709,0.9933889359235764,0.9003580994904041
808960,808960,0.014422878419281915,0.016280915966490284,1.27750089392066,0.4098162017762661,0.08131069203955121,0.03203727863729,1.0581188723444939,0.8967283945530653
809984,809984,0.004299275067751296,0.008986051223473623,1.1744027435779572,0.4642356988042593,0.04622851102612913,0.02748726512072608,1.1059505008161068,0.8452524729073048
811008,811008,0.04496192107035313,0.03250458720140159,1.110653355717659,0.47167974058538675,0.035471721959766,0.03619182709371671,1.1552884485572577,1.100481379777193
812032,812032,0.034760435402859,0.014155149750877172,1.0246275812387466,0.44848777540028095,0.023007841926300898,0.01801341271493584,0.8854666817933321,0.9127127565443516
813056,813056,0.04772351315477863,0.009838045516517013,0.9801008272916079,0.4865155266597867,-0.0047013687290018424,0.009615810151444748,0.5105714909732342,0.643195522017777
814080,814080,0.027648315823171288,0.005527011584490538,1.016511406749487,0.379871460609138,0.00649070244980976,0.007527347741415724,0.6331592435017228,0.2502782163210213
815104,815104,7.665757584618405e-05,0.01464069084613584,0.9315798394382,0.24675578018650413,-0.005691852522431873,0.00709181295678718,1.8137047626078129,0.37092316849157214
816128,816128,0.03816541942069307,0.007638789982593153,1.1770943850278854,0.3430580608546734,0.0022859006421640515,0.0028771418328688014,0.913790418766439,0.3732327825855464
817152,817152,-0.0012269641883904114,0.005967590841464698,1.1197932846844196,0.2493956652469933,0.010792194778332487,0.007328113970288541,0.39114042557775974,0.08516996935941279
818176,818176,0.012409710252541117,0.0009046940376720158,1.0028314180672169,0.20690527744591236,-0.010601442540064454,0.0006231925217434764,0.9909014143049717,0.14439855865202844
819200,819200,0.01764848636230454,0.002518770008464344,1.1324756499379873,0.2801065663807094,0.08932300622109324,0.0030234044570534024,0.9979928843677044,0.9215495269745588
820224,820224,0.018975737417349592,0.01624446891946718,0.8784020822495222,0.3480890104547143,0.04885908216238022,0.016912948747631162,1.5327136758714914,1.494885791093111
821248,821248,0.02915852642036043,0.004464342535356991,0.813365625217557,0.3134798174723983,0.004948255809722468,0.003422514710109681,1.066100058145821,0.2990362658165395
822272,822272,0.011357767099980265,0.002934061860287329,0.8646318856626749,0.23391123721376061,-0.007567003965959884,0.00207176342519233,1.5871358923614025,0.28493429673835635
823296,823296,0.028888627333799377,0.00937950153456768,1.1526701226830482,0.455925184302032,0.03441373130772263,0.008425606953096576,0.05572877882514149,0.3634786428883672
824320,824320,0.03229770265170373,0.012184657214675099,0.9482869785279036,0.3892009099945426,0.04749825579347089,0.007820314014679752,0.08325593138579279,0.5980337550863624
825344,825344,0.020914242515573278,0.03530547075206414,0.8744131624698639,0.31742201652377844,0.08343787834746763,0.01842957964981906,0.08632103027775884,1.53173828125
826368,826368,0.03930852669873275,0.010123411091626622,0.9085327740758657,0.33443676214665174,0.0410915321263019,0.011518129584146664,0.2674252255819738,0.43726921547204256
827392,827392,0.015965287617291324,0.009083032680791803,0.8747416138648987,0.2818292025476694,0.03750314633361995,0.010556641689618118,1.1097616478800774,0.5091170966625214
828416,828416,0.0075114255014341325,0.005898941890336573,0.846230773255229,0.3034702530130744,0.043415451829787344,0.010843717405805364,1.1271823942661285,0.6181864440441132
829440,829440,0.017278817103942856,0.0062709160265512764,0.7774481698870659,0.2700596349313855,-0.013647724845213816,0.006564496252394747,0.6948105301707983,0.44425838999450207
830464,830464,0.012790341046638787,0.027313471742672846,0.7549293749034405,0.2743003754876554,-0.03859768545953557,0.0047015622549224645,1.1906562149524689,0.5731739643961191
831488,831488,0.03285187025903724,0.0025275036605307832,0.9127443134784698,0.39769191294908524,0.006561918358784169,0.0007865598145144759,0.11527234152890742,0.019649883615784347
832512,832512,0.0177253226574976,0.0023590905439050402,0.7865062057971954,0.2232594615779817,0.027251130377408117,0.0037208411376923323,0.1563682220876217,0.044633681303821504
833536,833536,0.011194742051884532,0.0013461694707075367,0.6894835475832224,0.1638073706999421,-7.787594222463667e-05,0.00013511090514839452,0.08581825508736074,0.008300566696561873
834560,834560,0.01748892974865157,0.006185984093463048,0.7052268572151661,0.15915066190063953,0.054065697884652764,0.0038664445964968763,0.35131761198863387,0.21562139107845724
835584,835584,0.016601009672740474,0.027715015487046912,1.1187853049486876,0.4314226256683469,-0.003247509739594534,0.009397199493832886,1.2160769226029515,1.5338494591414928
836608,836608,0.019788247838732786,0.018130621931049973,0.9159213099628687,0.525166742503643,0.1053399090305902,0.025289093144237995,0.4312111008912325,1.5512592233717442
837632,837632,0.021120530902408063,0.0054348355188267305,1.082158675417304,0.46602215245366096,0.02868829946964979,0.008323352070874535,0.11143366596661508,0.6148544065654278
838656,838656,0.025837306355242617,0.005594848335022107,1.225321063771844,0.4834465328603983,0.08812840306200087,0.010300871203071438,0.2868025805801153,1.1204629726707935
839680,839680,0.010900850174948573,0.005643193697324023,1.1012299284338951,0.410112245939672,0.04722475164453499,0.00519414828158915,1.129957290366292,0.3437805329449475
840704,840704,0.025603545509511605,0.025824248819844797,0.9134714119136333,0.2680109431967139,-0.06888790579978377,0.007755004400678445,0.910714965313673,0.21595739503391087
841728,841728,0.04158311564242467,0.017836844635894522,1.1240498051047325,0.37393213901668787,0.04806617263238877,0.028368981613311917,0.5282405335456133,1.5803391970694065
842752,842752,0.059204925142694265,0.012783837883034721,1.1054588072001934,0.4152755066752434,0.06852585743763484,0.017774130217731,0.9739362932741642,1.4555553905665874
843776,843776,0.0034152003936469555,0.00584453550982289,1.0695869997143745,0.2763538616709411,0.04937679381691851,0.001977461268324987,1.3814151228871197,0.47335625311825424
844800,844800,0.026166339259361848,0.010111288604093716,1.0725960433483124,0.3245612271130085,0.05510966759175062,0.013055233910563402,0.427793453913182,0.9280048571527004
845824,845824,-0.008423597493674606,0.010429245521663688,0.9603951703757048,0.2946148980408907,0.02727594002499245,0.009377374110044912,2.195791119709611,0.9777746945619583
846848,846848,0.018922889401437715,0.004878630439634435,1.0622910223901272,0.28167075430974364,0.04505286307539791,0.005907962353376206,2.3284272272139788,0.8663220875896513
847872,847872,0.02187872474314645,0.010983098996803164,0.8317769207060337,0.2803393295034766,0.03879283429705538,0.012645405469811521,0.19060413516126573,0.7802790272980928
848896,848896,0.01339044969790848,0.010082955050165765,1.0043682232499123,0.3044057609513402,0.05904195719631389,0.00482800102327019,0.6671719439327717,0.8100629989057779
849920,849920,0.008539209680748172,0.005518374498933554,1.0380515865981579,0.23254919424653053,0.009649228391936049,0.004560100667731604,0.565346154384315,0.08187491877470165
850944,850944,0.031850595551077276,0.023655856028199196,1.105567703023553,0.48285005893558264,0.03923715130076744,0.005430845863884315,1.266723576001823,0.5122178038582206
851968,851968,0.03186131970142014,0.0019937768192903604,1.1576323211193085,0.4503838447853923,0.03136410520528443,0.009996062944992445,1.4326399266719818,0.7900229841470718
852992,852992,0.03170983781456016,0.0035584847355494276,0.8674298077821732,0.34092861507087946,0.0032735022832639515,0.004425345403433312,0.9195212628692389,0.22621751786209643
854016,854016,0.0070606104854959995,0.004415894833073253,1.0372409578412771,0.2939923610538244,0.04534183282521553,0.0037863866455154493,0.6786554884165525,0.2749151107855141
855040,855040,0.0011114311928395182,0.023506412602728233,0.9044514112174511,0.20614904025569558,0.05745289244805463,0.001968211748135218,1.6211929023265839,0.46010051667690277
856064,856064,0.06313820736249909,0.033952381869312376,1.1409753672778606,0.3974313186481595,0.09763730451231822,0.010914793572737835,1.1356392912566662,1.1231910083442926
857088,857088,0.025795360896154307,0.012237590053700842,1.0690783336758614,0.2865946087986231,0.05254443339072168,0.010933480079984292,1.0496266838163137,0.3968206597492099
858112,858112,0.018445271911332384,0.005771450189058669,1.085299551486969,0.3496892098337412,0.010093012650031596,0.006728317006491125,1.3753981702029705,0.4325616769492626
859136,859136,0.019934690120862797,0.005933651635132264,1.0383437648415565,0.2832868993282318,-0.030361759709194303,0.005340445488400292,0.979977561160922,0.19763695122674108
860160,860160,0.005439114655018784,0.026729209144832566,0.8136441167443991,0.28854030929505825,0.08530961041105911,0.0072234464169014245,2.7226535826921463,1.409276321530342
861184,861184,0.010936245962511748,0.014197427008184604,0.9711777996271849,0.3444420574232936,0.04140158963855356,0.008202799159334973,1.429857037961483,0.9532547704875469
862208,862208,0.008170801243977621,0.004877331601164769,1.0592007096856833,0.3039589114487171,0.03407081391196698,0.00548644462833181,0.767497232183814,0.5388845186680555
863232,863232,0.031224628939526156,0.009044786536833271,1.0962642654776573,0.43981494940817356,0.06754825974348933,0.010701120569137856,0.871209042146802,1.3774809874594212
864256,864256,0.004618706545443274,0.007776515674777329,1.18254778906703,0.4150139633566141,0.09661419596523046,0.014253565765102394,1.480089321732521,0.9914535544812679
865280,865280,0.025680621241917834,0.025081465137191117,0.9304103441536427,0.35763437673449516,0.010128170164534822,0.00854384088597726,1.0213952474296093,0.5817250730469823
866304,866304,0.06348927720682696,0.02050403962493874,1.2155327461659908,0.39837565179914236,0.06784967676503584,0.01266062559443526,0.48012246657162905,1.606914296746254
867328,867328,0.035778312012553215,0.00757019585580565,1.231579765677452,0.34307845775038004,0.08181779709411785,0.011996229368378408,1.2571299839764833,1.0468245949596167
868352,868352,0.0040058293379843235,0.010243552838801406,1.2931648567318916,0.4775460995733738,0.04967028004466556,0.014407236070837826,1.4391340427100658,1.1782879326492548
869376,869376,0.017095447692554444,0.008219156006816775,1.1686538308858871,0.404365967027843,0.048479787685209885,0.012919582484755665,1.331526979804039,0.7033947482705116
870400,870400,0.0018060466973111033,0.016113788646180183,0.9773915391415358,0.5159285049885511,0.08983781523420475,0.01875355505035259,1.44625698402524,1.1776816882193089
871424,871424,0.02723727500415407,0.013334520044736564,1.1923737227916718,0.4026276245713234,0.029951968608656898,0.015206156764179468,0.7812741734087467,0.7809728719294071
872448,872448,0.01003733099787496,0.007388916463241912,1.0275578759610653,0.26335342740640044,0.016895314649445936,0.008095617151411716,1.280467851087451,0.5666336389258504
873472,873472,0.034206080934382044,0.00893481052480638,1.038465453311801,0.33201480843126774,0.003088633413426578,0.003218718040443491,0.9009893611073494,0.89910146035254
874496,874496,0.006224030337762088,0.0038531985956069548,0.9479213114827871,0.21483280742540956,-0.010940052714431658,0.0002710198216391291,1.25681858882308,0.19582093646749854
875520,875520,-0.01766591123305261,0.037248370674205944,0.9613475240767002,0.37225953210145235,-0.04305164178367704,0.003091390179179143,1.3359755463898182,0.4855242231860757
876544,876544,0.05621043736755382,0.02992065332364291,0.9761030878871679,0.4548402577638626,0.05217423535941634,0.014202307749656029,0.47711283527314663,1.9367250204086304
877568,877568,0.023334145545959473,0.009939436145941727,1.0116842687129974,0.2814886188134551,0.06205670433701016,0.002892146683734609,2.7505398839712143,1.029415650293231
878592,878592,-0.0016457029778393917,0.006621168286073953,0.9190090987831354,0.18615423468872905,0.04456890167784877,0.000551200167137722,1.5911667863838375,0.3964912311639637
879616,879616,-0.014861730043776333,0.0018005308138526743,0.9267865587025881,0.17600110732018948,-0.0019493775034788996,0.00013263182574974053,0.22728017857298255,0.024857834563590586
880640,880640,-0.01689600618556142,0.013736078501096927,1.094592109322548,0.3653853219002485,0.051783632166916505,0.005190679163206369,0.2439704891294241,0.5832327231764793
881664,881664,0.01838846202736022,0.009098099006223492,0.8472926076501608,0.24757010070607066,0.05831701337592676,0.007703837953158654,0.9650017926469445,0.9595663230866194
882688,882688,-0.0023318295716308057,0.0037188060086918995,0.7056242860853672,0.1273342538625002,0.019175970752257854,0.0008161405676219147,1.1036398634314537,0.1919831921113655
883712,883712,-0.010828631653566845,0.005666749730153242,0.7633770406246185,0.14974410273134708,0.08778571581933647,0.0036701437184092356,1.493562264367938,0.7510482249781489
884736,884736,0.011088758357800543,0.00787199690239504,0.8044237643480301,0.33437965251505375,0.018209603353170678,0.001196415941194573,1.4149752296507359,0.5146768288686872
885760,885760,0.0267689787724521,0.021104182582348585,1.2124639339745045,0.3999930564314127,0.02283544495003298,0.018563045421615243,0.638012183830142,1.7421186827123165
886784,886784,0.02660729124909267,0.014552289008861408,1.2792690247297287,0.45487746875733137,0.07108974567381665,0.023596257728058845,0.2640645788051188,2.244761474430561
887808,887808,0.016061044647358358,0.01103913303813897,1.349228162318468,0.41584934014827013,0.10668564960360527,0.016594335684203543,0.15979206562042236,1.2258424833416939
888832,888832,0.029796190443448722,0.010929862342891283,1.076915306970477,0.4150151815265417,0.04533301116316579,0.01553383853752166,0.5907825641334057,0.9261328689754009
889856,889856,0.02893055891036056,0.013252428630948998,0.903455313295126,0.2757282564416528,0.053135200520046055,0.017963012272957712,0.7857469767332077,1.7108589485287666
890880,890880,0.04936347345937975,0.04995703464373946,1.0716855861246586,0.46737602166831493,0.0503630600287579,0.02441168820951134,0.8088670559227467,1.8916765451431274
891904,891904,0.024343962446437217,0.02320112002780661,1.1064660996198654,0.3201236044988036,0.06959215174720157,0.015927677130093798,0.8703506737947464,1.386374119669199
892928,892928,0.0215382739843335,0.01063582015922293,1.1068529523909092,0.35023232735693455,0.04150094474607613,0.011547667672857642,0.6993752829730511,0.6438030414283276
893952,893952,0.028275857082917355,0.01047228998504579,1.3558172695338726,0.48454550839960575,0.037908240978140384,0.006267581775318831,1.22910937666893,0.7201210800558329
894976,894976,0.024500004699802957,0.010224291967460886,0.9472337663173676,0.3573366906493902,0.05510492133907974,0.01653865707339719,1.5638356357812881,1.5352306254208088
896000,896000,0.008179225638741627,0.017022331987391226,0.9692281316965818,0.36135964933782816,0.019038308004382998,0.016493255156092346,1.0419083554297686,0.8328843489289284
897024,897024,0.006803110241889954,0.00590809576533502,0.8415167611092329,0.19829882867634296,0.031446579698240384,0.007696970831602812,1.4264097455888987,0.7939832778647542
898048,898048,-0.003400370624149218,0.005411960155470297,0.8761632945388556,0.15671641658991575,0.02261754946084693,0.0007051489383229637,1.127962606959045,0.20236722670961171
899072,899072,-0.00879122749029193,0.0034754947118926793,0.86180704459548,0.15919600380584598,-0.013224658847320825,0.00035145949959769496,0.6586985755711794,0.09085197106469423
900096,900096,-0.00439182051923126,0.017447621998144314,0.8232377395033836,0.15509341610595584,-0.005209008464589715,0.010372903328971006,0.3350968728773296,0.11342934286221862
901120,901120,0.028186767478473485,0.01571429008617997,1.1295811757445335,0.3130305767990649,0.08679663308430463,0.023310368618695065,1.1029151417315006,0.9457795526832342
902144,902144,0.035345953510841355,0.01085908907407429,1.0476482156664133,0.36024774238467216,0.026624002479366027,0.022500166844110936,1.1747263073921204,0.8900504894554615
903168,903168,0.018535064649768174,0.010046604598755948,0.9762782976031303,0.2889665961265564,0.06773218733724207,0.02099122485378757,0.9769715406000614,1.242011945694685
904192,904192,0.012213906651595607,0.007558511781098787,1.0617242027074099,0.31920304149389267,0.06513471316429786,0.016326943965395913,1.512479417026043,0.7439769133925438
905216,905216,0.020496592012932524,0.024222616033512168,0.7553470898419619,0.2628116784617305,0.05154385924106464,0.014565085992217064,1.694656852632761,0.6523712072521448
906240,906240,0.038730448111891747,0.028169176308438182,1.2145917192101479,0.3691637385636568,0.04159014963079244,0.018709466559812427,0.6922630779445171,0.8492675814777613
907264,907264,0.012202414858620614,0.016692337550921366,1.1186770983040333,0.36691522039473057,0.0511818558734376,0.008837416811729781,1.0555258300155401,1.0055146254599094
908288,908288,0.016122409491799772,0.01592037541558966,1.227525781840086,0.37265261169523,0.009636117873014882,0.015424814278958365,0.47061971481889486,1.0820245668292046
909312,909312,0.01778336135612335,0.015901703853160143,1.0165666677057743,0.40216281078755856,0.06873861100757495,0.014114587189396843,0.28903098311275244,1.9318636432290077
910336,910336,0.00913965966901742,0.03580161300487816,1.0198856052011251,0.32606520410627127,0.0756005538860336,0.01632312426227145,0.4664006899110973,1.744888074696064
911360,911360,0.04766049585305154,0.03330821555573493,0.9549440965056419,0.3547402787953615,0.08277395326877013,0.022055051726056263,0.8148693786934018,1.701014705002308
912384,912384,0.016896882909350097,0.019501106318784878,1.180843509733677,0.3547573937103152,0.06686145139974542,0.010642739187460393,0.5895946649834514,1.810502752661705
913408,913408,0.011767083909944631,0.017697853327263147,0.9310127981007099,0.28409244306385517,0.1596731257159263,0.019412011286476627,0.6528686778619885,1.3306550160050392
914432,914432,0.033200782228959724,0.01012487079424318,0.8868189100176096,0.3156477827578783,0.08568318269681185,0.012501562217948958,2.1274983547627926,0.8180670998990536
915456,915456,0.013798786996630952,0.0224029858072754,1.0643336568027735,0.3807302098721266,0.0421628876865725,0.029094307392369956,1.336593173444271,2.2469020262360573
916480,916480,0.0252565081755165,0.009983607043977827,1.1759089417755604,0.3557628709822893,0.04128893476445228,0.01836289608036168,0.8006061185151339,0.9185483884066343
917504,917504,0.0007686010794714093,0.0033248079853365198,0.9134698286652565,0.17837984720245004,0.057927660731365904,0.0018886186053350684,1.7749470584094524,0.4257591553032398
918528,918528,-0.0003235200128983706,0.0027999340600217693,0.8811518233269453,0.142797261942178,-0.012710072449408472,0.00040305481002178567,1.0244300197809935,0.15990353282541037
919552,919552,0.01239025520044379,0.01331312200636603,1.0530639830976725,0.24612669926136732,-0.01516235429153312,0.006315579514193814,1.7584276013076305,0.9471719991415739
920576,920576,0.030729287827853113,0.033523552963742986,1.0141626186668873,0.35055707953870296,0.07523850644065533,0.016604869801085442,1.0515391044318676,1.5822736583650112
921600,921600,0.029332211473956704,0.01570902217645198,1.012931575998664,0.30724221002310514,0.05555055069271475,0.011506958297104575,0.9636310935020447,1.3118037469685078
922624,922624,0.016419274063082412,0.006246609009394888,1.0052279643714428,0.28508129343390465,0.10246740630827844,0.005157461346243508,1.7510776109993458,0.8767918981611729
923648,923648,-0.004400554811581969,0.0029140515907783993,0.9475122783333063,0.14828685577958822,-0.02400467208644841,0.0015514413244090974,1.0077415592968464,0.155011243885383
924672,924672,0.001992647215956822,0.0045967417827341706,1.0419732872396708,0.16525802481919527,-0.04271690212772228,0.001060751716067898,0.9821028150618076,0.1669265329837799
925696,925696,-0.01534138698480092,0.02211313630687073,1.3529699966311455,0.5145514765754342,0.05863362998934463,0.012177353433798999,2.0970807187259197,0.7695334106683731
926720,926720,0.024394081148784608,0.008201881108107045,1.0001141633838415,0.22122842352837324,-0.011972627718932927,0.003169980918755755,0.708757346495986,0.7914528101682663
927744,927744,0.025407807726878673,0.013018132303841412,1.1102969609200954,0.3315836004912853,0.06602657056646422,0.01792213393491693,0.8854881059378386,1.5971633978188038
928768,928768,0.003320193791296333,0.006877361003716942,1.0312802828848362,0.22830604435876012,0.02146933984477073,0.008892840050975792,1.398785576224327,0.8826040215790272
929792,929792,0.030509668664308265,0.012014824664220214,1.1505603417754173,0.29421374946832657,0.06671419806662016,0.011262401574640535,0.8869713675230742,0.7652156986296177
930816,930816,0.026153877115575597,0.03142569656483829,1.1287036873400211,0.375404111109674,0.04515046550659463,0.032631764945108443,1.1744105070829391,1.45516262575984
931840,931840,0.029994456795975566,0.020918340102070943,1.1305814161896706,0.33594775665551424,0.03821634384803474,0.014977992337662727,0.8757006898522377,1.161557398736477
932864,932864,0.026972558203851804,0.007606110084452666,1.0744229778647423,0.36464936286211014,0.07478948915377259,0.007970046979608014,1.182309165596962,0.9362539816647768
933888,933888,0.011009153735358268,0.0033325390686513856,0.9615424424409866,0.2762946281582117,0.03546005998214241,0.0036232212332834024,1.4232552982866764,0.4776100730523467
934912,934912,0.021450291766086593,0.002009160438319668,0.8365840967744589,0.2852746183052659,-0.014786089916015044,9.851728191279108e-05,1.1574856005609035,0.17438490083441138
935936,935936,0.039093808649340644,0.034055048890877515,1.1865569241344929,0.5707617439329624,0.04876239984878339,0.018066273594740778,1.1569984331727028,2.034006703644991
936960,936960,0.04270888018072583,0.016538837720872834,1.2480752021074295,0.4417074481025338,0.06067032253486104,0.016269536630716175,1.1207728311419487,1.7016349211335182
937984,937984,0.03847850393503904,0.011779735883465037,1.1769224517047405,0.3726637866348028,0.0992760689696297,0.016300781280733645,0.9612593352794647,2.5349081084132195
939008,939008,0.009636473463615403,0.0052589806145988405,0.8956458698958158,0.3126089940778911,0.10169880330795422,0.008510704225045629,1.1897995118051767,0.6100998315960169
940032,940032,0.00470605690497905,0.01219119671441149,0.8860088381916285,0.27417601784691215,0.01468572492012754,0.007188720162957907,1.449614018201828,0.5169855626299977
941056,941056,0.0030033679795451462,0.014541721015120856,1.0904560312628746,0.32886829879134893,0.029870903730625287,0.014428964408580214,0.6972378976643085,1.3493386209011078
942080,942080,-0.003152626915834844,0.004336290643550456,0.7893455307930708,0.16812181053683162,0.05501104437280446,0.002084023173665628,1.6634451672434807,0.4085399219766259
943104,943104,-0.006691179791232571,0.0027172508234798443,0.7745479810982943,0.17312190309166908,-0.005755341611802578,0.0039544528308397275,1.6235754191875458,0.470243601128459
944128,944128,0.0026321720142732374,0.011884625942911953,0.9646395705640316,0.29054881166666746,0.09145033429376781,0.012827020123950206,1.4983270168304443,1.1450618766248226
945152,945152,0.02182557975174859,0.022073035448556766,0.8288871198892593,0.24038460804149508,0.0255335156689398,0.0121427772246534,1.090458856895566,1.0031610652804375
946176,946176,0.037283752870280296,0.018529022461734712,1.113718019798398,0.46703821141272783,0.08181709598284215,0.014762702863663435,0.8464948842301965,2.0258718095719814
947200,947200,0.007999941386515275,0.00854457521927543,1.1032840479165316,0.24600933073088527,0.0321465598535724,0.0061254010506672785,1.676006007939577,0.710377654992044
948224,948224,0.024474655045196414,0.012375107209663838,1.0039553474634886,0.2492086156271398,0.11347093572840095,0.009318845528468955,1.4076979421079159,1.8918874710798264
949248,949248,-0.006700732279568911,0.010018834786023945,0.9665895998477936,0.14059431431815028,0.008077639664406888,0.003939568501664326,1.3564053270965815,0.27038334868848324
950272,950272,-0.0027510993095347658,0.023092258372344077,0.937313312664628,0.20327582163736224,0.09176601737271994,0.01214349597285036,2.750061009079218,1.622463844716549
951296,951296,-0.007850115769542754,0.003489527643978363,0.9005066715180874,0.17336086835712194,-0.006445486797019839,0.005630197127175052,2.0359517205506563,0.5151045117527246
952320,952320,0.016314852837240323,0.012877898087026551,0.8857073206454515,0.2749377773143351,0.10055392951471731,0.023886577371740714,1.311346910893917,2.157390560954809
953344,953344,-0.0031435305281775072,0.011352804212947376,0.9015962313860655,0.158309955149889,-0.018793071125401184,0.001030926029670809,1.0256573744118214,0.16782087413594127
954368,954368,0.0031078880128916353,0.0035765699249168392,0.8577408343553543,0.1281134916935116,-0.045889127475675195,0.0003914453320703615,1.0816522371023893,0.17803887883201241
955392,955392,-0.02079714203136973,0.011347391555318609,0.9110296797007322,0.2622121167369187,-0.03256140640587546,0.004990195695427246,1.1612126855179667,0.39564254228025675
956416,956416,0.0056022814533207566,0.006405454456398729,1.0944385044276714,0.2940221056342125,0.1360757234506309,0.009890877394354902,2.170344490557909,1.8175950311124325
957440,957440,0.029794529182254337,0.017579142237082124,0.9719411283731461,0.3546740161255002,0.12637344747781754,0.017839344509411603,0.7438091970980167,2.626750648021698
958464,958464,0.03382578180753626,0.01431370533828158,1.2103752307593822,0.37723944149911404,0.07079693343257532,0.013498116051778197,0.5640129009261727,1.6583522632718086
959488,959488,0.009542311687255278,0.010710543545428663,0.9519414380192757,0.23553399462252855,0.034774115250911564,0.009743074377183802,1.1562059596180916,0.7889865860342979
960512,960512,0.0005218933074502274,0.025891737488564104,1.0039762519299984,0.25737343821674585,0.06719614268513396,0.013067728083115071,0.847559867426753,0.8524684272706509
961536,961536,0.02960785385221243,0.015145236742682755,1.062299620360136,0.3472125567495823,0.025813975604251027,0.023026403796393424,0.42031336575746536,1.121925164014101
962560,962560,-0.004520432252320461,0.008313351499964483,1.0000258404761553,0.21560471737757325,-0.005358071706723422,0.004445298869541148,0.7043814668431878,0.12712061003549024
963584,963584,0.006525825301650912,0.0031215312628773972,1.065226249396801,0.21264426782727242,0.0051447784644551575,0.0011300175683572888,0.8494556788355112,0.1409078361466527
964608,964608,-0.021904452049057,0.0011598297260206891,0.9858075641095638,0.18095924379304051,-0.008671899850014597,0.00027076986953034066,1.229960411787033,0.18852090113796294
965632,965632,0.004775014385813847,0.013043721715803258,0.8512351661920547,0.22075611865147948,0.030165436532115564,0.012106753420084715,0.7630781959742308,0.7181291524320841
966656,966656,-0.000939621269935742,0.004741118376841769,0.9712533820420504,0.2739705885760486,0.03537290194071829,0.008392446703510359,1.6972659602761269,0.7511403877288103
967680,967680,0.01907383420621045,0.002399423052338534,1.00355813652277,0.28953245747834444,0.0012946416100021452,0.003274376333138207,1.2509402260184288,0.2794091165997088
968704,968704,0.01451930777693633,0.004175748832494719,0.8322095330804586,0.1554116727784276,0.03743728040717542,0.005770322772150394,2.2064176499843597,0.8684786707162857
969728,969728,0.007408717661746778,0.008432032715063542,1.032865360379219,0.35730159655213356,0.08082756149815395,0.024326325190486386,0.39623668044805527,0.8040966764092445
970752,970752,0.00688582516158931,0.03215766043285839,1.24911904707551,0.3142796456813812,0.01616576759261079,0.018297147849807516,1.6955650188028812,1.6304057575762272
971776,971776,0.0077361926378216594,0.013584655476734042,1.1262034252285957,0.31885884795337915,0.060108685574959964,0.018562038807431236,1.4043821953237057,1.699152298271656
972800,972800,0.029347996533033438,0.011244567227549851,1.0398654397577047,0.3322087712585926,0.0810180697881151,0.01671615123632364,1.262704037129879,1.879500761628151
973824,973824,0.02886661369120702,0.009914502705214545,1.057142747566104,0.3430867474526167,0.07468406192492694,0.019618042453657836,1.121718019247055,1.5549497716128826
974848,974848,0.03163322067121044,0.010038156469818205,0.8825304955244064,0.3387035122141242,0.146619533887133,0.015181168331764638,0.8448871336877346,1.7895700335502625
975872,975872,0.039075730615877546,0.05173287319485098,1.188243743032217,0.4397437712177634,0.07794174598529935,0.024440287670586258,1.1202910169959068,2.8849223777651787
976896,976896,0.015754878899315372,0.021721206401707605,1.0906215123832226,0.24720081174746156,0.0824977234005928,0.016113701392896473,0.7631443273276091,1.8308916799724102
977920,977920,0.00823955521627795,0.012987418580451049,0.9562884774059057,0.28778628073632717,0.01948192430427298,0.005645696321153082,1.22504822909832,0.5675894059240818
978944,978944,0.009531295363558456,0.0077350453357212245,0.9358105659484863,0.35895809531211853,0.08787202998064458,0.006972968767513521,1.044463511556387,1.2904622107744217
979968,979968,0.013653981586685404,0.00507449633005308,0.9795962460339069,0.30476533994078636,0.022362378134857863,0.007266520944540389,0.5889836121350527,0.936789570376277
980992,980992,0.019890906201908365,0.025680777558591217,0.8739033043384552,0.2984307133592665,0.05242406245088205,0.021228147932561114,1.603850830346346,1.8323787227272987
982016,982016,0.012775567214703187,0.0032889998983591795,0.695040600374341,0.2898040097206831,-0.009276886325096712,0.0021709942780034908,0.5676473025232553,0.22109327162615955
983040,983040,-0.001111341902287677,0.0025453628768445924,0.5943567790091038,0.1963486047461629,-0.01705056056380272,0.0012617440252142842,0.9009029511362314,0.1301525558810681
984064,984064,-0.00017831195145845413,0.007194888552476186,0.6367871202528477,0.21914216177538037,0.026196992956101894,0.005215990357100964,2.3279062770307064,0.8519324585795403
985088,985088,0.0065160098019987345,0.02172671045991592,0.7968123443424702,0.24936338840052485,0.04958139979862608,0.007529481750680134,2.9766778349876404,1.4004899822175503
986112,986112,0.04274363009608351,0.022465167829068378,1.2523583732545376,0.39484912902116776,0.030074500798946247,0.014510796638205647,0.1369085086043924,4.096588343381882
987136,987136,0.008666444933624007,0.01626846767612733,1.1767525598406792,0.3517983742058277,0.11435007478576154,0.018695016799028963,1.3247140869498253,3.3218465372920036
988160,988160,0.022296582719718572,0.015197764034382999,0.9618667494505644,0.3337530540302396,0.13308855664217845,0.01884612932917662,0.8424457367509604,3.6639790683984756
989184,989184,0.008048849544138648,0.011260775238042697,0.9667231049388647,0.21508887503296137,0.07717113292892464,0.01550158960162662,0.9049717448651791,2.0346182361245155
990208,990208,-0.0015332633338402957,0.017926508720847778,0.7766266819089651,0.2618549526669085,0.09932076628319919,0.015022399718873203,2.071431051939726,1.751802947372198
991232,991232,0.02813353229430504,0.01974471492576413,1.0425882376730442,0.3511889036744833,0.09548101658583619,0.02007169369608164,0.9378020353615284,1.6764358319342136
992256,992256,0.015470784739591181,0.01309244186268188,1.053793754428625,0.3355162823572755,0.03955341925029643,0.012342084548436105,0.4602340226992965,1.9030145443975925
993280,993280,0.01393181316962,0.007083627002430148,1.1664736475795507,0.26346309296786785,0.13479279959574342,0.008381199106224813,0.764873971696943,1.0672386921942234
994304,994304,0.013935705763287842,0.012520650023361668,0.9542618915438652,0.21599879069253802,0.058344378718174994,0.016456908750114962,1.2715384140610695,1.267145898193121
995328,995328,0.016169869209988974,0.02073302833014168,0.8510251492261887,0.2867129882797599,0.02836590082733892,0.00909698399482295,0.6145890112966299,0.9964353609830141
996352,996352,0.0010177804215345532,0.00701071934599895,1.0338619742542505,0.23098928993567824,0.004446167295100167,0.006450368178775534,0.7651206403970718,0.5712753003463149
997376,997376,-0.0013252946373540908,0.0036950696958228946,0.9265755414962769,0.15826150821521878,-0.0053553947363980114,0.0017385777791787405,1.3511263504624367,0.2585795782506466
998400,998400,0.01867493474856019,0.0072313028140342794,0.8947131838649511,0.23581686429679394,0.04211247997591272,0.011477215331979096,1.5452648997306824,1.036777226254344
999424,999424,0.012396237492794171,0.005614099485683255,0.7529568169265985,0.2568645002320409,0.0030651695851702243,0.00484869594220072,0.670193868689239,0.31156725576147437
1000000,1000000,-0.003038253627892118,0.02968627786322031,0.6704229693859816,0.16746239783242345,0.0734535870142281,0.004512469528708607,0.4279720291495323,0.26150850355625155
