step,agv_actor_loss,agv_value_loss,agv_entropy,agv_approx_kl,pick_actor_loss,pick_value_loss,pick_entropy,pick_approx_kl,agv_grad_norm,pick_grad_norm
1024,0.15901818545535207,0.0883551558945328,4.575583577156067,1.622162390500307,0.20424992335028946,0.07183394802268595,4.462263010442257,1.6060695890337229,1.3238431955687702,1.6087234085425735
2048,0.14773434144444764,0.08365007839165628,4.153936825692654,1.2165825553238392,0.13078769977437332,0.03298266913043335,3.506780594587326,1.0752558559179306,0.41591445729136467,0.5149405780248344
3072,0.08268286488601007,0.081943683559075,3.5191439241170883,0.7431657463312149,0.08701976355223451,0.03681134234648198,2.815564326941967,0.5837478721514344,0.3855450237169862,0.4377811071462929
4096,0.08757257647812366,0.051298423553816974,3.470339022576809,0.6968597713857889,0.04463754381868057,0.010712930466979742,2.5670639723539352,0.43569824006408453,0.4628284489735961,0.3674753070808947
5120,0.057389915571548045,0.0365741245332174,3.6331175789237022,0.7299964539706707,0.01826458945288323,0.01554594143817667,2.246989905834198,0.3335590725764632,0.3054276402108371,0.36737046856433153
6144,0.045742873509880155,0.03282582206884399,3.170873023569584,0.5429205363616347,0.038950956281041726,0.014951418910641223,2.4346425980329514,0.4132591560482979,0.2988666049204767,0.38324429420754313
7168,0.041341757838381454,0.0724327884381637,3.487364538013935,0.7216738387942314,0.028912713984027505,0.0331335382652469,2.7930558547377586,0.5474743591621518,0.3473915853537619,0.3820054493844509
8192,0.044296651147305965,0.07007697236258537,3.108844503760338,0.5673525407910347,0.03404114225122612,0.01769937772769481,2.6135798171162605,0.4416457246989012,0.4127385183237493,0.3727334444411099
9216,0.03703776266775094,0.05596595408860594,2.9090406224131584,0.49947087187319994,0.031652347825001925,0.02166852733353153,2.49152834713459,0.41158592980355024,0.42420192481949925,0.5045647700317204
10240,0.024771769327344373,0.1051578177139163,3.082100309431553,0.6120641017332673,0.022951493097934872,0.01989521826908458,2.8107474371790886,0.6598620237782598,0.7070170985534787,0.43292620126158
11264,0.05702857911819592,0.11555888503789902,2.74726889282465,0.45278358459472656,0.025072628719499335,0.026866580737987533,2.4165234714746475,0.473288138397038,0.6617487892508507,0.42512722965329885
12288,0.04108735092449933,0.082598693552427,2.9311369732022285,0.4627765854820609,0.033069004595745355,0.016607472847681493,2.854455292224884,0.9444099441170692,0.5066059799864888,0.34996948996558785
13312,0.029766650521196425,0.08369406184647232,2.777912825345993,0.39675476029515266,0.03144877729937434,0.02421053624129854,2.9489131197333336,0.9436662495136261,0.48763223411515355,0.4004742060787976
14336,0.023764334044244606,0.06629019847605377,2.7538792937994003,0.3851197361946106,0.0438070697709918,0.018462436506524682,2.7620569840073586,0.736060842871666,0.42623163387179375,0.45947843277826905
15360,0.04171773865527939,0.0774423839757219,2.7367345318198204,0.389376163482666,0.07324877093196847,0.02517391202854924,2.815925858914852,0.6029437445104122,0.6382165271788836,0.5646164687350392
16384,0.019328339549247175,0.11110531771555543,2.715626299381256,0.3866410292685032,0.029644771420862526,0.03142547031166032,3.1445773541927338,0.7567514069378376,0.48354299925267696,0.4308438375592232
17408,0.03400868581957184,0.09728346159681678,2.5589039474725723,0.3577802339568734,0.031244067067746073,0.02352223842171952,2.5702763497829437,0.5291938623413444,0.485331148840487,0.5722755677998066
18432,0.026030704073491506,0.0899715528357774,2.7037780433893204,0.4092785678803921,0.06113434085273184,0.023450312204658985,2.935598276555538,0.7423250302672386,0.3924974584951997,0.5643229857087135
19456,0.027331720950314775,0.0695147457299754,2.597141034901142,0.385047554038465,0.042842002148972824,0.01766320328169968,3.0332398116588593,0.8167662434279919,0.41601461358368397,0.5696829352527857
20480,0.02335332179791294,0.10081614542286843,2.7486052066087723,0.42917846236377954,0.014607938413973898,0.03773971469490789,2.9773905351758003,1.0034271776676178,0.5601844163611531,0.8171622110530734
21504,0.038820828893221915,0.1193613326177001,2.7585118114948273,0.3906565625220537,0.05779706257453654,0.024932499101851135,2.6246563866734505,0.6734281470999122,0.6136021427810192,0.6490934118628502
22528,0.022075494591263123,0.0891502610174939,2.6257886588573456,0.35420668311417103,0.028000043763313442,0.01444381162582431,2.6861471608281136,0.5710962899029255,0.544843228533864,0.5004700785502791
23552,0.02481313969474286,0.11635136092081666,2.6258833557367325,0.3687932984903455,0.048103516339324415,0.01939388972823508,2.9036054238677025,0.6119104055687785,0.6975650852546096,0.6963123632594943
24576,0.03506386184017174,0.07951306761242449,2.590381607413292,0.36308223009109497,0.02350064885104075,0.013996977882925421,2.9320397451519966,0.7133526289835572,0.6522098006680608,0.47475619427859783
25600,0.022287360450718552,0.12785972631536424,2.7313322871923447,0.40781994350254536,0.043968382611637935,0.03839026705827564,3.084593988955021,0.810025941580534,0.4884524568915367,0.7275278642773628
26624,0.03547721961513162,0.07941403251606971,3.000216066837311,0.47262101899832487,0.08437122928444296,0.021953473857138306,3.122654564678669,0.7895209603011608,0.44841372314840555,0.9140457604080439
27648,0.04792302649002522,0.0767589519964531,3.155647411942482,0.5542895067483187,0.02655641094315797,0.01673145152744837,2.9721625074744225,0.692563846707344,0.44161601457744837,0.7801795657724142
28672,0.03628955173189752,0.09982014028355479,3.144870474934578,0.5637349346652627,0.054828456428367645,0.02897783342632465,3.3563040643930435,1.0174976643174887,0.6131830401718616,0.8884967425838113
29696,0.04823362010938581,0.06153749779332429,3.0935507714748383,0.5707805706188083,0.029418464080663398,0.014037416360224597,3.093872718513012,0.8367422912269831,0.45330963656306267,0.7098681917414069
30720,0.04018606021418236,0.06283189856912941,3.173874869942665,0.6105249524116516,0.08314311179856304,0.012789770815288648,3.325823687016964,0.8806260749697685,0.4007725138217211,1.0766836060211062
31744,0.046427294553723186,0.06419799907598644,3.110241189599037,0.551344882696867,0.0653878056909889,0.015409221989102662,3.156942844390869,0.8058178946375847,0.4004295328631997,0.8215020094066858
32768,0.04347775477799587,0.05147992254933342,3.1254252269864082,0.5539488457143307,0.019487023528199643,0.014220984681742266,3.2393883019685745,1.0205232184380293,0.3671245416626334,0.5512978481128812
33792,0.040650564013049006,0.10053715296089649,3.1214608773589134,0.542498935945332,0.04171570233302191,0.03441494778962806,2.858705513179302,0.7470288202166557,0.42811514530330896,0.9145504096522927
34816,0.028959501767531037,0.06697578448802233,3.0182821452617645,0.5277667501941323,0.0371518864412792,0.017237187523278408,2.371898915618658,0.5167247531935573,0.461579367518425,0.868364735506475
35840,0.03271244466304779,0.1257365986239165,3.2955795228481293,0.5973216872662306,0.029206919236457907,0.025734018970979378,3.035038322210312,0.8227376006543636,0.5606851521879435,0.7455713981762528
36864,0.03552846425736789,0.08212605456355959,3.153184659779072,0.5440850770100951,0.06247822099248879,0.014861334624583833,2.936105355620384,0.8361212173476815,0.4879497541114688,0.9069812865927815
37888,0.028880317899165675,0.10456220712512732,2.814901754260063,0.41367790196090937,0.018209557776572183,0.02196127804927528,2.6084831431508064,0.6321759503334761,0.49209620151668787,0.7976505430415273
38912,0.026156682215514593,0.10999234090559185,3.1147365421056747,0.5199848478659987,0.024755166668910533,0.019958776218118146,2.8562597036361694,0.6877683429047465,0.5264101792126894,0.7558521302416921
39936,0.02445511013502255,0.08973059803247452,3.2712716162204742,0.6108279079198837,0.04397998366039246,0.02029786177445203,2.9067584946751595,0.7156124357134104,0.5412507876753807,0.7361926818266511
40960,0.029047969299426768,0.10248538851737976,2.7807123214006424,0.4428347321227193,0.03431154630379751,0.026055011490825564,2.3414555191993713,0.4519627746194601,0.49868729151785374,1.171914080157876
41984,0.054552054425585084,0.04064180376008153,3.56176645308733,0.6940747871994972,0.0391174429532839,0.014417491722269915,3.1241452768445015,0.7793729463592172,0.4945817366242409,0.8534651566296816
43008,0.047089261846849695,0.05149312491994351,3.2737442776560783,0.5448500895872712,0.0223787353024818,0.01610754823195748,2.5675441920757294,0.518948501907289,0.6088242763653398,0.7720925230532885
44032,0.03980471770046279,0.054136781371198595,3.4171551764011383,0.6116198562085629,0.029626142175402492,0.017781906382879242,2.5797354616224766,0.6101218499243259,0.5484557365998626,0.7115024533122778
45056,0.022153135316330008,0.05550690833479166,3.0550036430358887,0.6077108597382903,0.021420810342533514,0.014834981091553345,3.10702895373106,0.9180561788380146,0.5967679363675416,0.7971003409475088
46080,0.023385434004012495,0.08843187952879816,3.455425649881363,0.7305420245975256,0.058873772621154785,0.01955727700260468,3.504301890730858,1.3817586936056614,0.6387992026284337,0.6755769615992904
47104,0.04242935235379264,0.06693871167954057,3.0711368694901466,0.5525962943211198,0.025217360016540624,0.019701267490745522,2.5934640653431416,0.682965156622231,0.5706935785710812,0.7063932530581951
48128,0.027379751350963488,0.09657100681215525,3.4805055633187294,0.6690084338188171,0.03068549683666788,0.027829268656205386,3.3360120579600334,1.263249821960926,0.5555327711626887,0.8565575713291764
49152,0.05128991027595475,0.0658345747506246,3.174617387354374,0.6199509687721729,0.027665718836942688,0.01698892452986911,3.213428385555744,0.9046116322278976,0.6533231399953365,0.8746643075719476
50176,0.02209078050509561,0.14280736655928195,3.1479402258992195,0.5897119985893369,0.018165744841098785,0.03997609589714557,2.17134578153491,0.49513379856944084,0.617415489628911,1.508221359923482
51200,0.04548519552918151,0.12992778653278947,3.0240204110741615,0.5361520238220692,0.0732459505670704,0.017131161759607494,2.8400616124272346,0.9009480457752943,0.7288103373721242,0.9126563891768456
52224,0.028147180564701557,0.0492161363363266,2.982113353908062,0.5195800997316837,0.05837051701382734,0.01199576776707545,2.9579888433218002,0.6971035338938236,0.46746576856821775,0.7630274593830109
53248,0.02438477470423095,0.08296234195586294,3.233581304550171,0.5722150951623917,0.0409897668287158,0.02096224867273122,2.994111031293869,0.813038095831871,0.6597644444555044,0.7765420554205775
54272,0.04375632762094028,0.06471801339648664,3.476055234670639,0.7712808828800917,0.0564204984693788,0.017836501298006624,2.8889249935746193,0.5663061430677772,0.5249962592497468,0.9499323628842831
55296,0.05879393464419991,0.06051397731062025,3.354351855814457,0.6256974320858717,0.04668021580437198,0.014443982421653345,2.6208926290273666,0.5214047683402896,0.5697117643430829,0.9013948459178209
56320,0.03405784341157414,0.08704788074828684,3.6819389536976814,0.8246650863438845,0.01892929019231815,0.013810326810926199,2.4574488140642643,0.614433228969574,0.5850194953382015,0.8189276326447725
57344,0.04861770092975348,0.07358956465031952,3.463928669691086,0.6570299156010151,0.018851787739549764,0.012776646472048014,2.38813304528594,0.5729156257584691,0.6268893079832196,0.6962810568511486
58368,0.029000446549616754,0.08655093132983893,3.606232911348343,0.6800944823771715,0.04904716182500124,0.018040956943877973,2.8129318058490753,0.7917120680212975,0.6307716714218259,0.7515083160251379
59392,0.038326794892782345,0.06439685623627156,3.058242619037628,0.4415403250604868,0.02791542382328771,0.01191360292432364,2.6508473306894302,0.6997152548283339,0.5922872237861156,0.6886279433965683
60416,0.033720560822985135,0.0751145106041804,3.4102735742926598,0.640133835375309,0.031129238166613504,0.021425825514597818,2.7992201074957848,0.7074339604005218,0.6110995886847377,0.9274140577763319
61440,0.03500732827524189,0.07894725899677724,3.559844948351383,0.5722174365073442,0.03646560775814578,0.01190938126819674,3.0946667194366455,0.7860158141702414,0.6837344374507666,0.799806765280664
62464,0.024885562277631834,0.046664402761962265,3.3027021437883377,0.5756869241595268,0.050733449606923386,0.009592537768185139,2.1569479554891586,0.42705472372472286,0.6360386572778225,0.9134100656956434
63488,0.03171070743701421,0.051722242846153677,3.1428141370415688,0.4992540189996362,0.004320745298173279,0.011351371183991432,2.656767927110195,0.9740019906312227,0.576179176568985,0.7384630301967263
64512,0.025984399107983336,0.07064378669019789,3.286435402929783,0.5737113002687693,0.06505810969974846,0.01398928755952511,2.6990240663290024,0.6427562739700079,0.6268412340432405,0.9145563887432218
65536,0.032836307713296264,0.04570292925927788,3.5133818313479424,0.6967022977769375,0.037431309261592105,0.012234570385771804,2.7574294954538345,0.5736936517059803,0.6145108947530389,0.8442044807597995
66560,0.02421640243846923,0.04719903675140813,3.492083892226219,0.7511915639042854,0.023215395456645638,0.012147064786404371,2.571359634399414,0.5959005998447537,0.610571994446218,1.0195231419056654
67584,0.05013131440500729,0.08566561248153448,3.587709464132786,0.7383706662803888,0.023029703239444643,0.02169681081431918,3.1255386993288994,1.0302346106618643,0.7771626263856888,0.9414437217637897
68608,0.04510509461397305,0.07828943466302007,3.5922183990478516,0.6506246477365494,0.05813091230811551,0.018760417267913,2.9224546030163765,0.8016167115420103,0.7129699625074863,0.9207107219845057
69632,0.040370467613684013,0.0908240006538108,3.4317081794142723,0.5944497268646955,0.03552365172072314,0.012728788729873486,2.5338944494724274,0.5147806219756603,0.6603032341226935,0.9613907039165497
70656,0.017948290740605444,0.11978891864418983,3.7670570611953735,0.8184761051088572,0.03626160358544439,0.023475411668187007,2.7043290808796883,0.6056971196085215,0.7783785853534937,1.1721995156258345
71680,0.020300357951782644,0.08347850723657757,3.532529816031456,0.6933695375919342,0.03832862852141261,0.02061119710560888,2.43905658274889,0.5339316306635737,0.8497358467429876,1.0312888454645872
72704,0.028704629236017354,0.04835037427255884,3.7177916765213013,0.8772811405360699,-0.004539290093816817,0.011280698410701007,2.4775422252714634,0.559867481701076,0.6914372937753797,0.8963098749518394
73728,0.046191807647119276,0.05329841090133414,3.9643187075853348,1.0591467190533876,0.06157082979916595,0.01827762433094904,3.134822256863117,0.6904904758557677,0.5452474001795053,1.0253172852098942
74752,0.030306368993478827,0.10510595259256661,3.7335180789232254,0.8393417336046696,0.045402804971672595,0.020998131047235802,2.8510468304157257,0.6408226992934942,0.7911686832085252,1.3532627020031214
75776,0.032437596761155874,0.07128583767917007,3.8348675072193146,1.177860051393509,0.032345887419069186,0.013627131789689884,2.6942952796816826,0.5812629386782646,0.6525589982047677,1.1091317804530263
76800,0.039389947487507015,0.07808335835579783,3.900489240884781,1.1236450150609016,0.039057899528415874,0.01590035585104488,2.939880609512329,0.7805078513920307,0.7154376888647676,0.887659665197134
77824,0.036227051430614665,0.08121533505618572,3.4102970957756042,0.5747387018054724,0.018910216982476413,0.024851841299096122,2.828033432364464,0.6838384661823511,0.758317326195538,1.1373839415609837
78848,0.025170617023832165,0.0776545787230134,3.675949066877365,0.867949016392231,0.06267708103405312,0.02237164822872728,2.813488431274891,0.7441373951733112,0.8203739281743765,1.1152910813689232
79872,0.03587555084959604,0.045917756855487823,3.787337303161621,0.8324713557958603,0.048587853481876664,0.012857644207542762,3.0746833756566048,0.7879983354359865,0.8465700969099998,1.2230683751404285
80896,0.03700981830479577,0.08979878819081932,3.7856079787015915,0.8100346308201551,0.09214821748901159,0.015281060535926372,3.053760513663292,0.8721908815205097,0.7209010124206543,1.1131366267800331
81920,0.047109909035498276,0.05370700091589242,3.7415989711880684,0.8380803372710943,0.008242719108238816,0.009212383753038011,2.5242933481931686,0.6008426314219832,0.8732195906341076,0.6352423075586557
82944,0.040007324583712034,0.06848618644289672,3.708867870271206,0.8069756515324116,0.04688846075441688,0.02133771317312494,3.190230943262577,0.8972732555121183,0.7411346537992358,1.1085535790771246
83968,0.02430597724742256,0.10171810211613774,3.4713075533509254,0.5505799893289804,0.038448181352578104,0.026619447919074446,2.721890188753605,0.7898455411195755,0.7107108412310481,1.2444169484078884
84992,0.054091674683149904,0.09009394038002938,3.722138613462448,0.8383804187178612,0.05524189426796511,0.017220219771843404,3.23854548484087,0.8754423707723618,0.7054990660399199,1.275082305073738
86016,0.03646010403463151,0.08961979567538947,3.239492118358612,0.5717424843460321,0.03444422717439011,0.01746805920265615,2.828497253358364,0.7414252087473869,0.6331893112510443,1.031179627403617
87040,0.03267181932460517,0.11755744856782258,3.500673398375511,0.638413755223155,0.04640233254758641,0.024416947620920837,2.5434277579188347,0.5750198131427169,0.8073499854654074,1.6095259059220552
88064,0.036865170375676826,0.08116446214262396,3.6195011660456657,0.7280032746493816,0.037755172088509426,0.008736495758057572,3.018135115504265,0.7346671633422375,0.8028354123234749,1.090521459467709
89088,0.043460187218443025,0.08493766270112246,3.3729434683918953,0.5672864597290754,0.05278459195687901,0.016738306498154998,2.1738947853446007,0.3934739092364907,0.6773062841966748,1.2061672825366259
90112,0.012145315209636465,0.06760396808385849,3.480756677687168,0.6575043238699436,0.022907478851266205,0.013316211799974553,2.5180558562278748,0.48868190962821245,0.6654456770047545,0.9902211669832468
91136,0.023240301132318564,0.05092500557657331,3.841223858296871,0.9989104904234409,0.00838726302026771,0.011457646236522123,2.488531030714512,0.4925596360117197,0.6526142125949264,1.0510250991210341
92160,0.018256460709380917,0.1032045311294496,3.633402220904827,0.8389808554202318,0.04401254712138325,0.02177071457845159,2.7502349093556404,0.6536759454756975,0.7131215203553438,1.2302755881100893
93184,0.036427549057407305,0.07883005368057638,3.3649588152766228,0.6633733846247196,0.05941115680616349,0.014158908335957676,3.0462099239230156,0.8053796272724867,1.0803161766380072,0.8255550190806389
94208,0.034307302892557345,0.1135477980133146,3.3781565725803375,0.6299200169742107,0.02656076950370334,0.01854444429045543,2.6103019192814827,0.5848594903945923,0.8848492093384266,0.9210538789629936
95232,0.02119217142171692,0.06783560861367732,3.28890710324049,0.6185847241431475,0.04905700284871273,0.011658239774988033,2.927842229604721,0.6548253539949656,0.7213276419788599,0.8206344163045287
96256,0.023965849948581308,0.06289155990816653,3.483641780912876,0.6710445629432797,0.03786582703469321,0.010112470299645793,3.0991492569446564,0.9398786015808582,0.7001455342397094,1.0193582493811846
97280,0.03929689186043106,0.07716513983905315,3.4712511524558067,0.7091757878661156,0.07289382637827657,0.019548645184841007,3.5373299345374107,1.0376512054353952,0.803682716563344,1.0153318382799625
98304,0.0352255956386216,0.09078572457656264,3.7740617021918297,0.9267321471124887,0.0722596718405839,0.017370458168443292,3.327574633061886,0.8942824546247721,0.7681162459775805,1.1945674968883395
99328,0.025567403339664452,0.10170726210344583,3.6952155977487564,0.7858507856726646,0.04064900186494924,0.015117056580493227,3.4206141233444214,1.130809709429741,0.8749230559915304,0.9610417373478413
100352,0.013371150242164731,0.1099110689247027,3.7945412173867226,0.9508122876286507,0.06358225672738627,0.017935456446139142,3.265226788818836,1.0270846504718065,0.7026293016970158,1.1828936655074358
101376,0.017153959051938727,0.08314602880273014,3.7236433550715446,1.0137739311903715,0.06861479865619913,0.012325954594416544,3.551073282957077,1.1981958262622356,0.7336601940914989,0.8579776119440794
102400,0.02865867328364402,0.10006620502099395,3.7026359513401985,0.9058612063527107,0.030380402866285294,0.020346700825029984,2.923476204276085,0.7147498913109303,0.8967547602951527,1.3370291870087385
103424,0.01087346495478414,0.08525281061884016,3.6098499596118927,0.7863057758659124,0.043337184441043064,0.0161819361965172,2.5599076226353645,0.6259654145687819,0.7900338750332594,1.0635464396327734
104448,0.016416555212344974,0.09647369442973286,3.704783596098423,0.9958382714539766,0.03923659952124581,0.02175323778646998,2.896991938352585,0.7834943048655987,0.8264901367947459,0.9407986085861921
105472,0.01587373626534827,0.09977323864586651,3.738367088139057,1.008025910705328,0.03525396843906492,0.028462352289352566,3.1161182448267937,0.9879105184227228,0.7467735707759857,1.1911844853311777
106496,0.0021575525461230427,0.03187193564372137,3.0163664892315865,0.7843590267002583,0.04930101888021454,0.011884965875651687,2.604801867157221,0.769375984556973,0.73829760029912,1.0695223174989223
107520,0.029467608706909232,0.09764332603663206,3.485698953270912,0.7172322031110525,0.09276113065425307,0.030380483658518642,2.8682636618614197,0.8266556598246098,0.7661364916712046,1.271916577592492
108544,0.004410761554026976,0.04845933057367802,3.5384368300437927,0.8568962998688221,0.006991777219809592,0.011374474692274816,2.7149647250771523,1.006675010547042,0.8646790534257889,0.9323942651972175
109568,0.02896611936739646,0.1137844433542341,3.8077490106225014,1.0717297289520502,0.004451436805538833,0.022074847103795037,2.604676716029644,0.58681427128613,1.0181804932653904,1.1252649752423167
110592,0.01329715660540387,0.06791863194666803,3.9698671251535416,1.1624693535268307,0.09226316921558464,0.020982748217647895,3.142729066312313,0.9364959821105003,0.7311721341684461,1.3560525309294462
111616,0.02231782909075264,0.10721127188298851,3.8634257465600967,1.173001367598772,0.022461219094111584,0.024905692611355335,2.7494001612067223,0.9298594146966934,0.7832721322774887,1.0022602174431086
112640,0.022109108831500635,0.1288211182691157,3.7576116174459457,1.2330381572246552,0.06483346327149775,0.02597626528586261,2.728386029601097,0.6196644846349955,0.9880958758294582,1.2473153676837683
113664,0.042441976023837924,0.06666266790125519,3.7386135682463646,1.0468666832894087,0.02220910316100344,0.020074062776984647,3.008973777294159,0.727513438090682,0.7038805643096566,1.7733383383601904
114688,0.03825302788754925,0.08391917787957937,3.954778976738453,1.2465759124606848,0.055597023805603385,0.021682408143533394,3.296466425061226,0.900996770709753,0.8539523854851723,1.247044458054006
115712,0.047001991886645555,0.07936096284538507,3.7963929623365402,1.0576778128743172,0.054648984369123355,0.017294373246841133,3.2027962431311607,0.9980740640312433,0.7787891235202551,0.8634426249191165
116736,0.017536023573484272,0.08362520474474877,3.5633386820554733,0.7510050311684608,0.08752333224401809,0.0150980090838857,3.0108326002955437,0.8978089112788439,0.7303924858570099,1.1301712207496166
117760,0.03160541321267374,0.1189629640430212,3.5752271339297295,0.9197511430829763,0.05619035960990004,0.020021661912323907,2.895982541143894,0.7076731007546186,0.7941557755693793,1.1704822033643723
118784,0.029316062107682228,0.08243188343476504,3.9013675078749657,1.236741777509451,0.08318134021828882,0.01588271398213692,3.107844725251198,0.7412061020731926,0.6207120884209871,1.1450278786942363
119808,0.04773948967340402,0.10007485747337341,3.2884616330266,0.6769849434494972,0.03146057351841591,0.01183364562166389,3.1075751781463623,0.8284313622862101,0.7983230259269476,0.9555882886052132
120832,0.023324767767917365,0.08983640710357577,3.5314988419413567,0.9398494753986597,0.0541079617687501,0.016945388197200373,3.0203780829906464,0.884242594242096,0.8098737113177776,0.9537858059629798
121856,0.03168272177572362,0.07519832148682326,3.8914885446429253,1.3112858850508928,0.06446444787434302,0.0168608485837467,3.987335078418255,1.495297895744443,0.8119639055803418,1.0582850147038698
122880,0.02802316000452265,0.03823321533855051,3.094003386795521,0.6100700255483389,0.08621891814982519,0.01345899305306375,3.0133653953671455,1.005495399236679,0.883580893278122,1.223476616665721
123904,0.04716739567811601,0.12073700875043869,3.411533258855343,0.6406065206974745,0.028623414313187823,0.021586359100183472,2.123234298080206,0.4810060067102313,0.7742926869541407,1.0266617257148027
124928,0.017121269134804606,0.08802568959072232,3.1885608211159706,0.5422181440517306,0.006232994957827032,0.013615091695101,2.057775877416134,0.47281473595649004,0.7497052615508437,0.887258910574019
125952,0.02966624006512575,0.07236101618036628,3.7366926297545433,1.3390145059674978,0.002742417622357607,0.015763839706778526,2.3730762749910355,0.5603210143744946,0.8037471976131201,0.8716701352968812
126976,0.017156768357381225,0.0953684801934287,3.8216124922037125,0.923751950263977,0.0547772056015674,0.009381904354086146,3.0915591791272163,0.9156841281801462,0.8490016022697091,0.7458289582282305
128000,0.04691052655107342,0.052581835188902915,3.99233864992857,1.0407200045883656,0.03998282685643062,0.014537353825289756,2.6361810229718685,0.6886389711871743,0.7579694744199514,1.2199067808687687
129024,0.03273113816976547,0.049340725992806256,3.1734368354082108,0.6203963682055473,0.012382133543724194,0.011872870862134732,1.3359424285590649,0.21972485026344657,0.8421252109110355,1.6198580656200647
130048,0.016282804921502247,0.06727957108523697,4.1006577387452126,1.1908696740865707,0.03234896018693689,0.017353502538753673,3.127886153757572,0.7739705862477422,0.8192235240712762,1.7886230126023293
131072,0.034890432929387316,0.10878473334014416,3.6357418596744537,0.8016260787844658,0.02894941216800362,0.021732102672103792,2.805908977985382,0.7553061340004206,0.7199381412938237,1.2188194673508406
132096,0.0104798587562982,0.08973264263477176,3.56130438297987,0.7819964159280062,0.033731275208992884,0.01656107667076867,2.725884400308132,0.7393901757895947,0.7822781372815371,0.8713369527831674
133120,0.014051309524802491,0.0426537711173296,4.028604671359062,1.265107637271285,0.026386613521026447,0.016594236469245516,2.8880790919065475,0.8459447100758553,0.6406365716829896,0.9376299502328038
134144,0.03957105622976087,0.08720576285850257,3.8588560819625854,1.1781026031821966,0.07612435141345486,0.02506336208898574,3.3047108352184296,0.9307559914886951,0.8423053957521915,1.4741807337850332
135168,0.0314953007909935,0.04693836171645671,3.6365556716918945,0.8911962192505598,0.044357311533531174,0.017998980212723836,3.27935378998518,1.0194212142378092,0.839610643684864,1.0780917908996344
136192,0.01644245968782343,0.11202084203250706,3.5824906453490257,0.8327280934900045,0.04842440492939204,0.025357500882819295,2.9837192371487617,0.9411601144820452,0.8771685659885406,0.9021331509575248
137216,0.03224381177278701,0.08632861252408475,3.8515577539801598,1.175886906683445,0.028874572046333924,0.014136928977677599,3.038631945848465,0.9710196610540152,1.0387728065252304,0.748447016812861
138240,0.02668729700963013,0.1297032607253641,3.728781521320343,0.9276130814105272,0.021999640128342435,0.016740655293688178,3.1482254937291145,1.0886716935783625,0.8512662556022406,0.8619404993951321
139264,0.014625842246459797,0.12915783375501633,3.680807262659073,1.0296481102705002,0.06324222701368853,0.013176644424675032,3.081681303679943,0.9613037016242743,0.7272666180506349,1.0170322190970182
140288,0.06610607981565408,0.12858279212377965,3.3185982033610344,0.7148682195693254,0.04549976301495917,0.014336074149468914,2.6788222640752792,0.6428789859637618,0.8692144341766834,1.0557581223547459
141312,0.04380905540892854,0.10054577072151005,3.1739657670259476,0.559133249334991,0.03977079474134371,0.009034567687194794,2.9665281400084496,0.8451921455562115,1.0048816315829754,0.867395119741559
142336,0.015496163585339673,0.07755098107736558,3.302161827683449,0.6723172720521688,0.03988150617806241,0.019477587251458317,2.735953912138939,0.7919146474450827,0.7636289037764072,1.0761839346960187
143360,0.03239959944039583,0.13570219092071056,2.901576891541481,0.3841458410024643,0.0742945185629651,0.020033906504977494,2.7126357927918434,0.7520477678626776,1.0907194707542658,1.4685009950771928
144384,0.020396791827806737,0.05769214709289372,2.8997915536165237,0.47940937988460064,0.09433838128461502,0.008193535039026756,3.067886136472225,1.0704944431781769,0.9952225768938661,1.2869651708751917
145408,0.016242850048001856,0.11650970904156566,3.57697694003582,0.7772025242447853,0.033477403048891574,0.020229381683748215,3.130428023636341,1.0699847843497992,0.8427231954410672,0.9709407826885581
146432,0.03397847259475384,0.06397581798955798,3.734312228858471,0.8490326348692179,0.03147803668980487,0.013394031178904697,3.035031460225582,1.0830775741487741,0.8438146533444524,0.9421391105279326
147456,0.01632077104295604,0.0805721067590639,3.7238098233938217,0.901339428499341,0.08512359112501144,0.020186218083836138,3.3516152128577232,1.1255131680518389,0.8634172910824418,1.5909767057746649
148480,0.02443732225219719,0.0986865262966603,3.8033602610230446,1.0542855374515057,0.04995374011923559,0.015738542890176177,3.0687410086393356,0.8991507515311241,0.7897576671093702,1.1815991792827845
149504,0.035112491459585726,0.082006074488163,3.863991692662239,1.1534235402941704,0.054577935952693224,0.01632821693783626,3.0388931557536125,1.0575818996876478,0.8866631016135216,1.1415265379473567
150528,0.020706412382423878,0.06997279135975987,3.60676409304142,0.8880779724568129,0.06807874073274434,0.013251026713987812,2.817099429666996,0.8184187766164541,0.9073569197207689,0.9648370407521725
151552,0.012772248170222156,0.0826912148622796,2.926962487399578,0.5290792621672153,0.016461484192404896,0.010153265277040191,2.766601338982582,0.9577647782862186,0.8643116056919098,0.7694454090669751
152576,0.021464252145960927,0.1345181332435459,3.6657576262950897,0.8825525213032961,0.057444825913989916,0.01976154581643641,2.797905333340168,0.8359262738376856,1.0418464709073305,1.0915744509547949
153600,0.04642327531473711,0.1242529705632478,3.454929120838642,0.7309109754860401,0.04380072496132925,0.018431713775498793,3.0795417949557304,0.9108464326709509,0.9058738574385643,1.0493803936988115
154624,0.02624761867627967,0.12300719320774078,3.5201316177845,0.8017328549176455,0.03322623154963367,0.019642119004856795,2.5196756422519684,0.6293782563880086,1.0460944939404726,1.2458258923143148
155648,0.023779847368132323,0.1517431342508644,3.6233900114893913,0.8869006354361773,0.003531196227413602,0.02331987302750349,2.9182289242744446,0.9451828561723232,1.0280505400151014,1.0604965537786484
156672,0.016808079759357497,0.05161631456576288,3.5743798837065697,0.8654898051172495,0.06336483849736396,0.013552021322539076,3.3377273231744766,1.1680985391139984,0.9952280092984438,1.3333935402333736
157696,0.021148486994206905,0.07123326836153865,3.4896495044231415,0.9190503023564816,0.07461399151361547,0.01119104378449265,3.083998017013073,0.9715970307588577,1.0179305654019117,1.0150236710906029
158720,0.019600255182012916,0.07839760230854154,3.2336880415678024,0.7225390411913395,0.035049662852543406,0.017542452842462808,2.7315518260002136,0.6752082547172904,1.0082885213196278,1.2629344072192907
159744,0.0462717242189683,0.04352419445058331,3.436951369047165,0.6806034035980701,0.03591934061842039,0.007757040861179121,2.9877240732312202,0.8333608452230692,1.221722966991365,1.059738571755588
160768,0.017628470086492598,0.023044785077217966,3.5286257416009903,0.6476263636723161,0.05298699422564823,0.009349781408673152,2.4075810872018337,0.5613796496763825,0.8066241908818483,1.6311799734830856
161792,0.019850979937473312,0.06399429275188595,3.669532209634781,0.9814475011080503,0.011673588363919407,0.01529827862395905,3.214383214712143,1.1687877085059881,0.8650036007165909,1.0304714934900403
162816,0.007899021424236707,0.10942390887066722,3.7113738283514977,0.9887594301253557,0.04326683693216182,0.027565964381210506,3.2790010944008827,1.1996344551444054,0.9739768151193857,1.931369211524725
163840,0.024809825757984072,0.08671420242171735,3.507290780544281,0.7599949035793543,0.07616848236648366,0.025511229905532673,3.222714625298977,1.0591842215508223,1.0635959580540657,1.0930860955268145
164864,0.02808700271998532,0.12044745171442628,3.6322610303759575,0.8325327858328819,0.03831858281046152,0.02095980496960692,2.673909977078438,0.713099779561162,0.9174976926296949,1.2303779181092978
165888,0.04797053514630534,0.07686450076289475,3.351993389427662,0.6201448561623693,0.059107862471137196,0.013070565852103755,3.052221432328224,0.9325763247907162,1.0788294821977615,1.2388259321451187
166912,0.018464590393705294,0.07635046646464616,3.3363909125328064,0.7224021665751934,0.01476316706975922,0.016082486865343526,2.2255204766988754,0.5746088242158294,0.9377312175929546,1.04704565461725
167936,0.038475360328448005,0.05125943967141211,3.16392982006073,0.5836659604683518,0.0317538924573455,0.008355837504495867,2.4675790295004845,0.5899115949869156,0.9726792313158512,1.087363449856639
168960,0.013311769682331942,0.04098060593241826,3.261771686375141,0.5597263937816024,0.04640541574917734,0.013158139016013592,3.247038885951042,1.0937742330133915,0.9458533823490143,0.9236362259835005
169984,0.02114777424139902,0.09761341498233378,3.439381591975689,0.6894405707716942,0.05605681665474549,0.019312197488034144,3.1986428946256638,0.9904084205627441,1.0408477522432804,1.0070553049445152
171008,0.03938231407664716,0.11553250136785209,3.130430467426777,0.5041529517620802,0.03504463940043934,0.017241073728655465,2.9565693512558937,0.8921406362205744,1.1950816381722689,1.2251403201371431
172032,0.02395678478933405,0.03945950116030872,3.0633454099297523,0.5923497220501304,0.045048814063193277,0.013051066489424556,2.7579701840877533,0.9197214301675558,0.8072730107232928,0.962780425325036
173056,0.03076642780797556,0.11230180878192186,3.2189171761274338,0.5555948736146092,0.02142354441457428,0.014269529769080691,2.7660489305853844,0.9323056545108557,1.1876375675201416,1.0975764216855168
174080,0.011590544105274603,0.057908251765184104,3.4203109070658684,0.658277340233326,0.10037597324117087,0.0164437131898012,3.1441071406006813,1.137838289141655,0.8552743457257748,1.1784741282463074
175104,0.021656747994711623,0.051812617341056466,3.697403870522976,0.8593669030815363,0.026685613484005444,0.0061701542072114535,3.3189299777150154,1.108401095494628,1.027871591039002,0.7195788575336337
176128,0.0323929073929321,0.09763550898060203,3.3297214657068253,0.5494525767862797,0.059440892771817744,0.022737068095011637,3.18747878074646,1.158726753666997,1.2499938774853945,1.0371513329446316
177152,0.040998587472131476,0.06544350308831781,3.444871000945568,0.629744254052639,0.10293082194402814,0.016924472933169454,3.1723131760954857,1.1340567264705896,1.167777094990015,0.873233730904758
178176,0.016854906498338096,0.05526481766719371,3.394114561378956,0.6955417077988386,0.08393166970927268,0.016226720064878464,3.123154453933239,0.932123864069581,0.9372702147811651,0.999613681808114
179200,0.034213508712127805,0.047856352059170604,3.524394676089287,0.7264743074774742,0.010409670881927013,0.011052413858124055,3.544304609298706,1.2633223440498114,0.7787542603909969,0.7380601717159152
180224,0.025283391820266843,0.07530141016468406,3.7423016875982285,0.8664022441953421,0.038000527274562046,0.019882464985130355,3.5945521742105484,1.5125756077468395,1.0057973079383373,1.0802758429199457
181248,0.021927260037045926,0.0601074566366151,3.864725150167942,0.9667512029409409,0.052345808304380625,0.015586435707518831,3.5303898826241493,1.2616095766425133,1.1218813620507717,0.8541001407429576
182272,0.00533582060597837,0.06456256011733785,3.6689575016498566,0.8947875294834375,0.06449056425481103,0.01628583738056477,3.2980993315577507,1.0947572998702526,1.224735589697957,1.3044999307021499
183296,0.023868752716225572,0.08182353270240128,3.5173810198903084,0.8411095086485147,0.04907676950097084,0.014535822469042614,3.37149003893137,1.0932221803814173,1.2476480100303888,1.2873858623206615
184320,0.019731839827727526,0.07618771190755069,3.9885451421141624,1.266846526414156,0.04039548020227812,0.02139541762880981,3.595474012196064,1.4009317047894,0.9000107208266854,1.1937971878796816
185344,0.05474857028457336,0.1698782576713711,3.58834395557642,0.8294878657907248,0.0288858921994688,0.03328517987392843,2.8366622403264046,1.0037264227867126,1.3547222390770912,1.6145046260207891
186368,0.037645096592314076,0.08410123700741678,3.02325925976038,0.5123679433017969,0.0907116781163495,0.01024229102768004,2.654474340379238,2.171166803687811,1.407558424398303,1.1982319187372923
187392,0.025785494537558407,0.09819857124239206,3.569004572927952,0.7363228667527437,0.06455153864226304,0.01697471071383916,3.0931780636310577,1.1629029102623463,1.073208188638091,0.9897014917805791
188416,0.03894434403628111,0.08284019294660538,3.635209269821644,0.7729493957012892,0.0425198232405819,0.010967465161229484,2.736806809902191,0.8530541453510523,1.0422703120857477,0.980398753657937
189440,0.036066327316802926,0.0954855065792799,3.4702630415558815,0.5845895260572433,0.046812571614282206,0.01352167317236308,3.4990782514214516,1.3025583177804947,1.3858771976083517,1.5204402953386307
190464,0.022945252261706628,0.07480354921426624,3.185121327638626,0.4674702612683177,0.10697069560410455,0.009358367329696193,2.8593922555446625,0.8114129845052958,1.1534684309735894,1.1695199739187956
191488,0.023493357584811747,0.11581377312541008,3.1621041670441628,0.53991146851331,0.07467631570762023,0.0077169309224700555,2.908563882112503,0.8199792578816414,1.3298782519996166,1.1303299516439438
192512,0.03001144516747445,0.10811405186541378,3.0896933302283287,0.5034333020448685,0.045365519559709355,0.010499719879589975,2.916882947087288,0.9315544627606869,1.0002697370946407,0.9760878570377827
193536,0.03681079365196638,0.07322439400013536,3.0950910672545433,0.4359462261199951,0.03768390789628029,0.01709025228046812,3.2210368514060974,1.2165712621062994,1.0229902807623148,1.0936462450772524
194560,0.02317706891335547,0.05274708941578865,3.283758230507374,0.45403775852173567,0.03929454035824165,0.015046943808556534,3.110838860273361,1.0604810938239098,1.119141148403287,1.1735478062182665
195584,0.022099721827544272,0.058926931815221906,3.501223638653755,0.6438610218465328,0.038642507104668766,0.014205241983290762,3.113630138337612,1.1297930143773556,1.0055249091237783,1.4321295376867056
196608,0.010648742289049551,0.06922239949926734,3.6770195364952087,0.7486529611051083,0.04673760704463348,0.016500470461323857,3.0989685133099556,1.0445422194898129,1.1701986640691757,1.1453839670866728
197632,0.048316869797417894,0.03359883005032316,3.1644641011953354,0.5254147639498115,0.08162375946994871,0.010822423646459356,2.638596534729004,0.9620791124179959,0.9183845147490501,1.3448280412703753
198656,0.018680579581996426,0.08046193106565624,2.9070450514554977,0.3864156911149621,0.06313171715009958,0.0073218409743276425,2.590060845017433,0.6887411028146744,1.0165274497121572,1.2380366157740355
199680,0.013315975884324871,0.06000144558493048,2.9325812608003616,0.4255238575860858,0.025196408620104194,0.01260005112271756,2.783861890435219,0.7835454121232033,0.8832803098484874,1.1531117651611567
200704,0.03013378131436184,0.0648179545532912,3.379728674888611,0.6121211349964142,0.039935239154146984,0.012526049409643747,2.939388185739517,0.9849972650408745,1.0272713024169207,1.1314128879457712
201728,0.03270130362943746,0.08169163833372295,3.510796457529068,0.6264393478631973,0.05815182760125026,0.013645238417666405,3.1327942311763763,1.188243392854929,1.1174116525799036,0.9116353113204241
202752,0.027404653490521014,0.049739015055820346,3.2856432646512985,0.5526831150054932,0.06433036312228069,0.01073308069317136,3.232233837246895,1.0185138061642647,0.6819413844496012,0.9641437437385321
203776,0.012097014056053013,0.04664187005255371,3.604241482913494,0.7374797090888023,0.024979848734801635,0.018006282713031396,2.337715156376362,0.5891394633799791,0.9281080607324839,1.2494400069117546
204800,0.019260910485172644,0.04233205266064033,2.9278605356812477,0.39421894773840904,0.04583399905823171,0.010560779381194152,2.7646410316228867,0.8272347394376993,0.9141703955829144,1.3921499326825142
205824,0.02616903101443313,0.03334648354211822,3.2316270023584366,0.5542887430638075,0.025074340461287647,0.011133340842206962,3.4940867200493813,1.270493932068348,0.821178026497364,0.9436619151383638
206848,0.018852483539376408,0.060503208078444004,3.629678577184677,0.7905793562531471,0.0374377092521172,0.00944402496679686,3.325693503022194,1.1173399556428194,1.0553308092057705,0.9480731543153524
207872,0.027682338099111803,0.04201420763274655,3.6756680831313133,0.8050996474921703,0.0720464774640277,0.017990258085774258,2.6611616872251034,0.792593483813107,0.747312868013978,1.3616731502115726
208896,0.025893649348290637,0.039236308133695275,3.4144898131489754,0.7352901296690106,0.05757150723366067,0.01648663659580052,2.849690020084381,0.8382741156965494,0.9492564294487238,1.2150893881917
209920,0.0325157830666285,0.11296304874122143,3.490679234266281,0.8176322858780622,0.03391642004135065,0.020178956940071657,2.8300935849547386,0.8290496785193682,1.2077103108167648,1.0723564950749278
210944,0.03218238553381525,0.03316243318840861,3.4973293393850327,0.5736174080520868,0.06097001789021306,0.010150277215871029,3.439568743109703,1.241302128881216,0.8070760741829872,0.9074320681393147
211968,0.024938858347013593,0.0374743880238384,3.2020046785473824,0.5031107673421502,0.08335130737395957,0.009586386338924058,3.294214867055416,1.2678874675184488,0.963913056999445,0.913540730252862
212992,0.03554583515506238,0.05467969900928438,3.280935861170292,0.5237426543608308,0.06724508135812357,0.01770469729672186,2.5095853619277477,0.7655905121937394,1.285204017534852,1.644996952265501
214016,0.014088494222960435,0.0439051256980747,3.612969644367695,0.7292029615491629,0.038017115875845775,0.012219491793075576,2.663605213165283,0.7668657414615154,0.9139532083645463,0.9425411988049746
215040,0.04426764845266007,0.0357036023051478,3.3857431039214134,0.6076640374958515,0.1122296552057378,0.010943274784949608,3.0905312225222588,0.8518466204404831,0.975669652223587,0.8482404928654432
216064,0.039170435949927196,0.07404871063772589,3.3508619144558907,0.5452683139592409,0.04415926171350293,0.017389183078194037,2.929862357676029,0.9175732210278511,1.0674410182982683,1.3500449024140835
217088,0.016766471235314384,0.06653795426245779,3.3812154829502106,0.5956683438271284,0.03674648911692202,0.014559612609446049,2.864934630692005,0.9737894907593727,0.8790708780288696,0.9016816783696413
218112,0.021879551299207378,0.040270340046845376,2.8423198238015175,0.32829679641872644,0.0402977354824543,0.010571222665021196,2.563172847032547,0.7806446282193065,1.4676729496568441,1.2971324063837528
219136,0.024729229713557288,0.07253958331421018,3.181093208491802,0.46962387301027775,0.03198966161289718,0.016871673957211897,3.1178710982203484,1.0716643147170544,1.07572378590703,0.9847884485498071
220160,0.020631874591344967,0.09301212965510786,3.4303505197167397,0.5722882421687245,0.027631760080112144,0.017022634332533926,3.0908525437116623,1.2144203260540962,0.9609444011002779,0.986926756799221
221184,0.03279383425251581,0.04924600478261709,3.2520697936415672,0.5576029578223825,0.0761978387599811,0.012590198311954737,2.900541804730892,0.9940615873783827,1.0383898373693228,1.3759127520024776
222208,0.017798305198084563,0.07402417028788477,3.0799794644117355,0.46703880839049816,0.024525294516934082,0.014782158454181626,3.0827654227614403,1.176656223833561,0.9537752037867904,1.1734497640281916
223232,0.04948095031431876,0.08776614721864462,2.9986305609345436,0.4449295112863183,0.12626793081290089,0.008135537413181737,3.4091932103037834,1.0423991717398167,1.1902940440922976,1.1056394670158625
224256,0.012565253404318355,0.10390880750492215,3.177328698337078,0.4353503966704011,0.0451153582544066,0.019043452717596665,3.0561068654060364,0.8952153101563454,1.3969125226140022,1.2017622739076614
225280,0.027457262971438468,0.04632927989587188,3.2359376400709152,0.4271910060197115,0.08250310344737954,0.007466836534149479,2.8982082158327103,0.8800724130123854,1.2338374722748995,1.175974763929844
226304,0.028650165811995976,0.055295112426392734,3.051460735499859,0.44200656842440367,0.0434439504169859,0.011398105023545213,2.810062550008297,0.6817907728254795,0.9334760792553425,0.9990119524300098
227328,0.01744891528505832,0.07578437263146043,2.968158707022667,0.35995632968842983,0.0568336175638251,0.016896269022254273,3.10862173140049,1.087752379477024,1.2096598334610462,1.067358030937612
228352,0.022697323613101617,0.06770488643087447,3.6977414265275,0.7041596313938498,0.023769611871102825,0.016589097562246025,3.0629181265830994,1.1304750517010689,0.9242144748568535,0.8275081533938646
229376,0.018077660410199314,0.05268297967268154,3.575199767947197,0.7136784642934799,0.06090182438492775,0.02328792167827487,3.0041999220848083,0.8631259799003601,1.1937295347452164,1.2461195718497038
230400,0.03810359314957168,0.033405672176741064,3.5438319966197014,0.649360403418541,0.06450667523313314,0.011967567639658228,2.8258267417550087,0.8931884244084358,0.8214789275079966,1.2006196342408657
231424,0.02461685796151869,0.04995854536537081,3.5363268703222275,0.6272641783580184,0.03532382925914135,0.013171488084481098,3.3310908749699593,1.2288072891533375,0.9682433102279902,0.9845226779580116
232448,0.029109852082910948,0.08718634536489844,3.3816403299570084,0.5828339606523514,0.05767693399684504,0.02672942032222636,3.6329773291945457,1.326858077198267,1.3673559557646513,1.259183818474412
233472,0.019276847480796278,0.07936794916167855,3.5873394683003426,0.6548181436955929,0.08081590800429694,0.02231397942523472,3.601927235722542,1.4601759798824787,1.204635675996542,0.8579429304227233
234496,0.025116689153946936,0.053650330286473036,3.6787287443876266,0.7992709707468748,0.10431353311287239,0.023483240336645395,3.1499927267432213,0.9615546148270369,1.0470050238072872,1.2642064709216356
235520,0.05436022917274386,0.0809642574749887,3.443836398422718,0.6137759760022163,0.0796697491168743,0.020767992682522163,3.2712172865867615,1.0376626960933208,1.4354290626943111,1.157941598445177
236544,0.02384954491571989,0.0789668804500252,3.7075153663754463,0.7889332138001919,0.04255206938250922,0.01861647461191751,3.2307690531015396,1.1941737234592438,1.1290266327559948,0.8914003968238831
237568,0.03359753426047973,0.06221335695590824,3.735502488911152,0.944368926808238,0.044952521653613076,0.017667083418928087,2.7431656271219254,0.8340275753289461,1.0569131188094616,1.252477340400219
238592,0.048815649875905365,0.11697440198622644,3.7225511893630028,0.8745512589812279,0.05123482408816926,0.013701957679586485,3.1138774305582047,1.1720947585999966,1.3493150863796473,0.9570382107049227
239616,0.036152950779069215,0.10976685769855976,3.404263824224472,0.5792503645643592,0.000291656848276034,0.015197020606137812,2.9931545555591583,1.3241650238633156,1.210892515257001,0.9822942223399878
240640,0.018140475382097065,0.03989369730697945,4.019973441958427,1.2023651339113712,0.02555846329778433,0.008206064041587524,3.6457563787698746,1.766896478831768,0.8716440852731466,0.8454914363101125
241664,0.03044977376703173,0.05725350615102798,3.7358045876026154,0.8643243871629238,0.11206285806838423,0.02222189144231379,3.54705411195755,1.348091784864664,1.0420344471931458,1.0205328715965152
242688,0.035760375612881035,0.02953684562817216,3.7669738456606865,0.8798609916120768,0.11900538430199958,0.012770450790412724,3.5362891033291817,1.1796347107738256,1.0146347284317017,0.8369646407663822
243712,0.040798752597766,0.04886523855384439,3.461551398038864,0.5805434323847294,0.12093942053616047,0.010205595579463989,3.773298501968384,1.6798045188188553,1.301677929237485,1.1733983159065247
244736,0.019541313202353194,0.05050838040187955,3.0745562240481377,0.4358510337769985,0.08759203902445734,0.010775769231258892,3.0228065848350525,1.0090317260473967,1.1724239028990269,1.076446395367384
245760,0.015326874810853042,0.04847618378698826,3.4532229900360107,0.629091028124094,0.0624855199130252,0.015185508382273838,3.5718821212649345,1.2926420010626316,1.0981415919959545,0.8233586521819234
246784,0.04756515272310935,0.05297271307790652,3.742984987795353,0.8238549996167421,0.08817330648889765,0.016914027568418533,2.9664378315210342,1.1721425093710423,0.9391967821866274,0.9473392860963941
247808,0.05205721115635242,0.04541656735818833,3.5545054897665977,0.742670426145196,0.1016986308968626,0.01630448838113807,3.2470483854413033,1.3338343128561974,1.1068728398531675,1.192681247368455
248832,0.029517057424527593,0.0487164513906464,3.282831333577633,0.5378334634006023,0.1174152844469063,0.011807347706053406,3.6241486221551895,1.5631503351032734,0.8362541273236275,1.3161668526008725
249856,0.010776706476463005,0.0588090451201424,3.5687675178050995,0.6688988916575909,0.10783739713951945,0.016098597407108173,3.510133981704712,1.2884828299283981,0.9307779520750046,1.264242248609662
250880,0.014418118618777953,0.08137418399564922,3.475675843656063,0.6487017851322889,0.07063534256303683,0.011228986695641652,3.4114825055003166,1.6515286043286324,1.085244981572032,1.1403188286349177
251904,0.023965513944858685,0.055307221540715545,3.701771527528763,0.8589639496058226,0.04528650050633587,0.01709194912109524,3.690134420990944,1.8030771799385548,1.0440761968493462,1.0294719878584146
252928,0.04015464169788174,0.09411587181966752,3.0326254293322563,0.4607030004262924,0.038041304622311145,0.016837508184835315,3.1399993002414703,1.225706372410059,1.6788241565227509,1.5789595041424036
253952,0.02085417992202565,0.03490023093763739,3.494412325322628,0.6050043255090714,0.09905699518276379,0.014439683582168072,2.9683135598897934,0.9593957886099815,0.931224306114018,1.457001032307744
254976,0.02688650056370534,0.05169253214262426,3.2523610591888428,0.544358435086906,0.05276149799465202,0.0212781130685471,2.8827004432678223,1.1786394212394953,1.0067735724151134,1.40080545283854
256000,0.03169506517588161,0.05319810612127185,3.2395248264074326,0.46330047119408846,0.08157689869403839,0.016944440358201973,2.9400528594851494,1.0249100364744663,1.15449464507401,1.3029448240995407
257024,0.03083406569203362,0.022578019503271207,3.528196543455124,0.6554533168673515,0.05224220611853525,0.013247041351860389,2.883631058037281,0.9878374189138412,0.8234945740550756,1.1676936987787485
258048,0.026661111711291596,0.06537853786721826,3.5930029824376106,0.661228759214282,0.07155674972455017,0.015393285357276909,3.3661673590540886,1.4071286246180534,1.058556517586112,0.8864147514104843
259072,0.019775861175730824,0.07700118329375982,3.1520407795906067,0.44933999609202147,0.08560500558814965,0.013806578223011456,2.7018120363354683,0.9691303111612797,1.3069614600390196,1.5897100809961557
260096,0.029965780733618885,0.06948080833535641,3.1822301372885704,0.4162287265062332,0.07475352298934013,0.012936356695718132,3.2468559369444847,1.3089596815407276,1.0372191183269024,0.9945284426212311
261120,0.04201480373740196,0.04924803087487817,2.9092600643634796,0.40535570681095123,0.04783588761347346,0.023086499684723094,3.0313403606414795,0.8183826953172684,0.993926590308547,1.6615733951330185
262144,0.010152218106668442,0.01842507577384822,3.889064610004425,1.0054897982627153,0.05286865381640382,0.01477009397058282,2.934917166829109,0.9837436564266682,0.8867629086598754,1.01232491992414
263168,0.04215406975708902,0.09077759855426848,3.5319187864661217,0.6928340271115303,0.0335280638828408,0.016045103082433343,2.5560780689120293,0.7939330693334341,1.3980558291077614,1.0127546079456806
264192,0.03893738202168606,0.04921743058366701,3.45450409501791,0.5802991688251495,0.024392384220845997,0.009662104625022039,3.032769091427326,1.251569819636643,0.9516154136508703,1.098850468173623
265216,0.020487392161157914,0.057516531203873456,3.878871776163578,0.9582130201160908,0.0263934962276835,0.010953042699838988,2.7484678961336613,1.0682621821761131,0.969502154737711,0.9183085383847356
266240,0.025730666558956727,0.06474981782957911,3.4278902411460876,0.6097030099481344,0.049805690709035844,0.0185992639453616,3.0322633162140846,1.0815552081912756,1.2543630991131067,1.3304570578038692
267264,0.040584303525974974,0.047256422229111195,3.672971099615097,0.7920530773699284,0.09204220748506486,0.014573348802514374,2.7618777081370354,0.7710384875535965,0.9644245356321335,1.74099275842309
268288,0.019141689903335646,0.045889238943345845,3.9397362023591995,1.0277896653860807,0.012378603452816606,0.0078035204351181164,3.5714572444558144,1.929091539233923,0.8647480383515358,0.791483701672405
269312,0.03830066625960171,0.09359369752928615,3.3532590046525,0.5714087495580316,0.1082300579873845,0.021021838067099452,3.1915783137083054,1.2861197888851166,1.3239792082458735,0.9912006258964539
270336,0.0362500245028059,0.06212965096347034,3.3000134602189064,0.5173888402059674,0.0821394431986846,0.0157068497792352,3.0258824303746223,0.9641711264848709,1.1286316569894552,0.9031397653743625
271360,0.04011768910277169,0.032551804615650326,3.5882733091712,0.6109603177756071,0.10232876217924058,0.010017402630182914,3.1458789706230164,1.027153292670846,0.8942369408905506,0.8967736754566431
272384,0.03218263975577429,0.05891738866921514,3.6328429207205772,0.7000390160828829,0.060449367243563756,0.011594440045882948,2.951250672340393,0.8937149401754141,0.9622879335656762,1.2253668196499348
273408,0.04597683044266887,0.06532692583277822,3.542023740708828,0.6667450331151485,0.08596207178197801,0.02306980744469911,2.789111614227295,0.9044032245874405,0.8722934313118458,0.9061291310936213
274432,0.016184141946723685,0.04143211850896478,3.654466137290001,0.7106389217078686,0.05452098496607505,0.01436841901158914,2.754548355937004,0.706241900101304,1.0063789412379265,1.7166872024536133
275456,0.040298009727848694,0.05268042802345008,3.3931939378380775,0.5648343833163381,0.046235992427682504,0.01832300372188911,2.817061483860016,0.8097782004624605,1.4924033414572477,1.2484917538240552
276480,0.021827940334333107,0.034580214123707265,3.927026905119419,0.9394793305546045,0.05099365004571155,0.015106679740711115,3.1226609870791435,0.9971863590180874,1.1074234638363123,1.3033716306090355
277504,0.03786178131122142,0.09750253381207585,3.9356286972761154,0.9858538433909416,0.030877244571456686,0.018354848289163783,3.1486760824918747,1.2258947882801294,1.2793840132653713,1.1222761096432805
278528,0.05427250583306886,0.10796466213651001,3.5006542578339577,0.6686527151614428,0.07735652744304389,0.01987838844070211,3.395442008972168,1.314674362540245,1.7594017945230007,0.9576789829879999
279552,0.03468264413822908,0.08179575472604483,3.4188869073987007,0.5971041526645422,0.12189255224075168,0.024863095546606928,3.8495484739542007,1.2568509466946125,1.560639774426818,1.5486866850405931
280576,0.015200022200588137,0.04769902321277186,3.2822071611881256,0.45841922238469124,0.10291828075423837,0.0180739909701515,3.45411629229784,1.0044635441154242,1.2668273709714413,1.1688449159264565
281600,0.048561106726992875,0.060239975224249065,3.7523340955376625,0.7907258346676826,0.02478126678033732,0.01483447477221489,2.9629459530115128,1.0178079884499311,1.1862701699137688,0.9961519464850426
282624,0.01831528649199754,0.039906853053253144,3.7475962340831757,0.7872499600052834,0.00327119481517002,0.007646218233276159,3.321612946689129,1.3188298251479864,0.9996757283806801,0.5951134217903018
283648,0.028703547664918005,0.045567048306111246,3.686526156961918,0.8001474253833294,0.04328399591031484,0.02250025942339562,3.563376359641552,1.5146473422646523,0.8376331422477961,1.3198608849197626
284672,0.039366911514662206,0.0771352055016905,3.7795020043849945,0.8799411021173,0.09762885660165921,0.018918001442216337,3.041823774576187,1.0496859420090914,1.2327428199350834,1.4698015376925468
285696,0.029937911400338635,0.0650597820058465,3.5880662500858307,0.7153624258935452,0.06717448207200505,0.016410937008913606,3.259551592171192,1.0518462602049112,1.1602006293833256,1.1802529841661453
286720,0.031097216371563263,0.057452102191746235,3.7090554013848305,0.7927261516451836,0.03374927814002149,0.018556035443907604,3.3846576809883118,1.1827828623354435,1.1906892731785774,1.057097116485238
287744,0.03862274339189753,0.043823388987220824,3.852788671851158,0.8983553312718868,0.05905047769192606,0.013577165314927697,3.3798277974128723,0.9396363869309425,0.9957009982317686,1.0189583599567413
288768,0.05210266643553041,0.058964084717445076,3.9278557896614075,0.9550576191395521,0.056964254181366414,0.015208278287900612,3.3821450769901276,1.2059848085045815,0.981361361220479,0.9655402041971684
289792,0.027557601271837484,0.05974192882422358,3.1925055980682373,0.5530607113614678,0.06288661822327413,0.014382637076778337,2.982540398836136,0.9116932190954685,1.6367957219481468,1.1200073584914207
290816,0.02541363319323864,0.0270127963158302,3.612994320690632,0.7188425250351429,0.055034357734257355,0.009496494109043851,3.0711484029889107,1.0954683721065521,1.121654437854886,1.052765873260796
291840,0.028483526344643906,0.06421753205358982,3.494266428053379,0.7152345217764378,0.03730446702684276,0.006436392533942126,3.267950378358364,1.1079894192516804,1.448075419291854,0.7400751560926437
292864,0.030619081953773275,0.06216523831244558,3.381020426750183,0.5956907272338867,0.09652670915238559,0.02105720987310633,3.529039539396763,1.5087912399321795,1.2104762997478247,1.3462628489360213
293888,0.0424035097239539,0.04613561509177089,3.3964359387755394,0.5967105142772198,0.01882954777101986,0.01770415667851921,3.4555638656020164,1.3540183752775192,1.30564396828413,0.8679685806855559
294912,0.024891699154977687,0.048809412168338895,3.2180858105421066,0.5004291059449315,0.08635105605935678,0.024174535821657628,3.441788926720619,1.4766559414565563,1.0325927510857582,1.5615541879087687
295936,0.0281459773395909,0.02921489317668602,2.8832868933677673,0.42802046798169613,0.07346567249624059,0.01934543883544393,2.9862136617302895,0.8738562241196632,1.139907251112163,2.140211559832096
296960,0.05108431303233374,0.03156228439183906,3.2039022594690323,0.43908820394426584,0.020344972144812346,0.012139425816712901,2.383790297433734,0.830128648551181,1.400908563286066,1.4297431716695428
297984,0.021764483128208667,0.04581371147651225,3.621652275323868,0.6697520092129707,-0.009678818314569071,0.03177101272740401,2.200632456690073,0.8327801693230867,1.1431195251643658,1.4484111350029707
299008,0.04410489246947691,0.022591849497985095,3.7586303278803825,0.7578155528753996,0.004247214848874137,0.022139257547678426,3.185463473200798,1.594208475202322,0.9037990402430296,1.1320829782634974
300032,0.03221416741143912,0.03680371475638822,3.133346639573574,0.4363555982708931,0.08289815409807488,0.012742842707666568,3.7853173837065697,1.6776002906262875,1.1548894420266151,1.2174382423982024
301056,0.026889846805715933,0.054813976399600506,3.7815161496400833,0.888290923088789,0.06252629138180055,0.014030770544195548,3.436814107000828,1.526946984231472,0.9280243162065744,0.8710639905184507
302080,0.01731204119278118,0.07274806057102978,3.309231825172901,0.5016028909012675,0.1272451460827142,0.016725829991628416,3.768370233476162,1.3847889006137848,1.1479220539331436,1.190435478463769
303104,0.04246709146536887,0.08563907665666193,3.3017740547657013,0.5169552890583873,0.09439097915310413,0.015182671253569424,3.585288368165493,1.2483023628592491,1.1545369755476713,0.7565091168507934
304128,0.00339487157179974,0.03859197918791324,3.796267457306385,0.8205771902576089,0.07416691663092934,0.012112226278986782,3.5867494717240334,1.7070625759661198,0.9458478223532438,0.9657087493687868
305152,0.03165998138138093,0.07060156611260027,3.271803632378578,0.5471834652125835,0.09376365799107589,0.019303853187011555,3.3113082870841026,1.2289874106645584,1.3673615343868732,1.3480633106082678
306176,0.024186014285078272,0.03830713563365862,3.358527384698391,0.5736412964761257,0.10559774155262858,0.018620568269398063,3.732710398733616,1.6096563376486301,1.1204267516732216,1.1529195718467236
307200,0.026145720956264995,0.041516687138937414,3.4047804474830627,0.6244110092520714,0.0750440645206254,0.016021013783756644,2.9520203173160553,1.0033405981957912,0.9245152762159705,1.300424420274794
308224,0.03512927514384501,0.0479431408457458,3.087142236530781,0.4828358571976423,0.10150929080555215,0.01784555779886432,2.746761880815029,0.8914923332631588,1.076451849192381,1.5308743212372065
309248,0.023285791336093098,0.05827256490010768,2.9687327221035957,0.4526594625785947,0.06768778813420795,0.008021600762731396,3.3093297630548477,1.2030281201004982,1.1845068205147982,1.1506811575964093
310272,0.02978416736004874,0.06586970167700201,2.998359926044941,0.4189460687339306,0.057352432049810886,0.012919251108542085,3.505706362426281,1.465779148042202,1.473003275692463,1.2975473031401634
311296,0.012742424049065448,0.0395074911066331,3.321537770330906,0.5284499609842896,0.08806874678703025,0.012375234902719967,3.358615644276142,1.1518805585801601,1.097768934443593,1.0853475090116262
312320,0.03304532342008315,0.02405282953986898,3.462425597012043,0.617250619456172,0.08589338406454772,0.00974072644021362,3.781543657183647,1.5596396587789059,0.9143060147762299,0.7211082000285387
313344,0.019670893423608504,0.06370516261085868,3.606586307287216,0.6919680144637823,0.021414034854387864,0.01928388440865092,3.369354270398617,1.6234461814165115,0.9347750619053841,1.285079499706626
314368,0.021201101946644485,0.05037994426675141,3.3452912718057632,0.6455983985215425,0.06257863130304031,0.018321960844332352,3.4213973358273506,1.397336382418871,1.1581965498626232,0.9263255028054118
315392,0.02301524401991628,0.07594632264226675,3.1296216994524,0.4849398620426655,0.0791710258636158,0.02238140013650991,3.3168890103697777,1.2425022087991238,1.3174406997859478,1.2189189027994871
316416,0.025079010345507413,0.042273320694221184,3.7205110043287277,0.7490792367607355,0.07090203458210453,0.013847859372617677,3.5691948980093002,1.5540378503501415,1.1326502300798893,0.963020546361804
317440,0.03912737904465757,0.0858982466161251,3.3020470961928368,0.5572817977517843,0.08806492917938158,0.0355451827053912,3.578205481171608,1.2696434333920479,1.4579779002815485,1.2239644788205624
318464,0.019427365710726008,0.04331093485234305,3.3805854097008705,0.5686678308993578,0.11315458617173135,0.01960137495188974,3.223279654979706,1.0413034353405237,1.1701140627264977,1.3927842043340206
319488,0.017493561113951728,0.051990885636769235,3.1800219491124153,0.4473283002153039,0.05843680561520159,0.014533985027810559,3.670027695596218,1.5367975160479546,1.2241491321474314,0.9268680326640606
320512,0.02069554550689645,0.0637505657505244,3.38948418200016,0.7194394171237946,0.09858687137602828,0.0116433752264129,3.368915371596813,1.8071102052927017,1.0408238675445318,1.1747414264827967
321536,0.028083111421437934,0.045762568013742566,3.3588871508836746,0.5934306718409061,0.0673260067414958,0.009799765684874728,3.175025701522827,1.0576413050293922,1.1699104271829128,1.0669151106849313
322560,0.02546505825011991,0.08476600388530642,3.625309593975544,0.6487198788672686,0.03492323282989673,0.021884137066081166,3.531811460852623,1.3722103238105774,1.5420533902943134,1.0420936336740851
323584,0.035054905456490815,0.07565366546623409,3.133733719587326,0.4499626588076353,0.054456873156595975,0.014747534529305995,3.073768213391304,1.0918314289301634,1.7629553638398647,1.1804272271692753
324608,0.019041789215407334,0.03976138884900138,3.3172491043806076,0.5160428443923593,0.02371787012089044,0.011776879910030402,3.371972754597664,1.4639277532696724,1.032944928854704,0.7940248874947429
325632,0.027520643125171773,0.07155388314276934,3.3996951282024384,0.5733103407546878,0.08805341983679682,0.015132331842323765,3.419204391539097,1.3660884723067284,1.0050777774304152,1.2320603225380182
326656,0.023602339220815338,0.060406871722079813,3.366248331964016,0.5335529698058963,0.046369186689844355,0.013982870586914942,3.63242693990469,1.4787425883114338,1.0823764260858297,0.9661137275397778
327680,0.019547288975445554,0.050662619585637,3.125897467136383,0.484322564676404,0.09507015657436568,0.01761980462470092,3.339049480855465,1.2600192241370678,1.0305813793092966,1.6081444397568703
328704,0.02333492660545744,0.10785738821141422,3.1103633493185043,0.44441737700253725,0.09256017004372552,0.01797404367243871,3.400790572166443,1.3442699536681175,1.7693035509437323,1.1097144205123186
329728,0.012734806281514466,0.05251411168137565,3.419237643480301,0.5571668734773993,0.08749242759949993,0.022795378521550447,3.7623093873262405,1.7973870858550072,1.0979319363832474,1.2913179583847523
330752,0.02157552752760239,0.030119463393930346,3.5234298184514046,0.6362427463755012,0.11232992183067836,0.010942764682113193,3.842765398323536,1.7775010466575623,0.9825698398053646,0.7933360580354929
331776,0.016602850781055167,0.08880377048626542,3.5581464171409607,0.6789438910782337,0.05520263485959731,0.016299912604154088,3.700675092637539,1.4020508825778961,1.062357721850276,1.2389837466180325
332800,0.01549041733960621,0.06727648270316422,3.5155403688549995,0.7473380491137505,0.08656243147561327,0.02714826667215675,3.5346553549170494,1.3100784346461296,1.1080406606197357,1.4763194490224123
333824,0.03651980304857716,0.0385617486317642,3.6407571211457253,0.798973536118865,0.08203243423486128,0.022598474752157927,3.1653143242001534,1.0504268556833267,1.0250887535512447,1.8407681100070477
334848,0.04042215851950459,0.11816052300855517,3.534885637462139,0.662285715341568,0.08084356106701307,0.0404536456335336,3.268780805170536,1.346665371209383,1.339633109048009,1.3919519763439894
335872,0.031134724209550768,0.09837744175456464,3.2883762940764427,0.5622495440766215,0.07835706704645418,0.03488234750693664,3.1174824088811874,1.128562480211258,1.3127036485821009,1.5114761181175709
336896,0.020102910930290818,0.041263948543928564,3.7445069029927254,0.8527262527495623,0.05360900273080915,0.012202454614453018,3.4162725135684013,1.4515471644699574,0.9781354442238808,1.0362852737307549
337920,0.01131243843701668,0.07792140520177782,3.0437975600361824,0.4099230319261551,0.09771894611185417,0.012689473587670363,3.6341722831130028,1.3902485631406307,2.1192286740988493,2.3768676910549402
338944,0.025080554318265058,0.06858978350646794,3.1747641637921333,0.44386589620262384,0.0803530004050117,0.010056456143502146,3.1541475653648376,1.2778758499771357,1.175832537934184,1.602159857749939
339968,0.039209140770253725,0.053276944905519485,3.0970656499266624,0.41676624212414026,0.030751635087653995,0.016793134389445186,2.3369270116090775,0.5575030148029327,1.3983658272773027,1.3907402511686087
340992,0.02247378829633817,0.09137921035289764,3.6506242230534554,0.7218020316213369,0.0482127005525399,0.016197454591747373,2.6528731137514114,1.015821335837245,0.8904958628118038,1.1096961572766304
342016,0.019597453239839524,0.02831651415908709,3.6633393615484238,0.8672631084918976,0.0022817355857114308,0.019664612220367417,2.479021191596985,0.6174725918099284,0.8469915958121419,1.2794469259679317
343040,0.01992337850970216,0.08834804315119982,3.683208405971527,0.8901783172041178,0.057486447258270346,0.01756966652465053,3.0459026098251343,0.9499736819416285,1.113213075324893,1.260124934837222
344064,0.050577927788253874,0.09543421911075711,3.3085655495524406,0.5724960314109921,0.03889133007032797,0.025420302292332053,2.551316909492016,0.804342607036233,1.3176784869283438,2.601052936166525
345088,0.04170727584278211,0.1332065190654248,3.2161973640322685,0.5160072101280093,0.03305237489985302,0.012830065446905792,2.8755350038409233,0.8786191679537296,2.386234398931265,1.3551888074725866
346112,0.028653281420702115,0.07097473880276084,3.7305713072419167,0.8573951870203018,0.0469608151470311,0.014354028229718097,3.235436774790287,1.1999186221510172,1.3493001721799374,1.115424344316125
347136,0.06342153929290362,0.05960631149355322,3.2016531005501747,0.5606333613395691,0.13689062040066347,0.012582454204675741,3.58780537545681,1.5018389821052551,1.7704371567815542,1.8636590838432312
348160,0.02499359179637395,0.06037614797241986,3.630672626197338,0.6979718878865242,0.06015838899475057,0.021757155162049457,3.461559146642685,1.4615798331797123,1.2753794379532337,1.2615906316787004
349184,0.006563377275597304,0.05743433482712135,3.7770598381757736,0.9163236152380705,0.08369122736621648,0.02038310596253723,3.397524192929268,1.5073369406163692,1.2016634959727526,1.1363455094397068
350208,0.03053576587990392,0.05270853731781244,3.5609795674681664,0.7239402234554291,0.11013356293551624,0.01161838771076873,3.444202221930027,1.185065608471632,1.0767894554883242,1.0534074418246746
351232,0.026357085633208044,0.055532054451759905,3.804584838449955,0.8515134546905756,0.07347177073825151,0.015848951967200264,2.9612324610352516,0.9492270592600107,1.00845105946064,1.0315661141648889
352256,0.029318279877770692,0.032741783652454615,3.7177574932575226,0.8041508235037327,0.04388056567404419,0.00833635668095667,3.3773623406887054,1.5522492155432701,1.178739683702588,0.9688879149034619
353280,0.025370076880790293,0.07634568668436259,3.6832491755485535,0.8327693194150925,0.08436106273438781,0.015836946666240692,3.487117275595665,1.495311826467514,1.3517234437167645,1.0151194632053375
354304,0.02457854902604595,0.08946297434158623,3.338139921426773,0.5894851367920637,0.03611186519265175,0.014099206251557916,3.4173116758465767,1.140434343367815,1.4917301032692194,1.103721708059311
355328,0.03449078314588405,0.060541195212863386,3.392021879553795,0.6154907364398241,0.0388539123814553,0.021567797259194776,3.2174598798155785,0.9716733135282993,1.001173123717308,1.241570632904768
356352,0.005984599934890866,0.10929402289912105,3.51995200663805,0.6272820886224508,0.08767151855863631,0.030097054492216557,2.7446092069149017,1.0186348855495453,1.3075564038008451,1.4201238453388214
357376,0.02737892436562106,0.08820569142699242,3.5622756257653236,0.6915738880634308,0.08600062079494819,0.02289321384159848,4.000054873526096,1.9541788548231125,1.5866101924329996,0.8757255165837705
358400,0.033869574894197285,0.1339381984435022,3.3044986501336098,0.5315915765240788,0.06960865727160126,0.033084053662605584,3.24879003316164,1.1433368623256683,2.5766588784754276,1.3152012135833502
359424,0.030905935011105612,0.07822174136526883,3.4048225581645966,0.5391560178250074,0.10601670760661364,0.01588151667965576,3.321604996919632,0.9766271486878395,2.085708536207676,1.8457406423985958
360448,0.05947557423496619,0.11671841726638377,3.501195006072521,0.5883070938289165,0.07063828044920228,0.013845558525645174,3.5687654465436935,1.2467379719018936,1.9286717548966408,1.0427630366757512
361472,0.020155465317657217,0.11248692008666694,3.4232769161462784,0.5656908266246319,0.046382365573663265,0.013560122999479063,3.172364041209221,1.0824917890131474,1.8083714619278908,1.1740631833672523
362496,0.025778693860047497,0.1662674848921597,3.265479661524296,0.49129065312445164,0.07082640402950346,0.019230401172535494,3.6858489364385605,1.3734961412847042,3.4818452782928944,1.4432316944003105
363520,0.034526162286056206,0.0831404950004071,3.5158906802535057,0.5757662393152714,0.05677450880466495,0.01401736680418253,3.7464019656181335,1.5680739507079124,0.9589244611561298,0.9742031432688236
364544,0.03995262373064179,0.052738689933903515,3.222116708755493,0.4921197919175029,0.07255024474579841,0.007627838225744199,3.7232041507959366,1.4661830216646194,1.4281788002699614,0.8833784842863679
365568,0.025336062186397612,0.07079104892909527,3.1871813237667084,0.4580618590116501,0.10078972351038828,0.021525023417780176,3.510349616408348,1.3366309776902199,1.257596980780363,1.1543600112199783
366592,0.03431446632021107,0.029508632083889097,3.4374015405774117,0.6158820511773229,0.1170828960603103,0.020404474053066224,3.1497756615281105,1.0678271539509296,0.9740005191415548,0.9270079610869288
367616,0.02828727674204856,0.04243572615087032,3.7054389864206314,0.7443202286958694,0.045678544498514384,0.022679161018459126,3.5878888443112373,1.3255319446325302,0.9517528228461742,0.9943204699084163
368640,0.027359527186490595,0.07662831479683518,3.6820367351174355,0.7868666239082813,0.06222617701860145,0.023519291484262794,3.2315185368061066,1.203189693391323,1.0161037538200617,1.0373747665435076
369664,0.032086164865177125,0.089617517311126,3.3713822662830353,0.5500927660614252,0.09770596242742613,0.026533330033998936,3.4047266989946365,1.1901331953704357,1.2139619011431932,1.003463052213192
370688,0.02741062775021419,0.09734992100857198,3.0895861387252808,0.47985660284757614,0.05145136624923907,0.026179930078797042,3.2900101765990257,1.1349429413676262,1.481590911746025,1.2237352188676596
371712,0.02071493843686767,0.05440398049540818,3.3434387743473053,0.458534250035882,0.07052034744992852,0.012427425856003538,3.6178120523691177,2.0391615368425846,1.4668709821999073,0.9578308612108231
372736,0.02438901149434969,0.0759378612274304,3.0790556743741035,0.3721033623442054,0.05024184481590055,0.014654696977231652,2.8947567641735077,1.0766566768288612,1.2973808534443378,0.9724463317543268
373760,0.02088157158868853,0.20313103403896093,2.9739196076989174,0.3160734251141548,0.0029112174233887345,0.02513436123263091,2.9038693234324455,1.2127595115453005,2.650516891852021,1.7345509957522154
374784,0.019537026644684374,0.07984979322645813,3.222011037170887,0.4012436242774129,0.061281615431653336,0.01788971683708951,3.515623152256012,1.5286135077476501,1.233266182243824,1.1001418782398105
375808,0.020097125991014764,0.03296268865233287,3.0518649369478226,0.3553493097424507,0.07489459752105176,0.018733615113887936,3.617465913295746,1.474605679512024,0.9985329676419497,1.0063211973756552
376832,0.012589116697199643,0.06405695248395205,3.221243642270565,0.4339118851348758,0.031806368177058175,0.012742002829327248,3.7391457930207253,2.0532276816666126,1.0589437186717987,1.3562523908913136
377856,0.03684656124096364,0.08483973890542984,3.108247436583042,0.39704198110848665,0.1401762613095343,0.020358129258966073,3.8148187398910522,1.7102811932563782,2.0823734253644943,1.1265845326706767
378880,0.009429316691239364,0.021554125676630065,3.3077434599399567,0.4636537078768015,0.03735747639439069,0.014315529901068658,3.891274370253086,2.1117023080587387,0.907533978112042,1.033705129288137
379904,0.01946950210549403,0.07538045127876103,3.509573385119438,0.6301116272807121,0.037405767798190936,0.013088064908515662,3.601865105330944,1.8808890953660011,1.2459631357342005,0.8769564582034945
380928,0.054798135126475245,0.03281586413504556,2.7554426789283752,0.37251891288906336,0.09139375388622284,0.016489990201080218,3.072399601340294,0.8970065731555223,1.326155999675393,1.4203927908092737
381952,0.018841739161871374,0.03654321905924007,3.702337384223938,0.7839750796556473,0.043652974723954685,0.01646450866246596,3.556138925254345,1.5698403138667345,1.0111269215121865,1.287214133888483
382976,0.016152941272594035,0.029058869986329228,3.405114285647869,0.5815116120502353,0.079448068048805,0.01235430408269167,3.375163145363331,1.252986816689372,1.0227183811366558,1.0098189655691385
384000,0.018136578364646994,0.042234460706822574,3.4810227900743484,0.6484086103737354,0.07822800127905793,0.011545447807293385,3.1969801858067513,1.479530081152916,1.3590425811707973,1.243033915758133
385024,0.003976306121330708,0.05650013545528054,2.694932147860527,0.34434261079877615,0.11097089247778058,0.01548828519298695,3.633314162492752,1.6871486529707909,1.7896928284317255,1.2875754330307245
386048,0.02122068390599452,0.021870280645089224,2.893849976360798,0.4164959965273738,0.1036259233369492,0.014508602151181549,1.96971121057868,0.6786815151572227,0.8163279173895717,1.6458603125065565
387072,0.03300887758086901,0.0576952057890594,3.671544589102268,0.8069628048688173,0.10114055252051912,0.01881616684840992,2.5968927294015884,0.7929073721170425,1.0243019443005323,1.5214320681989193
388096,0.007777089107548818,0.03054750632145442,3.9859400019049644,1.2615886516869068,0.023933266900712624,0.00976954785437556,3.7736188396811485,1.9696787670254707,1.4046296682208776,1.3202703781425953
389120,0.03546628440381028,0.08029883599374443,2.99813674390316,0.43904676754027605,0.07293541805120185,0.02000894129741937,2.958325006067753,0.97468077018857,1.2550222557038069,1.060002412647009
390144,0.016250489745289087,0.037818780227098614,3.5319613218307495,0.703933909535408,0.09943135888897814,0.02786738221766427,3.188358709216118,1.1297551095485687,1.0700385086238384,1.0970291923731565
391168,0.028185567862237804,0.05384703224990517,3.5527129024267197,0.6723999455571175,0.07100841106148437,0.020494011376285926,2.7192879989743233,0.7652275450527668,0.8507504444569349,1.1852917093783617
392192,0.07744543871376663,0.046296204905956984,3.6203724443912506,0.751735782250762,0.07889743335545063,0.016583157907007262,2.085035853087902,0.5575547954067588,1.4048587810248137,2.4371163677424192
393216,0.026402655406855047,0.0284736420144327,3.1856720000505447,0.5055153099820018,0.07556261454010382,0.01870020167552866,2.455253913998604,0.6157073937356472,1.050154795870185,1.3653016574680805
394240,0.03781812364468351,0.036166897625662386,3.1690649539232254,0.4785003289580345,0.011127339763334021,0.014221735676983371,3.09189523011446,1.2689920850098133,0.9469715934246778,0.7596360985189676
395264,0.01004535038373433,0.020387670083437115,3.7206451073288918,0.8128179293125868,0.050625284857233055,0.012166219908976927,3.112895704805851,0.949078069999814,0.9995996858924627,0.851704497821629
396288,0.03386377383139916,0.06077996676322073,3.500529035925865,0.5936393421143293,0.030308549001347274,0.019907565758330747,3.101669929921627,1.058015724644065,1.1581448540091515,0.9903458971530199
397312,0.03833613058668561,0.04184649878880009,3.3577478229999542,0.5024489173665643,0.07035172890755348,0.013815108672133647,3.0434649363160133,0.9652723800390959,1.2811242621392012,0.835045725107193
398336,0.011923409518203698,0.028335345210507512,3.253592371940613,0.4895625291392207,0.050628449593205005,0.012591191145475022,2.9710763543844223,1.381405059248209,0.8918195366859436,0.9670088840648532
399360,0.025562026901752688,0.07261068292427808,3.3304765671491623,0.5762158967554569,0.06769104523118585,0.01154244203644339,3.023953676223755,1.0885016359388828,1.0991041446104646,0.7683116598054767
400384,0.027954532866715454,0.07896204269491136,3.4956722036004066,0.5814690813422203,0.061727500054985285,0.01664093867293559,3.2973856329917908,1.085959454998374,1.3780875746160746,0.9288295786827803
401408,0.010877554072067142,0.06434766901656985,3.2225858196616173,0.4710879409685731,0.05802555778063834,0.017930447444086894,3.1520137637853622,1.0078736264258623,1.2168279699981213,1.1677288012579083
402432,0.023058397317072377,0.0503581817029044,3.411485493183136,0.5239449627697468,0.040891049706260674,0.01183388038771227,3.2772837579250336,1.130476439371705,1.5708820801228285,0.9188692234456539
403456,0.024630779051221907,0.07373229612130672,3.027654714882374,0.4197697537019849,0.05567765882005915,0.00995644589420408,3.8035862520337105,1.700840424746275,1.7369575593620539,1.1563906343653798
404480,0.011306457417958882,0.05953784461598843,3.382212109863758,0.5559360114857554,0.04363107538665645,0.017703716061078012,3.625032313168049,1.4574089124798775,1.029976500198245,0.7950384579598904
405504,0.04263934899063315,0.044207676022779197,4.099776536226273,1.1806316040456295,0.06471450673416257,0.009838672922342084,3.509032182395458,1.5294727385044098,0.9180565867573023,0.9151708446443081
406528,0.08294706515152939,0.0899034416070208,3.7128075063228607,0.852588377892971,0.09396886575268582,0.01917278827750124,3.4722940996289253,1.3150028754025698,1.3020598944276571,1.0291145322844386
407552,0.05629936957848258,0.07629117229953408,3.182224214076996,0.4691394194960594,0.0787092360551469,0.01655982091324404,3.5491450279951096,1.4848156459629536,1.3491694554686546,1.0392740741372108
408576,0.017844887566752732,0.029236055677756667,3.0894753858447075,0.44530475325882435,0.04369083811616292,0.00912981474539265,3.089221827685833,1.2311175391077995,0.9160767858847976,0.8013281393796206
409600,0.017427405102353077,0.026611564797349274,3.4603962898254395,0.6280994974076748,0.08167852612677962,0.01421229331754148,3.499767377972603,1.4506563916802406,0.9235297907143831,0.9289651392027736
410624,0.02176061604404822,0.06501290563028306,3.840739943087101,0.7862864695489407,0.10709216096438468,0.016836406284710392,3.5409314408898354,1.480258360505104,0.9425618192180991,1.027353124693036
411648,0.03618750607711263,0.051256328471936285,3.6664360389113426,0.6836925521492958,0.06310583659796976,0.010992373267072253,3.1401223242282867,1.116048201918602,1.0304980333894491,1.1515317037701607
412672,0.039388991717714816,0.06729765387717634,3.550086170434952,0.6649891268461943,0.07412420595937874,0.009925788472173735,2.8840108513832092,0.9526649825274944,1.3288729302585125,1.0235121557489038
413696,0.05929683038266376,0.027376426616683602,3.4194342270493507,0.5553308492526412,0.06831380317453295,0.006588066902622813,3.3720321506261826,1.568627081811428,1.0522217750549316,0.7054460914805532
414720,0.03859503156854771,0.0857654467690736,3.0789336785674095,0.3893388584256172,0.07829489529831335,0.00871503574308008,3.276896245777607,1.2469319552183151,1.450313240289688,1.1823279783129692
415744,0.021000231747166254,0.06167468545027077,2.971543200314045,0.3695652764290571,0.02577945328084752,0.016169436450581998,3.158777631819248,1.1848512925207615,1.5776134263724089,0.9753321427851915
416768,0.015849681716645136,0.04068091860972345,3.426392264664173,0.5804798398166895,0.09058563830330968,0.01090891678177286,3.115991458296776,1.222326584160328,0.9085493106395006,1.062500724568963
417792,0.035631179984193295,0.03710946440696716,3.252888411283493,0.49608371313661337,0.04275284957839176,0.010744724131654948,2.8933349177241325,0.8920316342264414,1.2859298903495073,1.4831155547872186
418816,0.016967402334557846,0.02947223768569529,3.6491273790597916,0.6692994711920619,0.017881634703371674,0.006897771323565394,3.5856099277734756,1.7677383609116077,0.8720646910369396,0.8088600523769855
419840,0.01587517189909704,0.044447594904340804,3.431650809943676,0.741464214399457,0.08280903662671335,0.012081977823982015,3.385021924972534,1.358855091035366,1.2060320787131786,0.9349658451974392
420864,0.03728546778438613,0.06931910919956863,3.3940835371613503,0.5533398259431124,0.019377727498067543,0.01840545199229382,3.1529822796583176,1.342220352962613,1.3268673997372389,1.1810728078708053
421888,0.036945625353837386,0.046339876018464565,3.5926986187696457,0.6800558790564537,0.05821950163226575,0.012492895941250026,3.4722753763198853,1.569258488714695,1.070415560156107,1.2283612191677094
422912,0.009484163107117638,0.029892433434724808,3.238975867629051,0.5735816499218345,0.02973409031983465,0.014469642395852134,2.961929313838482,1.1309016086161137,1.0557693466544151,1.0248275622725487
423936,0.024802119587548077,0.04762053402373567,3.7294387593865395,0.9131225887686014,0.053419060044689104,0.017910977578139864,3.6048562675714493,1.4112033024430275,1.0675689447671175,1.1968063171952963
424960,0.02545230308896862,0.0900832749903202,3.1903876289725304,0.5576640786603093,0.12990411708597094,0.021269742195727304,3.323349677026272,1.2634756118059158,1.2737016156315804,1.2055716188624501
425984,0.03188332967692986,0.04273144598118961,3.7371839359402657,0.833726841956377,0.08676060992002022,0.02380995883140713,2.9407245814800262,1.0054974872618914,1.08263979293406,1.6229443326592445
427008,0.04425359072047286,0.03816617000848055,3.461696170270443,0.5864509232342243,0.03852722092415206,0.011427175428252667,3.309895299375057,1.3543703593313694,1.2391320317983627,1.0706073474138975
428032,0.024560860387282446,0.09389390307478607,3.0060220062732697,0.3569323243573308,0.04955853344290517,0.01664501306368038,3.368534505367279,1.5444457493722439,1.5044207759201527,1.1068909503519535
429056,0.02107130816875724,0.08688661176711321,3.548009142279625,0.5960207311436534,0.03181901731295511,0.015481748094316572,3.559735082089901,1.5943680219352245,1.0192069038748741,0.9908992554992437
430080,0.01946872242842801,0.05820725788362324,3.1912159621715546,0.5006789965555072,0.08668701234273612,0.020570678840158507,3.3568814769387245,1.1518345139920712,1.4137209989130497,1.1137729194015265
431104,0.03940408554626629,0.06254912179429084,3.2921516746282578,0.5571942068636417,0.07800215852330439,0.013066771411104128,3.0561405643820763,0.8988414332270622,2.0692205391824245,1.103988528251648
432128,0.039139470405643806,0.05146073782816529,3.021721549332142,0.3953760778531432,0.04879261119640432,0.017072898423066363,2.993301458656788,0.7852521017193794,1.6665934808552265,1.5246656071394682
433152,0.02313847217010334,0.054214745527133346,3.441373161971569,0.549391271546483,0.04323675841442309,0.014893617699272,3.5122057646512985,1.448677795007825,0.8080847822129726,0.8257400207221508
434176,0.023454966270946898,0.05179383198264986,3.5084614008665085,0.5877149105072021,0.028373294131597504,0.014024403135408647,3.525345392525196,1.7377591915428638,1.0766477212309837,0.6630468741059303
435200,0.03342398855602369,0.03440856747329235,3.4772955030202866,0.5935646835714579,0.0632752597448416,0.010753526235930622,3.9176866859197617,2.031949609518051,1.0066523514688015,0.6480856025591493
436224,0.006687281042104587,0.025849834259133786,3.329641744494438,0.669749136082828,0.044493557477835566,0.006216542482434306,3.879377044737339,1.7863024771213531,1.0083690853789449,1.36726891156286
437248,0.046347242896445096,0.07686600543092936,3.2705657929182053,0.5388507638126612,0.044347216753521934,0.016804729792056605,3.770030699670315,1.515256430953741,1.2096314188092947,1.1222498007118702
438272,0.029852384264813736,0.045795331127010286,3.5939029902219772,0.5899449391290545,0.07194412150420249,0.011938675947021693,3.5676762014627457,2.1034330017864704,1.1244173478335142,1.2118693422526121
439296,0.03340645617572591,0.0637519332813099,3.268524743616581,0.47012412268668413,0.07714570075040683,0.015384559228550643,3.526653826236725,1.5638291016221046,1.1142277251929045,1.0595674775540829
440320,0.022020658652763814,0.04333608376327902,3.0447872951626778,0.3859249474480748,0.10440534248482436,0.007847812157706358,2.9870648980140686,1.0867224056273699,1.183152586221695,0.8238792065531015
441344,0.025035566781298257,0.0535178913269192,2.878050908446312,0.36075358279049397,0.06808325424208306,0.008435486946837045,2.983936794102192,0.8495958801358938,1.2899210304021835,1.1932679675519466
442368,0.01885124265390914,0.04953499446855858,3.415058195590973,0.6476815771311522,0.06958963099168614,0.015912591305095702,3.3710026666522026,1.089519565925002,0.805174557492137,1.1656605564057827
443392,0.0335034307645401,0.051681323791854084,3.2225712463259697,0.5631854999810457,0.07578927467693575,0.021359089005272835,3.512644186615944,1.27264891192317,1.0637561324983835,0.8444192158058286
444416,0.0262169264460681,0.03356322325998917,3.3481667935848236,0.5674148416146636,0.04861369918216951,0.016455425415188074,3.570982590317726,1.3732359744608402,0.9005035869777203,1.251349177211523
445440,0.03004297117877286,0.03021964180516079,3.4170282781124115,0.6141577679663897,0.06671229342464358,0.01402835434419103,3.299561209976673,1.1220353338867426,0.9056784640997648,1.1223459020256996
446464,0.02097163535654545,0.05331192130688578,3.426523983478546,0.564931926317513,0.06122134154429659,0.020525781757896766,3.3848712146282196,1.260779194533825,1.0804683677852154,1.1652291752398014
447488,0.01172694526030682,0.06054434669204056,3.360178291797638,0.6753218676894903,0.05357903373078443,0.02465465833665803,3.387981668114662,1.227866981178522,1.2420518025755882,1.0552133079618216
448512,0.02551662502810359,0.07428773446008563,3.5486459359526634,0.7139406595379114,0.08103408385068178,0.03921210131375119,3.234427161514759,1.398733925074339,1.6250035241246223,1.4489612895995378
449536,0.040384272622759454,0.13741073245182633,3.4254833310842514,0.6738337641581893,0.0493376754457131,0.04305841954192147,3.1336165443062782,1.5990150086581707,1.296640794724226,1.4979204665869474
450560,0.0339969853812363,0.038076686731074005,3.205803520977497,0.4669574163854122,0.0652924970490858,0.023087888752343133,3.0707815289497375,1.3761926665902138,0.9761816393584013,1.1416788958013058
451584,0.019241938571212813,0.0360233373939991,3.2376185208559036,0.4994998425245285,0.057175415684469044,0.013261110259918496,3.042641945183277,1.0576001331210136,0.9094864223152399,1.1143213035538793
452608,0.013535594625864178,0.035036237561143935,2.9709575325250626,0.3925085561349988,0.06531593968975358,0.017360815487336367,3.2539621740579605,1.3726779222488403,1.0642586331814528,0.923318549990654
453632,0.021411992362118326,0.026397216221084818,3.5156017392873764,0.6222704229876399,0.09163874021032825,0.00805197700537974,3.7076998576521873,1.7485238537192345,0.8139140605926514,1.085862947627902
454656,0.021936249366262928,0.08382909873034805,3.7146589383482933,0.7557417936623096,0.07093353429809213,0.012895039544673637,3.3947276771068573,1.2853284291923046,1.0715760122984648,1.0391879696398973
455680,0.0351249294471927,0.06356069177854806,3.2498482912778854,0.5759761538356543,0.0664227825764101,0.012983125547179952,3.4551785960793495,1.5189763717353344,1.390446338802576,0.7939340518787503
456704,0.03747228436986916,0.05620224814629182,3.217488758265972,0.48378449492156506,0.07826814614236355,0.013421234500128776,3.3948411867022514,1.1439094506204128,1.399805087596178,1.3254384379833937
457728,0.023090995266102254,0.029071353405015543,3.2681649923324585,0.48385877441614866,0.06139542956952937,0.014113819459453225,3.699150897562504,1.5100014545023441,1.3195346985012293,0.967399138957262
458752,0.02255952326231636,0.04306318168528378,3.0704597532749176,0.4663511635735631,0.07334721551160328,0.011291182934655808,3.499651752412319,1.4414245411753654,1.4225578550249338,1.0908090844750404
459776,0.016937105334363878,0.042885671835392714,2.859091132879257,0.39019143022596836,0.11925836012233049,0.009630158805521205,4.190325319766998,2.5157313272356987,1.1940309517085552,0.7140986556187272
460800,0.02618892554892227,0.020601142634404823,3.218566671013832,0.5538839716464281,0.0708091881533619,0.009278240249841474,3.7066579833626747,1.4190056286752224,0.9086688160896301,0.735592033714056
461824,0.019720676820725203,0.016014636756153777,3.3583188205957413,0.5049994913861156,0.1034346716478467,0.009592593545676209,3.858048766851425,2.1210648007690907,0.9410567227751017,1.1037887148559093
462848,0.025546855176799,0.03883073263568804,3.5428072661161423,0.6284649949520826,0.08758207340724766,0.013144777360139415,3.7337751314044,1.9840425550937653,1.075585775077343,0.7810200164094567
463872,0.02433513119467534,0.03342755953781307,3.529219128191471,0.6543007735162973,0.06243100797291845,0.017186442826641724,3.5782481506466866,1.5293766632676125,0.8884247867390513,0.9458968695253134
464896,0.021976144111249596,0.02931748889386654,3.520990490913391,0.5802648141980171,0.07651978213107213,0.014186069602146745,3.8518755808472633,1.632665291428566,0.9620038708671927,1.2320690751075745
465920,0.03770447552960832,0.08066638698801398,3.2143614143133163,0.49267187248915434,0.07957526005338877,0.01337895539472811,3.381107375025749,1.3106043078005314,1.4390928447246552,0.8721536807715893
466944,0.019303889333968982,0.04131763381883502,3.3033675625920296,0.5640160366892815,0.08654278446920216,0.015152717474848032,3.6433430686593056,1.616311464458704,1.0840133298188448,1.142002172768116
467968,0.026866706801229157,0.019141236960422248,2.860747493803501,0.36815937515348196,0.13189490407239646,0.010652840763214044,3.066584438085556,0.9482167549431324,1.1180052002891898,1.6252049952745438
468992,0.034259982814546674,0.11363522475585341,3.4734678640961647,0.6273051621392369,0.04080295542371459,0.02256512569147162,2.968979626893997,1.0524481479078531,1.059956794604659,1.3839100953191519
470016,0.028903826867463067,0.05270534579176456,3.3372775837779045,0.5239256266504526,0.06503653601976112,0.021418634278234094,2.6048807576298714,0.9020259082317352,1.1985309794545174,1.361699664965272
471040,0.016755078264395706,0.04773439047858119,3.6209587454795837,0.6910963505506516,0.06138274981640279,0.013383858284214512,3.552675314247608,1.602452801540494,0.8752612136304379,0.7957487050443888
472064,0.04945641238009557,0.09280824544839561,3.3409891426563263,0.616314179264009,0.039417654916178435,0.01585688305203803,2.9925423935055733,1.0555267669260502,1.3831041399389505,1.3259638901799917
473088,0.023244314274052158,0.037091447156853974,3.3650245368480682,0.602431314997375,0.06215867871651426,0.009629136780858971,3.4459012299776077,1.2818281929939985,0.8498855326324701,1.224775061942637
474112,0.021720159289543517,0.0752737196162343,2.868619553744793,0.3853267105296254,0.061838282737880945,0.0195777706685476,3.3518155440688133,1.1669027134776115,1.4364471472799778,1.030465604737401
475136,0.033434418990509585,0.02791740110842511,3.299360677599907,0.5373661406338215,0.09216916537843645,0.011514542391523719,3.876676395535469,1.6292330920696259,0.9062770940363407,0.8239019047468901
476160,0.023844204915803857,0.035478436679113656,3.5016701743006706,0.6125200558453798,0.09705853767809458,0.019681564706843346,3.732491947710514,1.911635123193264,1.1692810822278261,1.1909305844455957
477184,0.03295023880491499,0.04691969137638807,2.984909527003765,0.4446591194719076,0.04619630140950903,0.015814158541616052,3.225937955081463,1.2689686883240938,1.0610685963183641,1.15961654484272
478208,0.020036970730870962,0.034165263758040965,3.3293972238898277,0.5658984081819654,0.08664875573595054,0.011759538167098071,3.470926873385906,1.608115628361702,1.210981149226427,0.7854220867156982
479232,0.021549095050431788,0.06788251164834946,3.368097811937332,0.5144189801067114,0.05390652926871553,0.01939790477626957,3.4595455527305603,1.4835118856281042,1.038131956011057,0.7360569024458528
480256,0.015310232105548494,0.04357734392397106,3.2926952093839645,0.45875674206763506,0.09629267355194315,0.017740219802362844,3.3782625421881676,1.6202753968536854,1.0096358265727758,1.1660243179649115
481280,0.007148181946831755,0.0288285730057396,3.9844019412994385,1.0522783575579524,0.06953378263278864,0.011254522629315034,3.6431749165058136,2.112444069236517,0.6886934200301766,1.1522047575563192
482304,0.05318013168289326,0.06660699332132936,3.9131812155246735,0.9316988214850426,0.04629255717736669,0.01990607607876882,3.2560129687190056,1.3803447745740414,1.1014439389109612,1.3124379683285952
483328,0.03717934915039223,0.0270212521427311,3.867185667157173,0.9883361775428057,0.05544819851638749,0.015117781920707785,3.0454532355070114,1.0303725823760033,1.0246507376432419,1.4006143528968096
484352,0.03706014466297347,0.04265942412894219,3.4642108380794525,0.6704328749328852,0.04957880056463182,0.024416979344096035,2.1365930922329426,0.5617865426465869,1.085147863253951,1.4465206675231457
485376,0.04480120736116078,0.05129529896657914,3.540704235434532,0.6197553835809231,0.043986066651996225,0.009015807328978553,3.3734302669763565,1.4042608514428139,1.4262092746794224,0.7834328161552548
486400,0.030546963840606622,0.08331453497521579,3.183952584862709,0.4636183697730303,0.10268009465653449,0.006672254225122742,3.3842509165406227,1.279808409512043,1.4264649227261543,1.2137039732187986
487424,0.029891583282733336,0.07524493301752955,2.967888318002224,0.3998442552983761,0.06399551272625104,0.01422420103335753,3.193038374185562,1.1068152487277985,1.7116073332726955,1.4187481477856636
488448,0.023251177684869617,0.03695953608257696,3.3637014403939247,0.5994340823963284,0.03695560398045927,0.013543356413720176,3.1118097752332687,1.229359358549118,0.8851195238530636,1.2380975410342216
489472,0.022517473640618846,0.04428950301371515,3.4044171944260597,0.5721519980579615,0.10882864007726312,0.00920293919625692,4.0291899517178535,1.8211968466639519,1.121867723762989,0.8478624671697617
490496,0.04282783635426313,0.08547238353639841,3.3167216777801514,0.5531787136569619,0.07332402162137441,0.019144573830999434,2.8991246968507767,0.8451034240424633,1.241197094321251,1.3630799558013678
491520,0.01389624021248892,0.030624299659393728,3.022054448723793,0.4074013363569975,0.07277047476964071,0.012970674069947563,3.4601956978440285,1.3505725990980864,1.4210285749286413,0.9551415629684925
492544,0.03454611204506364,0.054976235260255635,3.315758615732193,0.5428148796781898,0.04710299213184044,0.012852871092036366,3.4150970429182053,1.3957455419003963,1.158857386559248,0.8031584331765771
493568,0.017950680834474042,0.04623291391180828,3.5060817524790764,0.596197497099638,0.053129411629925016,0.011260149025474675,3.385285124182701,1.6770016700029373,1.167650330811739,0.9937654286623001
494592,0.023416926007485017,0.04433052142849192,3.3004336655139923,0.5285818781703711,0.08541331574087963,0.01443221521913074,2.973448634147644,0.9716872964054346,1.2060532700270414,1.0918509690091014
495616,0.04108134482521564,0.040723922254983336,3.220539964735508,0.5325673026964068,0.055013284378219396,0.010876475455006585,3.3849774226546288,1.2076617628335953,1.130111837759614,1.2840428734198213
496640,0.0246911092690425,0.05038559390231967,3.373962476849556,0.5660463711246848,0.03475875809090212,0.015404386271256953,3.932712972164154,1.753989338874817,1.320130132138729,0.8797674514353275
497664,0.01760950057359878,0.014338101318571717,3.25938381254673,0.5267215957865119,0.07946506922598928,0.007543807158072013,4.191682301461697,2.2030072323977947,1.1951975785195827,0.7318141302093863
498688,0.02696889867365826,0.023882776265963912,3.1214497685432434,0.5098656294867396,0.05795436873449944,0.01879159625968896,3.4476572200655937,1.312489353120327,1.077318286523223,1.1764739220961928
499712,0.016469829017296433,0.022130312747322023,3.7004234567284584,0.6924696862697601,0.03867723769508302,0.009341830635094084,3.818448022007942,1.850813489407301,1.1381371710449457,0.8919153176248074
500736,0.029665557231055573,0.02851668040966615,3.3556599989533424,0.5952069330960512,0.10795862309169024,0.015476641565328464,4.155739918351173,2.2056152932345867,1.1660424340516329,0.7421835539862514
501760,0.04800560696457978,0.058021625969558954,3.178837515413761,0.46426315512508154,0.09864779649069533,0.01696233121037949,3.8760427609086037,1.800208069384098,1.2751356158405542,1.0872974721714854
502784,0.009129992307862267,0.0765988415805623,3.6820384711027145,0.6698533929884434,0.03382883743324783,0.022005038481438532,3.8295460045337677,1.8657577484846115,1.1676646526902914,1.1668152511119843
503808,0.0197856151353335,0.026697810681071132,3.113706886768341,0.4310641987249255,0.1267251797253266,0.018607353238621727,3.619194485247135,1.307097639888525,1.1859383434057236,2.34679276868701
504832,0.03637582014198415,0.09868773724883795,3.298202134668827,0.48455880861729383,0.06785742670763284,0.01275260174588766,3.0113152116537094,0.9329918920993805,2.5047041717916727,1.7776710391044617
505856,0.013371752458624542,0.03123648389009759,3.654040887951851,0.7415337134152651,0.038939105201279745,0.010682699372409843,3.434000812470913,1.539259783923626,0.8970235604792833,2.7318811090663075
506880,0.015361099409346934,0.0489843882387504,3.3235606774687767,0.5691008139401674,0.03550918595283292,0.019518649816745892,3.249479480087757,1.128157775849104,1.1343013029545546,1.2553713526576757
507904,0.03237737776362337,0.0882982355542481,2.955350659787655,0.42056609503924847,0.08880648500053212,0.023833587008994073,3.207410827279091,1.356592133641243,1.5034498646855354,1.3082509264349937
508928,0.022605897102039307,0.04505269171204418,3.2065199837088585,0.5173550471663475,0.008629741438198835,0.006204944911587518,3.8813964426517487,2.4439786225557327,1.2547389548271894,0.681565981823951
509952,0.04706292136688717,0.011818188679171726,3.0861679315567017,0.5217382702976465,0.10353300295537338,0.014335773550556041,3.8037028536200523,1.2149920985102654,1.018136514350772,1.825736097060144
510976,0.01657632103888318,0.055837257066741586,3.167079910635948,0.4214700208976865,0.08779258315917104,0.023978698125574738,3.3156343176960945,1.3315296154469252,1.1351108103990555,1.1238982938230038
512000,0.031130027389735915,0.04412815783871338,3.011942744255066,0.3886880073696375,0.03631134019815363,0.01697062107268721,2.5881597623229027,0.9537058807909489,1.1064526364207268,1.3115936908870935
513024,0.015554405428702012,0.04964655276853591,3.2458773776888847,0.4681516569107771,0.0385028944874648,0.015813686710316688,3.2219325602054596,1.3271654024720192,1.1773845115676522,1.0427425131201744
514048,0.028472692938521504,0.024524020322132856,3.779752977192402,0.6889992766082287,0.034749574901070446,0.011473537393612787,3.7983386889100075,2.6972901672124863,0.8138499548658729,1.2624104097485542
515072,0.03840815165312961,0.05491223814897239,3.213988870382309,0.5183937959372997,0.05436398906749673,0.022323481709463522,2.6076623871922493,0.8047306817024946,1.1979432757943869,1.4019967652857304
516096,0.028077466238755733,0.035796226002275944,3.5498080626130104,0.6338902348652482,0.055205282085807994,0.010675671204808168,3.701350584626198,1.657549824565649,1.021948792040348,0.9141642181202769
517120,0.031871012470219284,0.06937540706712753,3.1041082590818405,0.4490115363150835,0.09464749717153609,0.01072971434041392,3.518895484507084,1.4049062840640545,1.82751633413136,1.0361924692988396
518144,0.05051202530739829,0.07533869333565235,3.3877882584929466,0.5465836692601442,0.10110747008002363,0.019118185533443466,3.8298688754439354,1.6675006709992886,1.3437620140612125,1.1005227006971836
519168,0.023552041326183826,0.02868997200857848,3.2938341423869133,0.43072904273867607,0.06884750275639817,0.013971460808534175,3.5923164263367653,1.6241232454776764,1.5290334522724152,1.129912837408483
520192,0.029674673060071655,0.044234935368876904,2.939109429717064,0.38594888895750046,0.07800643652444705,0.018479141959687695,3.0095009729266167,1.0394135415554047,1.475060498341918,1.2970360582694411
521216,0.01630597483017482,0.04055787593824789,3.3867924958467484,0.5633019283413887,0.039273748465348035,0.02582187164807692,3.347345806658268,1.5781215056777,1.0884040985256433,1.0439723385497928
522240,0.011892699025338516,0.0438813591026701,3.4771992340683937,0.7442002054303885,0.036227715987479314,0.01439238827151712,3.1228315606713295,1.5114307254552841,0.9758365582674742,1.0153225809335709
523264,0.0730430411058478,0.07044956856407225,3.45376193523407,0.6749437674880028,0.03108245819748845,0.02253228024346754,3.6904457360506058,1.7300856485962868,2.2050276026129723,0.9978696880862117
524288,0.017974218222661875,0.05724757659481838,3.3078229501843452,0.4668695945292711,0.08194416973856278,0.01756896125152707,3.3571624159812927,1.500920845195651,1.135762340389192,1.292484600096941
525312,0.023890832177130505,0.01686513505410403,3.3939398899674416,0.501853447407484,0.043265875545330346,0.010996138546033762,3.097861588001251,1.4187067914754152,0.9032082399353385,0.8504006257280707
526336,0.009555023585562594,0.026708034274633974,2.777272582054138,0.3359412522986531,0.040695385716389865,0.011782210611272603,3.326524242758751,1.6156557071954012,1.2198245823383331,0.8295394256711006
527360,0.014186122018145397,0.07455995411146432,3.0081653743982315,0.4211859377101064,0.16506166942417622,0.010506798833375797,4.022581197321415,1.8681053295731544,1.6539040636271238,0.8939593732357025
528384,0.017440494906622916,0.04644116945564747,3.1310192197561264,0.42613921593874693,0.13419557258021086,0.01433625037316233,3.707462579011917,1.6440937370061874,1.9082014374434948,1.8104115594178438
529408,0.013932246292824857,0.032025218359194696,3.832096718251705,0.8087423071265221,0.03483712574234232,0.012816423273761757,3.9601116701960564,2.108965326100588,1.398502504453063,0.8888975577428937
530432,0.042161658173426986,0.04475575411925092,3.7395169511437416,0.8570376876741648,0.11497800645884126,0.0205631387361791,3.057578332722187,1.2244498319923878,1.3730064630508423,1.3922184947878122
531456,0.038938976504141465,0.05091297731269151,3.191167712211609,0.47343018278479576,0.049064472783356905,0.022328626684611663,3.08492124825716,1.2655390873551369,1.840809989720583,0.9270955147221684
532480,0.013640878954902291,0.03617702273186296,3.3237879648804665,0.4803344691172242,0.03504155215341598,0.015279267390724272,3.946768991649151,2.448801666498184,1.3836428560316563,0.7643398558720946
533504,0.03224550775485113,0.0391750629642047,3.249794729053974,0.5006840210407972,0.12730029632803053,0.01852905345731415,3.8760660365223885,1.8688117116689682,1.1947233695536852,1.442420106381178
534528,0.026830805116333067,0.033182041021063924,3.395056150853634,0.5885064043104649,0.10041442536748946,0.014592500519938767,3.862793378531933,1.5540000461041927,1.009421169757843,1.286429364234209
535552,0.03586895210901275,0.0312684893142432,3.2081823274493217,0.4562852205708623,0.09593894885620102,0.012584594340296462,3.5085910111665726,1.6154919192194939,0.9789115581661463,0.96227175462991
536576,0.010685842804377899,0.05672584974672645,3.9750132635235786,1.0442015398293734,0.06996268549119122,0.023368633177597076,3.989323280751705,1.7381122894585133,0.8355376236140728,0.8695859368890524
537600,0.028988340956857428,0.07513175730127841,3.634370841085911,0.7211634032428265,0.11633958900347352,0.027249307779129595,3.2642260044813156,1.1825761422514915,1.6035765018314123,1.5102853924036026
538624,0.03056897573696915,0.05827095196582377,3.4794981628656387,0.6368098519742489,0.0736682343413122,0.027028103213524446,3.3324558436870575,1.255138672888279,1.2408714555203915,1.8440702427178621
539648,0.05377529011457227,0.08334678353276104,3.32953642308712,0.5961243081837893,0.026724666939117014,0.018605081451823935,3.4625051394104958,1.3174581415951252,1.5714947748929262,0.9813397414982319
540672,0.028952347827726044,0.03717568196589127,3.608068272471428,0.7073930259793997,0.06438857319881208,0.012923774484079331,3.4458799958229065,1.860408578068018,1.187966875731945,1.3164874874055386
541696,0.047478699299972504,0.10673313250299543,3.374801069498062,0.5509027326479554,0.14315781381446868,0.0124378559703473,3.2510485649108887,1.336038775742054,1.770543860271573,0.9635122567415237
542720,0.014145425157039426,0.047953599714674056,3.27593082934618,0.5403247252106667,0.07841704977909103,0.006659434708126355,3.0230016112327576,1.1509595960378647,1.0381350349634886,1.1732993368059397
543744,0.03954974682710599,0.08661867131013423,3.239276558160782,0.5259539727121592,0.047543808148475364,0.01748126748134382,3.204032249748707,1.457647381350398,1.6668243240565062,1.1415576077997684
544768,0.04592012002831325,0.07906331506092101,3.2971102073788643,0.5201914235949516,0.12069983757101,0.01414529763860628,3.3388012424111366,1.4635556638240814,1.1127265375107527,0.9352994943037629
545792,0.012391818265314214,0.04783940955530852,3.2252474948763847,0.4462415501475334,0.09794365556444973,0.010461683297762647,3.6891180500388145,1.838105320930481,0.9168931506574154,0.9681612942367792
546816,0.03154568315949291,0.057430888060480356,3.1188408210873604,0.44978963769972324,0.10904458269942552,0.013974503439385444,3.563055284321308,1.4937827214598656,1.1888320539146662,0.9015559367835522
547840,0.01700767470174469,0.025515896501019597,3.102959483861923,0.44735483080148697,0.07020521597587503,0.010307884091162123,3.114781931042671,1.2071399092674255,1.4462511222809553,1.2372662760317326
548864,0.011428576573962346,0.03965655009960756,3.238741412758827,0.5028459904715419,0.03488999223918654,0.011284396154223941,3.3034577816724777,1.369114113971591,0.8822200819849968,0.9221201837062836
549888,0.03446828150481451,0.029995992605108768,3.359348051249981,0.5564137231558561,0.05998920355341397,0.010718752077082172,3.012324795126915,1.126806689426303,1.2042496167123318,1.198179516941309
550912,0.03574027703143656,0.02110205715871416,2.9830353930592537,0.4274098975583911,0.052899645146680996,0.013132988737197593,3.216684952378273,1.4607954267412424,1.6933693755418062,1.3020535204559565
551936,0.015734271932160482,0.027595591556746513,2.9861454516649246,0.47183126863092184,0.07795865903608501,0.016727370268199593,2.9017011523246765,0.9271579254418612,1.2054072553291917,1.1728124842047691
552960,0.010131798902875744,0.02571176376659423,3.424895592033863,0.5783791961148381,0.05432216194458306,0.009821517480304465,3.169260688126087,1.689345197752118,1.2151775043457747,0.7568733152002096
553984,0.019643275358248502,0.03328057751059532,3.428557425737381,0.5774582643061876,0.08707225896068849,0.015047215158119798,3.7712797597050667,2.0735347010195255,1.1055010333657265,0.6478310935199261
555008,0.038554776954697445,0.04233557783300057,3.386237286031246,0.674820076674223,0.10389642106019892,0.016854202462127432,3.3460328429937363,1.0297106467187405,1.6310412175953388,1.0129799600690603
556032,0.03717777368729003,0.017744987679179758,3.721773736178875,0.8683892004191875,0.07085659328731708,0.017103747493820265,2.9652523770928383,1.047331953421235,1.0759871639311314,1.0725869629532099
557056,0.01931023786892183,0.04019900056300685,3.1578349471092224,0.5120770810171962,0.06299375061644241,0.022691324818879366,3.38962259888649,1.6488889902830124,1.1819721423089504,1.2106981752440333
558080,0.04042938177008182,0.054867158993147314,3.815166614949703,0.9318414516746998,0.08720399567391723,0.015359407145297155,3.391760304570198,1.4289432801306248,1.148573188111186,0.975412854924798
559104,0.042927149683237076,0.0462340492522344,3.4436695650219917,0.6202748995274305,0.03922881357721053,0.01466901763342321,3.681408077478409,1.8440433777868748,1.3390321880578995,0.9606941025704145
560128,0.04133336272207089,0.047433631203603,3.063948467373848,0.5122405365109444,0.02709848032100126,0.01034162167343311,3.143002010881901,1.1273437719792128,1.6623241379857063,0.8334475560113788
561152,0.032874197233468294,0.05739280499983579,3.3609221130609512,0.5817049294710159,0.04124180652434006,0.013139915696228854,3.082940459251404,1.3521002791821957,0.8971216827630997,1.1140317264944315
562176,0.013075451963231899,0.031501650460995734,3.601280741393566,0.7279253080487251,5.5854179663583636e-05,0.011314806353766471,3.5877477303147316,1.9458890743553638,1.1673014787957072,1.073253651149571
563200,0.025583893540897407,0.08561823051422834,3.7431751117110252,0.9333145786076784,0.05521352303912863,0.023943343840073794,3.386860527098179,1.4415898472070694,1.2920924704521894,1.222366450354457
564224,0.04452986651449464,0.06175963766872883,3.4239805787801743,0.7023502383381128,0.07063961136736907,0.018812479422194883,3.30150830745697,1.180379195138812,1.5362704917788506,1.0742902886122465
565248,0.03712913455092348,0.019988099549664184,3.3651259392499924,0.6318187564611435,0.0874249623157084,0.014234425674658269,3.22767124325037,1.153747433796525,0.9750718958675861,1.3383731488138437
566272,0.017933970142621547,0.021113179886015132,3.699985593557358,0.7609307561069727,0.026935184054309502,0.009879901830572635,3.6990265548229218,2.4343166798353195,1.159841226413846,0.7552818404510617
567296,0.02565539930947125,0.058930893545039,3.4880379512906075,0.6245707329362631,0.1515713664703071,0.02983507647877559,3.88511111587286,2.0889807716012,1.2429573740810156,1.0195266623049974
568320,0.02153276454191655,0.04374562081648037,3.365704759955406,0.5990021601319313,0.13043488143011928,0.019237816042732447,3.2571496441960335,1.1915684640407562,1.3799363300204277,1.3441603127866983
569344,0.037953270541038364,0.040819089859724045,3.291718505322933,0.5606887619942427,0.05078385607339442,0.016130557982251048,3.518847346305847,1.4612027071416378,1.4786807540804148,0.8839854132384062
570368,0.031069609423866495,0.06301675632130355,3.2653565034270287,0.4728930313140154,0.10333544400054961,0.016108395531773567,3.6624534279108047,1.566446978598833,1.3834188468754292,1.3839069195091724
571392,0.021610713825793937,0.021594490710413083,3.5761960446834564,0.7100929021835327,0.04884040731121786,0.010357014136388898,3.5824303552508354,1.5439560823142529,0.9031180739402771,1.0709067787975073
572416,0.025971423820010386,0.04439594567520544,3.7105418518185616,0.7564498167484999,0.07268137086066417,0.015683158300817013,3.337242841720581,1.2339374627918005,1.186200650408864,1.909091129899025
573440,0.011910880071809515,0.0645742827327922,3.8458138182759285,0.9233976490795612,0.06078267071279697,0.01666264547384344,3.397627666592598,1.556411150842905,1.0233948677778244,1.1447051465511322
574464,0.05781178892357275,0.12635700730606914,3.2737444043159485,0.6143822334706783,0.12504853820428252,0.014225912018446252,3.1139225214719772,1.1185562871396542,2.1682853028178215,1.44989637658
575488,0.014279232185799628,0.05789705005008727,2.973865509033203,0.3797568650916219,0.07341127644758672,0.010898359600105323,3.430797316133976,1.4178148247301579,1.6598081421107054,1.0674249986186624
576512,0.01971788570517674,0.03930713934823871,3.4795486330986023,0.5752101112157106,0.04494361762772314,0.014658069500001147,3.429786264896393,1.3027760609984398,1.218859938904643,0.9371092207729816
577536,0.035593427848652937,0.04056769597809762,3.2511673644185066,0.46290464233607054,0.034950112050864846,0.0158374625898432,2.499924413859844,1.045474724844098,1.1805549636483192,1.0256149787455797
578560,0.034467324818251655,0.0821957909502089,3.4014583081007004,0.5234114611521363,0.059813231899170205,0.014769603440072387,3.2671816498041153,1.6159748882055283,1.1205019354820251,1.2875940408557653
579584,0.035985559938126244,0.053384294908028096,3.1722510531544685,0.4121242640540004,0.07610235339961946,0.016130993055412546,3.3816997036337852,1.6263709403574467,1.2753642052412033,1.0206067860126495
580608,0.024330471904249862,0.050385095237288624,3.2105814442038536,0.4037091340869665,0.11195473041152582,0.012989833106985316,3.4424910619854927,1.486150424927473,1.2512145675718784,0.9948448799550533
581632,0.02590427259565331,0.04195705067832023,3.036628231406212,0.3804302457720041,0.06852204629103653,0.01438898328342475,3.048125132918358,1.4386606477200985,1.3474214915186167,1.0551013918593526
582656,0.003296315378975123,0.027441459766123444,3.628924533724785,0.6856763958930969,0.05158692295663059,0.01542586664436385,3.833563730120659,2.302776601165533,0.9523694785311818,0.8341375095769763
583680,0.04210876033175737,0.04656502278521657,3.4159318432211876,0.49275996536016464,0.11308027198538184,0.014283732540206984,3.1514665335416794,1.4100772812962532,1.313617866486311,1.875851333141327
584704,0.03039791449555196,0.02821582544129342,3.3620025292038918,0.5511398194357753,0.0756907339382451,0.01368860708316788,2.8665512427687645,1.0023129675537348,0.940347783267498,1.5898850038647652
585728,0.023955598182510585,0.03780520969303325,3.5462412387132645,0.6273899078369141,0.10894840699620545,0.01157889564638026,3.43404658138752,1.4141173996031284,0.9782032836228609,1.2498141564428806
586752,0.02064595955016557,0.05268292379332706,3.389657497406006,0.5346521949395537,0.14565141953062266,0.009571322647389024,3.6676873937249184,1.263687390834093,1.3992358352988958,1.4695172980427742
587776,0.020592795131960884,0.03512183477869257,3.6513473093509674,0.7049791589379311,0.03992241824744269,0.008811324791167863,3.3281564190983772,1.3623199723660946,1.101321840658784,0.869369950145483
588800,0.044687105211778544,0.04604672722052783,3.322179615497589,0.5717510841786861,0.07230281774536707,0.013678592105861753,3.284209042787552,1.0338668450713158,1.4943474177271128,1.3340369164943695
589824,0.014573128893971443,0.05748818814754486,3.803941950201988,0.8333102744072676,0.03584463738661725,0.015986025391612202,3.1413963958621025,1.1624404937028885,1.3383972570300102,0.9497146606445312
590848,0.053730706102214754,0.05217448330949992,3.67512134462595,0.7521959748119116,0.06375231861602515,0.021535134233999997,3.5201515331864357,1.302914172410965,1.0482673309743404,1.4438580740243196
591872,0.018246195788378827,0.03508527565281838,3.501824662089348,0.5748855229467154,0.06522628699894994,0.024608195381006226,3.580136202275753,2.4545710273087025,1.0838472470641136,1.187358952127397
592896,0.05551059287972748,0.11693480424582958,3.780533954501152,0.7710918877273798,0.10601045686053112,0.01715040727867745,3.573881395161152,1.670501098036766,1.0852590054273605,1.1561630219221115
593920,0.028758555752574466,0.10961080226115882,3.254735641181469,0.491693951189518,0.015326886787079275,0.027739731303881854,3.313400559127331,1.43430794775486,1.44566454552114,1.1859572436660528
594944,0.02703946734254714,0.05308840237557888,3.474171407520771,0.5713665820658207,0.03560764345456846,0.011865578155266121,3.7537140622735023,2.056156247854233,1.2163466550409794,0.6396691091358662
595968,0.03892421175260097,0.06853856530506164,3.431041955947876,0.5917918719351292,0.11001338646747172,0.019141552271321416,3.1024636700749397,1.1365532577037811,1.2138155959546566,1.2970198523253202
596992,0.010555873741395772,0.06909727433230728,3.3731716498732567,0.5121300732716918,0.07041839614976197,0.008756152979913168,3.462953545153141,1.5483227968215942,1.0340936444699764,0.8567841667681932
598016,0.04285281029297039,0.04373588867019862,3.3479234874248505,0.5301872743293643,0.07879814405168872,0.014254796435125172,3.085380293428898,0.9143085069954395,1.0643126163631678,0.9567790552973747
599040,0.015899209451163188,0.04991346562746912,3.4965599849820137,0.5865628775209188,0.0419233153515961,0.011380847412510775,3.350799009203911,1.276770032942295,1.010878810659051,0.9707646369934082
600064,0.03477892611408606,0.0797166011761874,3.386894851922989,0.5593827124685049,0.0888203356298618,0.017775325890397653,3.0166062712669373,0.9312784988433123,1.1016257368028164,1.3890409898012877
601088,0.02514826566039119,0.052123325993306935,3.3447647988796234,0.5501457927748561,0.05119792142068036,0.013735187370912172,2.8777687177062035,0.863917039707303,0.9088728483766317,0.8208459885790944
602112,0.02057538829103578,0.07005620666313916,3.0456426441669464,0.3829069547355175,0.012231180706294253,0.018491289258236066,2.41400783136487,0.7869525235146284,1.4893506336957216,1.2704615276306868
603136,0.019645265252620447,0.07657299342099577,3.523781009018421,0.6199267767369747,0.08957339965854771,0.020896048547001556,3.863025486469269,1.9776050336658955,1.0611483454704285,0.8766042478382587
604160,0.01963445235742256,0.09019796887878329,3.180715724825859,0.4818560928106308,0.055610275361686945,0.015383796388050541,3.4308076724410057,1.3262080028653145,1.2925604693591595,0.8526801289990544
605184,0.03523037341074087,0.07985626615118235,3.4451475366950035,0.5564453657716513,0.05298212624620646,0.01655118350754492,3.0809644982218742,1.2425599042326212,1.8252330236136913,1.0244576390832663
606208,0.028771797486115247,0.0674930508248508,3.295851945877075,0.5178363276645541,0.10346060188021511,0.016379858512664214,3.3203257098793983,1.0740249920636415,1.449292043223977,0.8680543983355165
607232,0.03775959019549191,0.049519542255438864,2.8668399676680565,0.35813150461763144,0.09706075748545118,0.0123831273522228,3.104468770325184,1.1188301630318165,2.011396983638406,1.2184156803414226
608256,0.024078899674350396,0.04643787309760228,3.4757760614156723,0.5010202545672655,0.06637265798053704,0.010028013872215524,3.4529067054390907,1.3381815999746323,1.0745741073042154,0.7770849447697401
609280,0.03216384362895042,0.0777013439219445,3.3392492532730103,0.5404635649174452,0.10100569925270975,0.017957345844479278,3.4314597696065903,1.1555186193436384,1.161133861169219,0.9491515029221773
610304,0.017427227459847927,0.053325084620155394,3.243848405778408,0.4621152561157942,0.08862662455067039,0.012157196659245528,2.907100632786751,1.1185808163136244,1.3293711952865124,1.2294268272817135
611328,0.021495789842447266,0.034435800451319665,3.393928974866867,0.5828049341216683,-0.02559962062514387,0.004721425324532902,2.8509589061141014,1.9094801601022482,1.0153587982058525,0.7471249112859368
612352,0.021034200486610644,0.06985005352180451,3.6501868665218353,0.6317581832408905,0.05644131702138111,0.020294514222769067,3.660024121403694,3.0951579958200455,1.0585636477917433,0.8966912114992738
613376,0.03291993787570391,0.04238282539881766,3.4210295006632805,0.5988975251093507,0.05161449941806495,0.01818253318197094,3.4826318845152855,1.6678070165216923,1.0016118995845318,0.7928016660735011
614400,0.02409726011683233,0.06248623656574637,3.487655982375145,0.5816994700580835,0.10181662917602807,0.020376341213705018,3.578516088426113,1.6322011463344097,1.1857408918440342,0.8848366755992174
615424,0.017571623757248744,0.06526481686159968,3.2934497222304344,0.5095792952924967,0.0932561662630178,0.013158822956029326,3.4586163088679314,1.5446527525782585,1.381940620020032,1.189305861480534
616448,0.02884254297532607,0.04615296085830778,3.65741678327322,0.7835170831531286,0.09818695083959028,0.011102566510089673,3.7105909511446953,1.9273681826889515,1.0268219085410237,1.1179980719462037
617472,0.046232590422732756,0.06414884270634502,3.3964597284793854,0.7263474352657795,0.05714822036679834,0.014798759366385639,3.1641377732157707,1.3076853714883327,1.1597871463745832,0.8167610885575414
618496,0.04149193507328164,0.05717227014247328,2.923770032823086,0.4575200406834483,0.12217647186480463,0.007064452045597136,3.549103304743767,1.3624689057469368,1.6364297978579998,0.7570311119779944
619520,0.029411082425212953,0.039540721278171986,3.3141859993338585,0.6312374025583267,0.06696850876323879,0.01428715666406788,3.2416090965270996,0.9942296650260687,0.855531482025981,0.807744394056499
620544,0.012143177824327722,0.026602357072988525,3.9485558345913887,1.0630238559097052,0.02281915332423523,0.011186325486050919,3.7352849915623665,1.9973970912396908,1.2298095002770424,0.9003111012279987
621568,0.04972643431392498,0.0555313010700047,3.630707785487175,0.8380715698003769,0.09253122471272945,0.019388724002055824,3.655768856406212,1.6948775053024292,1.3640205431729555,1.2344732005149126
622592,0.029684442532015964,0.014702113214298151,3.3318357095122337,0.5496565280482173,0.0925375772640109,0.009603401907952502,3.31630752235651,1.3901949860155582,0.8084599645808339,1.1852028500288725
623616,0.02866830537095666,0.03923774027498439,3.407720647752285,0.567705106921494,0.06918663822580129,0.013396785376244225,3.542511463165283,1.6581283435225487,1.4426162615418434,1.123847659677267
624640,0.028530576411867514,0.03535619319882244,3.469486318528652,0.5657516298815608,0.028138513443991542,0.010776535666082054,3.1037838831543922,1.4429272450506687,0.9939288459718227,1.0660113971680403
625664,0.011526679969392717,0.048714146309066564,3.5732792913913727,0.7579545117914677,0.0534915890020784,0.01637853166903369,3.2326806038618088,1.16761233843863,1.1206927169114351,1.2742935474961996
626688,0.04611662862589583,0.07899078784976155,3.531846284866333,0.7414449993520975,0.07852308376459405,0.020317493472248316,2.921425975859165,1.2051901649683714,1.3230520766228437,1.4902332574129105
627712,0.052576594171114266,0.06695389410015196,3.273784451186657,0.5889090280979872,0.07493862733826973,0.01599477100535296,2.9876695424318314,1.2860331740230322,1.7164489906281233,0.920624328777194
628736,0.030946402926929295,0.05315101135056466,3.1092913299798965,0.40412077121436596,0.040791409235680476,0.019266225368482992,2.930520713329315,1.1603766418993473,1.805003834888339,1.4892148673534393
629760,0.012237196031492203,0.04582823149394244,3.4118751361966133,0.5456069353967905,0.030060901248361915,0.013616258831461892,3.128553085029125,1.4041793774813414,1.249781547114253,0.8447675993666053
630784,0.02780663910380099,0.05873516062274575,3.6377386674284935,0.6498501896858215,0.09133656302583404,0.016731641080696136,3.501610927283764,1.6482725962996483,1.287413027137518,1.395361291244626
631808,0.02103829148109071,0.05801492102909833,3.571006305515766,0.624776991084218,0.05515705357538536,0.014351689082104713,3.299041748046875,1.4800064973533154,1.4372215326875448,1.0049755219370127
632832,0.021334597971872427,0.0941301176790148,3.0832029953598976,0.40203802194446325,0.11066711143939756,0.013142613956006244,3.054028742015362,1.1290411613881588,1.8865881562232971,1.1567984074354172
633856,0.022687424265313894,0.03612876503029838,3.3437412679195404,0.5271439505741,0.07954427611548454,0.010677111495169811,3.082446649670601,0.9816791024059057,0.8379262471571565,1.1418302711099386
634880,0.0395816765667405,0.07105375151149929,3.027401477098465,0.39767635986208916,0.0756654410797637,0.009403813295648433,3.1332872733473778,1.2589763067662716,1.6257025487720966,1.5403781943023205
635904,0.017842485569417477,0.050818881194572896,2.9877863377332687,0.4140595803037286,0.10242476797429845,0.006165776176203508,2.7138573601841927,0.9024899210780859,1.1852104905992746,1.2532020285725594
636928,0.018447455920977518,0.030406760284677148,3.552527718245983,0.734316261485219,0.07229359174380079,0.00945837120525539,3.033268354833126,1.2132506389170885,1.2044002022594213,1.316040026023984
637952,0.030687432532431558,0.03357780631631613,3.6604040637612343,0.7525901608169079,0.061655405384954065,0.005517788762517739,3.1346659287810326,1.2559655364602804,0.9633131744340062,0.7836671825498343
638976,0.029533769324189052,0.05678039358463138,3.0404631942510605,0.4773533623665571,0.03377562957757618,0.010055838502012193,3.357752613723278,1.2968736458569765,1.1098120510578156,0.8121069921180606
640000,0.006377446581609547,0.011764594150008634,2.7825045213103294,0.30797891272231936,0.12881686113541946,0.008319721062434837,3.3021768406033516,1.0406611487269402,0.8202504208311439,1.1790805021300912
641024,0.01304397318745032,0.04132790624862537,3.679659254848957,0.7198760630562901,0.005616899172309786,0.016122549801366404,3.4856725335121155,2.449776344001293,1.6924458369612694,1.1032842490822077
642048,0.032999516697600484,0.029574991232948378,3.400963634252548,0.6297768484801054,0.044441343619837426,0.010445411542605143,2.8364765644073486,0.9396637454628944,1.2442266028374434,1.526677935384214
643072,0.045759233413264155,0.05418563541024923,3.4871722385287285,0.6140345837920904,0.06790671005728655,0.01776214942219667,3.1034028232097626,1.1025053672492504,1.1376410257071257,0.9853824526071548
644096,0.04754766484256834,0.029473363130819052,3.2216321378946304,0.5159373376518488,0.03272319521056488,0.01099896313098725,3.511144131422043,1.7386773098260164,1.0009240470826626,0.6677140407264233
645120,0.028584502346348017,0.07908521895296872,3.4961196035146713,0.6237158924341202,0.07927145657595247,0.020954858686309308,3.328183740377426,1.430783201009035,1.3409252855926752,1.021155383437872
646144,0.02439855766715482,0.036468989157583565,3.5045503452420235,0.5563905434682965,0.08464157342677936,0.01270563250000123,3.619198977947235,1.6672238670289516,1.0409652180969715,1.0127406176179647
647168,0.02546755806542933,0.04875932005234063,3.0471814423799515,0.45852373726665974,0.09532028471585363,0.011353990543284453,3.4981498047709465,1.5484637692570686,1.666492037475109,0.8402662109583616
648192,0.025121583792497404,0.06317870470229536,2.9231692478060722,0.4222471062093973,0.06690936168888584,0.010740490193711594,3.227911062538624,1.2528394535183907,1.3320944663137197,0.9131275024265051
649216,0.013944627018645406,0.04765853343997151,3.3827817142009735,0.5321174347773194,0.08547814865596592,0.016354206629330292,3.919622167944908,3.724962756037712,1.2558563798666,1.2019013855606318
650240,0.017861499509308487,0.026645427802577615,3.6209160536527634,0.7336472012102604,0.021490288490895182,0.012869846264948137,3.4323536455631256,1.7063990831375122,0.8668096913024783,0.7374254325404763
651264,0.028336900177237112,0.05935194680932909,3.316279262304306,0.5102135334163904,0.13343516952591017,0.014987690607085824,3.8975964039564133,1.397816464304924,1.2136457432061434,0.9289474934339523
652288,0.0169567680277396,0.0444314296473749,3.2518485859036446,0.5226644426584244,0.08470910741016269,0.014978981431340799,3.390320785343647,1.3975897692143917,1.3131650183349848,1.4027373176068068
653312,0.031641125853639096,0.02121329025248997,3.6653511971235275,0.6979054436087608,0.08110254400526173,0.014976141741499305,3.4124716371297836,1.3079183287918568,1.645070530474186,1.6529620178043842
654336,0.028406104422174394,0.035996690625324845,3.767844021320343,0.8049880210310221,0.05450420454144478,0.01440728985471651,3.158163197338581,1.371428206562996,0.9867067020386457,1.2521399520337582
655360,0.03818540944484994,0.05276741716079414,3.465073809027672,0.6693118484690785,0.08830627996940166,0.027171217108843848,3.0688944831490517,1.072588138282299,1.249248101375997,1.9701576046645641
656384,0.0076943305029999465,0.030843967746477574,3.6021196469664574,0.8048388864845037,0.0711112194112502,0.015490913530811667,3.2147380858659744,1.405913632363081,1.0764036942273378,1.1889945808798075
657408,0.035730906936805695,0.05517600988969207,3.5581208765506744,0.737982613965869,0.03130520836566575,0.012848359925555997,3.411447376012802,1.4114092886447906,1.360816515982151,1.2490541748702526
658432,0.03577976071392186,0.05001598806120455,3.5338509902358055,0.5973819624632597,0.09256963565712795,0.015667290368583053,3.7133724316954613,1.574962668120861,1.2361740302294493,0.9176757130771875
659456,0.04170887594227679,0.032419615949038416,3.449553668498993,0.6466139582917094,0.11199681437574327,0.013520488602807745,3.5074789077043533,1.694035593420267,0.9833952859044075,0.8142063310369849
660480,0.044700383878080174,0.0507322070770897,3.3624727353453636,0.541220810264349,0.1278746073367074,0.0158412394230254,3.6543710753321648,1.7417016737163067,1.576759934425354,0.974676582030952
661504,0.011710749262419995,0.049059715936891735,3.5261068418622017,0.7234780853614211,0.023527453769929707,0.011940263109863736,3.5042619332671165,1.6214538253843784,1.2738197799772024,1.0682449704036117
662528,0.026445211013196968,0.04023062303895131,3.5219207108020782,0.6248632818460464,0.09645719861146063,0.02324781214701943,3.6912073642015457,1.6825652495026588,1.4485007133334875,1.1346891969442368
663552,0.03893798612989485,0.04201008955715224,3.8883753642439842,0.8946138061583042,0.09940775344148278,0.024189313291572034,3.9446719512343407,2.449124366044998,1.205749325454235,1.126936735585332
664576,0.053876257967203856,0.045325887855142355,3.7141385972499847,0.9167771693319082,0.08380109252175316,0.011470471130451187,3.2094147354364395,1.4935753997415304,0.9493722477927804,1.1851554438471794
665600,0.02273418745608069,0.05431060027331114,3.3189857080578804,0.5816982286050916,0.10630057388334535,0.01977717931731604,2.8905298486351967,1.1763414070010185,1.8865704126656055,1.728141387924552
666624,0.04573717789025977,0.032478434208314866,3.735397443175316,0.7845030734315515,0.07929724639689084,0.013812627716106363,4.009435787796974,2.2744427882134914,0.9255767576396465,0.7648976286873221
667648,0.07408115128055215,0.09799192752689123,3.63730189204216,0.7840840741991997,0.13726963027147576,0.030181354144588113,3.105962537229061,1.1936404258012772,1.443563800305128,0.978791331872344
668672,0.055023232474923134,0.07757485331967473,3.1917757838964462,0.5026549324393272,0.1141137388185598,0.01890640886267647,3.1709488555788994,1.0986284129321575,1.3892279285937548,1.2920527569949627
669696,0.01831241525360383,0.07087416760623455,2.9973029419779778,0.42192800622433424,0.0431599564908538,0.015344992774771526,2.694575399160385,0.7997358096763492,1.2757776863873005,1.038212738931179
670720,0.013491948397131637,0.045038707030471414,3.4308967664837837,0.5689393598586321,0.07023849795223214,0.010790253581944853,3.815424144268036,2.212086196988821,0.9635239485651255,0.8331130230799317
671744,0.007581824611406773,0.05471120832953602,3.2595123946666718,0.5842885384336114,0.08990290350629948,0.01202118229412008,3.6946510523557663,1.769237108528614,1.4962874092161655,1.4359258580952883
672768,0.07577827805653214,0.021225193049758673,3.7192853689193726,0.6575361639261246,0.064578397461446,0.00844871872686781,3.4065030962228775,1.5318281147629023,1.7636803025379777,1.0965282674878836
673792,0.032628240587655455,0.02892065345076844,3.104765273630619,0.42202426213771105,0.04305523377843201,0.0070119418887770735,3.122451350092888,1.3412582390010357,1.2605489362031221,0.9940803460776806
674816,0.026310263550840318,0.024621821125037968,3.2496239319443703,0.47045619133859873,0.03773961804108694,0.010695426870370284,3.660101816058159,1.7715008147060871,1.1582317035645247,1.0774038480594754
675840,0.01599618086765986,0.027518759190570563,3.727727048099041,0.749025896191597,0.0960753628751263,0.014979322528233752,3.7071027532219887,2.135641071945429,0.9293357711285353,0.9142886707559228
676864,0.038032635260606185,0.032342687889467925,3.5413409620523453,0.8508319314569235,0.11081780941458419,0.014652809360995889,3.4294700920581818,1.2861840948462486,0.8388026524335146,1.2703656684607267
677888,0.01190247226622887,0.03230997716309503,3.3599242195487022,0.5729559883475304,0.0433793660486117,0.0070748727302998304,3.2973915487527847,1.4097977094352245,1.1566138286143541,1.2092862091958523
678912,0.014068710821447894,0.02962575588026084,3.516765221953392,0.7640193998813629,0.05154675600351766,0.01579861858044751,3.2738394290208817,1.443429360166192,1.0650821002200246,1.7041162550449371
679936,0.05086911711259745,0.038750362349674106,3.3961720913648605,0.5554543426260352,0.0851296282489784,0.01320696786569897,3.63349536806345,1.6903856173157692,1.094290217384696,1.094524759799242
680960,0.028260372841032222,0.07635957177262753,3.4785047471523285,0.6257121423259377,0.1129058767692186,0.02245941330329515,3.626362405717373,1.7741448618471622,1.5786283072084188,1.3160189501941204
681984,0.047024395695189014,0.08296502404846251,3.1231615021824837,0.5597807858139277,0.10256119421683252,0.013990473991725594,3.54067549854517,1.2534000501036644,1.6565088536590338,0.9828722737729549
683008,0.033443085150793195,0.06681162177119404,3.056360073387623,0.43762366101145744,0.06870528776198626,0.013159198337234557,3.235598996281624,1.3684875536710024,1.448486465960741,1.0169967412948608
684032,0.01256770605687052,0.05173217202536762,3.2974724620580673,0.5921413069590926,0.09046857681823894,0.016242975369095802,2.9399238005280495,1.419991210103035,1.1937388107180595,1.1201814711093903
685056,0.050189605077321175,0.04390960605815053,2.924389198422432,0.41799797490239143,0.09138131685904227,0.011371629167115316,3.1429413110017776,1.2205144185572863,1.424095457419753,0.8927780538797379
686080,0.0025093390213442035,0.00711019537266111,1.9955776184797287,0.23929013591259718,0.01720382715575397,0.004223548578011105,1.7366683352738619,0.3033914971165359,1.0188232185319066,1.0966904424130917
687104,0.004475755238672718,0.09174198331311345,2.929857522249222,0.28251381358131766,0.0712847998511279,0.02795300431898795,3.7684855461120605,1.8060854263603687,2.290357856079936,0.8084080182015896
688128,0.020383936440339312,0.06241781101562083,2.999194696545601,0.3950679302215576,0.11182620192994364,0.010682765947422013,3.6708442494273186,1.4758066050708294,0.9501985479146242,1.0298574715852737
689152,0.013125738827511668,0.03505653084721416,2.948615685105324,0.37004361022263765,0.09998758241999894,0.016390411678003147,3.4157462641596794,1.5156243592500687,0.8764198403805494,1.1943213809281588
690176,0.01391563203651458,0.05321001558331773,3.584287740290165,0.7385644055902958,0.03962862576008774,0.021827080301591195,3.66020630300045,2.1463645063340664,0.9049777202308178,1.1650830432772636
691200,0.02977504307636991,0.08170324366074055,3.2555281594395638,0.4943275824189186,0.04326624018722214,0.02482415590202436,3.292213447391987,1.2888697013258934,1.2384356837719679,1.3527247570455074
692224,0.038196817607968114,0.06426352960988879,3.386705867946148,0.5489001115784049,0.07896275795064867,0.018342288036365062,3.353686884045601,1.5795632228255272,1.1311793215572834,1.093864162452519
693248,0.03108623274601996,0.04252957657445222,3.126625455915928,0.4988241111859679,0.07870040572015569,0.011658761097351089,3.0885216370224953,1.2912441063672304,1.0227778051048517,1.1055137068033218
694272,0.03517237419146113,0.05262680526357144,3.1314446926116943,0.45855594892054796,0.05306781057151966,0.008171406196197495,3.5155011788010597,1.3770302571356297,1.3965081181377172,0.9200865291059017
695296,0.019112688205495942,0.05189387407153845,3.3113272339105606,0.626226207241416,0.09121206324198283,0.017566399779752828,3.402998723089695,1.5212353728711605,0.9568633157759905,1.3260994767770171
696320,0.027763200472691096,0.04953089891932905,3.4596023857593536,0.5271933740004897,0.08123128683655523,0.021066839894047007,3.5854663103818893,1.736149538308382,1.0598090551793575,1.0850027222186327
697344,0.02139759369310923,0.05523527541663498,3.093241333961487,0.3826040420681238,0.0686423601291608,0.010170935958740301,3.6670354455709457,1.564523208886385,1.3165562897920609,1.180887235328555
698368,0.020435865211766213,0.043179114582017064,3.2368366718292236,0.5047964202240109,0.07538841519271955,0.01415755832567811,3.0884159058332443,1.21368676610291,1.1547382045537233,1.5975141003727913
699392,0.027446666383184493,0.020651623868616298,3.502813845872879,0.6001410996541381,0.09516042715404183,0.005696213491319213,3.571140982210636,1.6661835871636868,0.8907504510134459,1.4987287167459726
700416,0.029953132499940693,0.026362430566223338,3.2029704824090004,0.4897864433005452,0.08845770175685175,0.011292781709926203,3.29939866065979,1.209488494321704,1.1423402670770884,1.2600086461752653
701440,0.03340040810871869,0.038903806649614125,3.5390514209866524,0.6965011395514011,0.043835605087224394,0.015707773476606235,3.3995814323425293,1.1732652727514505,1.1673251781612635,1.4031275864690542
702464,0.041991733480244875,0.04187432205071673,3.4205507785081863,0.5554260239005089,0.09792728186585009,0.012026639800751582,3.5480707734823227,1.6984355449676514,1.2484630700200796,0.982637070119381
703488,0.030945011327276006,0.044157968019135296,3.231671243906021,0.49723066948354244,0.09302898612804711,0.01707486735540442,3.449071556329727,1.2498120106756687,1.3685639221221209,1.2113278694450855
704512,0.0289123956754338,0.05528379889437929,3.323022022843361,0.569441856816411,0.07424270440242253,0.018126998387742788,2.9082149267196655,1.081146227195859,1.0777449700981379,1.34321472607553
705536,0.03137841750867665,0.027609683224000037,3.3102034255862236,0.5046272110193968,0.05520529768546112,0.006384083317243494,3.552729420363903,1.4728455021977425,1.0579287614673376,0.9772357111796737
706560,0.03224858417524956,0.03945492493221536,2.975980080664158,0.3623188165947795,0.11141642252914608,0.011971978354267776,3.263460263609886,1.10719283670187,2.2762195728719234,1.5384316742420197
707584,0.024703333954676054,0.028727840341161937,3.4899352341890335,0.6206841943785548,0.07231335592223331,0.017363897000905126,3.4180537909269333,1.5204136744141579,0.9177110008895397,1.3928591310977936
708608,0.03036493665422313,0.04067328886594623,3.22878784686327,0.5142667926847935,0.06852289571543224,0.013367054954869673,3.08986509591341,1.1989056654274464,1.2213486786931753,1.026346741244197
709632,0.023224376229336485,0.03394013049546629,3.265687473118305,0.511458421126008,0.06345787053578533,0.013431621991912834,3.4984934329986572,1.3251136988401413,0.9449964473024011,1.240920964628458
710656,0.025363351029227488,0.041437784500885755,2.9907529205083847,0.3505830932408571,0.09220415135496296,0.006811882325564511,4.105488069355488,2.0879913233220577,1.182972826063633,0.685789255425334
711680,0.0389565514633432,0.05192208709195256,3.1748955696821213,0.5181583063676953,0.08137860787974205,0.013586165063316002,3.2270571142435074,1.2295632790774107,1.0141501547768712,1.0404531005769968
712704,0.022913480323040858,0.05835118412505835,3.3529063761234283,0.5136373257264495,0.05637574812863022,0.01952627900755033,3.188745953142643,1.1519415155053139,1.487550526857376,1.149206591770053
713728,0.005830847629113123,0.05771362833911553,3.426872134208679,0.5581757463514805,0.09854518226347864,0.02584873541491106,3.8395425900816917,2.9087494164705276,1.0340422205626965,0.7735974229872227
714752,0.027427152585005388,0.08085241133812815,3.4026788994669914,0.5250206580385566,0.06465571786975488,0.01901465276023373,3.3251486718654633,1.6604006811976433,1.4197828359901905,1.2002370227128267
715776,0.03591201250674203,0.07738828682340682,3.1939049288630486,0.4182721059769392,0.10260471844230779,0.021249694982543588,3.369240462779999,1.446371953934431,2.003961680456996,1.3582894839346409
716800,0.03514877750421874,0.062280167010612786,3.242344133555889,0.4691604981198907,0.0979530094191432,0.013543213251978159,3.2162590697407722,1.0779905691742897,1.8506951909512281,1.4128365647047758
717824,0.014046952783246525,0.043203344102948904,3.33022790402174,0.49449085257947445,0.05171755520859733,0.0174868309404701,3.651987500488758,1.5054943077266216,1.152314955368638,1.369753573089838
718848,0.020180988431093283,0.05070356628857553,3.3235963955521584,0.5655852155759931,0.09782728069694713,0.019995588721940294,3.2059852555394173,1.2418791148811579,1.102789543569088,1.5284931939095259
719872,0.038498180045280606,0.04543895408278331,3.3876966685056686,0.5524843372404575,0.08094835391966626,0.018752101546851918,3.10074320435524,0.9754941109567881,1.0596438739448786,1.1735427360981703
720896,0.051784229042823426,0.03192600060719997,3.1835283264517784,0.48128365632146597,0.05821739335078746,0.012329837089055218,3.1537869572639465,1.0597073715180159,2.176416702568531,1.4346355739980936
721920,0.02045927624567412,0.0468055484816432,3.2467972189188004,0.4560185056179762,0.04162364287185483,0.016244135826127604,3.2822447642683983,1.3004048522561789,1.1839997097849846,1.1358576975762844
722944,0.020885798730887473,0.02684955479344353,3.691250331699848,0.6376232840120792,0.010943340210360475,0.009937209993950091,3.3248474299907684,1.4031876269727945,1.0329922698438168,0.9956182092428207
723968,0.026540594233665615,0.024038150790147483,3.7598126009106636,0.800840487703681,0.07697178679518402,0.016374519414966926,3.334436058998108,1.2109284494072199,1.045923794619739,1.0310872737318277
724992,0.04022967824130319,0.07702798629179597,3.3593255132436752,0.5606371751055121,0.04094897260074504,0.02368209889391437,2.4187267124652863,0.7094875928014517,1.2775466796010733,1.4083864726126194
726016,0.04109770548529923,0.0870268881553784,3.2996755689382553,0.5370095493271947,0.07107072666985914,0.016456728422781453,2.841562457382679,0.8292069043964148,2.404228998348117,1.4077681954950094
727040,0.018546802166383713,0.05861121299676597,3.077776037156582,0.44955287780612707,0.04515343107050285,0.020435690676094964,3.514736957848072,1.7755286656320095,1.0101441089063883,0.872707880102098
728064,0.023202421827591024,0.06101376819424331,3.6720463261008263,0.7050541825592518,0.05928403147845529,0.017107561056036502,3.7427754178643227,1.9236780144274235,1.0596321783959866,0.6403734683990479
729088,0.03814927919302136,0.06680235790554434,3.4182533994317055,0.5661124419420958,0.07821779351797886,0.02704160352004692,3.0316580906510353,0.9882753770798445,1.396322801709175,1.0242948066443205
730112,0.03197277709841728,0.08588696294464171,3.2741675972938538,0.5105619244277477,0.06307060361723416,0.015411929343827069,3.54192503541708,1.4123506247997284,1.4171168878674507,0.8366932542994618
731136,0.02189722069306299,0.054738545150030404,3.1947705820202827,0.46532027516514063,0.08363872443442233,0.01973711693426594,2.819834217429161,0.8877885695546865,1.1942057982087135,1.2813801243901253
732160,0.02350381478026975,0.035447049885988235,3.3615448474884033,0.48665079288184643,0.040569529664935544,0.014025688171386719,3.3719770312309265,1.3601175770163536,1.235532458871603,1.656316626816988
733184,0.029278444999363273,0.05325012234970927,3.1573272198438644,0.43779553566128016,0.12198287411592901,0.01249534240923822,3.286297984421253,1.3738883454352617,1.4527962543070316,1.3283915668725967
734208,0.02824664901709184,0.05259575799573213,3.4644075259566307,0.6306212060153484,0.020842819212703034,0.01630581691279076,3.325041264295578,1.4712291918694973,1.1567758675664663,1.1908584274351597
735232,0.02990746519935783,0.06952776212710887,3.1379631012678146,0.49346703197807074,0.04802570916945115,0.02621761307818815,3.261447533965111,1.1116541046649218,1.3435662984848022,1.0681004095822573
736256,0.03891146238311194,0.06604846369009465,3.079835385084152,0.43764790054410696,0.054070258513092995,0.0187494796118699,2.6679862439632416,0.8099435158073902,1.2174639776349068,1.4339252728968859
737280,0.007885172934038565,0.029599411296658218,3.3477695509791374,0.6256270380690694,0.05774422164540738,0.00968354796350468,3.4256359562277794,1.118901139125228,0.9735925290733576,1.2139517879113555
738304,0.013917042611865327,0.03065575286746025,2.8899600505828857,0.3585194628685713,0.0069184149033389986,0.010200667529716156,3.4730433002114296,1.6591646820306778,1.1312780752778053,0.7891303012147546
739328,0.018343475574511103,0.04430713958572596,3.4514157325029373,0.5662972293794155,0.09426618227735162,0.014586234145099297,3.8571419566869736,1.3676652796566486,0.908531567081809,0.7534923925995827
740352,0.014832710105110891,0.032748190336860716,3.8916661739349365,0.8779472913593054,0.07166946778306738,0.018222893151687458,3.8268004581332207,1.2887921556830406,1.0405466314405203,1.8973670676350594
741376,0.041370639723027125,0.07544402813073248,3.466505706310272,0.7546735424548388,0.0801378512987867,0.018420494423480704,3.5211308896541595,1.3883088827133179,1.422002563253045,0.9745355257764459
742400,0.03511115556466393,0.07339193660300225,3.022716723382473,0.4324753861874342,0.09400152403395623,0.022546967025846243,3.2781658321619034,0.9373757746070623,1.814562138170004,1.2070778645575047
743424,0.023079101767507382,0.040294185222592205,3.3020574375987053,0.5565915042534471,0.06612399805453606,0.01456046206294559,2.780638575553894,0.9217874072492123,1.2671431861817837,0.9219790874049067
744448,0.020965837727999315,0.04353917739354074,3.1978597715497017,0.46730834525078535,0.09088964608963579,0.02416855961200781,3.664606921374798,1.568527989089489,1.4980049021542072,1.383533714339137
745472,0.01782607908535283,0.026913838752079755,3.628151409327984,0.7226288318634033,0.07262560894014314,0.013878996091079898,3.9316066056489944,1.9520012103021145,1.1289427680894732,1.1883984692394733
746496,0.039903262673760764,0.06799929577391595,3.2062600925564766,0.555703504011035,0.08475770693621598,0.021934040734777227,3.235229402780533,1.3971686773002148,1.2677436508238316,1.1478884741663933
747520,0.021910288342041895,0.04942940140608698,2.8027883917093277,0.3180420398712158,0.06993931124452502,0.019353397510712966,2.7135783582925797,0.9186177086085081,1.5338496193289757,1.4487139359116554
748544,0.017670704168267548,0.03831536660436541,3.0793403685092926,0.36638325080275536,0.07315827492857352,0.012695250290562399,3.542128473520279,1.6371586471796036,1.541616778820753,0.9219126170501113
749568,0.014388629264431074,0.05316173966275528,3.2908503636717796,0.48948340956121683,0.08724879752844572,0.01767601800384,3.977871499955654,1.6224990710616112,1.2183215878903866,1.328455064445734
750592,0.021528736542677507,0.029158711258787662,3.177154652774334,0.437289678491652,0.07959481328725815,0.020477916084928438,3.3589140623807907,1.147181648761034,1.2112395986914635,1.5706516802310944
751616,0.01798134700220544,0.036390022025443614,3.2106699645519257,0.47472959011793137,0.07754931272938848,0.012862896852311678,3.361484855413437,1.0628690291196108,1.7721458924934268,1.3800170216709375
752640,0.04064682168245781,0.025014694780111313,3.3472294360399246,0.5522332284599543,0.10771651461254805,0.011760325825889595,3.2047996670007706,0.9509894922375679,1.8868073150515556,1.1032001692801714
753664,0.03181457248865627,0.035458376398310065,3.16937218606472,0.47269559744745493,0.14333630516193807,0.013647606421727687,3.7864649146795273,1.4969452470541,1.7794613149017096,0.8453138219192624
754688,0.041112218459602445,0.018780509155476466,3.4246569126844406,0.5744123104959726,0.06714903202373534,0.008710710724699311,3.6850477308034897,1.3818990141153336,1.1951099447906017,0.5889607360586524
755712,0.015301084204111248,0.034306302666664124,3.4466538056731224,0.573456053622067,0.025469795597018674,0.005023652091040276,3.447657786309719,1.4632027819752693,1.2963452376425266,0.7804283173754811
756736,0.0177009352191817,0.04656935669481754,3.3927813321352005,0.5696758581325412,0.13315458194119856,0.02673886448610574,4.117220818996429,2.319332890212536,1.3272717986255884,1.0088537419214845
757760,0.01244294035132043,0.043986245000269264,3.684057854115963,0.7750858943909407,0.062174195365514606,0.02092306176200509,3.53595669567585,1.581665225327015,1.14987188950181,1.5466826260089874
758784,0.025072090968023986,0.060592637048102915,3.701245129108429,0.8231743052601814,0.02582317346241325,0.024686115561053157,3.663524813950062,1.6702655851840973,1.4997584242373705,1.388195462524891
759808,0.04239159470307641,0.02235527671291493,3.5688487738370895,0.6853427141904831,0.10561328288167715,0.013429833285044879,2.801338344812393,0.8442357648164034,0.9604998724535108,1.615334277972579
760832,0.04073586972663179,0.036013056931551546,3.518913708627224,0.7355533707886934,0.0650517315370962,0.012090907417587005,3.0963570550084114,1.1559455879032612,1.466233542189002,1.1510259509086609
761856,0.036662028658611234,0.06139986356720328,3.1711706817150116,0.4993547163903713,0.0358373693889007,0.013288314221426845,3.5239795595407486,1.4950301796197891,1.6041348706930876,0.9506514752283692
762880,0.030872265342622995,0.05031147017143667,3.5214931294322014,0.5858235787600279,0.05103820824297145,0.02413343300577253,3.3473309874534607,1.4826467745006084,1.164520112797618,1.3444107118993998
763904,0.01973828815971501,0.04617424443131313,3.25808285176754,0.4608410680666566,0.059437260482809506,0.007301520396140404,3.7023412957787514,1.823561668395996,1.2904988527297974,1.050535392947495
764928,0.02454481116728857,0.022492930729640648,3.3220363333821297,0.5297088082879782,0.042041290435008705,0.010958095124806277,3.6824801340699196,1.654804103076458,1.1686428226530552,1.1577118206769228
765952,0.024861458223313093,0.04766376386396587,3.404600478708744,0.5496738441288471,0.07746391705586575,0.022323469340335578,3.215060457587242,1.3394231870770454,1.0976193808019161,1.5094969384372234
766976,0.028483826987212524,0.06265501666348428,3.2997330129146576,0.678915848955512,0.04459049625438638,0.0237722477177158,2.7564673870801926,0.894179105758667,1.3093195129185915,0.9084112960845232
768000,0.04930599780345801,0.05745792365632951,3.7105042040348053,0.8105471152812243,0.13355553007568233,0.02291783396503888,3.1961255967617035,1.1460854578763247,1.2011977676302195,1.2139336355030537
769024,0.008552802901249379,0.04085794428829104,3.471685267984867,0.6193746421486139,0.047501480410574004,0.016639023349853233,3.1309539675712585,1.0846337620168924,1.5532799325883389,1.278364535421133
770048,0.0285926666110754,0.009753942402312532,3.108906254172325,0.40485614258795977,0.009817222191486508,0.007647088830708526,0.6038389103487134,0.07607201117207296,1.653608025982976,0.9734880966134369
771072,0.03961919853463769,0.07489318621810526,3.012595906853676,0.572499105706811,0.11486283736303449,0.02618345766677521,3.744513660669327,1.627657450735569,1.420664668083191,1.0418155435472727
772096,0.030391361899091862,0.062418086105026305,2.9600081965327263,0.4395849071443081,0.037340034323278815,0.0210836817859672,2.6358402594923973,0.7935968935489655,1.5200295262038708,1.5397552950307727
773120,0.008004918534425087,0.036457405949477106,3.6152014657855034,0.6765273185446858,0.07371107814833522,0.016309972415911034,3.102360874414444,1.163390977308154,1.3352610655128956,1.4027664680033922
774144,0.03947188094025478,0.04216140607604757,3.404548980295658,0.5056160883978009,0.06705792914726771,0.015318121353629977,2.972387194633484,1.1813009679317474,1.6209494974464178,1.214063422754407
775168,0.023537676985142753,0.060935316258110106,2.973088286817074,0.39961952436715364,0.09189706912729889,0.017587304319022223,2.692536421120167,0.8461802266538143,1.4358042608946562,1.5676502250134945
776192,0.01189010008238256,0.06417094299104065,3.564681515097618,0.6596865747123957,0.022920953604625538,0.012526868158602156,3.25432425737381,1.6013315618038177,1.3078404031693935,1.1782762985676527
777216,0.039691958445473574,0.06359186326153576,3.1099605038762093,0.5005811592563987,0.06661749660270289,0.008124992498778738,2.5538977533578873,0.6738890828564763,1.6088432054966688,1.3747209031134844
778240,0.03494901757221669,0.05834538722410798,3.232220731675625,0.49898522440344095,0.04282930544286501,0.012059560336638242,3.43103389441967,1.3003661185503006,1.6440135668963194,1.4501588698476553
779264,0.02338984320522286,0.05601435829885304,3.306117959320545,0.48911973275244236,0.04329517111182213,0.014450210583163425,3.4216964542865753,1.386026930063963,1.4838520884513855,1.0539752263575792
780288,0.02206309957546182,0.0897032804787159,3.002956733107567,0.4329511122778058,0.06370471956324764,0.014968094794312492,3.0528497099876404,0.9820639789104462,1.3098597042262554,1.0892342496663332
781312,0.015427616875967942,0.049355970113538206,3.05633857101202,0.45429947320371866,0.05698541511083022,0.012551775551401079,3.5522678792476654,1.4005545228719711,1.5246097184717655,1.1003322564065456
782336,0.0362530525890179,0.06315481674391776,3.037803739309311,0.42594672553241253,0.06532163498923182,0.009873038507066667,3.384335808455944,1.2312762960791588,1.1979595012962818,1.209194254130125
783360,0.031236279959557578,0.07681981020141393,3.28783268481493,0.44072907138615847,0.06043821052298881,0.015893447867711075,3.9875378012657166,2.0866195522248745,1.7201127130538225,0.9845436001196504
784384,0.008645399888337124,0.04234140599146485,3.4435826539993286,0.5574379814788699,0.038559724649530835,0.010206137973000295,3.645531989634037,1.7505801133811474,1.2686479724943638,1.0336715951561928
785408,0.021121692858287133,0.06485924159642309,3.5591089874505997,0.5854035671800375,0.07365938712609932,0.012474463219405152,3.833425186574459,1.994660783559084,0.979973528534174,0.707751345820725
786432,0.010606655938318,0.06158145482186228,3.334576040506363,0.4832695797085762,0.04796277957211714,0.014011335151735693,3.2045846730470657,1.366031724959612,1.4220909755676985,1.3915889617055655
787456,0.0202310890017543,0.05832940782420337,3.048956423997879,0.36796350963413715,0.1373688797466457,0.021366690983995795,3.579296797513962,1.704460546374321,1.3637994974851608,1.329521730542183
788480,0.010366424437961541,0.04866728198248893,3.4963602796196938,0.6128625525161624,0.10633303975919262,0.012079169493517838,3.6296472251415253,1.5880323611199856,1.1326483096927404,0.963896993547678
789504,0.02549190566787729,0.05787235649768263,3.317172773182392,0.48089130874723196,0.08188694919226691,0.014055102394195274,3.293600268661976,1.2158039137721062,1.2499456908553839,1.0237732250243425
790528,0.0281169411027804,0.02602125669363886,2.9214526787400246,0.36631602235138416,0.036104391765547916,0.006716653282637708,2.779428005218506,0.8554520066827536,1.1856441348791122,1.0655909553170204
791552,0.008940664498368278,0.03407010610681027,3.180786147713661,0.3654741682112217,0.03119675867492333,0.017192076513310894,3.555610492825508,1.6877944432199001,1.1403937693685293,0.7529669245705009
792576,0.010786739236209542,0.019071388494921848,3.2547001987695694,0.49411671701818705,0.09334615193074569,0.0047286857443396,3.2598177567124367,1.167343869805336,1.1900898348540068,0.6546178385615349
793600,0.03045433085935656,0.03273379139136523,3.233769327402115,0.46594896260648966,0.003039263217942789,0.008487258965033107,2.9730985909700394,1.2683139648288488,1.1568832248449326,0.8104259800165892
794624,0.01605940845911391,0.08216849889140576,3.399949185550213,0.5506401462480426,0.0352955415728502,0.018576178554212674,3.0545512214303017,1.179924277588725,1.5028349682688713,1.0450172405689955
795648,0.03996764775365591,0.02947149408282712,2.984102211892605,0.4290817203000188,0.06361082557123154,0.0058257388809579425,3.203694812953472,1.3839898183941841,0.9905638061463833,0.9449802618473768
796672,0.010628832955262624,0.029202647041529417,2.901774048805237,0.29715961683541536,0.04153808648698032,0.00998128645005636,3.128957152366638,1.0373410806059837,1.5714836195111275,1.0041128527373075
797696,0.012365386530291289,0.025687180925160646,3.3360623195767403,0.47383080795407295,0.06927540359902196,0.010207786501268856,3.5866466388106346,1.3350439444184303,1.063294731080532,1.2473172526806593
798720,0.006843000272056088,0.03344313445268199,3.1192839965224266,0.4165806882083416,0.06069563905475661,0.011318050121190026,2.6842975802719593,0.9697481505572796,1.6054377183318138,1.5111336233094335
799744,0.016099618194857612,0.04371258255559951,2.7335558235645294,0.3031522389501333,0.00417884168564342,0.01013465407595504,1.997720904648304,0.5690549490973353,1.745824707672,1.0838415650650859
800768,0.02392500230052974,0.048136941506527364,3.1543594151735306,0.44807679764926434,0.027113378688227385,0.020224326144671068,2.691694602370262,0.9571775812655687,1.2391544431447983,1.1832582410424948
801792,0.01527812218409963,0.06363654369488358,3.150351233780384,0.4185641622170806,0.08161630528047681,0.022968682198552415,2.695374719798565,0.9195345602929592,1.570779375731945,1.2142219468951225
802816,0.017244600516278297,0.030256797675974667,3.502308838069439,0.5707344384863973,0.055004503519739956,0.010489269538084045,3.151677392423153,1.0973174944519997,0.905175942927599,1.0232906229794025
803840,0.02980581679730676,0.05499676463659853,3.3137395083904266,0.5228067068383098,0.0777705222426448,0.014109468727838248,2.5279042944312096,0.6881463695317507,1.2964255679398775,0.9595825895667076
804864,0.032294342847308144,0.07284663431346416,2.8415436521172523,0.4043502239510417,-0.007357295282417908,0.007420350942993537,1.9956272542476654,0.44861775171011686,1.2764082960784435,0.8120429422706366
805888,0.020925267053826246,0.06135029438883066,3.0818257331848145,0.40823186188936234,0.04327463897061534,0.010634214981109835,3.2307267114520073,1.0212837662547827,1.2344100344926119,0.6923779845237732
806912,0.01040885309339501,0.030139772046823055,3.390466868877411,0.5134202316403389,0.03185840148944408,0.012059268192388117,3.42264836281538,1.3510819040238857,1.05739981867373,0.9488385412842035
807936,0.025988096662331372,0.028717583976686,3.3173727616667747,0.46478000096976757,0.05559151282068342,0.014477431861450896,3.144541062414646,1.2452090829610825,0.9640986379235983,1.1834422778338194
808960,0.024171345212380402,0.03793879604199901,3.7755400761961937,0.7296802895143628,0.003161751403240487,0.012947535127750598,3.194334588944912,1.815843116492033,1.252025704830885,0.9464350882917643
809984,0.0310004111379385,0.1013292083516717,3.1955770701169968,0.4113911474123597,0.06462402052420657,0.011359639072907157,2.114141631871462,0.5462166210636497,1.8245057724416256,1.001123571768403
811008,0.025048522336874157,0.047862148960120976,3.3860148042440414,0.5962734473869205,0.06733325312961824,0.01743195013841614,3.016788236796856,0.9466616623103619,1.2047767974436283,0.9365114159882069
812032,0.020560615026624873,0.037729589035734534,3.3699725195765495,0.5651075830683112,0.03170736400352325,0.009723747469251975,2.797558382153511,0.9243796188384295,0.9022051803767681,0.9336170172318816
813056,0.03306506598892156,0.024653720087371767,3.1656646504998207,0.42128831800073385,0.04562782618450001,0.014467348650214262,3.459308110177517,1.0583208408206701,1.2991587985306978,1.0277569759637117
814080,0.01485401410900522,0.04047723638359457,3.8094627410173416,0.9016354186460376,0.023455228947568685,0.020148784809862264,3.435849517583847,1.5573645755648613,1.046481842175126,0.9011310040950775
815104,0.02860688242071774,0.04763695050496608,3.615555629134178,0.690256105735898,0.06890261376975104,0.027873761544469744,3.5448563769459724,1.5967700369656086,1.2067209780216217,0.9541631424799562
816128,0.02854555583326146,0.08745712286327034,3.327529914677143,0.5831758501008153,0.09887059484026395,0.023573105136165395,2.8968515172600746,1.2889831773936749,1.544970490038395,1.1774225383996964
817152,0.014453876239713281,0.06803757883608341,3.653209909796715,0.7094473242759705,0.06313588056946173,0.017906612192746252,3.5741651877760887,1.259573269635439,1.305151630192995,0.9248464554548264
818176,0.013545681882533245,0.08468843379523605,3.5622760355472565,0.5830808188766241,0.05868827280937694,0.02270694760954939,3.7021580040454865,1.6527200751006603,1.6573487222194672,1.0470027215778828
819200,0.016201543403440155,0.0916588818654418,3.1500980630517006,0.4270025212317705,0.08450505509972572,0.016122158704092726,3.024112567305565,1.02081866748631,1.8399522136896849,1.767207508906722
820224,0.031124269793508574,0.09436063095927238,2.8866195008158684,0.38328614830970764,0.05955706239910796,0.010241862895782106,3.152322791516781,1.0974273681640625,1.8824065309017897,1.2703634798526764
821248,0.03294756473042071,0.03226062894100323,3.312182165682316,0.4767802134156227,0.035274091409519315,0.012023927964037284,3.709664687514305,1.4687412604689598,0.9972446681931615,0.9505454283207655
822272,0.021761012030765414,0.01910927743301727,3.6328808814287186,0.6871584299951792,0.06254033555160277,0.012404072054778226,3.7997670620679855,1.599475484341383,0.8842315459623933,1.0131965428590775
823296,0.03111906514095608,0.03169111569877714,3.390424869954586,0.5387874050065875,0.08167297067120671,0.020357121131382883,3.508942924439907,1.316179446876049,1.6808374356478453,1.336834967136383
824320,0.02477383313816972,0.05419837892986834,3.232991375029087,0.4687766386196017,0.04175648486125283,0.023248764569871128,2.8631089702248573,0.973022947087884,1.4863782301545143,1.1538882609456778
825344,0.02182227690354921,0.04929733008611947,3.349421449005604,0.5153414681553841,0.053806875337613747,0.02051797549938783,3.0862562507390976,1.09462009370327,1.0823568683117628,1.098933469504118
826368,0.01676826865877956,0.03145474661141634,3.363984130322933,0.49249175377190113,0.033739495323970914,0.008562839750084095,2.7590143978595734,1.1100906897336245,0.9821141231805086,1.0080563630908728
827392,0.030016718184924684,0.047334948321804404,3.4379364624619484,0.5351967671886086,0.04923993023112416,0.01614434691146016,3.5367326140403748,1.3868077397346497,1.2107566110789776,0.8904747311025858
828416,0.014997587772086263,0.030986101948656142,3.9090197384357452,0.8761791288852692,0.013588054745923728,0.008255438777268864,3.741419866681099,1.9337426647543907,1.11507248878479,1.502924938686192
829440,0.013664842204889283,0.03579886141233146,3.398133769631386,0.6344026830047369,0.03138027954264544,0.010461079044034705,3.216046042740345,1.567791324108839,1.0758947562426329,0.8725617760792375
830464,0.03404954762663692,0.04570465022698045,3.481834664940834,0.575750988908112,0.07286639272933826,0.010472270922036842,3.5434718132019043,1.821010211482644,1.6302898898720741,1.164069482125342
831488,0.032069593682535924,0.04972176853334531,3.3619363754987717,0.5804670210927725,0.1253357691457495,0.0259723317285534,3.7940083369612694,2.5722952783107758,1.0574802793562412,0.7858612313866615
832512,0.028796867074561305,0.05254822759889066,3.492572881281376,0.5806461255997419,0.06621411815285683,0.013162777599063702,3.836901143193245,1.8000697419047356,1.1204627733677626,0.9641329199075699
833536,0.024698370485566556,0.04593665117863566,3.480373792350292,0.6311206594109535,0.023993327005882747,0.013045883635641076,3.5640118047595024,1.6117476113140583,1.153542172163725,0.9445661809295416
834560,0.0056807068176567554,0.020110081241000444,3.3272024244070053,0.6321881432086229,-0.03080632208730094,0.018565481281257235,3.03861290961504,1.673616524785757,0.951493052765727,1.2955710254609585
835584,0.03332667614449747,0.06057087564840913,3.4031465277075768,0.6172555219382048,0.11520427465438843,0.01717286155326292,2.8936364203691483,1.2969155851751566,1.1176953427493572,1.553458720445633
836608,0.026136322238016874,0.06001858692616224,3.4958103746175766,0.6905018761754036,0.07334663812071085,0.013790014403639361,3.2030507624149323,1.2445558495819569,1.552485667169094,1.2045050309970975
837632,0.03119397365662735,0.04082404117798433,3.3800022676587105,0.5272510815411806,0.06751302495831624,0.015531273442320526,3.484846346080303,1.5370747819542885,1.2941554468125105,0.8674814021214843
838656,0.037311044172383845,0.07921207998879254,3.3163557201623917,0.5330634778365493,0.07726387196453288,0.010744064638856798,2.7065097019076347,0.992912394925952,1.2083141934126616,0.893169766291976
839680,0.03195597179001197,0.07988503132946789,3.1138059347867966,0.43228386249393225,0.05586886635865085,0.019320538791362196,3.133856415748596,1.228028044104576,1.519140001386404,1.2248451188206673
840704,0.011758416832890362,0.036837678984738886,3.282347932457924,0.40903731249272823,0.07026263215811923,0.011484379225294106,3.605819284915924,1.5330131724476814,1.0674096662551165,1.4528227616101503
841728,0.03017453500069678,0.05778665712568909,3.2235372364521027,0.4572255052626133,0.038752624022890814,0.016746073291869834,3.3478196188807487,1.1793135665357113,1.4179965164512396,0.8440392771735787
842752,0.0206953074230114,0.041609729698393494,3.105226270854473,0.35756023414433,0.017963998136110604,0.014865997509332374,3.035881832242012,1.9138784296810627,1.2842941582202911,1.0414653653278947
843776,0.015496370309847407,0.05251420452259481,2.9498365595936775,0.37286005821079016,0.09691641773679294,0.021967673033941537,2.918029025197029,1.4778738021850586,1.4709875360131264,1.600742544978857
844800,0.0035322991461725906,0.03585425892379135,3.168006256222725,0.42217714712023735,0.0823969476914499,0.011877794284373522,3.2198414131999016,1.287148067727685,1.1776205841451883,1.3214028142392635
845824,0.015852469878154807,0.04022059100680053,3.366970993578434,0.4778902670368552,0.10797593486495316,0.017121732380473986,3.509925104677677,1.2958578690886497,1.0740103647112846,1.2548415269702673
846848,0.021535911044338718,0.0360564473667182,3.3810527697205544,0.523014634847641,0.07690122580970638,0.015363089070888236,3.120514914393425,0.9688682593405247,1.0570477694272995,1.1720977509394288
847872,0.022356736328219995,0.06722412258386612,3.2209330573678017,0.4526228904724121,0.09064898631186225,0.020483374275499955,2.9478055238723755,0.7836225908249617,1.3293466847389936,0.8916422920301557
848896,0.017174721098854207,0.013865647692000493,3.3151539713144302,0.5177882323041558,-0.003973675367888063,0.01006552069884492,3.257972478866577,1.8009240664541721,0.9363749977201223,0.6996822403743863
849920,0.01843227464996744,0.03453453100519255,3.3453157767653465,0.4785201633349061,0.10077769972849637,0.009387509824591689,3.663308285176754,1.7275712005794048,1.1739062406122684,1.0609767027199268
850944,0.013074489601422101,0.03457996912766248,3.3999361023306847,0.5633217608556151,0.06438614783110097,0.016239121643593535,3.2822446301579475,1.1461002714931965,0.9957886002957821,1.0939198844134808
851968,0.04188549591344781,0.06243451533373445,3.090868704020977,0.39928067941218615,0.05276794655947015,0.016521205863682553,3.178901895880699,1.2036230489611626,1.2703549414873123,1.0341331847012043
852992,0.01734136836603284,0.030667024082504213,3.2282754629850388,0.44202826730906963,0.09170751628698781,0.013704926241189241,3.707830384373665,1.5586328953504562,0.8906835187226534,0.8786528538912535
854016,0.019631763105280697,0.022881173354107887,3.1927401050925255,0.4796159500256181,0.024665702017955482,0.00639546787715517,3.5983177348971367,1.6476425249129534,1.2595749851316214,0.9188256580382586
855040,0.012793710484402254,0.0075244995969114825,2.8689920976758003,0.3032038416713476,0.019691704655997455,0.003894473862601444,3.1554341837763786,2.417924361070618,1.1466989070177078,1.2703307727351785
856064,0.020636427536373958,0.052931166253983974,3.6686529889702797,0.6713590212166309,0.004982008395018056,0.019644717714982107,3.1687480732798576,1.3554647397249937,0.886084602214396,1.059939975850284
857088,0.043662969139404595,0.021427120955195278,3.8434206396341324,0.7542490791529417,0.06282664547325112,0.011220241489354521,3.7358268201351166,1.651202518492937,1.4855564748868346,0.9072422403842211
858112,0.011001867278537247,0.03955661004874855,3.478380009531975,0.5647217780351639,0.09609470050781965,0.014444399028434418,3.74253810942173,1.7613970339298248,1.174203047528863,1.0761739071458578
859136,0.024767043665633537,0.049392680753953755,3.494725823402405,0.5875951331108809,0.055079920071875677,0.018549400381743908,2.9904489144682884,1.0640188120305538,1.1149424016475677,1.193516181781888
860160,0.015270605799742043,0.020785297703696415,3.723918579518795,1.2906045764684677,0.007178664498496801,0.009637973780627362,0.13143074163235724,0.02347105782246217,0.873596791177988,0.5921514085493982
861184,0.02847230705083348,0.08493777073454112,3.2478792518377304,0.4310136688873172,0.04429718549363315,0.018485349253751338,2.357842992991209,0.8670544549822807,1.9326517786830664,1.4656966496258974
862208,0.030995137349236757,0.05301436618901789,3.3201510161161423,0.48416098207235336,0.07172662811353803,0.01484498058562167,2.7160907611250877,0.938036585226655,1.0694077163934708,1.2049031220376492
863232,0.04383789238636382,0.02929296059301123,3.5510852709412575,0.6676264517009258,0.038852505036629736,0.009552318340865895,3.013696700334549,1.0982289295643568,0.9705477068200707,1.237956214696169
864256,0.043546905857510865,0.04193254711572081,3.330780766904354,0.512601725757122,0.02087626064894721,0.007084607394062914,2.540699915960431,0.9590001457836479,1.0120082907378674,1.309506382793188
865280,0.0225939468073193,0.041130911908112466,3.2081791907548904,0.4846340212970972,0.05130664608441293,0.013266580033814535,2.9774959683418274,1.2480381671339273,1.1354507971554995,1.4723720662295818
866304,0.02953995894495165,0.04253962350776419,3.5796478614211082,0.6047681858763099,0.0289334385888651,0.011920200267923065,3.3174710646271706,1.1393589470535517,0.871555863879621,1.277544455602765
867328,0.03108981531113386,0.024684489064384252,3.2465097531676292,0.5643589785322547,0.07373829756397754,0.013919966513640247,2.4606917276978493,0.8151062689721584,0.8076020469889045,1.1161928698420525
868352,0.016848609346197918,0.03427999239647761,3.658924385905266,0.7590986751019955,0.03836999292252585,0.013315726770088077,3.140104778110981,1.1212329734116793,0.7649874864146113,1.3305115327239037
869376,0.035663126516737975,0.04604434227803722,3.543567009270191,0.6457788310945034,0.024172269884729758,0.016291054867906496,3.385226897895336,1.4678279682993889,1.5617820173501968,1.2541099693626165
870400,0.027389435163058806,0.05847099726088345,3.5196984261274338,0.6288462597876787,0.06249495467636734,0.021764827833976597,3.662777617573738,1.6519006825983524,1.3797651901841164,0.864751884713769
871424,0.021613129531033337,0.03821241366676986,3.4448693618178368,0.6724997702986002,0.07744641543831676,0.019305391557281837,3.1688778921961784,1.1972579136490822,1.0085689723491669,1.028056489303708
872448,0.031466510583413765,0.04999485763255507,3.2521820589900017,0.4830587422475219,0.02319195822929032,0.025792682368773967,3.6792730018496513,1.7430246509611607,1.3218003623187542,1.3862263495102525
873472,0.023275282146641985,0.05100973043590784,3.286558300256729,0.5400013737380505,0.12000491726212204,0.026580847101286054,3.971200115978718,1.7040807493031025,1.2868158351629972,1.0508667100220919
874496,0.03865064578712918,0.01990977971581742,3.5362965017557144,0.6412977483123541,0.1339099348988384,0.008992212955490686,3.3151341676712036,1.1526385638862848,1.1928137363865972,1.5029289815574884
875520,0.03039847669424489,0.08433317125309259,3.4805360287427902,0.5736976861953735,0.05324958747951314,0.031241270364262164,3.0615830421447754,1.0479645542800426,1.251256849616766,1.0670199552550912
876544,0.036269451418775134,0.10601313156075776,3.206943988800049,0.5050913412123919,0.018748567526927218,0.022824900603154674,3.2753575667738914,1.3382777888327837,1.6820485163480043,1.1752457898110151
877568,0.024750089971348643,0.08561153046321124,3.171924687922001,0.4991418858990073,0.04038463850156404,0.022141467256005853,2.7324241399765015,0.9097458366304636,1.4218459650874138,1.2719422969967127
878592,0.020627819932997227,0.03787045140052214,3.3184245005249977,0.5233360482379794,0.061869211902376264,0.0134845964203123,3.8875677287578583,1.923121590167284,1.5387807171791792,1.1489295391365886
879616,0.030002186409546994,0.04947330511640757,3.1673418134450912,0.461161844432354,0.07962877134559676,0.017202641698531806,3.897893600165844,1.8133956268429756,1.7668892107903957,0.9456526953727007
880640,0.02753629453945905,0.03625674854265526,3.6476086154580116,0.6871100291609764,0.026492363918805495,0.011015862473868765,4.147214747965336,2.094479586929083,1.0795302018523216,0.9669545348733664
881664,0.03237361556966789,0.0709616964450106,3.3940431848168373,0.5260983938351274,0.05140858166851103,0.02346450841287151,3.4479473307728767,1.543129324913025,1.6557393502444029,1.44761548563838
882688,0.043110625018016435,0.040577818581368774,3.0523603036999702,0.45784647576510906,0.1253610331332311,0.011230975433136337,3.417908735573292,1.1888400614261627,1.6906663067638874,1.5200069900602102
883712,0.02048155339434743,0.04045777185820043,3.138110540807247,0.42979353945702314,0.06107903126394376,0.013726760516874492,3.3110715225338936,1.195898987352848,1.1684424839913845,1.5624795351177454
884736,0.016994563571643084,0.05389085231581703,3.5349677428603172,0.565764824859798,0.04824144399026409,0.015670024949940853,3.2327324599027634,1.3267830312252045,1.2705285735428333,1.5570084266364574
885760,0.03533113260345999,0.029612076235935092,3.3357978388667107,0.5273475563153625,0.0976586474571377,0.012660781139857136,3.6888140365481377,1.669068992137909,1.6731890477240086,1.1233471743762493
886784,0.06266299603157677,0.03516432939795777,3.6018653586506844,0.7288628332316875,0.06967443926259875,0.008854905172483996,2.5522816479206085,0.6851106323301792,1.1107721664011478,1.3111288342624903
887808,0.02866557356901467,0.04747322283219546,3.2264678552746773,0.47668965347111225,0.09158587333513424,0.01994320991798304,3.4599568024277687,1.3329883925616741,1.1219553016126156,1.1440327763557434
888832,0.02022825859603472,0.0243300651491154,3.7003184780478477,0.7306362604722381,0.026918272997136228,0.01704036581213586,3.893534690141678,1.6707085184752941,1.0335407834500074,1.0511871185153723
889856,0.03966057047364302,0.046567251440137625,3.2877348586916924,0.5819563455879688,0.11132035090122372,0.014140242070425302,3.320566773414612,1.1739915795624256,1.4858997222036123,0.9425456812605262
890880,0.048318784305593,0.08797887444961816,3.2497463822364807,0.5562530718743801,0.06557532466831617,0.017560589913045987,2.809402711689472,0.9416327998042107,1.759345855563879,1.128640653565526
891904,0.02009192536934279,0.05173035309417173,3.5415672287344933,0.6568712368607521,0.05984123589587398,0.014725464658113196,3.418941840529442,1.6178189888596535,0.9952594731003046,0.825214920565486
892928,0.04390622049686499,0.05806249054148793,3.27327910810709,0.5294627118855715,0.11331815965240821,0.014090222248341888,3.362218514084816,1.1124182138592005,1.0434207171201706,1.2089820839464664
893952,0.0275040900305612,0.03891215298790485,3.4957539215683937,0.5847918093204498,0.048742434941232204,0.009762717076228,3.484450176358223,1.4033164978027344,0.9701499147340655,1.152693396434188
894976,0.033296544366749004,0.017957945994567126,3.3644773215055466,0.5803595874458551,0.05048259726027027,0.012130563511163928,3.5061836764216423,1.5375834703445435,1.0377642335370183,1.177950033918023
896000,0.029478851618478075,0.021766561403637752,3.2211403250694275,0.4889098424464464,0.05098659297800623,0.016923883609706536,2.7454669661819935,1.1304141692817211,0.9904059320688248,1.141829013824463
897024,0.02892585210793186,0.05415707884822041,3.005898095667362,0.4420641427859664,0.06643675095983781,0.015531420649494976,3.4296292662620544,1.3280999772250652,1.3901083227247,0.9940089676529169
898048,0.015236134160659276,0.0398478246643208,3.477135680615902,0.6165115125477314,0.094623916054843,0.015765508636832237,3.8556499406695366,1.6558160707354546,1.1781243551522493,1.3829564899206161
899072,0.056813489994965494,0.033826219965703785,3.294706515967846,0.5733896605670452,0.08392739424016327,0.016124408575706184,2.736168049275875,0.8720794972032309,1.606187105178833,1.8889733534306288
900096,0.01330761777353473,0.04113090707687661,3.0527842566370964,0.43750679586082697,0.016710928830434568,0.016483949642861262,1.3287163935601711,0.33002094202674925,1.3824665546417236,1.8205712996423244
901120,0.015451851853867993,0.04704759770538658,3.505640499293804,0.6556130824610591,0.06639623470255174,0.013321387363248505,3.415046736598015,1.5273589938879013,1.2010818254202604,1.2964910883456469
902144,0.03515449253609404,0.08224326011259109,3.2557116895914078,0.4964303383603692,0.06318367950734682,0.02049447363242507,3.4551583528518677,1.2476961016654968,1.7244900409132242,1.2239074613898993
903168,0.024575187591835856,0.02770830545341596,3.0507423356175423,0.40608323086053133,0.13329852442257106,0.009083483484573662,3.215049646794796,1.0636970568448305,0.9888311317190528,1.4947813106700778
904192,0.017918805096996948,0.051677947281859815,2.872108578681946,0.31894177570939064,0.028335463808616623,0.006739607735653408,3.279884412884712,1.4905053488910198,1.8066020403057337,0.8934343494474888
905216,0.013179548550397158,0.027945418725721538,3.208586096763611,0.4737803628668189,0.04496103854035027,0.012549491060781293,3.7378712743520737,1.9631895497441292,1.0518384352326393,1.1284608813002706
906240,0.02655835179029964,0.02982126484857872,3.202561028301716,0.49646984320133924,0.14276103838346899,0.014422947555431165,4.124489136040211,1.7745419144630432,1.2680716700851917,1.014999644830823
907264,0.01940857755835168,0.024188295676140115,3.6105464547872543,0.761401399038732,0.06780317891389132,0.006840364119852893,3.91247022151947,1.79575602337718,0.8020302951335907,1.0376740489155054
908288,0.026148239281610586,0.043135462678037584,3.6643664613366127,0.7528664413839579,0.031332898419350386,0.010340364300645888,3.462522991001606,1.5197324007749557,1.0345220398157835,1.3867775909602642
909312,0.018354827479925007,0.057813450577668846,3.3320409655570984,0.5569204557687044,0.10329107305733487,0.017330429196590558,3.536352254450321,1.5341685377061367,1.219031523913145,1.1126384269446135
910336,0.024927474747528322,0.05076201900374144,3.6643273010849953,0.7628437466919422,0.033221888123080134,0.018996367347426713,3.5913062915205956,1.7232674807310104,1.062427043914795,0.826733473688364
911360,0.0579578276083339,0.09346226451452821,3.616099312901497,0.7861824966967106,0.06965107409632765,0.021854026737855747,3.564372904598713,1.5173154659569263,1.9653718285262585,1.4798088278621435
912384,0.031807064631721005,0.10572099452838302,3.486333966255188,0.6492200344800949,0.018004456200287677,0.010574404674116522,3.638252593576908,2.0339415706694126,1.041764285415411,0.7103193392977118
913408,0.034482728195143864,0.05172410199884325,3.3152416795492172,0.5236282488331199,0.07939520222134888,0.013771683705272153,3.4447756856679916,1.394260223954916,1.2073103822767735,1.3454614151269197
914432,0.00955470697954297,0.028470697812736034,3.6306410059332848,0.6666352208703756,0.07049817449296825,0.008935756326536648,3.8944422975182533,1.6839174665510654,0.9139823820441961,0.7312214216217399
915456,0.04536184798053,0.035561987839173526,3.4292519241571426,0.5596590051427484,0.11750197492074221,0.007962317802594043,3.497239902615547,1.399525448679924,1.020430414006114,0.6974281119182706
916480,0.02161231437639799,0.059312013792805374,3.189696542918682,0.45199703704565763,0.11881316330982372,0.012482412334065884,3.469082958996296,1.4922728650271893,1.1559198144823313,0.910840573720634
917504,0.017754929198417813,0.01675585942575708,3.3054559901356697,0.5181265445426106,0.10031046930816956,0.0053392627378343605,3.575253486633301,1.5800814889371395,0.8085351353511214,1.1624900987371802
918528,0.013396086258580908,0.03578881098655984,3.042430594563484,0.4047367898747325,0.08036534086568281,0.015564187138807029,3.5095988139510155,1.3844989500939846,1.093243831768632,0.8698638193309307
919552,0.017546757517266087,0.03642700472846627,3.5691991820931435,0.7180615216493607,0.1083612276124768,0.012713319520116784,3.889537423849106,1.5435319244861603,0.8795121861621737,0.9638896733522415
920576,0.023652712552575395,0.048042669775895774,3.24330635368824,0.543230477720499,0.07196752246818505,0.02011006695101969,3.3788736537098885,1.2224584985524416,1.1761715970933437,0.874768833629787
921600,0.02648730477085337,0.05535413126926869,3.36247431486845,0.6366450265049934,0.05490256538905669,0.018581194890430197,3.373115159571171,1.1982943285256624,0.8961763996630907,0.9175430797040462
922624,0.024905290905735455,0.024953731917776167,3.4655515998601913,0.6588425543159246,0.05782406128128059,0.01895953723578714,3.5108576118946075,1.4270869605243206,0.7414317019283772,0.7966360840946436
923648,0.022326003236230463,0.01764294019085355,3.2932759150862694,0.582814740948379,0.08977909026725683,0.012404864814016037,3.4450642615556717,1.4588604755699635,0.8280192296952009,0.957189878448844
924672,0.023201705727842636,0.03700329037383199,3.6412016078829765,0.7249537631869316,0.09649790672119707,0.019630015915026888,3.9900575280189514,2.040558338165283,1.097126990556717,0.8150568986311555
925696,0.024963288626167923,0.050099429790861905,3.334399424493313,0.5597511138767004,0.13659025193192065,0.00989305431721732,3.2721098363399506,1.326083030551672,1.597111165523529,1.2038552686572075
926720,0.04191962620825507,0.019614015123806894,3.4172775372862816,0.7477244939655066,0.0964099150733091,0.0067437295510899276,3.6070357635617256,1.5441287718713284,0.9345941301435232,2.0665961392223835
927744,0.03133170251385309,0.03707068937364966,2.7853415831923485,0.34235506411641836,0.03422731687896885,0.01198489178204909,2.699400432407856,0.8019499164074659,1.4374339245259762,1.0883786659687757
928768,0.02354367465886753,0.025290574791142717,2.9852387756109238,0.3983108103275299,0.07213201397098601,0.01052644474839326,3.4795012548565865,1.257198791950941,1.245335977524519,0.9149045143276453
929792,0.028749815362971276,0.019759874267037958,3.4371099174022675,0.5938154365867376,0.06266140221850947,0.01460439368383959,3.3151527792215347,1.2721512578427792,1.0743878223001957,0.9693563170731068
930816,0.026062232049298473,0.030303480685688555,3.522760011255741,0.613862669095397,0.05366140144178644,0.013377979630604386,3.2792073115706444,1.320011643692851,0.9864670187234879,1.135282639414072
931840,0.032483136135851964,0.03558936825720593,3.6248666867613792,0.6694822944700718,0.03121382201788947,0.014370010874699801,3.5415737330913544,1.5011784471571445,1.1506934659555554,1.1237698625773191
932864,0.03521224968426395,0.034937797172460705,3.3145038932561874,0.5509768482297659,0.06308220440405421,0.01680836964806076,3.5529450178146362,1.5191559083759785,1.3028327990323305,0.9873165190219879
933888,0.013840972271282226,0.03783496061805636,3.487677790224552,0.5656267255544662,0.08553890432813205,0.011930490334634669,3.72851774841547,1.9048906974494457,1.1749699395149946,1.779705710709095
934912,0.03670779871754348,0.0257958172733197,3.6578076258301735,1.1414182214066386,0.07965152131509967,0.010074964724481106,3.2761725336313248,1.424536450766027,0.7966666966676712,1.5352328848093748
935936,0.026000663201557472,0.04108493955573067,3.134728319942951,0.41548844054341316,0.011852926691062748,0.012151624978287145,3.1841883026063442,2.156176468357444,1.8115277495235205,2.4781197598204017
936960,0.040219481103122234,0.04229247948387638,3.2990297228097916,0.4657685440033674,0.16604652488604188,0.01762477500597015,3.585540898144245,1.454600103199482,1.096001273021102,0.890081325545907
937984,0.021674482355592772,0.04720186709892005,3.3369519263505936,0.5038616927340627,0.08381288824602962,0.016016603825846687,3.5455063357949257,1.4605657570064068,1.392497193068266,1.2347053978592157
939008,0.030361192009877414,0.05467335693538189,3.3674273043870926,0.5340741593390703,0.07422967435559258,0.0175140249193646,3.5320643484592438,1.978810265660286,1.3147366680204868,1.524382283911109
940032,0.036059920108527876,0.07165385189000517,3.4599458128213882,0.5646714754402637,0.0272476250102045,0.041662165604066104,3.0797767341136932,1.2443249691277742,1.4880018681287766,1.165911704301834
941056,0.006885498500196263,0.05720470449887216,3.3582544699311256,0.462083769030869,0.06014864431199385,0.024721900845179334,3.7151740342378616,1.9885120429098606,1.2450236659497023,0.9997116960585117
942080,0.032695394547772594,0.0702816714765504,3.449116587638855,0.5232466906309128,0.09435878472868353,0.020560973935062066,3.6150216534733772,1.9221058562397957,1.2350455839186907,1.545224966481328
943104,0.028116222805692814,0.09158786199986935,3.2206022813916206,0.4838500488549471,0.10164010766311549,0.026226800226140767,3.04020257294178,1.2037693113088608,1.5811578333377838,1.3559481063857675
944128,0.042785197860212065,0.1225911476649344,3.0997408404946327,0.4228215282782912,0.06041992286918685,0.015496771782636642,2.721285030245781,0.9105373322963715,1.4800517372786999,0.9427346512675285
945152,0.017041946353856474,0.05424142919946462,2.7775894850492477,0.3177445367909968,0.05379377648932859,0.015127986698644236,2.448337644338608,0.6746277008205652,1.2031683251261711,1.5634861644357443
946176,0.014576515415683389,0.05109841073863208,3.3360330685973167,0.4957028906792402,0.01143106713425368,0.012696852296357974,3.1184518933296204,1.5421320591121912,1.082943806424737,0.8820031033828855
947200,0.02342295873677358,0.051131591433659196,3.391736015677452,0.5058140354231,0.08229824568843469,0.022689051140332595,3.6945063322782516,1.541448950767517,1.0375774782150984,0.8631581198424101
948224,0.017131509201135486,0.027961496787611395,3.1958474442362785,0.4261646792292595,0.13092355302069336,0.019480292015941814,3.839893564581871,1.4276704899966717,0.9767062403261662,1.749586146324873
949248,-0.0055654936586506665,0.03628517675679177,3.4561369717121124,0.7140588574111462,0.019521977577824146,0.013113180204527453,3.3507595136761665,1.4585512056946754,1.1973314825445414,0.7548092929646373
950272,0.0417405302869156,0.04490118194371462,3.38893823325634,0.5845183609053493,0.06690938794054091,0.013932041998486966,3.205604709684849,1.4746932219713926,1.1715964395552874,1.1128765940666199
951296,0.030719601083546877,0.04311893682461232,2.8130780830979347,0.3721713935956359,0.05783483956474811,0.012020153008052148,3.327222540974617,1.1567277032881975,1.1844942104071379,1.1628084992989898
952320,0.011779687847592868,0.056985942646861076,3.2392675951123238,0.4679128238931298,0.012250791041878983,0.011821253603557125,3.4301998540759087,1.7549014762043953,1.274147443473339,0.6652929205447435
953344,0.012159987090853974,0.03164461982669309,3.3567033484578133,0.5225937003269792,0.04637048701988533,0.013105718622682616,3.311387784779072,1.553287286311388,0.9921543002128601,1.1643663700670004
954368,0.023852772021200508,0.05506393767427653,3.477462887763977,0.5667204800993204,0.09566941697266884,0.014455435928539373,3.1265103593468666,2.1012308076024055,0.8630623463541269,1.4410075657069683
955392,0.010881533089559525,0.06317094771657139,3.418699733912945,0.5274044321849942,0.11746785073773935,0.014731418486917391,3.4984390288591385,1.8134299516677856,1.3229692336171865,1.145055091008544
956416,0.037237156269839033,0.057800235925242305,3.1342028751969337,0.41003162786364555,0.0720229385769926,0.00989711815782357,3.2816989570856094,1.0949425045400858,1.4378780722618103,1.3201379738748074
957440,0.024124398711137474,0.0203937265323475,3.1381982639431953,0.4474701341241598,0.06282592396019027,0.006867957396025304,3.7483538910746574,2.4332191199064255,1.123901393264532,0.5770785557106137
958464,0.020436063947272487,0.040492658386938274,3.3658078238368034,0.54603077378124,0.03723657599766739,0.019904013141058385,3.564005807042122,1.6330237165093422,1.1484415829181671,1.093482573516667
959488,0.028568639827426523,0.057812722283415496,3.4527288004755974,0.5317992065101862,0.0340301709366031,0.01751555156079121,3.7273112908005714,1.6470382139086723,1.07308285869658,1.1982211042195559
960512,0.021028472168836743,0.03990317933494225,3.5463595911860466,0.623594306409359,0.05413781988318078,0.012018287219689228,3.86501482129097,1.8343216888606548,0.9783924203366041,1.3060617577284575
961536,0.020052878200658597,0.04717424715636298,3.678146317601204,0.7608642354607582,0.06609594763722271,0.011530750009114854,3.3448513224720955,1.177461439743638,0.91960677690804,0.8025402072817087
962560,0.0527584386873059,0.034591722884215415,3.5162261575460434,0.6668899562209845,0.06684458296513185,0.016945796931395307,3.532505050301552,1.204776968806982,1.1005954686552286,1.1282459730282426
963584,0.01796865393407643,0.030152722378261387,3.5455339699983597,0.7936757281422615,0.0056380451715085655,0.015770441066706553,3.1895622462034225,1.2408818174153566,1.0141485948115587,0.769043249078095
964608,0.05143532817601226,0.04739037714898586,3.165512166917324,0.5270570069551468,0.07790628832299262,0.015098117641173303,3.2370735332369804,1.2469542026519775,1.621405327692628,1.1726483087986708
965632,0.022703474896843545,0.03341433306923136,3.2576056867837906,0.47381363436579704,0.08884566649794579,0.014096152037382126,3.543794386088848,1.4389892388135195,0.9188141413033009,0.8641122365370393
966656,0.029202457633800805,0.03048062778543681,3.179209202528,0.45113777834922075,0.052894788183039054,0.011890298148500733,3.1659024208784103,1.1625961605459452,0.8527015522122383,0.9908211538568139
967680,0.029647324670804664,0.028329160122666508,3.4233949929475784,0.5023710131645203,0.0393816102296114,0.014713518525240943,3.3198496997356415,1.4079580195248127,1.0889323353767395,1.0220870338380337
968704,0.027911051467526704,0.017389282264048234,3.3477279618382454,0.4666366623714566,0.06942716467892751,0.016416227299487218,3.7021996825933456,1.465174462646246,0.8787161614745855,1.1013198485597968
969728,0.013779335436993279,0.02614698017714545,3.370497815310955,0.5067193573340774,0.04819050434161909,0.018992871860973537,3.756385661661625,1.6271710805594921,1.1142961475998163,1.1160871302708983
970752,0.03212949930457398,0.02720477379625663,3.087316505610943,0.42019248381257057,0.10712815332226455,0.021102941245771945,3.1192721500992775,0.9961700420826674,1.0594652444124222,1.369742238894105
971776,0.017308794893324375,0.04494088364299387,3.2686411663889885,0.45207057800143957,0.020944757270626724,0.02320092445006594,3.6667147278785706,1.5858390778303146,1.054230760782957,1.0754956230521202
972800,0.021346764289774,0.04575154645135626,3.4762237817049026,0.5268879439681768,0.1058053805027157,0.01863023964688182,3.3514100089669228,1.9812261424958706,1.2321035470813513,1.1574803460389376
973824,0.03192802469129674,0.06174496782477945,3.2618307694792747,0.40404636040329933,0.028671680978732184,0.017757743218680844,3.8760812506079674,2.1580396816134453,1.8292109500616789,1.022250265814364
974848,0.009234597528120503,0.06658203096594661,3.2174481749534607,0.3570902282372117,0.09825881663709879,0.025892404577462003,3.8555597960948944,1.7794933542609215,1.4815630353987217,1.4846691880375147
975872,0.021607260452583432,0.07708249124698341,3.07841544598341,0.36165426950901747,0.017625560285523534,0.015420732670463622,3.4454315528273582,1.4053213894367218,1.3874962721019983,1.5177484340965748
976896,0.022180008367286064,0.0475320111727342,3.021322414278984,0.3280446110293269,0.10749329411191866,0.012855298045906238,4.036356866359711,1.5131904520094395,1.4361614948138595,0.8593128137290478
977920,0.011820116982562467,0.020590726780937985,3.600005954504013,0.6272930353879929,0.05182037196937017,0.01156795748102013,3.2518748119473457,1.3732598032802343,0.8107158308848739,1.635918715968728
978944,0.01980907589313574,0.031011240847874433,3.3619861230254173,0.5391261475160718,0.05822401188197546,0.017221866874024272,3.2859415262937546,1.214711394160986,1.1649824194610119,1.759169302880764
979968,0.035581809876021,0.023911049123853445,3.6021426171064377,0.6359379887580872,0.04241339038708247,0.009278210869524628,3.7102470695972443,1.6761781312525272,0.936172628775239,1.015453701838851
980992,0.02708599963807501,0.04499196098186076,3.1673223301768303,0.391758069396019,0.0982486157445237,0.020214349206071347,3.173508994281292,1.0901480130851269,1.2524956744164228,1.477834541350603
982016,0.03865639158175327,0.029711606621276587,3.0748501121997833,0.5502358078956604,0.0679653495317325,0.018554412585217506,2.8949754014611244,1.016027495265007,1.0374606419354677,1.3693934306502342
983040,0.006221426941920072,0.035915627144277096,3.0989750772714615,0.3632369665428996,0.03537511036847718,0.013731927028857172,3.5200531259179115,1.8445401284843683,1.5894069392234087,1.087921048514545
984064,0.011015447904355824,0.026551419316092506,3.6741123646497726,0.6868769815191627,0.05602765514049679,0.011991382780252025,3.41791845113039,1.718446858227253,0.8787990547716618,1.5260564591735601
985088,0.04058857090421952,0.07100755930878222,3.227901928126812,0.5192731255665421,0.040527627570554614,0.020919456670526415,2.2744429148733616,0.5942222466692328,1.347910687327385,1.7062499169260263
986112,0.024862040925654583,0.022030915919458494,3.464237429201603,0.58179462980479,0.06609263976861257,0.007421757065458223,3.042196623980999,0.9838581178337336,1.0929313451051712,1.3811987675726414
987136,0.04817046232346911,0.05871181923430413,3.068728841841221,0.4427933990955353,0.037471478746738285,0.005051128508057445,2.892367072403431,0.9112740214914083,2.2305203303694725,1.165265966206789
988160,0.0076266875403234735,0.03922067902749404,3.3159141689538956,0.5293475827202201,0.022557690768735483,0.01403620425844565,3.1812441274523735,1.2044552527368069,1.5063716191798449,1.6801113486289978
989184,0.028155708307167515,0.052928665769286454,2.9846395701169968,0.3821894470602274,0.007216326193884015,0.010817751273862086,2.9928681403398514,1.2179494518786669,1.2112053968012333,1.2412793496623635
990208,0.005641673633363098,0.017342689883662388,3.0456965267658234,0.4643648862838745,0.03725991796818562,0.004457944971363759,2.803326099179685,2.375335422111675,1.2361866682767868,1.4114542827010155
991232,0.026113451924175024,0.04826554766623303,3.4047625586390495,0.6021949201822281,0.04654366386239417,0.015065071551362053,2.7357239350676537,1.0461762063205242,1.0125970374792814,0.9062490202486515
992256,0.01666113146347925,0.07502541632857174,3.4030322581529617,0.5618940042331815,0.10239661060040817,0.020051480358233675,3.297897055745125,1.1265282090753317,1.4387161824852228,1.09677130356431
993280,0.038824748997285496,0.03383054526057094,3.3291791900992393,0.47601109463721514,0.06438618802349083,0.023565636220155284,2.9917297437787056,0.9309819396585226,1.5113517865538597,1.1533468905836344
994304,0.03216124148457311,0.02250392350833863,3.8021253868937492,0.816506726667285,0.05355584798962809,0.013084542064461857,3.0689197704195976,0.9920966420322657,1.1056475397199392,1.061795461922884
995328,0.024407738470472395,0.04558142175665125,3.3176641315221786,0.5528332442045212,0.060695289488648996,0.01774862449383363,2.9106412902474403,0.8608991242945194,1.284275483340025,1.224158525466919
996352,0.03448807739187032,0.026828114117961377,2.9466996863484383,0.3522564023733139,0.0813554901687894,0.006222550553502515,3.2619761154055595,0.967690721154213,1.9164154883474112,0.8669096576049924
997376,0.025197768802172504,0.03063851228216663,3.628012500703335,0.6868788274005055,0.06189775778329931,0.00864060630556196,3.1372910737991333,0.8986129919067025,0.9731613826006651,1.4907557256519794
998400,0.04779006430180743,0.03137381945271045,3.2753169760107994,0.5300110131502151,0.04987212471314706,0.011037033909815364,2.5506073236465454,0.7113438919186592,1.0576248168945312,1.4537611678242683
999424,0.023135211609769613,0.0390011795097962,2.9895089119672775,0.4133070707321167,0.09478650888195261,0.011891225731233135,3.3193483725190163,0.9027146697044373,1.209629911929369,1.1371578760445118
