step,total_steps,agv_actor_loss,agv_value_loss,agv_entropy,agv_approx_kl,pick_actor_loss,pick_value_loss,pick_entropy,pick_approx_kl
1024,1024,0.198533273069188,0.026282229431672022,4.520303130149841,1.3433547168970108,0.28261588094756007,0.026571936512482353,4.335316888988018,3.657028876245022
2048,2048,0.10851366014685482,0.02052267690305598,3.8170876801013947,0.7363182082772255,0.19957809476181865,0.0037016552087152377,1.0366835873574018,4.4723754078149796
3072,3072,0.09427169320406392,0.030891088536009192,3.422238565981388,0.6271697953343391,0.2018295165617019,0.004059277278429363,0.9699754621833563,3.8626285567879677
4096,4096,0.09459346940275282,0.015913525072392076,3.1733282431960106,0.6135548688471317,0.16489854804240167,0.0023109100529836724,1.2039048355072737,3.000376284122467
5120,5120,0.08659954811446369,0.015920591657049954,2.928026556968689,0.5486631076782942,0.14838711055926979,0.003083891515416326,1.473557434976101,3.412206582725048
6144,6144,0.10994043434038758,0.02364743733778596,2.7091127410531044,0.883891474455595,0.008547835750505328,0.007394917025521863,0.9457468166947365,0.4247295865789056
7168,7168,0.12278286227956414,0.018405108421575278,2.34122896194458,0.8762720078229904,0.042401660364703275,0.005411241745605366,1.1600548140704632,0.6281869597733021
8192,8192,0.11110008391551673,0.015273384560714476,2.418861284852028,0.8263076040893793,0.09975968563230708,0.005472573120641755,1.2324631996452808,1.0421043187379837
9216,9216,0.11272817989811301,0.009118744739680551,2.549076423048973,0.7837690059095621,0.07799439725931734,0.003940213749956456,1.0478351581841707,1.0621763076633215
10240,10240,0.07608321899897419,0.009488029128988273,2.5361702889204025,0.8182406090199947,0.13314055791124701,0.0061405834057950415,1.0210768058896065,2.751592978835106
11264,11264,0.12474688957445323,0.00724766515486408,2.5881011858582497,0.8325524721294641,0.020407161297043785,0.0023003103233349975,0.30000100028701127,0.11750994471367449
12288,12288,0.10057297849562019,0.00442998804646777,2.443928822875023,0.721012270078063,0.15428249177057296,0.0015958314452291233,0.08811901300214231,1.8048091158270836
13312,13312,0.0868634024518542,0.005312737004715018,2.461584582924843,0.6946287266910076,0.03381799897761084,0.0010342165405745618,0.16098457761108875,0.730066629126668
14336,14336,0.07763380309916101,0.0029440384096233174,2.475166141986847,0.6333341207355261,0.007389002974377945,0.0006681848763037124,0.3039787309244275,0.6942092925310135
15360,15360,0.1050318235065788,0.004413536167703569,2.400624558329582,0.8004790805280209,0.01813847929588519,0.003829318466159748,0.7112473091110587,0.8267922624945641
16384,16384,0.09040807757992297,0.007546252061729319,2.4230915158987045,1.085822969675064,0.032882656931178644,0.0034388200783723732,0.9530746545642614,0.6871865056455135
17408,17408,0.10089039162267,0.009976668952731416,2.44169645011425,0.9636002536863089,0.045666793623240665,0.006453557209169958,1.0019251890480518,1.1070723496377468
18432,18432,0.10363269550725818,0.010541223236941732,2.416483163833618,0.8433321565389633,0.05500951473368332,0.004571291843603831,1.053766567260027,1.211199065670371
19456,19456,0.0875055712822359,0.006909587529662531,2.4115243032574654,0.6218545772135258,0.06912554294103757,0.003464562509179814,1.3396745659410954,0.9740274157375097
20480,20480,0.12166718626394868,0.011057108422392048,2.4199394807219505,0.929061071947217,0.037874265195569023,0.009212578617734835,1.1264017671346664,1.6031411439180374
21504,21504,0.06619717090507038,0.0037684689814341255,2.2113596349954605,0.754064729437232,-0.01092364318901673,0.0019102873902738793,1.1472160797566175,0.18795400857925415
22528,22528,0.08371546666603535,0.007643788499990478,2.167054310441017,0.8199699241667986,0.07488851665402763,0.002917186859122012,1.2712747175246477,0.5543663306161761
23552,23552,0.07588044079602696,0.006194382716785185,2.1384355574846268,0.7826574482023716,-0.004648581467336044,0.0028018684788548853,0.9423226956278086,0.370032605715096
24576,24576,0.03935434779850766,0.004742282319057267,2.171189107000828,0.7199386712163687,0.07429462362779304,0.0025026864241226576,0.27246563974767923,0.22859727079048753
25600,25600,0.1237411352340132,0.0160325440519955,2.1731711328029633,0.9642878957092762,0.011953416658798233,0.016159795661224052,1.2709868121892214,1.1715137660503387
26624,26624,0.09852782695088536,0.007953250882565044,2.174085944890976,0.8840607348829508,0.07237809698563069,0.003511817634716863,1.2194095700979233,0.7549945842474699
27648,27648,0.0942175131640397,0.006208162914845161,2.0277630798518658,0.8619594927877188,0.056710967954131775,0.003263592388975667,0.37520732497796416,0.7353189922869205
28672,28672,0.08690090151503682,0.004200515206321143,2.1398554518818855,0.763371555134654,0.002543745984439738,0.0017672964568191674,0.17932143807411194,0.05751516338204965
29696,29696,0.06989600299857557,0.0032426194302388467,2.088240273296833,0.7212904617190361,-0.01472518255468458,0.0015446516426891321,0.6920370683073997,0.10581094305962324
30720,30720,0.15896449866704643,0.014357332518557087,1.978295836597681,0.9353838190436363,0.0704737524210941,0.013028685927565675,1.1271058432757854,1.321732547134161
31744,31744,0.07217650105303619,0.010815680361702107,2.0210946202278137,0.9051847457885742,0.026243270258419216,0.006442145124310628,1.3715204540640116,0.9736428018659353
32768,32768,0.09433641331270337,0.004516082975897007,2.076851561665535,0.851146874949336,-0.012276396562810987,0.002321099364053225,0.40575999580323696,0.19943373301066458
33792,33792,0.08493266298319213,0.00718627980677411,1.9932362474501133,0.9734387472271919,0.06062130065402016,0.0037036801950307563,0.435513025149703,0.7262378334999084
34816,34816,0.09421693603508174,0.0062130643127602525,2.053835019469261,0.8486829176545143,0.010165804153075442,0.003737125767656835,0.34108289889991283,0.3908198792487383
35840,35840,0.11190698738209903,0.009917209856212139,1.9911900199949741,0.7878265585750341,0.006317503750324249,0.008619639826065395,1.6515117064118385,0.6691173519939184
36864,36864,0.07835984544362873,0.006049496645573527,2.042143527418375,0.9281392749398947,0.00879411303321831,0.002718621995882131,1.0858246367424726,0.29627471789717674
37888,37888,0.11091674119234085,0.0031406713169417344,2.019820600748062,0.9778490103781223,0.0453329810698051,0.0021047880818514386,1.0120370145887136,0.7674175519496202
38912,38912,0.10173918295186013,0.006473604262282606,1.959512136876583,0.9371483903378248,-0.01200355592300184,0.0037096049236424733,1.0045334957540035,0.5882400376722217
39936,39936,0.07876223302446306,0.007762325920339208,2.0050265714526176,0.8648428991436958,0.08013490645680577,0.004858072406932479,0.3666007062420249,1.0667657647281885
40960,40960,0.06803024333203211,0.007777857237670105,1.9531260207295418,0.9012246634811163,0.030031755770323798,0.00926246702147182,0.5773383220657706,0.6376774413511157
41984,41984,0.06380285939667374,0.008299357927171513,2.010030720382929,0.8852595090866089,0.10002947910106741,0.00413650488917483,0.5185516830533743,1.0169930718839169
43008,43008,0.09995328343939036,0.002753632979874965,2.0245396122336388,0.7200125157833099,0.0025002933689393103,0.000643330055027036,0.13530379976145923,0.014246490027289838
44032,44032,0.06444092746824026,0.0036188566700730007,1.8059213981032372,0.6511078625917435,0.02386313446913846,0.0017790826786949765,0.13800768763758242,0.20796415116637945
45056,45056,0.05480529443593696,0.013741212198510766,1.859933052212,0.8533492777496576,0.01890286328853108,0.013423460171907209,0.11666915868408978,1.150368768721819
46080,46080,0.09238714136881754,0.009237348000169732,1.943601120263338,0.7984132841229439,0.1486237107310444,0.005172079283511266,0.3404437084682286,1.7633689157664776
47104,47104,0.07400630268966779,0.005338541930541396,1.7786102704703808,0.7547239623963833,0.053198985842755064,0.0022446387956733815,0.5968304555863142,0.408973827958107
48128,48128,0.06280345228151418,0.0009804099736356875,1.9250550381839275,0.6521121524274349,-0.001616147579625249,0.0006708866612825659,0.9666868150234222,0.1578709902241826
49152,49152,0.04383565403986722,0.011961282827542163,1.9305821619927883,0.6927641332149506,0.04980586559395306,0.005209871087572537,1.0133910551667213,0.7375573441386223
50176,50176,0.08596949922502972,0.013018110155826434,1.8393884040415287,0.7869090344756842,-0.007782329659676179,0.014456388118560426,0.6376541750505567,0.5254144491627812
51200,51200,0.07740993774496019,0.00812910286913393,1.9253384433686733,0.9557278826832771,0.09421143546933308,0.005072417221526848,1.6106204725801945,0.7424081582576036
52224,52224,0.09202239208389074,0.00671399496786762,1.918203216046095,0.8207806944847107,0.04189397962181829,0.0038588486168009695,1.2664870787411928,1.4575663805007935
53248,53248,0.07840514264535159,0.00409091217443347,1.8981988839805126,0.8328782934695482,0.02021234156563878,0.0021552276011789218,0.6135693565011024,0.5209394842386246
54272,54272,0.07182837853906676,0.007032752931991126,1.850863255560398,0.7262170817703009,0.05265102512203157,0.003839339959085919,0.1958002680912614,0.9188419580459595
55296,55296,0.0955399485246744,0.011642105848295614,1.8850030861794949,0.7166669089347124,-0.042923982662614435,0.01012424616055796,1.075990142300725,0.497231493704021
56320,56320,0.058825674233958125,0.010076617225422524,1.7779496312141418,0.6660119816660881,0.03929783112835139,0.0048616357817081735,3.0098518282175064,2.12913978099823
57344,57344,0.08724811184220016,0.006834092069766484,1.8951978944242,0.8340401258319616,0.07058180414605886,0.003103113660472445,0.2694997637299821,0.5623615486547351
58368,58368,0.06422097655013204,0.013184429830289446,1.838211189955473,0.6985768899321556,0.07079555705422536,0.006123625484178774,0.1392609707545489,1.0533757079392672
59392,59392,0.09100956819020212,0.00634036634437507,1.9320476464927197,0.8345024306327105,0.03282079700147733,0.003970733287133044,0.24245425034314394,0.7150267455726862
60416,60416,0.12167412438429892,0.012240237978403457,1.70594172924757,0.8070846330374479,-0.01145212579285726,0.015025292945210822,0.40954141318798065,0.47337788389995694
61440,61440,0.07660783987375908,0.005056527297711,1.6937105618417263,0.8628951460123062,0.021785504854051396,0.001744785244227387,0.5979812717996538,0.34820773801766336
62464,62464,0.06902372546028346,0.0037109680743014906,1.6933796107769012,0.6724110431969166,-0.017124721955042332,0.0023268518434633734,0.5827527646906674,0.12505344214150682
63488,63488,0.06894236415973864,0.006981232603720855,1.6860888004302979,0.6782716866582632,0.014886847959132865,0.003531345908413641,0.7612240063026547,0.6955475620925426
64512,64512,0.062494028941728175,0.002858190484403167,1.8487648963928223,0.585371570661664,-0.001351901126326993,0.0015295500256797823,1.2692993972450495,0.24659556383267045
65536,65536,0.1195216552587226,0.014431401374167763,1.6125925071537495,0.8408970050513744,-0.014709095325088128,0.020070867052709218,0.12486146739684045,1.3645250275731087
66560,66560,0.05225008257548325,0.005050405496149324,1.76753668487072,0.6189678646624088,-0.00356565484253224,0.003162311331834644,0.7557834535837173,0.14275833719875664
67584,67584,0.06742705355281942,0.0010839970673259813,1.5949460789561272,0.49338600505143404,-5.573988892138004e-05,0.0009505004582024412,0.12653377884998918,0.012983423075638711
68608,68608,0.05366865237010643,0.00013138678787072422,1.589031457901001,0.4895776715129614,-0.000289450166746974,7.238399678044516e-05,0.2030861582607031,0.02206475561251864
69632,69632,0.031571924104355276,0.0009204602911268012,1.6177132986485958,0.5218782499432564,-0.007689687859965488,9.618408847700266e-05,0.6784394551068544,0.09185072360560298
70656,70656,0.07083518442232162,0.013675500405952334,1.7608765661716461,0.7506771124899387,-0.023038514831569046,0.015915095405944157,1.4468308817595243,0.9503110069781542
71680,71680,0.049302721716230735,0.007975372660439461,1.6537356935441494,0.6256366930902004,0.05321545831975527,0.005691564590961207,0.966440612450242,0.33916297601535916
72704,72704,0.03920723206101684,0.0021883538538531866,1.8389740511775017,0.44875549525022507,-0.02349756853072904,0.0022457959876192035,1.219077741727233,0.21775851654820144
73728,73728,0.04127670334128197,0.0014257160037232097,1.5076794512569904,0.4628353649750352,-0.0011511572520248592,0.0006969379082875093,0.06546888325829059,0.006787576945498586
74752,74752,0.049426382247474976,0.0009826950226852205,1.5601759552955627,0.41884155850857496,0.0001107463613152504,0.0006635919990003458,0.057780555565841496,0.005684254923835397
75776,75776,0.04539501402177848,0.009550526017847005,1.6759800016880035,0.5782755296677351,-0.01994363361154683,0.012146755259891506,1.2077593840658665,0.25919739762321115
76800,76800,0.06571678307955153,0.0008160597753885668,1.7306513041257858,0.45421839598566294,-0.0009381792842759751,0.0007185169233707711,1.3099313601851463,0.20141573017463088
77824,77824,0.04600315971765667,0.00022176795818040773,1.7863324731588364,0.5043172407895327,0.0012838969996664673,0.0002081745649604727,1.3853721469640732,0.21520452108234167
78848,78848,0.032105118210893124,0.0036840024004050065,1.7295767776668072,0.5832221228629351,0.028221971006132662,0.0014615643940487644,1.3236889578402042,0.4553844924084842
79872,79872,0.05644358543213457,0.0026080763855134137,1.8121801689267159,0.7570171598345041,0.006304531940259039,0.0011831440242531244,0.544883037917316,0.57117267139256
80896,80896,0.045946506230393425,0.01059496273228433,1.7033228985965252,0.7725891564041376,-0.0007596718205604702,0.013467949189362116,0.46839797031134367,0.20266374910715967
81920,81920,0.03908626545307925,0.003273648751928704,1.7782427594065666,0.5755405761301517,-0.0029188802582211792,0.0017492746101197554,1.5346378665417433,0.5018733721226454
82944,82944,0.048931276993243955,0.0017158236132672755,1.6081411391496658,0.4551584580913186,0.008762926212511957,0.0011939496816921746,0.14632048388011754,0.033403733221348375
83968,83968,0.05654795831651427,0.005767204253061209,1.6291317641735077,0.6088263429701328,0.049334239651216194,0.0030140515918901656,0.26862902846187353,0.4738364303484559
84992,84992,0.034575765108456835,0.004886666087259073,1.742177326232195,0.8247937690466642,0.01696650727535598,0.0028107671896577813,1.0340051529929042,0.43306388333439827
86016,86016,0.05806831883091945,0.014900579313689377,1.5825333334505558,0.7990163955837488,0.032165034383069724,0.013266107147501316,1.3030794486403465,0.6990477964282036
87040,87040,0.058966884869732894,0.00674574665754335,1.6463030762970448,0.7652709372341633,0.053276119753718376,0.003770478546357481,1.2290180418640375,0.8888231627643108
88064,88064,0.039693296334007755,0.005676046137523372,1.9421360678970814,0.8590961378067732,0.03604123738477938,0.002921177372627426,1.2784885987639427,0.9040223527699709
89088,89088,0.04887596846674569,0.0051422519609332085,1.7615165747702122,0.8068851642310619,0.03194838606577832,0.002745930338278413,1.270986132323742,0.47875674441456795
90112,90112,0.043027004634495825,0.009635603862989228,1.6217499263584614,0.6473677717149258,-0.0027164663770236075,0.008585405310441274,1.1805877462029457,0.3117604828439653
91136,91136,0.060921575350221246,0.007176497267209925,1.7745538987219334,0.6667618881911039,0.06445870304014534,0.0041242732368118595,1.1722324341535568,0.9601560700684786
92160,92160,0.0640521393797826,0.005519260492292233,1.7317529544234276,0.5978340804576874,-0.015661935991374776,0.002638860161823686,0.87017772346735,0.5099659413099289
93184,93184,0.08032254537101835,0.002598834202217404,1.5684136897325516,0.7106514312326908,0.014568130252882838,0.0009862769848041353,0.20942718628793955,0.3898076871410012
94208,94208,0.06076925667002797,0.004696256248280406,1.6189554184675217,0.5827504899352789,0.048207217594608665,0.002322244534298079,0.10679628979414701,0.7319821715354919
95232,95232,0.08400268154218793,0.009624048630939797,1.6157096773386002,0.8483396135270596,-0.008503063174430281,0.010975166715070372,0.1942401542328298,0.3045164095237851
96256,96256,0.06799940945347771,0.006212094915099442,1.799568098038435,0.7582386713474989,0.13655767240561545,0.00281197089861962,0.8111735703423619,1.2675662469118834
97280,97280,0.0680205649259733,0.007953211228596047,1.5977426581084728,0.7488663662225008,0.03643204011314083,0.004239958550897427,1.2238212563097477,0.878178033977747
98304,98304,0.07614186377031729,0.004860003387875622,1.840241763740778,0.8812755756080151,0.0567056043073535,0.0037154561941861175,1.2319804839789867,0.5969019196927547
99328,99328,0.06898352690041065,0.006763498509826604,1.6742272786796093,0.8465239629149437,0.05862170449108817,0.0038806048651167657,0.5872727762907743,0.9513358809053898
100352,100352,0.0840650744503364,0.016257030598353595,1.6938350945711136,0.691044770181179,0.004633675562217832,0.01550169792608358,1.1605728268623352,0.7535091470927
101376,101376,0.05469091224949807,0.013223064044723287,1.7039524018764496,0.6766324955970049,-0.01312326944025699,0.004071950555953663,1.2502413783222437,0.515619826503098
102400,102400,0.05769124563084915,0.0027313192185829394,1.4956252686679363,0.7833233308047056,0.02835798021988012,0.0013517096231225878,0.8560178149491549,0.97617013938725
103424,103424,0.04667231743223965,0.004697219206718728,1.4772092513740063,0.8418495990335941,0.05514780941302888,0.0030982127173047047,1.9219495644792914,1.5956669691950083
104448,104448,0.05107865860918537,0.004484693949052598,1.5381435193121433,0.7159886099398136,0.10710166295757517,0.002787033205095213,1.8814951591193676,1.419839732348919
105472,105472,0.11217388277873397,0.018664644565433264,1.514102041721344,0.8158045168966055,0.012390666001010686,0.01845221898111049,1.5726051405072212,1.089800326153636
106496,106496,0.04594225806067698,0.007465813010639977,1.5178883001208305,0.7167687825858593,0.06191176094580442,0.00577640907431487,2.248246520757675,1.2113813143223524
107520,107520,0.07763571836403571,0.0017526949450257234,1.465310961008072,0.7422575168311596,0.009499351348495111,0.0018484322281437926,1.3904728721827269,0.28202694095671177
108544,108544,0.05235728417756036,0.003659440208139131,1.481744196265936,0.6173621658235788,-0.045960515533806756,0.0017793772585719125,1.4585587605834007,0.2854853286407888
109568,109568,0.06330217799404636,0.01205274704261683,1.6282053105533123,0.8375034462660551,0.048007662349846214,0.006548658428073395,0.16761861043050885,2.106399916112423
110592,110592,0.13834536634385586,0.016693630255758762,1.637543074786663,0.7348072491586208,0.0505635590525344,0.015213219223369379,1.4156455723568797,1.0468400344252586
111616,111616,0.06698790995869786,0.011836639634566382,1.9072689823806286,0.7649621237069368,0.061402455787174404,0.007761265922454186,1.7173119448125362,1.2358742374926805
112640,112640,0.06923407738213427,0.010917160747339949,1.7479288652539253,0.6951697859913111,0.0509232091717422,0.0056521862134104595,0.7906075119972229,1.3607473149895668
113664,113664,0.04917934453987982,0.005352712454623543,1.654641579836607,0.5738032460212708,0.0011873131443280727,0.001750779289068305,0.34516667015850544,0.11882966273697093
114688,114688,0.07622704491950572,0.012493533286033198,1.64658859744668,0.6934569366276264,0.05628482396423351,0.007062114178552292,1.085390955209732,0.9299706630408764
115712,115712,0.10711539594922215,0.012043321883538738,1.5337945856153965,0.7016404829919338,0.07885118339618202,0.011838679361972027,0.9825715478509665,1.670895043760538
116736,116736,0.0787554444395937,0.0011201440920558525,1.494870338588953,0.5362642891705036,0.015600936370901763,0.0010249759543512482,0.4013201082125306,0.16422388970386237
117760,117760,0.0664883607532829,0.002277453149872599,1.3495588712394238,0.6499196775257587,-0.004451004177099094,0.001595615871337941,0.9987559393048286,0.21188250975683331
118784,118784,0.029415451383101754,0.0042610562704794575,1.527333702892065,0.6769065782427788,0.05738827647292055,0.0018355163701926358,0.9624606221914291,0.622592587955296
119808,119808,0.05163020457257517,0.005175591861188877,1.6473346278071404,0.7195809166878462,0.05386378389084712,0.003962918926845305,0.5516579933464527,0.6051013581454754
120832,120832,0.09190344344824553,0.02795663583674468,1.6974419094622135,0.9094847142696381,0.02020967371936422,0.025104085842031054,0.5215629329904914,0.7245672214776278
121856,121856,0.11672491417266428,0.0193824312009383,1.7896156571805477,0.7824157364666462,0.02430760239076335,0.010849759128177539,0.920425184071064,1.3791567720472813
122880,122880,0.073808575340081,0.012711708201095462,1.6522550620138645,0.618642695248127,0.07980566972400993,0.00646174127177801,0.6764674372971058,1.335467666387558
123904,123904,0.06903688312740996,0.006221567309694365,1.7902060635387897,0.7525991201400757,0.07692975061945617,0.00250139381387271,0.9474021103233099,1.0475647915154696
124928,124928,0.04008402724866755,0.004691839043516666,1.5600273609161377,0.5329372733831406,0.09666129807010293,0.002618641981825931,1.4233974777162075,0.72595608048141
125952,125952,0.04194147117232205,0.008726518310140818,1.7787997387349606,0.6339454185217619,0.019839868327835575,0.009344664729724173,1.5463732481002808,0.47766336612403393
126976,126976,0.02953195321606472,0.006979559984756634,1.6917632929980755,0.6447317451238632,0.02301322715356946,0.002755463166977279,1.2167309559881687,0.6964732948690653
128000,128000,0.052388193988008425,0.008768919520662166,1.589810624718666,0.7440112959593534,0.023867448675446212,0.004376814817078412,0.8552386835217476,0.6773126050829887
129024,129024,0.09205930319149047,0.0038154632929945365,1.584041003137827,0.8941362500190735,0.006875745675642975,0.0019909231068595545,0.5865985322743654,0.7281189076602459
130048,130048,0.048007935052737594,0.01620298884517979,1.7671142369508743,0.7156139053404331,0.023196109483251348,0.014893225525156595,0.8307139780372381,0.6903187744319439
131072,131072,0.07771562109701335,0.008476038739900105,1.7995698787271976,0.6896384656429291,-0.016543409452424385,0.00746645678736968,1.0966367796063423,0.19944982253946364
132096,132096,0.03807554018567316,0.006210777064552531,1.6756485104560852,0.6154086645692587,-0.004099585858057253,0.003232423750887392,1.2394403852522373,0.21931863762438297
133120,133120,0.021083019470097497,0.0026253384166921023,1.766797561198473,0.5342089831829071,0.07648429268738255,0.0009701005847091437,1.6281445249915123,0.5442487141117454
134144,134144,0.03174016668344848,0.003672592491057003,1.6006508842110634,0.6780468616634607,0.018010623956797644,0.0021417455336631974,1.3622196950018406,0.5582187986001372
135168,135168,0.0859057274647057,0.008228107566537801,1.3768565841019154,0.8499889709055424,-0.018121287692338228,0.009327361665782519,0.1776095184031874,0.7657509762793779
136192,136192,0.05483080574776977,0.012298122950596735,1.6335955262184143,0.6990284156054258,0.125136265065521,0.005552720271225553,0.5001503927633166,1.928849596530199
137216,137216,0.04919786132813897,0.004470385094464291,1.7979400120675564,0.7635111454874277,0.0655862964631524,0.0021448637344292365,2.441721584647894,1.6103019397705793
138240,138240,0.0530349983018823,0.0010626420989865437,1.4992820359766483,0.5307240821421146,0.011072275810874999,0.0010372963661211543,1.193575482815504,0.5013308804482222
139264,139264,0.049231205659452826,0.00594003927835729,1.5146991983056068,0.641822362318635,0.019619541300926358,0.0033037982138921507,1.5658600572496653,0.6439969837665558
140288,140288,0.08076903782784939,0.015265004942193627,1.4821024052798748,0.786568183451891,0.030663980229292065,0.011481815898150671,0.22726154327392578,2.2046196572482586
141312,141312,0.05692980128515046,0.009997599394409917,1.5363576784729958,0.6853483766317368,0.08136188224307261,0.00527295476058498,0.5882153185084462,1.5150174126029015
142336,142336,0.07292736670933664,0.005271629255730659,1.4983802698552608,0.784796692430973,0.08278151575359516,0.002065541470074095,0.7703366633504629,0.8469589296728373
143360,143360,0.0726711155148223,0.009057847870280966,1.4199359565973282,0.7495017275214195,0.06986965975374915,0.0039266069543373305,0.5368976918980479,1.0844810847193003
144384,144384,0.0742623268160969,0.006698124183458276,1.556937087327242,0.8512296676635742,0.02683368942234665,0.004180713072855724,1.1949917934834957,0.790725483559072
145408,145408,0.07739817688707262,0.018924938834970817,1.4028124548494816,0.7354727014899254,0.06954580747697037,0.01826811120554339,1.039964247494936,2.2566035017371178
146432,146432,0.06768766685854644,0.008722654689336196,1.6552892662584782,0.7079485412687063,0.024391917773755267,0.004215427594317589,0.2903892882168293,0.42094483133405447
147456,147456,0.07267001189757138,0.005050260231655557,1.5122784934937954,0.7571159992367029,0.017282216518651694,0.002473638225637842,1.0870480872690678,0.4755969010293484
148480,148480,0.05531532663735561,0.00794199544179719,1.5870126150548458,0.8169025518000126,0.0322970699344296,0.003020662370545324,0.6797226946800947,0.4784471429884434
149504,149504,0.07144761909148656,0.004634400414943229,1.592705525457859,0.7642681319266558,-0.003871275926940143,0.0030334660295920912,0.526498575694859,0.318099481286481
150528,150528,0.10200653813080862,0.016194669282413088,1.5734295286238194,0.818286782130599,-0.0015556846628896892,0.016441412954009138,0.834201586432755,1.5935572050511837
151552,151552,0.07024024421116337,0.011457028216682374,1.871616043150425,0.799164917320013,0.0963497762568295,0.005809195012261625,1.018854407593608,1.4286774285137653
152576,152576,0.07854739361209795,0.010864259107620455,1.8052938506007195,0.7617102563381195,0.03597537966561504,0.004718772528576665,1.2180658485740423,1.1335352770984173
153600,153600,0.08716792191262357,0.008737458687392063,1.7814012207090855,0.7624154649674892,0.06972837634384632,0.005169948432012461,0.7179409237578511,0.8963747713714838
154624,154624,0.07217624818440527,0.009318546508438885,1.6360319405794144,0.701662003993988,0.0630667821969837,0.0056677561879041605,0.6609786506742239,0.6220905305817723
155648,155648,0.09408079739660025,0.016877375106560066,1.6043742075562477,0.6607600171118975,0.013272780663101003,0.017696551847620867,0.4118613013997674,1.083720238879323
156672,156672,0.09412980626802891,0.006474091715062968,1.7586785890161991,0.7248120494186878,0.018033026077318937,0.003191868559952127,0.6600537211634219,0.35276005137711763
157696,157696,0.06535092112608254,0.009444684284972027,1.5962931588292122,0.6287753544747829,0.009162683971226215,0.003230543490644777,0.9560257568955421,0.42641676031053066
158720,158720,0.05417665292043239,0.004837217704334762,1.6186656281352043,0.6513804458081722,0.047669882886111736,0.002372417991864495,0.3275113687850535,0.4032778739929199
159744,159744,0.048754344548797235,0.004012598907138454,1.8104120828211308,0.5980956722050905,0.04043478978564963,0.001830422301281942,0.305501498747617,0.12074019177816808
160768,160768,0.07302199973491952,0.010787455321406014,1.3754853419959545,0.7954841833561659,-0.008890867655281909,0.010921300898189656,0.9188912091776729,0.5706049464643002
161792,161792,0.05101754638599232,0.006909513300342951,1.3842792734503746,0.6102212462574244,0.05355761724058539,0.002644348882313352,1.4326220378279686,0.7851036936044693
162816,162816,0.07759581680875272,0.002151791315554874,1.731452465057373,0.6213398408144712,-0.014471909584244713,0.0011205020600755233,1.0138412341475487,0.20748635521158576
163840,163840,0.05356676067458466,0.0025042431116162334,1.7942068949341774,0.5701051410287619,0.01283979622530751,0.0014215509399946313,1.1380463317036629,0.3300397642888129
164864,164864,0.049598039127886295,0.007940434879856184,1.4572699181735516,0.7409457415342331,0.08848093674168922,0.0037009520528954454,1.030177440494299,1.0948433615267277
165888,165888,0.06530352073605172,0.016862719581695274,1.3579468205571175,0.7830687016248703,0.05379493298823945,0.01875385901075788,1.4796694368124008,1.442835383117199
166912,166912,0.06269252486526966,0.00953440232842695,1.43376787006855,0.7179229129105806,0.036822035515797324,0.004342716871178709,0.916112819686532,0.8651243578642607
167936,167936,0.06479965872131288,0.004197983878839295,1.3800516948103905,0.6468681711703539,0.048979094630340114,0.0023814148698875215,1.0984473768621683,0.645958230830729
168960,168960,0.08522931777406484,0.007781903303111903,1.363246500492096,0.6867255475372076,0.056002546625677496,0.0027064863497798797,0.4061792539432645,1.5057625733315945
169984,169984,0.0391917324741371,0.006569662677065935,1.398333091288805,0.7030243035405874,0.06134264834690839,0.0033749944996088743,0.14025468518957496,0.6894252318888903
171008,171008,0.04549764338298701,0.011945972553803585,1.6150325424969196,0.5110026346519589,0.006014900514855981,0.014157062068989035,0.18998723709955812,0.08305079548154026
172032,172032,0.05068109440617263,0.006721210847899783,1.666376132518053,0.6278918031603098,0.06766932603204623,0.003898474606103264,0.11883677658624947,0.5992468828335404
173056,173056,0.047914243186824024,0.008848735262290575,1.6134858317673206,0.6903350725769997,0.03133397636702284,0.0038807579039712436,0.45499667059630156,0.6268238946795464
174080,174080,0.05701576717547141,0.004826030359254219,1.586020477116108,0.6781118363142014,0.04484112959471531,0.002233436443930259,1.2550818733870983,0.8445629291236401
175104,175104,0.053062396924360655,0.010726287378929555,1.4775248877704144,0.7193613294512033,-0.0029664123721886426,0.012364445414277725,0.8034023009240627,0.23028141260147095
176128,176128,0.04328579296998214,0.007259353427798487,1.5081119313836098,0.5604844130575657,0.042885944101726636,0.004044521101604914,1.4789803437888622,0.7655837861821055
177152,177152,0.08755406073760241,0.006121237514889799,1.560140535235405,0.7430628594011068,0.022627741964242887,0.0029972997654112987,0.5785994464531541,0.7713842298835516
178176,178176,0.0717639749054797,0.00746876017365139,1.387728862464428,0.8503141924738884,0.01928958424832672,0.0038765004246670287,1.1788920722901821,1.0293995160609484
179200,179200,0.06810335034970194,0.007188004135969095,1.4413893297314644,0.7997657712548971,0.06828833243343979,0.004071673021826427,1.376160005107522,0.9957523550838232
180224,180224,0.06746529988595285,0.01520807835913729,1.5118972063064575,0.8523499760776758,0.028748573327902704,0.01659423008095473,1.0616978611797094,0.9592486955225468
181248,181248,0.028535243938677013,0.010755173731013201,1.5502331852912903,0.5341344121843576,0.05529455910436809,0.004400064470246434,1.696242295205593,0.7901828875765204
182272,182272,0.06210043575265445,0.00768004625570029,1.3852406106889248,0.6206931453198195,0.015762108203489333,0.002259067514387425,0.44499034713953733,0.7533115409314632
183296,183296,0.027112169947940856,0.0019888329406967387,1.5905798338353634,0.5118104480206966,-0.010887540236581117,0.00026462974847163423,0.6122674143407494,0.10076115350238979
184320,184320,0.0721484468667768,0.003321624652016908,1.4138449877500534,0.7849379200488329,0.024136449297657236,0.001783512136171339,1.0786712765693665,0.7331632599234581
185344,185344,0.11144909908762202,0.013333519731531851,1.5816880129277706,0.7943150829523802,-0.03269549159449525,0.013510348231648095,0.9767220299690962,0.5917705493047833
186368,186368,0.046239840681664646,0.02168052297201939,1.3815684504806995,0.6224265173077583,0.07080906364717521,0.010280033646267839,0.768032418563962,1.832299143075943
187392,187392,0.06492879110737704,0.007832306830096059,1.5081094540655613,0.7193054929375648,0.043608557622064836,0.0033925548596016597,0.7875305842608213,0.629296975210309
188416,188416,0.07432105255429633,0.005817426266730763,1.6042715571820736,0.8158420324325562,0.03653702657902613,0.0025321118264400866,1.3501674979925156,0.9770146142691374
189440,189440,0.04183297391864471,0.006084509899665136,1.52386861667037,0.8165873773396015,0.10900623572524637,0.003631585612311028,1.313052118755877,0.8984617628157139
190464,190464,0.08196420880267397,0.01863079084432684,1.2827235087752342,0.7807900588959455,0.025309504591859877,0.016295436274958774,0.5848926892504096,1.9126479886472225
191488,191488,0.04513436168781482,0.009753431324497797,1.5000058747828007,0.6444276478141546,-0.0062966445402707905,0.00394540449269698,0.15397045714780688,0.3756396067328751
192512,192512,0.053859316161833704,0.011508427356602624,1.558662187308073,0.6075545232743025,0.1038133857655339,0.003698090251418762,0.2995218518190086,1.368066068738699
193536,193536,0.07964145677397028,0.012615993851795793,1.412883248180151,0.6454515345394611,0.03645623251213692,0.005682271657860838,0.6292975777760148,1.91896490752697
194560,194560,0.047223889065207914,0.009388180551468395,1.4824697002768517,0.6931134201586246,0.032552874501561746,0.0031754860356159043,0.3811353975906968,1.047738840803504
195584,195584,0.07768944748386275,0.01629424313432537,1.441039863973856,0.6418878939002752,0.010755566996522248,0.0117325021274155,0.9019879382103682,1.3867564462125301
196608,196608,0.04850037356663961,0.007691399427130818,1.3847566395998,0.6820577252656221,0.04174182313727215,0.003472949523711577,1.1482942998409271,1.044764969497919
197632,197632,0.06503445253474638,0.007946534096845426,1.6144921034574509,0.6602314841002226,0.0433372275729198,0.0030962297823862173,1.483795441687107,0.6820721104741096
198656,198656,0.05420553378644399,0.0006843178111921588,1.5716185308992863,0.4718465618789196,-0.0034248934243805707,0.00042981323167623486,1.2411681357771158,0.211231256602332
199680,199680,0.014207898813765496,0.002013631867157528,1.5192049406468868,0.48502490669488907,0.06624442382599227,0.0014844059533061227,1.2529097888618708,0.34335778607055545
200704,200704,0.09403791592922062,0.018036443303572014,1.3853542134165764,0.7459609620273113,-0.014732676732819527,0.01599627399991732,1.092124286107719,0.7387275844812393
201728,201728,0.03513931312772911,0.004153725240030326,1.5749536380171776,0.4475549617782235,-0.0022907470702193677,0.0021586711045529228,1.3026690371334553,0.2087183645926416
202752,202752,0.05028843451873399,0.012135071403463371,1.5358323603868484,0.6121364440768957,-0.008897628082195297,0.0038935233460506424,0.7733185552060604,0.39438495226204395
203776,203776,0.042918471139273606,0.00147275722156337,1.5835618302226067,0.6178452018648386,-0.021868440438993275,0.000912072968276334,1.048918180167675,0.3184075662866235
204800,204800,0.06495019589783624,0.004107533095520921,1.5504518561065197,0.7603973858058453,0.03243693654076196,0.0019285726066300413,0.3294884795323014,0.5077246753498912
205824,205824,0.07493757546762936,0.017358451761538163,1.6512735858559608,0.7316682729870081,0.035972123267129064,0.016365501578547992,0.363077150657773,1.0242435913532972
206848,206848,0.052091652833041735,0.013171548605896533,1.4371404759585857,0.59416888281703,0.039750202326104045,0.0062215727448347025,0.516919675283134,1.4373038783669472
207872,207872,0.08779897502972744,0.0051679038515430875,1.2856560312211514,0.8560423906892538,0.017143813653092366,0.0024887648978619836,0.9567831512540579,0.4951096996665001
208896,208896,0.06657919712597504,0.001683731607045047,1.2166868075728416,0.7355918399989605,0.011622751568211243,0.0013065638888747344,0.8340677302330732,0.03620598930865526
209920,209920,0.06262409416376613,0.00486862127945642,1.2785531841218472,0.7369391787797213,0.03842056606663391,0.0021396582997113,0.8072941713035107,0.5972265526652336
210944,210944,0.08866127586225048,0.040043510554824024,1.5398129597306252,0.7427269853651524,0.019838216190692037,0.03322533349273726,1.3682787902653217,1.1160058677196503
211968,211968,0.047513075027382,0.020294089044909924,1.5236457847058773,0.6878530755639076,0.0678675158706028,0.017964117076189723,0.783251816406846,0.5634047351777554
212992,212992,0.056304057623492554,0.006571377391082933,1.5951032005250454,0.5475212633609772,-0.02382707185461186,0.005714518360036891,1.374827090650797,0.27177077112719417
214016,214016,0.05689194324077107,0.0031213584006763995,1.522501602768898,0.6836604010313749,-0.012661480985116214,0.0014068385298742214,1.0302937552332878,0.21929519448895007
215040,215040,0.04888538594241254,0.010261258619721048,1.4242024831473827,0.7523565981537104,0.030054776434553787,0.009496872327872552,0.6579019464552402,1.1202702429145575
216064,216064,0.061058461491484195,0.008762936879065819,1.6680214293301105,0.7252023071050644,0.032442095049191266,0.004745538273709826,0.5255518602207303,0.4036481771618128
217088,217088,0.044758663076208904,0.014229173510102555,1.5662444084882736,0.7017622161656618,0.09764206508407369,0.005270529800327495,0.9482457051053643,1.7840029001235962
218112,218112,0.050308235513512045,0.011408184072934091,1.6389262787997723,0.6929069980978966,0.024456213373923674,0.00376963156304555,1.266836116090417,1.257567897439003
219136,219136,0.0400303834467195,0.006854265229776502,1.4799174554646015,0.7602190617471933,0.07397912969463505,0.003305173358967295,0.7963464949280024,1.0237721428275108
220160,220160,0.054398802923969924,0.014883590949466452,1.3606256172060966,0.6517640110105276,0.0252224947034847,0.012909237993881106,1.2502403892576694,1.1528408359736204
221184,221184,0.05912513693328947,0.006625643218285404,1.7362681291997433,0.7044047862291336,0.04152808536309749,0.0030038516233616974,1.389580737799406,1.0259990468621254
222208,222208,0.05935328226769343,0.004042745851620566,1.613013755530119,0.7511721141636372,0.02967912584426813,0.001961025503987912,1.1767913270741701,0.7021505907177925
223232,223232,0.05514738769852556,0.007075217232340947,1.446608878672123,0.8134255912154913,0.031114485580474138,0.0031757711512909736,0.7406202517449856,0.6015398344025016
224256,224256,0.05315036416868679,0.0065431880138930865,1.3075398579239845,0.7186714429408312,0.10779915773309767,0.002735308306000661,1.5976258721202612,1.6039138361811638
225280,225280,0.07321959995897487,0.01525181217584759,1.4073491171002388,0.7108815982937813,0.026819231410627253,0.015214016253594309,1.0439402349293232,0.9322768189013004
226304,226304,0.048756619973573834,0.012076823186362162,1.4856008403003216,0.6259354129433632,0.03870083786023315,0.006917334801983088,1.0214496329426765,0.8644084390252829
227328,227328,0.08395310785272159,0.011439207970397547,1.4336786307394505,0.7722560744732618,0.07064636645372957,0.0050888351470348425,0.5615599439479411,1.3088510297238827
228352,228352,0.05367446114541963,0.0129150350112468,1.4552319943904877,0.5307377902790904,0.049413413216825575,0.005013712448999286,0.669902321882546,1.5035509578883648
229376,229376,0.04660019389120862,0.011865419306559488,1.272805854678154,0.7899004202336073,0.07646433453192003,0.004394137526105624,0.9926556833088398,0.7949575409293175
230400,230400,0.06885944056557491,0.010226593367406167,1.3938666172325611,0.6836305148899555,-0.01294437691103667,0.010893626429606229,0.9040852785110474,0.25761905359104276
231424,231424,0.05196542604244314,0.0009858588955466985,1.4905586242675781,0.4725264525040984,0.013601001439383253,0.0011600406360230409,1.349900908768177,0.3114752263063565
232448,232448,0.042032854369608685,0.0038189056285773404,1.4088666588068008,0.6255931928753853,0.021447328297654167,0.0014661453442386119,0.7536890301853418,0.2785670799203217
233472,233472,0.044531026971526444,0.00904536116286181,1.3318196535110474,0.6236747540533543,0.03462235315237194,0.00222224954268313,0.42653297260403633,0.30210053687915206
234496,234496,0.05131008703028783,0.004800692986464128,1.398446686565876,0.563058365136385,-0.009495828591752797,0.0025259632093366235,1.129673309624195,0.7361917905509472
235520,235520,0.07288338782382198,0.012565307479235344,1.352623414248228,0.6799823436886072,-0.011845807457575575,0.012665503090829588,1.0360928103327751,0.8052596785128117
236544,236544,0.05076628579990938,0.008820315299089998,1.5134497620165348,0.6924128979444504,0.010077505896333605,0.0035299756127642468,1.6441937759518623,0.6286143334582448
237568,237568,0.04874654143350199,0.007037297124043107,1.5219196118414402,0.6703011617064476,0.047686652978882194,0.0031854854278208222,1.8339798897504807,1.026183344423771
238592,238592,0.07116327396943234,0.004093460134754423,1.2540717348456383,0.751464394852519,-0.02116303818183951,0.001244491342731635,1.1312098912894726,0.544996777549386
239616,239616,0.13164743268862367,0.0008807830599835142,1.1274545229971409,1.0058839097619057,0.0008328280528075993,0.0005792685850565249,0.8418914880603552,0.016159732767846435
240640,240640,0.10455433011520654,0.013455375919875223,1.4777739346027374,0.7209442537277937,0.0524237732461188,0.018210957714472897,1.006952403113246,0.9639216531068087
241664,241664,0.06429736316204071,0.012245024205185473,1.398117233067751,0.7491342537105083,0.08687751111574471,0.0077043617638992146,1.5761045143008232,1.3246456608176231
242688,242688,0.0414946055971086,0.010246739417198114,1.451283574104309,0.7649154048413038,0.06818735267734155,0.004018283711047843,1.7243302389979362,1.017768032848835
243712,243712,0.07574842032045126,0.005583387071965262,1.3162417002022266,0.7409742046147585,0.037258068565279245,0.0020113136160944123,1.2402523141354322,0.42862778762355447
244736,244736,0.06521754465939011,0.005768756527686492,1.2706195041537285,0.7457164749503136,0.0792763022473082,0.002313553002750268,2.134715434163809,0.9118938613682985
245760,245760,0.04030338923621457,0.009556626486300956,1.6093702130019665,0.595755198970437,-0.005186457303352654,0.012994474862352945,1.0862755589187145,0.4109806097112596
246784,246784,0.06259497997234575,0.008095194192719646,1.4751280508935452,0.7682417817413807,0.07042384712258354,0.00333622318066773,1.4906149040907621,0.905105521902442
247808,247808,0.0819198969838908,0.012543765027658083,1.3831550069153309,0.844882421195507,0.07674082979792729,0.00556758474704111,1.0162286385893822,0.9518621806055307
248832,248832,0.06889325281372294,0.009318884447566234,1.2116040475666523,0.8031716551631689,0.031168297515250742,0.004828404817089904,0.653734183870256,0.6299233231693506
249856,249856,0.052720883628353477,0.002013692132095457,1.2723744623363018,0.5083650564774871,-0.01156546849233564,0.0014636765254181228,1.041589144617319,0.17524940567091107
250880,250880,0.05099771219829563,0.01357952892431058,1.597102664411068,0.6944453790783882,0.027203360725252423,0.01757276269927388,1.5133160203695297,0.7551543777808547
251904,251904,0.05383689363952726,0.013039735960774124,1.5390273407101631,0.649054354056716,0.035512655071215704,0.005641403236950282,1.118037160485983,0.9899118486791849
252928,252928,0.06660680208005942,0.006031841781805269,1.2874804995954037,0.8180735353380442,0.01679645419062581,0.003450825115578482,0.8194841742515564,0.48773000575602055
253952,253952,0.06424642927595414,0.0038066427550802473,1.6214615628123283,0.6993426065891981,0.03684260812588036,0.002652320450579282,1.3337885960936546,0.5620616655796766
254976,254976,0.050684249959886074,0.006589441021787934,1.4903415516018867,0.6010861545801163,0.0576219703652896,0.00313131478469586,1.3937116339802742,0.7285184618085623
256000,256000,0.0671361917629838,0.027366456692107022,1.4339153543114662,0.7034211568534374,0.022600102121941745,0.02871496055740863,1.3092502169311047,1.5203690901398659
257024,257024,0.061517024820204824,0.014808578256634064,1.5120873972773552,0.6985751986503601,0.05866067990427837,0.010917425111983903,1.5180897787213326,1.1519848052412271
258048,258048,0.054739138708100654,0.008338756000739522,1.550075814127922,0.7898208517581224,0.06021560082444921,0.0063452994436374865,1.5330365635454655,0.7648743242025375
259072,259072,0.030728383251698688,0.006197265931405127,1.478431772440672,0.602355906739831,0.06982834191876464,0.004331294498115312,0.7504658941179514,0.7160273715853691
260096,260096,0.05041404959047213,0.015232837671646848,1.2392179667949677,0.7240802422165871,0.02544691700313706,0.012415726989274845,1.0754870939999819,1.3309616409242153
261120,261120,0.05438622855581343,0.01328093561460264,1.4159459955990314,0.7317134328186512,0.11810870550107211,0.006255083339056,1.6287634745240211,1.4906005933880806
262144,262144,0.07022541179321706,0.007474419791833498,1.426811970770359,0.7689676005393267,0.04903841853956692,0.003241591275582323,1.4792891442775726,0.9560803696513176
263168,263168,0.04561419700621627,0.006861143046990037,1.4357851594686508,0.6636948119848967,0.06072742541437037,0.0029291959181136917,0.38459006417542696,0.9789033457636833
264192,264192,0.049010403745342046,0.004657733952626586,1.5241445116698742,0.655655400827527,0.02193331570015289,0.0028844814987678546,0.3222997325938195,0.3746950593777001
265216,265216,0.07607634842861444,0.01477639791846741,1.300252553075552,0.6152059230953455,-0.004519398818956688,0.017193943916936405,0.7797537911683321,0.8377031814306974
266240,266240,0.042898824336589314,0.022061960014980286,1.4390609189867973,0.5746427234262228,0.06671620032284409,0.011967026875936426,1.2937639486044645,1.5865186750888824
267264,267264,0.06699869153089821,0.014426037116209045,1.4843194335699081,0.6576749943196774,0.060716482577845454,0.00508270799764432,0.6489432994276285,0.8432693127542734
268288,268288,0.07083031523507088,0.012818931048968807,1.5083206929266453,0.6840405594557524,0.02036232568207197,0.0062808597140247,0.9444545172154903,0.5570751549676061
269312,269312,0.0656541992793791,0.007522893996792845,1.305084127932787,0.8004277423024178,0.026355757407145575,0.003760949217394227,1.0405222289264202,0.4807092612609267
270336,270336,0.0890702820615843,0.013990684470627457,1.3175114803016186,0.7413865029811859,0.00530837029509712,0.012836022593546659,1.2641453836113214,1.1275741569697857
271360,271360,0.0821706727729179,0.01263218469102867,1.5132923610508442,0.6151566375046968,0.01940706858295016,0.0035592188869486563,0.8432167135179043,0.9748122245073318
272384,272384,0.046765817038249224,0.007746386298094876,1.3298082314431667,0.7088691163808107,0.06720631913049147,0.0034359307537670247,0.9400864001363516,1.019751362502575
273408,273408,0.04095656389836222,0.004158453142736107,1.3755684904754162,0.5734588876366615,0.04629518763977103,0.0019637333025457337,0.9331539273262024,0.8538308348506689
274432,274432,0.05295526419649832,0.006479904623120092,1.2254957146942616,0.6959867235273123,0.05765065876767039,0.0030266359863162506,1.1034271288663149,0.7647660356014967
275456,275456,0.07776913943234831,0.012853953710873611,1.2930422835052013,0.6629119422286749,0.06869442373863421,0.011782248147937935,0.6209847060963511,0.7438296545296907
276480,276480,0.06178364291554317,0.011012500719516538,1.4586432054638863,0.6933628544211388,0.035858365619787946,0.004128267282794695,1.1909856516867876,0.680601011030376
277504,277504,0.07166236406192183,0.0037021858879597858,1.5355767235159874,0.6652146931737661,0.018859074370993767,0.0017144278735941043,1.183596821501851,0.4323127353563905
278528,278528,0.05622640377259813,0.008742935286136344,1.4913220964372158,0.7131455615162849,0.01052067062119022,0.004448580672033131,1.240795997902751,1.0521131698042154
279552,279552,0.037382572030765004,0.011194126855116338,1.4401951879262924,0.6903780698776245,0.013751116610364988,0.005774343095254153,1.0128795485943556,0.6890294961631298
280576,280576,0.1194732382427901,0.022182984015671536,1.358221236616373,0.6812959555536509,-0.043024756596423686,0.024464285539579578,1.4110415503382683,0.7915785945951939
281600,281600,0.06991694631869905,0.017678757722023875,1.4105004854500294,0.7129856627434492,0.054244085171376355,0.010602844100503717,1.9191791322082281,1.1912506744265556
282624,282624,0.07969392696395516,0.01031287010118831,1.4154913313686848,0.8664788696914911,0.014379696076503024,0.006907391601998825,0.43465305026620626,0.9255974609404802
283648,283648,0.0553957249794621,0.00992894014052581,1.3710325807332993,0.7059394717216492,0.08249331137631088,0.004688779757998418,0.7549571692943573,1.4185553938150406
284672,284672,0.07118173872004263,0.0048265203076880425,1.1812112852931023,0.8236210066825151,0.025339946820167825,0.0022737470135325566,1.0882928185164928,0.3856587987393141
285696,285696,0.08357788666035049,0.01636124095239211,1.2126208879053593,0.6482744384557009,0.007940214069094509,0.013116448084474541,0.9280242174863815,0.5199606083333492
286720,286720,0.10601216572104022,0.010894798833760433,1.5657052509486675,0.8096762783825397,0.04195255808008369,0.007586191706650425,0.9989845734089613,0.9133968353271484
287744,287744,0.06360655376920477,0.00888162330375053,1.4378229677677155,0.626136165112257,0.08268021588446572,0.003982403381087352,1.3224874511361122,0.7590918047353625
288768,288768,0.05786493921186775,0.005995719984639436,1.1804671846330166,0.6875721178948879,0.050614370236871764,0.0034167112680734135,0.8561131963506341,0.7872372977435589
289792,289792,0.0645383685186971,0.0069051879399921745,1.1013843640685081,0.7468043938279152,-0.014567091595381498,0.002706592596950941,0.8072803393006325,0.34505528677254915
290816,290816,0.0957014785381034,0.009858593708486296,1.3009632676839828,0.7165093757212162,0.002127684885635972,0.00791051087435335,1.5202489085495472,0.6675018928945065
291840,291840,0.05897505328175612,0.006520849172375165,1.316440049558878,0.6102161277085543,0.018483562191249803,0.002133544516254915,1.041722398251295,0.7399242762476206
292864,292864,0.09607289684936404,0.005924576013057958,1.1283714771270752,0.8706552162766457,0.032204471732256934,0.002959236466267612,1.2393924444913864,0.5924277538433671
293888,293888,0.05885867847246118,0.009220910782460123,1.2988825626671314,0.8091927636414766,0.07672888910747133,0.006264305040531326,0.7468487657606602,1.1128286179155111
294912,294912,0.06362757424358279,0.00928334349009674,1.3026650846004486,0.7762757558375597,0.019389218097785488,0.006618025967327412,1.3882378675043583,1.0734480544924736
295936,295936,0.03992082773766015,0.017622167099034414,1.3373627662658691,0.6545247193425894,0.058064901939360425,0.01441125756537076,1.4844664111733437,1.1031885668635368
296960,296960,0.05922188621480018,0.010889892946579494,1.3189715258777142,0.7646204251796007,0.055517861736007035,0.0061190980923129246,1.1889416463673115,1.339012149721384
297984,297984,0.07601095520658419,0.004417932497744914,1.1193021908402443,0.8053059298545122,0.03269942197948694,0.00217876308306586,0.6589353159070015,0.804290296509862
299008,299008,0.04498025949578732,0.0027607945557974745,1.1548293940722942,0.5878027509897947,0.05368570075370371,0.0017252586476388387,0.9718174049630761,0.4517345977947116
300032,300032,0.05216210422804579,0.01326178087037988,1.2145918980240822,0.5569325629621744,0.03419010774814524,0.011773565376643091,0.9838070850819349,0.5573926782235503
301056,301056,0.06978900998365134,0.011300189697067253,1.415420513600111,0.6673827636986971,0.049043336912291124,0.004812637504073791,0.9953277464956045,0.8826610669493675
302080,302080,0.03208996684406884,0.005512100949999876,1.4731807932257652,0.5661428850144148,0.04953996036783792,0.003300850908999564,0.7877867482602596,0.39878082973882556
303104,303104,0.07420965185156092,0.010378667764598504,1.4589733369648457,0.6125732585787773,0.020209636742947623,0.005311644570610952,0.9899773839861155,0.7084813779219985
304128,304128,0.05085687508108094,0.01270141007262282,1.3961389511823654,0.695423087105155,0.04004191196872853,0.006027911644196138,0.7541308086365461,1.3793457578867674
305152,305152,0.05646377330413088,0.022118512250017375,1.3888686262071133,0.6114559974521399,0.056113945713150315,0.01570401397475507,1.0738379918038845,1.4719375893473625
306176,306176,0.05948748631635681,0.013818817271385342,1.3095089197158813,0.6413895953446627,0.05372479071957059,0.010141431062947959,0.8433673102408648,0.9307230319827795
307200,307200,0.10282813583035022,0.0039719417472952046,1.153748806566,0.7733587082475424,-0.010426039021695033,0.0029433121999318246,0.5984580665826797,0.17801969358697534
308224,308224,0.047291674301959574,0.0047812969132792205,1.0965577960014343,0.7405061181634665,0.0610456905560568,0.001750387546053389,1.2579938583076,0.6289256922900677
309248,309248,0.02822221837413963,0.005685393953172024,0.9849217534065247,0.8297898638993502,0.07180917024379596,0.003167246057273587,1.490071814507246,0.8066922072321177
310272,310272,0.09096383713767864,0.01793848554370925,1.1385894566774368,0.7595415599644184,-0.023205753066577017,0.013442937794025056,0.8470544097945094,0.9794433992356062
311296,311296,0.04561333579476923,0.009186007198877633,1.458539817482233,0.5486578848212957,0.027998627279885113,0.006737993986462243,0.9951444882899523,0.5859146127477288
312320,312320,0.06573122664121911,0.01178637745033484,1.3766904473304749,0.6464561354368925,0.018856756447348744,0.00446247461513849,0.2619656599126756,1.3598825577646494
313344,313344,0.05005222887848504,0.01076618512161076,1.4093925505876541,0.7741607837378979,0.10822763841133565,0.004099595942534506,0.07960097340401262,2.120458919554949
314368,314368,0.0606806046271231,0.011124756158096716,1.3219172209501266,0.780340226367116,0.045151525890105404,0.005559688346693292,0.22021021926775575,1.8033901751041412
315392,315392,0.06978786288527772,0.01356763276271522,1.278240267187357,0.6758578084409237,0.05705308960750699,0.010098227110574953,0.6132207727059722,1.0556741207838058
316416,316416,0.0697742803604342,0.004649902424716856,1.1885737664997578,0.690269872546196,0.0027369510498829186,0.002850073538866127,1.3796280529350042,0.24260040814988315
317440,317440,0.05315318173961714,0.010887186392210424,1.346153136342764,0.574111683294177,-0.006101960520027205,0.0041845611776807345,0.38912849873304367,0.2051701764576137
318464,318464,0.05482620242401026,0.007981447983183898,1.2586260251700878,0.6178285777568817,0.004540634574368596,0.003367158948094584,0.6567852199077606,0.5855374811217189
319488,319488,0.04481475637294352,0.006804686832765583,1.6676884591579437,0.5961702633649111,0.06584210536675528,0.003747361246496439,1.1676273066550493,0.8595500234514475
320512,320512,0.04637902966351248,0.018802280421368778,1.5487093552947044,0.613694941624999,0.047469525336055085,0.015680209413403645,1.1907102055847645,1.0335585232824087
321536,321536,0.05888941087323474,0.01817148891859688,1.2255942523479462,0.6140204649418592,0.04836826678365469,0.006122398946899921,0.8208726160228252,1.0040705911815166
322560,322560,0.052915426800609566,0.006332567645586096,1.28918918967247,0.7520235367119312,0.03520953666884452,0.0038017118858988397,0.45201990101486444,0.5565074747428298
323584,323584,0.08548227185383439,0.012275251181563362,1.3885516002774239,0.659914392977953,0.029246234917081892,0.00375351365073584,0.9051459413021803,0.704504020512104
324608,324608,0.08884639316238463,0.014975428639445454,1.3214825689792633,0.6796933114528656,0.020214153395500034,0.006585825314687099,1.3967046029865742,1.3539455235004425
325632,325632,0.09554109047167003,0.017686954510281794,1.3128762133419514,0.6115902680903673,-0.021756392787210643,0.020209413894917816,1.645807683467865,1.6098432466387749
326656,326656,0.021612209020531736,0.013088447885820642,1.4114942625164986,0.592187263071537,0.1658839019946754,0.0067436841782182455,1.5507634431123734,1.7796717919409275
327680,327680,0.031032050668727607,0.006609045754885301,1.565774541348219,0.6913647465407848,0.04079362959600985,0.004083945968886837,0.9846580717712641,1.1119479555636644
328704,328704,0.050957594328792766,0.0017559453517606016,1.4617361277341843,0.5223318981006742,-0.011244146764511243,0.0016798983742773999,1.0676543507725,0.2641420486615971
329728,329728,0.05724159747478552,0.00730081602523569,1.723969206213951,0.6462483573704958,0.04135563601448666,0.0028079541771148797,1.362334694713354,0.7857617102563381
330752,330752,0.0696595247136429,0.0322465761564672,1.2071894332766533,0.6205273848026991,0.06086849083658308,0.025489391904557124,1.6648267582058907,1.7083099782466888
331776,331776,0.03851187095278874,0.014121111220447347,1.2605140544474125,0.6045215390622616,0.09664913988672197,0.0078782948985463,1.493655787780881,1.2108396124094725
332800,332800,0.05315626534866169,0.012636228231713176,1.5931913182139397,0.5792535040527582,0.019490311766276136,0.006847540505987126,1.0553704425692558,0.6774794366210699
333824,333824,0.049350868750480004,0.007709540470386855,1.3878176547586918,0.5697542000561953,0.016802183308755048,0.0043389366182964295,1.2468079179525375,0.8082844540476799
334848,334848,0.03983226470882073,0.01389602359267883,1.246037807315588,0.5813683327287436,0.03431725376867689,0.0069893201580271125,0.9903409080579877,1.4976074285805225
335872,335872,0.05524734946084209,0.012343153968686238,1.1237068362534046,0.7648956570774317,0.056408737757010385,0.010370060437708162,0.8099352549761534,1.0368919800966978
336896,336896,0.08032186212949455,0.003788192101637833,1.1697995625436306,0.7143476884812117,-0.029842292831745,0.0021978449913149234,0.6290725963190198,0.18583713239058852
337920,337920,0.02003753706230782,0.009016668453114107,1.3061160147190094,0.5435327552258968,0.0558093496656511,0.0033830333450168837,1.2169349491596222,0.8775372845120728
338944,338944,0.0868597321677953,0.0027476964933157433,1.0423234924674034,0.7174448855221272,-0.00870934923295863,0.001958428489160724,0.3138315894175321,0.10611788206733763
339968,339968,0.035589674254879355,0.006228463156730868,1.3377878405153751,0.7053118236362934,0.013042425242019817,0.0035044938849750906,0.24274021573364735,0.6406303672119975
340992,340992,0.043779103085398674,0.0173844748060219,1.4400054849684238,0.7068112157285213,0.03922577953198925,0.015918830438749865,1.0420786775648594,1.5468317456543446
342016,342016,0.029928229603683576,0.014282249234383926,1.3417384251952171,0.6072199419140816,0.11157638294389471,0.005869485561561305,1.1475795358419418,1.843428660184145
343040,343040,0.03548638982465491,0.015047321387100965,1.2813909016549587,0.6334460899233818,0.08188820033683442,0.006660721170192119,1.3997390400618315,1.422370657324791
344064,344064,0.04304324585245922,0.010995153657859191,1.2064072377979755,0.6877718269824982,0.026289411092875525,0.004436898103449494,0.9352767281234264,0.7943647131323814
345088,345088,0.043499680381501094,0.013219219908933155,1.2135883383452892,0.6751206368207932,0.001399589964421466,0.015716005756985396,0.8594227768480778,0.37614588579162955
346112,346112,0.10885706340195611,0.045588462438900024,1.4473627768456936,0.9189015086740255,0.10363012261223048,0.020577715389663354,1.105005856603384,1.6339352317154408
347136,347136,0.09619114163797349,0.02676025906112045,1.3260308615863323,0.789878873154521,0.057810978178167716,0.011723631789209321,0.8479170296341181,1.6273624002933502
348160,348160,0.09333296725526452,0.018143229448469356,1.2409465424716473,0.7343682143837214,0.07623377908021212,0.006691825590678491,1.0251096244901419,1.189088061451912
349184,349184,0.061425231862813234,0.0090145393187413,1.164532769471407,0.6491094101220369,0.00015214135055430233,0.004843982351303566,0.7049978338181973,0.5462588286027312
350208,350208,0.08535112149547786,0.015612913382938132,1.1373923867940903,0.7080962229520082,0.03459351742640138,0.01237559133733157,0.4543210621923208,0.9277190621942282
351232,351232,0.07905351067893207,0.011721469141775742,1.3043817393481731,0.807673554867506,0.012843283242546022,0.005024157697334886,1.1442113760858774,0.6309784157201648
352256,352256,0.06470037647522986,0.003800117388891522,1.2523788437247276,0.7517176792025566,0.01473044278100133,0.0022274554685282055,0.7767439000308514,0.42742295702919364
353280,353280,0.05413508974015713,0.008288552024168894,1.2649054378271103,0.8746816348284483,0.015780780464410782,0.0040855711631593294,1.3343058340251446,0.5240812515839934
354304,354304,0.03366300949710421,0.009983346943045035,1.4416082128882408,0.487503700889647,-0.014211928413715214,0.0036081081452721264,1.1701949127018452,0.3673378899693489
355328,355328,0.0412328940583393,0.013653811605763622,1.3442425802350044,0.5581415658816695,-0.023795530549250543,0.01390395594353322,1.057641951367259,1.0361414030194283
356352,356352,0.07485920569160953,0.03213068348122761,1.4563566073775291,0.693496635183692,0.11209760518977419,0.012220269956742413,1.4040636960417032,1.6467903144657612
357376,357376,0.07971388133591972,0.020200723956804723,1.338445633649826,0.6466420851647854,0.09193339239573106,0.006273835329920985,1.6857566460967064,1.533605381846428
358400,358400,0.06384516722755507,0.011827745678601786,1.3417396172881126,0.736732043325901,0.050851385793066584,0.007324284888454713,0.9693646300584078,1.2732500843703747
359424,359424,0.051785151270451024,0.0052002244628965855,1.2860497795045376,0.7489062119275331,0.06990483921254054,0.0021593569254036993,0.1925755450502038,0.8195252493023872
360448,360448,0.07300267653772607,0.015032766124932095,1.3465277664363384,0.8376595620065928,0.056422928217216395,0.011580377511563711,1.1297435946762562,1.9099777080118656
361472,361472,0.04295041100704111,0.010500809701625258,1.5086017288267612,0.6881382577121258,0.09580011892830953,0.004629262009984814,1.5099578890949488,1.3854232616722584
362496,362496,0.05336177095887251,0.008236176596255973,1.3751388937234879,0.6059647742658854,0.07589604560052976,0.003384832507435931,1.1107964217662811,1.5170421861112118
363520,363520,0.05921969428891316,0.005643512180540711,1.3341063968837261,0.8338835630565882,0.029697565900278278,0.002628015849040821,1.396406851708889,0.49154540058225393
364544,364544,0.09002994000911713,0.0069152061914792284,1.6597902178764343,0.8727425653487444,0.01336353484657593,0.0031253785055014305,1.3825251273810863,0.7325742803514004
365568,365568,0.06260293355444446,0.01894912519492209,1.2414368018507957,0.6803806908428669,0.03712074761278927,0.017712878034217283,1.3111761771142483,1.2442585714161396
366592,366592,0.018758877777145244,0.01185707509284839,1.3474299535155296,0.6145782712846994,0.09532251406926662,0.004217887071717996,1.2643409669399261,0.7745258454233408
367616,367616,0.05990543635562062,0.008978505138657056,1.3297047689557076,0.6499574799090624,0.01063825398159679,0.004651685092539992,0.8759070001542568,1.1416741460561752
368640,368640,0.03283182013547048,0.007137264241464436,1.5143831931054592,0.6188894137740135,0.064979264017893,0.003631179639342008,1.4659387692809105,0.899315383285284
369664,369664,0.08944866672391072,0.012612291640834883,1.2413934655487537,0.7523719854652882,0.06496098061325029,0.00599678470462095,1.3272881135344505,1.0071579441428185
370688,370688,0.053075012780027464,0.02028951671672985,1.2899444550275803,0.7314699254930019,0.04212110643857159,0.018028159087407403,1.6036332733929157,1.3649815879762173
371712,371712,0.03524711533100344,0.008166335377609357,1.4057995229959488,0.5253368252888322,-0.012563124677399173,0.0037620251532644033,1.3798192515969276,0.4956385036930442
372736,372736,0.04877663031220436,0.0027705442262231372,1.1457840353250504,0.7353279273957014,-0.01180814576218836,0.0018469047790858895,1.1604160703718662,0.20664389710873365
373760,373760,0.0453513951797504,0.004483492666622624,1.2054664976894855,0.6940197311341763,0.03626087540760636,0.0025016645959112793,1.61559471860528,0.8491969518363476
374784,374784,0.04725450370460749,0.0060715528088621795,1.3497741185128689,0.6121825445443392,0.04990535392425954,0.003560633722372586,1.3761960603296757,0.7102176854386926
375808,375808,0.03632842338993214,0.01675310797872953,1.3435905314981937,0.6434783488512039,0.019828796212095767,0.020451087708352134,1.9793561957776546,1.2199123483151197
376832,376832,0.06631324085174128,0.007290852387086488,1.229749921709299,0.5930198300629854,0.022562395039130934,0.003240936217480339,1.1757796667516232,0.5410725893452764
377856,377856,0.057810121041256934,0.006207644481037278,1.1939064599573612,0.7477723192423582,0.021164151083212346,0.002718485913646873,1.0778744742274284,0.5416424600407481
378880,378880,0.055140222888439894,0.008622495268355124,1.18716736510396,0.6680289134383202,0.03450187014823314,0.0025697544042486697,1.0553995873779058,0.7433660561218858
379904,379904,0.07703214668435976,0.008178105475963093,1.2243553660809994,0.7201594933867455,0.0537210991315078,0.0027272525512671564,1.140315355733037,0.661496764048934
380928,380928,0.0684751518710982,0.03604911285219714,1.1777436845004559,0.802202420309186,0.01494377278140746,0.033336134743876755,1.0239506531506777,1.2271654475480318
381952,381952,0.05113294560578652,0.010922433495579753,1.4421871788799763,0.5240441840142012,-0.02648476025206037,0.009464615228353068,1.2311731204390526,0.1999827460385859
382976,382976,0.04584635284845717,0.007876428877352737,1.4236555844545364,0.5832893364131451,0.01595897489460185,0.0034463550546206534,1.6882516033947468,0.615339420735836
384000,384000,0.05637143412604928,0.005432766251033172,1.360459540039301,0.7544148191809654,0.080187373154331,0.0027497099436004646,0.4887443361803889,1.0866548363119364
385024,385024,0.05759228326496668,0.013232038880232722,1.311444915831089,0.732303649187088,0.04406806425686227,0.014335867192130536,1.60113063454628,1.3529005944728851
386048,386048,0.06938792223809287,0.022574825474293903,1.3736549392342567,0.7227035909891129,0.03392325990716927,0.014560601732227951,1.3890659771859646,1.17477061226964
387072,387072,0.04850658416398801,0.013867165223928168,1.3273155875504017,0.6764581669121981,0.04616802593227476,0.009582340186170768,0.9906942956149578,1.062716817483306
388096,388096,0.05323349786340259,0.010267108984407969,1.2830953188240528,0.691787701100111,0.05750879118568264,0.004927729110931978,1.1141559071838856,1.0729364976286888
389120,389120,0.06536617010715418,0.0038451207656180486,1.184138935059309,0.8780995458364487,0.004213037696899846,0.001579597948875744,0.6827283874154091,0.4819410927593708
390144,390144,0.05469105887459591,0.012840697934734635,1.2811288982629776,0.7078596632927656,0.014668229210656136,0.009603500788216479,1.2302600592374802,0.8762406036257744
391168,391168,0.057211603329051286,0.011932449386222288,1.7783009968698025,0.8884539529681206,0.05914033649605699,0.004923730430164142,2.0751690603792667,0.9577397964894772
392192,392192,0.0695501529116882,0.006205642770510167,1.174027193337679,0.7318804133683443,0.017771407961845398,0.003908643499016762,0.8014238141477108,0.37378065288066864
393216,393216,0.0632054305751808,0.012460272875614464,1.3419274389743805,0.7730693817138672,0.06726384654757567,0.0047157907611108385,0.6281612068414688,1.373240638524294
394240,394240,0.07494814760866575,0.009481811139266938,1.28570893779397,0.7231841757893562,0.10503472981508821,0.004526628596067894,1.120016511529684,1.3695246987044811
395264,395264,0.0688433896866627,0.010788960644276813,1.222250260412693,0.6576066706329584,0.037774805910885334,0.009808220907871146,0.9646170604974031,0.811594607308507
396288,396288,0.10819557192735374,0.007305141378310509,1.0257270876318216,0.8534989822655916,0.0315509411302628,0.0034117484938178677,1.7144391722977161,0.3374768407084048
397312,397312,0.0858900377061218,0.002034950550296344,0.95801324211061,0.6933148391544819,-0.005655306566040963,0.0006782939990443992,1.7232369668781757,0.14550260035321116
398336,398336,0.07969387486809865,0.0020092690756428055,0.9380225483328104,0.6300711836665869,-0.007053788693156093,0.0011801304208347574,1.7236010245978832,0.1440337470266968
399360,399360,0.07555281301029027,0.004184966059256112,0.9124222453683615,0.5853767897933722,-0.008023038011742756,0.002791024419821042,1.7170460484921932,0.14112690021283925
400384,400384,0.11314006778411567,0.012446642111171968,0.933769354596734,0.6552750784903765,-0.040523389587178826,0.011671294327243231,1.3733440805226564,0.4258438451215625
401408,401408,0.05847529848688282,0.019986231112852693,1.1856227740645409,0.7646854799240828,0.061483838871936314,0.00908250201609917,1.5752261243760586,1.397100742906332
402432,402432,0.07176243828143924,0.010106306173838675,0.9488858915865421,0.66205052472651,-0.01269143182435073,0.005513987234735396,0.4036097452044487,0.29635443817824125
403456,403456,0.08567447355017066,0.0028365264370222576,0.8783139958977699,0.6601030360907316,-0.005618681316263974,0.0018482358209439553,0.1838197384495288,0.07929949660319835
404480,404480,0.06594341690652072,0.0022768286526115844,0.8891034070402384,0.6297562830150127,-0.0017582900181878358,0.0026772322016768157,1.1054649893194437,0.2649096455425024
405504,405504,0.08052468585083261,0.008405678498093039,1.151646301150322,0.7157355099916458,-0.0629749316140078,0.009385828027006937,1.438709981739521,0.47263361932709813
406528,406528,0.07108905614586547,0.009583319872035645,1.3243014477193356,0.6211277954280376,0.09046864113770425,0.0041222026302421,1.1632589921355247,0.836876543238759
407552,407552,0.03120133696938865,0.004259505789377727,0.9131307266652584,0.4813222149387002,0.09749652078608051,0.0023501245559600648,0.936630048789084,1.0534677542746067
408576,408576,0.06797106779413298,0.006231969302461948,1.0329788755625486,0.6370273288339376,0.0393783014442306,0.0025950151175493374,0.8411161825060844,0.4469926282763481
409600,409600,0.06257068304694258,0.0035535349816200323,0.8443646002560854,0.5378373749554157,-0.007309088949114084,0.003534318439051276,0.9723723698407412,0.1416143709793687
410624,410624,0.08179435413330793,0.01130535139964195,1.2808982245624065,0.6331353113055229,-0.06772009094129317,0.009310675937740598,1.877310860902071,0.7147601675242186
411648,411648,0.04802067519631237,0.003189658837072784,1.4064581543207169,0.6062538996338844,0.04742997698485851,0.0015522903740929905,1.3749732878059149,0.39437951013678685
412672,412672,0.048906350100878626,0.0030846086447127163,1.2824225090444088,0.6070753429085016,-0.00021271960576996207,0.0026653844979591668,0.7845953218638897,0.13066274346783757
413696,413696,0.0641474270960316,0.00444742674153531,1.008390812203288,0.6920926943421364,0.030620091245509684,0.002666138845597743,1.2399143539369106,0.4899944271892309
414720,414720,0.04002094699535519,0.00593901550382725,1.2059784196317196,0.7492842692881823,0.03397648576356005,0.00429553234607738,1.2342395707964897,0.5125290146097541
415744,415744,0.09517011203570291,0.019400746910832822,1.2733677439391613,0.7064739428460598,0.023401194863254204,0.01443633547751233,0.6617722762748599,1.789313182234764
416768,416768,0.043765864422312006,0.016725023539038375,1.2703266441822052,0.5448220800608397,0.07475261489162222,0.006515940047393087,1.3602933920919895,1.5279444381594658
417792,417792,0.0695409284089692,0.01217052478750702,1.0757078882306814,0.7617945540696383,0.013152847619494423,0.004756325361086056,0.9897205457091331,0.7353007271885872
418816,418816,0.06216315657366067,0.0034993708904949017,0.9767393544316292,0.6864792872220278,-0.003687379547045566,0.0018870406875066692,0.3531168941408396,0.07762721920153126
419840,419840,0.06966945802560076,0.003900108225934673,0.9737750440835953,0.747500903904438,0.03489362183609046,0.0018542760808486491,1.098294423893094,0.6098647434264421
420864,420864,0.07520463294349611,0.01203572230588179,1.2111853882670403,0.8318691160529852,0.04100632850895636,0.009704925229016226,1.7107159197330475,1.0939463805407286
421888,421888,0.05799261484935414,0.010177711010328494,1.2454029098153114,0.6772860568016768,0.03959243540884927,0.003772066986130085,1.1252485737204552,1.3631146773695946
422912,422912,0.020651196769904345,0.007895711321907584,1.262709952890873,0.5865500215440989,0.07248665820225142,0.0045020208635833114,1.5704473182559013,0.8293044045567513
423936,423936,0.03420476404426154,0.008253782914835028,1.512987419962883,0.558016087859869,-0.006712788192089647,0.004494549197261222,1.0023973602801561,0.30599274300038815
424960,424960,0.011678618408041075,0.011136948232888244,1.3682027384638786,0.5415835743770003,0.048325098847271875,0.007466871975339018,1.1068086754530668,1.3737512305378914
425984,425984,0.04572243080474436,0.02118917746702209,1.3647639714181423,0.7360189910978079,0.050640033005038276,0.017313081247266382,1.7143832072615623,1.3700345531105995
427008,427008,0.05762301600771025,0.007660565672267694,1.488231796771288,0.6618278622627258,0.05172184790717438,0.0054089943623694126,0.5274110101163387,0.6423926893621683
428032,428032,0.039940719929290935,0.0035991592376376502,1.4428920298814774,0.6633540205657482,0.017094192618969828,0.0019190899474779144,0.8858562745153904,0.3528727889060974
429056,429056,0.037567874751402996,0.004341373438364826,1.2469779923558235,0.6961941458284855,0.056706514209508896,0.002041720032138983,1.684760064817965,0.8824373576790094
430080,430080,0.03548664378467947,0.010361827429733239,1.327447660267353,0.7111504394561052,0.03080679637787398,0.01025139148987364,1.2483790516853333,0.6124603981152177
431104,431104,0.06730969698401168,0.00956117280293256,1.6766038872301579,0.6235993765294552,0.05386615212773904,0.005381777700677048,1.3575322404503822,0.8180762715637684
432128,432128,0.06299796589883044,0.015057174925459549,1.3090819865465164,0.5668814666569233,0.03250961715821177,0.005449603449960705,0.5757475597783923,0.6105917263776064
433152,433152,0.05742541415384039,0.0021830855039297603,1.1535434536635876,0.608581243082881,-0.02485938064637594,0.0016813613401609473,0.39776571933180094,0.16587128303945065
434176,434176,0.04167212778702378,0.004330984491389245,1.3140845224261284,0.7063883151859045,0.036140240932581946,0.0034737140413199086,0.36300161434337497,0.6837071720510721
435200,435200,0.034246030685608275,0.023851838894188404,1.0544406361877918,0.5879307426512241,-0.015578800783259794,0.02132510469527915,0.5556258810684085,1.3715662322938442
436224,436224,0.05491416991571896,0.011114562104921788,1.14501591026783,0.7346497271209955,0.07467499887570739,0.008624410766060464,0.4740054039284587,0.6625734409317374
437248,437248,0.05442703660810366,0.00616639793588547,1.0656996667385101,0.5709866490215063,0.03130242941551842,0.0033913234910869505,1.1817312743514776,0.6480999533087015
438272,438272,0.05583851021947339,0.0063217878341674805,1.1388098187744617,0.7892840374261141,0.023563704104162753,0.0030326273990795016,0.388417636975646,1.5258994214236736
439296,439296,0.05333196063293144,0.0052936469510314055,1.2722817361354828,0.7765491288155317,0.0006304916460067034,0.003464462533884216,0.1905835848301649,0.5807225154712796
440320,440320,0.055928926449269056,0.018032485735602677,1.1644303351640701,0.702535530552268,0.0309626369853504,0.015149964005104266,0.2882438749074936,1.190409079194069
441344,441344,0.07570587907684967,0.012870328238932416,1.4113252460956573,0.6750164330005646,0.006343835964798927,0.006485127370979171,0.9419089239090681,0.6859531812369823
442368,442368,0.03818912658607587,0.005494119155628141,0.9720156826078892,0.6451377812772989,0.05193043759209104,0.003340868541272357,0.11118255788460374,0.6304833702743053
443392,443392,0.05887572094798088,0.001259812348507694,0.8840439915657043,0.6301202662289143,-0.013623697741422802,0.0015424272969539743,0.2402105452492833,0.22190654231235385
444416,444416,0.07148285227594897,0.0021133762929821387,0.852766577154398,0.5136460149660707,-0.01326966838678345,0.00191071891640604,0.8552127233706415,0.12472229119157419
445440,445440,0.09069483529310673,0.012360560394881759,1.0366750694811344,0.5894333515316248,-0.06899250301648863,0.01398591767065227,1.6122434511780739,0.9680038448423147
446464,446464,0.05018810264300555,0.009330875662271865,1.0573600754141808,0.7025599274784327,0.03909061205922626,0.0049284928099950776,2.2899304032325745,0.9739967109635472
447488,447488,0.05378107909928076,0.0026203900706605054,1.2313522957265377,0.4161764169111848,-0.014398356637684628,0.0029071723110973835,0.9509832579642534,0.14926089567597955
448512,448512,0.07913882518187165,0.004813946434296668,1.114932544529438,0.6303635593503714,-0.01854447548976168,0.0023546515258203726,1.08420480042696,0.4580512475222349
449536,449536,0.06382049867534079,0.0027428785597294336,0.9346026834100485,0.6675330940634012,0.059955574542982504,0.0024693279465282103,0.4435278372839093,0.49330084724351764
450560,450560,0.04651854812982492,0.012791344910510816,0.8935595285147429,0.5339252138510346,-0.031150771857937798,0.014751404218259268,0.9491375144571066,0.5079526756890118
451584,451584,0.042945418710587546,0.009116747460211627,1.1545904539525509,0.6042978540062904,0.06346962047973648,0.004620773506758269,1.8037440199404955,1.2378349397331476
452608,452608,0.05919065253692679,0.0014337776665342972,0.8594358284026384,0.4808907490223646,-0.022846376086818054,0.0006256233791646082,0.7976839663460851,0.1962993466295302
453632,453632,0.019905396969988942,0.005593137859250419,0.9552135113626719,0.48312372900545597,0.046051931218244135,0.0018178854370489717,1.2667049206793308,0.6379628600552678
454656,454656,0.019241741712903604,0.009035894414409995,0.9153027050197124,0.4674125649034977,0.018223950639367104,0.003990498240455054,0.7901442237198353,0.6691935318522155
455680,455680,0.0447114635608159,0.016468011919641867,0.8389517329633236,0.6749802064150572,-0.024637161783175543,0.015446354271261953,2.1513992734253407,0.9224867401644588
456704,456704,0.042715852716355585,0.007526187313487753,0.8140442501753569,0.6115112826228142,0.020326296740677208,0.004460283438675106,1.3458391316235065,0.9157437728717923
457728,457728,0.06639626956894062,0.0014703678425576072,0.8325545825064182,0.5635908059775829,0.004110400332137942,0.0009543147316435352,0.469612970482558,0.32911826064810157
458752,458752,0.06047184008639306,0.0049112672204500996,0.8847893830388784,0.7107451502233744,0.009859793819487095,0.0030022285391169135,1.534739013761282,0.7681609708815813
459776,459776,0.03307738364674151,0.010241526251775213,0.8187136482447386,0.5277678864076734,0.1367777711711824,0.004806314584129723,1.7255993261933327,1.4310666546225548
460800,460800,0.06080807387479581,0.01121819345280528,0.9073557499796152,0.7085420247167349,0.0022181395906955004,0.008671437288285233,0.4317709309980273,0.5796389123424888
461824,461824,0.046697087615029886,0.00954853417351842,0.8043533153831959,0.6594156473875046,0.07584581899573095,0.003674698484246619,0.86334069352597,0.6591745056211948
462848,462848,0.03055580289219506,0.00503940336056985,0.9302047193050385,0.5362437255680561,0.06046847120160237,0.0031567551268381067,1.326621726155281,0.47756482707336545
463872,463872,0.047387612401507795,0.0016702398279448971,0.812655258923769,0.47754105646163225,0.01800708955852315,0.0008472921590509941,0.8506010044366121,0.1709700410719961
464896,464896,0.022347493330016732,0.0013400055631791474,0.785351324826479,0.4942460050806403,-0.0036797938955714926,0.0011342728894305765,0.6900717914104462,0.4500618362799287
465920,465920,0.047327278152806684,0.013766515170573257,0.9880041684955359,0.7639614157378674,0.0413062439620262,0.014275839217589237,1.3157977052032948,0.8964135870337486
466944,466944,0.0406249136722181,0.006135735995485447,1.0266581550240517,0.569532684981823,0.03169367730151862,0.0023553878381790128,1.1021833438426256,0.4683582382276654
467968,467968,0.02564476089901291,0.004210956165479729,0.8935272041708231,0.4806801211088896,0.032774873077869415,0.0012924964357807767,1.1948437094688416,0.27921612188220024
468992,468992,0.0596589207125362,0.0061263419993338175,1.0656737443059683,0.6128150355070829,0.0396334191900678,0.002722804041695781,1.0461376197636127,0.9755153805017471
470016,470016,0.031136978592257947,0.01406645194219891,1.069826453924179,0.5412280634045601,0.03611543761508074,0.013309694957570173,0.7179989255964756,0.8308060616254807
471040,471040,0.04343732065171935,0.009446491225389764,1.2041268274188042,0.7111626621335745,0.07333294861018658,0.005946703284280375,0.1770740575157106,0.9373164847493172
472064,472064,0.05094933000509627,0.006553832645295188,1.3436616361141205,0.6486294195055962,0.03041139434208162,0.002949744295619894,0.7797953635454178,0.36745943664573133
473088,473088,0.03761370963184163,0.008708126595593058,1.4146827533841133,0.5053753592073917,-0.00840273659559898,0.003337128677230794,0.8307408764958382,0.19049839035142213
474112,474112,0.05465538302087225,0.007245230794069357,0.9815757665783167,0.5232017189264297,0.046318188920849934,0.004282618850993458,0.77100729662925,0.9214006029069424
475136,475136,0.04549902369035408,0.015780179572175257,0.836998188868165,0.4869628259912133,-0.013205461465986446,0.021546953154029325,0.6691513750702143,0.17974250484257936
476160,476160,0.058475111349252984,0.005658859467075672,0.9486721269786358,0.824126498773694,0.03867650941538159,0.004038262522954028,1.8410952221602201,1.0591899566352367
477184,477184,0.068534445570549,0.0074319706473033875,1.135876588523388,0.6423923037946224,-0.0070884652668610215,0.0061314346676226705,0.901917215436697,0.583997524343431
478208,478208,0.035403711764956824,0.005904467390791979,1.1412785686552525,0.47605730313807726,-0.028206551272887737,0.003541731093719136,1.2931913882493973,0.23909028246998787
479232,479232,0.03690175007795915,0.010021930822404101,1.1494284570217133,0.5192284174263477,0.09386264567729086,0.005277087926515378,1.396748397499323,0.811098812147975
480256,480256,0.05086129577830434,0.017033053416525945,1.0390428267419338,0.5743783265352249,0.004204016935545951,0.01941407285630703,1.119876939803362,0.7952395407482982
481280,481280,0.03710913105169311,0.019802592491032556,1.2658760659396648,0.4148036614060402,-0.00283669849159196,0.00925277760688914,0.9456238839775324,0.19047252810560167
482304,482304,0.03208764558075927,0.012081718668923713,1.067907653748989,0.4600160401314497,0.020225125248543918,0.004584599460940808,1.2145918942987919,0.6791422497481108
483328,483328,0.023707297674263828,0.001252403015314485,1.0151906572282314,0.4640343673527241,0.006043949819286354,0.000996727305391687,0.11972857321961783,0.02520466363057494
484352,484352,0.039930658604134806,0.003873628389555961,0.963498605415225,0.2880266336724162,0.003864529193378985,0.0015781206275278237,0.01971382595365867,0.02263780398061499
485376,485376,0.05282950634136796,0.012128382972150575,1.0205319449305534,0.5491749225184321,-0.010958945786114782,0.01567628928751219,0.12603609985671937,0.25308419251814485
486400,486400,0.029473316120856907,0.004393843999423552,1.1211893074214458,0.5276294853538275,0.00935179746011272,0.003966941912949551,1.3811166137456894,0.3072622991167009
487424,487424,0.04325786337722093,0.006498339949757792,1.0377081669867039,0.5625185742974281,0.059416727774078026,0.00436215761146741,1.395200289785862,1.1021700147539377
488448,488448,0.04234162614739034,0.0035844318626914173,1.0439807660877705,0.4791177473962307,0.06802257425442804,0.0016048879297159147,0.9065851531922817,0.47325158305466175
489472,489472,0.05850317719159648,0.004041190702992026,0.8874466810375452,0.5192500557750463,-0.010875360283534974,0.0027393207055865787,0.711584035307169,0.10052569035906345
490496,490496,0.05702651021420024,0.023583129688631743,1.0010378398001194,0.5396988447755575,-0.0564212292956654,0.02342199013219215,1.3235813826322556,0.556038779206574
491520,491520,0.025296927778981626,0.018608135578688234,1.3456179834902287,0.4491726439446211,0.08554337051464245,0.009867678236332722,1.732312686741352,0.805684388615191
492544,492544,0.021332872587663587,0.00537503667146666,1.0021831598132849,0.41055751498788595,-0.01406514091650024,0.0035197004617657512,0.7151255616918206,0.23359190323390067
493568,493568,0.03657490655314177,0.003777581972826738,1.006078639999032,0.4177699461579323,0.006071656018320937,0.0014204754734237213,1.081081717275083,0.3611345496028662
494592,494592,0.03477541368920356,0.007543902669567615,0.8851780164986849,0.524946921505034,0.047679212904768065,0.002548897853557719,0.5012810658663511,0.9485440142452717
495616,495616,0.023726512867142446,0.010466695050126873,1.1085776425898075,0.5009528789669275,0.026630284381099045,0.009708417055662721,1.269110320135951,0.5262500075623393
496640,496640,0.02841098149656318,0.0046239790972322226,1.1894391365349293,0.3853550376370549,0.0073759138758759946,0.0013683696161024272,1.2901440914720297,0.23414938640780747
497664,497664,0.01971155202772934,0.006625830690609291,1.0493114851415157,0.4009893545880914,0.023457774077542126,0.003425261005759239,0.804226515814662,0.5249243518337607
498688,498688,0.033792580259614624,0.01077485027781222,1.1133628226816654,0.5113217672333121,0.026167178759351373,0.004878657553490484,1.0554621601477265,0.6297166552394629
499712,499712,0.023332724216743372,0.007864443177822977,1.1690402999520302,0.5287178624421358,0.057243889081291854,0.0035172595489711966,1.4369250051677227,0.7526533678174019
500736,500736,0.03133844866533764,0.019012009463040158,1.139918014407158,0.543353833258152,0.033176902623381466,0.015010520306532271,1.2977239657193422,1.206240188330412
501760,501760,0.017472154228016734,0.00924487883457914,1.129316695034504,0.4468146013095975,0.02118332587997429,0.00226110342919128,1.0147931296378374,0.4181024646386504
502784,502784,0.03672757209278643,0.00790163733472582,1.0528361443430185,0.5138673251494765,-0.006804736709455028,0.002638671652675839,0.873707540333271,0.8709512893110514
503808,503808,0.03961594175780192,0.0031151580296864267,1.253959372639656,0.35247813910245895,-0.015401282260427251,0.0010060591430374188,0.9460327532142401,0.15635876497253776
504832,504832,0.015561219828668982,0.004885579874098767,1.0168947260826826,0.35607709642499685,0.04997786265448667,0.00235123632774048,1.7285898439586163,0.7119805682450533
505856,505856,0.04544159834040329,0.011686093508615158,1.1986655108630657,0.4383736541494727,0.0006013093807268888,0.012010094505967572,1.4043187238276005,0.5729053411632776
506880,506880,0.034362106671324,0.0022719679000147153,1.2696165591478348,0.36854703910648823,-0.004361379571491852,0.0017750949646142544,1.2251557372510433,0.18624625029042363
507904,507904,0.001609937142347917,0.006895040060044266,1.1202023066580296,0.470291243866086,0.10624174660188146,0.0035865287318301853,1.5635036528110504,0.8373367991298437
508928,508928,0.022226723900530487,0.011702874209731817,1.1395406946539879,0.47882150392979383,0.0600359279778786,0.00737651208328316,1.653782930225134,1.4152839370071888
509952,509952,0.023720177574432455,0.003880416010360932,1.2611104138195515,0.39899634942412376,0.06209505861625075,0.0024540277390769916,1.2470915708690882,0.5171397663652897
510976,510976,0.04020393098471686,0.021394764975411817,0.8558065202087164,0.5543011287227273,-0.001495575183071196,0.025445521670917515,1.0652759447693825,0.16088932659476995
512000,512000,0.03743955280515365,0.004726311959529994,0.7626684810966253,0.40573395416140556,-0.012919986562337726,0.004370436883618822,1.051690623164177,0.15279073058627546
513024,513024,0.043987934332108125,0.0005503868151208735,0.7861908189952374,0.37234036158770323,-0.019712266803253442,0.0004367575020296499,1.0773889645934105,0.15893472312018275
514048,514048,0.03149347720318474,0.0006082977251935517,0.7869879733771086,0.38482918310910463,-0.03024563635699451,0.0006906298740432248,0.9533986300230026,0.14327566814608872
515072,515072,0.013126378544257022,0.00874649643083103,0.7436386905610561,0.325704762712121,-0.016075104707852006,0.012072511439328082,0.6716193528845906,0.25092707527801394
516096,516096,0.02785824003512971,0.006693021365208551,0.8894497863948345,0.5071324966847897,0.021107946638949215,0.0033980489261011826,1.5309333447366953,0.6004029139876366
517120,517120,0.007243511499837041,0.001129524103816948,0.7730805519968271,0.34694064781069756,-0.034132588654756546,0.0009927940591296647,1.0902010621502995,0.31601306586526334
518144,518144,0.004246458745910786,0.0035512988215486985,0.7911075595766306,0.4064475130289793,0.01751339971087873,0.0016260243064607494,1.6494477819651365,0.4975142003968358
519168,519168,0.0463554716843646,0.0017971179258893244,0.8598566204309464,0.3945113979279995,-0.006391740869730711,0.0012682584401773056,0.7393155200406909,0.12292467209044844
520192,520192,0.025186933460645378,0.01639322462142445,1.073979564011097,0.47827900294214487,0.005974293744657189,0.016083568625617772,1.118264527991414,0.871020944789052
521216,521216,0.032226445502601564,0.01176316115015652,0.9934936817735434,0.6765525154769421,0.02674378125811927,0.005307781815645285,1.0959448833018541,0.3272128477692604
522240,522240,0.04458090566913597,0.009658235328970477,0.9007469173520803,0.6328710112720728,0.041673693573102355,0.002939853791758651,1.3697122372686863,0.6376749584451318
523264,523264,0.04271703433187213,0.0029255791232571937,0.9068317599594593,0.5050796596333385,0.014324407355161384,0.001433678802641225,0.27906629210337996,0.2967908335849643
524288,524288,0.024929657171014696,0.0029929305874247802,0.7339711710810661,0.3847935339435935,-0.017184501921292394,0.0029010660691710655,0.5883954144082963,0.0950747718452476
525312,525312,0.04366086615482345,0.02409707457991317,0.9350113440304995,0.41200089920312166,-0.02106358902528882,0.025563312956364825,0.7532310606911778,0.7476407960057259
526336,526336,0.04344427150499541,0.019196857319911942,1.1523109264671803,0.48702002316713333,0.014308865342172794,0.009168957592919469,0.9510483900085092,0.5836644629016519
527360,527360,0.018861977936467156,0.013189428544137627,1.0612180605530739,0.4220937676727772,0.09719992647296749,0.005531334216357209,0.17867610463872552,0.5451446864753962
528384,528384,0.008564135190681554,0.009821106927120127,1.0916312709450722,0.4226108165457845,0.0456715378240915,0.0027376229045330547,0.6769076636992395,0.44893133686855435
529408,529408,0.01892071741167456,0.01639931509271264,1.0272036120295525,0.3638225784525275,0.049822129076346755,0.004760913965583313,1.1145700458437204,1.1377818696200848
530432,530432,0.02297868306050077,0.01456479643820785,0.9764464478939772,0.3742110785096884,0.027883076312718913,0.009486473631113768,0.8222520165145397,1.2776402290910482
531456,531456,0.021171066618990153,0.002226467084256001,0.7731358557939529,0.36178447119891644,0.07154755998635665,0.0013736373985011596,0.9381218962371349,0.6837454726919532
532480,532480,0.011793813260737807,0.005310620090313023,0.771890677511692,0.31062503438442945,-0.029121339932316914,0.0034919354220619425,0.8087538462132215,0.35208932776004076
533504,533504,0.014644742186646909,0.0034292910340809613,1.0012665372341871,0.24248945340514183,0.0002608399372547865,0.003189723786817922,0.032253724755719304,0.0029268551734276116
534528,534528,0.0013916372554376721,0.0032215727173934283,1.109275333583355,0.27114571118727326,-0.0013667486200574785,0.0024811734729155432,0.09159638429991901,0.009341575962025672
535552,535552,0.029377033933997154,0.009425444910448277,0.9251144658774137,0.407663737423718,-0.023900911095552146,0.013035931675403845,0.8784656962379813,0.34654975263401866
536576,536576,-0.003077605171711184,0.003726658280356787,0.7290105801075697,0.3245715256780386,0.048897172178840265,0.0016093405538413208,1.4791481234133244,0.5117128659039736
537600,537600,0.033762130537070334,0.0019943657171097584,0.6967914570122957,0.3070618798956275,-0.0012425788736436516,0.0007127386143110925,0.9668592466041446,0.22234429861418903
538624,538624,0.02191109029809013,0.005079502752778353,0.7374441809952259,0.415194914676249,-0.017071105889044702,0.0012641952962439973,0.986190328374505,0.15585121570620686
539648,539648,0.017328226371319033,0.0016783885494078277,0.7149647977203131,0.2875202614814043,-0.018206736480351537,0.0013855052247890853,0.9459977149963379,0.13910067779943347
540672,540672,0.004226147444569506,0.014167270390316844,0.9223408941179514,0.3313722386956215,-0.03782550513278693,0.018681855086470023,2.3959571830928326,0.9625921528786421
541696,541696,0.03409011519397609,0.010542870222707279,1.0898609664291143,0.5148339420557022,0.08957065944559872,0.00404017700930126,2.5298623368144035,1.7356968820095062
542720,542720,0.04149498068727553,0.01054435345577076,1.1031804233789444,0.5439435727894306,0.023719558375887573,0.003693580139952246,0.3800911451689899,0.6385164521634579
543744,543744,0.024878940399503335,0.0040610159921925515,1.0126783940941095,0.4538294514641166,0.08463154549826868,0.0010948607641694252,1.2737181996926665,0.9657135512679815
544768,544768,0.01041060223360546,0.0037521748527069576,1.0173511803150177,0.4210871085524559,0.05391789911664091,0.0025533382067806087,1.117072569206357,0.8566749189049006
545792,545792,0.028780869353795424,0.020018770854221657,1.1495723500847816,0.43970421981066465,0.029121553641743958,0.0192716477176873,1.2976633813232183,1.020465899258852
546816,546816,0.046283229952678084,0.011004565458279103,1.1046987101435661,0.4437071941792965,0.07565246822196059,0.006094125295931008,1.275708731263876,1.1471023187041283
547840,547840,0.01294306677300483,0.012587864825036377,1.1437936685979366,0.390073555521667,0.05299970638589002,0.0038806650845799595,1.5350175090134144,1.1670946534723043
548864,548864,0.010103648906806484,0.00138963737845188,0.7123931627720594,0.2743847290985286,0.007684116426389664,0.0008014480226847809,0.09213855187408626,0.20344195456709713
549888,549888,0.0020390789723023772,0.0010679196630007937,0.7799596302211285,0.2914328258484602,-0.003306687402073294,0.0008272291843240964,0.40795826027169824,0.05230222886893898
550912,550912,0.009326578991021961,0.023920735577121377,1.1946206726133823,0.34274234902113676,0.010536311863688752,0.02372263083816506,2.479502208530903,0.7241721842437983
551936,551936,0.03549474652390927,0.016958496504230425,1.3039196878671646,0.5013674674555659,0.05190367427712772,0.008383775129914284,1.6762953624129295,0.7867490220814943
552960,552960,0.03481232773629017,0.006748272528056987,1.212060336023569,0.5562912654131651,0.0568491636950057,0.0049544057801540475,1.5464805848896503,0.9698515739291906
553984,553984,0.020490275463089347,0.01023651442665141,1.1261790879070759,0.48165999352931976,0.023071992676705122,0.004932923715387005,0.8439857624471188,1.244643945246935
555008,555008,0.03687638681731187,0.009472926627495326,0.8822780754417181,0.7096877116709948,0.007223444990813732,0.008475001966871787,1.6462805606424809,0.7661084346473217
556032,556032,0.022426474999519996,0.015991165477316827,1.278656706213951,0.4476733561605215,0.10367912738001905,0.007928574763354845,1.2157375738024712,1.6793311648070812
557056,557056,0.026260580110829324,0.015000041399616748,0.9160717818886042,0.4454893758520484,0.04128153470810503,0.007379200018476695,1.2116934265941381,1.2143937591463327
558080,558080,0.015438709306181408,0.007287389169505332,1.1641756892204285,0.31787241995334625,0.021246301039354876,0.003222922059649136,1.1246959585696459,0.4866769080981612
559104,559104,0.022023031022399664,0.005500086190295406,0.8233874700963497,0.4002038985490799,0.006329088093480095,0.002728012637817301,0.9665614292025566,0.36849085008725524
560128,560128,0.0201578418018471,0.010953982495266246,0.7350642010569572,0.41871567629277706,-0.0015314437914639711,0.014943132176995277,0.5089564481750131,0.901727082207799
561152,561152,0.02143828247790225,0.006567350137629546,0.9672795664519072,0.39402856305241585,0.06377250765217468,0.0035116448161716107,1.034914042800665,0.602981417439878
562176,562176,-0.005383360927226022,0.003053851629374549,0.6935300845652819,0.2838700767606497,0.045155380066717044,0.0017277758252021158,0.3817737642675638,0.30994295142591
563200,563200,0.018062416260363534,0.0010508860505069606,0.7129118964076042,0.2807469880208373,0.004671934846555814,0.0007073793522067717,0.8517212904989719,0.11696406197734177
564224,564224,0.011009382593329065,0.0005528827900889155,0.7008061110973358,0.27491948939859867,-0.010076151695102453,0.00041753004097699886,1.0195201821625233,0.14717639656737447
565248,565248,0.02772748059942387,0.013957146220491268,0.7161095459014177,0.5114272926002741,-0.029496701259631664,0.014357281237607822,0.8392002619802952,0.662400858476758
566272,566272,0.02426565370114986,0.005545090236410033,0.9968567416071892,0.42923284508287907,0.018412155797705054,0.0032601239654468372,1.056057377718389,0.6808496294543147
567296,567296,0.02528511986020021,0.0014353426740854047,0.7884798441082239,0.32526920828968287,-0.021654660667991266,0.0009492742283327971,1.0707140155136585,0.1695562470704317
568320,568320,0.012050596487824805,0.001770347245837911,0.7273804880678654,0.28480791859328747,-0.025793531429371797,0.0020197203011775855,0.9811870437115431,0.14731597411446273
569344,569344,0.022970440273638815,0.0040477775955878315,0.6998615209013224,0.2954881638288498,-0.0170731320977211,0.0047562627578372485,0.9157306272536516,0.13903890224173665
570368,570368,-0.00022921068011783063,0.026998575078323483,0.7052361890673637,0.35822413861751556,-0.02267101116012782,0.02822567446855828,1.2371763344854116,1.090087104588747
571392,571392,0.017627447872655466,0.010043752306955867,0.9067028071731329,0.44926522113382816,0.025171107408823445,0.0034338690293225227,0.8221619923133403,0.4072219911031425
572416,572416,0.020902500837109983,0.006263731454964727,0.8114934135228395,0.2793058203533292,-0.0012359890097286552,0.002007738406973658,0.19657548749819398,0.8009179849177599
573440,573440,0.006303323432803154,0.0066581974242581055,0.9064180050045252,0.22713009966537356,0.04343312600394711,0.003287150917458348,0.04422526579583064,0.20678055239841342
574464,574464,0.0011008408619090915,0.0017454472399549559,1.0200672820210457,0.20963796880096197,-3.206764813512564e-05,0.0007996980593816261,0.004415576739120297,0.0003262823447585106
575488,575488,-0.009047385712619871,0.010352316778153181,0.9291460942476988,0.3542884550988674,-0.05341536269406788,0.013987503814860247,1.478335459716618,0.5838730367831886
576512,576512,0.010936640770523809,0.0037313237990019843,0.8058324474841356,0.35225408151745796,0.04320572083815932,0.0031314201041823253,1.7260935921221972,0.5111688630422577
577536,577536,0.018265817692736164,0.003800759935984388,0.715651772916317,0.32553224079310894,-0.010703111183829606,0.0020036118312418694,0.6894524535164237,0.11423738341545686
578560,578560,0.014295461842266377,0.004673481624195119,0.6574802603572607,0.296112016774714,-0.002958601515274495,0.0024986220014397986,0.14042992051690817,0.2534026186913252
579584,579584,0.015192540769930929,0.0024651593066664645,0.653690667822957,0.2609914131462574,0.0705699784157332,0.0015512835138906667,0.005533502611797303,0.2019787091994658
580608,580608,0.01684420728997793,0.01751044223055942,0.6802918259054422,0.6044325344264507,-0.003639619186287746,0.021257515487377532,0.20914449077099562,0.7871788991615176
581632,581632,0.030521227832650766,0.01590356156521011,0.8512269556522369,0.3557149274274707,0.046423809239058755,0.008589858174673282,0.47188018588349223,0.5409237081184983
582656,582656,0.019490629754727706,0.007062922144541517,0.8008741233497858,0.284934984985739,0.021509558922844008,0.004217817182507133,0.6908750711008906,0.5020617917180061
583680,583680,0.018726136200712062,0.005676088287145831,1.0056975614279509,0.3437257632613182,0.03486466556205414,0.0017237755837413715,0.23071731813251972,0.32048629270866513
584704,584704,0.017218558496097103,0.0041155827639158815,1.059237914159894,0.31686367467045784,0.0009248372516594827,0.0017217119093402289,0.06969722564099357,0.3032291205599904
585728,585728,-0.006673460506135598,0.015942122154228855,0.8539961781352758,0.3413727795705199,0.03991730613051914,0.0189392433167086,0.38605999667197466,0.33873647591099143
586752,586752,0.015236877952702343,0.004542134103758144,0.9229653049260378,0.18849333142861724,-0.010614214348606765,0.0068219039058021735,1.3680836632847786,0.21999646024778485
587776,587776,0.006545650117914192,0.003137629486445803,0.9158001057803631,0.2282722145318985,-0.024129508587066084,0.0029743389277427923,1.2009267583489418,0.21019562054425478
588800,588800,0.008562695293221623,0.007447035328368656,1.0259002596139908,0.3877444686368108,0.0025064502260647714,0.0012695548739429796,0.17416518391110003,0.24085547006689012
589824,589824,-0.0006750587490387261,0.005233034382399637,0.969088127836585,0.3017985671758652,0.02777019765926525,0.0013263126074889442,1.5924569899216294,0.6291335616260767
590848,590848,0.019919857673812658,0.007257827877765521,0.838934063911438,0.3984958902001381,0.015226937568513677,0.006874509297631448,0.6031211977824569,0.4153124261647463
591872,591872,0.02098635541915428,0.009804759421967901,1.2545128092169762,0.3693716265261173,-0.000316805686452426,0.003284403312136419,0.18194154452066869,0.033577623253222555
592896,592896,0.020093043203814887,0.0053839851389057,0.8464640472084284,0.37529283948242664,-0.03695673026959412,0.0018981330194947077,0.7460648948326707,0.23656540364027023
593920,593920,0.010307552409358323,0.007137503504054621,0.7767922282218933,0.29863373562693596,0.06528040373814292,0.004245760130288545,0.14831356285139918,0.40496696531772614
594944,594944,0.023244247000548057,0.003142191726510646,0.7230507656931877,0.30695675779134035,0.002486041426891461,0.0026180918439422385,0.05530569178517908,0.01431680761743337
595968,595968,0.01568834247882478,0.012641834662645124,0.9673567917197943,0.4626641906797886,0.008533587126294151,0.014169532383675687,1.5155259277671576,0.7945175170898438
596992,596992,0.026315127877751365,0.012557369147543795,1.0793666057288647,0.3110878374427557,0.005295770330121741,0.004387586464872584,1.0174538027495146,0.7206374444067478
598016,598016,0.012490846973378211,0.011847994988784194,1.1364376731216908,0.3288906663656235,0.07250953372567892,0.004333889264671598,1.153855756856501,1.0667964313179255
599040,599040,0.0171978852013126,0.0031955618687788956,0.8325361777096987,0.43554694298654795,-0.026804959488799796,0.0012380578882584814,0.8606719672679901,0.15699109877459705
600064,600064,0.007149953176849522,0.010721281651058234,0.7879459243267775,0.3955470509827137,-0.012083144974894822,0.01213013734013657,0.312955925706774,0.26679660961963236
601088,601088,0.013151806109817699,0.0204425576957874,1.1191127598285675,0.39776930678635836,0.07407862608670257,0.0043826657711179,1.3243895564228296,1.274069705978036
602112,602112,0.012733199895592406,0.005080018599983305,1.1551125906407833,0.34792829770594835,0.10880584648111835,0.0019495447031658841,0.2736232182942331,0.5422213589772582
603136,603136,0.002849254582542926,0.006694401585264131,1.1887698397040367,0.3016130877658725,0.0193222226225771,0.001874782145023346,1.5541123002767563,1.5204752390272915
604160,604160,0.018333847692701966,0.007476151091395877,0.9079814366996288,0.3009044611826539,0.08428599848411977,0.0035831090572173707,1.085431670770049,0.9772949200123549
605184,605184,0.02286255283979699,0.01510145267820917,0.8795945048332214,0.3679283196106553,0.036292159333243035,0.016012844047509134,1.0364033970981836,1.3556141126900911
606208,606208,0.02087734011001885,0.011257729362114333,0.8635946735739708,0.39006437733769417,0.014927441312465817,0.007552116112492513,1.223913099616766,0.5354756861925125
607232,607232,0.013695782065042295,0.003231532227800926,1.1013870313763618,0.21898198127746582,-0.0006772487249691039,0.0027193297228222946,0.11418320471420884,0.012065644201356918
608256,608256,0.0021139010204933584,0.0021542082940868568,1.0900634098798037,0.26742148911580443,-0.04706767825700808,0.000906694875084213,2.606437088921666,1.5757010970264673
609280,609280,0.017274017329327762,0.0019741700998565648,0.6831946447491646,0.22532912576571107,-0.0001698374981060624,0.0017674595928838244,0.00964408932486549,0.0007571326568722725
610304,610304,-0.0013983177486807108,0.009310089801147114,0.7540246266871691,0.2610645876266062,-0.026078348164446652,0.011266273249930236,0.3327603121288121,0.32800896978005767
611328,611328,0.02107093254744541,0.0094449030875694,0.9501739609986544,0.2758439788594842,0.04730740102240816,0.002184629633120494,1.8052132092416286,0.6401015836745501
612352,612352,0.005671251274179667,0.0005414006991486531,0.9392376355826855,0.1549075716175139,-0.021991473462549038,0.0003586458751669852,0.8950760550796986,0.14265015022829175
613376,613376,-0.013241602850030176,0.005649127771903295,0.9383389912545681,0.17708386527374387,0.05185028599225916,0.003822863262030296,3.179168814793229,2.326641209423542
614400,614400,0.051677667142939754,0.005338533308531623,0.7851884551346302,0.32350925356149673,-0.0119648513791617,0.0023872711790318135,0.6869665682315826,0.4218542790040374
615424,615424,0.012401726620737463,0.015474967745831236,0.9348519407212734,0.33690182492136955,0.002686101070139557,0.015394848887808621,1.527606401592493,1.3035574965178967
616448,616448,0.011300842801574618,0.004279782544472255,0.7953917607665062,0.24023352842777967,0.06542033416917548,0.001690951619821135,1.295217603445053,0.7178945131599903
617472,617472,0.016300132614560425,0.0031732695060782135,0.7552722617983818,0.29596356581896544,0.03995488476357423,0.0012078431082045427,1.3532600067555904,0.4344911864027381
618496,618496,0.026503318862523884,0.002269026055728318,0.7533559184521437,0.2802427653223276,-0.0257975043496117,0.0007936578658700455,1.9658337831497192,0.4072017092257738
619520,619520,0.001845465405494906,0.0027311980429658433,0.9093374777585268,0.40187664795666933,0.0495580707793124,0.0014578659993276233,1.5492163584567606,0.6441442519426346
620544,620544,0.016386580922699068,0.02603590502985753,1.1289335079491138,0.38611731957644224,-0.036562599416356534,0.024332606626558118,1.4191847629845142,1.1317507661879063
621568,621568,0.018869121253374033,0.029911159886978567,0.9205282405018806,0.5052828015759587,0.10611962241819128,0.014415278186788782,1.5072585232555866,2.2264465242624283
622592,622592,0.013188185228500515,0.013417481444776058,0.9580669272691011,0.347770931199193,0.053625359636498615,0.006139005352451932,0.32232043985277414,0.9661173280328512
623616,623616,0.007967186873429455,0.006943923042854294,0.9459547828882933,0.2865670481696725,0.01625219920242671,0.002748504874034552,1.4891120437532663,0.6486904798075557
624640,624640,-0.003764197332202457,0.00261115208195406,0.6969798505306244,0.22946816589683294,-0.0018792241753544658,0.0013645573435496772,0.39899176312610507,0.053850779426284134
625664,625664,0.008659943865495734,0.011865253167343326,1.1333034466952085,0.36762609984725714,-0.02500903481268324,0.01437963789794594,1.434322603046894,0.660072049126029
626688,626688,0.006149988854303956,0.011805664864368737,1.3424951285123825,0.3796094376593828,0.08078335219761357,0.005145701034052763,1.398469871841371,1.5391067061573267
627712,627712,0.016672667174134403,0.004716870244010352,0.987369766458869,0.28923105262219906,0.04723451688187197,0.001971248653717339,1.6502418853342533,1.159791972488165
628736,628736,0.016542304765607696,0.004540133340924513,0.8208517041057348,0.2622424983419478,-0.0177486480679363,0.0017855361074907705,1.1640563271939754,0.6066913716495037
629760,629760,0.0006949194648768753,0.0017830847755249124,0.7186211887747049,0.257227607537061,0.02002836889005266,0.0009821662633839878,1.4451185334473848,0.4621744127944112
630784,630784,0.004697221447713673,0.014942394744139165,0.9595639929175377,0.49283719528466463,-0.01654031011275947,0.017570673910086043,1.3087454624474049,0.7991441264748573
631808,631808,0.01104439348273445,0.006467887629696634,1.0075656864792109,0.3564724875614047,0.04562172124860808,0.00629793177722604,1.427037624642253,0.5374549645930529
632832,632832,0.017548502641147934,0.004494362794503104,1.0212506912648678,0.2439102935604751,0.00484371799393557,0.0026288806257070974,0.9798254240304232,0.1753947613760829
633856,633856,0.013073744805296883,0.0009922821045620367,0.9818083830177784,0.17920332122594118,-0.012952250661328435,0.0007351423300860915,1.1627227738499641,0.17495509632863104
634880,634880,0.003047534468350932,0.0008798550888968748,0.8994601368904114,0.1655770787037909,-0.01394303297274746,0.0007475032953152549,1.2019911520183086,0.18363003246486187
635904,635904,0.0016332146769855171,0.009466329225688241,0.757452143356204,0.31301890686154366,0.02273837011307478,0.006940165592823178,1.6007150746881962,0.6772953327745199
636928,636928,0.027392570569645613,0.0003398686449145316,0.6626448929309845,0.2639407468959689,-0.04054650914622471,0.00034927172237075865,0.9866966754198074,0.15251326584257185
637952,637952,0.01902082895685453,0.0009349064230264048,0.6471785493195057,0.22842569649219513,-0.02550349195371382,0.0008285539070129744,0.8400391833856702,0.30565006705000997
638976,638976,0.005711062971386127,0.006581408291822299,0.6248265337198973,0.22985350247472525,0.03793844621395692,0.0036639504178310744,0.17204665439203382,0.3711058427579701
640000,640000,-8.710401016287506e-05,0.0058878038471448235,0.5911156143993139,0.24551403056830168,0.0023221609444590285,0.008724680668819929,0.5915685025975108,0.09065351623576134
641024,641024,0.017649301269557327,0.008084312721621245,1.087574616074562,0.27706229500472546,0.08049294422380626,0.0041910737490979955,2.0193442925810814,1.0649186670780182
642048,642048,0.007556817785371095,0.007759238316793926,1.101579749956727,0.3669167682528496,0.036444351164391264,0.004136474872211693,1.746574766933918,0.9114161264151335
643072,643072,0.0015241525834426284,0.0061346615621005185,1.0201985742896795,0.3280207822099328,0.01349673088407144,0.002822362832375802,1.1597675271332264,0.709938196465373
644096,644096,0.0011951186752412468,0.001946562313605682,0.6671455688774586,0.1876031751744449,-0.004709188011474907,0.0019077398246736266,0.4914777392987162,0.06922182947164401
645120,645120,0.004076369717950001,0.011419592003221624,0.7000809330493212,0.27954344544559717,0.03211916997679509,0.010313522892829496,1.162917772307992,0.5824416009709239
646144,646144,0.014372512145200744,0.0017710187821649015,0.7247150968760252,0.4154680985957384,0.013537409453419968,0.0011038730744985514,1.6861720494925976,0.2731421748176217
647168,647168,0.03457591363985557,0.008919572399463505,0.706356581300497,0.46552469953894615,0.043989484023768455,0.002758850399914081,1.4466388747096062,0.6090749716386199
648192,648192,0.026506833761231974,0.0005237642817519372,0.6093425080180168,0.27443703217431903,0.08651377429487184,0.0004792499985342147,1.4330894872546196,0.45985817071050406
649216,649216,0.010090607014717534,0.0015823501635168213,0.6470583472400904,0.27422787388786674,-0.006528796016937122,0.0009558454676152905,0.8775792941451073,0.2838679486885667
650240,650240,0.030104158067842945,0.011627166124526411,0.9316627662628889,0.39605820644646883,-0.006085224740672857,0.017000793537590653,0.6240931004285812,0.37667101551778615
651264,651264,0.02279189511318691,0.00832173423259519,0.6125649902969599,0.3061718177050352,0.00937125479686074,0.0034451210194674786,0.6018663626164198,0.16025054943747818
652288,652288,0.008880410401616246,0.0014018607525940752,0.6282883565872908,0.28926416812464595,-0.02162472683994565,0.000979401320364559,0.593652613228187,0.09557355381548405
653312,653312,0.024524184162146412,0.001346024970189319,0.621521133929491,0.2624696330167353,-0.015853218879783526,0.0007554266976512736,0.7388893184252083,0.11373135889880359
654336,654336,-0.000521899841260165,0.0019816461153823184,0.6042939629405737,0.18772142799571157,-0.027144019055413082,0.0017701863653201144,0.89351203199476,0.14228301926050335
655360,655360,0.013455175794661045,0.013708300204598345,0.6429093144834042,0.426698449999094,-0.06945389771135524,0.016521180426934734,1.1066544186323881,0.3802234847098589
656384,656384,0.04970817192224786,0.019144554244121537,0.8420180138200521,0.7077839029952884,0.11631923809181899,0.009683342927019112,1.9744972884654999,1.5263692401349545
657408,657408,0.026176083192694932,0.00898829686047975,0.9476769715547562,0.40727230720221996,0.04726365944952704,0.004519091024121735,1.2735689878463745,1.577588725835085
658432,658432,0.02870116932899691,0.013786623632768169,1.0245267432183027,0.5229563200846314,0.06760148008470424,0.00646693425369449,0.9526835903525352,2.4245688766241074
659456,659456,0.0033402103654225357,0.0038274136968539096,0.6816970016807318,0.2767046270892024,0.015437294860021211,0.0017265156748180743,0.5464324597269297,0.26414935919456184
660480,660480,-0.013040042540524155,0.005118847657286096,0.7717813886702061,0.2593852165155113,-0.028829203074565157,0.006245385458896635,1.4467793349176645,0.63406668510288
661504,661504,0.04027660803694744,0.0012529320392786758,0.7866037841886282,0.3856993028894067,-0.026627533428836614,0.001078455525203026,1.1762235201895237,0.2902287980541587
662528,662528,0.008576229709433392,0.0006979773679631762,0.5698049403727055,0.28237342089414597,-0.02650227048434317,0.00041480152185613406,0.9402773715555668,0.15607450134120882
663552,663552,0.005956597859039903,0.0014510575638269074,0.5540686072781682,0.2057227110490203,-0.01768479504971765,0.0013072344581814832,0.8866008725017309,0.139047562610358
664576,664576,0.011477733904030174,0.003932205456294469,0.5355038782581687,0.21638993127271533,-0.005147049931110814,0.0025891944810609857,0.6061212690547109,0.0920382677577436
665600,665600,-0.013555204539443366,0.010042292982689105,0.9438062608242035,0.3426304953172803,-0.04255415190709755,0.011765531817218289,1.8940197750926018,0.8318575080484152
666624,666624,0.023921776504721493,0.010973998170811683,1.0983390174806118,0.41224505193531513,0.03953833965351805,0.0042719277771539055,1.0423585195094347,0.7549448814243078
667648,667648,0.007430644822306931,0.006140316225355491,0.8864808063954115,0.335232843644917,0.011582719656871632,0.0030501920664391946,0.7129770964384079,0.6994691621512175
668672,668672,0.01469349893159233,0.004518585788900964,0.7104180809110403,0.29432309698313475,-0.007053103327052668,0.0017737001999194035,0.5877549350261688,0.4979434348642826
669696,669696,0.014141318330075592,0.0012988949642931402,0.5826625358313322,0.2438865015283227,-0.0007850523688830435,0.00108259282706058,0.11217819096054882,0.011527527414727956
670720,670720,0.005195490084588528,0.007537979166954756,0.9987643603235483,0.31379332579672337,-0.021657334524206817,0.009724225608806591,2.23397134616971,0.8689328879117966
671744,671744,-0.002773973043076694,0.008622374851256609,0.8855393379926682,0.24361181538552046,0.04062621551565826,0.0030152780454955064,1.3759181573987007,1.0584522113204002
672768,672768,0.01223823448526673,0.003417760453885421,0.8806123733520508,0.31390055175870657,-0.012134253804106265,0.0029622986585309263,0.6593879163265228,0.4679001113399863
673792,673792,0.022132278565550223,0.00294301444409939,0.6621725913137197,0.22579045547172427,-0.004545403804513626,0.0020508376519501326,0.8640745673328638,0.15015824366128072
674816,674816,0.0479304677573964,0.0022510152348331758,0.5790361687541008,0.3717730585485697,4.693225491791964e-06,0.0015216068582049047,0.003063881602429319,0.00022494466975331306
675840,675840,0.0017688022053334862,0.01505133233149536,1.0717557109892368,0.5222680028527975,-0.024373810141696595,0.01908021777489921,2.7543989792466164,1.2154398690909147
676864,676864,0.021059348160633817,0.008616389008238912,1.0179147720336914,0.38597435783594847,0.04985132603906095,0.0035873207743861713,2.0193505622446537,1.199356984347105
677888,677888,0.012440438338671811,0.0003709465859174088,0.9577777776867151,0.2272564093582332,-0.00017386613762937486,0.0003482090260149562,0.01371510757599026,0.001128442760091275
678912,678912,-0.0017692890178295784,0.0003684548396449827,0.8449439518153667,0.11966031277552247,3.004309837706387e-05,9.564593824507028e-05,0.020307296072132885,0.0017328528920188546
679936,679936,0.004691903886850923,0.0005794721005258907,0.8535044323652983,0.11409961199387908,-0.0002249565441161394,0.00040305380571226124,0.033555347996298224,0.003013198438566178
680960,680960,0.014029743906576186,0.013716923756874166,0.6433663740754128,0.47218834515661,0.03460258753329981,0.012006152301182738,0.7502758307382464,0.6811187267303467
681984,681984,0.01607408359996043,0.000861767633978161,0.6299030967056751,0.3097031870856881,-0.03310102701652795,0.0004892873835160572,1.01887596398592,0.16408914932981133
683008,683008,0.0059207628219155595,0.006166674895212054,1.033027771860361,0.39958704728633165,0.02225390382227488,0.0033367246978741605,1.88355453312397,1.1304632164537907
684032,684032,0.0072889750299509615,0.0015539106680080295,0.9385284092277288,0.2643884839490056,-0.02454986161319539,0.0012031961905449862,1.0074507519602776,0.26530417264439166
685056,685056,-0.00044704964966513216,0.011545265733730048,0.790826914831996,0.20111973164603114,-0.01051770881167613,0.01587721727992175,0.6506670406088233,0.27691128430888057
686080,686080,0.02804931759601459,0.013626900356030092,0.9850705917924643,0.23465675907209516,0.07119817065540701,0.00870299344387604,1.0661092791706324,0.5000313892960548
687104,687104,0.004757544083986431,0.0042115868818655144,0.9236355312168598,0.25670011015608907,-0.05209678245591931,0.0033913483912328957,0.7701573595404625,0.22938475385308266
688128,688128,0.015361749567091465,0.0004215101703266555,0.8930458705872297,0.20423476723954082,-0.00013285432942211628,0.0004217271507513942,0.01499564599362202,0.0012272546300664544
689152,689152,0.000813529928564094,0.0021897670594626106,0.9319414999336004,0.19519599014893174,0.0095684414554853,0.001058652691426687,0.04657744680298492,0.25781110901152715
690176,690176,-0.00028688150632660836,0.010855715052457526,0.6294732186943293,0.20100648794323206,0.013965702906716615,0.010820208372024354,0.09035056363791227,0.8992929831147194
691200,691200,0.0192269459948875,0.00417761284916196,0.696834409609437,0.2695699199102819,-0.015031313727376983,0.004529857629677281,0.31955469539389014,0.053465863049495965
692224,692224,0.018729139454080723,0.0034669168562686536,0.719905324280262,0.23181345872581005,0.049463791016023606,0.0019141156553814653,1.098084157332778,0.4628426842391491
693248,693248,0.01962775552237872,0.0017211594167747535,1.013579273596406,0.22414239775389433,0.0029077798244543374,0.001424389316525776,0.5179870575666428,0.0987706754822284
694272,694272,0.01407980578369461,0.0033663578215055168,0.8951615709811449,0.30948179867118597,0.07767040666658431,0.0017625180935283424,0.17462531803175807,0.32817277405411005
695296,695296,0.011231345211854205,0.00988020549993962,0.8775216732174158,0.33740827068686485,0.011827563401311636,0.010539731796598062,0.5466725304722786,0.9919398184865713
696320,696320,0.0026203484158031642,0.004917430400382727,0.9463890213519335,0.2594228805974126,0.03963890270097181,0.004498380883887876,1.3926601354032755,0.5828206278383732
697344,697344,0.020487347210291773,0.0018347063996770885,1.0660747233778238,0.2109697093255818,-0.015344735991675407,0.0014890234288031934,1.156906120479107,0.17479806952178478
698368,698368,0.021717131559853442,0.012995145487366244,1.03123389929533,0.3616800745949149,0.032544870395213366,0.0066219563377671875,1.1792903207242489,1.070542247965932
699392,699392,0.0275557510467479,0.009463643611525185,0.9754040874540806,0.3620828501880169,0.03439524324494414,0.005157263862201944,0.5522643635049462,0.4660304570570588
700416,700416,0.00854286999674514,0.02132783437264152,0.7113456353545189,0.37048004288226366,-0.011786866409238428,0.021792921455926262,1.3519890680909157,0.7422603089362383
701440,701440,0.027570723803364672,0.02339483905234374,0.9801125284284353,0.39502038713544607,0.021381524260505103,0.013195777763030492,0.9806387294083834,0.8971835914999247
702464,702464,0.0010535377950873226,0.008007568991160952,0.7385102156549692,0.23295232141390443,0.010483352845767513,0.00490276659547817,0.45933230221271515,0.36596935149282217
703488,703488,0.0013374261325225234,0.0027804105848190375,0.805208258330822,0.22478514537215233,-0.013243551598861814,0.0013693559303646907,0.23143510660156608,0.06312542752129957
704512,704512,0.009446254378417507,0.002187973055697512,0.8019195944070816,0.17905114870518446,-0.0012057663989253342,0.0011671366664813831,0.10343161917990074,0.010920946893747896
705536,705536,-0.008424179832218215,0.013169845842639916,0.7806639540940523,0.27762486645951867,-0.020797721517737955,0.01293610394350253,1.2059883400797844,0.47299436666071415
706560,706560,0.018095535328029655,0.0072625388274900615,1.0658472497016191,0.3958932813256979,0.03861274727387354,0.0033490685891592875,1.4181381165981293,0.7048208126798272
707584,707584,0.00045851373579353094,0.005738554275012575,1.0201272889971733,0.27083910210058093,-0.020640289396396838,0.0026245995904901065,1.0478526502847672,0.17330562509596348
708608,708608,0.005053957833297318,0.0008475756649204413,1.080141032114625,0.16843966068699956,-0.014245170867070556,0.000924547327485925,0.933041425421834,0.13536486332304776
709632,709632,0.013021287508308887,0.008378827391425148,0.6484850216656923,0.22184787085279822,-0.025101298931986094,0.005708265114662936,0.8000797880813479,0.38948348024860024
710656,710656,-0.011372725712135434,0.014959967957111076,0.821610864251852,0.3131549800746143,-0.03628020963515155,0.016756583499955013,1.7918022889643908,0.8144644079729915
711680,711680,0.020785728527698666,0.03372022451367229,0.8857396170496941,0.36830993462353945,0.041905588572262786,0.00841617638070602,1.5218560127541423,0.6618928122334182
712704,712704,0.007213577060610987,0.0015432787622557953,0.6929223071783781,0.282207946293056,-0.016804707294795662,0.0005643891645377153,0.12970900000073016,0.04679373523686081
713728,713728,0.02080802274576854,0.0024317051829712,0.6352294720709324,0.24719005450606346,0.00020060408860445023,0.0018921643240901176,0.008753248388529755,0.0007499423809349537
714752,714752,-0.0027323523827362806,0.003386226573638851,0.7125076930969954,0.23442136077210307,0.006825235890573822,0.0023428067252098117,1.327453289180994,1.1421458893455565
715776,715776,0.013435382716124877,0.016020373805076815,0.8199312053620815,0.43294509034603834,0.24560999404639006,0.01209941638080636,2.8337487503886223,1.5503800045698881
716800,716800,0.0013628023734781891,0.010548754638875835,0.6283259801566601,0.18774771876633167,0.025324298767372966,0.005339821389497956,1.1208216473460197,0.3720839489251375
717824,717824,0.01005184164387174,0.002979146913276054,0.9713172558695078,0.20026133442297578,0.0184184288373217,0.0013367045621635043,0.9904099702835083,0.2316962300101295
718848,718848,0.0071897699672263116,0.0003138004294669372,0.9398043788969517,0.14369965810328722,-0.005710358207579702,0.000369336848052626,0.9998333100229502,0.1481626513414085
719872,719872,-0.0007405950163956732,0.0001482478693333178,0.9469904396682978,0.12732252874411643,-0.019420034834183753,0.00027907549997507886,1.0073109176009893,0.14863048144616187
720896,720896,0.027479539072373882,0.01438397575111594,0.6414293646812439,0.5441838270053267,-0.016067057207692415,0.011943445148062892,1.6385580487549305,0.37679751543328166
721920,721920,0.0065238416427746415,0.00362292581849033,0.6631181333214045,0.22599327843636274,-0.043417331646196544,0.0021896282087254804,0.9884488536044955,0.16578730568289757
722944,722944,0.004691320995334536,0.004292480567528401,0.7731068674474955,0.1992624094709754,-0.02924726004130207,0.0018700399432418635,1.4448559833690524,0.44789055082947016
723968,723968,0.010208778083324432,0.0034638475481187925,0.8546225745230913,0.19129523262381554,-0.013098324881866574,0.0019109202930849278,1.891988005489111,0.586174763739109
724992,724992,0.013025750289671123,0.0031659583291911986,0.7511928100138903,0.13832076988182962,-0.0007240427657961845,0.0014134196735540172,0.07943145273020491,0.01585458143381402
726016,726016,0.02313051652163267,0.011930508015211672,0.7637393064796925,0.3394282292574644,0.019395873619941995,0.009694893313280772,1.5009861141443253,1.3530734702944756
727040,727040,0.011012780116288923,0.0035058572466368787,0.7305717747658491,0.28535296814516187,0.05610852822428569,0.001678990462096408,1.16224957536906,0.5217599114403129
728064,728064,0.0010288118501193821,0.0033335595326207113,0.7458923794329166,0.32771702762693167,0.008629845251562074,0.001900835790365818,1.2336900532245636,0.33435850543901324
729088,729088,0.010123607295099646,0.006086011970182881,0.9897500611841679,0.419808485545218,0.039913237356813625,0.002651123335454031,2.1209566220641136,0.8416386563330889
730112,730112,0.020889510604320094,0.010292088409187272,0.8533775769174099,0.3542795656248927,0.03447627814603038,0.008684732623805758,0.9134306507185102,1.7233376391232014
731136,731136,0.031734999516629614,0.010022901216871105,0.8400904964655638,0.32735494151711464,-0.012378540297504514,0.00444250475266017,1.0534425918012857,1.336020402610302
732160,732160,0.011736932676285505,0.004676973541791085,1.0000133961439133,0.24912002822384238,0.0017156458925455809,0.0021382206650741864,0.8359323879703879,0.39891801588237286
733184,733184,0.007356643327511847,0.0031512623354501557,0.8480234835296869,0.24472136097028852,0.03305465714947786,0.0015781027177581564,1.18413395434618,0.4560058540664613
734208,734208,0.011779281019698828,0.008144103070662823,0.9468107540160418,0.21165458066388965,0.03430908729205839,0.006073462478525471,0.32676805765368044,0.37884749565273523
735232,735232,0.00817714938602876,0.01335809554439038,0.6553877480328083,0.2932379599660635,-0.039053637825418264,0.016892023049877025,0.515048710629344,0.34630113560706377
736256,736256,0.0059501406794879586,0.015460501512279734,1.382528144866228,0.4775501601397991,0.040709191729547456,0.007470781842130236,1.905276831239462,1.2119688633829355
737280,737280,0.002283596753841266,0.004934601980494335,0.8517445083707571,0.2182915387675166,0.01279558870010078,0.0026572441565804183,0.10127132432535291,0.5125137204304338
738304,738304,0.016320347829605453,0.0005709813467547065,0.6434063110500574,0.2722480995580554,-0.0022270389599725604,0.0003331334642098227,0.14654296461958438,0.01720048562856391
739328,739328,0.016559202602365986,0.0005739992293456453,0.5143825300037861,0.20347968209534883,-0.03329481583205052,0.0003313190409244271,1.1649288721382618,0.19311120174825191
740352,740352,0.005122489332279656,0.0066561515122884884,0.5443944130092859,0.2684524757787585,-0.02337165514472872,0.010004277835832909,1.1210280321538448,0.2942716618999839
741376,741376,0.04314010762027465,0.003231635353586171,0.9240842144936323,0.43988526798784733,0.009422031813301146,0.0011211351829842897,0.8767976546660066,0.41651605581864715
742400,742400,0.00418404171068687,0.010736972821177915,1.1065296027809381,0.33131914120167494,0.055465859739342704,0.004337896578363143,0.7560289660468698,0.8338079480454326
743424,743424,0.035620107752038166,0.004747921790112741,0.8029418420046568,0.41698251757770777,0.09798666270216927,0.002086847218379262,0.20567460730671883,1.13868772611022
744448,744448,0.038533224404091015,0.004832207741856109,0.9899264611303806,0.463597577996552,0.00035515320632839575,0.0029584020558104385,1.712136771529913,0.9380329176783562
745472,745472,0.01056121954752598,0.01531081201392226,0.8044663891196251,0.2872555390931666,0.037547192245256156,0.017051587921741884,1.6125411428511143,1.1668616738170385
746496,746496,-0.003313679168059025,0.006650257637375034,1.2044931761920452,0.29744346905499697,0.017730377207044512,0.003940919930755626,1.2559710182249546,1.119388923048973
747520,747520,0.004558336979243904,0.012478587363148108,1.0699162911623716,0.27978103142231703,0.044881667286972515,0.006378409918397665,0.7556340983137488,1.037579495459795
748544,748544,0.01084605099458713,0.005502852800418623,1.127402987331152,0.3730556443333626,0.024057537753833458,0.0026157547836191952,1.4973692186176777,1.070931065827608
749568,749568,0.008931310789193958,0.006398904224624857,1.0234112460166216,0.35701501090079546,0.045284876599907875,0.0025329958261863794,1.1576352883130312,0.9985881615430117
750592,750592,0.005193849778152071,0.012174368646810763,0.757542084902525,0.3244163254275918,0.012209027307108045,0.011597585245908704,1.6131522320210934,1.103734627366066
751616,751616,0.0008326402748934925,0.0022770511968701612,0.910756379365921,0.19785365043208003,-0.006941803439985961,0.002908636539359577,0.9032941847108305,0.1484808570239693
752640,752640,0.017508289442048408,0.0044069894720450975,1.025103360414505,0.26876494102180004,0.013442879193462431,0.0022200334096851293,1.4775660149753094,0.7495289742946625
753664,753664,0.03024541834020056,0.006672340168734081,0.8465887419879436,0.4207123499363661,0.030471861187834293,0.00258777833005297,1.3560945820063353,0.7377357287332416
754688,754688,0.017123253433965147,0.0008070716257861932,0.7255489304661751,0.35653858445584774,-0.015777332126162946,0.0006712119866278954,0.8270961977541447,0.11970066232606769
755712,755712,0.0055066784989321604,0.01585274253739044,1.0747507754713297,0.41018058359622955,-0.002192642947193235,0.013552443851949647,2.225883476436138,1.716087568551302
756736,756736,0.018001732998527586,0.01701558518107049,1.1331102140247822,0.3746741935610771,0.03948027512524277,0.0061500208103097975,0.8073663106188178,1.0394888538867235
757760,757760,0.031138748876401223,0.008996214412036352,1.072268694639206,0.3843653183430433,0.00607127882540226,0.0029293380612216424,0.9899385301396251,1.0250256024301052
758784,758784,0.019232503982493654,0.010238610921078362,0.938051613047719,0.4640359738841653,0.02832511052110931,0.003721815752214752,0.1146760331466794,0.8598096389323473
759808,759808,-0.003742889384739101,0.00767273323435802,0.9361497964709997,0.319749609567225,0.019714915455551818,0.0036413356647244655,0.23511051386594772,0.7870440222322941
760832,760832,0.007445036244462244,0.012974731245776638,0.9890570994466543,0.30014798510819674,0.03904780473385472,0.01403602118807612,0.9453863352537155,1.3450871035456657
761856,761856,0.009186409821268171,0.0048324271410820074,1.0867383815348148,0.2941200975328684,0.052014806715305895,0.0019553338734112913,0.584276657551527,0.8130202814936638
762880,762880,0.002657814882695675,0.008339863139553927,1.271598283201456,0.32537959795445204,0.04274998472828884,0.0037177151680225506,0.7509837448596954,1.197921995073557
763904,763904,0.010287789918947965,0.011200756154721603,1.0378447081893682,0.28267750469967723,0.001051593921147287,0.00539282790850848,0.8812238983809948,0.9036221168935299
764928,764928,0.016968463984085247,0.004991441877791658,1.0183269511908293,0.34444733802229166,0.05868624144932255,0.003880158577885595,0.08810535806696862,0.20888665143866092
765952,765952,-0.004988683736883104,0.022016193019226193,1.130765911191702,0.3560198014602065,0.023903465422336012,0.01964416202099528,0.48246776312589645,1.0824675261974335
766976,766976,0.02423162365448661,0.0039698827677057125,0.9524843581020832,0.3470609216019511,0.0017922023253049701,0.0019256292453064816,0.9254409512504935,0.5748616280034184
768000,768000,0.023238598078023642,0.0054973354417597875,0.9777541626244783,0.3419578177854419,0.055564754497027025,0.002180890987801831,2.062073778361082,1.1922489162534475
769024,769024,0.00033543494646437466,0.002304072979313787,1.0160029847174883,0.2768137245438993,0.04591454321052879,0.0010720154859882314,1.9705800563097,0.6953579969704151
770048,770048,0.01707743207225576,0.01600290698115714,0.9724005665630102,0.33096159994602203,0.02698480401886627,0.013348860840778798,0.7238106224685907,0.8090497050434351
771072,771072,0.03624971504905261,0.025228655547834933,0.89592544734478,0.361572802066803,0.08500829030526802,0.013964071811642498,1.4157384410500526,1.5624848529696465
772096,772096,0.014947474453947507,0.014057409163797274,0.8699240535497665,0.3604809641838074,0.04154340163222514,0.008406204848142806,0.7840362181887031,0.3998279650695622
773120,773120,0.016179143567569554,0.005602393423032481,0.725628025829792,0.32600054889917374,-0.0072680057637626305,0.003326600288346526,0.26510114688426256,0.37201428320258856
774144,774144,0.004181380063528195,0.006756728660548106,0.6441515423357487,0.3377021108753979,0.027054480568040162,0.0032121785116032697,0.7430397169664502,1.0431524999439716
775168,775168,0.003909152277628891,0.007284334336873144,0.8108759168535471,0.26212629629299045,0.00038671676884405315,0.0074865099049929995,0.31181629560887814,0.5919228177517653
776192,776192,0.009258769496227615,0.006854835606645793,1.0019660871475935,0.2815517825074494,0.01856938237324357,0.003140836190141272,0.7649832330644131,0.7476539388298988
777216,777216,0.0033025815209839493,0.0033065029929275624,0.7789077777415514,0.28493328159675,0.004466423386475071,0.002057430989225395,0.2317156761419028,0.46498185954988003
778240,778240,0.0022667121374979615,0.0013949231906735804,0.6919862423092127,0.2133728596381843,0.001956383290234953,0.0009039989754455746,0.008009552344447002,0.013691577420104295
779264,779264,0.00020822345686610788,0.005379549882491119,0.8606579285115004,0.33625019900500774,0.053844177862629294,0.0041030979809875134,0.20121978409588337,0.4680292969569564
780288,780288,0.011726897937478498,0.015560928004560992,0.8507576324045658,0.3652680516242981,-0.03247599603491835,0.01654543179756729,0.7224181434139609,1.1450639180839062
781312,781312,0.03411341900937259,0.02703034778824076,1.0092067811638117,0.5770173966884613,0.13516376574989408,0.009652426218963228,2.046321038156748,1.5543215200304985
782336,782336,0.036244365459424444,0.013606990833068267,1.084447905421257,0.43083377927541733,0.01604028866859153,0.006871616205899045,1.0105757433921099,0.8818610347807407
783360,783360,0.02566980992560275,0.00533322826231597,0.8466010224074125,0.25687150144949555,0.0002550020581111312,0.002008960651437519,0.23539805877953768,0.3180073634721339
784384,784384,0.011587331275222823,0.004054573248140514,0.9112527146935463,0.3501297179609537,0.02259494794998318,0.0017781676797312684,0.7306848494336009,0.740240104496479
785408,785408,0.0067163507046643645,0.01666770500014536,0.9411058463156223,0.3730880571529269,-0.0031075345759745687,0.01290673237235751,0.9957953169941902,1.271652802824974
786432,786432,0.013490307494066656,0.02337713143788278,0.9390804301947355,0.280971075873822,0.06834148871712387,0.009516746722511016,0.9285681620240211,1.5719996877014637
787456,787456,-0.0005242951738182455,0.0026864920255320612,0.9638270605355501,0.1371630032081157,-0.025498669550870545,0.0035333310734131373,1.1120467819273472,0.1728093014098704
788480,788480,0.0054729048133594915,0.0006420145564334234,0.923011863604188,0.14326728717423975,-0.013688747596461326,0.0004193173690509866,0.8500038776546717,0.12356399022974074
789504,789504,0.00047665712190791965,0.0024594258284196258,0.9828165452927351,0.2579333567991853,-0.029244159639347345,0.0011662072283797897,2.2297986429184675,0.6469653355889022
790528,790528,0.008629425487015396,0.008789092033111956,0.6567831486463547,0.3925270149484277,-0.03489855898078531,0.008186189352272777,0.634586064144969,0.6100363843142986
791552,791552,0.02742643718374893,0.00378711947996635,0.5192516734823585,0.3718814868479967,-0.0017527648597024381,0.002360474403758417,0.4687419692054391,0.7242218954488635
792576,792576,0.008096652512904257,0.00134604259437765,0.497166495770216,0.1763108428567648,0.024757498875260353,0.000886457399246865,0.059996773838065565,0.7005226481705904
793600,793600,0.005014730719267391,0.002640799208165845,0.5272700702771544,0.16006395500153303,0.0375903972890228,0.0023671487360843457,0.13396694278344512,0.7157456809654832
794624,794624,0.02977204043418169,0.006038061368599301,0.5474173035472631,0.2517467923462391,-0.006783638877095655,0.0051577789836301235,0.4985395474359393,0.7391676576808095
795648,795648,0.02023447876854334,0.009994951258704532,0.7199949156492949,0.2991690766066313,0.0067666742543224245,0.011757751999539323,0.3247875804081559,0.6146967308595777
796672,796672,0.017512537888251245,0.007223103573778644,1.1692751869559288,0.5020245732739568,0.01216288295108825,0.00462753493047785,1.78270298615098,1.1818289440125227
797696,797696,0.003866273080348037,0.011450491598225199,1.0532644465565681,0.29961454402655363,0.09146684891311452,0.007353712040639948,1.040359204635024,1.4910838454961777
798720,798720,0.020983453607186675,0.009797617036383599,0.980286130681634,0.3558118352666497,0.07321310031693429,0.004596585651597707,1.4266803413629532,1.5905706845223904
799744,799744,0.004515387845458463,0.005239827612967929,1.0704199336469173,0.3340111607685685,0.027857291541295126,0.00280163699426339,1.3337426073849201,0.6301012933254242
800768,800768,0.022661983559373766,0.020066304452484474,0.9263899624347687,0.47935599088668823,0.016668450029101223,0.020391704529174604,0.9612680822610855,1.724608588963747
801792,801792,0.01390145081677474,0.01657851942582056,0.944416144862771,0.3517461474984884,0.09431894222507253,0.0063661700405646116,1.288242058828473,1.077595429494977
802816,802816,0.019526652962667868,0.011181459136423655,1.0498224720358849,0.3026364613324404,0.02965345641132444,0.003976581756433006,1.1720152776688337,0.6368905771523714
803840,803840,-0.0029977727099321783,0.017329641530523077,1.1052185632288456,0.2457016548141837,0.06434617019840516,0.005610580541542731,0.3059970112517476,0.9546523224562407
804864,804864,0.01724834882770665,0.004109869900275953,0.7718372028321028,0.30119090527296066,0.023977141740033403,0.001991395743971225,0.49053379241377115,0.4443820952437818
805888,805888,0.00676390464650467,0.02086084455368109,0.9860152006149292,0.3087718980386853,0.0008487870800308883,0.015415396017488092,1.6161257401108742,1.4630513861775398
806912,806912,-0.012094824138330296,0.015185372292762622,1.0320795234292746,0.3020078931003809,0.04388090030988678,0.006960445381992031,1.1573872044682503,1.0979703441262245
807936,807936,0.010094351833686233,0.007053829525830224,1.0182446017861366,0.3502944866195321,0.007490383548429236,0.0032868940143089276,1.0534627214074135,0.6521446891129017
808960,808960,-0.0016705350135453045,0.004188501225144137,1.0171273928135633,0.25739677995443344,-0.0010281360882800072,0.0014497019656118937,0.980258846655488,0.6258521992713213
809984,809984,0.026655373309040442,0.001941615733812796,0.6414997987449169,0.4662695378065109,0.03287514447583817,0.0009421416270924965,1.0155654437839985,0.5583103857934475
811008,811008,0.01615840583690442,0.012191930392873473,1.1499729119241238,0.35878476314246655,0.01420367052196525,0.012034039045829559,1.0138418041169643,0.6024480583146214
812032,812032,0.024281303078169003,0.005317956471117213,1.094510830938816,0.34650795813649893,0.04523643276479561,0.0031157881239778362,0.1605354838538915,0.8899336885660887
813056,813056,0.01607825656537898,0.004807423145393841,1.017263950780034,0.27388515835627913,0.02511563550797291,0.0019095682837360073,0.7921747993677855,1.1180584207177162
814080,814080,0.011419191461754963,0.0043388869635236915,0.7900657989084721,0.24960241606459022,0.054442972847027704,0.0025451943638472585,0.03804956944077276,0.29395309230312705
815104,815104,0.003477372185443528,0.012627288611838594,0.8584332801401615,0.23821909027174115,-0.022106436808826402,0.011953771638218313,0.4947027680464089,0.17614925373345613
816128,816128,0.01108087322791107,0.01577556668780744,1.2665358632802963,0.41868037823587656,0.13021903025219217,0.0063371543437824585,1.3200533967465162,2.200899999588728
817152,817152,0.027344393951352686,0.007006000989349559,0.9219414405524731,0.4433783255517483,0.0744901770958677,0.002719732183322776,0.9623861256986856,0.9559712503105402
818176,818176,0.017772566789062694,0.010938493884168565,1.0163366589695215,0.3612455176189542,0.05599025881383568,0.004169331543380395,1.2982639484107494,1.081805357709527
819200,819200,0.005448719166452065,0.0058533162518870085,1.254791758954525,0.3140039099380374,-0.009980093847843818,0.002727507468080148,1.1225907448679209,0.26797738391906023
820224,820224,0.011486992589198053,0.016248017142061144,0.9650205075740814,0.3132717739790678,0.03393639169371454,0.014761634651222266,1.103560572490096,1.0606249682605267
821248,821248,0.003182615473633632,0.004895578742434736,0.9979033898562193,0.2442326582968235,0.03385458451521117,0.002345832468563458,1.2110606916248798,0.4394831648096442
822272,822272,-0.009147139149717987,0.0031236793511197902,1.1850152239203453,0.22670121164992452,-0.019208756915759295,0.0006128093968982284,1.2983827199786901,0.22520681540481746
823296,823296,-0.008087634923867881,0.0023058452243276406,1.1246315874159336,0.20452822046354413,0.09327407326782122,0.001705182037767372,1.4225540794432163,0.7458667065948248
824320,824320,0.009993184808990918,0.004615468220436014,0.9613811355084181,0.2849126821383834,0.0044972058676648885,0.0025675528559077065,0.4763943161815405,0.11477436311542988
825344,825344,0.002677076423424296,0.017091556132072583,1.002613926306367,0.42250487953424454,-0.03392786020413041,0.021983643833664246,0.8556665517389774,0.5116371428593993
826368,826368,0.020063495205249637,0.01922678534174338,1.034027073532343,0.24679734278470278,0.04024489801668096,0.0070624159125145525,1.6283820532262325,1.0438039507716894
827392,827392,0.025414289921172895,0.014203675265889615,0.9930499400943518,0.2993437577970326,0.02597445316496305,0.006080730767280329,0.5044753979891539,2.3465186804533005
828416,828416,0.01662701490567997,0.007413685481878929,1.0946979634463787,0.3191130440682173,0.04672351144836284,0.004151362063566921,0.9576742891222239,1.6248973309993744
829440,829440,-0.0036403792328201234,0.009518551785731688,1.1410369854420424,0.260166859254241,0.09908733778866008,0.0046128859466989525,0.8472215156070888,1.5977331176400185
830464,830464,0.008763393896515481,0.017270859621930867,0.8111606799066067,0.3471318846568465,0.009508335671853274,0.013659532865858637,1.278875157237053,1.2380564846098423
831488,831488,0.008403632644331083,0.007239909406052902,0.8717577792704105,0.2367970673367381,-0.012471721391193569,0.0020563751495501492,1.2337057627737522,0.520044063217938
832512,832512,0.00818986093509011,0.0038452013322967105,0.77133266068995,0.2220744974911213,0.02017793306731619,0.002020977986830985,0.7858502808958292,0.6903959419578314
833536,833536,0.006419687750167213,0.0011870002235809807,0.7205539252609015,0.21154363360255957,-0.005171314638573676,0.0005376310355131864,0.8495649043470621,0.4520876221358776
834560,834560,0.005629891296848655,0.001342465826382977,0.9315671697258949,0.2266134968958795,-0.009955019340850413,0.001235552608704893,1.2851473558694124,0.2270240793004632
835584,835584,-0.014542217148118652,0.0184340041159885,0.9282224420458078,0.3268557181581855,-0.03858368254441302,0.01953886356204748,0.8157839789055288,1.0688803605735302
836608,836608,0.026977671761414967,0.013326851156307384,1.0085430145263672,0.4497109604999423,0.07551843707915395,0.007334107154747471,1.052627757191658,1.5415115654468536
837632,837632,-0.01043027472042013,0.007095673878211528,0.9998869467526674,0.3519283374771476,0.04617529935785569,0.00456214935547905,0.7879188982769847,0.7660150174051523
838656,838656,0.010982415740727447,0.007860171579523012,0.9467077534645796,0.28762583853676915,0.07756515790242702,0.0038330242241499946,1.2115950249135494,1.5706094726920128
839680,839680,0.004700426725321449,0.006464613077696413,1.2116468399763107,0.37879092060029507,0.05365298282413278,0.002335716588277137,1.358846988528967,0.5672002853825688
840704,840704,1.4190212823450565e-05,0.014238708026823588,0.8952529951930046,0.26426267623901367,-0.05118049767042976,0.014008851154358126,2.0795618295669556,0.9604937927797437
841728,841728,0.0001829657849157229,0.01006174916983582,1.1084797848016024,0.3309504631906748,0.05501635721884668,0.006146485364297405,1.5140479896217585,0.7023085001856089
842752,842752,-0.012390037154546008,0.006835002597654238,1.1666458994150162,0.3916705846786499,0.04252916417317465,0.002646713353897212,1.6579122878611088,0.8773977216333151
843776,843776,0.03083521654480137,0.006589419805095531,0.7715929262340069,0.391735440120101,0.04088393459096551,0.0024970043086796068,0.5065919999033213,1.211439760401845
844800,844800,0.015442357296706177,0.00511498252308229,0.8821870740503073,0.3554035546258092,0.03897714603226632,0.002981231820740504,0.8657371886074543,0.9490394834429026
845824,845824,0.008687701149028726,0.019431189633905888,0.8774391766637564,0.36683414969593287,-0.011795622383942828,0.01716131594730541,1.7587803415954113,1.155189499258995
846848,846848,0.006349385512294248,0.006213522647158243,0.7707691509276628,0.35375129897147417,0.0207383642118657,0.0038620521409029607,1.5137575548142195,0.40282827289775014
847872,847872,-0.008171041816240177,0.0013558106893469812,0.6435143686830997,0.23329638922587037,-0.021618699742248282,0.0011931688932236284,1.319632414728403,0.23237542528659105
848896,848896,-0.009119607362663373,0.001645542033656966,0.6505638659000397,0.2305938764475286,0.00999782710277941,0.000839215463201981,0.22936953965108842,0.10169737989781424
849920,849920,-0.011067200437537394,0.002117679470757139,0.672921609133482,0.2141080955043435,0.008696563425473869,0.0014381646242327406,0.05234793352428824,0.1237211141269654
850944,850944,-0.002920882951002568,0.008978979691164568,0.7537867277860641,0.2856192896142602,0.006689248781185597,0.008462523357593454,1.4596144296228886,1.049117349088192
851968,851968,0.004029269839520566,0.004703058548329864,0.7669133506715298,0.2170521025545895,-0.024470569245750085,0.0010076889466290595,1.0893514025956392,0.18379190866835415
852992,852992,-0.0012538302398752421,0.005295121998642571,0.9338252265006304,0.3020435208454728,0.06638831156305969,0.0022632121908827685,1.9592205174267292,1.3952621184289455
854016,854016,-0.0031781125289853662,0.005428712313005235,0.9362653307616711,0.26078406954184175,0.06561595745733939,0.0028403526412148494,1.1267225816845894,0.832777414470911
855040,855040,0.009553325733577367,0.008623381931101903,1.0318579357117414,0.33050543535500765,0.011451008365838788,0.009974316708394326,0.8357186000794172,0.5764195676892996
856064,856064,0.017978261501411907,0.01761151317623444,0.9529784172773361,0.3525084760040045,0.052571812469977885,0.007554883341072127,0.5403800969943404,1.4740015417337418
857088,857088,0.010258614260237664,0.009228129172697663,1.233183890581131,0.4066184274852276,0.10670557674893644,0.004321974913182203,0.9390735626220703,1.4135398752987385
858112,858112,0.007688254554523155,0.009307917483965866,1.2829475104808807,0.41434965282678604,0.052985907590482384,0.004665416417992674,1.1865379177033901,1.6032013520598412
859136,859136,0.04092996759572998,0.006341452695778571,1.1067197695374489,0.483427532017231,0.039261125755729154,0.004008749463537242,0.4699942786246538,0.5196317341178656
860160,860160,0.006671623064903542,0.0053417189556057565,0.6662599090486765,0.28657961869612336,-0.017657363961916417,0.007376095134532079,0.28471123706549406,0.4692186899483204
861184,861184,0.03251060703769326,0.013545300316764042,1.0154503174126148,0.38874929305166006,0.12313610909041017,0.006392929339199327,0.8589135371148586,2.4229188188910484
862208,862208,0.0017102303099818528,0.002727410974330269,1.1721936725080013,0.3352975845336914,-0.02369214774807915,0.0016864263143361313,1.372082581743598,0.23629426606930792
863232,863232,0.0008550661150366068,0.004819399691768922,0.8580298703163862,0.25013741198927164,0.03244641880155541,0.0021580344928224804,1.2168633006513119,0.38140491768717766
864256,864256,0.007974167150678113,0.008137930410157423,0.8198136202991009,0.33278296515345573,0.07604299625381827,0.004879474588960875,1.7406954010948539,1.423184797167778
865280,865280,0.0014661471650470048,0.009704719021101482,0.8284601029008627,0.2842015069909394,0.05027926455659326,0.009256981713406276,1.4037081208080053,1.063291683793068
866304,866304,0.019365687170648016,0.006118611461715773,0.9143237676471472,0.25718479277566075,0.017187827528687194,0.002751776853983756,1.0631006229668856,0.4622732400894165
867328,867328,0.003857383504509926,0.0035068180404778104,1.3939017839729786,0.46950896503403783,-0.023841994145186618,0.0023694223891652655,1.106967270374298,0.36511312518268824
868352,868352,0.007340033625951037,0.0024896521726986975,0.5600542798638344,0.1550084948539734,-0.010591431811917573,0.002316179459739942,0.7227073116227984,0.10005423275288194
869376,869376,0.008632222015876323,0.0024015353610593593,0.6316147670149803,0.14989633415825665,-0.007472336073988117,0.0024815561446303036,1.6291403574869037,0.48256260342895985
870400,870400,-0.0017846280825324357,0.01763998481328599,0.826825488358736,0.21798917884007096,0.02886847429908812,0.014058747474336997,1.148292949423194,1.5763218253850937
871424,871424,0.03406430105678737,0.007556614829809405,0.7744436878710985,0.3556490037590265,0.0012529425439424813,0.0026316346920793876,0.43679307447746396,0.37705472204834223
872448,872448,0.04657141045026947,0.006431225236156024,0.9161271564662457,0.3744869530200958,-0.003281174198491499,0.0015481051214010222,0.15283895924221724,0.3569023422896862
873472,873472,0.0010272251529386267,0.0035057563218288124,0.9228228200227022,0.26700373413041234,0.056823945487849414,0.0018990887074323837,0.010417640820378438,0.3936075660167262
874496,874496,0.005502178784809075,0.0031871161772869527,1.0229709222912788,0.2174233254045248,-0.00041132376645691693,0.0008194526349143416,0.007334210269618779,0.023246811470016837
875520,875520,-0.007411407481413335,0.01627914900018368,0.929246673360467,0.39056279230862856,-0.006841652939328924,0.017292546086537186,0.16615526261739433,0.15545037249103189
876544,876544,0.021991262561641634,0.011022406251868233,0.9008028786629438,0.35903376061469316,0.03873648727312684,0.0051871092728106305,1.3782521896064281,1.8013211488723755
877568,877568,0.008950843039201573,0.0036889704861096106,0.7720032632350922,0.24600291205570102,-0.03839223404065706,0.0014192293656378752,1.1488206796348095,0.32234923588111997
878592,878592,0.008869916055118665,0.006724845341523178,0.7072507124394178,0.20331310806795955,0.07922973809763789,0.002326317517145071,1.011053653433919,0.875132828950882
879616,879616,0.02357467054389417,0.0031579797141603194,0.6219828948378563,0.24276328086853027,-0.017848707939265296,0.0012605552683453425,0.824379850178957,0.12814669124782085
880640,880640,0.015136761430767365,0.014836057773209177,0.8789510484784842,0.31977476365864277,-0.006835079111624509,0.0145088695717277,0.8236908381804824,0.8705239202827215
881664,881664,0.014865839970298111,0.009102488460484892,1.0840196330100298,0.3157455809414387,0.03553022476262413,0.004382931158033898,0.9319673636928201,0.8496319521218538
882688,882688,0.008707453715032898,0.004819835026864894,1.365193385630846,0.33856173418462276,0.029081154367304407,0.0029100402280164417,1.401281900703907,0.8538864329457283
883712,883712,-0.0006630347343161702,0.004011734199593775,0.8398088999092579,0.2127082678489387,0.04301568440860137,0.00186700266385742,0.9076559729874134,0.7608046140521765
884736,884736,0.01387084522866644,0.002570483280578628,0.8366318475455046,0.2056225873529911,-0.012649384385440499,0.001291044571189559,1.3785498142242432,0.40937075670808554
885760,885760,0.007472695229807869,0.019690770510351285,1.1872288286685944,0.3595480704680085,0.056970335921505466,0.01778680825373158,1.2977174781262875,1.541472639888525
886784,886784,0.016425196925411,0.005216077959630638,0.9713572841137648,0.3186715189367533,0.013911892077885568,0.00306184804867371,0.8833064883947372,0.8786150831729174
887808,887808,-0.014096064493060112,0.003963553346693516,1.226063221693039,0.23407045612111688,0.02091308729723096,0.001228924658789765,1.06452002748847,0.5295422626659274
888832,888832,-0.008288611570606008,0.006089350703405216,1.086897250264883,0.36007083021104336,0.06422573488089256,0.002565177346696146,1.6953530982136726,1.0927247032523155
889856,889856,-0.006310684519121423,0.006426644933526404,1.24698169156909,0.4309858428314328,0.02928672160487622,0.0030919972850824706,1.7595595084130764,1.3622396811842918
890880,890880,0.002272634403198026,0.019598739774664864,1.064566370099783,0.259539607912302,0.041020951088285074,0.018393515434581786,1.19400873221457,1.2487129531800747
891904,891904,0.0032900006626732647,0.007242707011755556,1.1998792104423046,0.3661496299318969,0.0522520060185343,0.002849150598194683,1.3094801604747772,0.5322599122300744
892928,892928,0.003107798984274268,0.005103649586089887,1.064895212650299,0.31951715610921383,0.005255209616734646,0.0023546910233562812,1.153778439387679,0.4500355888158083
893952,893952,0.007808444963302463,0.003214267926523462,0.8364451434463263,0.24770326539874077,0.006134521754574962,0.0010709864754971932,0.584319363348186,0.1496348618529737
894976,894976,0.0006750241154804826,0.0026494455378269777,0.702182924374938,0.23022672068327665,0.03438923871726729,0.0015630770412826678,0.885017279535532,0.3855780647136271
896000,896000,0.025531337749271188,0.029405631707049906,1.0954725705087185,0.31927155843004584,0.07077129394747317,0.021259000146528706,1.4217399768531322,1.6398457624018192
897024,897024,0.02365412240033038,0.015144207020057365,1.0175025053322315,0.3129111467860639,0.0422783684625756,0.008532399413525127,0.9147492833435535,1.395229835063219
898048,898048,0.005644475051667541,0.009023466715007089,0.8443832863122225,0.26262195128947496,0.02370172701193951,0.0035652767146530095,1.2144528664648533,0.5835778005421162
899072,899072,0.015497649190365337,0.004747070073790383,0.7870971243828535,0.3143836371600628,-0.0029933218902442604,0.0023309081661864184,1.109058728441596,0.44038539938628674
900096,900096,0.004618960636435077,0.012369873293209821,0.8907080143690109,0.27818158408626914,0.038568153671803884,0.011433347266574856,1.4259770102798939,0.9170457720756531
901120,901120,0.01719234505435452,0.020338134345365688,1.0385773871093988,0.2987888278439641,0.12932259368244559,0.008575614119763486,1.9111100621521473,1.8167471066117287
902144,902144,0.013480878609698266,0.010337921848986298,0.9885307028889656,0.273171613458544,0.04727983474731445,0.002661604117747629,1.3915781080722809,0.9889199938625097
903168,903168,0.018327963422052562,0.0084233731176937,0.84246208332479,0.3033930975943804,0.015951047651469707,0.003352236468344927,1.2172444202005863,1.1625170707702637
904192,904192,0.005557771160965785,0.0037890132443862967,1.177043678238988,0.3271211818791926,-0.007850393754779361,0.002054928922007093,1.1339343842118979,0.44103698898106813
905216,905216,-0.004872350989899132,0.011736581727745943,0.857392530888319,0.3072905149310827,-0.009665823192335665,0.01110779975715559,0.6828217972069979,1.022381143644452
906240,906240,0.03682852830388583,0.01875551781267859,1.4286815859377384,0.537997780367732,0.06856038354453631,0.009993560408474877,1.0340115297585726,2.5958443358540535
907264,907264,0.0009052028763107955,0.0157535744656343,1.3611872717738152,0.5157821765169501,0.10264459575410001,0.006333551173156593,1.3842020072042942,1.7182455025613308
908288,908288,0.013751029939157888,0.010723997562308796,1.0820862967520952,0.4217877071350813,0.05816116416826844,0.006103390158386901,1.3414775654673576,1.5412432216107845
909312,909312,0.009406857629073784,0.005680701884557493,0.5852322280406952,0.16412121197208762,0.07358079397818074,0.002636941189848585,0.489005858078599,5.417952969670296
910336,910336,0.002830547047778964,0.006474629713920876,0.4327672850340605,0.20341686974279583,0.20726663805544376,0.00756301695946604,1.8928952114656568,4.117979854345322
911360,911360,-0.0048872709448914975,0.007729576362180524,1.1841325722634792,0.3183164382353425,0.07935882156016305,0.005106307231471874,3.0086205899715424,1.689620804041624
912384,912384,0.009755417995620519,0.011845996137708426,0.9287027381360531,0.2986951731145382,0.08279008499812335,0.006717529526213184,1.6238639149814844,1.725623745471239
913408,913408,0.021283231035340577,0.007012837508227676,1.1233305670320988,0.3770495252683759,0.032326075597666204,0.005263369897875236,1.642788715660572,0.5833403645083308
914432,914432,-0.001825401050155051,0.008407458699366543,1.0156301595270634,0.3489738991484046,0.11192132526775822,0.005203698579862248,1.341255260631442,1.0898616071790457
915456,915456,0.0013426835357677191,0.018109697324689478,1.032483659684658,0.37664887961000204,0.016628361539915204,0.015691845736000687,0.9187879767268896,0.9194501452147961
916480,916480,0.02635952620767057,0.01526192927849479,1.0472704768180847,0.36452852841466665,0.043316977345966734,0.006110977010393981,1.229300206527114,1.188397005200386
917504,917504,0.0120834284753073,0.011070562672102824,1.0119882691651583,0.31310994923114777,0.09395340323681012,0.00395319484960055,0.3740317905321717,1.668749164789915
918528,918528,-0.00016443543427158147,0.011616850621066988,1.0409705713391304,0.2376779904589057,0.07384977862238884,0.003257679876696784,0.2877684407867491,0.46570530254393816
919552,919552,0.015176225104369223,0.009347875078674406,0.7630296107381582,0.21730195777490735,0.04646303353365511,0.004841050678805914,0.9827587269246578,1.3570525869727135
920576,920576,-0.0028724797011818737,0.014738050987944007,1.0413181018084288,0.27672489918768406,-0.035957761050667614,0.01674747926881537,1.3608219642192125,0.4991209441795945
921600,921600,-0.0025373061653226614,0.010039699714980088,0.9405530635267496,0.2455227579921484,0.04997309105237946,0.004129431545152329,1.379139393568039,0.7747758282348514
922624,922624,-0.004628595866961405,0.0053141193857300095,1.0192765295505524,0.24368170136585832,-0.008242142881499603,0.0015522553821938345,1.2103743851184845,0.32465530559420586
923648,923648,-0.004130979039473459,0.006809990059991833,0.9793176390230656,0.29414666164666414,0.058804900996619835,0.0044209135448909365,1.2360981442034245,0.7860862575471401
924672,924672,0.019131072709569708,0.009287820284953341,0.8565373569726944,0.19736029114574194,0.028561010098201223,0.0066932034969795495,1.048543369397521,0.8011631537228823
925696,925696,-0.010795653506647795,0.02342656784458086,1.1720482632517815,0.32085184566676617,0.004981637030141428,0.02254226258082781,1.4666796140372753,0.7405738923698664
926720,926720,-0.0009517676517134532,0.013301830127602443,1.3574103005230427,0.3695058738812804,0.07201636440004222,0.006080962608393747,1.3659840933978558,1.1908994168043137
927744,927744,-0.006981395068578422,0.008385936700506136,1.2002902291715145,0.3099846551194787,0.06829270321759395,0.003282089965068735,1.6092773117125034,1.2931207455694675
928768,928768,0.0005283532227622345,0.01239697725395672,0.9459311421960592,0.2748527368530631,0.056411108787870035,0.0037362755683716387,1.1133021526038647,1.2819561827927828
929792,929792,-0.004437185489223339,0.008526425925083458,0.9363489840179682,0.2462954157963395,0.020007321203593165,0.002087137210764922,1.3514572009444237,0.7952138036489487
930816,930816,0.032415542227681726,0.013998751412145793,1.243563286960125,0.4056256767362356,-0.014553222805261612,0.015631425674655475,1.5113571556285024,0.5257574673742056
931840,931840,0.0011442075483500957,0.008081217485596426,0.8857459872961044,0.2438835734501481,0.02297990799706895,0.005499140646861633,1.5994527041912079,1.2816358376294374
932864,932864,0.003550121997250244,0.001709715543256607,0.8966597598046064,0.2680480098351836,-0.026575851254165173,0.0011936825467273593,1.0858563128858805,0.31314084213227034
933888,933888,-0.003528014538460411,0.0009105132739932742,0.6784659549593925,0.16428497666493058,-0.0013963604724267498,0.0005824383679282619,0.07182736799586564,0.0069088469608686864
934912,934912,0.0022138218046166003,0.00273928230672027,0.6759938281029463,0.2225665864534676,-0.0003160260966978967,0.0024251046706922352,0.2090802569873631,0.030021974962437525
935936,935936,-0.00698947960336227,0.012721029386739247,0.7657722942531109,0.21982838166877627,-0.001465395325794816,0.012968352239113301,1.7320184707641602,0.5219493815675378
936960,936960,-0.0012003095616819337,0.0053945913386996835,0.8004260249435902,0.17649542214348912,0.023391894923406653,0.0020107996751903556,1.01985939219594,0.4635362452827394
937984,937984,0.011551368748769164,0.006676752032944933,0.8765547256916761,0.2565732644870877,-0.03609936183784157,0.002621281726533198,1.7214522026479244,0.8416197430342436
939008,939008,0.01581628614803776,0.0022420064997277223,0.5442875660955906,0.2051179395057261,0.048266095836879686,0.00150134124669421,0.056047637364827096,0.24879683554172516
940032,940032,0.0032033567840699106,0.006459819174779113,0.47067768312990665,0.15584222110919654,-0.005998972075758502,0.008887052637874149,0.13991603790782392,0.18460945156402886
941056,941056,0.013766166026471183,0.007288220032933168,0.9095477163791656,0.39151528012007475,0.03714642641716637,0.0029471348243532702,1.3346714302897453,0.7983768992125988
942080,942080,-0.007132507918868214,0.005812917464936618,0.8628752250224352,0.3274203836917877,0.06448615962290205,0.0027924273381358944,1.010022647678852,1.1822665892541409
943104,943104,0.012232894107000902,0.003462165914243087,0.7734734527766705,0.2613813136704266,0.02873404769343324,0.0012136956393078435,1.3537371791899204,0.3821930014528334
944128,944128,-0.01500658321310766,0.0013028507055423688,0.5407993150874972,0.17752644489519298,-0.025217012254870497,0.0009800434118005796,0.9727487210184336,0.14584878459572792
945152,945152,-0.018760756182018667,0.009802350134123117,0.5493832798674703,0.14996567368507385,-0.03500780335161835,0.011626465187873691,0.4459396470338106,0.29643773566931486
946176,946176,-0.005273707443848252,0.012430979229975492,1.0740582346916199,0.27741527231410146,0.02791890420485288,0.006117380522482563,1.4672918803989887,0.8839327301830053
947200,947200,-0.01022149107302539,0.007238112681079656,1.2099737916141748,0.3590221330523491,0.043634513596771285,0.003539607292623259,1.696842273697257,1.4606386050581932
948224,948224,0.019772986226598732,0.00964940688572824,0.7045256737619638,0.21358886128291488,0.008064966255915351,0.0026714324922068045,0.7894334550946951,0.8435188326984644
949248,949248,0.00740543776191771,0.0030884432344464585,0.5476491302251816,0.1538661103695631,0.004576403298415244,0.0005604566495094332,0.7921237800037488,0.2904598484747112
950272,950272,-0.002607515314593911,0.0069133727956796065,0.529542064294219,0.14923134399577975,-0.009381820156704634,0.006586050536498078,1.0252554323524237,0.554943067021668
951296,951296,0.010621508699841797,0.002214572643424617,0.5354254990816116,0.1447446804959327,0.0037222088139969856,0.0007245473188959295,0.6227143192663789,0.27320351894013584
952320,952320,0.0025513229484204203,0.008275486921775155,0.8070182800292969,0.25566773070022464,0.060907796025276184,0.003981612411735114,0.6678297417238355,0.9391416069120169
953344,953344,0.00911060135695152,0.008275594074802939,0.8772008884698153,0.30410495307296515,-0.03149184549693018,0.004312858309276635,1.2129571661353111,0.7320700706914067
954368,954368,0.00495236978167668,0.008843219999107532,0.7005735822021961,0.2502433266490698,0.10881655476987362,0.004333388387749437,0.18229866633191705,0.6178752342239022
955392,955392,-0.003092057755566202,0.009220463936799206,0.8583769388496876,0.37711994210258126,-0.0391253249545116,0.012814816080208402,1.19258370436728,0.855507455766201
956416,956416,0.02661459578666836,0.020536338503006846,0.9413749407976866,0.4458473762497306,0.16341816121712327,0.005869391781743616,1.2458817567676306,2.7315784245729446
957440,957440,0.005958636276773177,0.0032544955902267247,1.0554027818143368,0.34606120083481073,0.03305284935049713,0.0015592358886351576,0.8998160772025585,0.4136636145412922
958464,958464,0.00015338626690208912,0.005040368705522269,0.9775123558938503,0.33681434439495206,0.013815414567943662,0.0034533367070253007,1.4096571449190378,0.5984440129250288
959488,959488,0.005767713126260787,0.004987650187104009,1.0003607105463743,0.26978023117408156,-0.01619882576051168,0.0033885299017129,1.2802542485296726,0.2507750210352242
960512,960512,0.023249274818226695,0.03189621085766703,0.8642573896795511,0.4191438388079405,-0.017253053520107642,0.025304633541963995,1.1130755692720413,1.254851046949625
961536,961536,0.055130840628407896,0.025336609920486808,0.9253662321716547,0.5620409827679396,0.09427959320601076,0.01270894258050248,1.5564265213906765,1.9604435823857784
962560,962560,0.0035709362709894776,0.00849388814822305,0.6273558083921671,0.3398248190060258,0.02534657139040064,0.0035279197909403592,0.328465917147696,0.3844571225345135
963584,963584,0.02737654086377006,0.002669147288543172,0.9196327663958073,0.30279930774122477,-0.024742004345171154,0.0014699228631798178,1.464212765917182,0.41232758201658726
964608,964608,-0.006367668873281218,0.001945987816725392,0.9257592670619488,0.2793935937806964,-0.021261629735818133,0.0007743225260128384,0.5833900840952992,0.27550601167604327
965632,965632,0.0037668672594008967,0.011355409966199659,0.8655988667160273,0.3278636350296438,0.04010079739964567,0.010965479697915725,0.46200868394225836,0.6773098157718778
966656,966656,0.014311744584119879,0.009043465775903314,1.062004605308175,0.3359152963384986,0.08079256335622631,0.003918893060472328,1.806618046015501,1.5577790178358555
967680,967680,0.033343062619678676,0.008327403731527738,0.8741386402398348,0.34511106833815575,0.03727657638955861,0.0026672915410017595,1.3893664479255676,0.798166062682867
968704,968704,-0.007862604383262806,0.013538018800318241,1.1036976873874664,0.4044244522228837,0.04234824044397101,0.006963543593883514,1.198725886642933,1.7274613343179226
969728,969728,0.028009595698677003,0.012778931661159731,1.1491049565374851,0.34429502952843904,0.0607510608388111,0.006192194596223999,0.8577448837459087,1.578292965888977
970752,970752,0.006622483226237819,0.038221377588342875,0.9123189151287079,0.4202020950615406,0.06760433601448312,0.030424361320910975,1.3141826950013638,1.6060408987104893
971776,971776,-0.00203551520826295,0.01798487937776372,1.0596957635134459,0.3070282465778291,0.0761170279874932,0.012502908415626734,1.2949623558670282,1.9471548944711685
972800,972800,-0.004226540040690452,0.011623507059994154,1.0267876517027617,0.27695998828858137,0.003694227139931172,0.005616496171569452,0.5882836580276489,0.4316508546471596
973824,973824,0.0033580049057491124,0.009844042913755402,0.9900355190038681,0.2989773554727435,0.060320334072457626,0.0037380848807515576,0.9904405567795038,0.8614646922796965
974848,974848,0.004369826594484039,0.00861936439468991,1.2301897834986448,0.44407973159104586,0.05792175683018286,0.0035792540111287963,1.2580578308552504,1.2099481243640184
975872,975872,0.016107048591948114,0.025428816908970475,0.931064810603857,0.42557686287909746,0.07801379068405367,0.015598016267176718,1.2992880959063768,2.4453097879886627
976896,976896,0.004999458033125848,0.009813384313019924,1.233416672796011,0.33180452324450016,0.04453694180119783,0.00441363991558319,1.6109299063682556,0.7926284000277519
977920,977920,0.0011841717641800642,0.006166757804749068,1.0221497155725956,0.2610433008521795,0.032215963408816606,0.002438161027384922,1.543876189738512,0.6592472232878208
978944,978944,0.008607601630501449,0.005437101484858431,0.7141063008457422,0.19049624959006906,0.10748656571377069,0.0018197110493929358,1.5449760854244232,0.912625951692462
979968,979968,0.014248317893361673,0.006814149906858802,0.8734354339540005,0.239698707126081,0.012384794448735192,0.002667534859938314,1.1986643262207508,0.4590344224125147
980992,980992,0.02763607943779789,0.02302934436011128,0.9251885898411274,0.2987703704275191,0.04071827836742159,0.01602172241837252,0.7085452834144235,0.5126169500872493
982016,982016,0.037161508633289486,0.007000538564170711,1.0977475829422474,0.32194361090660095,0.018478615034837276,0.004395999509142712,0.68060695938766,0.5365120647475123
983040,983040,0.008784504403593019,0.002893922559451312,0.9838409852236509,0.26894697081297636,-0.022552048758370802,0.0011028388380509568,1.0868130587041378,0.4162775268778205
984064,984064,0.00854297069599852,0.0013614935814985074,0.618212578818202,0.2774592428468168,0.012685170338954777,0.0009659105462560547,0.055431077402317896,0.23111181473359466
985088,985088,0.0025526182143948972,0.013471960570313968,0.6800221726298332,0.28513030149042606,0.0037975379382260144,0.01249112919322215,0.05554714484605938,0.568718290887773
986112,986112,-0.005600389049504884,0.009618484022212215,1.1894916482269764,0.3356659132987261,0.09012739243917167,0.004012973713543033,0.45466659450903535,1.5470799170434475
987136,987136,-0.0034976122406078503,0.0043739171960623935,0.9178891461342573,0.1819520778954029,0.03820678891497664,0.002165592413803097,0.5317695257253945,0.36246733739972115
988160,988160,-0.010342396097257733,0.0035209716443205252,0.9380629267543554,0.23596209520474076,-0.007704892341280356,0.002467066640747362,1.0497032022103667,0.3409928367473185
989184,989184,0.012553170148748904,0.008599098444392439,1.0950193628668785,0.30435727210715413,0.007872696209233254,0.004593409314111341,1.486837886273861,0.5959058543667197
990208,990208,0.0024800325772957876,0.016081305482657626,0.6904227957129478,0.3275286522693932,-0.02470489635015838,0.018091204372467473,0.49531752429902554,1.0697410106658936
991232,991232,0.01876387992524542,0.019413234171224758,1.0039719454944134,0.41718257684260607,0.014593997271731496,0.008186565188225359,1.008017985150218,1.0609494615346193
992256,992256,0.00295551324961707,0.006320365006104112,1.2449552305042744,0.30447516962885857,-0.01920018406235613,0.002266304745717207,1.0723509322851896,0.22314270865172148
993280,993280,0.012135048513300717,0.006356069759931415,0.8806282747536898,0.24609744641929865,0.01182144961785525,0.0017062713886843994,0.8233552044257522,0.6905432920902967
994304,994304,-0.0015703449316788465,0.004544816889392678,0.7337946556508541,0.20218431390821934,0.04441507667070255,0.0021194944074522937,0.9903969089500606,0.8491381024941802
995328,995328,-0.0034579860512167215,0.015189358731731772,0.8344066515564919,0.21789155714213848,-0.04125121884862892,0.013863999731256627,0.8348164837807417,0.9120989385992289
996352,996352,0.024239970327471383,0.014076442428631708,1.5101088285446167,0.41596853733062744,0.054007893573725596,0.006349825402139686,1.4621634781360626,1.6458179913461208
997376,997376,-0.003148138028336689,0.011215498045203276,1.2498142011463642,0.3508584974333644,0.07106707940693013,0.005742213186749723,1.2498988788574934,1.5678836703300476
998400,998400,0.002317218342795968,0.010451821435708553,1.2265777811408043,0.30219574086368084,0.008655833691591397,0.004454486348549835,0.8516855947673321,1.3871599771082401
999424,999424,-0.007765932496113237,0.007189239127910696,1.0355473384261131,0.24663054198026657,0.04839977461961098,0.0029422358820738737,1.2002673503011465,1.2875078916549683
1000000,1000000,-0.010806718544699834,0.013434651962597854,0.9545618556439877,0.3056425987742841,0.06445410600863397,0.014215895556844771,1.7635612845420838,1.5499139726161957
