step,agv_actor_loss,agv_value_loss,agv_entropy,agv_approx_kl,pick_actor_loss,pick_value_loss,pick_entropy,pick_approx_kl,agv_grad_norm,pick_grad_norm
1024,0.1512291340623051,0.09085630706977099,4.555561810731888,1.6528975516557693,0.17583961482159793,0.042147227795794606,4.444558292627335,1.6557950042188168,0.2851280604954809,0.39255256252363324
2048,0.12285312544554472,0.08772444608621299,4.151650719344616,1.162895929068327,0.17041169409640133,0.03800696640973911,3.930490829050541,1.38631996139884,0.2664079777896404,0.33488560328260064
3072,0.0742992766899988,0.11147884023375809,3.8380627930164337,0.8575497921556234,0.06742086668964475,0.041879901953507215,3.1735444590449333,0.7600838299840689,0.379067983943969,0.32023648591712117
4096,0.07357907405821607,0.07258950837422162,3.5328968837857246,0.6736925020813942,0.04179808305343613,0.03170480515109375,2.219645693898201,0.38165264669805765,0.40002036187797785,0.456259592436254
5120,0.08886027650441974,0.03147517534671351,3.726586028933525,0.7870122697204351,0.018689642020035535,0.011100067349616438,2.074263606220484,0.30444427113980055,0.2342064375989139,0.33569709956645966
6144,0.05962495246785693,0.07843227288685739,3.6176205575466156,0.7346745561808348,0.007952000625664368,0.02464255242375657,2.218050427734852,0.3309425273910165,0.30687514040619135,0.2959161903709173
7168,0.04647451336495578,0.12728941906243563,3.414370521903038,0.6825198400765657,0.04050360870314762,0.04174012620933354,2.5264286026358604,0.42005329485982656,0.4337537484243512,0.43903135880827904
8192,0.07091299787862226,0.052440219616983086,3.341795213520527,0.649567449465394,0.03155302192317322,0.018046409968519583,2.220115564763546,0.33509560488164425,0.4473080453462899,0.2709131338633597
9216,0.04099122210755013,0.09351678751409054,3.5671442300081253,0.6644233353435993,0.019198508409317583,0.026462958805495873,2.4795191548764706,0.45447081699967384,0.3726075915619731,0.2645978252403438
10240,0.053083694947417825,0.05266991979442537,3.228641003370285,0.6116124670952559,0.0370390365133062,0.0273458732990548,2.620143234729767,0.50360765773803,0.3833136814646423,0.3426153385080397
11264,0.05572605584166013,0.06371816841419786,3.449052646756172,0.6943439673632383,0.038206525263376534,0.03555146639700979,2.7956795394420624,0.5640689441934228,0.3713129861280322,0.4167508827522397
12288,0.051202283560996875,0.04544846265343949,2.810380458831787,0.4199989903718233,0.032041749014751986,0.020453307981370017,1.9778338558971882,0.3123251488432288,0.3501189318485558,0.41105084167793393
13312,0.042227387602906674,0.0481308582238853,3.2547251731157303,0.5699358349665999,0.03317749034613371,0.02318885995191522,2.866583213210106,0.6268242420628667,0.33424000022932887,0.4254298200830817
14336,0.050941057183081284,0.0642346782842651,3.7983415722846985,0.9214431028813124,0.046731007227208465,0.028640366828767583,3.319003403186798,0.8729897756129503,0.38323765015229583,0.4233513851650059
15360,0.06551465272787027,0.06791199650615454,3.1957833245396614,0.5884456466883421,0.030706410005223006,0.0293676417786628,2.5568971037864685,0.5379403820261359,0.39329033670946956,0.40942075476050377
16384,0.0434329055424314,0.09164593601599336,3.183639995753765,0.5091709429398179,0.05051214466220699,0.03006141836522147,2.773972377181053,0.6085268575698137,0.44346555043011904,0.435005315579474
17408,0.039556332922074944,0.05925982492044568,3.062350705265999,0.4590726848691702,0.0455153491202509,0.017643728861003183,2.5753008648753166,0.5841054553166032,0.40328715834766626,0.48387288907542825
18432,0.04263127504964359,0.0488228655885905,3.4194810017943382,0.6192818265408278,0.02464499499183148,0.013955248199636117,2.248486705124378,0.397166489623487,0.3928754017688334,0.46975012496113777
19456,0.05582257948117331,0.05014329927507788,3.371513083577156,0.5874795485287905,0.022812892158981413,0.020142008375842124,2.5509594082832336,0.5066019091755152,0.3838143036700785,0.43507747864350677
20480,0.04498198808869347,0.048052729573100805,3.2943268045783043,0.5319487592205405,0.04940580384572968,0.016514250717591494,2.773272790014744,0.5727019216865301,0.4341271095909178,0.5331138358451426
21504,0.04513405678153504,0.07084165723063052,3.502234809100628,0.673461802303791,0.02643454886856489,0.02713759068865329,2.5692381262779236,0.5573674868792295,0.40777813270688057,0.5096008302643895
22528,0.0532242806366412,0.0733072996372357,3.4494954496622086,0.6937185041606426,0.04140442909556441,0.02269965285086073,2.8108850941061974,0.707635797560215,0.4133270615711808,0.4493653904646635
23552,0.04114552796818316,0.08900991873815656,3.6307085752487183,0.7384825255721807,0.03441326200845651,0.028773398080375046,3.2723675817251205,1.0974739603698254,0.42299596406519413,0.5106075145304203
24576,0.04711576038971543,0.10399420419707894,3.2167086452245712,0.5955177433788776,0.027700778795406222,0.031578355410601944,2.6991188749670982,0.8177401628345251,0.5058706142008305,0.5120076430030167
25600,0.04557624025619589,0.1011059507727623,2.9419737309217453,0.4026833651587367,0.031711911637103185,0.034648702770937234,2.729169875383377,0.8594354670494795,0.5258071506395936,0.643591795116663
26624,0.041191244148649275,0.05549364839680493,2.8840520158410072,0.40920811146497726,0.03102084278361872,0.016453237883979455,2.366264298558235,0.7210496440529823,0.44646267127245665,0.4888485549017787
27648,0.02614170263404958,0.06972480262629688,2.7504858002066612,0.3968595080077648,0.031763476552441716,0.018942884053103626,2.4894280657172203,0.5519588673487306,0.3904178822413087,0.4218382891267538
28672,0.02435962625895627,0.049598540528677404,2.720380164682865,0.35115219093859196,0.044816503330366686,0.014576038985978812,2.4848392233252525,0.49348651990294456,0.4100139979273081,0.46134801860898733
29696,0.02457448905624915,0.05044897075276822,2.7698995620012283,0.32818736135959625,0.030876888282364234,0.013410173283773474,2.5480795428156853,0.48079234920442104,0.4625294040888548,0.47702661249786615
30720,0.020366813289001584,0.05196259100921452,2.7093905061483383,0.356897278688848,0.017664202605374157,0.01616698468569666,2.4715913832187653,0.48560349456965923,0.4043059549294412,0.37003345182165504
31744,0.017053068659151904,0.05296162731247023,2.882565386593342,0.3764786859974265,0.039174322606413625,0.014245733225834556,2.6903666630387306,0.5191982304677367,0.5157111221924424,0.5026852232404053
32768,0.013803388603264466,0.06812659685965627,2.7213066294789314,0.4004774885252118,0.02049453108338639,0.017198013432789594,2.5471633821725845,0.549403072334826,0.48350809002295136,0.4599725529551506
33792,0.026212814991595224,0.06016768258996308,2.9150030612945557,0.43872553668916225,0.02268711113720201,0.016284522745991126,2.8580945059657097,0.7849702648818493,0.5039281700737774,0.49141365475952625
34816,0.04491486927145161,0.04092462046537548,3.199907749891281,0.5477856071665883,0.03406596143031493,0.013787552452413365,2.583994582295418,0.6986505445092916,0.552048307377845,0.5819831164553761
35840,0.037451829499332234,0.06879755412228405,3.084708735346794,0.49181578028947115,0.013125989789841697,0.021613567194435745,2.53952519595623,0.6392132937908173,0.5675353314727545,0.649267066270113
36864,0.02696818245749455,0.057638455531559885,2.9832936599850655,0.3947488637641072,0.031507082079770043,0.020915477885864675,2.898167133331299,0.8403369598090649,0.74116987362504,0.577295153401792
37888,0.02970114364870824,0.06288699025753886,3.026358410716057,0.41765117924660444,0.025893235142575577,0.01900549331912771,3.1669005528092384,0.984724635258317,0.5848357202485204,0.6007099561393261
38912,0.02713447521091439,0.058168080635368824,3.0175302773714066,0.40840713772922754,0.04885565719450824,0.01923336903564632,2.646909926086664,0.7776887733489275,0.6474615531042218,0.75220778118819
39936,0.036732299777213484,0.05378529196605086,3.033914677798748,0.4325866047292948,0.07468036419595592,0.01619771946570836,2.6519258469343185,0.5739734536036849,0.6451589278876781,0.6178078399971128
40960,0.021419147466076538,0.020669756835559383,2.540929362177849,0.35944147501140833,0.019794036372331902,0.006480626769189257,2.5079080685973167,0.4541894616559148,0.4597461596131325,0.6572738313116133
41984,0.03552692782250233,0.0756714977324009,3.0571696907281876,0.41206409502774477,0.022609141684370115,0.031134738819673657,2.271837942302227,0.5549782244488597,0.5626959120854735,0.6588458577170968
43008,0.031360141656477936,0.04401791119016707,3.076516218483448,0.4287554109469056,0.04780064499936998,0.025305830698926002,2.6570456847548485,0.6848997855558991,0.5415338901802897,0.6977791860699654
44032,0.03066764064715244,0.05237967416178435,2.984633684158325,0.4321459820494056,0.02483222770388238,0.014001403353177011,2.803025797009468,0.7529213819652796,0.5982379633933306,0.5967962248250842
45056,0.02196199807804078,0.0394644919433631,2.7914328947663307,0.3517504660412669,0.016470967049826868,0.012927101081004366,2.301990583539009,0.5833335593342781,0.6950779324397445,0.5410800399258733
46080,0.044343510788166896,0.04128296242561191,2.9769150018692017,0.43860040977597237,0.030790300981607288,0.015920351492241025,2.390592735260725,0.5946530811488628,0.5503671960905194,0.6789224823005497
47104,0.02069282102456782,0.05697291612159461,3.059204086661339,0.3707130057737231,0.031070160592207685,0.01542198919923976,2.3949087113142014,0.7108144890516996,0.7135492470115423,0.584997576661408
48128,0.023376975106657483,0.04987091419752687,3.033656559884548,0.4235938275232911,0.02103238253039308,0.016301177529385313,2.728991597890854,0.9625162091106176,0.5990542927756906,0.5644752299413085
49152,0.028832645650254562,0.05958091444335878,2.885814443230629,0.33447191771119833,0.08712997124530375,0.014519487100187689,2.9583971351385117,0.929431926459074,0.9726794101297855,0.6882453691214323
50176,0.011428442085161805,0.06138927303254604,2.740225128829479,0.30145852360874414,0.04192220856202766,0.012111608797567897,2.4595031701028347,0.5729518784210086,0.738262103870511,0.6176336444914341
51200,0.020318382274126634,0.05273659655358642,2.7715752571821213,0.3499651774764061,0.030910684872651473,0.014482957078143954,2.645097464323044,0.7000388316810131,0.6473055295646191,0.674535732716322
52224,0.023013630037894472,0.07135632878635079,2.7677666544914246,0.35685307811945677,0.046360442182049155,0.0179717164428439,2.456509031355381,0.5004621613770723,0.7513071252033114,0.6515118079259992
53248,0.045805097091943026,0.051624433253891766,3.1569376587867737,0.48550122510641813,0.019085988256847486,0.014463033876381814,2.597687043249607,0.7358702402561903,0.5746690416708589,0.4464409211650491
54272,0.022597601884626783,0.05111875606235117,2.8688890412449837,0.35694240499287844,0.0693965365353506,0.016460844519315287,2.9104975163936615,0.7482397723942995,0.5870108557865024,0.6649907426908612
55296,0.015551519871223718,0.03322291525546461,2.5317201539874077,0.3113747425377369,0.03535348620789591,0.01839727404876612,2.8300144746899605,0.7235343148931861,0.5293424837291241,0.9091440783813596
56320,0.02843639545608312,0.04123900976264849,3.110650859773159,0.507887844927609,0.052481054939562455,0.01342971614212729,3.214288167655468,0.9127844143658876,0.608096088282764,0.6006051879376173
57344,0.020728160976432264,0.06541936344001442,2.690448507666588,0.309761063195765,0.03724772876012139,0.01239163419813849,2.5985203981399536,0.5759241627529263,0.756176975555718,0.5881084064021707
58368,0.029112232266925275,0.02593183080898598,2.989436961710453,0.4044116782024503,0.047486212686635554,0.011835423880256712,2.7534693479537964,0.6516516739502549,0.7578863454982638,0.7099403319880366
59392,0.02004450098320376,0.03451888944255188,3.022755280137062,0.4238524315878749,0.008366338748601265,0.013104984915116802,2.4963948242366314,0.5944897262379527,0.6544064600020647,0.5233532208949327
60416,0.031241298391250893,0.021579247171757743,3.164944998919964,0.579489185474813,0.04759973898762837,0.013022436396568082,3.1993762403726578,1.0908607356250286,0.5463331695646048,0.7423440776765347
61440,0.03037684384617023,0.03585242060944438,3.3843417316675186,0.5941829569637775,0.020292100016376935,0.012610113524715416,2.7721149995923042,0.810824959538877,0.7455535987392068,0.5546463904902339
62464,0.029506048100301996,0.05680442019365728,3.128781646490097,0.44520807079970837,0.05048675270518288,0.018505506595829502,2.659533880650997,0.6725610196590424,0.6733179725706577,0.6573967225849628
63488,0.016093646714580245,0.0359122678055428,2.9282585754990578,0.38695164397358894,0.04199928205343895,0.010830056373379193,3.0363076999783516,0.804734293371439,0.6845537843182683,0.540595012716949
64512,0.03555968748696614,0.05050513555761427,3.1736621856689453,0.4917896818369627,0.05072310401010327,0.014613159582950175,2.90267251431942,0.6642120219767094,0.7360506448894739,0.6741669559851289
65536,0.01422369180363603,0.03554915270069614,2.6803125366568565,0.3392723184078932,0.05193894232797902,0.011440045331255533,2.6595495268702507,0.5657997587695718,0.7788511449471116,0.6572172893211246
66560,0.04019058489939198,0.0325732363271527,2.9660652726888657,0.40209655091166496,0.03360359591897577,0.015424143668496981,2.8293666914105415,0.6772398306056857,0.6454464495182037,0.6503303088247776
67584,0.03166305512422696,0.04185377899557352,2.9766910895705223,0.4067123234272003,0.02269619982689619,0.011668826802633703,2.705268956720829,0.6695031961426139,0.5775839006528258,0.6789788166061044
68608,0.019465464894892648,0.04297892464092001,2.8815729841589928,0.39504615869373083,0.0429719514795579,0.011939219781197608,2.684339575469494,0.6087260143831372,0.6897444110363722,0.6315207537263632
69632,0.02619844942819327,0.03604812972480431,2.8648490384221077,0.3863994972780347,0.006045629212167114,0.012534138513728976,2.706322208046913,0.7780169872567058,0.6154966037720442,0.5674355877563357
70656,0.022092592014814727,0.049197427462786436,2.911575883626938,0.3505053650587797,0.057952635892434046,0.015280624036677182,2.927608296275139,0.687061371281743,0.7500472357496619,0.7678760718554258
71680,0.020435565296793357,0.03057227353565395,2.949305385351181,0.4052362199872732,0.06304953127983026,0.007977923305588774,3.213166333734989,0.7642961665987968,0.7589495573192835,0.7943675871938467
72704,0.01707603078102693,0.02775790443411097,2.7864935770630836,0.4196110628545284,0.030476702406303957,0.012292980856727809,2.6102721467614174,0.5172801557928324,0.5297196200117469,1.0592707507312298
73728,0.0188470117864199,0.030147174780722708,2.8122386410832405,0.39083515107631683,0.03619735344545916,0.014198808756191283,2.6187868267297745,0.6336149759590626,0.7377217132598162,0.9795307219028473
74752,0.02353755616059061,0.031603015726432204,2.9866823256015778,0.3742429716512561,0.05497831862885505,0.012687139445915818,2.699246697127819,0.6976086227223277,0.7929698256775737,0.6825075577944517
75776,0.024101780669298023,0.02417015889659524,2.907822832465172,0.29964040219783783,0.050504668630310334,0.009646421749494039,2.862052321434021,0.6830380819737911,0.7767919925972819,0.5852403771132231
76800,0.01580242463387549,0.028190322511363775,3.091020107269287,0.36884277407079935,0.0567412638629321,0.013365512844757177,2.861213743686676,0.6597287319600582,0.7472604708746076,0.7070055985823274
77824,0.02272642805473879,0.03696292522363365,2.9212857484817505,0.3360446719452739,0.03446361667010933,0.010566804907284677,2.7898295000195503,0.7206554738804698,0.77519591152668,0.6544498773291707
78848,0.02165746662649326,0.033467228757217526,2.880334809422493,0.3218337893486023,0.041514316049870104,0.009911790170008317,2.591786339879036,0.534335870295763,0.666356691159308,0.6992797944694757
79872,0.017314375727437437,0.03115154674742371,2.6750096678733826,0.2829596670344472,0.025338989653391764,0.012478753487812355,2.4982658475637436,0.5751475328579545,0.6030910238623619,0.6251772409304976
80896,0.019935493706725538,0.04136474395636469,2.8770314529538155,0.35131632909178734,0.02620186415151693,0.012163647101260722,2.6250544264912605,0.6532880552113056,0.6651918422430754,0.5545155182480812
81920,0.00727771976380609,0.03543981665279716,2.847703978419304,0.3182354411110282,0.05488019104814157,0.014642899797763675,2.9883723109960556,0.7407282572239637,0.732185373082757,0.6604834925383329
82944,0.019631240123999305,0.03615347924642265,2.7000345662236214,0.3074684338644147,0.04685658871312626,0.008252822808572091,2.8635211661458015,0.6006009606644511,0.7479768227785826,0.7218264192342758
83968,0.013592379749752581,0.042471558903343976,2.811716929078102,0.31591333635151386,0.03979228812386282,0.01766680704895407,2.352768361568451,0.4436668548732996,0.9326484743505716,0.6587227433919907
84992,0.020399097804329358,0.032027676119469106,2.8898035660386086,0.34993221517652273,0.0065284443844575435,0.013574803248047829,2.3134679794311523,0.4886423908174038,0.8656233986839652,0.7595456838607788
86016,0.024894820438930765,0.03207884600851685,2.985912136733532,0.39053707011044025,0.02625980752054602,0.010443620194564573,1.9969785809516907,0.3177831154316664,0.806663716211915,0.802210577763617
87040,0.010605484945699573,0.035518117423634976,2.90253509581089,0.3084626402705908,0.029026358810369857,0.02003964493633248,2.707681894302368,0.5903188567608595,0.7570588057860732,0.7224328992888331
88064,0.011451613216195256,0.022030638996511698,2.935008868575096,0.2939792750403285,0.06550562582560815,0.010407755340565927,2.682162642478943,0.6548559218645096,0.7844087276607752,0.6814452512189746
89088,0.022814071766333655,0.04103153443429619,2.885292276740074,0.31345052644610405,0.04957458161516115,0.013543151377234608,2.517147198319435,0.5608969274908304,0.8640165738761425,0.6476438632234931
90112,0.009230731637217104,0.030484426708426327,2.974028341472149,0.359686273150146,0.038858912885189056,0.009723378519993275,2.65597565472126,0.553158525377512,0.7325267717242241,0.6167666735127568
91136,0.018102005851687863,0.03958902385784313,2.836689218878746,0.27743524173274636,0.02113918593386188,0.010478485201019794,2.6205724254250526,0.7361198738217354,0.9793379865586758,0.7370868287980556
92160,0.002626204688567668,0.029843538533896208,2.8156509920954704,0.30180739238858223,0.03517133800778538,0.010170006891712546,2.1504630222916603,0.47186767496168613,0.7968313945457339,0.5628318469971418
93184,0.02037512017705012,0.052314316970296204,3.0091371536254883,0.3891722848638892,0.01964941695041489,0.014497019350528717,2.892709106206894,0.6990992296487093,1.0055551510304213,0.6107273744419217
94208,0.02053922339109704,0.04058150644414127,2.918002814054489,0.34068268071860075,0.04950058486429043,0.01715555926784873,2.732823610305786,0.6140399081632495,0.8202314646914601,0.7270738380029798
95232,0.016605804907158017,0.042229516548104584,2.953947924077511,0.3187241991981864,0.05079219445906347,0.016404019901528955,3.1062905862927437,0.7394686359912157,0.8624269664287567,0.6921175932511687
96256,0.015452781895874068,0.03543325490318239,2.830490417778492,0.29674006532877684,0.0031175789845292456,0.00959129651891999,2.1767986305058002,0.5489135584793985,0.8623452913016081,0.6479448927566409
97280,0.023792725129169412,0.03766409744275734,2.905510425567627,0.3562668031081557,0.05113929364597425,0.011248327427892946,2.5879436805844307,0.5723327379673719,0.765593184158206,0.7486570989713073
98304,0.011608192377025262,0.03811135469004512,3.044022560119629,0.37565003242343664,0.03274359504575841,0.009838863392360508,2.273993030190468,0.4725746298208833,0.8919339645653963,0.6363579258322716
99328,0.01736256769800093,0.041389778140001,2.713785730302334,0.3551562335342169,0.010561768111074343,0.01229265661095269,2.6942776069045067,0.7534464849159122,0.7999472729861736,0.6332738222554326
100352,0.012233917164849117,0.02921820612391457,3.1849059388041496,0.3819963503628969,0.04874540987657383,0.013134675740730017,2.799404077231884,0.8132516779005527,0.9465461671352386,0.7200863193720579
101376,0.017514935534563847,0.045403826516121626,2.9255099296569824,0.3039934877306223,0.0401388403843157,0.015364543098257855,2.4431252107024193,0.721688381396234,0.8459284286946058,0.6785773476585746
102400,0.01692420817562379,0.03398576803738251,2.8214489594101906,0.29878303222358227,0.053942697239108384,0.017267453047679737,2.6387796700000763,0.6193294012919068,0.876310090534389,0.6802060017362237
103424,0.008969330374384299,0.02479639829834923,2.857796646654606,0.2807175712659955,0.021389985166024417,0.008314894148497842,2.0167513452470303,0.3387966752052307,1.0555308815091848,0.6350129321217537
104448,0.0051346110994927585,0.03536373580573127,2.965547740459442,0.2736941296607256,0.024071936175459996,0.012958839608472772,2.4252263084053993,0.5073013314977288,0.8724580826237798,0.5302162822335958
105472,0.03715553699294105,0.014805680402787402,3.014344684779644,0.5222545773722231,0.03425534284906462,0.009504601242952049,2.3681936748325825,0.6768188355490565,0.75058822799474,0.748823001049459
106496,0.012994628312299028,0.03214615909382701,3.1584730818867683,0.530095242895186,0.010561661227256991,0.015003304200945422,2.356199648231268,0.5664680525660515,0.6127701792865992,0.6159781841561198
107520,0.011446592485299334,0.0328454221598804,2.8209284022450447,0.22194480104371905,0.04452182480599731,0.009506037749815732,2.2051714546978474,0.4540199898183346,1.0872383210808039,0.6188126793131232
108544,0.02643564241589047,0.02582227170933038,2.9801886528730392,0.3217146769165993,0.024365776422200724,0.008594806815381162,2.3153094202280045,0.4668664652854204,1.1103578936308622,0.8024909123778343
109568,0.018389945063972846,0.023048119619488716,2.8701719120144844,0.3093256540596485,0.023270308505743742,0.011177086460520513,2.6454023271799088,0.6502184374257922,0.9054714357480407,0.7485338160768151
110592,0.005434952094219625,0.025534519692882895,2.899853400886059,0.2684812373481691,0.04359322931850329,0.009016951647936366,2.062605932354927,0.3858319763094187,0.7935144109651446,0.6236290819942951
111616,0.020873056899290532,0.03977507236413658,2.841396242380142,0.32046865578740835,0.03612515977874864,0.01683331819367595,2.505662463605404,0.5020789979025722,1.0800005532801151,0.6313362577930093
112640,0.025896690058289096,0.0181626673147548,2.814361460506916,0.3165259575471282,0.020949558209395036,0.007202470354968682,2.4523880444467068,0.4960923623293638,0.8361555449664593,0.6601760387420654
113664,0.01556108077056706,0.02353196230251342,2.9240093752741814,0.32711285911500454,0.05012600249028765,0.009937094888300635,2.500220149755478,0.5119541417807341,0.832168085500598,0.6011244030669332
114688,0.011678750190185383,0.023518514120951295,2.6534759774804115,0.30139580089598894,0.029349608113989234,0.012883857067208737,2.3225248120725155,0.41363817267119884,0.6310631623491645,0.6183187142014503
115712,0.021506690347450785,0.028701081057079136,2.9471974223852158,0.3512037806212902,0.01902496736147441,0.011500227788928896,2.6237955279648304,0.5986226638779044,0.8063674354925752,0.5097254337742925
116736,0.005651803920045495,0.03752904408611357,2.9988614544272423,0.25461077224463224,0.06127156293950975,0.01391526879160665,3.061095356941223,0.9113795235753059,1.07161576859653,0.6604373436421156
117760,0.01367905804363545,0.023277958331163973,3.015701413154602,0.32222855743020773,0.0442201312398538,0.01245578337693587,2.7949168756604195,0.9099279884248972,0.6463682316243649,0.7367793023586273
118784,0.015076241223141551,0.044066972215659916,2.8897472470998764,0.2949250806123018,0.06819529950735159,0.014358870277646929,2.5094863921403885,0.5807552626356483,0.9138213321566582,0.7703666090965271
119808,0.016038257104810327,0.022410358593333513,2.8256477639079094,0.33560425601899624,0.03617191142984666,0.008309870783705264,2.969721607863903,0.7480102004483342,0.9964959621429443,0.7385000111535192
120832,0.01733594763209112,0.016968712501693517,2.9161957651376724,0.3306947099044919,0.03211501560872421,0.010373586090281606,2.5674253553152084,0.6046049557626247,0.6311979359015822,0.6210789829492569
121856,0.011072833047364838,0.019071208109380677,2.776565097272396,0.28759608045220375,0.0231094469781965,0.008501486721797846,2.700109787285328,0.6721675600856543,0.795438751578331,0.699151499196887
122880,0.006950897484784946,0.023463397286832333,2.852608323097229,0.2974163256585598,0.036866979382466525,0.00915952656941954,2.1299995966255665,0.44162101950496435,0.7955724969506264,0.6595737934112549
123904,0.017044939144398086,0.0380701728281565,3.076225310564041,0.32163723930716515,0.043843707942869514,0.014499553421046585,2.796194337308407,0.7298446744680405,0.839600570499897,0.6841795239597559
124928,0.007911013148259372,0.02330051240278408,2.860357888042927,0.2705184677615762,0.022422840338549577,0.011132085259305313,2.599769916385412,0.6619503693655133,0.8667951617389917,0.5592403104528785
125952,0.02025524791679345,0.03433471149764955,3.021536074578762,0.2791215758770704,0.04558000732504297,0.010190400862484239,2.5519750118255615,0.5621541980654001,0.9984191283583641,0.7188194617629051
126976,0.014741176390089095,0.02808968460885808,2.9219494089484215,0.3229207517579198,0.04020369745558128,0.01144342364568729,2.9360929280519485,0.6290359515696764,0.7180331805720925,0.693805149756372
128000,0.007443578782840632,0.027925390168093145,2.9976332783699036,0.2657942082732916,0.0305079382378608,0.008793531465926208,2.6377023234963417,0.556048858910799,1.0502785854041576,0.7287965510040522
129024,0.011386624872102402,0.02415018784813583,3.009128510951996,0.30556233413517475,0.03505285925348289,0.014070758101297542,2.8580855652689934,0.7836753334850073,0.8520034523680806,0.899343891069293
130048,0.013497893793100957,0.02390226413263008,2.8182656839489937,0.29303167574107647,0.08513067080639303,0.009832905037910677,2.3753090128302574,0.5124567663297057,0.8920029476284981,0.8963035512715578
131072,0.016576804177020676,0.023601961496751755,2.8378385305404663,0.32610069029033184,0.051987398212077096,0.009679328475613147,2.4257913902401924,0.4204450212419033,0.6921863639727235,0.7454439997673035
132096,0.02140667088679038,0.024389059573877603,2.9492985904216766,0.30797012615948915,0.045648304803762585,0.01177751568320673,2.566801130771637,0.5262984279543161,0.7151262015104294,0.6262407945469022
133120,0.015481792026548646,0.0219998488901183,3.073663853108883,0.3038307959213853,0.03703934315126389,0.0077453690391848795,2.8438261710107327,0.9791277162730694,0.9726703967899084,0.6079840594902635
134144,0.0059700595593312755,0.01771905564237386,2.8824117481708527,0.311351059935987,0.05903907542233355,0.009969077102141455,2.6117384135723114,0.5672307685017586,0.7840589750558138,0.643730791285634
135168,0.009114782777032815,0.021937120152870193,3.083949498832226,0.38436211459338665,0.016395522266975604,0.014090478158323094,2.799837626516819,0.6686044288799167,0.7414916511625051,0.6806354904547334
136192,0.012342555608483963,0.017830352880991995,2.9245385751128197,0.28233118541538715,0.043901497207116336,0.007833795418264344,1.9809613265097141,0.3424051748588681,0.8006824813783169,0.7073940439149737
137216,0.01163083039864432,0.023978546960279346,3.0097632333636284,0.2950357152149081,0.01757444773102179,0.009716173313790932,2.683227017521858,0.5929706813767552,0.8104755971580744,0.5546815311536193
138240,0.029480652301572263,0.02182152509340085,3.1440155431628227,0.4481552541255951,0.08468949154485017,0.011680791765684262,3.6393225640058517,1.0699513852596283,0.5933805229142308,0.8603876605629921
139264,0.021434955328004435,0.049231030279770494,3.111249268054962,0.3554326528683305,0.04993641856708564,0.021677917189663276,2.827017791569233,0.596630540676415,0.8768922388553619,0.7702518310397863
140288,0.025054510013433173,0.02038452585111372,3.0431241616606712,0.4010256277397275,0.06609984242822975,0.007145318668335676,2.8083613589406013,0.5300792157649994,0.9150198409333825,0.7091019991785288
141312,0.009733854894875549,0.033823464531451464,2.925930544734001,0.3161839693784714,0.02787124167662114,0.013903406244935468,3.0935636833310127,0.7456761114299297,0.9753878060728312,0.7191933812573552
142336,0.012935007514897734,0.030310864618513733,3.014629304409027,0.34027237445116043,0.038105614512460306,0.013882171915611252,2.898703597486019,0.6908058235421777,0.8850015075877309,0.7693281285464764
143360,0.0016925687377806753,0.02479419205337763,2.9339482486248016,0.33156932750716805,0.03287081955932081,0.011886093256180175,2.7722146958112717,0.6510772490873933,0.9299029819667339,0.75575699377805
144384,0.02526747742376756,0.024667512741871178,3.1651316061615944,0.4352592043578625,0.03475963673554361,0.010479695120011456,2.5625655725598335,0.5607757205143571,0.9294056240469217,0.7030506553128362
145408,0.01445054420037195,0.02833743643714115,2.7939637154340744,0.2654294981621206,0.027550589642487466,0.01325631991494447,2.300552546977997,0.4034757446497679,1.0987400244921446,0.9348510000854731
146432,0.02038409750093706,0.02160805053426884,2.8094270080327988,0.3142312876880169,0.02825949218822643,0.008937991908169352,2.808680571615696,0.7010491099208593,0.709383537992835,0.5274917921051383
147456,0.015685997874243185,0.021838119282620028,3.034060925245285,0.34081615693867207,0.030280932696769014,0.010309627759852447,2.5264133140444756,0.5074187209829688,0.7855945732444525,0.6744989240542054
148480,0.013033262366661802,0.018436522805131972,3.0109183117747307,0.334751651622355,0.07151139495545067,0.0075184249435551465,2.99026320874691,0.7617964800447226,0.6878163451328874,0.7196189286187291
149504,0.01650857791537419,0.02487128326902166,3.1540939435362816,0.39100005477666855,0.05610106674430426,0.014294536493252963,2.845767877995968,0.640819601714611,0.814389961771667,0.7547088414430618
150528,0.020856668677879497,0.026004067447502166,2.9859915375709534,0.3339100806042552,0.05355162941850722,0.011413019092287868,2.4665506929159164,0.5147968959063292,0.8298340104520321,0.8171658255159855
151552,0.013930826848081779,0.038156138674821705,3.25868471711874,0.43515204917639494,0.04653100838186219,0.01173289584403392,2.722130611538887,0.6482381299138069,0.8592035844922066,0.6579223042353988
152576,0.026402098184917122,0.02964301046449691,2.976607821881771,0.2931297807954252,0.027073275006841868,0.014261948701459914,2.5243741497397423,0.44336636643856764,0.989740526303649,0.7006725398823619
153600,0.029257278860313818,0.021633539407048374,3.0769907757639885,0.38219965901225805,0.020803441730095074,0.008242704905569553,2.738191358745098,0.566930559463799,0.8233070159330964,0.6951917372643948
154624,0.020765364170074463,0.04111653711879626,3.1199931651353836,0.381347494199872,0.018462952750269324,0.016178840945940465,2.753407396376133,0.5849359342828393,0.876692590303719,0.8114840416237712
155648,0.016678757674526423,0.02479961677454412,2.931132487952709,0.3228369979187846,0.027938874234678224,0.010720446516643278,2.7298118248581886,0.7262062458321452,0.8482029587030411,0.807123732753098
156672,0.013159554961021058,0.02451866533374414,3.063491925597191,0.3379501551389694,0.056862130702938884,0.011905252918950282,2.7401486709713936,0.6922675129026175,0.8682965729385614,0.9326373264193535
157696,0.015098003146704286,0.01876401060144417,2.871671013534069,0.28827247861772776,0.026035185670480132,0.010481284989509732,2.6367835998535156,0.6703994516283274,1.0224808361381292,0.6960850050672889
158720,0.021069483409519307,0.021246944728773087,2.9802974611520767,0.34289189614355564,0.06262037222040817,0.0133292940154206,2.9582126438617706,0.7984908875077963,0.909444603137672,0.8389904163777828
159744,0.014038992900168523,0.024933815526310354,3.0561665445566177,0.3503836765885353,0.05270807823399082,0.010755614333902486,2.3812037110328674,0.5708108050748706,0.8385631795972586,0.7621340174227953
160768,0.02232566013117321,0.02148899922030978,2.706023059785366,0.3260353924706578,0.04178426199359819,0.01159627157903742,2.7355008125305176,0.7543499264866114,0.83464565128088,0.9384415931999683
161792,0.019221436043153517,0.025225760822650045,2.6451282277703285,0.2788032116368413,0.01923398149665445,0.008683530875714496,2.751281812787056,0.7571437563747168,1.1221519354730844,0.6369768604636192
162816,0.012721323466394097,0.026830838643945754,3.1186698749661446,0.3356021335348487,0.0627703677455429,0.010048555574030615,2.4853895008563995,0.5538496850058436,0.91520940605551,0.8575154822319746
163840,0.027031885561882518,0.02181335975183174,3.066458486020565,0.3794965473935008,0.035833012210787274,0.00903907862084452,2.5854379944503307,0.5490942019969225,0.8173819547519088,0.6629534149542451
164864,0.023835844192944933,0.023890285519883037,2.9648425206542015,0.360778383910656,0.03265684990037698,0.01123415534675587,2.6809399276971817,0.5627288753166795,0.820844653993845,0.7885313825681806
165888,0.015124492405448109,0.020672179642133415,3.0485761761665344,0.34121963661164045,0.04558794913464226,0.007637847360456362,2.679046742618084,0.6221267189830542,0.7850292408838868,0.6102485181763768
166912,0.021905497735133395,0.024453811114653945,3.084264360368252,0.3811864322051406,0.02203522337367758,0.010139955105842091,2.575980804860592,0.5386602850630879,0.9705970268696547,0.7027769163250923
167936,0.02013661409728229,0.012693714874330908,2.5526815205812454,0.33255926240235567,0.03285828564548865,0.009427164972294122,2.776257060468197,0.5960849700495601,0.7731088595464826,0.876089433208108
168960,0.010695694567402825,0.022870777756907046,2.992403954267502,0.38190126419067383,0.015342244441853836,0.010552459629252553,2.3874377086758614,0.5151264779269695,0.7106930026784539,0.6236287830397487
169984,0.015477381835808046,0.029744690924417228,2.8849588111042976,0.2651075809262693,0.08803558282670565,0.017853073513833806,2.7885508984327316,0.71327602583915,0.8853084929287434,0.8500398881733418
171008,0.01497439606464468,0.020480887033045292,2.7350374162197113,0.29276254307478666,0.0720252467726823,0.0061455700124497525,3.3816181272268295,0.7460947707295418,1.0355966435745358,0.8084028176963329
172032,0.01825718960026279,0.023654470860492438,3.089906506240368,0.3138186549767852,0.03435402311151847,0.00916610266722273,2.379818841814995,0.45279601216316223,0.9091274552047253,0.718312899582088
173056,0.019368258625036106,0.022411065612686798,3.2332955971360207,0.4414544878527522,0.05389637342886999,0.009341716446215287,2.7042370066046715,0.6381615623831749,0.7201023064553738,0.7471818290650845
174080,0.03620055910141673,0.024136731517501175,3.245082952082157,0.4562979945912957,0.036829300835961476,0.009360967073007487,3.0427650958299637,0.6893434822559357,0.8112727394327521,0.7338544083759189
175104,0.01806004274840234,0.021274751925375313,2.918234944343567,0.291089597158134,0.031394135585287586,0.009304351915488951,2.5349977910518646,0.5236858613789082,0.9142776587978005,0.6390825947746634
176128,0.016322944895364344,0.013966353464638814,2.9323877543210983,0.29961036145687103,0.03643470341921784,0.007678567242692225,2.7242261096835136,0.6470496729016304,0.8025816418230534,0.631882349960506
177152,0.008856597138219513,0.020547469262965024,3.1499489098787308,0.41259999573230743,0.03183459653519094,0.009890655579511076,2.4944019988179207,0.6091028191149235,0.6372450357303023,0.6339609688147902
178176,0.00033340894151479006,0.017094152077334,2.8267571553587914,0.25850163493305445,0.04351697233505547,0.013038367993431166,2.659351482987404,0.6001436756923795,0.7117612641304731,0.7858114456757903
179200,0.017468279373133555,0.021972123853629455,2.8462099209427834,0.35186886321753263,0.03198585494828876,0.010696587094571441,2.57358268648386,0.5579451816156507,0.7659702217206359,0.6837638337165117
180224,0.013082678080536425,0.015839991945540532,2.969037286937237,0.3434638939797878,0.026243176689604297,0.008911609969800338,2.439542729407549,0.6024395292624831,0.9341422999277711,0.6504371836781502
181248,0.01835563950589858,0.014489653054624796,2.8508872240781784,0.3050328232347965,0.06613618292612955,0.0063671198731753975,3.3073552027344704,0.9982814565300941,0.8012122772634029,0.6209087297320366
182272,0.01688372198259458,0.020853943860856816,3.073221892118454,0.3909643031656742,0.055393846705555916,0.01091198252106551,2.6359057128429413,0.6505778785794973,0.8701822943985462,0.7320057693868876
183296,0.03148081447579898,0.023474307265132666,3.169132299721241,0.4210458295419812,0.03167504695011303,0.008235901928856038,2.753472648561001,0.6164836473762989,0.8783529177308083,0.7398346746340394
184320,0.02386017527896911,0.02311204740544781,3.096965380012989,0.3753623701632023,0.04924093669978902,0.014454678748734295,2.421256110072136,0.4283979656174779,0.7311044298112392,0.7712541278451681
185344,0.02370883704861626,0.013152049272321165,3.098485976457596,0.37532292399555445,0.026609555614413694,0.0063225608464563265,2.923625260591507,0.6275336463004351,0.7652413435280323,0.5676345960237086
186368,0.015580285209580325,0.027728375513106585,3.0045735836029053,0.32356032729148865,0.04816198527987581,0.017184190161060542,3.016475096344948,0.7174182320013642,0.749606704339385,0.8176098577678204
187392,0.015370037683169357,0.02082841139053926,3.060629092156887,0.3154782550409436,0.05837567846174352,0.007466402879799716,2.5860414505004883,0.6311517516151071,0.867830304428935,0.7354375496506691
188416,0.00985294344718568,0.0171245637757238,3.082666739821434,0.504572263918817,0.06297884084051475,0.0074757411784958094,2.8803600817918777,0.6234907060861588,0.6198488315567374,0.6233235904946923
189440,0.01381787093123421,0.01850265107350424,2.8997421115636826,0.3249113569036126,0.029676616861252114,0.011535806625033729,2.651137627661228,0.5417272234335542,0.8016327694058418,0.7799221575260162
190464,0.03219237268785946,0.013210010656621307,2.9449291676282883,0.35296985134482384,0.016025744494982064,0.005568725566263311,2.636851318180561,0.55014902446419,0.754579434171319,0.6693839821964502
191488,0.010504392004804686,0.022842792503070086,3.198022559285164,0.417463019490242,0.049290664901491255,0.01304866440477781,3.1291628181934357,0.7627243045717478,0.6975895958021283,0.8219631649553776
192512,0.015241516870446503,0.019609365903306752,3.3023192286491394,0.4391148267313838,0.062275784788653255,0.011836465055239387,2.9032322391867638,0.6816917546093464,0.9332839585840702,0.7520344499498606
193536,0.021113979470101185,0.011702546966262162,3.25849249958992,0.44154483918100595,0.027427940047346056,0.007804645239957608,2.6925821602344513,0.546407182700932,0.7640951834619045,0.7305433666333556
194560,0.02511013945331797,0.02025694149779156,3.1039706245064735,0.3403778914362192,0.057626298104878515,0.010371866170316935,2.6650020107626915,0.5787479085847735,0.7539905933663249,0.7102085473015904
195584,0.015419896168168634,0.01759751612553373,3.0434721931815147,0.40685583371669054,0.05660104419803247,0.011624645107076503,2.8158908411860466,0.5825883187353611,0.7031854894012213,0.6411102721467614
196608,0.00793816294753924,0.021747468825196847,3.053238019347191,0.3026669565588236,0.03548358750413172,0.011475731138489209,2.262896493077278,0.4251611474901438,1.150001086294651,0.6881290823221207
197632,0.010838721180334687,0.015561889798846096,2.935250587761402,0.32614480424672365,0.0303778439265443,0.010625572889694013,2.2974624037742615,0.37233186699450016,0.9120968412607908,0.7456431854516268
198656,0.03466288995696232,0.01895180728752166,3.2826532647013664,0.4395040115341544,0.03151884159888141,0.012370614058454521,2.425460360944271,0.41183226089924574,0.8346570823341608,0.7933128420263529
199680,0.03945747706166003,0.01709773176116869,3.201241619884968,0.47084739059209824,0.025367389753228053,0.0051530348137021065,2.665866009891033,0.5487414989620447,0.7196484468877316,0.5559966517612338
200704,0.00960377769661136,0.02421766601037234,3.095740333199501,0.3619372909888625,0.04476491580135189,0.009147231205133721,2.539619728922844,0.5880078095942736,0.8083482291549444,0.6571726026013494
201728,0.026755021593999118,0.02266411919845268,3.1546052247285843,0.3941209726035595,0.021644190419465303,0.014041179485502653,2.819761961698532,0.7347073536366224,0.8993187183514237,0.6102970745414495
202752,0.020512830727966502,0.02775396639481187,3.112373970448971,0.3531365590170026,0.05789296928560361,0.01089764763310086,2.474403277039528,0.6203065766021609,0.993890542536974,0.6311788884922862
203776,0.021312173805199564,0.04342256806557998,3.005391888320446,0.3621851056814194,0.0568076204508543,0.020704256428871304,2.8140164464712143,0.7777341939508915,0.8675009487196803,0.6770287994295359
204800,0.02258439949946478,0.03739882574882358,3.2347060069441795,0.481265208683908,0.03412155530531891,0.01438071120355744,2.545315019786358,0.5730528915300965,1.0198047487065196,0.6937751397490501
205824,0.025685974425869063,0.016449190123239532,3.1603510677814484,0.4093410996720195,0.02081024434301071,0.007180377840995789,2.3067036904394627,0.48693900648504496,0.6894624065607786,0.6582572115585208
206848,0.0164500713290181,0.017741520918207243,2.7713225036859512,0.32419450022280216,0.030175500200130045,0.006188773077155929,2.6836620420217514,0.654789412394166,1.0274303760379553,0.6014166725799441
207872,0.026247924542985857,0.01578792472719215,3.0471909642219543,0.3761404762044549,0.05034984176745638,0.007621141834533773,2.6711046248674393,0.5757802594453096,0.7853737194091082,0.6652676789090037
208896,0.01953921845415607,0.01508348056813702,2.990624688565731,0.33767537865787745,0.04464475030545145,0.006120715930592269,2.7784217596054077,0.6880808807909489,0.7851743614301085,0.5062768971547484
209920,0.02864600528846495,0.023542429320514202,2.8477198630571365,0.3490570345893502,0.04946799826575443,0.00941607664572075,2.59106582403183,0.5879670456051826,0.9568705707788467,0.6079812217503786
210944,0.02280784011236392,0.02489444985985756,3.2900436148047447,0.4195917518809438,0.037129607633687556,0.008938003826187924,2.8923885226249695,0.701557457447052,0.9165558982640505,0.6447514602914453
211968,0.03312412864761427,0.017598071281099692,3.0494499430060387,0.3550216229632497,0.03881759839714505,0.009304864404839464,2.6453918665647507,0.5811936538666487,0.9130117110908031,0.6644509034231305
212992,0.01787471647548955,0.019307504611788318,3.0058966279029846,0.300943405367434,0.03145030135056004,0.007231896306620911,2.6989015713334084,0.6083951340988278,0.8811688385903835,0.6535289930179715
214016,0.014871717256028205,0.014680101710837334,2.814193308353424,0.34348432812839746,0.043814352713525295,0.011992165120318532,2.9596173092722893,0.6337096132338047,0.8178538186475635,0.8437793087214231
215040,0.020559128024615347,0.022722105059074238,3.0098646357655525,0.3520521940663457,0.05313596414634958,0.013681775570148602,2.586199827492237,0.5579524291679263,1.0237752050161362,0.847871558740735
216064,0.015713625369244255,0.013512602192349732,2.9539471492171288,0.2799154743552208,0.038898993749171495,0.010514568275539204,2.801188640296459,0.6921304631978273,0.8423288147896528,0.5142339831218123
217088,0.013234114638180472,0.021484513039467856,3.1581726372241974,0.38520532194525003,0.03349232560140081,0.00881071800540667,2.68578814715147,0.607203571125865,0.7676212210208178,0.6004748083651066
218112,0.013393356653978117,0.02329072548309341,3.086200639605522,0.2934123193845153,0.04732608649646863,0.008463882739306428,2.669002026319504,0.5611912924796343,1.03755609318614,0.7393902540206909
219136,0.021214185835560784,0.019077552802627906,3.087048217654228,0.35393981728702784,0.01208305437467061,0.009201920896884985,2.8563121557235718,0.7548894453793764,0.9101442620158195,0.6943839620798826
220160,0.021092242241138592,0.01524258148856461,3.2129918187856674,0.3962604543194175,0.023616410384420305,0.007904449288616888,2.8306952118873596,0.6512536220252514,0.9603177905082703,0.7782209310680628
221184,0.014687715782201849,0.029065775452181697,2.9971796050667763,0.2947477390989661,0.04297260334715247,0.01220543443923816,2.5802548676729202,0.6531845740973949,1.304251128807664,0.7034382317215204
222208,0.021386513632023707,0.021679994388250634,2.76623198390007,0.34233889915049076,0.06290497721056454,0.00981981959193945,2.5360085144639015,0.5206806007772684,0.8538090223446488,0.8646664582192898
223232,0.027185830535017885,0.021380244113970548,3.0693187043070793,0.43926811404526234,0.05228213273221627,0.008306330710183829,3.109994538128376,0.7463299687951803,0.864519159309566,0.7546710185706615
224256,0.022027244500350207,0.018726736248936504,2.978101134300232,0.2979794228449464,0.023781092735589482,0.008065550253377296,2.244863223284483,0.3984876498579979,1.0011702608317137,0.6806362196803093
225280,0.018004571669735014,0.02172923256875947,3.0208078175783157,0.3391312537714839,0.043844889383763075,0.01183648846927099,2.656594842672348,0.5804810682311654,0.9576104413717985,0.75912756472826
226304,0.02773719292599708,0.023522423580288887,3.0409457981586456,0.34947006590664387,0.05457222112454474,0.006553311584866606,2.67420244961977,0.6049403147771955,1.207054242491722,0.642664615996182
227328,0.011641829871223308,0.015381196222733706,2.801319234073162,0.30678827688097954,0.03177435981342569,0.008721136400708929,2.5199632421135902,0.5230826968327165,0.744998618029058,0.48698536958545446
228352,0.01735922391526401,0.017933372844709083,2.8430629819631577,0.36160737182945013,0.04456468953867443,0.014770087000215426,2.9406665340065956,0.6688716216012836,0.7706591505557299,0.6683493535965681
229376,0.0150835920649115,0.02283648052252829,2.974199555814266,0.3180383462458849,0.041591176588553935,0.012437893456080928,2.536554243415594,0.5306594651192427,0.9683115296065807,0.7395715452730656
230400,0.0115148980403319,0.01951287913834676,3.1768276691436768,0.33553252927958965,0.03918216624879278,0.008827721874695271,2.603587158024311,0.5541301155462861,1.1467827651649714,0.6238632882013917
231424,0.009775378508493304,0.024108360201353207,2.973305821418762,0.43312523141503334,0.037414205915411,0.009636664937715977,2.5004448741674423,0.40964158345013857,0.8875405518338084,0.640935362316668
232448,0.03407472503022291,0.015810324024641886,3.41432523727417,0.6081203129142523,0.03856030138558708,0.00785922917566495,3.1702811270952225,0.82085988111794,0.914648961275816,0.6711405366659164
233472,0.022760972009564284,0.015220175933791324,2.888526201248169,0.30075232218950987,0.020503266423474997,0.005686090749804862,2.5285112112760544,0.4990447349846363,0.9055333072319627,0.6684344680979848
234496,0.022351683175656945,0.019763228192459792,2.79301068931818,0.30849593970924616,0.03596009861212224,0.007602854864671826,2.4849900156259537,0.4704882502555847,0.7597010480239987,0.5875737955793738
235520,0.014057662963750772,0.02029790249071084,3.087927035987377,0.3357848124578595,0.034626143431523815,0.011932390945730731,2.763484112918377,0.6503489287570119,0.887364212423563,0.7764117689803243
236544,0.010806120539200492,0.020649395388318226,2.9153163880109787,0.29304743371903896,0.011221756343729794,0.009315668256022036,2.8061517402529716,0.5981296161189675,0.9845966026186943,0.7184790447354317
237568,0.01867279369616881,0.02043766778660938,2.991176448762417,0.3035004697740078,0.045412594627123326,0.011446023432654329,2.8158938735723495,0.6072114417329431,0.9134464021772146,0.8567860582843423
238592,0.013240894841146655,0.017454460496082902,2.9510278403759003,0.2640906171873212,0.023930549214128405,0.010999029371305369,2.695660777390003,0.7009313963353634,0.8966223429888487,0.7898437408730388
239616,0.015636659358278848,0.019187369849532843,3.1787381395697594,0.31425616797059774,0.058551608002744615,0.0097761031211121,3.081361398100853,0.8657519798725843,0.9105366487056017,0.7429932989180088
240640,0.018754944059764966,0.017709466948872432,3.121586874127388,0.3265461837872863,0.08467550459317863,0.006801945863116998,3.2882686853408813,1.119228783994913,0.9319412931799889,0.5887544387951493
241664,0.011726724056643434,0.012701169413048774,2.8501279205083847,0.29307072795927525,0.044242719595786184,0.0064672213193262,2.574979066848755,0.6707326006144285,0.9542536530643702,0.7014601826667786
242688,0.010081784042995423,0.015066174819367006,3.0959420278668404,0.29634021781384945,0.045857383869588375,0.007865119579946622,2.33922628313303,0.46867014933377504,0.7828295053914189,0.7272008070722222
243712,0.011784599089878611,0.011278883757768199,2.7843097895383835,0.3310402659699321,0.04070892505114898,0.0058671577426139265,2.722462758421898,0.5779183804988861,0.7797739710658789,0.6704523377120495
244736,0.011750475998269394,0.011507116054417565,3.022012695670128,0.305385896936059,0.027771820314228535,0.007396868495561648,2.9645660296082497,0.7495058085769415,0.8850052999332547,0.7214867817237973
245760,0.013892666902393103,0.02996858354890719,3.162429891526699,0.3248931774869561,0.08562058926327154,0.020485204266151413,3.318061023950577,0.8289812635630369,1.0177702214568853,0.8178748190402985
246784,0.02138645082595758,0.01353732097777538,3.0246517956256866,0.3187168063595891,0.056718970416113734,0.012183433631435037,2.82591762393713,0.5924191446974874,0.8512017261236906,0.8000362841412425
247808,0.01950029536965303,0.013654050067998469,3.118561901152134,0.38258726242929697,0.03457998934027273,0.009554467280395329,2.6234633177518845,0.5165484258905053,0.7387862214818597,0.6742996359243989
248832,0.021768730293842964,0.014236265793442726,3.024704471230507,0.31344056501984596,0.020815099182073027,0.009034260554471985,2.6435731425881386,0.5574753470718861,1.1456601787358522,0.7928706062957644
249856,0.03007525682915002,0.007624984151334502,3.4171730875968933,0.8269898295402527,0.057689301262144,0.005291247907734942,3.1867109276354313,1.1303960215300322,0.7786848116666079,1.0687616467475891
250880,0.01606289185292553,0.010490974571439438,3.0946293473243713,0.41075350996106863,0.03879175442853011,0.005695107931387611,2.8757451996207237,0.8015958201140165,0.8060912666842341,0.7432904997840524
251904,0.008713312869076617,0.02493871215847321,3.023864336311817,0.29049569834023714,0.049192264123121276,0.014898817287757993,2.8526067957282066,0.7506285849958658,0.7894520647823811,0.9742277972400188
252928,0.019263122827396728,0.018165988090913743,3.1137695908546448,0.29784246999770403,0.06293175312748645,0.010014372077421285,3.0016187727451324,0.8764553163200617,0.8865664498880506,0.6788840368390083
253952,0.018391953490208834,0.016440742270788178,3.1325592547655106,0.38113719783723354,0.04972808150341734,0.00710000437538838,3.028924159705639,0.7485759481787682,0.916925298050046,0.7478532278910279
254976,0.014896435342961922,0.014840463845757768,3.102573350071907,0.3194907451979816,0.06179593881824985,0.008713372037163936,2.585693895816803,0.5410448275506496,0.8450708007439971,0.856327049434185
256000,0.011409240672946908,0.01669539211434312,3.0989993512630463,0.35493568889796734,0.023698647448327392,0.009085250276257284,2.7903870567679405,0.6437165895476937,0.8681358229368925,0.7589565319940448
257024,0.012308842575293966,0.022357870097039267,3.1925701797008514,0.37126856856048107,0.03050583862932399,0.006960171944228932,2.5962756499648094,0.573058026842773,0.7933914568275213,0.7251685364171863
258048,0.03261671695508994,0.024387121899053454,2.952847607433796,0.41154867969453335,0.03196707973256707,0.008830089514958672,2.7608335465192795,0.6324232947081327,0.8026497457176447,0.7137600993737578
259072,0.018455144396284595,0.021076348493807018,2.8193598836660385,0.32042386196553707,0.050442324369214475,0.009922769204422366,3.1085681319236755,0.8634719885885715,1.078919604420662,0.8557927347719669
260096,0.01542197703383863,0.02679556666407734,3.1149957925081253,0.3453892832621932,0.039129657146986574,0.009941701180650853,2.743608146905899,0.6232450166717172,1.0226072780787945,0.7433315655216575
261120,0.0163035980949644,0.019717168383067474,3.028396151959896,0.32314521726220846,0.026975151762599126,0.009579265475622378,2.4679462015628815,0.5734759736806154,0.7725640004500747,0.7702844953164458
262144,0.010855207234271802,0.02462918485980481,2.848925583064556,0.3002851800993085,0.03426807708456181,0.008468418069242034,2.2326942086219788,0.4559885859489441,0.9503293316811323,0.6876492807641625
263168,0.020981747598852962,0.01385171094443649,2.9757277965545654,0.353584049269557,0.03192637281608768,0.00617227541806642,2.079577438533306,0.4692898076027632,0.8380457386374474,0.6872100811451674
264192,0.022283053942373954,0.01819713445729576,3.0097511932253838,0.3524361699819565,0.03216864133719355,0.005085882621642668,2.193288516253233,0.3988730749115348,0.8030530326068401,0.7486793156713247
265216,0.01859228529065149,0.016272849577944726,2.9867351949214935,0.31905063055455685,0.032456643180921674,0.007958589703775942,2.569616202265024,0.5787015501409769,0.7858915170654655,0.6082369731739163
266240,0.02456968133628834,0.02365855689276941,3.3634892106056213,0.44738799054175615,0.0733270954224281,0.011365421596565284,2.9333308562636375,0.6912763770669699,0.8508898643776774,0.6519969562068582
267264,0.016157382415258326,0.019119868491543457,3.057657964527607,0.33143945038318634,0.03067438591097016,0.01143276016227901,2.7022442556917667,0.6200026655569673,0.862951316870749,0.8782795164734125
268288,0.013770592471701093,0.014553552697179839,3.1150922402739525,0.3385999100282788,0.04901232462725602,0.008702388789970428,2.689242258667946,0.6013041669502854,0.7044116063043475,0.6551167443394661
269312,0.030791684985160828,0.0169975035241805,3.034652553498745,0.3575613284483552,0.04444378941843752,0.011278784921159968,2.7516337409615517,0.6331160133704543,0.8005078947171569,0.8255696520209312
270336,0.01981922856066376,0.022904956713318825,3.0029040798544884,0.32286552153527737,0.04232000533374958,0.009350677297334187,2.9031506404280663,0.6508522760123014,1.1965195387601852,0.696892224252224
271360,0.010020298475865275,0.023061640036758035,3.151721440255642,0.3458620458841324,0.03099205787293613,0.009834502765443176,2.6241452619433403,0.5616904105991125,0.8350207107141614,0.7081279847770929
272384,0.01803925962303765,0.02311116107739508,3.088870607316494,0.3111229296773672,0.043344030040316284,0.015280174993677065,2.916137434542179,0.6943293120712042,0.8777086595073342,0.8209146140143275
273408,0.023757865332299843,0.02198453212622553,3.0005722045898438,0.32654595002532005,-0.0018965158960781991,0.011555005185073242,2.49839111790061,1.022053345106542,0.7199312299489975,0.6608996605500579
274432,0.013993419881444424,0.027705828193575144,2.8937053084373474,0.29272687528282404,0.03648727378458716,0.010164145453018136,3.181672416627407,1.0923583507537842,0.9780578408390284,0.7199365077540278
275456,0.00720325367001351,0.017711206019157544,3.003162167966366,0.30699886567890644,0.058444403053727,0.00862326736387331,2.9752688631415367,0.8709280919283628,0.9226876702159643,1.059664385393262
276480,0.013155538617866114,0.024750781478360295,3.019475869834423,0.35278319008648396,0.043738587672123685,0.01043605140876025,2.961262173950672,0.8794592507183552,0.8631427269428968,0.7993364073336124
277504,0.014119884130195715,0.017047979112248868,2.971655771136284,0.32730830181390047,0.08201692064176314,0.01153090049047023,2.9164894223213196,0.8946040458977222,0.8241654895246029,0.9163792794570327
278528,0.019780349801294506,0.03135060309432447,3.1175432428717613,0.35438871663063765,0.03693107276922092,0.014132981828879565,2.184108179062605,0.4869632115587592,0.7319166827946901,0.93596117105335
279552,0.0064456027175765485,0.02326900462503545,3.0735124200582504,0.31943997275084257,0.023505823861341923,0.012163699735538103,3.049574814736843,1.0215047560632229,0.79214056301862,0.8923203768208623
280576,0.028663612334639765,0.02105405044858344,2.7161645591259003,0.43000217201188207,0.06240611296379939,0.00945129373576492,2.701799415051937,0.9083677576854825,0.9852479621767998,0.9246547939255834
281600,0.02502750624262262,0.015874901553615928,2.9588754549622536,0.30900171026587486,0.058997887681471184,0.008580930123571306,3.159932032227516,1.0016080234199762,0.830700347200036,1.0066610388457775
282624,0.01818495077895932,0.015416825568536296,2.923069588840008,0.3316731723025441,0.07878430181881413,0.008518825197825208,2.8234303891658783,0.7319353669881821,0.743272609077394,1.1664729937911034
283648,0.014320039917947724,0.017673095542704687,3.235521599650383,0.4283963171765208,0.04040460390388034,0.00905580299149733,3.0281647220253944,0.7662367913872004,0.84584891051054,1.0119934864342213
284672,0.024318156705703586,0.02028452421654947,3.0993796437978745,0.2973118359223008,0.046696675271959975,0.0073494997777743265,3.2425025701522827,1.0275839995592833,1.1268334668129683,1.060352043248713
285696,0.022975771527853794,0.020334125409135595,3.3363430500030518,0.43545970134437084,0.035552643617847934,0.010524250348680653,3.2796398401260376,1.0230114869773388,1.1909787924960256,0.9491121489554644
286720,0.022346216544974595,0.01621813516248949,2.993399202823639,0.37307830061763525,0.022641667223069817,0.00964903034036979,2.629316732287407,0.7930786702781916,0.8374039465561509,0.821662588045001
287744,0.013890479691326618,0.017953494330868125,3.0883665829896927,0.32473884243518114,0.05599446393898688,0.00906393192417454,2.8120443299412727,0.771918972954154,1.122695242986083,1.042351834475994
288768,0.02144010084157344,0.015730626444565132,2.9150866717100143,0.29048440512269735,0.018684588256292045,0.007001127683906816,2.3913257531821728,0.5101829683408141,1.0588655285537243,0.8041008394211531
289792,0.014855994959361851,0.01186027267249301,2.958320401608944,0.31466907914727926,0.0014667600044049323,0.005571784524363466,2.2407621890306473,0.6049562077969313,0.9528890885412693,0.5822084452956915
290816,0.012376308382954448,0.02004969961126335,3.067734770476818,0.3081520488485694,0.036750368715729564,0.010386646536062472,2.0869912058115005,0.4853174388408661,0.9161425195634365,0.808958699926734
291840,0.011611559813900385,0.017243097856407985,3.074656292796135,0.3152856146916747,0.04101542243734002,0.0075637899863068014,2.3810674250125885,0.5051888423040509,0.6927075330168009,0.8362905057147145
292864,0.007649562685401179,0.011561492952750996,3.1800081059336662,0.3326194044202566,0.03534863312961534,0.005876229115528986,3.1152642220258713,0.8673272524029016,0.799225339666009,0.8760999981313944
293888,0.014283371972851455,0.01678990593063645,3.066062815487385,0.32335794623941183,0.035224823717726395,0.007623537312611006,2.616374708712101,0.6164451437070966,0.8371620886027813,0.880916016176343
294912,0.01975788056734018,0.014471493079327047,2.9830036759376526,0.31366424914449453,0.030122438329271972,0.006453048285038676,2.2202280312776566,0.42661051731556654,0.8946064095944166,0.866604627110064
295936,0.013796783721772954,0.01439246308291331,2.9011619463562965,0.3033773424103856,0.051449686638079584,0.0057222011528210714,2.7941279634833336,0.6961174793541431,0.9026579624041915,0.7495262138545513
296960,0.019318433463922702,0.009511635144008324,3.0801450610160828,0.3794633559882641,0.043483806133735925,0.008308056938403752,2.8189807161688805,0.6359715051949024,0.8225826947018504,0.9142940463498235
297984,0.023384494095807895,0.0130532905459404,2.9350094571709633,0.32802468072623014,0.030998842499684542,0.006411950795154553,2.347209893167019,0.41901768930256367,0.9634752543643117,0.8110858742147684
299008,0.016825229817186482,0.01628040854120627,3.1508814841508865,0.36667595338076353,0.048688013455830514,0.012049880955601111,3.0051381662487984,0.7508112397044897,0.7866901513189077,0.8745968621224165
300032,0.017564728841534816,0.019365286862012,2.8701013177633286,0.3019716776907444,0.04374558146810159,0.010356035360018723,2.952361635863781,0.6582160787656903,0.7247450472787023,0.7274382784962654
301056,0.010992882351274602,0.015558239028905518,2.8558207005262375,0.3075586259365082,0.018617488763993606,0.005587501495028846,2.979360781610012,0.6424917448312044,1.0407660892233253,0.824643837288022
302080,0.008316607942106202,0.013034902600338683,2.902069002389908,0.31917385663837194,-0.0012785708531737328,0.008299913635710254,2.450358606874943,0.700529370456934,0.8586558438837528,0.6170695787295699
303104,0.009697429086372722,0.016728703369153664,2.965437114238739,0.27918330300599337,0.04967280587879941,0.010499917640117928,3.142244391143322,0.8430192656815052,0.9452832192182541,0.8329674415290356
304128,0.026410414808196947,0.015362551668658853,3.083628758788109,0.3879993315786123,0.041080754017457366,0.017169046070193872,2.485732674598694,0.5937809152528644,0.9710548259317875,0.9311700966209173
305152,0.012643088266486302,0.01072501830640249,3.0218390449881554,0.32100529689341784,0.017510342237073928,0.007206118658359628,3.192154675722122,0.9421183876693249,0.6449440680444241,0.6517923660576344
306176,0.02298996181343682,0.023675206175539643,2.9051893651485443,0.3312030555680394,0.04254412205773406,0.011856610915856436,2.1670078933238983,0.46733546629548073,0.7686947956681252,0.7794933598488569
307200,0.013291064897202887,0.013299028942128643,2.8089771792292595,0.27833853382617235,0.06490264041349292,0.012986253059352748,2.968043714761734,0.6563106682151556,0.7518115164712071,0.8151008356362581
308224,0.01299253775505349,0.012908213189803064,2.811023995280266,0.2965942770242691,0.04187030563480221,0.010566805794951506,2.724090412259102,0.5868357792496681,0.6771379113197327,0.7073510307818651
309248,0.020690127988927998,0.02135314332554117,3.105758212506771,0.3220620397478342,0.01688258006470278,0.01298182038590312,2.68643432110548,0.5780784273520112,0.7695719338953495,0.9300492815673351
310272,0.01610421753139235,0.019581445085350424,3.0097193345427513,0.29989687353372574,0.02614444709615782,0.006643813299888279,2.076001062989235,0.44478706177324057,1.0232291873544455,0.8252670550718904
311296,0.005074627915746532,0.018156178441131487,2.84198659658432,0.2676963182166219,0.029556467896327376,0.0108124113176018,2.4769257456064224,0.643697059713304,0.8383600320667028,0.6943520065397024
312320,0.014436574827414006,0.015856297075515613,3.134987622499466,0.3872391488403082,0.052069321798626333,0.014480504672974348,3.3094852790236473,0.978196382522583,0.6749276984483004,0.975869326852262
313344,0.014554541718098335,0.023140779609093443,2.973227560520172,0.3571737837046385,0.06202185555594042,0.016526576364412904,2.9983747750520706,0.7257373705506325,0.7146999230608344,1.1075209509581327
314368,0.018343741889111698,0.020700260589364916,2.883433051407337,0.3618693994358182,0.03615076481946744,0.008946430403739214,2.6972725465893745,0.682623153552413,0.8623415362089872,0.9060559226199985
315392,0.021770901861600578,0.02221255615586415,3.0789220556616783,0.34695609752088785,0.027767393592512235,0.009524791428702883,2.31404272839427,0.5681814318522811,0.7554656388238072,0.8085486376658082
316416,0.01295676635345444,0.030318059609271586,3.1243117675185204,0.384767503477633,0.05218288901960477,0.01418775001366157,3.1974053233861923,0.9036456793546677,0.7540636090561748,0.800174418836832
317440,0.023298181302379817,0.01602134754648432,2.9028561115264893,0.3420583186671138,0.06810379182570614,0.01372243999503553,3.1155040711164474,0.8740614727139473,0.7772752270102501,0.9101191889494658
318464,0.01365824934327975,0.01343756724963896,2.8336085975170135,0.2680003009736538,0.06551266714814119,0.010154095289180987,2.481863811612129,0.5276914173737168,0.781933699734509,1.0080553339794278
319488,-0.0024695159954717383,0.01706797003862448,2.684492379426956,0.24548004195094109,0.04547635591006838,0.008288589247968048,2.5860448479652405,0.5134667539969087,0.8595555936917663,0.8367402264848351
320512,0.0040469885570928454,0.01734191828290932,2.8666586726903915,0.2964316299185157,-0.002026522997766733,0.004544154682662338,2.7452133893966675,0.7685061953961849,0.8360726023092866,0.8318097218871117
321536,0.011736117812688462,0.012318646578933112,3.2309157699346542,0.3967219884507358,0.030014790128916502,0.004470036175916903,2.496553920209408,0.5787673406302929,0.8952630860731006,0.8703371239826083
322560,0.02716319728642702,0.016342325980076566,2.980311669409275,0.3917996706441045,0.06563693610951304,0.006319944943243172,3.221020996570587,0.8417071290314198,0.6050994601100683,1.0579973924905062
323584,0.03415213008702267,0.018382875830866396,3.217498317360878,0.4230063343420625,0.05400173694943078,0.00836387874733191,2.9679696932435036,0.7754585407674313,0.6827159281820059,0.9886174499988556
324608,0.015117977614863776,0.017207651195349172,3.146076552569866,0.37695910409092903,0.0384020448254887,0.011154987281770445,3.112582676112652,1.0369541496038437,0.8108200132846832,0.8444854067638516
325632,0.005016613198677078,0.01694918260909617,3.1726335510611534,0.37591239158064127,0.03404565530945547,0.010032954509370029,2.7272967398166656,0.7412246521562338,0.8995946077629924,1.0186363440006971
326656,0.021615625839331187,0.02681089419638738,3.0168367698788643,0.35472637321799994,0.04560979304369539,0.010124770647962578,2.369513500481844,0.5189981162548065,0.9797683795914054,0.8938924018293619
327680,0.01194720109924674,0.02934845333220437,3.0066090300679207,0.3297505769878626,0.02650595086743124,0.009382104413816705,2.8163744434714317,0.7013803403824568,0.8596513709053397,0.9229227062314749
328704,0.02351398891187273,0.019729836902115494,2.902587078511715,0.3116107229143381,0.06375867364113219,0.012190642155474052,2.9442763328552246,0.7192657627165318,0.9318081568926573,0.9338514823466539
329728,0.01652037227177061,0.013914736540755257,2.8594541177153587,0.3055401467718184,0.05867450698860921,0.010453655137098394,3.023855075240135,0.8103015441447496,0.8228505859151483,0.9214784540235996
330752,0.00850965922290925,0.023930104507599026,3.078911915421486,0.277893990278244,0.0532453978958074,0.01139631902333349,3.0207433626055717,0.8771719709038734,1.1090000551193953,0.9870905615389347
331776,0.018855717658880167,0.012597148393979296,3.028578981757164,0.3036805232986808,0.08517446834594011,0.006009843389620073,2.5456600412726402,0.7507629245519638,0.8138704653829336,1.1948776543140411
332800,0.008572423917939886,0.01714633672963828,3.006669081747532,0.2913581784814596,0.04639371793018654,0.00834766034677159,3.2290187925100327,1.024508560076356,1.0448844265192747,1.2001683078706264
333824,0.015596973855281249,0.012267468191566877,3.1343811824917793,0.3152587851509452,0.053216329659335315,0.009764026355696842,2.874559186398983,0.7001765053719282,0.8449135618284345,1.1854599732905626
334848,0.008254740765551105,0.011086122744018212,2.9993221685290337,0.3336213082075119,0.054817235009977594,0.007891055116488133,2.3177285976707935,0.4804166443645954,0.7721379678696394,1.1227342542260885
335872,0.023535339656518772,0.013010810827836394,3.2632763981819153,0.37227937299758196,0.023361105209914967,0.008082878732238896,2.822455011308193,0.70167519710958,1.029391247779131,0.9073237972334027
336896,0.02048213529633358,0.012802517376258038,3.0554991886019707,0.343418687582016,0.042684949352405965,0.008422880797297694,2.8037773445248604,0.6654636114835739,0.6716839578002691,1.1245626118034124
337920,0.021548511809669435,0.012274851556867361,3.0046541020274162,0.34689283464103937,0.060927583908778615,0.008879923829226755,2.861576795578003,0.6722038574516773,0.7283473527058959,0.9431548221036792
338944,0.023167754523456097,0.01822424735291861,2.949090115725994,0.2779267719015479,0.014971953118219972,0.005280660006974358,2.295017085969448,0.46470301505178213,1.0557349473237991,0.9417963093146682
339968,0.005327417951775715,0.01851757595431991,2.898846313357353,0.27493845392018557,0.003039285948034376,0.008361599946510978,2.670347537845373,0.7101302118971944,0.8825862277299166,0.6994582917541265
340992,0.011234015371883288,0.009201003776979633,2.962304510176182,0.30235604476183653,0.09951749519677833,0.007175972095865291,3.4104818776249886,1.098380507901311,0.7266375441104174,0.8845865791663527
342016,0.005585068283835426,0.017461422452470288,3.0930394008755684,0.3075251216068864,0.040305390692083165,0.00859242356091272,2.208118002861738,0.4856315264478326,0.8311822926625609,0.9950360227376223
343040,0.019622358959168196,0.015466982498764992,2.823719784617424,0.31297854147851467,0.02123634167946875,0.011645775710348971,2.878654770553112,0.9591422583907843,0.6792557444423437,1.025861601345241
344064,0.015905294625554234,0.01479772967286408,2.986960679292679,0.3326211031526327,0.03445836610626429,0.010613357779220678,3.0431586280465126,0.8505085483193398,0.7055432498455048,0.8374059535562992
345088,0.014508960783132352,0.01580308109987527,3.129579372704029,0.3990100547671318,0.06898029320291243,0.007082140349666588,2.7836985662579536,0.7429962996393442,0.7021663263440132,1.0890172440558672
346112,0.009436028602067381,0.009972232874133624,3.008374184370041,0.29704395215958357,0.03704966031364165,0.007990634738234803,2.9888043627142906,0.8695218954235315,0.8144747884944081,0.9030968574807048
347136,0.01250917071592994,0.010519933988689445,3.0397114753723145,0.28510813135653734,0.05066906099091284,0.006539805974171031,3.086193986237049,0.8824223428964615,1.0116397254168987,0.93457842618227
348160,0.01699905148416292,0.011637657691608183,2.9918409511446953,0.32994319684803486,0.12108348414767534,0.008455201066681184,3.1217456609010696,1.0141558032482862,0.9010101072490215,1.0054483357816935
349184,0.013501588968210854,0.012008375866571441,2.89273464679718,0.2907957397401333,0.04442200006451458,0.0072081554972101,2.7751521468162537,0.6249339785426855,0.9579720664769411,0.9859563829377294
350208,0.011691891573718749,0.014393816876690835,3.0908323377370834,0.3299798406660557,0.05336552916560322,0.006716119562042877,3.036683604121208,0.8809278402477503,0.7027575625106692,1.032529540359974
351232,0.0020233746618032455,0.01489688063156791,3.0216270312666893,0.3417684780433774,0.03981664570164867,0.00963358707667794,3.709811009466648,1.1850752234458923,0.8091700477525592,0.7782302275300026
352256,0.01891724340384826,0.016020267677959055,2.941034257411957,0.33364549092948437,0.035719437029911205,0.010658416751539335,3.73761223256588,1.3041235841810703,0.9611416198313236,0.7458409518003464
353280,0.007409439611365087,0.01033965042734053,3.2186915948987007,0.3263534978032112,0.07294143392937258,0.010129305577720515,2.7781823873519897,0.8023759592324495,0.7595465527847409,1.0968678817152977
354304,0.008555591499316506,0.007089208127581514,3.292769283056259,0.3532943408936262,0.05298323172610253,0.00592008484818507,2.575773097574711,0.6645974041894078,0.7503684340044856,0.9176282417029142
355328,0.024368150596274063,0.01202354283304885,3.2139225006103516,0.35955571476370096,0.02449142307159491,0.007474608355551027,3.132581979036331,0.9722266625612974,0.8476785663515329,0.8870468251407146
356352,0.01514574617613107,0.019214090541936457,2.9704637601971626,0.3105393024161458,0.059135631658136845,0.012238787079695612,2.900424011051655,0.8120082281529903,0.9629220217466354,0.8779172915965319
357376,0.01256646731053479,0.011625594619545154,2.9503990560770035,0.3223038986325264,0.045464165217708796,0.011275153374299407,3.0343164429068565,0.8620964204892516,0.808743960224092,1.0151261342689395
358400,0.022116856038337573,0.013517177198082209,3.112026408314705,0.3066831538453698,0.027259419701294973,0.007821840983524453,2.6159628108143806,0.6351351402699947,0.9594623576849699,0.8107440546154976
359424,0.004442304314579815,0.008700300328200683,3.007947623729706,0.30404410138726234,0.08288357470883057,0.008805838850094005,3.2392318472266197,0.8650419563055038,0.7445434359833598,0.8678532680496573
360448,0.008633321500383317,0.013344130653422326,3.302257850766182,0.3722132062539458,0.060055119334720075,0.006361841180478223,3.057382881641388,0.8585422765463591,0.8443253850564361,0.6983511177822948
361472,0.023404844978358597,0.02101407101145014,2.995311625301838,0.35342966206371784,0.030055546842049807,0.006105800930527039,2.812791772186756,0.7327212002128363,0.9489757586270571,0.6010766150429845
362496,0.028429646597942337,0.013927298306953162,2.806759290397167,0.3170187221840024,0.08629322715569288,0.008402718201978132,3.434772551059723,1.0896450132131577,0.896070565097034,0.8053875444456935
363520,0.01909734086075332,0.018516585900215432,3.0044354870915413,0.32788987737149,0.03383575542829931,0.009543263440718874,2.910771317780018,0.8143224604427814,0.8783647939562798,0.9128399239853024
364544,0.01269137296185363,0.010250091363559477,3.0534273609519005,0.334086106158793,0.012044785515172407,0.0076183591518201865,2.233640108257532,0.5533694690093398,0.7647733734920621,0.8922976739704609
365568,0.02294472311041318,0.017694356356514618,3.1476999819278717,0.40508666075766087,0.0513950586610008,0.010378266088082455,2.875140532851219,0.7929196394979954,0.6920020151883364,0.7343443762511015
366592,0.0110355999058811,0.011828015791252255,3.005828969180584,0.34083830658346415,0.06502934478339739,0.005709008437406737,2.717044375836849,0.6100295064970851,0.9112902795895934,0.7253864090889692
367616,0.0008739540062379092,0.010902569236350246,3.111970216035843,0.4572853883728385,0.0513475751504302,0.006596097147848923,3.3056827932596207,0.9030561540275812,0.7425651084631681,0.9958334229886532
368640,0.012906000716611743,0.014832960034254938,3.096343271434307,0.30867340322583914,0.026885468265390955,0.00798317842418328,2.7019329518079758,0.727670032531023,0.8027368243783712,0.9332089461386204
369664,0.018867320439312607,0.015350833185948431,3.4032421931624413,0.5753851849585772,0.033717076876200736,0.011254259690758772,3.0307262614369392,1.0508907912299037,1.2710632802918553,0.953207896091044
370688,0.008397203491767868,0.012159442441770807,2.9238423630595207,0.30511439219117165,0.07340211971313693,0.012207713269162923,2.9296446815133095,0.7497410289943218,0.8246198277920485,1.0325334090739489
371712,0.015005776862381026,0.00836253262241371,3.04193402081728,0.3052235310897231,0.08395600609946996,0.007010517569142394,3.451290164142847,1.250849410891533,0.8121541496366262,0.8881925698369741
372736,0.02048787056992296,0.013968355196993798,3.0263858512043953,0.3288337169215083,0.06463442152016796,0.008318106447404716,2.8758447468280792,0.8307542148977518,0.8098907480016351,0.8223740067332983
373760,0.021969171371893026,0.01598168254713528,3.1336916089057922,0.3264544801786542,0.054920820344705135,0.008363575725525152,2.9782546162605286,0.8356328327208757,1.0597887597978115,1.0151996780186892
374784,0.011026186519302428,0.008554255575290881,3.1419690623879433,0.3424881538376212,0.040329571173060685,0.006649227252637502,2.707906872034073,0.7018422586843371,0.7019754024222493,1.0187716614454985
375808,0.009528529248200357,0.017974238464375958,3.1572126299142838,0.3442570334300399,0.08616576582426205,0.011435010106652044,3.4639744833111763,1.1006517224013805,1.057840220630169,0.9939709194004536
376832,0.011632029345491901,0.01428528584074229,3.264761760830879,0.421795173548162,0.1015528253337834,0.009892061643768102,3.3954586759209633,1.305539097636938,0.6375071993097663,0.9178133141249418
377856,0.02777804105426185,0.019670074776513502,2.9752279967069626,0.4021789189428091,0.04808868613326922,0.010212591194431297,1.8959090895950794,0.4374363273382187,1.152664614841342,0.9898419976234436
378880,0.026774361889692955,0.010381686734035611,3.014610379934311,0.34929595049470663,0.04278706439072266,0.009100169656448998,2.7355663180351257,0.670593373477459,1.0748781599104404,0.7563902428373694
379904,0.008821416151477024,0.02068141382187605,2.989660158753395,0.3128866944462061,0.009925497695803642,0.01920518430415541,1.6463226154446602,0.30031020659953356,1.3815939966589212,0.9321057228371501
380928,0.016954847364104353,0.012533799628727138,2.938180848956108,0.36015062034130096,0.06829869758803397,0.009596165138646029,3.257187604904175,0.9454533234238625,0.70249009039253,0.9180537182837725
381952,0.022207769303349778,0.008564071395085193,3.1096666008234024,0.3697267258539796,0.06778557901270688,0.007162405672715977,2.7269721925258636,0.7832886595278978,0.8392958203330636,1.0593916233628988
382976,0.008732259302632883,0.019844375899992883,3.0094153210520744,0.2976822927594185,0.027589465025812387,0.01141821822966449,2.935750290751457,0.902460528537631,0.9998234324157238,0.777814763598144
384000,0.007958675516420044,0.013425000579445623,3.1644792929291725,0.3491061017848551,0.0364515365799889,0.012141094062826596,2.9275509417057037,0.855826947838068,0.7958056246861815,0.9294898714870214
385024,0.03223484323825687,0.020851770881563425,3.014824278652668,0.3989460663869977,0.029524844838306308,0.008111643488518894,2.4313631542026997,0.5901975845918059,0.927952061407268,0.7690032133832574
386048,0.02697533677564934,0.01582332357065752,2.9062520414590836,0.32708382047712803,0.0501381023786962,0.007945547156850807,3.071224480867386,0.7976419199258089,0.9745131060481071,0.8255324643105268
387072,0.022895305271958932,0.015454084903467447,3.0057551562786102,0.3578129764646292,0.0789810461574234,0.008083854569122195,3.0440595373511314,0.8875356279313564,0.73560955747962,1.0130591271445155
388096,0.02353232042514719,0.014307905890746042,3.063859209418297,0.3214998496696353,0.013979586627101526,0.011606462794588879,2.156767211854458,0.41590318363159895,1.005682073533535,1.025454348884523
389120,0.010607095813611522,0.012358632156974636,3.071660742163658,0.3911057859659195,0.009467768060858361,0.006645248031418305,2.5317206978797913,0.7283381028100848,0.8532943110913038,0.7487630816176534
390144,0.013534273850382306,0.016840359836351126,2.920465089380741,0.283580731600523,0.05443815758917481,0.011170410813065246,2.383205071091652,0.6345487385988235,0.8250892478972673,0.9867555592209101
391168,0.017082957463571802,0.010050586148281582,2.9085070490837097,0.3143098447471857,0.0860058612015564,0.008020103952731006,3.3589441031217575,0.9699081722646952,1.0748050529509783,0.9681413788348436
392192,0.005868435153388418,0.010584379662759602,3.0439476296305656,0.3175300848670304,0.043195335019845515,0.0096359800954815,2.9629027396440506,0.8428964372724295,0.9501270931214094,1.1807579696178436
393216,0.0253070272738114,0.008694370044395328,3.002201311290264,0.3407751815393567,0.05642956809606403,0.010495336246094666,2.697407014667988,0.6811340590938926,0.7542969500645995,0.9986219815909863
394240,0.012766316154738888,0.012910701232613064,3.2203739061951637,0.38124499935656786,0.06185639591421932,0.009300774850999005,3.1725272685289383,0.8550873883068562,0.7957051927223802,1.2237702049314976
395264,0.025330464239232242,0.012493266898673028,3.1657577827572823,0.4291703440248966,0.06642779817047995,0.009089446379221044,3.1618022471666336,0.8130422960966825,0.6489772917702794,1.0589773375540972
396288,0.013061316014500335,0.017476441455073655,3.0346024855971336,0.30543870013207197,0.05299868551082909,0.013331098860362545,3.111099638044834,0.8862849529832602,0.8600979503244162,0.9768654257059097
397312,0.013696608089958318,0.01140051476249937,3.025316432118416,0.28598815156146884,0.05431084966403432,0.007032909139525145,3.292147323489189,1.0978147350251675,0.9727943548932672,0.895402705296874
398336,0.015717031055828556,0.012639479682547972,3.1975900903344154,0.3309818170964718,0.07677042733121198,0.006652992800809443,3.0774056762456894,0.8816844169050455,0.6638874355703592,0.9780397526919842
399360,0.005595899769105017,0.01927921865717508,2.9585009291768074,0.30552892573177814,0.05965639351052232,0.012344939983449876,3.106105238199234,0.9559569228440523,1.2071251096203923,0.7782208016142249
400384,0.0012501825840445235,0.007372605934506282,2.9543839767575264,0.2869795421138406,0.05090496415505186,0.005562241254665423,3.2278305515646935,0.956105874851346,0.6132310349494219,0.87485371530056
401408,0.019402240257477388,0.01378969440702349,3.156692296266556,0.361791648901999,0.0530491765239276,0.008742227000766434,3.0325823947787285,0.7694185562431812,0.7387090027332306,0.9712674077600241
402432,0.02385931895696558,0.007698004912526812,3.063596449792385,0.3302926616743207,0.042149161599809304,0.004171935666818172,3.0661103650927544,0.8166846558451653,0.8739430699497461,0.7018332444131374
403456,0.0182600780390203,0.008027743067941628,2.974767282605171,0.32078066654503345,0.03196742429281585,0.00539057471905835,2.8456040993332863,0.7585095446556807,0.8471432197839022,0.8060781788080931
404480,0.0005015364731661975,0.011563427106011659,3.078456625342369,0.37084903474897146,0.08195477747358382,0.012063852933351882,3.301672048866749,0.9993306063115597,0.67154954187572,0.9182698260992765
405504,0.021713517053285614,0.014891123486449942,3.291061908006668,0.40514925960451365,0.06657735526096076,0.009681077965069562,3.343200162053108,0.9951471388339996,0.7320425091311336,1.045601861551404
406528,0.018553224275819957,0.018307838501641527,3.0388052240014076,0.3719886178150773,0.035882588592357934,0.010761550045572221,2.7994346395134926,0.7556663025170565,0.8416600693017244,0.9914637422189116
407552,0.021150045038666576,0.01737895983387716,3.236015059053898,0.42735117115080357,0.07125228471704759,0.012919578250148334,3.4341993927955627,1.129851758480072,0.7247738409787416,1.2362385094165802
408576,0.031852350730332546,0.008429769819485955,3.139268420636654,0.43985393084585667,0.08365802050684579,0.008355480036698282,3.261303633451462,0.9995510093867779,0.7547043208032846,0.8602869194000959
409600,0.002521108341170475,0.010780976546811871,3.0497753098607063,0.36572433449327946,0.008852209546603262,0.008022474226891063,2.716683477163315,0.8587985504418612,0.7179289609193802,0.89559655636549
410624,0.02702762781700585,0.018406353541649878,3.2071413695812225,0.42709588073194027,0.06438342202454805,0.012586245444254018,2.6570116877555847,0.6590430028736591,0.944457633420825,0.9017478954046965
411648,0.016513936570845544,0.016031402949010953,3.0791737362742424,0.3750941613689065,0.08161934954114258,0.011150085265398957,2.91634002327919,0.752682151272893,0.7573685189709067,0.9138875212520361
412672,0.013063848426099867,0.012698167673079297,3.136224865913391,0.36414934508502483,0.07182559935608879,0.00503447676601354,2.819526642560959,0.6474845316261053,0.8991027558222413,1.0624755900353193
413696,0.020901953015709296,0.01500709043466486,3.1295287013053894,0.3620212087407708,0.028541901032440364,0.009955658882972784,2.7356944382190704,0.6843534652143717,0.9224287392571568,0.9477406926453114
414720,0.025691088143503293,0.012242285665706731,2.999685876071453,0.3441839665174484,0.047609781206119806,0.00758928015420679,3.3104725182056427,1.123427614569664,0.9167473055422306,0.6568007040768862
415744,0.02904509415384382,0.014049192948732525,3.034946270287037,0.35348357632756233,-0.014914378261892125,0.017219553134054877,2.88971446454525,0.8960414454340935,0.8932990822941065,0.8364055687561631
416768,0.02197759049886372,0.01046933933685068,3.090951159596443,0.3505864143371582,0.05028730505728163,0.011126631827210076,3.165062390267849,1.1484428998082876,0.9306979170069098,1.081373605877161
417792,0.0140764081152156,0.01204677794885356,3.6386586278676987,0.6627839389257133,0.03381742729106918,0.008502406693878584,3.3253104016184807,1.4822867773473263,0.744230511598289,0.7693572482094169
418816,0.03427104088768829,0.02451907773502171,3.1819117218255997,0.460294371470809,0.0440911876357859,0.013603509403765202,3.064762130379677,0.9178728759288788,0.7356348298490047,0.7632961552590132
419840,0.03701706683204975,0.019955732306698337,3.1718249544501305,0.3933930713683367,0.09216219183872454,0.007716645239270292,2.925004579126835,0.7946736179292202,0.9758690111339092,0.9137215465307236
420864,0.018811127549270168,0.013458901492413133,3.168989673256874,0.34811821579933167,0.07069518280331977,0.00895575356844347,2.906046897172928,0.9049182310700417,0.8069659089669585,0.8733443217352033
421888,0.013630120927700773,0.01721856789663434,2.9379510581493378,0.4902033060789108,0.03763380507007241,0.0122213529975852,3.1864739283919334,0.9224507603794336,1.04495095834136,0.978034220635891
422912,0.015948900603689253,0.012021255810395814,2.7368668615818024,0.26953402254730463,0.053464842756511644,0.006442576202971395,2.851074941456318,0.7503732834011316,0.8264283686876297,0.9289930146187544
423936,0.012654384481720626,0.012536197376903147,3.12683691829443,0.3442552639171481,0.04696732829324901,0.005470533702464309,2.9891771376132965,0.8467281647026539,0.9612871631979942,0.9354505445808172
424960,0.021226237397058867,0.012848075770307332,3.0950359478592873,0.33835427556186914,0.07508411470917054,0.013047769272816367,3.551686480641365,1.4166928827762604,0.855249903164804,1.0867604175582528
425984,0.01506171899382025,0.01241302462585736,3.2283018305897713,0.40398597437888384,0.06102189020020887,0.011608087050262839,2.937755770981312,0.7755123358219862,0.6843951335176826,1.3790598679333925
427008,0.02838945048279129,0.01923575668479316,3.0896633192896843,0.3932892316952348,0.05749927053693682,0.010630259552272037,2.4745749682188034,0.6318281888961792,0.8067313600331545,1.2072958759963512
428032,0.027725578329409473,0.01436235144501552,3.226832389831543,0.4580908017233014,0.048332396982004866,0.008795132278464735,3.0697871670126915,0.8904677256941795,0.6191466897726059,0.737082889303565
429056,0.021931095208856277,0.01849378744373098,3.116224579513073,0.3803446562960744,0.046256029745563865,0.009643587327445857,3.8870077580213547,1.5423269607126713,0.7514481414109468,0.6948619997128844
430080,0.006211518499185331,0.0183239049219992,2.885418862104416,0.26986880227923393,0.04866248216421809,0.0067900583817390725,2.4751709029078484,0.6124955900013447,0.8300732122734189,1.089647026732564
431104,0.01226719328406034,0.01157568022608757,2.9191132932901382,0.31988352350890636,0.037556159804807976,0.0055918151992955245,2.2639418579638004,0.4717456139624119,0.6953932642936707,1.1221151882782578
432128,0.018322168878512457,0.013746674230787903,2.931329660117626,0.3301833104342222,0.04832074686419219,0.009193466772558168,3.179105706512928,0.8841582220047712,0.9481598129495978,1.0151948053389788
433152,0.01883000702946447,0.021629642113111913,3.165216289460659,0.41085823345929384,0.021817548942635767,0.012802435565390624,3.2975111305713654,1.2035144176334143,0.8723970707505941,0.6646710522472858
434176,0.015071197485667653,0.02567479043500498,3.1082743704319,0.33714795764535666,0.04709702686523087,0.01537968433694914,3.0213099345564842,0.9729642327874899,1.0369745520874858,1.1292347889393568
435200,0.015540491585852578,0.013981641852296889,3.1080765947699547,0.36866799648851156,0.04670245875604451,0.009826738489209674,2.7068072482943535,0.7543031144887209,0.7307686060667038,1.307050371542573
436224,0.008301084395498037,0.013538036699173972,3.0396824702620506,0.33048411179333925,0.046172757574822754,0.01169822113297414,2.827527694404125,0.6893616830930114,0.7057925891131163,1.3122536651790142
437248,0.051156315064872615,0.01566112952423282,3.387068659067154,0.5237691067159176,0.08339996385620907,0.006754177487891866,3.3879808261990547,1.1591215152293444,0.9199714316055179,1.2708160588517785
438272,0.021684470790205523,0.008140310252201743,3.191082887351513,0.3733258843421936,0.02837649721186608,0.007231203737319447,2.9762740805745125,0.8399119898676872,0.8258180990815163,1.013574586249888
439296,0.020908608385070693,0.014482034312095493,3.0886300951242447,0.36971005611121655,0.0558496774174273,0.008798893322818913,3.0276202484965324,0.8005588594824076,0.7548886677250266,0.9832162652164698
440320,0.018059643465676345,0.012027351389406249,2.991380177438259,0.34009777568280697,0.03368621741537936,0.004603366076480597,2.7615628391504288,0.8054136876016855,0.6195539822801948,0.8185594659298658
441344,0.008056669874349609,0.01652969268616289,3.0323413237929344,0.3099211836233735,0.07908646238502115,0.01341211529506836,3.0123851597309113,0.9688450004905462,0.8735802918672562,1.2539082206785679
442368,0.012456428419682197,0.018933769315481186,3.1912782341241837,0.3844260722398758,0.04658267556806095,0.011979366463492624,2.627032093703747,0.808079469949007,0.7877724319696426,1.3534970749169588
443392,0.030444834657828324,0.017128225095802918,2.712803617119789,0.38172988733276725,0.0823900529067032,0.016517159412615,2.6295383498072624,0.8061377964913845,0.8982428219169378,1.2934502940624952
444416,0.019989737898868043,0.015751010010717437,3.1049607321619987,0.3677634233608842,0.027807861828478053,0.015382625861093402,2.849530801177025,0.8431971278041601,1.122745388187468,1.1822934858500957
445440,0.0022584920516237617,0.014697728940518573,2.8499578461050987,0.29417979810386896,0.06244463367329445,0.007945342804305255,2.86465123295784,0.8190007321536541,0.7130742128938437,1.2407088428735733
446464,0.0177320581569802,0.015350239904364571,3.083666428923607,0.36691333446651697,0.08004813466686755,0.012871805432951078,3.042762577533722,0.8996070977300406,0.8997902572154999,1.2999734561890364
447488,0.013487933043506928,0.01639538013841957,3.056334510445595,0.3672959879040718,0.05544487325823866,0.010428810928715393,3.052876926958561,0.9560771211981773,0.7751263175159693,0.9465206461027265
448512,0.03150967296096496,0.010526502199354582,3.1150024458765984,0.3781446861103177,0.06388022392638959,0.006765931284462567,2.8503188341856003,0.9724690709263086,0.9832751452922821,1.0885525904595852
449536,0.022235249751247466,0.0122557082795538,3.2346826940774918,0.42625827994197607,0.06283130130032077,0.009556937831803225,3.352413333952427,1.4159254971891642,0.8874158347025514,1.0149569287896156
450560,0.024941780437075067,0.01817440736340359,3.003371126949787,0.32299043890088797,0.09949462965596467,0.015574729535728693,2.7101947739720345,0.8684340436011553,1.0807296466082335,1.1589658940210938
451584,0.005942234041867778,0.020460707310121506,3.1397765427827835,0.3504322124645114,0.04487967648310587,0.012228870298713446,3.2543666288256645,1.0686190146952868,0.8311245311051607,0.8688534507527947
452608,0.015432618965860456,0.021324396511772648,3.1540218219161034,0.3735495787113905,0.013483108079526573,0.014872691506752744,2.515542507171631,0.7302714362740517,0.9808727968484163,1.0189968887716532
453632,0.01852079140371643,0.010397948790341616,2.974575124680996,0.32585726026445627,0.020659593399614096,0.009698091918835416,2.609629236161709,0.8403021115809679,1.2663739491254091,0.9818725772202015
454656,0.016454497585073113,0.02129128569504246,2.961866118013859,0.29821937903761864,0.11517331548384391,0.01609567867126316,3.0183790922164917,0.9822393674403429,1.107661323621869,1.65347614698112
455680,0.01355469880218152,0.014416812598938122,3.22151330858469,0.44403260108083487,0.08693209834746085,0.01151984692842234,2.733474224805832,0.742462657392025,0.7342252163216472,1.0843705590814352
456704,0.016447398345917463,0.010358272746088915,3.225275993347168,0.4427883317694068,0.09343203681055456,0.004855982690060046,3.019912078976631,0.8096209205687046,0.9226750526577234,1.2017835173755884
457728,0.013299926300533116,0.012383893408696167,3.036670446395874,0.368218295276165,0.06186601045192219,0.009445852745557204,2.8710772544145584,0.8040599469095469,0.9047136139124632,1.630656149238348
458752,0.03267871563730296,0.014043462229892612,2.9956962019205093,0.3560703797265887,0.06411780379130505,0.005174796257051639,2.7775145024061203,0.7158050946891308,0.8803387060761452,1.0079244021326303
459776,0.015350674977526069,0.012226085222209804,3.1323175504803658,0.351994882337749,0.05917016552120913,0.008373515272978693,3.407098226249218,1.0034697838127613,0.7520154761150479,0.8386650681495667
460800,0.019843629270326346,0.021644254127750173,3.140276223421097,0.3793774154037237,0.08724692859686911,0.015169214108027518,3.048767551779747,0.9046399090439081,0.7892767321318388,0.8266665451228619
461824,0.022815927863121033,0.018246992491185665,3.0628059953451157,0.32418041955679655,0.054025557881686836,0.009244853485142812,3.004302017390728,0.7957129441201687,0.8732678294181824,1.3468996658921242
462848,0.01725933258421719,0.016705107496818528,2.959257274866104,0.2937486497685313,0.05579182613291778,0.011529253126354888,2.6765873581171036,0.6807807236909866,0.9396548420190811,0.9120108131319284
463872,0.010028670658357441,0.017448928934754804,3.0531848818063736,0.37431806419044733,0.06984283542260528,0.010296386491972953,2.9817260056734085,0.8760784771293402,0.8542831931263208,0.9150917772203684
464896,0.01500765181845054,0.009990527803893201,3.3418711721897125,0.4792140135541558,0.04129500870476477,0.005225758970482275,3.3985144272446632,1.2261546701192856,0.7715760488063097,0.7259223470464349
465920,0.03382843904546462,0.01596953350235708,3.165883980691433,0.390060530975461,0.022111287456937134,0.007718128719716333,2.6542556695640087,0.879078347235918,0.826311363838613,0.9722075769677758
466944,0.01818479271605611,0.011256831407081336,3.0382046550512314,0.3314267750829458,0.060122213821159676,0.006720987628796138,3.4137734100222588,1.0318485349416733,0.846893148496747,1.0754063604399562
467968,0.019669843110023066,0.012067816875060089,3.263450376689434,0.37685133423656225,0.07877010706579313,0.009199810301652178,3.4857588559389114,1.6363453976809978,0.7632538117468357,1.0257680509239435
468992,0.015510143741266802,0.008994267147500068,3.1292340829968452,0.32974622678011656,0.055551887227920815,0.009914097841829062,2.850689075887203,0.8444913923740387,0.6530464859679341,1.5904070120304823
470016,0.007327881976380013,0.01899456774117425,3.0631887689232826,0.31446842569857836,0.04307601705659181,0.01258619136933703,3.2877311781048775,1.303145807236433,0.8755647446960211,0.907872230745852
471040,0.01647928544844035,0.013173185579944402,3.303729832172394,0.4353142976760864,0.06463904332485981,0.009836451106821187,3.412909336388111,1.3127992115914822,0.9079668242484331,1.1717175450176
472064,0.023713095099083148,0.023001467838184908,3.3099582195281982,0.4501930605620146,0.026103649870492518,0.01609455974539742,3.1359311416745186,1.0871484242379665,0.952962888404727,1.0368556659668684
473088,0.01494615241244901,0.01407626859145239,3.08703950047493,0.40479251462966204,0.02445773791987449,0.017028178699547425,2.8407610207796097,1.2160365357995033,0.6764946943148971,1.3033691719174385
474112,0.024650299339555204,0.01691242805100046,3.0618110597133636,0.4320195531472564,0.1360513954423368,0.010667751368600875,3.5068954452872276,1.436521753668785,0.7944904547184706,1.0297461282461882
475136,0.01734209958522115,0.016675462655257434,2.8986447006464005,0.35784332640469074,0.07296884793322533,0.012852638436015695,2.5858566612005234,0.7284221034497023,0.6852684207260609,0.9921308718621731
476160,0.013305527303600684,0.0158617788401898,2.975747711956501,0.32576343324035406,0.08505586243700236,0.007222488959087059,2.5989061146974564,0.7629601992666721,0.9052204340696335,0.8363669458776712
477184,0.016090755292680115,0.012964355206349865,3.0568459257483482,0.35670939087867737,0.048056786094093695,0.00599480327218771,3.3447565510869026,1.0459132492542267,1.0180237824097276,1.0068501522764564
478208,0.017016645302646793,0.016332815866917372,2.864627793431282,0.31982959993183613,0.06677865074016154,0.013621923979371786,3.303691752254963,1.041908647865057,0.7975949747487903,0.966931757517159
479232,0.015068489650730044,0.019346994813531637,3.3768739998340607,0.4620754877105355,0.054547659383388236,0.00763916433788836,2.847649484872818,0.7883680108934641,0.9331597136333585,1.2178684547543526
480256,0.02044070343254134,0.022556589567102492,3.081914022564888,0.36189846601337194,0.04666055485722609,0.009156886546406895,3.1315638720989227,1.134432315826416,0.7922626631334424,1.1905145719647408
481280,0.01879449503030628,0.020654611609643325,3.082663767039776,0.3830489609390497,0.06874710356350988,0.014148019632557407,3.1179296523332596,1.1472480986267328,0.821974528953433,0.8178075244650245
482304,0.00880723851150833,0.016903878218727186,3.1349044516682625,0.33177220448851585,0.08579858395387419,0.010912910816841759,3.2278031706809998,1.0905082672834396,0.7284346064552665,0.9150513429194689
483328,0.01745192226371728,0.01683149128803052,3.153368890285492,0.36723086051642895,0.06751714972779155,0.014305334276286885,3.181296557188034,1.0157969109714031,0.8096803110092878,0.8787205023691058
484352,0.029932374149211682,0.014799755590502173,3.085464134812355,0.3909214334562421,0.05498612960218452,0.007045303253107704,3.3234695941209793,1.0576029159128666,0.8387641934677958,0.9063789416104555
485376,0.01705278297595214,0.016049557394580916,3.076997607946396,0.3696127263829112,0.008640765998279676,0.009949328348739073,3.5330165550112724,1.3543810658156872,0.8624660223722458,0.853703361004591
486400,0.011508258496178314,0.009847361914580688,2.940684087574482,0.2944857915863395,0.13409383094403893,0.007251506598549895,3.740047864615917,1.428065925836563,0.8935066256672144,1.2019685450941324
487424,0.028548012931423727,0.01701091171707958,3.162586823105812,0.4032081887125969,0.040027803828706965,0.011251377552980557,3.1867398619651794,0.9389840252697468,0.843869935721159,1.1874018535017967
488448,0.01746303541585803,0.01309961179504171,3.289807491004467,0.4795991601422429,0.06732537029893138,0.012261422729352489,3.4972396418452263,1.3247156608849764,0.8926835842430592,0.9096182072535157
489472,0.02458961305092089,0.01799643726553768,3.304255113005638,0.42122841253876686,0.035400636930717155,0.012622253896552138,3.1596754118800163,1.1551056485623121,0.8922458766028285,1.4320006649941206
490496,0.01628029323183,0.015489034296479076,3.2994789332151413,0.4333576634526253,0.0818448702339083,0.00837756424152758,3.462300516664982,1.291344553232193,0.8213606271892786,0.872200969606638
491520,0.031132412317674607,0.009099655202589929,3.219426065683365,0.4402641402557492,0.03594843004248105,0.006893406578456052,2.8506944328546524,0.941754849627614,0.8276535235345364,1.468880807980895
492544,0.015268780029146,0.011761599118472077,2.972032457590103,0.3226004298776388,0.07297945010941476,0.0076900989733985625,3.0498362332582474,1.1297118682414293,0.6101011475548148,1.785264367237687
493568,0.017387107072863728,0.013786008959868923,3.194984905421734,0.37132629472762346,0.06366774704656564,0.009822800711845048,3.366485044360161,1.1597368381917477,0.9391692820936441,1.1977449655532837
494592,0.01465801236918196,0.01530357968294993,3.1407650262117386,0.3328128792345524,0.04433360041002743,0.01000867564289365,3.0140771567821503,0.9462265707552433,0.7858100533485413,1.2461843378841877
495616,0.015449522761628032,0.01608534896513447,3.247536227107048,0.3761924020946026,0.07530741934897378,0.009156907588476315,2.8153715655207634,0.8659393135458231,0.8366499654948711,1.0251293573528528
496640,0.016342275019269437,0.02237941580824554,2.9472780525684357,0.5255271587520838,0.02921008384146262,0.013660832497407682,2.772662691771984,0.9541479125618935,0.6486711343750358,0.833722185343504
497664,0.022648048907285556,0.019680332450661808,2.6918593645095825,0.29979612957686186,0.07741020203684457,0.011178450629813597,2.8553333207964897,1.0845684055238962,1.1213440168648958,1.0240639662370086
498688,0.018788124769343995,0.014122332184342667,2.725183740258217,0.24460932333022356,0.05206964784883894,0.008578769338782877,2.7013870552182198,0.804280199110508,1.1878106649965048,1.0368329361081123
499712,0.02182920392078813,0.01200904612778686,3.0473777651786804,0.31589948385953903,0.087564209359698,0.008479876545607112,3.0225707963109016,0.8242244906723499,1.2466909009963274,1.316994315944612
500736,0.021792970306705683,0.009326739149400964,2.982171915471554,0.3586522415280342,0.08644748467486352,0.013251786192995496,3.052813872694969,0.8877225462347269,0.8265647133812308,1.1706397160887718
501760,0.013077552372124046,0.010788074156153016,3.3111014291644096,0.4419891210272908,0.03275276656495407,0.008993444324005395,2.771827518939972,0.9364283671602607,0.9037907877936959,1.1064156675711274
502784,0.036232483107596636,0.0174288161797449,3.150480344891548,0.4007492521777749,0.07536146364873275,0.008742817532038316,3.3550999090075493,1.125512681901455,0.8653785735368729,0.6652367152273655
503808,0.01576983656559605,0.01715503860032186,2.985400177538395,0.33652224764227867,0.06939833256183192,0.008470282526104711,2.8976558819413185,0.8087541870772839,1.022997884079814,0.8454357152804732
504832,0.021812718114233576,0.00987417004944291,2.8543125689029694,0.29287549387663603,0.03287211590213701,0.006093731339205988,2.7360072880983353,0.7356893289834261,1.2383629139512777,0.7168176751583815
505856,0.009063852703548037,0.014036977983778343,2.97296654433012,0.28434487897902727,0.020697995409136638,0.006540241884067655,2.8619242757558823,1.0007015224546194,1.4439351130276918,0.8568725362420082
506880,0.015234308550134301,0.015465918084373698,2.899320475757122,0.3769510919228196,0.06509848847053945,0.008405649103224277,3.255936525762081,1.0687303002923727,1.094253871589899,0.687299557030201
507904,0.01909188252466265,0.01676919820602052,2.8447071611881256,0.2973381718620658,0.08131672604940832,0.00923518011404667,3.1950872763991356,1.00233936868608,1.2862387597560883,1.1010528281331062
508928,0.02104614130803384,0.010122273728484288,2.9965563490986824,0.3340358855202794,0.08437414251966402,0.005750690492277499,3.7691101357340813,1.8437440730631351,1.3277413789182901,0.7016003550961614
509952,0.012721002160105854,0.017830303229857236,3.117536388337612,0.3218019171617925,0.0983691286528483,0.008570336489356123,3.430053174495697,1.3364533092826605,0.9983576759696007,0.7380904527381063
510976,0.01497150598152075,0.013435974920867011,3.035287618637085,0.3008817005902529,0.09073011274449527,0.010721657861722633,2.9162574410438538,0.9039171542972326,0.8145812060683966,0.9567027660086751
512000,0.019019737097551115,0.012900791742140427,2.9650136455893517,0.2951368223875761,0.06642490686499514,0.010144139640033245,3.3282051533460617,1.0628321431577206,1.0372938252985477,0.8371157729998231
513024,0.005137751082656905,0.009380671559483744,2.7332883477211,0.2778182541951537,0.10271474748151377,0.007002125588769559,3.0844919458031654,0.9452487342059612,0.8604555977508426,0.843917521648109
514048,0.01135689982038457,0.012302721850574017,3.0540491938591003,0.335876764729619,0.04325997707201168,0.0075678908615373075,2.5382328554987907,0.697898369282484,0.9688907004892826,1.0542470635846257
515072,0.013760923378868029,0.01842634825152345,3.0245286971330643,0.3054430093616247,0.07932504621567205,0.010823028162121773,3.4589449390769005,1.115108085796237,0.8454690678045154,0.7825065441429615
516096,0.014492809234070592,0.011610379151534289,3.2176458537578583,0.37758956383913755,0.07825442729517817,0.00823100795969367,3.4718848764896393,1.1575716212391853,0.9622931927442551,0.969217088073492
517120,0.030408511258428916,0.019078371347859502,3.097512871026993,0.3662503557279706,0.11661532707512379,0.010817840855452232,3.189868040382862,1.08969952352345,1.156942630186677,1.2576682586222887
518144,0.011865572130773216,0.011331213769153692,3.021535962820053,0.29089109785854816,0.06220132645103149,0.006731436587870121,3.3437014892697334,1.1281470656394958,1.1401144340634346,0.7958123814314604
519168,0.015949152963003144,0.015091028530150652,2.9994527101516724,0.36258925404399633,0.1296793173532933,0.012735644646454602,3.624023698270321,1.3598655313253403,0.9386281855404377,0.6509952591732144
520192,0.008534980996046215,0.009442077163839713,3.0135051012039185,0.24987505842000246,0.1012499913922511,0.00918263939092867,3.4385861605405807,1.182448586449027,1.1843436481431127,1.1070480160415173
521216,0.014126637928711716,0.008136891323374584,3.220226749777794,0.37881001457571983,0.04513039605808444,0.00789263949263841,3.587422788143158,1.541429191827774,0.673692193813622,0.9779071426019073
522240,0.01078891521319747,0.012103524466510862,3.153443455696106,0.3506297627463937,0.05255434845457785,0.00863468884199392,2.0452644862234592,0.48590222653001547,0.7350772013887763,1.2615264151245356
523264,0.011310628753562924,0.015363680198788643,3.2876986041665077,0.388342478312552,0.07571976518374868,0.011800288149970584,2.9865770116448402,0.9691285006701946,0.8610964920371771,1.0876628812402487
524288,0.02262202330166474,0.01780560429324396,3.2651395723223686,0.4038717979565263,0.023604520654771477,0.013566918089054525,2.8057961612939835,1.0395426955074072,0.8769950568675995,1.0896661188453436
525312,0.019066385619225912,0.01246930869820062,3.012787811458111,0.3669676398858428,0.020240677142282948,0.01215199967555236,3.353509344160557,1.267528859898448,1.112148329615593,1.095696821808815
526336,0.023387029257719405,0.011934067646507174,3.1013620495796204,0.394683001562953,0.10407169337850064,0.011092242988524958,3.4693319872021675,1.3310638256371021,0.9137703021988273,0.98790218308568
527360,0.011606213171035051,0.01358372942195274,3.199996456503868,0.33681359980255365,0.08457212915527634,0.00822940529906191,3.110311806201935,0.904595298692584,0.9233954343944788,0.9190529361367226
528384,0.011151429775054567,0.010202196703176014,3.0470117181539536,0.32022765651345253,0.08154247020138428,0.007151498401071876,3.3697415441274643,1.1562456618994474,0.9151988597586751,1.0365891279652715
529408,0.017773308150935918,0.010095399717101827,3.218892604112625,0.3814365593716502,0.08660355466417968,0.005673962354194373,3.566976949572563,1.3096541855484247,0.891945119947195,0.742967170663178
530432,0.019796104592387564,0.01482254354050383,2.9542149901390076,0.3013957217335701,0.10162230703281239,0.008804650293313898,3.1468655467033386,1.017110450193286,0.9085389450192451,1.0228251060470939
531456,0.021821021218784153,0.012151745409937575,3.111582078039646,0.3592263525351882,0.09849954707897268,0.008194017325877212,3.397148497402668,1.0642312187701464,0.8567401189357042,0.931009653955698
532480,0.016011188592528924,0.015115525224246085,3.071743220090866,0.3558655418455601,0.08526739780791104,0.013604785985080525,3.5317302122712135,1.1777495238929987,0.9022678909823298,0.6858114022761583
533504,0.023554565123049542,0.014680638705613092,2.945838615298271,0.3567859772592783,0.05396132552414201,0.012681574211455882,2.5286059603095055,0.7467149998992682,0.8210712997242808,0.9534227950498462
534528,0.009812770935241133,0.01060135563602671,2.981169395148754,0.3070008996874094,0.06258418940706179,0.009085410769330338,2.8713543489575386,0.814215986058116,0.755226076580584,0.9879630282521248
535552,0.017616862489376217,0.012451275601051748,3.1288210600614548,0.38026907853782177,0.05046752927592024,0.008091120558674447,2.9828056767582893,0.8034440949559212,0.7961909091100097,1.078922150656581
536576,0.014739771271706559,0.021302200097125024,3.1190098375082016,0.32433026283979416,0.059970223053824157,0.01462263212306425,3.0741148963570595,0.9048337507992983,0.8607842549681664,1.1183785144239664
537600,0.013612233015010133,0.006334050587611273,3.3203163519501686,0.34894248843193054,0.08904163399711251,0.006766465812688693,3.4866435676813126,1.1569204721599817,0.9743591230362654,0.7294854605570436
538624,0.01998143715900369,0.018435537698678672,3.1799033135175705,0.40992077719420195,0.0716622430481948,0.009715634179883637,2.733337365090847,0.7762271650135517,1.0201861197128892,0.8672851696610451
539648,0.0287688257812988,0.012393664917908609,3.1846602261066437,0.40156570728868246,0.049767987424274907,0.009990267077228054,2.9998093470931053,0.909971509128809,1.2279123701155186,0.8150587435811758
540672,0.012623601811355911,0.012778518721461296,3.0836041420698166,0.31890012323856354,0.05403242708416656,0.011622093006735668,2.6266438961029053,0.7434205487370491,1.0908353151753545,1.338391663506627
541696,0.005587122141150758,0.01611571793910116,2.965888075530529,0.3148069763556123,0.0782409260282293,0.008414228039328009,2.6626341193914413,0.6664212364703417,1.00256366468966,1.2312217932194471
542720,0.01804821718542371,0.01067763613536954,3.2836456820368767,0.4111780123785138,0.06354926756466739,0.008269539583125152,3.5765963345766068,1.3151816241443157,0.9314066097140312,0.609287803992629
543744,0.017782091177650727,0.011857296922244132,3.179295115172863,0.3608048865571618,0.074473424552707,0.009843249470577575,3.1110661774873734,0.9908046945929527,0.8280581757426262,0.7114625880494714
544768,0.010116525911143981,0.012829240673454478,3.2664005532860756,0.369562242180109,0.055845129245426506,0.010409489317680709,3.067182905972004,0.9316786229610443,1.1599855907261372,0.6817822735756636
545792,0.019032047188375145,0.014699481922434643,2.9567700773477554,0.31112830247730017,0.09505779441678897,0.00795475002087187,3.022286966443062,0.9036966394633055,1.0818081516772509,0.8406463731080294
546816,0.013950471111456864,0.009631498382077552,2.8159774094820023,0.2899510469287634,0.0637353117344901,0.00928554026177153,3.0414931923151016,0.971326382830739,1.1862529963254929,0.7300633965060115
547840,0.013052983224042691,0.012868679375969805,3.2194498851895332,0.392270646058023,0.06813479296397418,0.012057600266416557,3.179992139339447,0.9232054576277733,1.036925402469933,0.7416668459773064
548864,0.016514499104232527,0.015279834857210517,3.203133538365364,0.4179194364696741,0.07189544476568699,0.014380257634911686,3.1539739966392517,0.9630052335560322,0.8147212322801352,0.8866766775026917
549888,0.0035296306014060974,0.012359817454125732,3.1674570366740227,0.3379096193239093,0.05948313104454428,0.011210135664441623,3.1367612406611443,0.9735916834324598,0.8605809789150953,0.8162812683731318
550912,0.03103549114894122,0.013552878357586451,3.040234476327896,0.3966022077947855,0.09434213579515927,0.007270158414030448,3.2228065580129623,1.0048444513231516,0.8455949798226357,1.1212331233546138
551936,0.011749186262022704,0.012217913579661399,3.1503301486372948,0.3041638098657131,0.06488972558872774,0.0115704104246106,2.785372592508793,0.7499159891158342,0.9477505050599575,0.9653385821729898
552960,0.011542199994437397,0.01696252025431022,3.0952618420124054,0.3022461305372417,0.0678694284579251,0.012588442768901587,3.2202056124806404,1.1173767056316137,0.8424363117665052,1.033572068437934
553984,0.017946051026228815,0.023948422574903816,3.08054818212986,0.37599239870905876,0.05819901201175526,0.012773389054927975,3.3330267146229744,1.1162770241498947,0.8458700943738222,1.1372191179543734
555008,0.021086051376187243,0.019380165613256395,3.1607369855046272,0.3642644314095378,0.08653085422702134,0.01593610129202716,3.4334445744752884,1.1732803732156754,0.968342843465507,1.2625274248421192
556032,0.023031439603073522,0.013118934075464495,3.01336183398962,0.3882340155541897,0.026317002455471084,0.015583668486215174,2.539351709187031,0.6540239006280899,0.7822943488135934,1.189469326287508
557056,0.013464982868754305,0.017285401292610914,2.921096332371235,0.41308091674000025,-0.004621728498023003,0.009100516705075279,2.1053996346890926,0.595433421432972,1.3704611342400312,1.139044496230781
558080,0.009345314640086144,0.015559043720713817,3.154486559331417,0.3120396425947547,0.06272969924611971,0.0057661173632368445,3.005738615989685,0.7871959358453751,1.0025857016444206,0.7149249380454421
559104,0.017894442280521616,0.014096915896516293,3.0370157435536385,0.32823689468204975,0.0444279461808037,0.011495503276819363,2.9308665692806244,0.8279231209307909,0.7681651189923286,0.8691852316260338
560128,0.016987993876682594,0.009201110238791443,3.0542062893509865,0.3505192371085286,0.04633848849334754,0.007037492992822081,3.268132768571377,1.1890904046595097,0.6918462011963129,0.906300937756896
561152,0.013906607258832082,0.016767068475019187,3.1259357780218124,0.34047354478389025,0.016785987172625028,0.010815896501298994,3.3076532185077667,1.2368532214313745,1.0317801181226969,0.7163846595212817
562176,0.023095794284017757,0.01109632408770267,3.1079243198037148,0.37178926169872284,0.08734618040034547,0.011453304789029062,2.928397759795189,1.1042907498776913,0.6935924738645554,1.1025080941617489
563200,0.026479944921447895,0.013132748135831207,3.1645572707057,0.39431230537593365,0.10010854591382667,0.00811888622411061,3.273383602499962,1.1869324464350939,0.8145871004089713,1.0862215729430318
564224,0.015280572770279832,0.016624972195131704,2.8960790410637856,0.28446164540946484,0.03895701312285382,0.00847794525907375,2.1061924062669277,0.4621198186650872,1.2877675350755453,1.0087409913539886
565248,0.013730010512517765,0.01091147265105974,3.087394542992115,0.3040778059512377,0.02671444835141301,0.005979657675197814,2.786353215575218,0.8184573985636234,1.2428615633398294,0.7327186642214656
566272,0.01121956187125761,0.017818952357629314,3.246137797832489,0.4170614443719387,0.008745552942855284,0.011742020433302969,3.1203668862581253,1.1207549795508385,0.9869228890165687,0.8189598526805639
567296,0.00572555311373435,0.014623985669459216,3.163733683526516,0.3535257028415799,0.042277376749552786,0.009466218783927616,3.2202833741903305,1.267909251153469,0.9921370726078749,0.6614242913201451
568320,0.029119957063812762,0.012259804425411858,3.180429607629776,0.3929985240101814,0.10170799834304489,0.010979088634485379,3.253478489816189,1.147846769541502,0.8566264333203435,1.1681983014568686
569344,0.01408100720436778,0.020477085694437847,3.152515582740307,0.35042098443955183,0.10314099868992344,0.01564459063229151,3.7518861144781113,1.5315961800515652,0.9372569816187024,0.8923016283661127
570368,0.02729814469057601,0.018131375138182193,3.1663835644721985,0.3858249867334962,0.09071901743300259,0.008759903867030516,2.655210204422474,0.8489033058285713,0.8636323511600494,0.9489469071850181
571392,0.011930211039725691,0.008186469262000173,3.144575409591198,0.34176697582006454,0.08304371609119698,0.006647072499617934,3.302718684077263,1.1722470633685589,0.6887314505875111,0.5098768007010221
572416,0.016363356102374382,0.010821457210113294,3.259247660636902,0.37424509041011333,0.10177324927644804,0.01100234646582976,3.265062279999256,1.0072822608053684,0.8429699447005987,0.7823765678331256
573440,0.009180040331557393,0.011376955517334864,3.2914785146713257,0.35083117708563805,0.04664432257413864,0.009566638909745961,2.9988122954964638,0.8196687884628773,1.289336696267128,0.8447178695350885
574464,0.015016664750874043,0.013177905784687027,3.0466470420360565,0.34450358897447586,0.04164670771569945,0.008294902669149451,2.9333215728402138,0.8886030111461878,0.7856730334460735,0.608402494341135
575488,0.026251388859236613,0.01178334021824412,3.367686554789543,0.47112996876239777,0.0753458094841335,0.010589953570161015,3.443241998553276,1.2975038886070251,0.7969897352159023,0.8175726495683193
576512,0.020862979105004342,0.017991383734624833,3.3489241376519203,0.42905262019485235,0.020113502017920837,0.01119666182785295,2.678996205329895,0.9185154289007187,0.9660097789019346,0.7771099824458361
577536,0.02164982893737033,0.010423906322102994,3.0821739435195923,0.3114886935800314,0.06969399109948426,0.006721870493493043,3.6714909970760345,1.7483987845480442,1.080111501738429,0.44549281895160675
578560,0.014303568983450532,0.01938413843163289,3.0020227879285812,0.3083322597667575,0.09520479681668803,0.013994197302963585,3.118608772754669,1.1665811724960804,0.8278991505503654,0.9513041712343693
579584,0.013040674064541236,0.008966619105194695,2.9337877482175827,0.3693016851320863,0.03121252459823154,0.005666143464623019,2.607282303273678,1.4459095355123281,0.7134145451709628,0.5923063713125885
580608,0.03292163324658759,0.013708739046705887,3.145213969051838,0.3675080733373761,0.08993603111593984,0.008390207003685646,3.0387062206864357,1.0695816427469254,0.7786625120788813,0.9159060334786773
581632,0.015649888300686143,0.010638110717991367,2.9843174815177917,0.30099260061979294,0.06304238493612502,0.006331507938739378,2.741510733962059,0.8917294573038816,0.7136297915130854,0.9296554364264011
582656,0.019897519407095388,0.013111379681504332,3.0340968146920204,0.31626694556325674,0.11657335970085114,0.009423645155038685,3.1763105019927025,0.967718156054616,0.7615284277126193,0.7964179422706366
583680,0.017445658682845533,0.009351620712550357,3.2122643664479256,0.3273556437343359,0.02371211528952699,0.006125194384367205,2.605200693011284,0.7079696003347635,0.7950695352628827,1.0330730583518744
584704,0.012040533401886933,0.011996886663837358,3.261316418647766,0.32303919922560453,0.05540658059180714,0.011972060965490527,3.5640117302536964,1.3745226636528969,0.9051223760470748,0.560104263946414
585728,0.013046231761109084,0.012287741294130683,2.968502461910248,0.32563808374106884,0.07691958575742319,0.005435220336948987,3.2284060791134834,1.0419544074684381,0.6820640303194523,0.6379365650936961
586752,0.009345712722279131,0.011983721778960899,2.757897049188614,0.3004780998453498,0.12145599804352969,0.011691399093251675,3.2171092182397842,0.9425013996660709,0.7491334434598684,0.8508995957672596
587776,0.006019874723278917,0.011343989957822487,2.7960234209895134,0.26059530256316066,0.03246380895143375,0.007554016119684093,2.8778775334358215,0.8130353931337595,0.8531567361205816,0.8337657004594803
588800,0.015943845559377223,0.013177728746086359,2.999546378850937,0.2698428179137409,0.07561672985320911,0.010848625519429334,3.092650517821312,0.8751003500074148,0.8615380711853504,0.884628914296627
589824,0.010937172715784982,0.01572826105984859,2.9138170927762985,0.27436725655570626,-0.01720853996812366,0.009963549440726638,2.9044238924980164,1.3011799827218056,0.768800095655024,0.6918373936787248
590848,0.008611401251982898,0.011168767625349574,3.1773266419768333,0.30477487621828914,0.09097441437188536,0.004380319285701262,3.9772248789668083,1.6180583164095879,0.8133651139214635,0.5590935563668609
591872,0.021374005475081503,0.009318167183664627,3.02098348736763,0.3440726734697819,0.040065792854875326,0.006781428201065864,3.0086347237229347,0.8231388237327337,0.8171913251280785,1.003340370953083
592896,0.015055102252517827,0.01555442129028961,3.1322593316435814,0.3317727781832218,0.07167760847369209,0.013252910517621785,3.393428847193718,1.3080973327159882,0.8055985923856497,0.9245170978829265
593920,0.01194222510093823,0.013418149086646736,2.990188241004944,0.3218852151185274,0.09821268101222813,0.010167823391384445,2.5247331112623215,0.8046281170099974,0.7586753042414784,1.0290292957797647
594944,0.021179951407248154,0.013983236174681224,2.9489312171936035,0.30495036393404007,-0.009627961437217891,0.0101282525138231,2.7755940183997154,1.0339720007032156,0.8008416118100286,0.5678374008275568
595968,0.014313320993096568,0.012075985345290974,3.040748730301857,0.30092295724898577,0.07262590364553034,0.008905540991690941,3.4739995822310448,1.172430507838726,0.8747393945232034,0.7363582346588373
596992,0.016729670562199317,0.009967622274416499,2.9619507044553757,0.3313544513657689,0.06800543997087516,0.012295463966438547,2.9175123795866966,0.8948797285556793,0.8653404004871845,1.3193212747573853
598016,0.017715016670990735,0.01649413100676611,3.1080192774534225,0.429947136901319,0.07499812581227161,0.015167026984272525,2.5910336896777153,0.6620098575949669,0.6804629191756248,1.021765561774373
599040,0.025468258769251406,0.010619719250826165,3.0357320979237556,0.3938210206106305,0.08104181214002892,0.008625634101917967,2.928817741572857,0.8000767417252064,0.7418970251455903,0.9629987124353647
600064,0.024318680225405842,0.015526336734183133,3.1473974734544754,0.37556086853146553,0.06521737584262155,0.0066861277155112475,2.7366814017295837,0.7188728302717209,0.9647849583998322,1.0689238933846354
601088,0.014608645666157827,0.012841812829719856,3.0587047040462494,0.2987739918753505,0.045153833692893386,0.011466087424196303,2.939509265124798,0.9697808939963579,0.8669389057904482,1.1394378710538149
602112,0.01710948668187484,0.010788677420350723,2.9301626160740852,0.2969473637640476,0.056209451373433694,0.006912263357662596,3.0477185994386673,0.9890503622591496,1.223868878558278,0.7504114946350455
603136,0.017015861594700254,0.01645877238479443,3.1593664661049843,0.46661404613405466,0.04135244502685964,0.014239847616408952,3.297125980257988,1.163672810420394,0.7984140394255519,0.8572157295420766
604160,0.008503039076458663,0.008434162969933823,2.926652193069458,0.2670621429570019,0.07429092400707304,0.0065923062356887385,2.0823718421161175,0.4713917337357998,0.8918099403381348,1.0602038204669952
605184,0.03330102056497708,0.012771524576237425,3.1443186923861504,0.43571430165320635,0.03963590576313436,0.008998888544738293,3.1109715923666954,0.8601372595876455,0.9173719082027674,0.7030414808541536
606208,0.008446050516795367,0.009572000126354396,3.1614828407764435,0.3513176888227463,0.0499625176016707,0.009415283144335262,3.3370433300733566,1.13755695335567,0.8537001591175795,0.637097136117518
607232,0.03389979728672188,0.014338638196932152,3.360508404672146,0.4816080192103982,0.08816123940050602,0.012283954143640585,3.5170944705605507,1.3121488131582737,0.8175835451111197,0.748592616058886
608256,0.016963492322247475,0.014833499735686928,3.1008754819631577,0.317265204153955,0.04629090387606993,0.010673380355001427,2.6353214904665947,0.7324343854561448,0.8501873882487416,0.91864915471524
609280,0.015715765868662857,0.014023129682755098,3.122067965567112,0.3468164913356304,0.04514714263495989,0.007349386585701723,3.3065264746546745,1.3959322944283485,0.8881649728864431,0.5129632065072656
610304,0.023134008893975988,0.012510044587543234,3.278484024107456,0.4288006480783224,0.038015568687114865,0.009051846122019924,3.456211343407631,1.612508874386549,0.7557585909962654,0.6113339196890593
611328,0.020809113964787684,0.01710286783054471,3.24771186709404,0.4088118253275752,0.05828241046401672,0.012202434591017663,3.2869650423526764,1.258749222382903,0.8548759445548058,0.7213407764211297
612352,0.01702065786230378,0.017678281554253772,3.042203702032566,0.3043160801753402,0.09315476223127916,0.01129645825130865,3.1221873089671135,1.2137040942907333,1.0599277298897505,0.757690736092627
613376,0.01079483020293992,0.01802827909705229,2.9741769954562187,0.3311333218589425,0.04591565277951304,0.01345593149017077,2.4512027576565742,0.9450382255017757,0.9326970567926764,0.6814590161666274
614400,0.0235750531865051,0.01556699673528783,2.8678837716579437,0.32592655811458826,0.07548224151832983,0.01636361819691956,2.7115673795342445,0.7165196277201176,0.9210190996527672,0.859549748711288
615424,0.016713634060579352,0.012162812330643646,3.1155709475278854,0.42221693601459265,0.04045191255863756,0.010958733459119685,2.4403451681137085,0.665839547291398,0.8653797311708331,1.2557346122339368
616448,0.006506130899651907,0.00995896925451234,3.0416087731719017,0.3019750276580453,0.09650128267821856,0.010119686383404769,3.224125273525715,1.1416686717420816,0.7979077780619264,0.7520401617512107
617472,0.02372731440118514,0.0129555071471259,3.056470513343811,0.34235214069485664,0.1129767978854943,0.008589565099100582,3.313592664897442,1.1410217862576246,0.8113684495911002,0.6093624224886298
618496,0.007723158778389916,0.01283101832086686,3.133164130151272,0.34327496960759163,0.07437081314856187,0.007075167668517679,3.43917865306139,1.1058358512818813,0.9416482904925942,0.5163838751614094
619520,0.01680363751074765,0.012536649170215242,2.979079857468605,0.3246631398797035,0.07807889409014024,0.009264329171855934,3.7924892976880074,1.5049778446555138,0.7122754929587245,0.8044242905452847
620544,0.020879384981526528,0.013091721935779788,3.0628878995776176,0.3142740102484822,0.06266215653158724,0.005466905487992335,3.5120160430669785,1.3754744194447994,0.8673461321741343,0.8052919921465218
621568,0.01048664482368622,0.012814800429623574,3.1262498944997787,0.38959017023444176,0.02956976646964904,0.006475173126091249,3.0032160878181458,1.1223325431346893,0.7879681624472141,0.5868193516507745
622592,0.008574099483666942,0.010468270556884818,3.013620048761368,0.3172552417963743,0.04247025534277782,0.008333656543982215,2.4755376502871513,0.7023338107392192,0.8251306358724833,0.74498544447124
623616,0.006225091783562675,0.017809408687753603,3.219328686594963,0.4296493176370859,0.022071927145589143,0.011632548936177045,3.308263972401619,1.414544576779008,0.72665392793715,0.7214016076177359
624640,0.02795924785459647,0.027144244697410613,3.104926362633705,0.34459916315972805,0.07444579040748067,0.014564166602212936,3.1925006806850433,1.1630418002605438,0.8441826347261667,0.9147807648405433
625664,0.019887785805622116,0.01688995392760262,2.9917703196406364,0.3238273998722434,0.06717445101821795,0.011436370710725896,2.9914936274290085,0.8932037632912397,0.8189168376848102,1.0145781878381968
626688,0.01582340057939291,0.0121548903407529,2.9741247966885567,0.36261369474232197,0.06546142982551828,0.006693086790619418,2.7277007177472115,0.7203495278954506,0.6216887943446636,0.7745306696742773
627712,0.02523424210085068,0.018935823580250144,3.0760179311037064,0.37946704868227243,0.007172951532993466,0.010183561171288602,1.7088044360280037,0.351024660281837,0.8388311266899109,1.1292510870844126
628736,0.01931177436199505,0.011315250871120952,2.949421875178814,0.32164234947413206,0.02873007391463034,0.006140735553344712,2.1362387649714947,0.49974481109529734,0.7426956370472908,0.9838127503171563
629760,0.04113305035571102,0.009775422789971344,2.8843920454382896,0.5459286384284496,0.005484167457325384,0.006381831313774455,2.335383277386427,0.577916051261127,0.6402639988809824,0.5595128675922751
630784,0.015338589219027199,0.0165250473364722,2.7229978516697884,0.2091982546262443,0.027162483893334866,0.010658122628228739,2.5526169314980507,0.9656344819813967,1.0191035605967045,0.9574457928538322
631808,0.014941444096621126,0.020085525349713862,3.156851626932621,0.3522430816665292,0.08553921253769659,0.008840496535412967,3.5664602667093277,1.6316462233662605,0.8229459961876273,0.5166431544348598
632832,0.015962932055117562,0.013051910209469497,3.1585009545087814,0.3381420327350497,0.06473156483843923,0.008691096358234063,3.3798050358891487,1.2204523589462042,0.8129471745342016,0.8619214128702879
633856,0.015955414215568453,0.01786703779362142,3.0590590089559555,0.3237481201067567,0.08029844082193449,0.017955410323338583,3.12924874573946,0.9637169167399406,0.8371432144194841,0.7866054754704237
634880,0.009939400842995383,0.012951674783835188,3.004814513027668,0.24717712495476007,0.07769163174089044,0.00860454686335288,2.9232712164521217,0.93099345266819,0.8288976447656751,0.9191001076251268
635904,0.003675458239740692,0.010186384155531414,3.3225094974040985,0.36586692556738853,0.08549537535873242,0.007172732839535456,3.7455732226371765,1.5180330276489258,0.8648652313277125,0.6848803032189608
636928,0.028249575196241494,0.012415325647452846,3.1736745685338974,0.38933133613318205,0.0873285352718085,0.0070649874687660486,3.391537845134735,1.2305538076907396,0.8109259316697717,0.8393751289695501
637952,0.017535120961838402,0.009316129886428826,2.9585231468081474,0.3468548497185111,0.1087688923580572,0.00841209915233776,3.4700291827321053,1.0003725700080395,0.7477974779903889,0.9848605338484049
638976,0.012044656847137958,0.0163452802808024,3.0447488129138947,0.30881332885473967,0.023721595178358257,0.011860242288094014,2.846444398164749,0.8503265846520662,0.7663103565573692,1.1321247592568398
640000,0.004081743798451498,0.014482204976957291,3.143168918788433,0.35076229833066463,0.044795083173085004,0.01063613995211199,3.5386532992124557,1.3628261350095272,0.711362193338573,0.7619021907448769
641024,0.034426391692250036,0.018228451983304694,3.182547762989998,0.4136529304087162,0.12313182558864355,0.010076866441522725,3.2594323605298996,1.1790388226509094,1.0258572716265917,1.4460958428680897
642048,0.002502029834431596,0.013828201306750998,3.035808004438877,0.2916113929823041,0.05910180020146072,0.010402836254797876,3.3792984783649445,1.132951283827424,0.6361279878765345,0.8537421263754368
643072,0.0304535984469112,0.022787399764638394,3.15444865077734,0.3967312453314662,0.05647726729512215,0.015003277192590758,2.723420411348343,0.7386849634349346,0.7901311004534364,1.2052675373852253
644096,0.011857434903504327,0.019850193290039897,3.084936387836933,0.34750773571431637,0.07067664817441255,0.012186342719360255,3.1677789092063904,0.9281237944960594,0.8392802197486162,0.8238047324120998
645120,0.007440742338076234,0.02078041189815849,3.018152840435505,0.2985915429890156,0.05098747095325962,0.01362230331869796,2.4459791108965874,0.5498903393745422,1.0504832472652197,0.9114336660131812
646144,0.018128224430256523,0.012496912298956886,2.891036778688431,0.28549170307815075,0.038864427944645286,0.004968904548150022,2.813839539885521,0.7070610448718071,0.859022531658411,0.8864733390510082
647168,0.008297457883600146,0.013201243476942182,2.951093092560768,0.33992263907566667,-0.033675239013973624,0.010846117133041844,3.343788616359234,1.6148225162178278,0.5914972061291337,0.5884873308241367
648192,0.008721589139895514,0.014183053164742887,2.762408599257469,0.36766850482672453,0.04808268346823752,0.008438654447672889,3.0922760739922523,1.0296727661043406,0.8703517057001591,0.9972260985523462
649216,0.02561987267108634,0.011587476488784887,2.819439209997654,0.33252294175326824,-0.020538693584967405,0.006315952115983237,3.2113350182771683,1.2428206726908684,0.9524673577398062,0.6829382702708244
650240,0.010902861802605912,0.014221595687558874,2.983134262263775,0.3450042475014925,0.07119080290431157,0.009772123317816295,3.097142793238163,1.0194575041532516,0.9151238650083542,0.7548564895987511
651264,0.013194361032219604,0.02111156433238648,3.1146533116698265,0.3080966016277671,0.0888124707271345,0.012689058057731017,3.582461826503277,1.5187137313187122,0.7412837604060769,0.7308558681979775
652288,0.022173315519466996,0.016008087404770777,3.1670090779662132,0.33757065422832966,0.12844125041738153,0.011395268040359952,3.210468016564846,1.5744864232838154,0.6716636084020138,0.6189871914684772
653312,0.015699100971687585,0.012026723299641162,3.2709426060318947,0.36546867433935404,0.09807480094605125,0.0071978482155827805,3.7215599045157433,2.1086949706077576,0.6612712005153298,1.0484345238655806
654336,0.02442359876295086,0.019031628966331482,3.1752966567873955,0.40029237139970064,0.045872155475080945,0.014036805194336921,2.881038010120392,0.8517260551452637,0.866766125895083,0.9365558503195643
655360,0.024580480458098464,0.013400368246948346,3.155122436583042,0.3352251360192895,0.09975313712493517,0.01040312547411304,3.1157560497522354,1.0063833203166723,0.7898144228383899,0.9149829400703311
656384,0.019142725635902025,0.015242546680383384,3.1128008291125298,0.36256879568099976,0.09958462908980437,0.017974807356949896,3.424443371593952,1.0418763775378466,0.7264637388288975,0.7996045984327793
657408,0.012406561363604851,0.007164227434259374,3.0568702295422554,0.27522493712604046,0.08166147081647068,0.007205007110314909,3.3410640507936478,0.9087499435991049,0.9550292966887355,0.9659013524651527
658432,0.020168297494819853,0.007960805975017138,2.989176094532013,0.34316223207861185,0.05159524269402027,0.005619988689431921,3.207306444644928,0.8717744462192059,0.851658545434475,0.8085300419479609
659456,0.009752166122780181,0.012589257239596918,3.140049032866955,0.3230006620287895,0.0561303228023462,0.015090660832356662,3.1290516331791878,1.0491875149309635,0.804592315107584,1.010074321180582
660480,0.011440766247687861,0.00870411547657568,3.068540647625923,0.32509961910545826,0.05889848220977001,0.009046295119333081,3.049111247062683,1.0179328434169292,0.8243847722187638,0.9381458144634962
661504,0.013084417849313468,0.010331442914321087,3.217469535768032,0.45351138431578875,0.06934279471170157,0.0056156658683903515,2.4363803938031197,0.6214484944939613,0.7083286838606,0.7693847510963678
662528,0.0020280916651245207,0.00928152170672547,3.330552749335766,0.4782114801928401,0.0646069553331472,0.004722552781458944,3.299925349652767,1.010428199544549,1.0287282951176167,0.5787865882739425
663552,0.023758044437272474,0.022932111576665193,2.9883969351649284,0.33351397048681974,0.04742353406618349,0.01178169617196545,3.051206611096859,0.7448469363152981,0.8308062013238668,0.66216005012393
664576,0.017670433400780894,0.016927051998209208,3.2486312687397003,0.40601181983947754,0.04729928486631252,0.011545416244189255,2.661455027759075,0.6337103433907032,0.8391733970493078,0.9622935093939304
665600,0.0242569927504519,0.005006509731174447,3.2575800642371178,0.4355907207354903,0.04862285732815508,0.003061780211282894,2.363932352513075,0.5056714480742812,0.5833440804854035,0.8279534466564655
666624,0.009130265447311103,0.007673414555029012,3.19971065223217,0.5380875933915377,0.05060326764942147,0.011693986467435025,3.1532043516635895,0.9259731639176607,0.6403506118804216,0.7568480269983411
667648,0.016680709552019835,0.010794049478136003,3.1039528027176857,0.436188779771328,0.033465796877862886,0.007117163258953951,3.085328094661236,0.8519962327554822,0.8344857767224312,0.7767619946971536
668672,0.03542455181013793,0.016355322557501495,3.114582195878029,0.4184009414166212,0.05107270574080758,0.009078927745576948,2.8560937643051147,0.6891123037785292,0.8705057427287102,0.862511957064271
669696,0.012726062079309486,0.01632307341787964,2.9741720110177994,0.3435331592336297,0.026632337147020735,0.007391124025161844,3.0439730286598206,0.9519676119089127,0.744093082845211,0.8089036056771874
670720,0.018741700157988816,0.00859448334085755,3.114598296582699,0.38392343558371067,0.0734373173181666,0.006851513899164274,3.321812391281128,1.2341672722250223,0.6258376212790608,0.582299224101007
671744,0.02161360890022479,0.012785878061549738,3.1812113374471664,0.3642430528998375,0.07373668707441539,0.007802757099852897,3.1507232263684273,0.9927429091185331,0.9806258771568537,0.9025182658806443
672768,0.01943009890965186,0.012449908623239025,3.290629915893078,0.407136351801455,0.05965536946314387,0.010114890930708498,3.278159648180008,1.0431149397045374,0.7573014348745346,0.766846401616931
673792,0.015526518327533267,0.02849174151197076,3.246744565665722,0.39687099028378725,0.0391123769513797,0.019494447886245325,3.0290211141109467,1.0714168548583984,0.8323474116623402,0.8881518319249153
674816,0.014345954536111094,0.017226695723365992,3.090220585465431,0.348108203150332,0.07320169411832467,0.01519391918554902,2.933013305068016,0.9602960087358952,0.9381009098142385,0.7195422714576125
675840,0.02047070259868633,0.016807249368866906,3.231149971485138,0.43585982266813517,0.05964303156360984,0.009530575523967855,2.886200949549675,0.8931015972048044,0.7281077858060598,0.9824839709326625
676864,0.02822985328384675,0.01936073589604348,3.014715261757374,0.4465707363560796,0.08054100984008983,0.012886961063486524,2.6182827055454254,0.6483497340232134,0.859468711540103,0.850474139675498
677888,0.015561142165097408,0.013133965083397925,2.968893200159073,0.30085761472582817,0.046006402670172974,0.008720895639271475,2.673680327832699,0.7784333303570747,0.8497834959998727,0.8207059996202588
678912,0.011090411971963476,0.013731738377828151,2.9364503622055054,0.2729024081490934,0.036256968684028834,0.007268853893037885,2.0227223560214043,0.47466542944312096,1.2107878541573882,0.872938372194767
679936,0.01083028712309897,0.012022504364722408,3.0606733188033104,0.42265683878213167,0.06830516090849414,0.007339598698308691,3.2877678275108337,0.9237974751740694,1.3302554078400135,1.1037727408111095
680960,0.008493594534229487,0.007368909849901684,2.996280260384083,0.2915576361119747,0.031325281801400706,0.0046855645487084985,2.7598176449537277,0.7444273438304663,1.0631089331582189,0.7575373630970716
681984,0.015133121865801513,0.0122343994298717,3.086594820022583,0.297007673420012,0.003662947900011204,0.007091810388374142,2.8363863825798035,0.9307024367153645,0.9624139536172152,0.9195913271978498
683008,0.03525295763392933,0.01065897528314963,2.9018727615475655,0.467517061624676,0.061093222931958735,0.012764328072080389,2.5690420381724834,0.9380133152008057,0.6661152932792902,0.852281715720892
684032,0.024796823068754748,0.009307838321547024,3.1083005368709564,0.3635316202417016,0.04688891727710143,0.006918914521520492,3.0239435210824013,0.8271111734211445,0.6299718488007784,0.9183356035500765
685056,0.023666162422159687,0.010868743236642331,3.2330657690763474,0.45416554156690836,0.051584059838205576,0.011765930910769384,3.285564713180065,0.9581184070557356,0.5615481035783887,0.7929355651140213
686080,0.009422205592272803,0.013825640693539754,3.128243163228035,0.3198239579796791,0.0578501564450562,0.011981903749983758,3.403561420738697,1.212719727307558,0.9108605999499559,0.9984131744131446
687104,0.01883647903741803,0.01766239441349171,3.198984280228615,0.3460857532918453,0.043031751876696944,0.00893974641803652,2.8242530077695847,0.8024955987930298,0.9671971444040537,0.6948078349232674
688128,0.014948657480999827,0.00847335958678741,3.138809621334076,0.3119537653401494,0.053540219902060926,0.009792181735974737,3.3569877445697784,1.11430050060153,0.7693346738815308,0.8249116158112884
689152,0.021153104986296967,0.01832348562311381,2.982113942503929,0.3288291608914733,0.07640518073458225,0.012358470004983246,2.897003762423992,0.8120597992092371,0.7271683560684323,0.984785869717598
690176,0.016471659691887908,0.014201184472767636,3.0680995881557465,0.35123897437006235,0.05442682810826227,0.009004747029393911,2.931789420545101,0.873771421611309,0.7704035360366106,0.8616210324689746
691200,0.014066571660805494,0.01463349544792436,3.0133524909615517,0.2843627124093473,0.09779051737859845,0.010392188050900586,3.198120392858982,1.3119761012494564,0.710306791588664,0.7746055899187922
692224,0.01779380504740402,0.00938810725347139,3.1623479798436165,0.3214497584849596,0.07560753636062145,0.008717280492419377,3.408737115561962,1.3664806000888348,0.8378332387655973,0.8304195273667574
693248,0.01966694265138358,0.014001197618199512,3.1987210735678673,0.3540224190801382,0.06257450189150404,0.008793065760983154,3.274501882493496,1.1792432200163603,0.6688883509486914,0.8407539576292038
694272,0.022523861058289185,0.011673030370729975,3.2349909394979477,0.43929721508175135,0.06222796622023452,0.010748823508038186,3.1650905832648277,0.9761836528778076,0.5907596619799733,0.7578104017302394
695296,0.021402883518021554,0.012136624922277406,3.2744238674640656,0.4188239695504308,0.07934892739285715,0.007465551505447365,3.698587231338024,1.4706118404865265,0.6837219195440412,0.7723612291738391
696320,0.011370655352948233,0.011099638490122743,3.1159126311540604,0.35176475439220667,0.07173533469904214,0.007788819202687591,3.1706724390387535,1.0362548902630806,0.7852087896317244,0.8262087926268578
697344,0.020283776088035665,0.01586978681734763,3.057950422167778,0.33539712987840176,0.08538764575496316,0.010100511863129213,3.0016063302755356,0.9550180342048407,0.7359221586957574,0.8259198339655995
698368,0.0076509187201736495,0.014929398166714236,3.102946512401104,0.2950735678896308,0.040504731237888336,0.009035473383846693,3.1004174947738647,1.0467664059251547,0.7120921900495887,0.7346130926162004
699392,0.019803967064945027,0.022342831565765664,3.0405605509877205,0.30375500209629536,0.04471463296795264,0.015403486177092418,3.3861703500151634,1.1333838049322367,0.8535654144361615,0.9988220538944006
700416,0.0013036236050538719,0.012820734118577093,3.0537819862365723,0.34463748801499605,0.07622516265837476,0.010036261228378862,2.7835698053240776,0.7906110920011997,0.6310321902856231,0.858766533434391
701440,0.03332469201995991,0.010911211531492881,3.077957406640053,0.3419414320960641,0.08769986432162113,0.008681825886014849,3.027940794825554,0.8047440908849239,0.7073471294716001,0.7306151054799557
702464,0.009539730934193358,0.011725008604116738,2.977373883128166,0.3004910619929433,0.04197036426921841,0.008189169078832492,3.243298217654228,0.9537282846868038,0.764499663375318,0.7424527416005731
703488,0.01438812379637966,0.010812713371706195,3.1454090252518654,0.3303568996489048,0.07480006269179285,0.007583141326904297,3.0142782032489777,0.9552868753671646,0.5728023508563638,1.0772912511602044
704512,0.014521921169944108,0.017772560997400433,3.045866161584854,0.2904120599851012,0.09275669109774753,0.010713120514992625,3.2576480209827423,0.963655723258853,0.7523369938135147,0.9083087584003806
705536,0.00630171230295673,0.020250133267836645,3.047632336616516,0.3107044314965606,0.07914028986124322,0.007607397375977598,2.9683652594685555,0.7230426017194986,0.7150590876117349,0.77964723482728
706560,0.013839704042766243,0.010327370357117616,2.980892799794674,0.33263731095939875,0.06639603129588068,0.007504741530283354,3.1354824602603912,0.9033939559012651,0.6583589296787977,0.7498819613829255
707584,0.0032919558725552633,0.006847604192444123,2.9797620847821236,0.30496737267822027,0.05513198091648519,0.0076945590117247775,2.5506179109215736,0.7122857887297869,0.5856963116675615,0.7944343127310276
708608,0.02567665124661289,0.006208603568666149,3.1366708129644394,0.3962962031364441,0.061673825344769284,0.007111457336577587,3.1449879184365273,0.8773369565606117,0.7785934321582317,0.7050356874242425
709632,0.012761621284880675,0.00908458924095612,3.1860334128141403,0.4070303123444319,0.03125785390147939,0.007339155468798708,3.048524461686611,0.9440637044608593,0.6598864141851664,0.7176949363201857
710656,0.021335420664399862,0.01849085499998182,3.0803627595305443,0.3524707704782486,0.03312359465053305,0.014574175627785735,3.3291129618883133,1.2338301874697208,0.7467503789812326,0.80324312672019
711680,0.022106788630480878,0.009200453641824424,3.0239164009690285,0.3275699196383357,0.11415966803906485,0.007292992595466785,3.184854008257389,0.9980079047381878,0.8891006903722882,0.9677284909412265
712704,0.013472432139678858,0.012506054161349311,3.095975622534752,0.33533200342208147,0.01727362048404757,0.007557366188848391,3.1253947615623474,1.103678472340107,0.7267898097634315,0.6388853518292308
713728,0.014829055202426389,0.021013036835938692,3.062762312591076,0.3426423203200102,0.0725618624855997,0.011695434077410027,3.140772335231304,1.0415775198489428,0.8221330605447292,0.7474307222291827
714752,0.02039955808140803,0.019085273233940825,3.252006269991398,0.39973518811166286,0.025519563059788197,0.00892788969213143,2.4352611005306244,0.7728896122425795,0.8695745477452874,0.7234987569972873
715776,0.016142191481776536,0.015140311617869884,3.139334589242935,0.3332787761464715,0.06876957457279786,0.01478072177269496,2.9364257603883743,1.0573940016329288,0.8686405904591084,0.9730887077748775
716800,0.009173041551548522,0.013084111036732793,3.138199269771576,0.315188935957849,0.035121638007694855,0.009771039563929662,2.7006255388259888,0.8289685025811195,0.7060857666656375,0.9338514832779765
717824,0.0068429369712248445,0.011204676062334329,2.997681573033333,0.2898330553434789,0.06886481813853607,0.008216775851906277,3.0670071169734,0.924101123586297,0.6809632927179337,0.8842535261064768
718848,0.013513927347958088,0.011923470927285962,3.112699069082737,0.36412120424211025,0.03763865726068616,0.008523644151864573,3.1077311411499977,1.0747670382261276,0.9464435409754515,0.6622196519747376
719872,0.006397553574061021,0.007237641540996265,3.078984558582306,0.4068477610126138,0.061107002111384645,0.00562945017736638,2.830383561551571,0.8966419361531734,0.6208820249885321,0.6605189237743616
720896,0.00713572499807924,0.016259584022918716,3.1737028062343597,0.4153281534090638,0.056382185517577454,0.008203536926885135,2.8204962611198425,0.9200466405600309,0.802298791706562,0.8376407576724887
721920,0.023575365485157818,0.013471780126565136,3.0964896008372307,0.33689608331769705,0.05230812667286955,0.009010074776597321,3.351469039916992,1.1762904897332191,0.9004511125385761,0.6431746566668153
722944,0.028376460002618842,0.013325686799362302,3.2070913836359978,0.3958396390080452,0.07593445319798775,0.009137075554463081,2.9181091338396072,0.951509041711688,0.8061114447191358,0.7294082334265113
723968,0.017220921828993596,0.012183461789391004,3.0140287205576897,0.3552104393020272,0.03928878347505815,0.00790652641444467,2.434241145849228,0.6112252939492464,0.8829288631677628,0.9206424066796899
724992,-0.002061858103843406,0.008683357125846669,3.043544240295887,0.2733929236419499,0.05500664870487526,0.003539744229783537,3.33218764513731,1.199420005083084,0.7975332774221897,0.6310663344338536
726016,0.020868585575954057,0.01544608929543756,3.141024947166443,0.3997767185792327,-0.006900984735693783,0.01577904136502184,2.7635156139731407,1.0738851595669985,0.6665253192186356,0.75994145963341
727040,0.019393227164982818,0.01868304004892707,2.8584895581007004,0.328780566342175,0.10645240725716576,0.012770305431331508,3.476950339972973,1.6121752373874187,0.6627797102555633,0.7720154970884323
728064,0.010384351029642858,0.019364842650247738,3.0742728784680367,0.3106066482141614,0.07711415900848806,0.016531755565665662,3.370713487267494,1.0835902728140354,0.8992949072271585,1.060128228738904
729088,0.02260319428751245,0.019201369752408937,3.1015793085098267,0.3290484379976988,0.06573671323712915,0.012111403339076787,2.992071144282818,0.8269868176430464,1.0800642352551222,1.039965495467186
730112,0.025816008375841193,0.014027401892235503,3.0208979696035385,0.3913231622427702,0.0999845004407689,0.0052935360799892806,3.223233312368393,1.0762622635811567,0.9069573357701302,0.6578184999525547
731136,0.015265797643223777,0.013259483181172982,2.8680740296840668,0.33322745468467474,0.10356900113401935,0.009719264751765877,3.038223221898079,0.7895498219877481,0.8207903057336807,0.9773085974156857
732160,0.016008981940103695,0.012711454430245794,3.0607579201459885,0.3540800893679261,0.05027420731494203,0.009825605957303196,3.4103286266326904,0.9957355596125126,0.8365870509296656,0.7009736755862832
733184,0.020275421760743484,0.014389640680747107,3.0427899584174156,0.33676313515752554,0.05865511493902886,0.007407278688333463,3.321938209235668,1.043250061571598,0.8301603561267257,0.8344031050801277
734208,0.014112499506154563,0.007347976352320984,2.9226046428084373,0.3110682088881731,0.03486192098353058,0.0030777109204791486,3.082024112343788,0.950691157951951,0.6584313353523612,0.5094562359154224
735232,0.019582713168347254,0.013717060530325398,3.0034396946430206,0.33826529514044523,0.03772899335308466,0.01073506184911821,3.3339746296405792,1.427006296813488,0.7386452360078692,0.6017906656488776
736256,0.010438241515657865,0.014545259182341397,3.068762794137001,0.33465647511184216,0.11661196686327457,0.012219682132126763,3.061355270445347,1.0002343654632568,0.98492013476789,0.908712076023221
737280,0.019319199447636493,0.01298949180636555,3.0657939314842224,0.3388354340568185,0.10509906918741763,0.007878908931161277,3.145934522151947,0.8605120908468962,0.7528117028996348,0.8593534622341394
738304,0.005627289530821145,0.015451381506863981,2.971607930958271,0.2922215275466442,0.04163525097828824,0.01082269758626353,2.9659339264035225,0.8243441767990589,0.724092504940927,0.9575944030657411
739328,0.015318540361477062,0.010652391647454351,3.0738998353481293,0.36446950770914555,0.11206903512356803,0.006719160788634326,3.108776740729809,0.9356047678738832,0.8110610051080585,0.8341586524620652
740352,0.021292806763085537,0.012362338253296912,3.047710172832012,0.3529717596247792,0.0948046342091402,0.007013353970251046,3.2463513240218163,0.998467180877924,0.860724562779069,0.6898524155840278
741376,0.012307005265029147,0.013369731314014643,3.32830148935318,0.46199930272996426,0.05172788567142561,0.008794841298367828,3.3413865715265274,1.1003384925425053,0.7521470580250025,0.5417079050093889
742400,0.01311780180549249,0.01596266555134207,2.9468162655830383,0.28454895690083504,0.06667653119075112,0.011179748180438764,2.8812934681773186,0.7147928718477488,0.9134119246155024,0.7966691581532359
743424,0.006318656800431199,0.010960444764350541,3.149427391588688,0.28703688783571124,0.03804708953248337,0.005191386087972205,3.454392783343792,1.0444199107587337,1.0821425430476665,0.5407334184274077
744448,0.009202945366268978,0.007404491276247427,3.092581979930401,0.32985260244458914,0.08778023711056449,0.0059253365761833265,3.287817806005478,0.875723460689187,0.7100803209468722,0.6913674483075738
745472,0.017276566082728095,0.017363077960908413,3.0383929014205933,0.350965584628284,0.05387770110974088,0.011361717799445614,2.9615754410624504,0.8361979387700558,0.7488047564402223,0.7510711997747421
746496,0.030655343856778927,0.013368924905080348,3.1539168432354927,0.40646154899150133,0.08065097336657345,0.00532701681368053,3.238729290664196,1.017401920631528,0.6979209221899509,1.139907211996615
747520,0.023191118059912696,0.013736684602918103,2.9581893160939217,0.3742410158738494,0.040546694974182174,0.011548645794391632,3.151485361158848,0.9431326314806938,0.7699983259662986,0.5689595527946949
748544,0.0030869445472490042,0.01639951777178794,2.959195926785469,0.30487945303320885,0.042873770915321074,0.00939490704331547,3.105222314596176,0.8761447034776211,0.8367072371765971,0.6751012597233057
749568,0.009094089909922332,0.01500276240403764,3.117242433130741,0.37413314916193485,0.045415461354423314,0.009737348664202727,3.330978862941265,1.0348288286477327,0.7996024386957288,0.5351888919249177
750592,0.0323941807000665,0.02131336511229165,3.2910959124565125,0.4490388622507453,0.05508378065133002,0.01338722591754049,2.9896373823285103,0.8888553660362959,0.7474445477128029,0.7907276451587677
751616,0.018964149450766854,0.015635047253454104,3.025659441947937,0.3054306525737047,0.08155533351236954,0.010508298582863063,2.7935891896486282,0.7352829556912184,0.8386913724243641,0.9570992300286889
752640,0.01638844670378603,0.014890301681589335,3.063281774520874,0.3114139046519995,0.09568375465460122,0.011773062680731528,3.5373903438448906,1.282794278115034,0.735077828168869,0.5656510731205344
753664,0.005812866846099496,0.01601709332317114,3.0838314667344093,0.29720927216112614,0.07029265788150951,0.01140701251279097,3.763058342039585,1.4499782733619213,1.0272529777139425,0.4636663757264614
754688,0.004334991535870358,0.013050736539298669,3.092405140399933,0.3109472943469882,0.012965658155735582,0.008439583180006593,3.6878089532256126,1.7726850286126137,0.8687565447762609,0.4301259913481772
755712,0.00785238845855929,0.012302685412578285,3.166933409869671,0.36392204463481903,0.07781316110049374,0.008955841374699958,3.7542877197265625,1.7789275012910366,0.6979762809351087,0.6790031995624304
756736,0.026869235967751592,0.01438022093498148,3.159952364861965,0.36106341425329447,0.12040955293923616,0.010285025971825235,3.2192197293043137,1.0762009490281343,0.564950454980135,0.9252274800091982
757760,0.018229952576803043,0.01115016482071951,2.993590958416462,0.28370584547519684,0.0750601647887379,0.008532139254384674,2.928605742752552,0.8004915360361338,0.6848491914570332,0.9137067534029484
758784,0.0072898626094684005,0.008500066498527303,3.05583443492651,0.27709514182060957,0.05866570433136076,0.007945203629788011,3.228800430893898,0.9819151442497969,0.6672002449631691,0.8197112940251827
759808,0.009948716964572668,0.011007626002538018,3.1603115871548653,0.3382938336580992,0.02519116255280096,0.010642268221999984,3.2580745443701744,1.004689373075962,0.8290744982659817,0.7628143355250359
760832,0.023062189371557906,0.016218485543504357,3.091299369931221,0.3480545450001955,0.07119638321455568,0.009823824701015837,3.593375787138939,1.1305684223771095,0.8820915073156357,0.6890680883079767
761856,0.012891894904896617,0.009870558889815584,3.0505481138825417,0.2883241754025221,0.0980097742867656,0.008971813775133342,3.7405325323343277,1.6486615017056465,0.6022143736481667,0.7026913454756141
762880,0.005401677219197154,0.012837520087487064,3.048555336892605,0.33158837258815765,0.12656850897474214,0.010441953709232621,3.6044991612434387,1.2335833087563515,0.767635372467339,0.8995269360020757
763904,0.025562787195667624,0.012298770918278024,3.148878611624241,0.34298057295382023,0.06561798430630006,0.011415788118029013,3.6149019822478294,1.2181736715137959,0.6681164735928178,0.6141016278415918
764928,0.01225363822595682,0.009972106607165188,3.312581092119217,0.46488842833787203,0.07945372664835304,0.006653964737779461,3.1446052342653275,1.0199463684111834,0.5828379709273577,0.6479746662080288
765952,0.010182839454500936,0.013096440816298127,3.0058190897107124,0.26956547517329454,0.0951214077649638,0.009239358143531717,3.3867740258574486,1.1522015761584044,0.7642601197585464,0.7678125659003854
766976,0.012184245118987747,0.00989029256743379,3.1643818095326424,0.3983964715152979,0.09257545077707618,0.00847120407706825,3.6520624607801437,1.1367656737565994,0.5921171894297004,0.6231472929939628
768000,0.017815439234254882,0.016396234277635813,2.9554759711027145,0.3032553754746914,0.09390211361460388,0.008981582068372518,3.5277160182595253,1.1890181489288807,0.6579550858587027,0.8932540761306882
769024,0.01258353321463801,0.01776791430893354,3.0598728209733963,0.3912693224847317,0.06883263844065368,0.010162021615542471,3.163005694746971,0.8385621849447489,0.7061635199934244,0.8125836355611682
770048,0.01322052933392115,0.017884040251374245,2.908076785504818,0.29908374045044184,9.86533414106816e-05,0.006363729451550171,3.4075361639261246,1.3831389397382736,0.7270326763391495,0.6238720156252384
771072,0.011266346627962776,0.017464951262809336,2.9459034502506256,0.29505204875022173,0.10099734665709548,0.012342619796982035,3.7536918744444847,1.3763498365879059,0.7451179036870599,0.6695637507364154
772096,0.015562918313662522,0.02005461000953801,3.1598023176193237,0.33067574817687273,0.09550193464383483,0.011672972497763112,3.651285633444786,1.6129496060311794,0.8518198616802692,0.9368525184690952
773120,0.01821675219980534,0.022036278853192925,3.0165956020355225,0.30032744631171227,0.11425673449411988,0.016120192740345374,3.4499049186706543,1.0482109058648348,0.7207205463200808,0.7190680298954248
774144,0.0032572005584370345,0.010295464016962796,2.989245742559433,0.27982529951259494,0.07125418669602368,0.007927444734377787,3.090329125523567,0.9893170036375523,0.576682087033987,1.1188706532120705
775168,0.014898556633852422,0.01150543536641635,3.1087625175714493,0.3154648579657078,0.05008585967880208,0.009479512009420432,3.0791188776493073,1.0651328209787607,0.8730604853481054,0.9673832170665264
776192,0.011686334953992628,0.016244184313109145,2.9638782739639282,0.293246197514236,0.03583742574846838,0.01220270077465102,2.811059556901455,0.8647341746836901,0.6522216247394681,0.7543256804347038
777216,0.02917760651325807,0.013105778663884848,3.024706117808819,0.37838487420231104,0.06049921912199352,0.010478383730514906,2.8865146562457085,0.8864841004833579,0.6366261411458254,0.9076632857322693
778240,0.005087793892016634,0.007710585268796422,3.0610063672065735,0.2937024421989918,0.0647445076610893,0.007152494799811393,3.436701476573944,1.1435268074274063,0.8512014951556921,0.6804843209683895
779264,0.014595782820833847,0.00892019433376845,3.0579781904816628,0.3337184973061085,0.10144192184088752,0.008106066467007622,3.466467924416065,1.2089225631207228,0.6849396228790283,0.8859738325700164
780288,0.009256403835024685,0.008078661761828698,3.058327004313469,0.29963572416454554,0.05543698649853468,0.004377748558908934,2.677140787243843,0.658169450238347,0.8092869371175766,0.7123231096193194
781312,0.01548195279610809,0.012816566042602062,3.0186380222439766,0.31137872114777565,0.057999001612188295,0.0109795602329541,3.2319900318980217,0.916359530761838,0.7799255754798651,0.6422469513490796
782336,0.009356699927593581,0.009760611515957862,3.033468507230282,0.34068579226732254,0.06055766821373254,0.009268459907616489,3.1700509339571,0.9034475293010473,0.6254153670743108,0.6606120467185974
783360,0.0046615576720796525,0.011258704282226972,2.876792959868908,0.347685675136745,0.04268006669008173,0.008486338650982361,3.3940745666623116,1.096940552815795,0.7617974998429418,0.5815451135858893
784384,0.018305624849745072,0.01256460057629738,3.0010931193828583,0.36998695600777864,0.1149935202265624,0.00897090531361755,3.526858203113079,1.2604881897568703,0.724378215149045,0.6469796411693096
785408,0.013809473864967003,0.012431133742211387,3.0016700848937035,0.32252907659858465,0.07508278012392111,0.01017197617329657,3.180930271744728,0.844046525657177,0.7152457302436233,0.7937406217679381
786432,0.008009968412807211,0.007490991571103223,3.1202010959386826,0.3727189777418971,0.09120600653113797,0.007369339808064979,3.201834574341774,0.9516180884093046,0.5455291550606489,0.9702726285904646
787456,0.016765677864896134,0.01125525932002347,3.151436135172844,0.38797865621745586,0.10138577892212197,0.008453042988548987,3.2486974969506264,1.0282609444111586,0.715265916660428,0.6165844779461622
788480,0.008458341035293415,0.012229888045112602,3.177178166806698,0.43401523493230343,0.04010148119414225,0.007463769914465956,3.074969045817852,0.8440600000321865,0.6907155569642782,0.5647931471467018
789504,0.0158338454348268,0.005924627221247647,3.0944943130016327,0.3072725282981992,0.070037204422988,0.00623697185801575,3.3826123625040054,1.0748684126883745,0.7642048737034202,0.5962251471355557
790528,0.016071915510110557,0.015827896975679323,3.1151691526174545,0.33489126805216074,0.06301920741680078,0.01072917330020573,3.0187190398573875,0.8784097693860531,0.871448190882802,0.7221940215677023
791552,0.022387536315363832,0.01045766839524731,3.0195169746875763,0.3820948703214526,0.0471407295553945,0.007134066989237908,2.921301580965519,1.0278415251523256,0.7728485763072968,0.6143843252211809
792576,0.028896127390908077,0.010154814517591149,3.3091077506542206,0.4848845414817333,0.02612497005611658,0.0073892767541110516,3.43080236017704,1.1856808196753263,0.8020127937197685,0.5115440180525184
793600,0.0326616828533588,0.009004092979012057,2.9971318393945694,0.3778114365413785,0.07176671475463081,0.00818284269189462,3.3207093253731728,0.9746489766985178,0.7301980964839458,1.22377023473382
794624,0.010996659766533412,0.0153159613837488,3.0647630393505096,0.29063744097948074,0.05805203440831974,0.011433757666964084,3.1907988935709,0.9948245696723461,1.0191735094413161,0.8578706784173846
795648,0.013881018501706421,0.018194223317550495,3.491751402616501,0.6248245034366846,0.07183785596862435,0.013685803860425949,3.490074262022972,1.0623008664697409,0.776241272687912,0.8451956603676081
796672,0.03260975214652717,0.013282082829391584,3.3238843604922295,0.44827989861369133,0.04778003256069496,0.008953700627898797,3.2893131896853447,0.9916604943573475,0.7854433478787541,0.822695086710155
797696,0.014673597092041746,0.01149989408440888,3.058528997004032,0.33852005656808615,0.08584461791906506,0.006292398109508213,3.1861126869916916,0.9959671571850777,0.9800993967801332,0.6864611096680164
798720,0.013728372781770304,0.013045729778241366,3.2183801233768463,0.4011045806109905,0.06854681757977232,0.009867065673461184,3.0451091900467873,0.9645287375897169,0.813562118448317,0.9987210500985384
799744,0.009538982732919976,0.007619131603860296,3.107894830405712,0.2792123961262405,0.05202119878958911,0.008671602976392023,3.6496398523449898,1.412054730579257,0.7281716801226139,0.821725856512785
800768,0.008112387324217707,0.011630167049588636,3.224420078098774,0.3456668956205249,0.0846127592085395,0.009547688765451312,3.2156462743878365,0.9990825802087784,0.7348891496658325,0.8506337953731418
801792,0.024786965921521187,0.01638770045246929,3.1358315125107765,0.33196933194994926,0.05077486648224294,0.011672650463879108,3.0004601925611496,0.7657712120562792,0.8198746675625443,0.713873571716249
802816,0.014663161127828062,0.010759643802884966,3.0356327816843987,0.3690509870648384,0.05005494941724464,0.007573445625894237,2.9675154238939285,0.8662823252379894,0.7865626281127334,0.9598118923604488
803840,0.02168291156704072,0.012089484604075551,3.1042913645505905,0.34940932132303715,0.04443351732334122,0.007245398941449821,2.9122538045048714,0.980767959728837,0.9433663636445999,0.6715707341209054
804864,0.014264962956076488,0.011159322937601246,3.041562147438526,0.33198360446840525,0.07345368442474864,0.008820644208753947,3.324891209602356,1.0104811452329159,0.8592859515920281,0.6584583884105086
805888,0.013112020504195243,0.011787209237809293,3.068282760679722,0.37129979208111763,0.07389036886161193,0.00825290048669558,3.3957681208848953,1.0340035818517208,0.5730990236625075,0.9268398769199848
806912,0.009090655599720776,0.014138873579213396,2.854711167514324,0.29699256364256144,0.027987269131699577,0.011276273318799213,2.8304365053772926,0.968149846419692,0.6028189994394779,0.8629392879083753
807936,0.010117600570083596,0.013630559726152569,3.2148556411266327,0.3245737971737981,0.09862892713863403,0.009933651963365264,3.531667672097683,1.5435498915612698,0.6526854997500777,0.8609884465113282
808960,0.019466134632239118,0.021386435197200626,3.074361138045788,0.34561971575021744,0.04319778973876964,0.012169403387815692,3.324748493731022,1.014184832572937,0.6844780435785651,0.79823605902493
809984,0.010853787563974038,0.016832414810778573,3.0369314402341843,0.28289871476590633,0.025061446969630197,0.014116424732492305,2.5102365873754025,0.7004500394687057,0.8715364830568433,1.157464450225234
811008,0.011305442836601287,0.012080294050974771,3.111442305147648,0.2832203060388565,0.06533114763442427,0.008900766319129616,3.071323402225971,0.829647358506918,0.6955493493005633,0.7264151172712445
812032,0.022276365918514784,0.01971485119429417,3.002729721367359,0.33452960290014744,0.07363645944860764,0.009976854009437375,2.8909397944808006,0.7752005159854889,0.6762835774570704,0.814368586987257
813056,0.009341846132883802,0.010616279992973432,3.023309536278248,0.27643173933029175,0.06561929581221193,0.00912198206060566,3.611183874309063,1.1929243355989456,0.665584983304143,0.5156874563544989
814080,0.008393894677283242,0.02189005524269305,3.1462720036506653,0.3633433347567916,0.05376946786418557,0.011264915985520929,3.446033328771591,1.0657337438315153,0.8492332641035318,0.6851721303537488
815104,0.015912878152448684,0.021823203074745834,3.0916847065091133,0.2837273399345577,0.09628214442636818,0.011573368276003748,2.6615839153528214,0.7767035253345966,0.8117720428854227,0.6749250134453177
816128,0.00782779834116809,0.013240472675533965,3.0584468469023705,0.3535475991666317,0.02205792148015462,0.0063301083209807985,2.5812070816755295,0.6791453054174781,0.7603974584490061,0.7357837492600083
817152,0.013707198115298524,0.007888229534728453,2.963312976062298,0.34618881018832326,0.0678744638862554,0.005594055022811517,2.505912996828556,0.7787736291065812,0.6087405616417527,0.8044740399345756
818176,0.022468991781352088,0.009577077187714167,2.8426376208662987,0.2862345287576318,-0.013651406596181914,0.00796843259013258,2.8494890481233597,1.1206671129912138,0.6581562990322709,0.5461417976766825
819200,0.005159854801604524,0.008793327549938112,3.0678783133625984,0.4271220597438514,-0.024602473073173314,0.007435518942656927,1.3475328534841537,0.6542540132068098,0.8546043774113059,0.8111959947273135
820224,0.012968585942871869,0.014879346854286268,3.168969474732876,0.330074624158442,0.05170510029711295,0.009710809943499044,1.9398823007941246,0.8016835739836097,0.6503184270113707,0.8163305092602968
821248,0.021505512224393897,0.012247656413819641,3.3028284832835197,0.4608348058536649,0.05631059597362764,0.008462895391858183,3.40936928242445,1.2891698591411114,0.6847796989604831,1.1592258112505078
822272,0.004239641086314805,0.007412204402498901,2.6883168295025826,0.20393188996240497,0.027224975230637938,0.0055556739316671155,2.0101424623280764,0.6291162665002048,0.5889897616580129,0.7645021006464958
823296,0.021966986401821487,0.012252719956450164,3.033907398581505,0.34453436080366373,0.0839216444583144,0.01033541516517289,3.2523206621408463,0.9780361820012331,0.7027812097221613,0.702002041041851
824320,0.022028509294614196,0.010276323548168875,3.1489622965455055,0.3584098843857646,0.016343285067705438,0.0048251139887725,2.8644556254148483,0.7529987562447786,0.6936353947967291,0.7577786250039935
825344,0.012467650114558637,0.01604239156586118,2.9727037847042084,0.29185390705242753,0.07668352051405236,0.011420194088714197,3.231986440718174,1.0459916777908802,0.6410071449354291,0.7990863732993603
826368,0.0036330533621367067,0.0111786251218291,3.0958292186260223,0.2991286553442478,0.01051308968453668,0.0046639639549539424,2.824767876416445,1.351092585362494,0.5858906945213675,0.7013596640899777
827392,0.00933811871072976,0.011131870618555695,3.158857576549053,0.35231691505759954,0.044875428604427725,0.006742988021869678,3.444899596273899,1.50352250225842,0.6562899788841605,0.7544745914638042
828416,0.011730919955880381,0.022153433586936444,2.9816626757383347,0.3621913166716695,0.07338985841488466,0.009271878021536395,3.2758337631821632,0.982686510309577,0.7144973259419203,0.750981455668807
829440,0.021293896512361243,0.01695806041243486,2.9303263127803802,0.381990653462708,0.11012636387022212,0.010428705762024038,3.356430858373642,1.098235348239541,0.6971696419641376,0.7201497051864862
830464,0.020417517589521594,0.011707855112035759,2.8214260786771774,0.34398564510047436,0.09143833981943317,0.006414865696569905,3.097346492111683,0.8620131220668554,0.7686431482434273,0.6219622632488608
831488,0.013558394901338033,0.01004430184548255,3.0258340761065483,0.3857203098013997,0.037116909748874605,0.006125993997557089,2.878684028983116,0.8047540504485369,0.5936982119455934,0.7046795105561614
832512,0.024270531670481432,0.014826894737780094,3.1869440972805023,0.34517774172127247,0.04908414732199162,0.008780856980592944,3.1530467569828033,0.8564170729368925,0.7343194130808115,0.694585838355124
833536,0.017211089332704432,0.013138907350366935,3.080612875521183,0.3552204016596079,0.05923609506862704,0.008746952764340676,3.20898849517107,1.2032842840999365,0.7035389076918364,0.8951471950858831
834560,0.024081813491648063,0.006226240431715269,3.139243073761463,0.41220191586762667,0.1373852901160717,0.008069737203186378,3.378379575908184,1.528264045715332,0.5737283732742071,1.332826230674982
835584,0.015355167066445574,0.013882753381039947,3.041273556649685,0.35423109494149685,0.06144062732346356,0.011918985925149173,3.003383070230484,1.021536160260439,0.5968056842684746,0.7557818870991468
836608,0.01621700168470852,0.011400626695831306,3.0554879903793335,0.3091193241998553,0.04582102410495281,0.0070686890539946035,3.2166370153427124,1.2618541531264782,0.7575435256585479,0.6719361459836364
837632,0.020473680444411002,0.014268582395743579,3.1321353167295456,0.3214349281042814,0.02045870225992985,0.010141711522010155,2.5828922912478447,0.872081944718957,0.9024364482611418,0.6139816017821431
838656,0.02029763450991595,0.013201588444644585,3.1941849067807198,0.34360057208687067,0.07152517384383827,0.009971718493034132,3.6299891024827957,1.5295496843755245,1.0373196210712194,0.8062958642840385
839680,0.017930635796801653,0.0143162832246162,3.0454038232564926,0.3587726103141904,0.05454267543973401,0.01249862473923713,3.2188541516661644,1.139567894861102,0.682581122033298,0.8661430273205042
840704,0.006314683967502788,0.006912819706485607,3.0944710671901703,0.36557964514940977,0.04265038680750877,0.005174191654077731,3.132664903998375,1.1848553828895092,0.5677297655493021,0.7827824670821428
841728,0.018234837225463707,0.007493534591048956,3.0329890996217728,0.3223157450556755,0.060564229264855385,0.007840447738999501,3.4575108662247658,1.4595164731144905,0.6421884829178452,0.6950528547167778
842752,0.013480261695804074,0.012415616190992296,3.092014819383621,0.3227534517645836,0.09917893563397229,0.008269954603747465,3.1597574427723885,1.1839420720934868,0.6662873961031437,0.846422603353858
843776,0.008750467066420242,0.011444533782196231,3.0170141085982323,0.29082194808870554,0.09213537268806249,0.007758487015962601,3.3217704594135284,1.16594192199409,0.6208636248484254,0.7903837133198977
844800,0.01928546858835034,0.01580780351650901,3.2116028741002083,0.3538850946351886,-0.028899575059767812,0.01105098232801538,2.6073963344097137,1.0045760180801153,0.6950307283550501,0.7950640460476279
845824,0.012451302944100462,0.01772704379982315,3.1803151965141296,0.3115873746573925,0.11861717066494748,0.010972259333357215,3.5046557188034058,1.3272671401500702,0.7152522318065166,0.5111143989488482
846848,0.0019933976436732337,0.009577269011060707,3.2233742475509644,0.33085823990404606,0.07729973571258597,0.005564150924328715,3.6646466329693794,1.5709800906479359,0.670896178111434,0.5782706197351217
847872,0.01638170110527426,0.010818463590112515,3.1695132851600647,0.3487942246720195,0.07951903395587578,0.005190062154724728,3.7216085642576218,1.533982940018177,0.9050392685458064,0.47075389605015516
848896,0.022936062057851814,0.013169283382012509,3.035251408815384,0.3458112897351384,0.07909689939697273,0.008515274268575013,2.976957120001316,0.9356123767793179,0.5492437295615673,0.7968855826184154
849920,0.014985382949816994,0.013718468573642895,3.1550609096884727,0.3416016362607479,0.09363634639885277,0.007425353818689473,3.387362204492092,0.9768840298056602,0.6077838698402047,0.7502127969637513
850944,0.011430637125158682,0.01362714552669786,2.7290861010551453,0.2824727678671479,0.06784059823257849,0.009327331106760539,3.0679554119706154,0.8192531391978264,0.6515396339818835,1.1830564122647047
851968,0.014840764823020436,0.013220338471001014,3.017822913825512,0.2969311149790883,0.003979226632509381,0.008970164955826476,2.9441159144043922,0.9994816351681948,0.6457452578470111,0.8081888891756535
852992,0.01695709113846533,0.020810129615711048,3.037575699388981,0.302585257217288,0.05482098438369576,0.013983278870000504,3.20742217451334,1.194615526124835,0.5697349589318037,0.7881405530497432
854016,0.009716390530229546,0.010059563268441707,2.9845176190137863,0.31996412947773933,0.09796704672044143,0.009637492752517574,3.2432340309023857,1.077697727829218,0.5858328342437744,0.957463413476944
855040,0.006050909847544972,0.01516937164706178,2.98852676153183,0.2766836304217577,0.03467387431010138,0.009217849059496075,2.4667413383722305,0.6728792507201433,0.5476299431174994,0.9808941334486008
856064,0.009729288445669226,0.01813175159622915,3.024087831377983,0.28139897901564837,0.08018164421082474,0.008648750474094413,3.0691689550876617,1.1115786153823137,0.4773770133033395,0.7976997466757894
857088,0.01755656662862748,0.016668536904035136,2.953282378613949,0.3341043060645461,0.03733765130164102,0.008429525652900338,2.744728334248066,0.6835548654198647,0.6355748260393739,0.8307579644024372
858112,0.011281368482741527,0.015152854408370331,3.024023249745369,0.30537169240415096,0.040797411114908755,0.0070026282337494195,2.3363423869013786,0.5711298193782568,0.6634054081514478,1.2062315121293068
859136,0.021058804384665564,0.013269037561258301,3.077012650668621,0.34381859470158815,0.028697198315057904,0.01231811786419712,3.2680692970752716,1.0113165024667978,0.630395445972681,0.7086717216297984
860160,0.021612801050650887,0.011719887843355536,3.167974755167961,0.3472681753337383,0.054065248172264546,0.008466197541565634,2.95954180508852,0.8933020699769258,0.84261853992939,0.7296676272526383
861184,0.018482976869563572,0.012082946370355785,3.280251272022724,0.34303164202719927,0.09642676752991974,0.00949687474349048,3.3524236977100372,1.1539651826024055,0.7511313846334815,1.0170682799071074
862208,0.028958483118913136,0.005033751484006643,2.9781206250190735,0.3271092725917697,0.07331097414135002,0.004029322702990612,3.0020268857479095,0.9257380217313766,0.6507722837850451,0.9474796326830983
863232,0.01085295615484938,0.008521624142304063,2.9853184819221497,0.2886033710092306,0.09738737973384559,0.009153728708042763,3.2990515679121017,1.079418746754527,0.6155707817524672,0.7944502951577306
864256,0.012376081038382836,0.011149471902172081,3.178184174001217,0.37665035109966993,0.06429280288284644,0.0082111821975559,3.145345948636532,0.9284158181399107,0.616015394218266,0.8658132655546069
865280,0.015532783974776976,0.0076305402180878446,3.262947089970112,0.387852368876338,0.024609399173641577,0.004168792747805128,2.933860346674919,0.8269455321133137,0.5664880843833089,0.6291722971946001
866304,0.028326103958534077,0.016119574691401795,3.2837953716516495,0.40822700783610344,0.08566532650729641,0.009969534876290709,2.941521681845188,0.8046357333660126,0.6163804568350315,0.8451467882841825
867328,0.029346569965127856,0.011743146926164627,3.3246715515851974,0.40981176029890776,0.07060432291473262,0.007163994814618491,3.0858534574508667,0.8985988982021809,0.5593201648443937,0.8880264535546303
868352,0.0237052864395082,0.009513664481346495,3.220295764505863,0.3813150115311146,0.044971690949751064,0.006587191404832993,3.339653603732586,1.0788340121507645,0.716409127227962,1.0873438958078623
869376,0.027104076521936804,0.008624490765214432,3.243702255189419,0.4339545723050833,0.08040576672647148,0.0058504630796960555,3.718021124601364,1.5573861710727215,0.6800153935328126,0.6096285562962294
870400,0.010415159005788155,0.009879332283162512,3.194233752787113,0.4046710468828678,0.06659085760475136,0.011509188145282678,3.179211437702179,1.1146503258496523,0.6015758225694299,0.6723056780174375
871424,0.006913236604304984,0.010325090304831974,3.281985603272915,0.3888989519327879,0.03552974507329054,0.007160594504966866,3.224151663482189,1.1511173378676176,0.6861667297780514,0.6164010716602206
872448,0.042268154087651055,0.016011726518627256,3.2283927127718925,0.43899712059646845,0.09127362904837355,0.012933683436131105,3.2723663225769997,1.068785173818469,0.7251198478043079,0.8128243498504162
873472,0.019200919938157313,0.013614300638437271,3.1320050582289696,0.38483713660389185,0.042796525987796485,0.006629862182307988,2.9096937999129295,0.9547334369271994,0.6966232853010297,0.6638932581990957
874496,0.0069690341770183295,0.013780948967905715,3.1433935463428497,0.377196435816586,0.043130573350936174,0.010909686810919084,2.699106238782406,0.780096810311079,0.5976236974820495,0.853533118031919
875520,0.014373754325788468,0.011923538404516876,3.0529948100447655,0.3212737385183573,0.04573594010435045,0.01044400357932318,2.9240269511938095,0.8893766980618238,0.8070246521383524,1.0791752515360713
876544,0.010093983117258176,0.011338427779264748,3.1002444699406624,0.2851772755384445,0.1021186439320445,0.007560770507552661,3.6987458616495132,1.3928893581032753,1.0673087444156408,0.851959565654397
877568,0.013592902032542042,0.012323265662416816,2.9952315911650658,0.3578008683398366,0.11501917871646583,0.007533212556154467,3.127083294093609,0.9751390125602484,0.6232272768393159,1.005636291578412
878592,0.012516419577877969,0.007284744511707686,3.114973157644272,0.32692379131913185,0.0800582867814228,0.007106068762368523,2.8116651698946953,0.7452997677028179,0.6773496996611357,0.8566835541278124
879616,0.02273775966023095,0.017556439124746248,3.11241302639246,0.3462699465453625,0.05301684344885871,0.008258848509285599,2.8685449063777924,0.661569258198142,0.7488370845094323,0.6966518005356193
880640,0.007358592389209662,0.010813941815285943,3.0947313755750656,0.3892235802486539,0.04652107221772894,0.005972462735371664,3.36423072963953,1.113416751846671,0.5325102545320988,0.7059085946530104
881664,0.01562049612402916,0.01985122315818444,3.2633766010403633,0.36262774281203747,0.11762930685654283,0.01455574412830174,3.5787322223186493,1.1274923626333475,0.7517495267093182,0.7308298721909523
882688,0.023239280897541903,0.01000353011477273,3.1042675375938416,0.35083431005477905,0.069342925271485,0.00838563461729791,3.1138429269194603,0.8217582274228334,0.7283879397436976,1.0101778851822019
883712,0.021156246817554347,0.01305440382566303,3.013333171606064,0.3542164573445916,0.03890048080938868,0.007426251984725241,2.9984134659171104,0.8100353796035051,0.7096868557855487,0.6503927754238248
884736,0.015194022707873955,0.009265073342248797,3.094256579875946,0.3275925647467375,0.028203470646985807,0.005513222444278654,3.414570264518261,1.131671441718936,0.7054715352132916,0.7457688320428133
885760,0.016723314358387142,0.01256136066513136,3.09363953769207,0.34978835564106703,0.05259303509956226,0.008740596880670637,3.678391858935356,1.1806332264095545,0.6623146748170257,0.8062477237544954
886784,0.020218025718349963,0.0125582535401918,3.1499868780374527,0.41906644217669964,0.08984671928919852,0.00945137080270797,3.2750553339719772,0.8429234437644482,0.7386704478412867,0.8123886371031404
887808,0.002937628742074594,0.011691972322296351,3.1495083197951317,0.31640436919406056,0.05071350920479745,0.004962886363500729,3.21812205016613,1.1998998802155256,0.8197147101163864,0.6633882941678166
888832,0.0242721640097443,0.01317510510853026,3.2772020027041435,0.3754445817321539,0.07236319116782397,0.00848598949960433,2.71544086933136,0.778976384550333,0.7754784608259797,0.8679547132924199
889856,0.020242255181074142,0.014108522911556065,3.0859666392207146,0.32860660180449486,0.05702174315229058,0.009497876308159903,2.4066584780812263,0.5821399018168449,0.9083262076601386,0.8399482807144523
890880,0.02179058169713244,0.011810720650828443,3.1108211874961853,0.4000290194526315,0.013067925028735772,0.009724406758323312,2.328083172440529,0.5515949856489897,0.5902147386223078,0.6503217360004783
891904,0.02433491866395343,0.015677093382691965,3.1335632652044296,0.3544304333627224,0.033504185237688944,0.0072823103473638184,2.9245607033371925,0.7986608557403088,0.6491688303649426,0.5866411691531539
892928,0.012733695388305932,0.018375855957856402,3.16384743899107,0.35162708908319473,0.024870702414773405,0.010223312958260067,2.817483216524124,0.8228257149457932,0.7506248326972127,0.8229819322004914
893952,0.014289792641648091,0.014130310621112585,3.186481200158596,0.3457946563139558,0.05914113452308811,0.010239990471745841,2.8736710399389267,1.0250548161566257,0.7149851443246007,0.725863728672266
894976,0.01011824343004264,0.02304501354228705,2.9262931272387505,0.25843754271045327,0.011916562711121514,0.009703604868263938,2.5619597658514977,0.7441665027290583,0.9996262118220329,0.6577152283862233
896000,0.017706745900795795,0.02850541635416448,3.0004254803061485,0.28278281446546316,0.08583333206479438,0.008713424656889401,3.101446971297264,0.8354791887104511,0.9482325091958046,0.8206511810421944
897024,0.008600131448474713,0.020993179932702333,2.988611213862896,0.2759532891213894,0.0798081856337376,0.012566325065563433,3.27257589250803,1.1674206648021936,0.8237260300666094,0.7629281505942345
898048,0.005201272579142824,0.018052964005619287,2.936485208570957,0.26240207394585013,0.08471884985920042,0.016062743481597863,3.181108608841896,1.0607811082154512,0.6458820132538676,0.7947073224931955
899072,-2.8500478947535157e-05,0.011663426441373304,3.0482385009527206,0.31757104862481356,0.07867862691637129,0.01117459662782494,2.853105217218399,0.6976522486656904,0.5499446857720613,0.6452664881944656
900096,0.007642623022547923,0.014787464519031346,3.0115480795502663,0.2919466970488429,0.05229353313916363,0.01046009715355467,2.7994125708937645,0.7449171431362629,0.6651476761326194,1.1675743497908115
901120,0.019136214250465855,0.014799030846916139,2.9679294526576996,0.3212840873748064,0.03156978473998606,0.009915861766785383,2.6422373801469803,0.6680495738983154,0.5249303225427866,0.7147066872566938
902144,0.010868187964661047,0.009445992822293192,3.0988714173436165,0.30968991573899984,0.04958988283760846,0.008784077217569575,2.63376934081316,0.6182664167135954,0.5765775358304381,0.6588741578161716
903168,0.03231666513602249,0.010531167732551694,3.1614990681409836,0.38341060746461153,0.058934491622494534,0.007064637553412467,2.5924541391432285,0.5948111861944199,0.6826624097302556,0.8956947131082416
904192,0.01590418437262997,0.007883486949140206,3.1744781360030174,0.3667777217924595,0.05610075098229572,0.006853376515209675,3.3792141154408455,1.0080758091062307,0.5394236985594034,0.7262600567191839
905216,0.023431841633282602,0.014247857732698321,3.1213344261050224,0.381818980909884,0.061224664736073464,0.01024279101693537,2.982031010091305,0.7712907176464796,0.6590006211772561,0.7710646372288465
906240,0.025515422676107846,0.012332880520261824,3.3429068997502327,0.47952825017273426,0.06355860698386095,0.008735078466997948,3.592103950679302,1.1844709254801273,0.5571931870654225,0.4899875265546143
907264,0.02423252273001708,0.009427233555470593,3.179110713303089,0.3786736838519573,0.06594334787223488,0.0074083686486119404,3.0537575483322144,0.972256850451231,0.5292285112664104,0.7390637388452888
908288,0.01703418549732305,0.011398493355954997,3.0075270757079124,0.33437383733689785,0.010151796828722581,0.00818316348886583,2.9432141184806824,0.9021107647567987,0.6069522686302662,0.8794933389872313
909312,0.0054258196614682674,0.009562722276314162,3.1793717592954636,0.3629041276872158,-0.02730312940548174,0.010370497882831842,2.742157131433487,0.8957379460334778,0.644959656521678,0.8935885196551681
910336,0.016210816684179008,0.010471476038219407,3.1605788618326187,0.3140994803979993,0.03875659074401483,0.006186762300785631,2.6595002114772797,0.7841515429317951,0.6663095448166132,1.0544546209275723
911360,0.027325419621774927,0.009481182001763955,3.3618306443095207,0.4383203908801079,0.02580530397244729,0.005742490517150145,3.074098512530327,1.1850728299468756,0.6119604017585516,0.8160115024074912
912384,0.018766878376482055,0.014900283887982368,3.2378713488578796,0.38090431690216064,0.014422278007259592,0.011862847197335213,2.7976917028427124,1.0546984057873487,0.6548945475369692,0.7456440515816212
913408,0.018159900355385616,0.01622632672660984,3.158335827291012,0.4663470610976219,0.12311149336164817,0.016650618839776143,3.25044471770525,1.2895542792975903,0.6001356551423669,1.0099711706861854
914432,0.008534841777873226,0.0149882294354029,3.076959140598774,0.279540884308517,0.033555495931068435,0.006712594942655414,2.699668988585472,0.7115275748074055,0.5888296235352755,0.7825066791847348
915456,0.020280276672565378,0.015010985836852342,3.0722672566771507,0.35459385719150305,0.06410588134895079,0.006096383360272739,2.6660131737589836,0.7437248881906271,0.6354184048250318,0.8100887937471271
916480,0.010865504475077614,0.013611000700620934,2.9947687461972237,0.2757283002138138,0.022532273113029078,0.012410194947733544,2.8088311925530434,0.9138452727347612,0.6304745934903622,0.7933595776557922
917504,0.007229529204778373,0.018153363838791847,3.102853536605835,0.2950241845101118,0.06582951784366742,0.014705045687151141,3.1894538179039955,1.210261333733797,0.6966761229559779,0.9303593141958117
918528,0.016521637327969074,0.013192267448175699,2.994429424405098,0.3417240520939231,0.02221819975238759,0.009632944565964863,2.953223615884781,0.9197798389941454,0.5769918998703361,0.7729124668985605
919552,0.01020925932971295,0.014262475480791181,3.1633818596601486,0.3206891370937228,0.07732786395354196,0.008312308200402185,3.370087444782257,1.3727611098438501,0.67470692563802,0.7384127508848906
920576,0.019554061524104327,0.010229599211015739,3.1118811815977097,0.3600056413561106,0.06982437398983166,0.009091653962968849,3.398906849324703,1.291823498904705,0.8429647488519549,0.7800130974501371
921600,0.007374843495199457,0.01224232287495397,3.0660568326711655,0.27182940393686295,0.05513300490565598,0.009915077724144794,3.3446203470230103,1.3696608133614063,0.7332858880981803,0.89772345777601
922624,0.016910772523260675,0.01711538966628723,2.950236827135086,0.3004319304600358,0.08246251422679052,0.011139893933432177,2.897280439734459,0.9826560337096453,0.659201942384243,1.0345356464385986
923648,0.013102752520353533,0.009341625700471923,2.9111636206507683,0.3485380681231618,0.04569368209922686,0.006024840091413353,2.5221205204725266,0.6830394137650728,0.5141980024054646,0.8667839029803872
924672,0.00845410829060711,0.012534335808595642,3.0825474932789803,0.3313733581453562,0.03083036295720376,0.006816271707066335,2.4318016469478607,0.7392276814207435,0.6825671764090657,0.8835397055372596
925696,0.011016636504791677,0.01855391910066828,3.07128144800663,0.30942209996283054,0.05625650763977319,0.01209583341551479,3.2620235681533813,1.2767023220658302,0.7671291120350361,0.827282483689487
926720,0.01494217073195614,0.014562334574293345,3.0141632184386253,0.30405066162347794,0.08158055669628084,0.007677147310459986,3.406454049050808,1.5085421465337276,0.5872072009369731,0.6356295421719551
927744,0.016178893973119557,0.011082319470006041,3.1115034744143486,0.3586389468982816,0.09578527207486331,0.004622962806024589,3.4722227603197098,1.225505592301488,0.5994687806814909,1.1197052132338285
928768,0.011708252161042765,0.014756446878891438,3.2235149815678596,0.3562026619911194,0.022792911157011986,0.00531186351145152,2.8460789024829865,0.9001846555620432,0.5057679926976562,0.8581167496740818
929792,0.01562846777960658,0.011909480643225834,2.7264129370450974,0.29364430252462626,-0.01953940646490082,0.006451153749367222,2.76017490029335,1.2838435228914022,0.6431543929502368,0.5563039258122444
930816,0.009080408563022502,0.01379372671362944,3.1270351707935333,0.27647247537970543,0.02883661919622682,0.00656776442338014,3.438662752509117,1.346227828413248,0.7251221742480993,0.9291343009099364
931840,0.01682242241804488,0.01784715399844572,3.059550993144512,0.3328845789656043,0.11620204523205757,0.011219982014154084,3.6921989396214485,1.3853037543594837,0.8283810811117291,0.9023805130273104
932864,0.007560243015177548,0.015016408317023888,3.153469167649746,0.3092778092250228,0.005925434408709407,0.008323797679622658,2.8847498819231987,1.0024075750261545,0.63077053707093,0.9893375858664513
933888,0.0246293388918275,0.01711045709089376,3.2412281781435013,0.384462658315897,0.08330477320123464,0.015029963047709316,3.2912517189979553,1.028136381879449,0.7097483268007636,0.9336442369967699
934912,0.019417857431108132,0.006778276423574425,2.932529106736183,0.31309977266937494,-0.022691814723657444,0.004914215394819621,2.9063065499067307,1.0739540308713913,0.7313142297789454,0.6904559256508946
935936,0.009509066614555195,0.018220025987830013,3.1549170911312103,0.3684081584215164,0.016210562433116138,0.014086518473050091,3.13895133882761,1.7371381409466267,0.6739364480599761,0.8676524320617318
936960,0.004765270612551831,0.011226216942304745,3.1146049350500107,0.2682376252487302,0.12221224990207702,0.006867133197374642,3.639453001320362,1.4139856174588203,0.7001946223899722,0.7084321361035109
937984,0.01144291959644761,0.017829988530138507,3.1356176286935806,0.3094682916998863,0.09607692126883194,0.00947234476916492,3.532985642552376,1.1421678271144629,0.6433157147839665,0.8102500094100833
939008,0.015472908766241744,0.010664525310858153,3.2473006397485733,0.3974815867841244,0.0721709675854072,0.010581677401205525,3.0644847601652145,0.9564860165119171,0.48105758894234896,0.9196955310180783
940032,0.013380834250710905,0.007214390454464592,3.129155971109867,0.3690185323357582,0.035664247363456525,0.007226617024571169,2.8772896379232407,1.0882257279008627,0.4866906404495239,0.8442959785461426
941056,0.02134290643152781,0.020981144392862916,3.140340745449066,0.3535244343802333,0.058463250839849934,0.008563706338463817,4.010551691055298,1.7148196324706078,0.6786275515332818,0.40173659287393093
942080,0.015402034026919864,0.016627401404548436,3.120712488889694,0.3669527219608426,-0.001938520435942337,0.01648308857693337,3.030866079032421,1.2053976263850927,0.6417467948049307,1.1710984464734793
943104,0.01162315346300602,0.01044786513375584,3.0724795386195183,0.3278416432440281,0.13125770370243117,0.007805104716680944,3.568512685596943,1.5677776597440243,0.637228038161993,1.0518206292763352
944128,0.018604131939355284,0.009681360868853517,3.212656758725643,0.3883927734568715,0.07805143992300145,0.01046018858323805,3.489573322236538,1.1747892536222935,0.6781471073627472,0.9409408681094646
945152,0.03225895875948481,0.007861348894948605,3.2768042981624603,0.47116364631801844,0.08429916326713283,0.006018758642312605,2.9690469801425934,0.896833224222064,0.5698360800743103,1.0083180293440819
946176,0.01281584074604325,0.008714923998923041,3.176956057548523,0.3819653522223234,0.08454804209759459,0.007536175078712404,2.9383478462696075,0.8610638231039047,0.602192678488791,0.9779567308723927
947200,0.020114079990889877,0.008503269898938015,3.2663026303052902,0.38419799879193306,0.07573730207514018,0.005475832338561304,3.072757802903652,0.904826233163476,0.6207976723089814,0.7639393275603652
948224,0.017365565348882228,0.010479698961717077,3.17899152636528,0.39810322411358356,0.0887624007591512,0.007929611660074443,3.0790025889873505,0.9275848772376776,0.582131415605545,0.8206852115690708
949248,0.014559565868694335,0.009926752682076767,3.1864705979824066,0.3303435668349266,0.067231976572657,0.007536893986980431,3.0276856124401093,0.882524536922574,0.6302226176485419,0.7539625260978937
950272,0.009160618457826786,0.006040520936949179,3.2331656143069267,0.31312170904129744,0.030857488804031163,0.0037620565344695933,3.0431650802493095,0.8848616927862167,0.46222998946905136,0.8696962613612413
951296,0.017221616697497666,0.01920792571036145,3.307979680597782,0.4063199106603861,0.006127224914962426,0.00898937827150803,3.3425091728568077,1.5120773501694202,0.5954870413988829,0.5055898535065353
952320,0.0017263985355384648,0.01694546840735711,3.2142733559012413,0.31966526713222265,0.05580685587483458,0.009372161599458195,3.3379380479454994,1.1150681916624308,0.6379072479903698,0.8849779684096575
953344,0.019405742990784347,0.01604569164919667,3.3180844709277153,0.42560810409486294,0.0811814607004635,0.009251490453607403,3.648217037320137,1.2959023974835873,0.6890949411317706,0.8150808243080974
954368,0.015217367938021198,0.009428233781363815,3.1630924940109253,0.37492504715919495,0.04308538060286082,0.005445019924081862,3.250967286527157,0.914575781673193,0.6613701293244958,0.6877116458490491
955392,0.022157032464747317,0.01086807096726261,3.483470380306244,0.5549680842086673,0.11035632045241073,0.008797026821412146,3.334490045905113,1.188686814159155,0.6055271187797189,1.274953855201602
956416,0.02581471843586769,0.009182734618661925,3.2588482424616814,0.4116704659536481,0.06800276026478969,0.006943671352928504,3.2994051724672318,1.0126357842236757,0.7596101760864258,1.229056142270565
957440,0.019043111984501593,0.005607439612504095,3.242666617035866,0.40115759801119566,0.1181051735766232,0.005231095259659924,3.2261749282479286,0.9341987613588572,0.48740328941494226,1.019115662202239
958464,0.01692889677360654,0.017865980247734115,3.268791675567627,0.3856107210740447,0.06502043051295914,0.010501010401640087,3.2226250022649765,1.0713352803140879,0.6189755918458104,1.0449974555522203
959488,0.027822024916531518,0.009767522758920677,3.3259053379297256,0.4542762488126755,0.07046665594680235,0.005931447274633683,3.540096014738083,1.2385761067271233,0.5496426550671458,0.5862854747101665
960512,0.030700502553372644,0.010141930310055614,3.225986026227474,0.39012786094099283,0.09645735815865919,0.009582912243786268,3.430298648774624,1.073969217017293,0.6076017003506422,1.2558880541473627
961536,0.013082153513096273,0.01965874931192957,3.1586892008781433,0.3740097312256694,0.06367300939746201,0.011165747157065198,2.992112971842289,0.7986605055630207,0.6249783644452691,0.8783888909965754
962560,0.010723878804128617,0.009047062500030734,3.154775433242321,0.32403718680143356,0.057853787526255473,0.008820143455523066,2.8809911906719208,0.8480049073696136,0.6852003568783402,0.8865490425378084
963584,0.02450391711317934,0.009621364413760602,3.2197198793292046,0.38727079052478075,0.0975696625537239,0.008000145739060827,2.93206474930048,0.8782008271664381,0.586178220808506,1.1255686469376087
964608,-0.0011515526421135291,0.010950566618703306,3.176550455391407,0.41564788203686476,0.04668492352357134,0.008970994342234917,3.444289244711399,1.1884836312383413,0.5293069621548057,0.9250455824658275
965632,0.03676748005091213,0.017070599627913907,3.3218675553798676,0.5069038672372699,0.10019928199471906,0.0123157047200948,3.5737869143486023,1.1957573406398296,0.651321523822844,0.8135544694960117
966656,0.010134162730537355,0.012501969671575353,2.9155705273151398,0.2818809561431408,0.07684437825810164,0.009235952151357196,3.0581115409731865,0.8878361321985722,0.7624014662578702,0.966510608792305
967680,0.015589468472171575,0.012287618053960614,3.098274379968643,0.3692501187324524,0.07382870212313719,0.0070015430537750944,2.9340630620718002,0.8327413573861122,0.6405915394425392,1.250584589317441
968704,0.014496462361421436,0.011660870281048119,2.984739065170288,0.3913325844332576,0.032785932009574026,0.0074287354364059865,2.9062781780958176,0.7028745375573635,0.4947082521393895,0.853665217757225
969728,0.032979257084662095,0.010806214573676698,3.376790463924408,0.4470238424837589,0.05190542573109269,0.006537414046761114,3.305004335939884,1.001698037609458,0.47940502129495144,0.756902277469635
970752,0.020576594601152465,0.015026073844637722,3.1232369542121887,0.3641097666695714,0.09432431263849139,0.014796489296713844,3.2035981863737106,1.01059958525002,0.5625283643603325,0.6861611707136035
971776,0.01174285082379356,0.019165833422448486,3.090203419327736,0.3546656994149089,0.07950292763416655,0.00972826335055288,2.9290923476219177,0.7637902069836855,0.5829633632674813,1.0000376086682081
972800,0.021786352066555992,0.016611488128546625,3.2288894280791283,0.39876938983798027,0.09057825797935948,0.01269598474027589,3.2092777863144875,1.009991254657507,0.6661993144080043,0.9477888196706772
973824,0.016016885259887204,0.010910826968029141,3.287845402956009,0.43662650138139725,0.02480851489235647,0.005902515833440702,3.1394776478409767,1.0072067324072123,0.54682357609272,0.7127168700098991
974848,0.029910544049926102,0.02046352025354281,3.1531195789575577,0.3905352596193552,0.05323492642492056,0.011649909924017265,2.771374300122261,0.7764889430254698,0.7270655073225498,1.8449690882116556
975872,0.015018900303402916,0.01070190239988733,3.091621160507202,0.35322385281324387,0.08573366212658584,0.00786133567453362,2.946520574390888,0.8563008699566126,0.6425940115004778,0.7264031181111932
976896,0.021158360395929776,0.011248265276663005,2.8615195006132126,0.36864952743053436,0.03913590661250055,0.009134553503827192,2.450426921248436,0.6126921158283949,0.5583077324554324,0.9553191550076008
977920,0.016962564317509532,0.008114520853268914,3.3107393607497215,0.4148636292666197,-0.008357642451301217,0.007187934075773228,3.780577689409256,2.1072898637503386,0.6747831255197525,0.46848346665501595
978944,0.011386073820176534,0.015075749426614493,2.9553346931934357,0.26235527405515313,0.06804419681429863,0.006861739791929722,3.5467556565999985,1.3738445453345776,0.60468271933496,0.7804636750370264
979968,0.019127548483083956,0.009908881314913742,3.126203663647175,0.38524515368044376,0.09460917470278218,0.009273152478272095,3.4728206396102905,1.378223467618227,0.8086496964097023,0.9639618638902903
980992,0.010636749168043025,0.010126639317604713,3.050325959920883,0.3053259439766407,0.07639901898801327,0.01070431804691907,2.8579477816820145,0.7980677150189877,0.5952764572575688,1.4309562258422375
982016,0.007510351279051974,0.013405781297478825,3.2025187462568283,0.39086458180099726,0.061060816020471975,0.008834823645884171,3.429836705327034,1.6299009323120117,0.5978150684386492,0.48413502145558596
983040,0.010585545125650242,0.013345371000468731,3.163035459816456,0.33004283998161554,0.06456716131651774,0.006335043515719008,3.7051221504807472,1.4993301890790462,0.8803105726838112,0.6314793210476637
984064,0.023888546362286434,0.017989188461797312,3.2112148329615593,0.3500521741807461,0.0746326576336287,0.011656845133984461,3.072124198079109,1.1686443611979485,0.8506512017920613,0.6091106655076146
985088,0.0131002439011354,0.015963105513947085,3.122670702636242,0.32229278795421124,0.056022961915005,0.012068420939613134,3.413316659629345,1.3218201138079166,0.7404653886333108,0.694417710416019
986112,0.014530016458593309,0.014044925308553502,3.0178298354148865,0.34215324744582176,0.07843993490678258,0.008205821730371099,2.5454791635274887,0.7049313429743052,0.6865681856870651,0.8720075013116002
987136,0.028611235873540863,0.011827121692476794,3.037855051457882,0.377229530364275,0.06367871508700773,0.00722951180068776,2.8909736424684525,0.8426708318293095,0.7517023179680109,0.912904866039753
988160,0.01332265479140915,0.021011982869822532,2.8305086940526962,0.33103630039840937,0.027866939723026007,0.008189360640244558,3.0986195653676987,0.9344933070242405,0.8117245296016335,0.9346360256895423
989184,0.00610117640462704,0.013244855043012649,2.8911659121513367,0.32833774387836456,0.049545248242793605,0.007405962096527219,2.8499651104211807,0.9145319936797023,0.789988923817873,0.8539154408499599
990208,0.029373604178545065,0.014491188485408202,3.4116631597280502,0.5223076296970248,0.09329583367798477,0.006379155136528425,3.706159010529518,1.1793906055390835,0.6019736779853702,0.5152757493779063
991232,0.016308087957440875,0.012905975454486907,3.2836885154247284,0.4705347251147032,0.07098016305826604,0.010121907922439277,3.3732076585292816,1.1313714608550072,0.7276228908449411,0.8781407633796334
992256,0.004238366571371444,0.009989714395487681,3.2310424000024796,0.4694867627695203,-0.011457670101663098,0.004912675060040783,3.4955499842762947,1.7027727272361517,0.6605300270020962,0.6787759731523693
993280,0.01807801134418696,0.02254968386841938,3.044317699968815,0.3102727085351944,0.10156506462953985,0.011109027051134035,3.617465227842331,1.4811200015246868,0.7749614762142301,0.9610503828153014
994304,0.021740161639172584,0.018948179320432246,3.1318701282143593,0.37326922453939915,0.09380400169175118,0.014364086149726063,3.671889826655388,1.2437932416796684,0.6509851310402155,0.7019031792879105
995328,0.014016195054864511,0.010020958914537914,3.1534291356801987,0.30641144420951605,0.09333848119422328,0.005871396017028019,3.0902642756700516,0.9261789750307798,0.767478377558291,0.9864907758310437
996352,0.022122917493106797,0.01835415087407455,3.07294475287199,0.3328947592526674,0.09240896653500386,0.011658233706839383,3.2979724258184433,1.0648454762995243,0.8339922735467553,0.9852920919656754
997376,0.012377957231365144,0.016411315416917205,3.0005780532956123,0.2857505502179265,0.11540086142485961,0.00622014218242839,3.4548664540052414,1.2282475605607033,0.6482845135033131,0.5788359409198165
998400,0.019355245407496113,0.01684925044537522,3.027427665889263,0.32609925512224436,0.06672268325928599,0.006833585139247589,3.062000684440136,0.8753194063901901,0.7832640968263149,0.6918163485825062
999424,0.019272915844339877,0.016821857396280393,3.07757680863142,0.37591955065727234,0.05560877692187205,0.008898103202227503,3.1267685294151306,0.9502892941236496,0.7106468351557851,0.8998060431331396
