step,agv_actor_loss,agv_value_loss,agv_entropy,agv_approx_kl,pick_actor_loss,pick_value_loss,pick_entropy,pick_approx_kl,agv_grad_norm,pick_grad_norm
1024,0.09532577893696725,0.6427486035972834,4.589553639292717,1.589438535273075,0.11510522989556193,0.9409178402274847,4.548019289970398,1.856070850044489,0.7805151296779513,0.8178266081959009
2048,0.111621163203381,1.1792857944965363,4.372383341193199,1.413096223026514,0.15824840683490038,1.8765179496258497,4.353558838367462,1.7711980640888214,0.8026499226689339,1.8329199384897947
3072,0.09745551442028955,0.9158145133405924,4.271323844790459,1.188042288646102,0.12184065353358164,1.6480061747133732,3.803306110203266,1.1175616178661585,0.7895070444792509,1.5762510132044554
4096,0.06754758147872053,0.18458835256751627,4.178096115589142,0.9001359473913908,0.028534761906485073,0.2094407234690152,4.1414623856544495,1.7713715340942144,0.4148400700651109,0.9218421345576644
5120,0.10275775310583413,0.9208262357860804,4.043357737362385,1.0885492041707039,0.05313594749895856,1.1830765856429935,3.577341802418232,1.0280769187957048,0.8625303143635392,1.496647898107767
6144,0.09625019645318389,0.6940675117075443,3.9246018156409264,0.9448247607797384,0.0410030834027566,1.041391933336854,2.3770183697342873,0.4464845210313797,0.8703354950994253,1.7030672989785671
7168,0.06930575438309461,1.0829236395657063,3.5811610221862793,0.7294022794812918,0.06451119951088913,1.7916733343154192,3.1411073058843613,0.6550896149128675,0.8976559583097696,2.348309336230159
8192,0.04444121057167649,1.5489986166357994,3.511896423995495,0.7211379688233137,0.02210817698505707,1.9918932616710663,3.0528682619333267,0.6958539206534624,1.365257702767849,2.3540352284908295
9216,0.06588901425129734,1.3103199806064367,3.181196630001068,0.5645786849781871,0.05039464446599595,1.5813125912100077,2.4992800131440163,0.517861002124846,1.3870368544012308,2.75777430832386
10240,0.05241807224228978,0.6713774017989635,3.033703662455082,0.47051277570426464,0.04711963696172461,0.7181954337283969,2.8710138872265816,0.5643378160893917,1.3325983341783285,2.423458021134138
11264,0.03550680514308624,2.203125599771738,2.951796278357506,0.44643678050488234,0.018429888266837224,3.0474804788827896,2.393798992037773,0.44453692715615034,1.5934786479920149,3.5151673406362534
12288,0.032668498752173036,1.0269213430583477,3.1523798629641533,0.5124529106542468,0.05462282968801446,1.3396370243281126,2.9837521091103554,0.6411273069679737,1.0616191141307354,3.2159106135368347
13312,0.060942776821320876,0.7326209880411625,3.5336975157260895,0.672170938923955,0.06914804270491004,0.9415384279564023,3.449210397899151,0.825699258595705,0.9736745245754719,3.3757740892469883
14336,0.045548310270532966,0.8908445108681917,3.1371340081095695,0.5301226833835244,0.07281884248368442,1.1862455625087023,3.2036875262856483,0.7597191240638494,1.0295784268528223,3.577767614275217
15360,0.03739905438851565,1.431839995086193,3.321824312210083,0.612002044916153,0.03513445737189613,1.7405210174620152,2.8621015921235085,0.6154425228014588,1.4289167039096355,3.7202186174690723
16384,0.04914478326099925,1.3795012328773737,3.379833586513996,0.6146006360650063,0.07043532910756767,1.5387444645166397,2.9411445185542107,0.6376585066318512,1.6859574373811483,3.9623169228434563
17408,0.05372762604383752,0.8558554258197546,3.4822453260421753,0.6711225062608719,0.050205282983370125,1.1103840805590153,2.8998943567276,0.5604932578280568,1.240340679883957,3.9762601666152477
18432,0.0705785192840267,1.1994064692407846,3.443175218999386,0.6486522611230612,0.06824146150029264,1.522866029292345,2.8792556524276733,0.5736839063465595,1.7559698149561882,4.199157033115625
19456,0.036729259038111195,0.875301705673337,3.378243751823902,0.5804248042404652,0.027921078668441623,1.061342779546976,2.7800911217927933,0.5935523463413119,1.5233821608126163,4.271539080888033
20480,0.04993544105673209,1.1222044415771961,3.6847782656550407,0.7794388700276613,0.047307701635872945,1.232716714963317,3.139716900885105,0.7994397599250078,1.6462940257042646,4.153738453984261
21504,0.04765020159538835,1.7135466746985912,3.281696006655693,0.5789535958319902,0.04991301862173714,1.791581068187952,3.0143081173300743,0.7073179855942726,2.108417119830847,5.35739903897047
22528,0.0402662835404044,1.6106878817081451,3.1618702858686447,0.5016229683533311,0.08521802281029522,1.9190667420625687,3.0346899703145027,0.69593570753932,2.196806637570262,6.32124425470829
23552,0.054501940903719515,1.2902453113347292,3.4919158667325974,0.6399483568966389,0.04719385896169115,1.2441342324018478,3.031651757657528,0.6256400439888239,2.018269296735525,4.828580304980278
24576,0.06880365370307118,0.8820817954838276,3.5777348577976227,0.7172455284744501,0.06998497626045719,0.8877969803288579,3.128435380756855,0.6880050953477621,1.7493831440806389,3.9916752241551876
25600,0.0537754685501568,0.7032465413212776,3.5637789592146873,0.6821324713528156,0.03666396040352993,0.6503142258152366,2.6371853202581406,0.46348185185343027,1.412778465077281,5.574398938566446
26624,0.05224977131001651,1.3681564554572105,3.4500486999750137,0.6556337736546993,0.026265470136422664,1.3271258119493723,2.781361997127533,0.5377277778461576,1.8953438438475132,6.282233916223049
27648,0.05663207854377106,1.832436192780733,3.6444157510995865,0.7517019249498844,0.010389171860879287,1.6863312311470509,2.6568146497011185,0.5098404921591282,2.8848688192665577,7.29569473862648
28672,0.04257142762071453,1.5082728825509548,3.079964503645897,0.43326304480433464,0.05136562290135771,1.1362777464091778,2.5019496604800224,0.4904458886012435,2.3287141025066376,7.910031870007515
29696,0.026930370513582602,1.243751922622323,3.072168730199337,0.3934306316077709,0.020825914485612884,1.1362466383725405,2.4012258276343346,0.4134591342881322,2.3382584527134895,8.443167313933372
30720,0.04443336187978275,0.7783523611724377,3.1058717146515846,0.5105111775919795,0.047843329928582534,0.8714159484952688,2.6547425761818886,0.49350614193826914,2.338423166424036,10.478488355875015
31744,0.0529612606333103,0.7701779641211033,3.400603398680687,0.6076954882591963,0.054171010124264285,0.782384155318141,2.9560296088457108,0.6298907324671745,1.9962449111044407,6.40061154961586
32768,0.03525192849338055,0.6345658302307129,3.474568970501423,0.6551667060703039,0.045217048726044595,0.5496044242754579,2.683927744626999,0.5168957514688373,2.1595356184989214,8.85891642048955
33792,0.042719680757727474,1.263861982151866,3.512914128601551,0.6203144323080778,0.02899522936786525,0.9729860201478004,2.855438381433487,0.6918497756123543,3.1919295229017735,7.742183871567249
34816,0.061860739428084344,0.45742606837302446,3.3728688284754753,0.6141864228993654,0.08371774619445205,0.41418037470430136,3.033700443804264,0.658812616020441,3.602324828505516,11.501148857176304
35840,0.04472684202482924,0.8154561817646027,3.4604045748710632,0.6645936872810125,0.05128867496387102,0.7231159163638949,3.1866313368082047,0.6846102625131607,2.80630873888731,11.33008298277855
36864,0.05417677073273808,1.2476697526872158,3.0311102494597435,0.5157684469595551,0.029408273025183007,1.1697353851050138,2.2692300155758858,0.37230527214705944,2.9604799449443817,8.58743679523468
37888,0.040541916314396076,0.7225635582581162,3.2668366506695747,0.5948631390929222,0.050227649946464226,0.6291079455986619,2.6943179219961166,0.48959906958043575,2.9176097996532917,7.334388695657253
38912,0.034523831971455365,0.5806957837194204,3.023086853325367,0.4935602489858866,0.021694654133170843,0.5278194998390973,2.34435972571373,0.37466281466186047,2.8061709497123957,8.069697804749012
39936,0.04333418805617839,0.5585330398753285,2.9916705414652824,0.5122442729771137,0.04634755366714671,0.4896776685491204,2.54964230209589,0.4349673520773649,1.9688487611711025,14.772195689380169
40960,0.057495940884109586,0.6502804942429066,3.4957436323165894,0.6477406434714794,0.060240205319132656,0.5404849732294679,2.80996735394001,0.5787745285779238,2.9899553935974836,5.456968870013952
41984,0.04401308606611565,0.7546101417392492,3.1393505930900574,0.4852552739903331,0.03962506548850797,0.7101294528692961,2.7069166153669357,0.5448005283251405,4.84797940030694,6.65257403254509
43008,0.028658565774094313,0.7808389477431774,2.8846891075372696,0.4320486569777131,0.03176569694187492,0.8692931775003672,2.4695035442709923,0.4282729169353843,2.9371495991945267,8.192871816456318
44032,0.04669583559734747,0.7676547188311815,2.94857756793499,0.4813465168699622,0.04339289283961989,0.4351355447433889,2.4966403171420097,0.424713796004653,4.807356111705303,6.539082773029804
45056,0.045967135491082445,0.4541539787314832,3.583933211863041,0.6991509292274714,0.02041480308980681,0.5411136522889137,2.4574054330587387,0.44920428562909365,2.5365193150937557,7.884141989052296
46080,0.04240466293413192,0.7728315740823746,3.0570628196001053,0.4720954392105341,0.031743347528390586,0.9101734589785337,2.4870927184820175,0.43375355284661055,3.1023914217948914,11.649266012012959
47104,0.04654391173971817,0.9067457262426615,3.3353209868073463,0.6207512635737658,0.0366961388499476,0.8410955090075731,2.727695405483246,0.5406747870147228,3.187831874936819,11.808818228542805
48128,0.03590100069413893,0.836997177451849,2.9202270060777664,0.49499477725476027,0.035606195247964934,0.7238837750628591,2.5562816709280014,0.4669495178386569,3.4342333301901817,9.071849346160889
49152,0.03541453451907728,0.815733639523387,2.8903222531080246,0.39600341487675905,0.01634235752862878,0.8861844167113304,2.709062799811363,0.5404925094917417,4.044936720281839,7.302318975329399
50176,0.032725339304306544,0.9802564885467291,2.917982667684555,0.3991583837196231,0.03457410760165658,0.773028340190649,2.535882793366909,0.529989873059094,4.658348552882671,8.119157180190086
51200,0.045344310405198485,0.6891408087685704,2.9142255261540413,0.42637402284890413,0.052189482492394745,0.5143227190710604,2.8368060290813446,0.6839517429471016,4.606255881488323,7.102369267493486
52224,0.026228994815028273,0.5746645089238882,2.5789039209485054,0.37126571126282215,0.03062107734149322,0.5570365209132433,2.4429457262158394,0.48486155550926924,2.905044950544834,7.717777825891972
53248,0.02451196443871595,0.8037193734198809,2.820343352854252,0.4032201021909714,0.019912742805900052,0.9059890294447541,2.5365300700068474,0.4602775350213051,3.6010651774704456,6.332745924592018
54272,0.026728890094091184,0.7766009215265512,2.8418346494436264,0.3898010738193989,0.034819111082470044,0.7890967754647136,2.3451208397746086,0.43764954525977373,2.5807380713522434,6.415635876357555
55296,0.02923434801050462,0.6210327949374914,2.769815504550934,0.4107631128281355,0.02929081505862996,0.4222429934889078,2.419455014169216,0.4207787048071623,2.7002855017781258,7.349619947373867
56320,0.028498286003014073,0.741744146682322,2.9958054646849632,0.5044496124610305,0.043536811659578234,0.6727967374026775,2.3636108115315437,0.43307731952518225,3.3726471103727818,5.792166188359261
57344,0.04191048751818016,0.800572831183672,2.94856533408165,0.4479141002520919,0.018538022646680474,0.5759620675817132,2.4818597733974457,0.4734111772850156,2.684655975550413,5.515017904341221
58368,0.030587139015551656,0.6900370623916388,2.6153486743569374,0.34973856061697006,0.055700572731439024,0.7941479310393333,2.5996968001127243,0.5198279367759824,2.9365348033607006,10.9447041451931
59392,0.03084932712954469,0.5916696647182107,2.727359890937805,0.37463596276938915,0.0320609328628052,0.6407697116956115,2.198924094438553,0.36338456347584724,3.27704094722867,6.645556218922138
60416,0.020756462996359915,0.6631952254101634,2.798650711774826,0.3692282261326909,0.0302826993574854,0.5734132183715701,2.4241564348340034,0.4373521814122796,2.532236259430647,5.539088919758797
61440,0.022045313540729694,0.6186170969158411,2.8438167423009872,0.39411353040486574,0.03703494480578229,0.7213396029546857,2.6866151615977287,0.5374417891725898,2.8878085501492023,7.208306852728128
62464,0.025648852781159803,0.7049727477133274,2.9225419759750366,0.4239117996767163,0.03033478744328022,0.6778363706544042,2.5449381321668625,0.5401708967983723,3.5005858838558197,8.510937087237835
63488,0.03539329589693807,0.617173345759511,2.766619138419628,0.3728394005447626,0.05297578970203176,0.5376520808786154,2.662674516439438,0.6115107163786888,6.101806707680225,14.101760633289814
64512,0.02859347776393406,0.669328979216516,2.9984211921691895,0.42037228029221296,0.02040051660151221,0.5038577383384109,2.376471810042858,0.4437331585213542,3.3111520186066628,8.32383418828249
65536,0.04055340783088468,0.652907288633287,3.133338637650013,0.4977186284959316,0.01426957015064545,0.5809766706079245,2.222246401011944,0.3794676996767521,3.1973306573927402,7.1286071836948395
66560,0.035336297456524335,0.7879505921155214,3.199025884270668,0.47175170201808214,0.03058593487367034,0.7207489488646388,2.440057583153248,0.5221214052289724,3.618901301175356,9.658978536725044
67584,0.03208292947965674,0.6365695772692561,3.0217715948820114,0.42143680714070797,0.052096947765676305,0.916497252881527,2.3860283121466637,0.489078251644969,3.225906729698181,10.478951424360275
68608,0.04923388175666332,0.9758616518229246,3.075351446866989,0.43026078119874,0.024795249744784087,0.7987757669761777,2.1783214807510376,0.35772462747991085,3.7988161705434322,10.049945265054703
69632,0.03728743866668083,0.31524623837321997,3.0307935923337936,0.4427271969616413,0.033314654836431146,0.5666955569759011,2.330543138086796,0.3912439402192831,2.8829212244600058,10.641776390373707
70656,0.03335566171153914,0.7729987017810345,3.1866898983716965,0.4916968857869506,0.02034610023838468,0.8351681884378195,2.271735440939665,0.3575125280767679,3.948100984096527,10.753588311374187
71680,0.034729536972008646,0.5982181821018457,2.9742676690220833,0.38399489130824804,0.02777308420627378,0.7313084416091442,2.4758873283863068,0.4254331113770604,4.903256081044674,9.213212221860886
72704,0.03422335514915176,0.32974627101793885,3.2649203464388847,0.5317994588986039,0.016218501405091956,0.3439264320768416,2.302210245281458,0.4625532329082489,3.3454112745821476,10.846857450902462
73728,0.03196676983498037,0.5462285233661532,3.1898427084088326,0.4594028005376458,0.010362160275690258,0.5496593723073602,2.654399164021015,0.8041143259033561,3.703536055982113,8.639160007238388
74752,0.040885548092774116,0.25795195484533906,2.721978321671486,0.33655417803674936,0.034346173459198326,0.33461587131023407,2.256717175245285,0.4604414692148566,3.6550108846277,11.335531760007143
75776,0.0232354449108243,0.5976243764162064,3.025028333067894,0.3746093139052391,0.03216696821618825,0.735856544226408,2.6855752542614937,0.6407650373876095,2.8271615244448185,6.270239345729351
76800,0.03253858818789013,0.6327354209497571,3.165742576122284,0.46025782637298107,0.061752237525070086,0.8818886671215296,2.861663371324539,0.6769294608384371,3.793260782957077,7.777137652039528
77824,0.030923473212169483,0.6643966529518366,3.004236564040184,0.35238052252680063,0.035143657558364794,0.7060268418863416,2.177623502910137,0.3818072583526373,3.880391515791416,6.139888249337673
78848,0.022047169011784717,0.599691528826952,3.1856662333011627,0.3681333288550377,0.03942834366171155,0.6095709297806025,2.8242703080177307,0.6874698651954532,3.734020307660103,6.4921073615550995
79872,0.0381682074512355,0.459863992407918,3.1110936254262924,0.37401274405419827,0.05896233281237073,0.34912853222340345,2.949477009475231,0.6794560477137566,3.2798898592591286,4.904491066932678
80896,0.022535644806339405,0.5631279731169343,3.1282479986548424,0.3560149436816573,0.030562755273422226,0.6366286044940352,2.6078014746308327,0.5387470126152039,3.211819004267454,6.147718846797943
81920,0.03158362534304615,0.514599034562707,2.9996463134884834,0.3504674546420574,0.030940653232391924,0.45290240459144115,2.4439664110541344,0.5138719724491239,5.304966814815998,5.886295519769192
82944,0.015674506983486935,0.6273505873978138,2.7794965654611588,0.31528577487915754,0.04338269708387088,0.5388329685665667,2.4680417329072952,0.4977793376892805,4.114811539649963,5.112603783607483
83968,0.027887447213288397,0.42605863977223635,3.068643756210804,0.38613433856517076,0.03556069117621519,0.44691554363816977,2.5550390481948853,0.5153778325766325,2.490517772734165,6.117186740040779
84992,0.020988425123505294,0.4126671152189374,2.839188575744629,0.326649172231555,0.042901624634396285,0.727328909561038,2.524141050875187,0.48678458016365767,3.274529803544283,9.631564244627953
86016,0.023091670649591833,0.48271985445171595,2.9432931691408157,0.3537075500935316,0.04794818046502769,0.4592762906104326,2.277892380952835,0.4265370527282357,4.020882874727249,6.7003196850419044
87040,0.020412592362845317,0.5043889908120036,2.8383210748434067,0.3147995825856924,0.029388486233074218,0.27405551448464394,2.7261748909950256,0.5711354985833168,4.152757115662098,3.499852068722248
88064,0.02581835730234161,0.6645073564723134,2.907311998307705,0.31933684181421995,0.06021084851818159,0.564593143761158,2.7843925654888153,0.6111520258709788,3.5998723581433296,6.746760189533234
89088,0.017369618624798022,0.7546572182327509,2.886431001126766,0.306857168674469,0.027187767438590527,0.883907463401556,3.0145445093512535,0.8101341873407364,4.138508766889572,8.126624777913094
90112,0.015806694456841797,0.708409745246172,2.794643461704254,0.28677692357450724,0.06413646039436571,0.6876578470692039,2.6562241315841675,0.5246042879298329,3.8019172698259354,11.60890930891037
91136,0.014028243283974007,0.5805516811087728,2.9225353822112083,0.33494441397488117,0.02723792369943112,0.4652890795841813,2.6308190301060677,0.6176205258816481,3.3024158999323845,5.26916054263711
92160,0.015012995077995583,0.5810982706025243,2.846880331635475,0.3186335377395153,0.03733162838034332,0.4289052919484675,2.79920843988657,0.6342641860246658,4.2105891816318035,5.072995036840439
93184,0.024654691143950913,0.37159435730427504,2.7469420358538628,0.3369812835007906,0.056515254138503224,0.25840080063790083,2.3405084311962128,0.44529343862086535,3.4405722096562386,6.470476571470499
94208,0.02151792981021572,0.5553319230675697,2.8230543583631516,0.36967896670103073,0.029622717760503292,0.773316946811974,2.9019432365894318,0.6621203059330583,3.5194154754281044,6.20619036257267
95232,0.02832154551288113,0.5108338948339224,2.80749998241663,0.33319994807243347,0.06842582963872701,0.6250573098659515,2.6493712663650513,0.5482170237228274,3.357922051101923,8.581954009830952
96256,0.026465747403563,0.5144715579226613,3.3306208178400993,0.5192898297682405,0.019106689549516886,0.658775013871491,3.3548004552721977,0.9386698137968779,2.8814477548003197,7.212811700999737
97280,0.035755973163759336,0.7948829298838973,3.1989989802241325,0.38789530470967293,0.062016190437134355,0.8018509205430746,2.8858172222971916,0.7911759503185749,3.318595267832279,5.723370499908924
98304,0.04528891734662466,0.5592294195666909,3.4035675451159477,0.5341873364523053,0.0621653669513762,0.5350142912939191,2.993602953851223,0.6976480260491371,3.7915534041821957,6.982150346040726
99328,0.0341237049724441,0.4278817716985941,3.154392398893833,0.42642092052847147,0.039176998630864546,0.37366620311513543,2.5838051587343216,0.5112867811694741,3.8439783938229084,4.6313656866550446
100352,0.025700348720420152,0.2725226213224232,3.0924469754099846,0.3599383933469653,0.028265484608709812,0.33608379447832704,2.744871214032173,0.597726920619607,2.563016692176461,4.9730827286839485
101376,0.026209083618596196,0.16927910828962922,2.948261573910713,0.3504874501377344,0.010604889801470563,0.2021916415542364,2.2681786492466927,0.5473074959591031,4.957599587738514,11.09497144445777
102400,0.02056137782346923,0.37386762350797653,3.102640800178051,0.4469244219362736,0.07834086686489172,0.630644922144711,2.869610384106636,0.8418655879795551,2.1729732137173414,8.345171228051186
103424,0.02957586746197194,0.3844308229163289,3.0712239667773247,0.3593323426321149,0.053243428497808054,0.356979844160378,2.957046076655388,0.8190069068223238,1.9840162210166454,6.117225952446461
104448,0.043131130645633675,0.5616774624213576,3.260213740170002,0.4624163145199418,0.05055065522901714,0.40759018063545227,2.710916705429554,0.6481664944440126,3.2870508804917336,4.883737742900848
105472,0.032728091202443466,0.3543733274564147,3.008501037955284,0.3777954801917076,0.05463142634835094,0.2566174485255033,2.856828451156616,0.7520632687956095,3.5494503006339073,5.194858282804489
106496,0.03216904221335426,0.5996445287019014,3.016484223306179,0.3392565930262208,0.029770260327495635,0.3859853008762002,2.402752533555031,0.49972064793109894,3.273821946233511,5.101062521338463
107520,0.014537415103404783,0.41704554669559,2.9408172369003296,0.3171987384557724,0.029884920266340487,0.5122913401573896,2.6442457884550095,0.5422739395871758,2.58072504773736,5.392098501324654
108544,0.021213315543718636,0.5009789783507586,2.9707683324813843,0.36173093784600496,0.05757349595660344,0.6131690414622426,2.865135245025158,0.6059844996780157,3.00727716088295,7.402487799525261
109568,0.021266262454446405,0.3333272114396095,3.120424009859562,0.3448520405218005,0.034198581270175055,0.3865658794529736,2.4823362417519093,0.47948926221579313,3.1958090998232365,8.549052812159061
110592,0.03600937126611825,0.43437492940574884,3.2490416765213013,0.40539129823446274,0.05151132970058825,0.43373506516218185,2.853728264570236,0.6425583129748702,2.4161761216819286,6.93919013440609
111616,0.02291473568766378,0.537179883569479,3.2959671542048454,0.47818377148360014,0.04516961780609563,0.49484762642532587,2.9271765053272247,0.6213392280042171,2.497824437916279,5.561112940311432
112640,0.026958668589941226,0.736135009676218,3.051018662750721,0.38219091668725014,0.05237434577429667,1.0336625585332513,2.8917208835482597,0.6353953815996647,3.5609841756522655,10.707251496613026
113664,0.03623395282193087,0.4560299003496766,3.106418013572693,0.41725515108555555,0.048490187618881464,0.5849308976903558,2.8919396474957466,0.6773934122174978,4.749176852405071,7.88050502538681
114688,0.025219149552867748,0.4679345767945051,3.040983460843563,0.3594108074903488,0.038315841084113345,0.6747128693386912,2.53261686116457,0.5159201743081212,3.432554267346859,6.775556735694408
115712,0.024798397033009678,0.5394433280453086,3.1010850965976715,0.411967228166759,0.04574360296828672,0.7507159067317843,2.83031502366066,0.599182809703052,4.111239071935415,7.5275808572769165
116736,0.021149985172087327,0.5985078569501638,3.05008315294981,0.3698658486828208,0.022067723984946497,0.4567588269710541,2.56354670971632,0.47842261102050543,4.191230550408363,5.75964442640543
117760,0.021163539451663382,0.295759498141706,3.1018175780773163,0.34846225194633007,0.04349626392649952,0.21203070133924484,2.847236379981041,0.6074646078050137,2.8950333781540394,3.380232572555542
118784,0.03416360911796801,0.46785539016127586,3.1687779054045677,0.40106305480003357,0.03249776299344376,0.423792882822454,2.766800634562969,0.6072231531143188,3.179818693548441,5.501241683959961
119808,0.01790680862904992,0.7256083311513066,3.039627529680729,0.2952109510079026,0.04808033962035552,0.6841413462534547,2.6451665312051773,0.5451520662754774,4.9037214033305645,8.399889439344406
120832,0.02241246125777252,0.5369514236226678,2.9528165757656097,0.34369698725640774,0.017963350110221654,0.6706391638144851,1.9708985723555088,0.3308342443779111,3.1673955358564854,8.548342242836952
121856,0.01554220003890805,0.44661693181842566,3.113184429705143,0.32992775179445744,0.020835896459175274,0.4344312376342714,2.3465154096484184,0.48748180363327265,3.193232849240303,5.618510566651821
122880,0.028632333036512136,0.23599619697779417,3.0013213455677032,0.41940060164779425,0.04146055024466477,0.6329081617295742,2.1396323889493942,0.3397759273648262,3.9634690191596746,22.5149100497365
123904,0.021108858956722543,0.42916012834757566,3.0223163664340973,0.40423276741057634,0.006950524781132117,0.48554686550050974,2.150994125753641,0.3846692657098174,3.6099333204329014,9.010674953460693
124928,0.03672372469736729,0.472019269131124,3.215244747698307,0.4138432424515486,0.026839445577934384,0.4183360170572996,2.7672673016786575,0.7018182286992669,3.1636466830968857,6.172787860035896
125952,0.012960285559529439,0.4786491971462965,2.8836819529533386,0.32162928860634565,0.053688103245804086,0.407431841827929,2.7026276886463165,0.721755426377058,2.8996630758047104,6.669452473521233
126976,0.0291367290483322,0.4669493790715933,3.030751258134842,0.35071131866425276,0.050353730795904994,0.651246321387589,1.8506872691214085,0.28786122519522905,3.7212858870625496,13.22326709330082
128000,0.024816461722366512,0.5412694159895182,3.205310344696045,0.3676802385598421,0.036203345778631046,0.6184032000601292,2.4323119521141052,0.5464804619550705,3.5665136389434338,5.555159240961075
129024,0.015048558634589426,0.3594951508566737,2.876004211604595,0.2528919535689056,0.029101535241352394,0.4418300874531269,2.116093270480633,0.3628550972789526,3.283948827534914,5.983220212161541
130048,0.02440219287382206,0.48847179766744375,2.8279717341065407,0.3259162222966552,0.03540962081751786,0.5806101048365235,2.4434472024440765,0.4544041659682989,5.664734669029713,11.89806866645813
131072,0.01757293012633454,0.7460076361894608,3.172814927995205,0.3684005746617913,0.028605495463125408,0.6653618635609746,2.8973192796111107,0.7411178480833769,3.739418487995863,6.565013587474823
132096,0.007384408439975232,0.4089863421395421,2.776591181755066,0.2721707113087177,0.06340916026965715,0.4691866240464151,2.7556744441390038,0.6139126038178802,3.6175947040319443,9.032429195940495
133120,0.019354599993675947,0.5282961986958981,3.1898632869124413,0.37432936020195484,0.03499326200108044,0.5593763431534171,2.5606362521648407,0.5792999314144254,2.9305006563663483,6.044982582330704
134144,0.01608330105955247,0.33737972658127546,2.9500387609004974,0.4179920833557844,0.05381662510626484,0.5348565084859729,2.4057665318250656,0.5266480892896652,2.531601395457983,10.28595370799303
135168,0.01668999456160236,0.46465352829545736,2.8709654435515404,0.266607818659395,0.029467582411598414,0.3965579094365239,2.5611270666122437,0.5286028068512678,5.083706378936768,5.157123789191246
136192,0.013405901772785,0.3023470025509596,2.8930667117238045,0.2634666142985225,0.041810599010204896,0.3323526829481125,2.697711259126663,0.608712600544095,4.550494819879532,5.899779185652733
137216,0.026805613495525904,0.7394130509346724,2.99618861079216,0.3448112430050969,0.057107999484287575,0.6234623938798904,2.9328042343258858,0.6595194656401873,9.82214967161417,9.380965419113636
138240,0.016066167794633657,0.573237519711256,3.0399563759565353,0.29809679836034775,0.04488975487765856,0.46203569835051894,3.0667470917105675,0.7051822766661644,4.921054035425186,5.691760294139385
139264,0.008725480176508427,0.3496007714420557,2.8165195360779762,0.29968445748090744,0.061743339989334345,0.2968655899167061,2.8738707825541496,0.6063886051997542,3.3548098728060722,5.120374891906977
140288,0.017967695544939488,0.15438983822241426,2.9560485631227493,0.3887943662703037,0.03365366646903567,0.20891100144945085,2.8060989901423454,0.5518316784873605,2.8531187660992146,6.719204813241959
141312,0.020170653064269572,0.3109385743737221,2.973307393491268,0.3383714025840163,0.05340484730550088,0.39736305456608534,2.2614060267806053,0.4299589367583394,2.9800022430717945,7.934220939874649
142336,0.029655861886567436,0.42608888214454055,3.090694084763527,0.4384507294744253,0.047855908633209765,0.6004075827077031,2.841842621564865,0.6720115281641483,2.2598944269120693,6.879347376525402
143360,0.014652846119133756,0.3885948732495308,2.95105891674757,0.2980930684134364,0.027790273335995153,0.38914264645427465,2.5271854549646378,0.5235445210710168,3.646206982433796,4.979469254612923
144384,0.015021731975139119,0.3783195596188307,3.136371426284313,0.3521086359396577,0.055692294728942215,0.3186163171194494,3.1583650708198547,0.8201598320156336,3.664170563220978,4.019520916044712
145408,0.02185828489018604,0.3207363896071911,2.9942727088928223,0.3147960798814893,0.02505049589672126,0.19654350844211876,2.514005333185196,0.5421641292050481,4.378244932740927,4.402244608849287
146432,0.018780460333800875,0.3691385327838361,3.128755643963814,0.3490923633798957,0.03605850492022,0.354075672570616,2.8502983897924423,0.6452746279537678,2.9833431243896484,6.474995482712984
147456,0.02279541181633249,0.27656479366123676,3.1952453702688217,0.4504549391567707,0.05108655113144778,0.3239142191596329,2.7273412570357323,0.5614404585212469,1.632726028561592,6.246098045259714
148480,0.02286741392163094,0.35901926551014185,3.1741568371653557,0.43865795247256756,0.00772979183238931,0.43701054714620113,2.33733469247818,0.4541330561041832,5.148020673543215,8.793371610343456
149504,0.02592018770519644,0.3772712415084243,2.9200630336999893,0.3694004248827696,0.029310052836081013,0.45986287016421556,2.3355960696935654,0.48525675293058157,2.6123826317489147,8.392678923904896
150528,0.020488959329668432,0.4831800861284137,3.153351627290249,0.374037585221231,0.04031160353042651,0.43751527834683657,2.7721305787563324,0.6103445282205939,4.399415709078312,5.397727411240339
151552,0.01821807817032095,0.4745468609035015,3.0499943792819977,0.34159688744693995,0.0309288599237334,0.504174305126071,2.8557942882180214,0.6502320561558008,3.01624309271574,5.848207242786884
152576,0.026291507194400765,0.35374446539208293,3.053219474852085,0.36039006151258945,0.05590670890524052,0.3704200955107808,2.428648553788662,0.4839300839230418,3.9725022315979004,8.066138856112957
153600,0.021137695526704192,0.3528694435954094,3.0489072278141975,0.3459329064935446,0.04263111297041178,0.3405837840400636,2.744310088455677,0.6712825484573841,4.9294617883861065,7.32766168564558
154624,0.011755319632356986,0.5346285561099648,2.9220726937055588,0.2849608603864908,0.057969046087237075,0.652959250845015,2.972144737839699,0.7695238031446934,4.312666244804859,5.910685688257217
155648,0.033235104667255655,0.43380216229707,3.1675271913409233,0.44198305904865265,0.09446609136648476,0.5038640629500151,3.054067149758339,0.7753044562414289,3.2189400382339954,8.77081523090601
156672,0.014395177975529805,0.4699934469535947,3.0280670821666718,0.3655005879700184,0.03516548770130612,0.3491164483129978,2.993379421532154,0.6821803040802479,4.105965230613947,5.1231387704610825
157696,0.012763357575749978,0.2747645312920213,2.9052488207817078,0.30531095899641514,0.05270159599604085,0.3005234492011368,2.655270889401436,0.5441264938563108,3.6709019243717194,5.011020440608263
158720,0.012984263288672082,0.30715630715712905,3.0566798597574234,0.302766059525311,0.042164145095739514,0.4097943636588752,2.6032310128211975,0.5146874384954572,2.3761729449033737,4.8150089755654335
159744,0.017666282219579443,0.2678925325162709,3.1284544318914413,0.33687037508934736,0.04101510893087834,0.21105685736984015,2.8185738995671272,0.6263601137325168,2.516809171065688,3.1866722740232944
160768,0.024991233949549496,0.3466092003509402,3.150474786758423,0.34869283344596624,0.026187952753389254,0.3281761626712978,2.5927877724170685,0.5962494164705276,2.889089599251747,6.426965922117233
161792,0.024189329458749853,0.6223244098946452,3.1578567773103714,0.3555212216451764,0.06419753520458471,0.7620751624926925,2.9154702499508858,0.7196088628843427,4.0296145379543304,5.607482731342316
162816,0.015919383222353645,0.30785004515200853,2.8837978690862656,0.30701741110533476,0.07366105812252499,0.3212689901702106,2.971433863043785,0.6947403252124786,3.8407298997044563,7.7421053647994995
163840,0.01816421937837731,0.28090394055470824,2.8908119201660156,0.31568687222898006,0.0385792548477184,0.29160574451088905,2.248716365545988,0.41777986101806164,2.9874518550932407,6.356751870363951
164864,0.02284981509728823,0.2649769429117441,3.213819682598114,0.4307024488225579,0.04171302021131851,0.32452328596264124,3.302304372191429,0.8746518399566412,2.154768742620945,5.983726389706135
165888,0.022369509999407455,0.3076629084534943,3.2041571512818336,0.4341393318027258,0.052769698057090864,0.32842536782845855,3.0735145583748817,0.6893420033156872,2.568250250071287,4.594275578856468
166912,0.017221558824530803,0.3152058981359005,3.2480269372463226,0.3812165530398488,0.07654208986787125,0.36534917214885354,3.403286889195442,0.9595744833350182,2.9680038057267666,7.389821220189333
167936,0.03323047862795647,0.32943517016246915,3.147140607237816,0.3834104919806123,0.07675706112058833,0.2857564864680171,3.186978302896023,0.7297865133732557,3.1691843532025814,6.890502627938986
168960,0.018285180092789233,0.31884211860597134,3.137067511677742,0.3901940602809191,0.024655425222590566,0.166623322525993,2.639587178826332,0.6421417016535997,3.0341295674443245,3.022904634475708
169984,0.010312672624422703,0.25742157036438584,2.947718285024166,0.28337454702705145,0.04387713296455331,0.31999926175922155,2.805123157799244,0.6335708890110254,2.845025349408388,4.641545839607716
171008,0.028278442841838114,0.2765307240188122,3.059653639793396,0.3724323455244303,0.07234694703947753,0.33195868134498596,3.03739957511425,0.7827841620892286,5.094063568860292,9.592826820909977
172032,0.013638544012792408,0.3106794683262706,2.9809538796544075,0.34547630976885557,0.04218319979554508,0.3592714322730899,2.7373849749565125,0.573639776557684,3.7928376011550426,4.805390663444996
173056,0.02756581328867469,0.4361611818894744,2.8140481784939766,0.3987489100545645,0.019938504876336083,0.40097543643787503,2.408796649426222,0.538244298659265,7.660925269126892,7.203454606235027
174080,0.026661759286071174,0.4713581493124366,2.8511817902326584,0.316960914991796,0.03327370194892865,0.6541374307125807,2.2629894837737083,0.4137774258852005,3.05709383264184,7.032549723982811
175104,0.02914164618414361,0.3638035338371992,2.9511257484555244,0.3593865083530545,0.056706322415266186,0.4170893793925643,2.8420742452144623,0.6210953593254089,3.251146648079157,5.9097963236272335
176128,0.016569797284319066,0.1668874667957425,2.528369791805744,0.2726967050693929,0.007237077719764784,0.273932836484164,1.5997146293520927,0.2778131407685578,5.530678881332278,16.623109463602304
177152,0.020843790844082832,0.4422559244558215,3.036449819803238,0.3624285813421011,0.04225787176983431,0.39489113399758935,2.572330191731453,0.6096653528511524,2.9105637818574905,5.257786050438881
178176,0.01940789114451036,0.3182363947853446,2.919845551252365,0.29831108171492815,0.01721505739260465,0.3010920276865363,2.8951409310102463,0.8191232923418283,5.838954400271177,5.171037957072258
179200,0.020407747302670032,0.4800735842436552,2.9925125911831856,0.3266963278874755,0.0734042867552489,0.4674053490161896,2.914801724255085,0.8202538713812828,4.920030694454908,6.196508631110191
180224,0.016155623001395725,0.5297880126163363,3.01364041864872,0.30487054120749235,0.06431016937131062,0.516097117215395,3.257916085422039,0.8956454358994961,4.31836811453104,9.695014990866184
181248,0.02621842578810174,0.436287147924304,2.975420691072941,0.3533818032592535,0.06410695321392268,0.3368491241708398,3.0401951372623444,0.6601560916751623,3.2656515911221504,5.386020693928003
182272,0.018688979806029238,0.37620997335761786,2.8426790982484818,0.2917076526209712,0.055939172132639214,0.5137930698692799,2.9747882187366486,0.6966161588206887,3.592820480465889,8.115983411669731
183296,0.020537913529551588,0.30300462432205677,2.9348898977041245,0.3128795921802521,0.055287213646806777,0.524578913114965,2.613861635327339,0.5759744495153427,5.3737280666828156,12.01221376657486
184320,0.01658828608924523,0.3001216910779476,2.823629528284073,0.2991002509370446,0.023177423019660637,0.4087260589003563,2.0757918767631054,0.33857634011656046,4.239292990416288,8.11694648116827
185344,0.017028524918714538,0.27998256171122193,2.74483385682106,0.2870890675112605,0.029803812794853002,0.3255756036378443,2.5533646568655968,0.4912425512447953,5.301373306661844,12.443167239427567
186368,0.02148746032617055,0.3066386873833835,2.71295128762722,0.300185386557132,0.024188910640077665,0.3909865925088525,2.3937410824000835,0.41319459956139326,5.678512889891863,11.336587440222502
187392,0.015599851969454903,0.3912650905549526,3.051282487809658,0.3327497271820903,0.011785849463194609,0.30829895520582795,2.8355186320841312,0.753319101408124,3.2596203051507473,4.0025216601789
188416,0.028570780326845124,0.5309905325993896,3.200386054813862,0.37712193466722965,0.054535020171897486,0.557769768871367,2.6994717717170715,0.6449984144419432,3.3431482389569283,8.01050965487957
189440,0.020308406645199284,0.38531649485230446,2.9612812772393227,0.33685473073273897,0.04148583457572386,0.4667250611819327,2.813911609351635,0.604979706928134,3.781549282371998,8.40889422595501
190464,0.019313585886266083,0.34478284092620015,3.185050942003727,0.3829832850024104,0.01626495528034866,0.4219105909578502,2.946049727499485,0.7548313392326236,4.181723438203335,7.948042556643486
191488,0.021369159250753,0.1974387876689434,3.0474568530917168,0.3403764897957444,0.0587964607111644,0.25720525393262506,2.6782338321208954,0.5910801766440272,2.756863761693239,5.041710030287504
192512,0.03130085582961328,0.27976806135848165,3.0771837905049324,0.37657486740499735,0.012939907726831734,0.2737484248355031,2.8708481192588806,0.7095501627773046,8.149132773280144,8.117458052933216
193536,0.0142245584866032,0.3545928942039609,2.9864921271800995,0.30635527428239584,0.025453316076891497,0.3000129093416035,2.596687600016594,0.6625466700643301,4.66648430749774,4.783283460885286
194560,0.027121811886900105,0.2854243414476514,2.9899586215615273,0.40866269916296005,0.0612978846183978,0.5805831821635365,3.182799853384495,0.8657608088105917,2.5811482686549425,5.107530392706394
195584,0.0104995520086959,0.2932627471163869,3.229871802031994,0.44892881345003843,0.021813662664499134,0.3325347718782723,3.156913571059704,0.9744838085025549,2.7442908100783825,4.838743481785059
196608,0.007642159180250019,0.294620368629694,2.9634915217757225,0.28959008445963264,0.04018592488137074,0.4313945798203349,3.1874606162309647,0.7992461174726486,2.59544051066041,5.201219849288464
197632,0.020774934004293755,0.32481898181140423,3.199897214770317,0.40054440032690763,0.03978256006666925,0.39509414276108146,3.347824774682522,1.0247831270098686,2.478333592414856,5.556073807179928
198656,0.03307334608689416,0.5309238834306598,3.1240882202982903,0.39703716710209846,0.07854884999687783,0.39036318426951766,3.2165580317378044,0.8453910257667303,5.1218226589262486,9.817456841468811
199680,0.02096877942676656,0.3084657876752317,2.986992321908474,0.33695909194648266,0.049828266754047945,0.36836108192801476,3.4941583946347237,1.1017373017966747,3.00805551558733,6.139133937656879
200704,0.017389859625836834,0.4875092878937721,3.124520927667618,0.37301467452198267,0.05848829890601337,0.44652937911450863,3.0475535839796066,0.7811654508113861,3.3256167136132717,5.88141518086195
201728,0.010447070104419254,0.33525892440229654,3.2862460538744926,0.4110977966338396,0.04330715167452581,0.3324106209911406,3.3552721440792084,1.0525376796722412,3.134014882147312,5.651193492114544
202752,0.040733697038376704,0.31433605309575796,3.2190499305725098,0.4062324846163392,0.11203556752298027,0.41359696304425597,3.1176134794950485,0.8970597870647907,4.106574647128582,13.26324899494648
203776,0.021960272759315558,0.23063073493540287,3.0944252386689186,0.37746139615774155,0.037856761628063396,0.3123163254931569,2.6315856985747814,0.6460728328675032,3.7131386883556843,6.194485981017351
204800,0.02471413007879164,0.39197579305619,3.0462031587958336,0.3952144356444478,0.049498164938995615,0.30157949728891253,3.5946788638830185,1.151761956512928,5.089898101985455,7.963709115982056
205824,0.01761521380103659,0.3465599389746785,3.086843006312847,0.3682162156328559,0.04905277071520686,0.3130799815990031,3.6600154489278793,1.123266814276576,3.211413946002722,6.321404803544283
206848,0.015924082312267274,0.35462627140805125,3.0502951219677925,0.3677791729569435,0.055174839741084725,0.3440626827068627,3.069117031991482,0.8356181140989065,3.680588647723198,8.007339596748352
207872,0.01619381722412072,0.3049866068176925,2.9617920741438866,0.30442496901378036,0.04010988524532877,0.3665518444031477,3.432415135204792,1.0359345264732838,3.177286196500063,6.138089947402477
208896,0.004567389347357675,0.47173423506319523,3.0609834417700768,0.27413329388946295,0.022624309262027964,0.40299854055047035,3.1916198655962944,0.9851633068174124,4.88445794954896,5.035939205437899
209920,0.017589625000255182,0.3470576470717788,3.1471511125564575,0.3230948653072119,0.05438017562846653,0.2833489063195884,3.4326202496886253,1.1373969949781895,4.053500700742006,4.83652226626873
210944,0.031460484526178334,0.33839128678664565,3.016880303621292,0.3568861624225974,0.0685005474369973,0.4171828292310238,2.830268956720829,0.7943164445459843,4.613915771245956,8.080618791282177
211968,0.02224452217342332,0.43400909937918186,3.1261303648352623,0.3375698756426573,0.03724191288347356,0.3046319428831339,2.7957344353199005,0.8596309069544077,4.2993041686713696,4.50592478364706
212992,0.016218294127611443,0.32119620917364955,2.9258460700511932,0.3021107744425535,0.064401849755086,0.3750067763030529,2.8125713989138603,0.7559764347970486,3.6247924491763115,4.893106020987034
214016,0.01451451118919067,0.3490326455794275,2.9352089166641235,0.30022096913307905,0.023167098028352484,0.44206123193725944,1.6718939132988453,0.24532522168010473,4.115676574409008,6.427937515079975
215040,0.02076098314137198,0.28882576199248433,3.014756441116333,0.30729981046169996,0.028385097219143063,0.34785666642710567,2.628313459455967,0.5077846273779869,7.311559520661831,8.433682385832071
216064,0.013034940442594234,0.37783787213265896,2.9386462718248367,0.26257747411727905,0.01889293981366791,0.4116587205789983,2.336058385670185,0.5572712826542556,4.633796822279692,4.581811893731356
217088,0.019532489153789356,0.35934207355603576,3.207678198814392,0.4276218246668577,0.0531629154284019,0.3778797425329685,3.4991260021924973,1.0565546210855246,2.7204178236424923,4.5279509127140045
218112,0.008313318874570541,0.2752111372537911,2.897264301776886,0.260169287212193,0.05257572741538752,0.239647715119645,2.8651252835989,0.7059643995016813,2.623973336070776,4.582903694361448
219136,0.017831337740062736,0.5248936554417014,3.077773794531822,0.3198299491778016,0.044350107382342685,0.5189607422798872,2.7694594636559486,0.6805268786847591,4.266961939632893,5.6315117329359055
220160,0.01304207522480283,0.2271724035963416,2.9756817370653152,0.27891136426478624,0.05209922092035413,0.21785657899454236,3.4608527943491936,1.2290849201381207,1.9990096613764763,3.367596745491028
221184,0.028797228209441528,0.44861182291060686,3.2307450771331787,0.45054637268185616,0.0674185107491212,0.6029104832559824,3.33917248994112,0.9565066024661064,5.918871007859707,12.583332166075706
222208,0.014436870580539107,0.213306182064116,2.9038436859846115,0.29411078058183193,0.05201365516404621,0.41035157768055797,2.6430696323513985,0.5765724601224065,2.6127598732709885,7.384902186691761
223232,0.021782483861898072,0.5415584556758404,3.175769478082657,0.3371215285733342,0.0317525066784583,0.6125775892287493,3.3570742309093475,0.955611253157258,3.7903101444244385,6.155954949557781
224256,0.018547239233157597,0.22383786085993052,3.0461322367191315,0.3410134306177497,0.11491745742387138,0.33008310524746776,3.5836583375930786,1.0981171447783709,2.838262375444174,6.377156309783459
225280,0.007792598582454957,0.27702497877180576,3.011504665017128,0.30095267994329333,0.0345794626919087,0.44262026716023684,3.365425355732441,1.4103669952601194,2.536441992968321,4.345833376049995
226304,0.023529074431280605,0.3631345550529659,2.9145839735865593,0.2916870228946209,0.07390618900535628,0.48801856860518456,2.926051490008831,0.7626572102308273,4.920342862606049,7.246541030704975
227328,0.016615579545032233,0.24853317625820637,3.168010987341404,0.32820522133260965,0.0367945360194426,0.28408188791945577,3.6148953586816788,1.424117922782898,2.4327543303370476,5.056377127766609
228352,0.013695346424356103,0.614842938259244,3.0849591568112373,0.3330934355035424,0.06393555860267952,0.8259983919560909,3.2223485112190247,1.17304677516222,3.1127473674714565,6.321374766528606
229376,0.017855726997368038,0.3072557975538075,2.839510314166546,0.29981121234595776,0.0862712410162203,0.5808290522545576,3.078065298497677,1.0388988722115755,2.6153877452015877,7.002964876592159
230400,0.016173676936887205,0.3412765637040138,2.9569399505853653,0.30039408430457115,0.045095437759300694,0.5002618413418531,2.049778301268816,0.42513811588287354,3.7850323878228664,9.932443879544735
231424,0.02127510124410037,0.3025794536806643,2.97480496019125,0.3449694709852338,0.07911883800989017,0.44283605460077524,2.799921751022339,0.6454836651682854,3.9192226752638817,14.270694196224213
232448,0.013754174593486823,0.2727001504972577,2.8755022138357162,0.32621434703469276,0.044987237022724,0.369862696621567,2.9520261213183403,0.739981934428215,2.5264187399297953,8.890932139009237
233472,0.010698966041672975,0.30677569657564163,2.9774773865938187,0.3139049131423235,0.07194825902115554,0.39362576976418495,3.3513625636696815,0.9991664215922356,2.7091524340212345,5.764237351715565
234496,0.026722372189396992,0.2762505663558841,2.9738970026373863,0.33363755512982607,0.051818402571370825,0.28727158810943365,2.7501418218016624,0.6207659859210253,3.4248589128255844,5.604542173445225
235520,0.019778625006438233,0.3523377710953355,3.0554999336600304,0.3799440357834101,0.021609921153867617,0.44656114280223846,2.5755747333168983,0.576434132643044,2.8757053781300783,8.782439388334751
236544,0.011979274568147957,0.19892733870074153,2.8919068947434425,0.27975433226674795,0.040117383730830625,0.23911500512622297,2.6106425411999226,0.6827525016851723,2.928602173924446,7.308128695935011
237568,0.01487184944562614,0.23063148790970445,3.073302298784256,0.33278190111741424,0.06121782393893227,0.25684695271775126,2.6958823949098587,0.6941945757716894,2.0877451729029417,4.104922644793987
238592,0.012709706759778783,0.35954667581245303,2.9402290135622025,0.3553759213536978,0.054941051552305,0.4756560828536749,2.7614562436938286,0.605175893753767,3.0593265667557716,7.04403081536293
239616,0.0207783041842049,0.3255490781739354,2.861850991845131,0.3380043236538768,0.04769684246275574,0.5051783854141831,1.7571122646331787,0.26259187841787934,6.864747598767281,18.363727651536465
240640,0.015443731070263311,0.3554222323000431,2.7268818020820618,0.2313925577327609,0.0314958663075231,0.30814851401373744,2.404959473758936,0.4855289328843355,6.077985890209675,4.191055983304977
241664,0.005977498483844101,0.25942075112834573,2.7335482090711594,0.2671931982040405,0.029857173678465188,0.17760978499427438,2.355494849383831,0.42102702520787716,6.962797466665506,8.03596305847168
242688,0.004444510224857368,0.33930195216089487,3.022816985845566,0.31786263454705477,0.020109331409912556,0.30097997607663274,3.266060210764408,0.8944447450339794,4.063817411661148,4.421320218592882
243712,0.017481654533185065,0.4398036948405206,3.1546549648046494,0.3466140078380704,0.0662276956718415,0.6192944021895528,3.478705368936062,1.137618413195014,2.924011781811714,5.910766631364822
244736,0.024958238311228342,0.3001968376338482,2.814567491412163,0.3577681304886937,0.08860593067947775,0.6758716702461243,2.1174320094287395,0.4170323386788368,7.889049164950848,17.150730811059475
245760,0.026621741650160402,0.37266380432993174,2.9123269245028496,0.34438321832567453,-0.00438244485121686,0.4256752235814929,1.7718150801956654,0.28574825869873166,4.785471133887768,13.2572583258152
246784,0.017635084834182635,0.20421950984746218,2.91341869533062,0.29200037103146315,0.0531771641690284,0.17711148224771023,2.9880383536219597,0.7141376007348299,2.702805507928133,3.446550317108631
247808,0.011427708232076839,0.24439201457425952,2.8525809571146965,0.264559387229383,0.014181968872435391,0.22798785148188472,2.1336770206689835,0.4311540895141661,3.199231930077076,4.501415051519871
248832,0.018446509973728098,0.41271855868399143,3.0925794765353203,0.33132133539766073,0.0066205076582264155,0.5746172564104199,3.086508810520172,0.8721692636609077,5.344648405909538,9.716277070343494
249856,0.01961085438961163,0.27843199111521244,2.928656466305256,0.3068325826898217,0.046618849417427555,0.29303518822416663,2.689344644546509,0.6218431750312448,3.0201656110584736,3.971708681434393
250880,0.013820106134517118,0.335260639898479,3.001445062458515,0.32072570733726025,0.026293782953871414,0.43763567507267,2.9380651339888573,0.7186399009078741,4.00652327388525,5.857916593551636
251904,0.011933089161175303,0.26924534793943167,2.8596377819776535,0.2623427934013307,0.034093018068233505,0.26810280652716756,2.94285299628973,0.8818208444863558,2.6134302392601967,5.812307588756084
252928,0.019561382447136566,0.1935585867613554,2.7872343733906746,0.29439834132790565,0.102307653054595,0.23258863389492035,2.956397406756878,0.7722337394952774,5.593194739893079,7.094615623354912
253952,0.006906214548507705,0.27024137787520885,2.9345846995711327,0.28785215225070715,0.022863457663333975,0.3934375876560807,2.7990707978606224,0.6799574373289943,2.3840080611407757,5.50386605411768
254976,0.01832577610912267,0.33265584660694003,3.266309678554535,0.42625817749649286,0.03226020175497979,0.2854677615687251,3.480426363646984,1.1705413646996021,2.3021347634494305,2.8973188549280167
256000,0.02184791845502332,0.45408992655575275,3.090560607612133,0.33263845928013325,0.04686875393963419,0.6548564182594419,2.9337988197803497,0.7295187413692474,3.812303900718689,6.433084785938263
257024,0.025539374124491587,0.31379533698782325,2.884401485323906,0.3546719551086426,0.05687282822327688,0.5426471326500177,2.5360510051250458,0.5822064056992531,5.431690447032452,10.015206448733807
258048,0.018403946014586836,0.252130011562258,3.0156076475977898,0.3375968374311924,0.09164468571543694,0.47197469882667065,3.0532821267843246,0.7219016645103693,2.5368273593485355,8.458599664270878
259072,0.02872470520378556,0.2640157868154347,2.8452866077423096,0.3692585714161396,0.023043019813485444,0.3787182467058301,2.8807559236884117,0.6448176456615329,2.9915808476507664,7.197139505296946
260096,0.015078692726092413,0.18127528624609113,2.9491844177246094,0.3393736481666565,0.017710944870486856,0.21499039977788925,2.8644280582666397,0.6054710429161787,3.0679830722510815,6.642143286764622
261120,0.009344706879346631,0.17026524851098657,2.9963962361216545,0.3175363140180707,0.049754312727600336,0.2216722471639514,3.4499229416251183,1.099876418709755,2.2891947515308857,3.7298272401094437
262144,0.016689483076334,0.3926621237769723,3.0574595481157303,0.32984658796340227,0.07249492310802452,0.8383594416081905,3.4335701316595078,1.0292700547724962,3.800193289294839,8.920287556946278
263168,0.014806267703534104,0.21498864656314254,3.0673711225390434,0.33346666395664215,0.08479626654298045,0.35499417036771774,2.7922342345118523,0.6490934826433659,3.416920490562916,7.948232527822256
264192,0.012353037396678701,0.22293283324688673,3.0099886506795883,0.3291359804570675,0.036751520907273516,0.32610953599214554,2.885329842567444,0.6977063044905663,3.1303207129240036,4.7298543974757195
265216,0.02984614480374148,0.18801581021398306,2.9059172868728638,0.3487608451396227,0.045145495678298175,0.20166741125285625,2.6667938083410263,0.5545772910118103,3.04862111993134,6.32194834575057
266240,0.015989861072739586,0.20327892433851957,2.973803199827671,0.29150771629065275,0.024767941096797585,0.19268508395180106,3.3980607390403748,1.226045848801732,2.775817422196269,3.5756239220499992
267264,0.024990763937239535,0.30764189222827554,3.330363377928734,0.42532310355454683,0.014380409964360297,0.3402962824329734,3.5587743297219276,1.39204210229218,3.099453955888748,4.200814537703991
268288,0.027294204890495166,0.29119831370189786,3.351353920996189,0.476288934238255,0.08462124489597045,0.3012288874015212,3.432551920413971,1.2029817905277014,2.523915968835354,3.895026968792081
269312,0.012611908969120122,0.15986833558417857,3.089364230632782,0.31403711903840303,0.0684416570875328,0.3790571936406195,3.605846405029297,1.257093619555235,1.4333097785711288,4.63380216807127
270336,0.02862232226470951,0.3379355533979833,3.2239043191075325,0.414265064522624,0.0596376464527566,0.5939344679936767,3.519746817648411,1.2354543767869473,3.149492345750332,7.006442271173
271360,0.022144390357425436,0.3385954024270177,3.03573364764452,0.3172127343714237,0.10074193449690938,0.6418348578736186,3.2421481013298035,1.1540791932493448,2.068595077842474,6.5159637331962585
272384,0.015429767852765508,0.20689268922433257,3.1533503606915474,0.3453847812488675,0.08034376741852611,0.17593755130656064,3.635407991707325,1.4677687250077724,2.431675858795643,2.6612868905067444
273408,0.013401609547145199,0.39432394970208406,2.885608620941639,0.3213339187204838,0.07723057158000302,0.39760508574545383,3.14870385825634,0.8185081295669079,4.203503247350454,6.0905991941690445
274432,0.027736395444662776,0.36302381148561835,2.984987683594227,0.3659638250246644,0.11212603299645707,0.534218817949295,3.5654179751873016,1.0146929286420345,5.629793722182512,12.73376838862896
275456,0.02010612585581839,0.14785366342402995,3.077256955206394,0.36657781433314085,0.05576396165997721,0.2623633900657296,2.783617727458477,0.6536541040986776,2.1100306268781424,6.819985553622246
276480,0.011669212428387254,0.22988825617358088,3.4747349992394447,0.6507996926084161,0.007428125507431105,0.34421956120058894,3.2400438264012337,1.131720133125782,1.8479671142995358,5.621152177453041
277504,0.024275828487589024,0.2209322266280651,3.0889273434877396,0.35213012248277664,0.04764014488318935,0.18331252527423203,3.5947246849536896,1.3374572284519672,2.420576421543956,4.253069739788771
278528,0.028326813626335934,0.255465324036777,3.037258006632328,0.3738798778504133,0.08725450787460431,0.36131638986989856,3.497211776673794,1.272274823859334,5.903223749250174,6.428485810756683
279552,0.034976009832462296,0.18547481251880527,3.148413047194481,0.4200345929712057,0.09043081884738058,0.23430811427533627,3.1845337003469467,0.7857682667672634,3.676227942109108,8.834014274179935
280576,0.018774842770653777,0.3736773179844022,3.1012092158198357,0.3802545452490449,0.016696401842636988,0.3986811935901642,3.2817151248455048,1.1189198959618807,2.7424301616847515,4.095288053154945
281600,0.02369754716346506,0.2676385915838182,3.025098629295826,0.34504660964012146,0.05143043410498649,0.29267456009984016,3.332038037478924,1.195408957079053,2.3901731073856354,4.198781944811344
282624,0.013527390488889068,0.277731338981539,3.3451293781399727,0.4232302997261286,0.015611420152708888,0.43256290908902884,3.861587814986706,1.8289589285850525,2.5006462670862675,6.51822803914547
283648,0.03685111097001936,0.24266120581887662,3.1935584619641304,0.39419377129524946,0.1254185319703538,0.18709103646688163,3.6398421227931976,1.4541449844837189,2.212631620466709,3.0775756388902664
284672,0.021737215865869075,0.22023172490298748,3.042557880282402,0.3342297524213791,0.12655162264127284,0.23942890437319875,3.577946215867996,1.1240531895309687,2.21432925760746,4.255487013608217
285696,0.01128150626027491,0.24075067788362503,3.071868523955345,0.3394715953618288,0.0560746761620976,0.24162041582167149,3.6951209902763367,1.1773113161325455,2.3993286974728107,4.381545711308718
286720,0.010731757618486881,0.20228163059800863,3.237056441605091,0.41872227378189564,0.06972872937330976,0.18433205434121192,4.017103120684624,1.7890466637909412,2.233776066452265,2.684736903756857
287744,0.06228569819359109,0.441576462239027,3.3928652554750443,0.5395745048299432,0.09449500069604255,0.6069901967421174,3.899725541472435,1.4562363140285015,3.244260288774967,6.543852545320988
288768,0.01593525634962134,0.3688189201056957,3.008348263800144,0.32804085221141577,0.09849296824540943,0.6893898751586676,3.305941306054592,1.0511362459510565,2.818662367761135,8.947153612971306
289792,0.029147713765269145,0.24920061975717545,2.9967362508177757,0.32843054831027985,0.1530050500878133,0.3889612457714975,3.2491787523031235,1.0228428803384304,4.123545592650771,12.073675017803907
290816,0.015688855841290206,0.30423113610595465,3.0131912529468536,0.3248209608718753,0.10003665485419333,0.30752879567444324,3.3244336619973183,1.1497329585254192,2.9386635459959507,5.015770375728607
291840,0.009313330490840599,0.3204653295688331,3.041898690164089,0.3025809619575739,0.046563256517401896,0.35739615792408586,3.108342595398426,0.9812861680984497,2.409631807357073,5.010137002915144
292864,0.03233691040077247,0.2581571307964623,3.022212691605091,0.36054171714931726,0.10200850787805393,0.2509658387862146,3.392087735235691,0.9294477943331003,4.854263041168451,7.22067978233099
293888,0.018419633255689405,0.29856333043426275,2.9771550372242928,0.323831538669765,0.055043482221663,0.31741200760006905,3.257400833070278,0.8879144228994846,2.2427733093500137,5.824005134403706
294912,0.004191388303297572,0.257722360547632,2.950396254658699,0.26337553886696696,0.042586359588312916,0.29417628329247236,3.4034214541316032,1.3230812717229128,1.8966256771236658,3.7356701008975506
295936,0.02042118636018131,0.23199268616735935,2.972139060497284,0.3092882735654712,0.05843783711316064,0.2327830910217017,3.0488259866833687,0.7516016121953726,2.10463535040617,4.121073137968779
296960,0.016325813834555447,0.26623375341296196,3.0582715272903442,0.3511749170720577,0.07976471685105935,0.3453621184453368,3.9496220871806145,1.4301624968647957,1.9153851605951786,4.854799881577492
297984,0.0062632608314743266,0.2852573748677969,2.966433607041836,0.26188252214342356,0.06113077548798174,0.20094112842343748,3.363708958029747,1.1200213115662336,2.105037832632661,3.9919687770307064
299008,0.014125048372079618,0.267224112059921,2.849230855703354,0.2663621995598078,0.10515198460780084,0.3531338479369879,3.432079203426838,1.260953614488244,2.403570555150509,5.081574060022831
300032,0.015075230781803839,0.30750935385003686,3.0343009531497955,0.30507887341082096,0.08869090978987515,0.3368217181414366,3.267852947115898,0.9502415955066681,2.736949609592557,4.423220857977867
301056,0.019057890225667506,0.3901933734305203,2.8608212769031525,0.29213336668908596,0.0746582079154905,0.5343806147575378,2.7575699165463448,0.734112124890089,3.2295024283230305,7.8327391892671585
302080,0.01430460462870542,0.25161103485152125,2.962289109826088,0.2658860692754388,0.04901302824146114,0.39237424079328775,3.0000619366765022,0.8239801675081253,2.152673415839672,6.143720306456089
303104,0.011854943761136383,0.4309291932731867,2.7636631950736046,0.3118513710796833,0.05389599673799239,0.597684558480978,3.039383038878441,0.7354233581572771,4.598971668630838,11.617166437208652
304128,0.011780574801377952,0.34075055830180645,3.01011760532856,0.29376221634447575,0.02625098213320598,0.4373586708679795,3.1317837983369827,0.828383969143033,2.282001093029976,5.3790958896279335
305152,0.024119106819853187,0.39243190735578537,3.000394269824028,0.3165718400850892,0.0560668426041957,0.4040113491937518,3.336124464869499,0.9419451896101236,3.13407052308321,4.7481244541704655
306176,0.014348415425047278,0.31964233703911304,2.8980728536844254,0.32187869492918253,0.06126770898117684,0.375516215339303,3.1214107424020767,0.8670349568128586,2.876803442835808,6.337279196828604
307200,0.013570531809818931,0.4263657843694091,3.022879794239998,0.3266085898503661,0.045094996807165444,0.516085360199213,3.57773470133543,1.680093102157116,1.9114117436110973,5.190552823245525
308224,0.016226438572630286,0.4238010090775788,2.877089098095894,0.2930801836773753,0.0696865156351123,0.5647955741733313,3.0910708978772163,0.9144039936363697,3.20056976005435,7.37925685942173
309248,0.013990971012390219,0.33409997168928385,3.0541532412171364,0.30735452100634575,0.055233503167983145,0.39863359183073044,3.4314840510487556,1.1990008540451527,2.6889369897544384,4.558502480387688
310272,0.017278834828175604,0.39527561515569687,2.8146550059318542,0.2633573254570365,0.10968343337299302,0.3185513699427247,3.2268493101000786,0.9135095756500959,4.593518376350403,5.799641191959381
311296,0.011531889598700218,0.3016078546643257,2.932037316262722,0.32001609262079,0.031821784941712394,0.359119831584394,2.8714300096035004,0.7746719270944595,1.9222345221787691,4.711488924920559
312320,0.014565517296432517,0.2790674497373402,2.975083976984024,0.3274385938420892,0.05675543050165288,0.2979822992347181,2.6716023609042168,0.7296478664502501,2.002434905618429,6.232631415128708
313344,0.017708527404465713,0.40971923992037773,3.031126946210861,0.3861295534297824,0.042454161652131006,0.7793199382722378,3.1207786798477173,0.8260892294347286,3.795370277017355,8.261909022927284
314368,0.023403787898132578,0.4122440521605313,3.468226559460163,0.5980476466938853,0.007826218556147069,0.5469673504121602,3.1088089644908905,0.9274483378976583,3.3297708109021187,8.083125621080399
315392,0.03172976756468415,0.3921056818217039,3.080946184694767,0.4187464714050293,0.08309269062010571,0.8431450836360455,2.392393946647644,0.532055577263236,2.251324415206909,9.426053047180176
316416,0.022289587344857864,0.3384717982262373,3.147166073322296,0.3834203816950321,0.030892799171851948,0.6343956980854273,2.701598260551691,0.8401810619980097,3.153954304754734,5.229879252612591
317440,0.012102240914828144,0.2811388997361064,2.8939578384160995,0.3935313280671835,0.05117486455128528,0.3934459052979946,2.6111909449100494,0.5645340606570244,5.4979512225836515,13.562197875231504
318464,0.04094144761620555,0.476900857873261,3.2690963447093964,0.5628087501972914,0.03484759430284612,0.4920282317325473,2.9145889058709145,0.781774815171957,5.836153872311115,11.93515757471323
319488,0.013003901272895746,0.27801855094730854,2.917647421360016,0.2663635816425085,0.03321518830489367,0.23868926241993904,2.9357475712895393,0.9111321941018105,2.749136958271265,3.8515701107680798
320512,0.021141839592019096,0.32860052678734064,2.887458324432373,0.3252077344805002,0.0586436387966387,0.4040685947984457,2.6738520190119743,0.6379350740462542,2.2408230863511562,5.570835389196873
321536,0.019954130140831694,0.3293387573212385,3.028165154159069,0.37391018588095903,0.056400616755126975,0.3231324413791299,2.8251370787620544,0.6840603817254305,2.6840045917779207,6.995801992714405
322560,0.012556435482110828,0.2715570945292711,3.075030155479908,0.32552884705364704,0.02051568275783211,0.3000564503017813,3.2479378283023834,1.1471760896965861,2.598297093063593,3.7965918630361557
323584,0.03602184462943114,0.49180950969457626,3.26243257522583,0.4290626049041748,0.06896231352584437,0.5756299681961536,2.9178382828831673,0.850800484418869,4.049870803952217,6.29502821341157
324608,0.020067708392161876,0.4572198297828436,2.946222573518753,0.3276413828134537,0.053584364854032174,0.5166872860863805,2.630297064781189,0.6202517058700323,3.0126494597643614,5.999097131192684
325632,0.010747293752501719,0.1727611746173352,2.9881565421819687,0.3771533537656069,0.06194385892013088,0.28269833512604237,2.621789298951626,0.49483497999608517,2.3067983351647854,10.685843419283628
326656,0.023099260419257917,0.25375790521502495,3.0029198080301285,0.4488620227202773,0.019274139587651007,0.5041203107684851,2.5066725239157677,0.5233690161257982,2.4856228064745665,13.172691702842712
327680,0.011003039791830815,0.33344183675944805,2.750683329999447,0.274226357229054,0.02720233498257585,0.4323006933555007,2.0209264494478703,0.37621904630213976,1.8460456151515245,6.157638758420944
328704,0.019251567646279,0.31422919733449817,3.2276551872491837,0.4176669390872121,0.03720951030845754,0.2197285129223019,3.1635174825787544,0.9318446945399046,2.487249471247196,3.700235366821289
329728,0.025246836070436984,0.3622789727523923,2.9550051391124725,0.3355901809409261,0.05890336778247729,0.40892483945935965,2.584363676607609,0.6502421889454126,2.671856913715601,8.676219269633293
330752,0.01313715789001435,0.20794010069221258,3.0086058974266052,0.31753514520823956,0.060348642320604995,0.2920753825455904,3.190263994038105,1.133836766704917,2.3698178697377443,5.584598038345575
331776,0.019470038067083806,0.4036634801886976,2.8768055215477943,0.3812954556196928,0.08258394832955673,0.6411757357418537,3.0292634293437004,0.92168228328228,2.855687737464905,6.7653683088719845
332800,0.030000669168657623,0.34484879206866026,3.0313764214515686,0.358919651247561,0.053942239173920825,0.43850443651899695,2.7649197950959206,0.7010532235726714,4.217210330069065,4.9110924899578094
333824,0.013354532013181597,0.3599994610995054,2.9421844333410263,0.26737324334681034,0.025372889620484784,0.3390097599476576,3.3317027911543846,1.049198104068637,3.4220405966043472,4.124580956995487
334848,0.008614801947260275,0.24935269309207797,2.90567709505558,0.25849454337731004,0.06825603888137266,0.22590790316462517,3.177133098244667,0.8286742065101862,2.026218391954899,5.430866338312626
335872,0.015724253840744495,0.2676052371971309,3.0677357465028763,0.3050458459183574,0.05701968685025349,0.2829798203893006,3.3013467490673065,0.9780471529811621,1.894960643723607,4.840583983808756
336896,0.014378810170455836,0.5268870247527957,3.0469026789069176,0.3222804805263877,0.07393786305328831,0.8737052846699953,2.729391060769558,0.7230649068951607,4.056800030171871,8.676423639059067
337920,0.029990239163453225,0.2576372604817152,3.0761151239275932,0.38450524024665356,0.054863012628629804,0.3078476539812982,2.701741024851799,0.594584378413856,3.9588044192641973,14.744423136115074
338944,0.010132716430234723,0.25143766589462757,3.0257477536797523,0.34377756994217634,0.016912697377847508,0.39206272503361106,2.4662862047553062,0.5312689151614904,2.1470357812941074,7.306741185486317
339968,0.017942895370651968,0.15999440709128976,2.979981891810894,0.3159754117950797,0.08157724191551097,0.21703281928785145,3.167419523000717,0.8299960792064667,2.8983490876853466,6.118341766297817
340992,0.013723856915021315,0.38102942844852805,2.951190948486328,0.3057363801635802,0.02670691035746131,0.6675799172371626,2.6477558501064777,0.8993676640093327,3.5489736795425415,7.6061191856861115
342016,0.01935576148389373,0.1768826083280146,2.9716566056013107,0.3341734893620014,0.0921330785495229,0.1332855294458568,3.30439979583025,0.9087286572903395,2.0147456005215645,5.590575087815523
343040,0.027722269820515066,0.2316801673732698,3.4765977934002876,0.5023508537560701,0.01800850167637691,0.23464986006729305,3.72048506885767,1.7139672059565783,2.4230295699089766,3.818010039627552
344064,0.009939291834598407,0.27845224365592003,3.095646969974041,0.3097275048494339,0.052707299910252914,0.38801194773986936,3.5949981585144997,1.4600544646382332,2.0503678899258375,5.096867058426142
345088,0.011030502573703416,0.4419824779033661,3.1221354082226753,0.33733259607106447,0.03894916450371966,0.7159257894381881,3.540698930621147,1.4447663053870201,2.1982942894101143,5.385345719754696
346112,0.028594796604011208,0.37911037635058165,3.1256495863199234,0.3781685074791312,0.07762479328084737,0.8333782134577632,2.407935157418251,0.664147024974227,2.6072399895638227,7.150040835142136
347136,0.016797917749499902,0.2278568330220878,3.1181787475943565,0.3862217664718628,0.09013928868807852,0.3891289113089442,2.984177805483341,0.7307935506105423,1.622216772288084,6.03986956179142
348160,0.02218058677681256,0.34074415639042854,3.1223742589354515,0.39402907993644476,0.05183527886401862,0.43701585102826357,2.8598216772079468,0.7593695111572742,3.1175300367176533,5.1235745549201965
349184,0.020014744346553925,0.2762052840553224,2.981515757739544,0.3500282494351268,0.045294459094293416,0.43372600385919213,2.7599345967173576,0.654371296055615,4.426975646987557,9.482571095228195
350208,0.017638630983128678,0.294466660823673,2.9354770109057426,0.330955121666193,0.05638204711431172,0.302163218613714,2.9728362262248993,0.9173237942159176,3.531994551420212,4.184676978737116
351232,0.015390998305520043,0.2386148115620017,3.251741610467434,0.4434427646920085,0.04607279166521039,0.4348607677966356,2.647795610129833,0.8623154740780592,1.7820879463106394,7.436690792441368
352256,0.02464472818246577,0.29371130419895053,3.0431489050388336,0.35338594019412994,0.04045096944901161,0.37270498322322965,2.208217568695545,0.4739575618878007,2.630053099244833,5.542079329490662
353280,0.02554351871367544,0.30319204460829496,3.1684050485491753,0.35308421216905117,0.016595588822383434,0.41206811275333166,3.232017830014229,1.082125898450613,2.4488814789801836,6.1388997584581375
354304,0.01367714602383785,0.36883065616711974,3.2123107612133026,0.41689088847488165,0.05915743325022049,0.583806712180376,3.2340135350823402,1.1306116469204426,3.030694868415594,6.89461450278759
355328,0.021674264411558397,0.3590710978023708,3.162283569574356,0.3749069394543767,0.07867502421140671,0.7508117789402604,3.023281656205654,1.1162452660501003,2.8054705318063498,7.439645275473595
356352,0.007367252226686105,0.0942901277448982,3.0384757220745087,0.34436251502484083,0.053485138778341934,0.34586367988958955,2.6293698251247406,0.8012354942038655,1.9387458469718695,6.247463867068291
357376,0.014350894838571548,0.45208085514605045,2.840222477912903,0.30036625545471907,0.06573196302633733,0.8347263354808092,2.768412597477436,0.8529521338641644,2.6073645167052746,10.140025235712528
358400,0.019896250014426187,0.3449387373402715,2.904660664498806,0.31239121221005917,0.02671245447709225,0.54410769790411,2.5672394037246704,0.5498359445482492,3.53496515378356,9.8925219476223
359424,0.0204467506846413,0.13334260950796306,2.8770677521824837,0.31904170475900173,0.06281911523547024,0.3302692067809403,2.8076533302664757,0.6919289734214544,2.791400332003832,7.7236723974347115
360448,0.0034917305456474423,0.21070562698878348,2.9601446762681007,0.30922989547252655,0.027060463005909696,0.18455802835524082,2.873793803155422,0.8878807332366705,2.040923858061433,4.067979961633682
361472,0.017823823160142638,0.26980465301312506,3.173002101480961,0.4130127178505063,0.02986860295641236,0.39526202296838164,3.840844050049782,1.8886602371931076,4.582786105573177,4.436639938503504
362496,0.02420540465391241,0.2766913790255785,3.236853115260601,0.39816709142178297,0.030487809533951804,0.42107795691117644,3.512574724853039,1.262672446668148,3.0996536910533905,5.795151941478252
363520,0.016828290492412634,0.19030525023117661,3.138239376246929,0.40602329932153225,0.044789781561121345,0.22044540336355567,3.614011637866497,1.4167339317500591,1.9548679757863283,4.294413156807423
364544,0.024871888817870058,0.30711013870313764,3.0319938510656357,0.34753506630659103,0.10271932685282081,0.5289970189332962,3.3519727140665054,1.160993179306388,2.5924553610384464,5.020729131996632
365568,0.017500357658718713,0.17138185701332986,2.9597051814198494,0.3116289461031556,0.09204032039269805,0.2200137758627534,3.013060748577118,0.7536206804215908,3.4079959467053413,8.932793665677309
366592,0.026991476959665306,0.3268840704113245,2.781999744474888,0.3178330035880208,0.08820919331628829,0.3031323361210525,2.7563919201493263,0.7844352293759584,7.2468127608299255,14.436233781278133
367616,0.003514093637932092,0.2679896461777389,3.0306350365281105,0.35495978500694036,0.03152608414529823,0.4044525632634759,2.68128515034914,0.6390131171792746,1.819333741441369,6.127293214201927
368640,0.013333744718693197,0.2674162327311933,3.0324013382196426,0.29659847263246775,0.03953899734187871,0.3301594201475382,3.532869353890419,1.1336650755256414,2.100354854017496,5.705417416989803
369664,0.03188907806179486,0.23436204995959997,3.103132486343384,0.4878575708717108,0.10833786107832566,0.40652864752337337,3.5509895384311676,0.992913793772459,5.220266010612249,15.47181847691536
370688,-0.0031183943356154487,0.3268067152239382,3.360180638730526,0.6522231958806515,0.01165309885982424,0.5534334275871515,3.109499566257,0.9955492671579123,2.6499164700508118,8.09266023337841
371712,0.007851758797187358,0.2649280009791255,2.969557486474514,0.2737879673950374,0.01800916763022542,0.42140982300043106,2.9232058748602867,0.7795808427035809,2.529311753809452,6.391373828053474
372736,0.01446845635655336,0.20659783761948347,3.1998694762587547,0.3785149762406945,0.06086840311763808,0.2481455965898931,3.578651063144207,1.3071450628340244,1.8833265900611877,4.639572832733393
373760,0.02444873724016361,0.20674829557538033,3.0837839916348457,0.35682995803654194,0.08457526273559779,0.41010323259979486,3.10238353908062,0.8994687404483557,1.7395158130675554,6.883346136659384
374784,0.023407521744957194,0.1561627802439034,2.9699660018086433,0.36055144388228655,0.05950469743402209,0.3485687281936407,2.9152772650122643,0.7261448390781879,3.0956713054329157,8.252010181546211
375808,0.017165041528642178,0.26069665560498834,3.039227157831192,0.3376014493405819,0.03256584983319044,0.3063796069473028,2.3420791067183018,0.5670057032257318,3.0394243374466896,7.007705751806498
376832,0.019894772936822847,0.32731287786737084,3.0123874992132187,0.3332676971331239,0.036837214458500966,0.576147573068738,3.03197805583477,0.8291270844638348,2.3934192284941673,5.690055854618549
377856,0.021577676554443315,0.22195819579064846,2.9482323303818703,0.3189224936068058,0.07419113960349932,0.25881528737954795,2.8782905489206314,0.6889595594257116,3.707200437784195,6.952490344643593
378880,0.009860872421995737,0.23617764981463552,2.817175179719925,0.3015595739707351,0.05723904936166946,0.2558341836556792,3.0207597985863686,0.9542196672409773,2.8626248873770237,5.061462253332138
379904,0.008468281739624217,0.3927367525175214,3.0068655610084534,0.3187508378177881,0.034197886794572696,0.505079073831439,3.069244608283043,1.0937438383698463,2.538007490336895,7.52195630967617
380928,0.023705501691438258,0.25769210420548916,3.0423432290554047,0.3551646778360009,0.0741551824612543,0.28455880424007773,3.5382575020194054,1.3461075853556395,2.521103035658598,3.548775043338537
381952,0.008606809715274721,0.4825223246589303,3.198430649936199,0.3320468869060278,0.0444355734216515,0.7863165158778429,3.556012883782387,1.587746486067772,2.6014159619808197,9.007813572883606
382976,0.018364310933975503,0.2134673846885562,3.323455795645714,0.4069445189088583,0.06981457315851003,0.32039468199945986,3.858902297914028,1.7493494004011154,1.6755639351904392,4.137023471295834
384000,0.02990648985723965,0.24020558781921864,3.0813171043992043,0.3831592723727226,0.15230049504316412,0.4684558780863881,3.3968464955687523,1.2031685393303633,2.772573731839657,8.241890206933022
385024,0.014159702492179349,0.2667650505900383,2.83748422563076,0.3335547409951687,0.11540360888466239,0.6473506735637784,3.147067129611969,0.8270350471138954,5.206966415047646,20.80192804336548
386048,0.0050100346124963835,0.2503570751287043,2.9445964619517326,0.3837546994909644,0.035315728731802665,0.4703328628093004,2.7748051583766937,0.6404126789420843,4.141656385734677,14.399750150740147
387072,0.009107694961130619,0.28795498376712203,2.9989486783742905,0.3308263150975108,0.03218620814732276,0.26487103942781687,3.360920622944832,1.0505517795681953,2.9093868397176266,4.785945791751146
388096,0.04056130586832296,0.3598930509760976,3.0180534720420837,0.4862538902089,0.05912304131197743,0.47012615390121937,3.1272222846746445,0.7313983347266912,13.79717417433858,23.60210568457842
389120,0.026154436578508466,0.274545312859118,3.0030148923397064,0.331938941963017,0.05657678988063708,0.2690988564863801,2.7946929186582565,0.860707332380116,1.9431236311793327,4.246952373534441
390144,0.01802753657102585,0.28599812602624297,2.944401793181896,0.33906286768615246,0.04117151495302096,0.5395709974691272,3.3529429584741592,1.110479187220335,3.207284511998296,9.12769104167819
391168,0.0004143658297834918,0.19422560185194016,2.896965518593788,0.2623390769585967,0.04711170351947658,0.24923172569833696,2.9071437940001488,0.9737642593681812,1.9330650679767132,3.7515719570219517
392192,0.031963858869858086,0.6601216308772564,3.2474297136068344,0.4034119648858905,0.03432781832816545,0.7636923994868994,3.3037054166197777,0.9902850110083818,3.8496431969106197,10.805080749094486
393216,0.013108183717122301,0.3633701023645699,3.0623461455106735,0.3352399989962578,0.08142792448052205,0.4532396299764514,3.4995389580726624,1.0409661009907722,2.314433455467224,5.789523974061012
394240,0.010339145199395716,0.38742908369749784,3.1734554395079613,0.358636518009007,0.032666616258211434,0.5006484026089311,3.164772465825081,1.0809283647686243,2.3591656386852264,5.5439909771084785
395264,0.01312333726673387,0.28972449665889144,3.064699649810791,0.34084557741880417,0.05919551612169016,0.4912797696888447,2.921127013862133,0.9495373144745827,2.099568508565426,5.891532942652702
396288,0.017730027379002422,0.26065771374851465,3.126463793218136,0.3776955744251609,0.08616300459834747,0.42080122139304876,3.157996416091919,1.09063851647079,2.0790040604770184,6.714176259934902
397312,0.023708086562692188,0.4035562053322792,3.081255406141281,0.3332584071904421,0.05639034489286132,0.4928562454879284,2.778665117919445,0.8691270183771849,5.949628211557865,5.719332076609135
398336,0.012899160821689293,0.351609846111387,3.056107744574547,0.2978022797033191,0.0325610303261783,0.5359003022313118,3.070996291935444,0.9382868558168411,2.683962259441614,7.167718902230263
399360,0.016077723368653096,0.2534573841840029,3.225910447537899,0.39204241894185543,0.04730773254414089,0.4405597159639001,2.5754405334591866,0.6167519455775619,2.009928487241268,6.924340784549713
400384,0.015183233219431713,0.2974589727818966,2.9453968852758408,0.31034490279853344,0.031274302426027134,0.31866894802078605,2.688939407467842,0.7726547848433256,3.8968741595745087,6.281047951430082
401408,0.020882582568447106,0.34152398630976677,3.1364310532808304,0.38488645013421774,0.08470847870921716,0.525171363260597,3.0462741330266,0.8618609346449375,4.522371515631676,14.253794752061367
402432,0.018184309170464985,0.37073882343247533,3.1349465921521187,0.3790934728458524,0.039389422978274524,0.6828329507261515,3.1950000673532486,0.9629184007644653,2.6961340978741646,8.934153713285923
403456,0.014062173824640922,0.30446753511205316,3.0728068202733994,0.3133269986137748,0.0423755535739474,0.4499634699895978,2.9085733219981194,0.7351294811815023,2.653458822518587,7.324459284543991
404480,0.021735393267590553,0.3799689235165715,3.1114656701684,0.3227516617625952,0.06023081624880433,0.5516835357993841,2.75993213057518,0.7760319896042347,2.942313227802515,9.568099603056908
405504,0.01198892628599424,0.21078571863472462,3.141818732023239,0.29688151087611914,0.031559499038849026,0.28419091226533055,2.8196258172392845,0.7615814078599215,2.050697173923254,5.0877504870295525
406528,0.018346929879044183,0.29821788473054767,2.9317447915673256,0.2929044021293521,0.04573573105153628,0.5437375763431191,2.610087402164936,0.5839865542948246,3.847321517765522,9.383931495249271
407552,0.01812327314110007,0.3391474671661854,2.893594615161419,0.3148975307121873,0.024437701198621653,0.5891805766150355,2.6459634006023407,0.583298803307116,7.799628417938948,12.787324622273445
408576,0.017605253611691296,0.15377093059942126,3.1968029588460922,0.39865036960691214,0.052266623213654384,0.21327040763571858,3.182895913720131,0.8825411796569824,2.0114208571612835,6.560611970722675
409600,0.03453734316281043,0.24990302044898272,3.028054893016815,0.4122127406299114,0.056812488444847986,0.5047633443027735,2.130122471600771,0.483734049834311,5.442813031375408,13.435556553304195
410624,0.02094059533555992,0.22495939675718546,3.068032816052437,0.3579771975055337,0.006984994513913989,0.36491752695292234,2.487998452037573,0.6643774388357997,1.870087293908,6.777107123285532
411648,0.016520437930012122,0.24584963265806437,3.123977981507778,0.32431105338037014,0.030497345025651157,0.3351739291101694,3.584698922932148,1.3219492621719837,2.655536774545908,5.478390388190746
412672,0.010117361394804902,0.3138900985941291,3.040822945535183,0.2725290087983012,0.06157073489157483,0.6267132153734565,3.247904412448406,1.073410365730524,2.5457851514220238,6.372476063668728
413696,0.01052505528787151,0.20424583251588047,3.1446379870176315,0.3249112404882908,0.04090087627992034,0.4757589418441057,3.0996670946478844,0.8713508825749159,1.9304313249886036,6.666742496192455
414720,0.023880042863311246,0.40168320620432496,3.0937946289777756,0.36192877124994993,0.07577358890557662,0.6717719780281186,2.9436621889472008,0.9694300182163715,3.564029559493065,12.271138660609722
415744,0.015557649239781313,0.29393142089247704,2.9524940624833107,0.3305646860972047,0.0748893034469802,0.6597899477928877,2.9939579889178276,0.9339348301291466,3.903141926974058,13.59120587259531
416768,0.017993899702560157,0.22040790133178234,3.078514516353607,0.38328293710947037,0.07696457265410572,0.37809171760454774,3.183374345302582,0.846043897792697,2.224750604480505,7.09453259781003
417792,0.017788289114832878,0.2700124946422875,2.9408849254250526,0.35290056839585304,0.053679236239986494,0.5598972029983997,2.652702745050192,0.6106451442465186,3.1179505698382854,7.284338593482971
418816,0.029408995935227722,0.4680707361549139,3.1706299111247063,0.37589122634381056,0.03394146030768752,0.6632187776267529,3.0673419684171677,0.8463577050715685,3.167064320296049,5.928097300231457
419840,0.02498035886674188,0.24653503531590104,3.0649159029126167,0.36130149383097887,0.041800196951953694,0.35321861738339067,3.29487257450819,0.8737656567245722,5.7724201790988445,5.228118076920509
420864,0.012229598825797439,0.27492436207830906,3.082077905535698,0.33161954302340746,0.025699863355839625,0.3851183718070388,3.3356434628367424,0.9450398422777653,3.161657202988863,4.992793582379818
421888,0.031059713248396292,0.2939987680874765,3.0370404943823814,0.31591484509408474,0.026527105161221698,0.468587685842067,3.356172278523445,1.0847365986555815,4.263567689806223,4.349289879202843
422912,0.008161117773852311,0.33545686351135373,2.8009335845708847,0.25395224895328283,0.05241400143131614,0.35505035566166043,3.2163871228694916,0.9236837364733219,5.240972097963095,5.673806075006723
423936,0.017469185215304606,0.1973797525279224,2.596300534904003,0.2911259522661567,0.07946953707141802,0.27304308116436005,3.212774120271206,0.9078601617366076,8.900929987430573,15.088980194181204
424960,0.00785942591028288,0.2637934507802129,2.7701721638441086,0.26987492851912975,0.043224711291259155,0.25770188914611936,2.846766635775566,0.7232306767255068,2.292480483651161,4.009882800281048
425984,0.024904847781726858,0.20373566541820765,2.8540027365088463,0.325549959205091,0.059102244951645844,0.23550511291250587,2.625361457467079,0.5744471466168761,8.73628879711032,8.2573315910995
427008,0.015277650818461552,0.16796885314397514,3.0729207694530487,0.34857673291116953,0.02621119056129828,0.17735022935084999,3.404424950480461,1.3508788123726845,2.849645497277379,3.502497736364603
428032,0.008443345825071447,0.20169900869950652,3.1752170398831367,0.3030227869749069,0.0163395065756049,0.39276265166699886,3.720047205686569,1.8423686996102333,1.9288408514112234,5.370903007686138
429056,0.01009111973689869,0.19516019988805056,3.8691261559724808,1.0218504462391138,0.0027999360754620284,0.2936025154776871,3.9790482819080353,1.5786706171929836,1.9233876429498196,4.107586644589901
430080,0.021447314968099818,0.24741036561317742,3.162734664976597,0.41172371711581945,0.036584037297870964,0.314091466832906,3.7858358696103096,1.8327491283416748,2.280063685029745,4.590212915092707
431104,0.014560305295162834,0.3392536290921271,3.1884654238820076,0.37394412513822317,0.007116905529983342,0.46565900929272175,3.4033914655447006,1.4059609733521938,2.1531219966709614,6.790621154010296
432128,0.01890755444765091,0.19011603435501456,2.9012626707553864,0.321462856605649,0.10080340490094386,0.2825319098774344,3.324065715074539,1.1786181665956974,2.8011991418898106,4.793404199182987
433152,0.015931607093079947,0.4198806481435895,3.062861420214176,0.32567211613059044,0.08276206825394183,0.6890652729198337,3.2450153455138206,1.325310593470931,3.0548908300697803,8.990306347608566
434176,0.015527964831562713,0.24861700739711523,3.0725443959236145,0.3681197538971901,0.02085701038595289,0.29005131125450134,3.2282072231173515,1.2923514544963837,2.5165703780949116,4.001402221620083
435200,0.011910622037248686,0.3584553115069866,2.950419709086418,0.30144458170980215,0.08678448502905667,0.5990181025117636,2.8716276586055756,0.9879395850002766,2.756274748593569,8.82259963452816
436224,0.025437196367420256,0.24698789464309812,3.0897836089134216,0.358615362085402,0.03941918211057782,0.2006124253384769,2.9920398890972137,0.8428546171635389,5.680348176509142,7.550233792513609
437248,0.0068227078299969435,0.24245074857026339,2.9666326493024826,0.28354831598699093,0.04353093367535621,0.26022379798814654,3.271150104701519,1.1746060326695442,1.9349180106073618,4.819319248199463
438272,0.022152399993501604,0.31789323361590505,3.1094923987984657,0.3647661507129669,0.05176625310559757,0.4609100902453065,3.365954205393791,1.2853688914328814,3.9388464726507664,6.103032633662224
439296,0.01660729597642785,0.2836015447974205,3.1172111332416534,0.35194553155452013,0.03602120385039598,0.39906585309654474,3.826438643038273,2.096865192055702,2.449971240013838,5.3931774944067
440320,0.023470029438612983,0.12705596559680998,3.127506770193577,0.389933162368834,0.1197440690593794,0.25214047101326287,3.6643794253468513,1.3614510111510754,2.9137288350611925,5.190122675150633
441344,0.018942566501209512,0.1871342076919973,3.065228909254074,0.32985135447233915,0.08655744226416573,0.43691486632451415,3.4608614817261696,1.292799174785614,2.1396360620856285,7.519783027470112
442368,0.012603873627085704,0.4122450230643153,3.01304442435503,0.33555945102125406,0.07983083243016154,0.991746811196208,3.4693033024668694,1.2089542541652918,2.7016407661139965,8.504512824118137
443392,0.035832140521961264,0.3206697474233806,3.258891835808754,0.4235337916761637,0.06668541030376218,0.500386917963624,3.2031356170773506,0.8842874616384506,3.895702011883259,8.766787879168987
444416,0.011351537817972712,0.1457255738787353,3.013836294412613,0.29350309958681464,0.11717506864806637,0.18469775235280395,3.5823463797569275,1.2403587028384209,1.6178367361426353,3.4920435957610607
445440,0.021667114095180295,0.24349137069657445,3.096077099442482,0.3623618371784687,0.08125124349317048,0.3329289392568171,3.3465865179896355,0.9578095637261868,1.7053450178354979,4.486768830567598
446464,0.011596917203860357,0.21246503666043282,3.118618279695511,0.3221395583823323,0.010843447875231504,0.3790565028320998,3.5687298700213432,1.536822360008955,2.242812853306532,4.167732309550047
447488,0.01636385839083232,0.2529954221099615,2.997694604098797,0.33464693278074265,0.09640769177349284,0.35330503853037953,3.613771043717861,1.1291525289416313,4.702482793480158,6.592535629868507
448512,0.01438359780877363,0.4849497964605689,2.8199590295553207,0.3483734084293246,0.0545723790419288,0.9162948876619339,2.6508845165371895,0.5784328794106841,3.0078366808593273,9.457394689321518
449536,0.025892331352224573,0.2880243454128504,3.2154336348176003,0.3908545505255461,0.05825075801112689,0.5606004307046533,3.486175999045372,1.1518304608762264,1.794278398156166,5.259132705628872
450560,0.028259097161935642,0.28067953838035464,3.1171168386936188,0.37911478616297245,0.07937160041183233,0.3161076889373362,3.0380652770400047,0.8247961681336164,2.0001644250005484,4.403185401111841
451584,0.0365140288049588,0.48109576664865017,3.0592350736260414,0.38938704412430525,0.08452248999674339,0.7941359169781208,2.6929773539304733,0.5954973567277193,4.705863505601883,11.521576084196568
452608,0.015917738957796246,0.266605285461992,3.0952325612306595,0.3725819969549775,0.03567608571029268,0.259737070184201,2.3399151787161827,0.46107903961092234,2.670693166553974,8.514659747481346
453632,0.02120308818120975,0.2431675922125578,3.064065009355545,0.37234371807426214,0.03324606658134144,0.40192373655736446,2.490045804530382,0.5333215463906527,3.0061166621744633,9.736728549003601
454656,0.028798146748158615,0.29055464500561357,2.8296235650777817,0.30834855884313583,0.05268898044596426,0.3697099103592336,2.2819062247872353,0.3967415429651737,6.735237840563059,13.070457257330418
455680,0.013991404470289126,0.3179057468660176,3.0972438603639603,0.37274776585400105,0.03542600471701007,0.3746863044798374,2.7223892211914062,0.6245409110561013,2.7783807814121246,7.4982216246426105
456704,0.021006374765420333,0.15651962696574628,3.0772228613495827,0.3391223754733801,0.040408195345662534,0.11843995843082666,3.3416040390729904,1.1473195273429155,1.9240936301648617,2.3158502597361803
457728,0.014596760185668245,0.23549543228000402,2.96150229126215,0.3105824524536729,0.05700630144565366,0.3116310304030776,3.386117644608021,1.0780397318303585,2.716972429305315,5.752386756241322
458752,0.018321024341275916,0.30348382238298655,3.1497176364064217,0.3719778312370181,0.041407453347346745,0.325757656712085,3.4222125709056854,1.1617814935743809,2.4639207907021046,4.196887701749802
459776,0.011077360351919197,0.3030950454995036,3.020149774849415,0.34076569974422455,0.05820538039552048,0.4712723921984434,2.9558296501636505,0.8011622689664364,2.4178542140871286,7.020783111453056
460800,0.018633163505000994,0.33360242331400514,2.9366917461156845,0.2922792201861739,0.062078978968202136,0.4406397957354784,3.3972330391407013,1.1083022579550743,2.760815095156431,6.999463841319084
461824,0.02225151915627066,0.12562014372088015,3.2085634618997574,0.36348302010446787,0.07487877667881548,0.17257825750857592,3.1899440735578537,0.9670065827667713,1.8074201941490173,3.7816048860549927
462848,0.019352595540112816,0.2697938121855259,2.855180189013481,0.32682234700769186,0.08787860989104956,0.2684314073994756,2.5710719265043736,0.616408945992589,4.452838338911533,11.816564001142979
463872,0.018212721246527508,0.13449750281870365,2.9338782727718353,0.34234665893018246,0.03374358938890509,0.15122629050165415,1.8760793879628181,0.32134771486744285,4.4079489056020975,7.734433826059103
464896,0.013201937486883253,0.3179360255599022,3.0970194786787033,0.3234280701726675,0.0055975637515075505,0.35611768905073404,3.263681948184967,1.0099462922662497,1.9574422761797905,4.980661369860172
465920,0.015850018593482673,0.3053299440070987,3.1888972520828247,0.327881483361125,0.017496603075414896,0.4219222301617265,3.479614779353142,1.3028555624186993,3.0900783874094486,6.860284812748432
466944,0.01738988098804839,0.2833213834092021,2.9782396778464317,0.35281917732208967,0.10894570907112211,0.6469713021069765,2.98515997081995,0.805149095132947,2.8426799550652504,11.39574521780014
467968,0.026141958005609922,0.1413712641224265,2.9478343948721886,0.34188199788331985,0.0478008872596547,0.3923442428931594,2.386672727763653,0.4425902282819152,3.790196454152465,17.5818328037858
468992,0.01710391291999258,0.20877461694180965,2.921225890517235,0.3249794989824295,0.019930645445128903,0.2150470174383372,1.8659598976373672,0.30333056673407555,3.376594264060259,10.947478972375393
470016,0.03446926432661712,0.2651020144112408,2.816710650920868,0.37471673358231783,0.02610495589033235,0.30719967652112246,2.6184677854180336,0.48856278229504824,4.5021860878914595,13.105424743145704
471040,0.018878418020904064,0.2919435459189117,3.0784358009696007,0.3222353458404541,0.019996257178718224,0.259476431645453,3.402692489326,1.5075010620057583,2.5322732627391815,4.52616947889328
472064,0.021338884165743366,0.18724060850217938,2.860151804983616,0.31117827631533146,0.08860346881556325,0.31889956118538976,2.8230034932494164,0.8718573022633791,4.592326503247023,10.129453621804714
473088,0.01440382274449803,0.203755808994174,3.0357705131173134,0.3111849706619978,0.004534685635007918,0.2184797558002174,3.608643002808094,1.8970846273005009,1.6055723186582327,3.950738538056612
474112,0.02161570542375557,0.35350791504606605,3.130548596382141,0.3560681203380227,0.07661170269420836,0.450231428258121,3.3762773126363754,1.4949659928679466,2.4705102182924747,6.436347156763077
475136,0.009884754952508956,0.4835611553862691,3.1338263750076294,0.30622492358088493,0.03208748725592159,0.7346740085631609,3.37955904006958,1.654904954135418,3.301168717443943,7.288221150636673
476160,0.02792336480342783,0.2620361833833158,3.130284011363983,0.3725070422515273,0.0786456935456954,0.7179596796631813,2.189591620117426,0.5229494944214821,2.960363330319524,11.04112796485424
477184,0.017778900742996484,0.19236821588128805,3.042544923722744,0.32209506817162037,0.07254440546967089,0.45589940436184406,2.297035612165928,0.525959643535316,2.536414984613657,7.245165593922138
478208,0.018179849997977726,0.4084579721093178,2.9794617742300034,0.2932713134214282,0.06633465440245345,0.43035472836345434,2.8694307804107666,0.8534933589398861,3.8955445513129234,7.346393022686243
479232,0.009849335183389485,0.3120538289658725,3.095817983150482,0.33007934782654047,0.017292672069743276,0.36851710453629494,2.461758002638817,0.7155043222010136,2.1370814256370068,6.729264140129089
480256,0.0185153109341627,0.22496545780450106,2.978714272379875,0.34430241119116545,0.08971860613382887,0.2944037918932736,2.9994480684399605,0.8916794266551733,4.396563803777099,9.235919266939163
481280,0.01652825839119032,0.21055867476388812,3.1171460673213005,0.3375224145129323,0.009590909845428541,0.23255390697158873,3.8202579617500305,1.831992220133543,2.9036006573587656,5.132200047373772
482304,0.019745183002669364,0.23794092424213886,3.0291457548737526,0.3270758232101798,0.04602361729484983,0.3042018790729344,3.232654146850109,1.0362062640488148,2.2105024121701717,4.757386948913336
483328,0.01267923966224771,0.2110715820454061,3.060975559055805,0.2698640525341034,0.09650031838100404,0.19660154334269464,3.2345193549990654,1.1606429517269135,2.1020111963152885,5.718970101326704
484352,0.0167854051978793,0.2759693330153823,3.031098000705242,0.33327868673950434,0.07205191737739369,0.3475400237366557,2.749876543879509,0.8522698730230331,2.9640734642744064,6.482661880552769
485376,0.006884805465233512,0.15852832258678973,2.9210769906640053,0.25930751068517566,0.044116268152720295,0.17281885002739727,2.922859288752079,1.2281569950282574,2.354351971298456,4.441938541829586
486400,0.018274630449013785,0.15259990864433348,3.1013148650527,0.38737970124930143,0.05521781224524602,0.24464088678359985,3.453968808054924,0.9547477681189775,2.7710388991981745,9.504247892647982
487424,0.02067633197293617,0.17646189080551267,2.932244800031185,0.34287858474999666,0.05531352647813037,0.25690562766976655,2.7178915217518806,0.6050898618996143,5.849930964410305,8.765477679669857
488448,0.02162173268152401,0.27558149117976427,3.0768297240138054,0.37662490271031857,0.055396259878762066,0.35429035080596805,3.7472782135009766,1.3639935441315174,2.2872215546667576,5.5758753046393394
489472,0.007246744891745038,0.23804547544568777,3.2611469626426697,0.3986433446407318,-0.0053250963683240116,0.25527374842204154,3.735761433839798,1.6961540207266808,2.4229149147868156,4.343560505658388
490496,0.02606581657892093,0.25813106540590525,3.090725801885128,0.32014021184295416,0.07301451993407682,0.2384190601296723,3.8520252481102943,1.8239021711051464,2.2963294312357903,3.5317343398928642
491520,0.01641694741556421,0.2202146900817752,3.1345267444849014,0.3347927238792181,0.08786601712927222,0.37940859235823154,3.661245718598366,1.4649752750992775,1.3890742342919111,5.564778499305248
492544,0.019791975704720244,0.2786218416877091,2.86909431964159,0.30588542483747005,0.08167921572749037,0.372362301684916,3.170901320874691,0.9083679411560297,3.376025451347232,5.210687376558781
493568,0.01748124924779404,0.30701891565695405,2.986221268773079,0.3422749834135175,0.0884345140075311,0.46205545775592327,3.0839038714766502,0.8963541556149721,2.476115621626377,5.62552011013031
494592,0.013734186301007867,0.21465596929192543,3.0951702296733856,0.3388963872566819,0.032259421539492905,0.3140649385750294,3.1638860031962395,1.103191565722227,1.5622718520462513,4.976929910480976
495616,0.009705784235848114,0.3156461687758565,3.173488527536392,0.35606967750936747,0.03589078731602058,0.5474948696792126,3.509247839450836,1.3586619682610035,2.2471329756081104,5.970199793577194
496640,0.017078266289900057,0.20722498651593924,3.1133649572730064,0.3629373414441943,0.07320766861084849,0.269035646924749,3.6477186158299446,1.6649633534252644,1.9391669034957886,5.659365996718407
497664,0.012644822156289592,0.2808594135567546,3.190721705555916,0.33807539846748114,0.026631769898813218,0.2882551793009043,3.378101423382759,1.863702803850174,2.07884824834764,6.60382229834795
498688,0.015241016895743087,0.30031893169507384,3.0867965817451477,0.3403673078864813,0.0631488209910458,0.6391983292996883,3.1026943251490593,1.0946471337229013,2.187188997864723,7.870975710451603
499712,0.020497912948485464,0.286192768253386,3.274396687746048,0.4017598442733288,0.06349988118745387,0.3728541028685868,3.7573590353131294,1.6516135036945343,1.9801159799098969,5.820358835160732
500736,0.013286376721225679,0.18001657258719206,3.0341254100203514,0.3714364329352975,0.08948315912857652,0.5745980124920607,2.7812966853380203,1.0117133650928736,2.6881363168358803,8.541915692389011
501760,0.02597553720988799,0.19140664720907807,2.783217929303646,0.36334576085209846,0.053948753979057074,0.4203891144134104,2.7333156391978264,0.7910983115434647,3.0943415388464928,7.099884353578091
502784,0.018186053683166392,0.1959704766049981,2.914041832089424,0.3204831574112177,0.10145302617456764,0.3850552514195442,3.0385016575455666,1.1024572104215622,2.095255494117737,7.06470650061965
503808,0.011276258126599714,0.2443782608024776,2.935430146753788,0.34893778152763844,0.04485997877782211,0.47199843917042017,3.375767469406128,1.1068910341709852,1.5731297247111797,7.77123000472784
504832,0.036218156390532386,0.25138282496482134,3.0805899500846863,0.35666878800839186,0.07720350308227353,0.2759430701844394,3.0366739481687546,1.021219253540039,3.015376854687929,7.548892177641392
505856,0.023001261288300157,0.23851094814017415,3.01235880702734,0.3301278669387102,0.09134004806401208,0.24605456367135048,3.474001519382,1.2579470556229353,3.404994212090969,6.164340149611235
506880,0.02212456174311228,0.17543692840263247,3.050408899784088,0.36615465860813856,0.03659570703166537,0.2014402635395527,2.9269132763147354,0.6959415413439274,1.7464536484330893,7.092807989567518
507904,0.00829455375787802,0.1730091916397214,2.944061927497387,0.3361126985400915,0.047156563989119604,0.302616149187088,2.9824545681476593,0.8061070423573256,1.3433555252850056,4.840887885540724
508928,0.018747062669717707,0.20803827047348022,2.667350262403488,0.2995537156239152,0.054764026164775714,0.2262146573048085,2.6712526828050613,0.619982710108161,4.484793242067099,15.086348351091146
509952,0.019333354575792328,0.2838389715179801,3.0274983048439026,0.2983305510133505,-0.005035702488385141,0.35704778833314776,3.3537882193922997,1.2186978906393051,1.8973988331854343,6.69759676605463
510976,0.02965927628974896,0.19136856240220368,2.798716999590397,0.35482619423419237,0.1264491486363113,0.3299852516502142,3.436716802418232,1.0666633769869804,3.8458834160119295,8.583707358688116
512000,0.016449170070700347,0.24172730976715684,2.803564101457596,0.30371762439608574,0.05356361166923307,0.30481631914153695,3.6591306552290916,1.47819135338068,1.7696588207036257,3.6695097349584103
513024,0.01302139247127343,0.4287814465351403,3.1650963351130486,0.3522417042404413,0.05234526138519868,0.7365489527583122,3.5837510228157043,1.4768500104546547,2.3440705500543118,9.501193664968014
514048,0.016079198918305337,0.24784167809411883,2.939442478120327,0.3262790283188224,0.060641778603894636,0.4861616864800453,3.118158809840679,0.9729395359754562,2.5029805451631546,8.590182483196259
515072,0.01707408591755666,0.19811098743230104,3.06770970672369,0.3323394460603595,0.032918139098910615,0.2791131315752864,3.618806727230549,1.6461300030350685,1.6009565070271492,4.030255362391472
516096,0.017534126236569136,0.23052595648914576,2.799045965075493,0.29433311242610216,0.0987113868468441,0.5860786642879248,3.659695938229561,1.266774881631136,2.241337053477764,6.730011805891991
517120,0.015836629376281053,0.34323484590277076,2.904954992234707,0.28696822095662355,0.056473392265615985,0.6601639483124018,3.278820253908634,1.278197392821312,2.2878204863518476,8.506077498197556
518144,0.019996643386548385,0.19974476238712668,2.686994805932045,0.30505800154060125,0.074979922210332,0.37209800630807877,2.630774959921837,0.7612988576292992,4.555769255384803,11.335618793964386
519168,0.022296325128991157,0.2763229846023023,3.1711364313960075,0.4119292488321662,0.04697909456444904,0.37878916738554835,3.1347331032156944,1.1201076246798038,2.1561144273728132,8.14335748180747
520192,0.013926760118920356,0.22255568392574787,2.915596291422844,0.28370682056993246,0.01819958590203896,0.46236876165494323,2.901927851140499,1.1162065863609314,1.4818080104887486,6.096712999045849
521216,0.01918296293297317,0.4496945235878229,3.055542603135109,0.3454884011298418,0.09977013187017292,0.7026757560670376,3.666333667933941,1.2543499022722244,2.658094957470894,7.081983178853989
522240,0.009081229800358415,0.26099463645368814,3.0783004835247993,0.37041490338742733,0.0762193304108223,0.4418320092372596,3.7825106754899025,1.4869114980101585,2.429385481402278,6.9352239444851875
523264,0.018998697953065857,0.1781398542225361,3.0948594361543655,0.34773536305874586,0.08557991951238364,0.113402453600429,3.3632583022117615,1.1525355782359838,1.6756025981158018,2.8381279353052378
524288,0.016198142984649166,0.2695933557115495,2.9473991692066193,0.3231643149629235,0.05510638578562066,0.3813703381456435,3.5701848939061165,1.4976981841027737,1.6277454290539026,6.857288382947445
525312,0.022826989923487417,0.30094506684690714,3.0343810692429543,0.37068428937345743,0.048509861662751064,0.6769618010148406,3.0499915033578873,1.2051940076053143,2.1740538887679577,5.7303039990365505
526336,0.012242338969372213,0.3809677786193788,2.814202643930912,0.25574342627078295,0.14494601372280158,0.4467043550685048,3.224604681134224,1.476696603000164,4.249077949672937,11.156077854335308
527360,0.01991864133742638,0.3211263776756823,2.9604675993323326,0.35024162102490664,0.02403667737962678,0.38953652046620846,2.7178157046437263,0.768209045752883,6.10614812746644,14.712285853922367
528384,0.024094507956760935,0.21721261739730835,3.0288447961211205,0.37709709350019693,0.03256818823865615,0.284479318652302,2.348266404122114,0.6251033591106534,1.6153542697429657,4.6232495829463005
529408,0.019373887684196234,0.37944343127310276,2.9938622042536736,0.33280754927545786,0.05728005323908292,0.5069061378017068,2.7237722650170326,0.8562119770795107,2.673075510188937,7.496019467711449
530432,0.00935686333104968,0.18717676401138306,2.9780798107385635,0.3371604671701789,0.0750265994865913,0.2798845684155822,2.3241586461663246,0.6459399722516537,2.1922854892909527,8.283428568392992
531456,0.018237181735457852,0.2474434026516974,2.92033252120018,0.34425482153892517,0.05427862124633975,0.5119624184444547,2.593905456364155,0.7377819176763296,2.2348219081759453,11.336537130177021
532480,0.0188186649029376,0.24763073679059744,2.827479101717472,0.3017701655626297,0.057322190958075225,0.4553708415478468,2.98601433634758,0.8567717242985964,3.8912343829870224,10.830514505505562
533504,0.013282181287650019,0.2528914222493768,3.0140581279993057,0.29568175226449966,0.045320330740651116,0.3225636640563607,3.0347246676683426,0.939323028549552,3.2415089793503284,4.82423048466444
534528,0.016816724208183587,0.1927129765972495,3.0793837532401085,0.3617226127535105,0.05546427267836407,0.3335473542101681,2.9634035378694534,0.8294063545763493,1.9412078969180584,9.31747940927744
535552,0.017107752326410264,0.21925495518371463,3.32849507778883,0.5041686901822686,0.02633339652675204,0.31490648863837123,3.3015774935483932,1.2103143818676472,1.6316472869366407,4.317786931991577
536576,0.02835775240964722,0.2975228470750153,3.1417746394872665,0.41141965333372355,0.12161715654656291,0.49666815251111984,3.6447430327534676,1.3815088719129562,1.618920125067234,7.593609284609556
537600,0.027617530518909916,0.18223867285996675,3.2877263948321342,0.3982579130679369,0.07758588902652264,0.19039675709791481,3.606631316244602,1.4791802801191807,1.752426104620099,3.01254815235734
538624,0.019932022143620998,0.2538801929913461,3.30493251234293,0.4158153412863612,0.04163256092579104,0.35038939444348216,3.519819624722004,1.4542674776166677,1.734373439103365,6.420344173908234
539648,0.017611046554520726,0.28114274237304926,3.2111243680119514,0.41951005905866623,0.061335500911809504,0.5050720190629363,2.9716022089123726,1.1266518775373697,1.8514133859425783,6.622003249824047
540672,0.02621179424750153,0.29222934506833553,3.2615042701363564,0.3852998726069927,0.04629167070379481,0.4668528879992664,2.9019588232040405,1.2684821374714375,2.0595288313925266,5.557567361742258
541696,0.038382002283469774,0.450493180193007,3.3048265874385834,0.4069206053391099,0.08133424510015175,0.7965928222984076,3.016939103603363,1.1866255290806293,3.0800403989851475,6.538922436535358
542720,0.020649482117732987,0.29401966324076056,3.1749249920248985,0.3760042078793049,0.05499533930560574,0.32118885638192296,3.4775543212890625,1.2949167508631945,1.3354111555963755,3.642567466944456
543744,0.012152500625234097,0.3037307448685169,3.194313146173954,0.32958933245390654,0.08244984902557917,0.5242889123037457,3.7198131680488586,1.6992390975356102,1.9294556099921465,5.491402182728052
544768,0.019417387564317323,0.5013205446302891,3.098096154630184,0.3921255487948656,0.093783815857023,0.8286387203261256,3.2954451143741608,0.974539628252387,1.760210394859314,7.87374709546566
545792,0.01663009379990399,0.2549555632285774,3.051086336374283,0.29214510414749384,0.07813468220410869,0.48604416009038687,3.0162783414125443,0.9473227206617594,1.7995010484009981,9.835542395710945
546816,0.013249624840682372,0.2424522554501891,3.098745532333851,0.3807758064940572,0.06576016475446522,0.7215341459959745,2.81145179271698,0.8002319261431694,2.2947205919772387,9.782465688884258
547840,0.020571954373735934,0.2539705135859549,2.953650988638401,0.3243919909000397,0.07956219764309935,0.36496882140636444,2.9279979318380356,0.8524640705436468,3.492387292906642,13.607336208224297
548864,0.02591703538200818,0.37448042072355747,3.1521430909633636,0.4411302311345935,0.06356649642111734,0.43365437677130103,3.527067169547081,1.3559462577104568,9.416498478502035,21.626918729394674
549888,0.015804095601197332,0.29729922115802765,2.9827903136610985,0.3488250467926264,0.057177886221325025,0.38001280976459384,2.8790875151753426,0.8378155883401632,2.275304563343525,4.770164292305708
550912,0.02489765192149207,0.2829852201975882,3.0795809999108315,0.3976598344743252,0.06597412517294288,0.37513052159920335,3.207316681742668,0.9200271088629961,1.9138397462666035,6.530096214264631
551936,0.009945209021680057,0.3126979065127671,2.9217162653803825,0.29229573998600245,0.025739022850757465,0.36535040847957134,3.306819900870323,1.1322694066911936,1.6104058586061,4.921208083629608
552960,0.014967491864808835,0.23355454811826348,2.92526289075613,0.3390661161392927,0.07635386206675321,0.21780515485443175,3.7476762160658836,1.5177763979882002,1.6521965712308884,3.7920047976076603
553984,0.021982754580676556,0.23439189000055194,3.0750765278935432,0.3923336360603571,0.12780782210757025,0.24364155437797308,3.8308487832546234,1.423948299139738,1.8510483503341675,4.949572041630745
555008,0.017070033136405982,0.28233635053038597,2.8144153729081154,0.3341921418905258,0.059524629556108266,0.3887823484838009,2.84681735932827,0.8442964926362038,3.6871240101754665,12.349490977823734
556032,0.017177134373923764,0.30152821028605103,2.9676342979073524,0.3582122251391411,0.06912974960869178,0.35641033155843616,3.4504463225603104,1.254115916788578,2.3076094202697277,4.722484640777111
557056,0.026088966907991562,0.22783482633531094,3.1740076690912247,0.4247381277382374,0.10152244346681982,0.30479069985449314,3.419497571885586,1.3396236188709736,2.025341846048832,5.0001881048083305
558080,0.022976037056650966,0.35183895379304886,2.987838461995125,0.37377575412392616,0.0902920316439122,0.48180798441171646,3.4725189954042435,1.1459466703236103,3.219128169119358,5.352445520460606
559104,0.023924867302412167,0.31346527813002467,3.0071315690875053,0.3335939357057214,0.06473077385453507,0.3430037875659764,3.35203468054533,1.2786341924220324,3.148749712854624,4.480870131403208
560128,0.013286782574141398,0.27524671144783497,3.115856744349003,0.3452035328373313,0.029492660280084237,0.2021681689657271,3.6122717782855034,1.4874452576041222,1.913762416690588,3.276916477829218
561152,0.023382007231703028,0.22790383081883192,3.078349255025387,0.3538691010326147,0.06834719469770789,0.20198907796293497,3.8254996836185455,1.3507680408656597,1.9273556619882584,3.03968495875597
562176,0.01654942217282951,0.1923851785250008,3.0637449622154236,0.33162433933466673,0.07066271553048864,0.23748999345116317,3.9259608685970306,1.7664768546819687,1.4651117622852325,4.800432033836842
563200,0.016285166930174455,0.21807624120265245,3.1810404881834984,0.4088677177205682,0.05310003718477674,0.2753534195944667,3.273322083055973,0.9727899841964245,2.094963187351823,5.340868275612593
564224,0.051837805891409516,0.3141560722142458,3.414127789437771,0.5628593331202865,0.08508257288485765,0.38176896423101425,2.8849893361330032,0.9173005241900682,2.0883253011852503,11.91741993278265
565248,0.02001646150893066,0.19541620486415923,2.9981561452150345,0.37498927116394043,0.05202164128422737,0.3221240434795618,2.219098001718521,0.5124214291572571,2.5498886331915855,7.197927143424749
566272,0.007589387445477769,0.31800704961642623,2.888924151659012,0.2724918657913804,0.026148784381803125,0.32234306493774056,2.9930408895015717,1.0961164459586143,2.400353889912367,5.387219570577145
567296,0.01957871561171487,0.4081772994250059,3.1683737486600876,0.3785405633971095,0.03868705249624327,0.3911755313165486,3.6574666872620583,1.7919384576380253,2.2933925688266754,5.715276904404163
568320,0.02319032745435834,0.362767877522856,3.180657520890236,0.3709221025928855,0.09322835266357288,0.22505605733022094,3.8357567116618156,1.9625517651438713,1.8456617966294289,4.0552239418029785
569344,0.008940885978518054,0.30181808955967426,3.029364697635174,0.28004637686535716,0.03590895785600878,0.25168427755124867,3.8423950150609016,2.193812370300293,1.9765901900827885,4.292598411440849
570368,0.018744796951068565,0.26686449302360415,3.0872043296694756,0.3418937297537923,0.11815320956520736,0.5405695699155331,3.655319459736347,1.4897045344114304,1.9921661838889122,5.278968706727028
571392,0.01237479763221927,0.29101876448839903,2.9067813009023666,0.3231634395197034,0.0879450385691598,0.48916125670075417,3.2753229662775993,0.9786409046500921,2.1124455630779266,6.139962740242481
572416,0.01643549179425463,0.26745089003816247,3.0312860012054443,0.3198100086301565,0.056107838288880885,0.25695087667554617,2.939781293272972,0.8031121864914894,2.0885530039668083,4.3211373798549175
573440,0.028928516956511885,0.22352716838940978,3.120030350983143,0.3948591947555542,0.0611399172921665,0.33931614737957716,2.9979670643806458,0.8602537922561169,2.6240911539644003,6.961873684078455
574464,0.018428681360092014,0.24935945868492126,3.1112561896443367,0.3744514146819711,0.03317419337690808,0.25566956400871277,3.532084748148918,1.508609687909484,1.4440018832683563,4.300647962838411
575488,0.021021127875428647,0.24563325941562653,3.331165596842766,0.5115939415991306,0.10501552955247462,0.4440450817346573,3.2300570607185364,1.1338937375694513,2.7514939792454243,10.093891523778439
576512,0.03312871337402612,0.19893783889710903,3.269177608191967,0.49177541118115187,0.038015469210222363,0.3516056900843978,2.579262726008892,0.6828452665358782,1.8176649883389473,10.30857264995575
577536,0.023152364941779524,0.2206108425743878,3.1294956281781197,0.4145834967494011,0.06821629730984569,0.3493652236647904,2.825675316154957,0.9249130431562662,2.0147721748799086,9.144598595798016
578560,0.022122909052995965,0.2673325641080737,3.249508462846279,0.49423323944211006,0.026760194668895565,0.40628208592534065,3.081469938158989,1.0941532514989376,1.9369861483573914,7.497014805674553
579584,0.010271615698002279,0.3214501952752471,2.8972404524683952,0.3083438975736499,0.04282316818716936,0.4695165930315852,2.5268927812576294,0.7094024624675512,1.8841583952307701,5.732728343456984
580608,0.027098672217107378,0.2585499403066933,3.022809885442257,0.384135315194726,0.05771503772120923,0.33761828811839223,3.2271121218800545,1.0996133983135223,2.868354747071862,5.101310059428215
581632,0.01908633770653978,0.2557018054649234,3.1156379655003548,0.357388430275023,0.0918263042694889,0.292049793060869,3.4954026639461517,1.2687475327402353,2.213543277233839,4.736721161752939
582656,0.02297881929553114,0.3006430044770241,3.2199061885476112,0.3994644097983837,0.025483424004050903,0.43050707736983895,3.3431433886289597,1.2644377276301384,2.1546022966504097,6.704425301402807
583680,0.026955120782076847,0.3330336343497038,3.090203106403351,0.35608181543648243,0.07874916080618277,0.4088711431249976,3.4094932824373245,1.1947955768555403,1.877837484702468,4.327954947948456
584704,0.021418724907562137,0.21484524104744196,3.0744112506508827,0.37268438190221786,0.045432874700054526,0.37707836320623755,3.0154215171933174,0.9160685334354639,1.4146273974329233,5.275121979415417
585728,0.02816697774687782,0.3123694807291031,3.0894686207175255,0.3846705397590995,0.04762768480577506,0.4312887233681977,3.181645393371582,1.124016411602497,1.6180043183267117,5.573840253055096
586752,0.016544024838367477,0.24663042603060603,2.952282428741455,0.33889671973884106,0.06081490416545421,0.43601420149207115,2.8392963260412216,0.8546309750527143,2.253684440627694,7.093973644077778
587776,0.024169415832147934,0.5829075891524553,3.046972334384918,0.3658066960051656,0.03252967883599922,0.6879560267552733,3.010967679321766,0.9233141783624887,3.3368771746754646,7.031341023743153
588800,0.02584534796187654,0.41306862235069275,3.0397708415985107,0.3383715692907572,0.06850518734427169,0.6100132782012224,3.251212514936924,0.9740598779171705,2.5312354303896427,5.692608863115311
589824,0.011769360222388059,0.2624641926959157,2.8328779712319374,0.2809326401911676,0.08212468365672976,0.31806754413992167,2.736157566308975,0.7868412043899298,2.4371380899101496,5.302968446165323
590848,0.02949872384488117,0.24367274018004537,2.971541464328766,0.3639050582423806,0.09271223389077932,0.3831330672837794,2.7969038486480713,0.8153399424627423,5.39281814917922,10.864091768860817
591872,0.016506968400790356,0.2559770345687866,2.8707295805215836,0.291567743755877,0.06558761165069882,0.40609703632071614,2.4251550175249577,0.5360913090407848,3.0529363974928856,11.636269938200712
592896,0.010181144971284084,0.2248578048311174,3.075141452252865,0.32961527816951275,0.05720817547990009,0.25314803957007825,2.9679419696331024,0.8595157712697983,1.6203138064593077,4.292387098073959
593920,0.013029598980210721,0.35406229458749294,3.110544301569462,0.348043960519135,0.045069907340803184,0.4378941832110286,2.968228228390217,0.7684939727187157,1.9788889177143574,7.36751788854599
594944,0.03244373187771998,0.4310492379590869,2.8899155259132385,0.3290184075012803,0.07463822074350901,0.27885742229409516,2.280388567596674,0.4668019087985158,7.602026969194412,13.25167702883482
595968,0.029281184855790343,0.14379389444366097,3.1292132437229156,0.40206980518996716,0.053326409513829276,0.3227642928250134,2.5053895637392998,0.5946684209629893,6.363751539960504,15.760333061218262
596992,0.0232849950552918,0.19178310548886657,3.053649455308914,0.3539871945977211,0.03356944158440456,0.262836039531976,2.549625664949417,0.7203029911033809,3.027078175917268,9.246684588491917
598016,0.015712190041085705,0.22061000345274806,3.1258242279291153,0.3724941089749336,0.02370565925957635,0.1370865786448121,3.3516890853643417,1.053728848695755,2.018477523699403,3.301377311348915
599040,0.01774471381213516,0.24124604975804687,2.8575629219412804,0.28708548471331596,0.05581298691686243,0.25251444848254323,2.74009408056736,0.604456645436585,5.06042168661952,8.633921887725592
600064,0.009975501903682016,0.16976887569762766,3.0190826058387756,0.3171713734045625,0.029111162381013855,0.17379493569023907,3.700850658118725,1.5615267176181078,1.2706608325242996,3.584760133177042
601088,0.015290607494534925,0.4444692134857178,3.0932412147521973,0.3451791387051344,0.07290970458416268,0.6890891632065177,3.5623018592596054,0.9147557504475117,1.9106845241039991,5.108827542513609
602112,0.028799317282391712,0.35405776463449,3.083242356777191,0.39857138600200415,0.04735219565918669,0.39606885239481926,3.0501107797026634,0.706012699753046,2.4795168563723564,6.646026391535997
603136,0.020015791786136106,0.44559901021420956,2.9657016694545746,0.29096683114767075,0.042629747302271426,0.7635325342416763,2.931354381144047,0.8236377499997616,3.096542928367853,7.736791014671326
604160,0.017475871951319277,0.5078903269022703,3.0716143175959587,0.31791174691170454,0.053581231913995,0.9877514000982046,2.97707486897707,0.7968372497707605,2.4579863138496876,7.16122617572546
605184,0.024513699987437576,0.1482898814138025,3.075068600475788,0.3442589109763503,0.07675354005186819,0.3860197179019451,2.7517778798937798,0.6175343981012702,3.1008152291178703,8.413600903004408
606208,0.02499464435095433,0.16726696793921292,3.142285019159317,0.42496297135949135,0.0288505983480718,0.29460256919264793,3.3698522970080376,1.2177950702607632,3.3508114758878946,8.03818193078041
607232,0.009257391051505692,0.18667603679932654,2.792514480650425,0.29319379292428493,0.01315195788629353,0.2810627403669059,2.439162041991949,0.6869361083954573,2.5183515194803476,6.852190736681223
608256,0.01805380391306244,0.2480771434493363,3.0072058215737343,0.34195422660559416,0.028664285026025027,0.31253634858876467,3.5359292328357697,1.3594676312059164,2.046654498204589,4.098529528826475
609280,0.013007240515435115,0.321880956646055,2.989518754184246,0.3196426285430789,0.04981803410919383,0.5021366812288761,3.0514211654663086,0.8964053075760603,1.9832899793982506,5.385017409920692
610304,0.01447289290081244,0.24461872270330787,3.015430770814419,0.2917633280158043,0.058294826245401055,0.33673924393951893,3.150756187736988,0.9354430418461561,1.766948388889432,3.9629186503589153
611328,0.022484330489533022,0.260956640355289,3.0506438612937927,0.37234670855104923,0.0739124096580781,0.34698873572051525,3.0153174325823784,0.6907762568444014,2.4190810080617666,9.156371541321278
612352,0.01007103426672984,0.25685912696644664,2.883202873170376,0.2979723634198308,0.039642126503167674,0.4499247423373163,2.695593073964119,0.709955558180809,2.778698567301035,7.086839415132999
613376,0.013637507014209405,0.2548766960389912,2.9863341450691223,0.3180658370256424,0.023320257605519146,0.49130900017917156,2.7863316237926483,0.6978808827698231,2.4670512937009335,7.599743589758873
614400,0.011148974095704034,0.14142537210136652,3.005600154399872,0.2874312996864319,0.05851472285576165,0.1950249436777085,2.675368517637253,0.6125420033931732,1.9092189222574234,5.818687349557877
615424,0.008661317348014563,0.26269519003108144,3.0048377737402916,0.30473282001912594,0.0375432873115642,0.4102241494692862,3.1356387734413147,0.9809433352202177,2.4492572750896215,6.994938626885414
616448,0.014449102352955379,0.18064866797067225,3.103601150214672,0.3288031844422221,0.030380386160686612,0.2280955407768488,3.590638741850853,1.3304911702871323,1.6656732931733131,3.292944796383381
617472,0.01589349600544665,0.25482730474323034,3.0370761826634407,0.3209575433284044,0.07076675331336446,0.424389086663723,3.4292431846261024,1.5756595805287361,1.8890894204378128,5.049040503799915
618496,0.02104050063644536,0.2549306731671095,3.07471015304327,0.3541529905050993,0.0671695364289917,0.43508574180305004,3.199567437171936,1.1789009049534798,1.9077451396733522,9.519956890493631
619520,0.013335924697457813,0.23298662481829524,3.032349392771721,0.3249428831040859,0.06751989119220525,0.2530575080309063,3.4833245053887367,1.2046113349497318,1.8115426301956177,3.943248774856329
620544,0.018618674715980887,0.23785711731761694,2.9445501640439034,0.3455701218917966,0.05276271502953023,0.4414800452068448,2.8536077812314034,0.6996468175202608,1.862552223727107,5.599297374486923
621568,0.005384278032579459,0.3008838635869324,3.141821049153805,0.33739345986396074,0.02730993361910805,0.4760131174698472,2.957153931260109,1.145300107076764,2.621052233502269,7.506165504455566
622592,0.013707563368370757,0.3590810294263065,3.021627277135849,0.2809322481043637,0.05886568716960028,0.5745171224698424,2.9766340106725693,0.9467400442808867,2.387813000008464,11.07798833400011
623616,0.015236576029565185,0.1776642189361155,2.840623788535595,0.3088005352765322,0.06384218319726642,0.4724899781867862,2.9422211423516273,0.7682547885924578,2.9832139126956463,10.793609723448753
624640,0.017164846169180237,0.17473793542012572,3.154021717607975,0.4077495140954852,0.11492100247414783,0.3827603994868696,3.126633696258068,0.9718718938529491,1.6067321170121431,8.922020517289639
625664,0.0233834347454831,0.21355979307554662,2.762785516679287,0.3397531118243933,0.03546032942540478,0.40305631794035435,2.6373316794633865,0.5607442585751414,2.607851391658187,10.800384111702442
626688,0.010205988073721528,0.26647293427959085,2.812716118991375,0.2742833108641207,0.04696500921272673,0.3326860941015184,2.599275402724743,0.6623376170173287,1.8649148717522621,6.654804717749357
627712,0.016678005253197625,0.2885975455865264,2.8630060851573944,0.30607663560658693,0.037480901344679296,0.4261481389403343,2.389148749411106,0.4545179195702076,3.307239703834057,11.063155464828014
628736,0.02672363619785756,0.27835676074028015,2.8774972409009933,0.3134466018527746,0.05147262441460043,0.20931725716218352,2.57300928235054,0.5145568838343024,3.3535349927842617,5.965223331004381
629760,0.012487037805840373,0.34031119011342525,2.9540977627038956,0.34491452388465405,0.023289639415452257,0.4859839575365186,2.9790963008999825,0.8118712566792965,2.184205036610365,4.916580729186535
630784,0.008023953676456586,0.29158224863931537,2.9418032988905907,0.2702504056505859,0.038087949535110965,0.5270727090537548,3.04863204061985,0.8556997142732143,2.333349732682109,5.39504511654377
631808,0.012775143346516415,0.2615408869460225,2.9772809594869614,0.30298626236617565,0.04711560579016805,0.31158154970034957,3.6030716821551323,1.2929531875997782,4.775215428322554,9.478654399514198
632832,0.013378408446442336,0.1974692097865045,2.960852585732937,0.30244407057762146,0.04446993500459939,0.21329460572451353,3.2602625861763954,0.9888638854026794,2.0245210714638233,4.911375932395458
633856,0.013477938307914883,0.17698522144928575,3.0335386022925377,0.31885071843862534,0.08082790006301366,0.254852204117924,2.772881232202053,0.7052882770076394,1.3089386839419603,5.644617035984993
634880,0.008486864055157639,0.1622576827649027,3.0345509350299835,0.3044440867379308,0.03291812460520305,0.17990097892470658,3.008971646428108,0.9084745850414038,1.2232470512390137,2.5852808002382517
635904,0.01287248989683576,0.2774613224901259,3.0720114335417747,0.32217899058014154,0.07028399931732565,0.4007159201428294,3.2947061210870743,1.0317607652395964,2.4616700150072575,6.899639658629894
636928,0.01111022470286116,0.22696206159889698,3.06392040848732,0.2912690956145525,0.03230714901292231,0.3878866955637932,3.6293316707015038,1.4455827940255404,1.382846798747778,4.013200905174017
637952,0.014352874597534537,0.2712999563664198,2.9804956018924713,0.3098287954926491,0.09532732830848545,0.3823649319820106,3.090892493724823,1.0081308633089066,2.156333114951849,6.192564398050308
638976,0.025392447132617235,0.4204385681077838,2.980133518576622,0.3311297530308366,0.08152143860934302,0.5837459433823824,2.608161471784115,0.6974861240014434,4.0599422715604305,12.724131878465414
640000,0.01939030078938231,0.24798341654241085,3.073523759841919,0.36508747190237045,0.03114839899353683,0.42388239968568087,3.3917302787303925,0.982320461422205,2.008089903742075,6.125718232244253
641024,0.013975944806588814,0.19830598216503859,2.990924820303917,0.37484877929091454,0.015628571476554498,0.2647907226346433,3.959054119884968,1.8985921330749989,1.6077493224292994,4.707300487905741
642048,0.015757277797092684,0.2829997166991234,3.100540243089199,0.3791253864765167,0.03998531980323605,0.33785664150491357,3.928590029478073,1.7035254687070847,2.2370540108531713,4.011721603572369
643072,0.02597614287515171,0.35980655951425433,3.1534038111567497,0.35219736862927675,0.04452048224629834,0.5548223783262074,3.422282353043556,1.3183528035879135,2.026818845421076,6.821321405470371
644096,0.02566057389776688,0.33129648584872484,3.161037914454937,0.3686666935682297,0.04892144529731013,0.44180342834442854,3.532043434679508,1.4484712705016136,2.384071931242943,6.18918676674366
645120,0.023607327428180724,0.29940924793481827,3.2874658405780792,0.3888962157070637,0.0353007962112315,0.4634446734562516,3.469176836311817,1.9182318449020386,2.005049392580986,4.96927897632122
646144,0.012510228989413008,0.20875899656675756,3.1349402591586113,0.28546047350391746,0.0679773376614321,0.2805548016913235,2.8673009797930717,0.8477939292788506,2.265487836673856,4.772865742444992
647168,0.017832376091973856,0.16625388385728002,3.1922122687101364,0.348156601190567,0.07060680974973366,0.31108191004022956,2.9462344497442245,0.8039157055318356,1.3577374890446663,5.306801453232765
648192,0.005437826199340634,0.3913549091666937,3.135353744029999,0.3207487827166915,0.05279663304099813,0.4486173181794584,3.702617898583412,2.0007633827626705,1.6534270718693733,4.512327745556831
649216,0.01789744690177031,0.2630605446174741,3.30021720379591,0.38167012110352516,0.04260381037602201,0.3610686371102929,3.399676278233528,1.7460039295256138,1.4472998678684235,4.359337292611599
650240,0.026609692082274705,0.25158528285101056,2.9917721897363663,0.3495111158117652,0.09649606369202957,0.4748064186424017,3.4558932557702065,1.3244117237627506,2.4667577371001244,5.601162426173687
651264,0.01551431392726954,0.29510631784796715,3.18898057192564,0.3787873573601246,0.05267501200432889,0.5250970833003521,3.6539011374115944,1.5233635008335114,1.813911784440279,6.2906700149178505
652288,0.018621452691149898,0.208247150760144,3.2704271152615547,0.3794476883485913,0.03527785572805442,0.31178409000858665,3.486749842762947,1.4340095110237598,1.3698673229664564,4.296272486448288
653312,0.025963461856008507,0.2801790568046272,2.999707266688347,0.35196212586015463,0.129564342321828,0.44451665552333,3.260523207485676,1.1499574314802885,2.3983653485774994,8.277638755738735
654336,0.021012970304582268,0.20584713481366634,2.9846277087926865,0.3431518357247114,0.10282614972675219,0.23172528622671962,2.906146489083767,0.7732033245265484,3.69279283285141,8.752571366727352
655360,0.018604375916766003,0.3583339382894337,2.985196016728878,0.35295523703098297,0.07710063093691133,0.6931102843955159,3.2865495085716248,1.016424236819148,3.9822425208985806,8.24927181750536
656384,0.008899467531591654,0.23663785634562373,3.0334529131650925,0.3071675533428788,0.01849040572415106,0.3204253977164626,3.21709406375885,1.1134436894208193,1.726126616820693,4.169012945145369
657408,0.01469829271081835,0.3711138255894184,3.050775021314621,0.3221233347430825,0.02185793433454819,0.5641432544216514,2.8262476548552513,0.8510117419064045,1.9440613836050034,5.841372422873974
658432,0.00795332198322285,0.17932037240825593,3.160210855305195,0.3306534802541137,0.045607254724018276,0.22641119896434247,3.628611132502556,1.7776151970028877,1.4342614561319351,3.337068509310484
659456,0.011400936869904399,0.5345865078270435,3.404139421880245,0.45595751237124205,0.05462757230270654,1.0202716840431094,3.420669563114643,1.2332005333155394,1.6561235561966896,6.291024066507816
660480,0.05039839199162088,0.5338070392608643,3.5669057816267014,0.6487373635172844,0.1180873834528029,0.7444869531318545,3.5971238389611244,1.4476069808006287,2.4923467691987753,4.823835149407387
661504,0.016691490192897618,0.21707525057718158,2.9790518060326576,0.30298363603651524,0.06596197810722515,0.2898916187696159,2.966339312493801,0.9177062436938286,1.8687472641468048,5.238367564976215
662528,0.03044885359122418,0.3163259602151811,2.9407372921705246,0.35054036136716604,0.059022062545409426,0.3923954484052956,2.9313446283340454,0.7706175241619349,4.759784208610654,7.123832620680332
663552,0.011082605342380702,0.26400888757780194,2.9650057181715965,0.2982524475082755,0.03655288548907265,0.459847679361701,3.2532500103116035,1.0565365310758352,2.9920476265251637,11.1332588493824
664576,0.018844587670173496,0.3385943113826215,2.946212060749531,0.3328988952562213,0.057759296672884375,0.7391541278921068,2.8526429310441017,0.659943301230669,5.0373688992112875,15.698715709149837
665600,0.003081629387452267,0.3099611378274858,2.971009574830532,0.3276128424331546,0.03179934312356636,0.30035107396543026,3.1920031532645226,0.9761356338858604,2.211719686165452,4.043851889669895
666624,0.01788548108015675,0.3119053915143013,3.0752901509404182,0.3263669107109308,0.05440352045116015,0.4015755741856992,2.780531145632267,0.7512852121144533,1.7087932098656893,4.672745898365974
667648,0.015150236926274374,0.295869174413383,3.215561904013157,0.40223613660782576,0.04217437963234261,0.39709194703027606,2.956696256995201,0.7999768350273371,2.001816749572754,6.126677017658949
668672,0.008403533138334751,0.14243716979399323,3.1225368678569794,0.3426466565579176,0.045567767636384815,0.19115423248149455,3.0362034738063812,0.7709820326417685,1.0893908813595772,3.696313764899969
669696,0.019978659343905747,0.28394941333681345,3.1552790701389313,0.37938622385263443,0.04441983927972615,0.5476488992571831,3.0362931340932846,0.7754791919142008,1.7651627473533154,7.9101691246032715
670720,0.017716783346259035,0.23198991687968373,3.150614231824875,0.37561382446438074,0.05049571627750993,0.3300937646999955,3.5608884543180466,1.2252629604190588,2.505583990365267,4.872838117182255
671744,0.046760441531660035,0.175421847961843,3.201483279466629,0.4310942627489567,0.12106324546039104,0.39039390766993165,3.096758782863617,0.9628204517066479,3.447804979979992,16.107968099415302
672768,0.027465959756227676,0.3269515980500728,3.443453684449196,0.492940247990191,0.07744706448283978,0.604118247050792,3.4586712047457695,1.1050552316009998,1.3949586246162653,5.7977793253958225
673792,0.02623759745620191,0.16273217997513711,3.0248591750860214,0.37478382233530283,0.04956618996220641,0.22976532438769937,2.715174712240696,0.6452019717544317,1.7156562525779009,5.3033640049397945
674816,0.02512886337353848,0.1789257493801415,3.0695329010486603,0.3919639065861702,0.044338016770780087,0.2755882674828172,2.643932767212391,0.5489117028191686,4.130515364930034,6.316798083484173
675840,0.01766801117628347,0.1645443537272513,3.031065635383129,0.3736269110813737,0.0308135831146501,0.2889706357382238,2.813142292201519,0.601021671667695,2.1762887202203274,10.13699971139431
676864,0.02074581825581845,0.13446793425828218,3.297150671482086,0.4792715208604932,0.019388561137020588,0.14117533154785633,3.132814295589924,0.8269871175289154,2.0312125124037266,3.0192683674395084
677888,0.028586608736077324,0.22614214988425374,3.113616667687893,0.4083964880555868,0.05086463828047272,0.3006139500066638,3.1006440594792366,0.7867623269557953,2.4689747001975775,4.447069078683853
678912,0.009940115167410113,0.27057036478072405,3.2202938199043274,0.38604920450598,0.020754691562615335,0.3806340517476201,3.388671226799488,1.4280891735106707,2.1280768737196922,5.251276753842831
679936,0.019178299669874832,0.24495535832829773,3.0174798518419266,0.33441651798784733,0.09067644859896973,0.387839219532907,2.9611724838614464,0.8702317997813225,2.474441386759281,5.212076462805271
680960,0.024993529572384432,0.2583638094365597,2.985660932958126,0.3350048763677478,0.08392696920782328,0.3164793208707124,3.40585445612669,1.1091464925557375,2.292533667758107,5.40707915648818
681984,0.017450653831474483,0.16103276005014777,3.0340497344732285,0.3365041743963957,0.047340277989860624,0.2505148220807314,3.038048855960369,0.951958030462265,1.3516714926809072,3.184303931891918
683008,0.012368580151814967,0.14297784236259758,3.1934375539422035,0.432399014942348,0.03287011067732237,0.22691835113801062,3.240203410387039,0.6613952051848173,1.6789412759244442,6.727758463472128
684032,0.03074426310195122,0.24213691474869847,3.0415790751576424,0.3661577431485057,0.03340036183362827,0.2792378109879792,3.038040742278099,0.7175162080675364,2.529121622443199,5.196122955530882
685056,0.014969021751312539,0.1912212111055851,2.9848059117794037,0.3300040001049638,0.009232858865289018,0.17871233564801514,3.2085597068071365,1.1124159824103117,1.4503541272133589,3.220425318926573
686080,0.013508746633306146,0.2710892604663968,3.1963134482502937,0.34576096199452877,0.015855519915930927,0.28047207556664944,3.6129468381404877,1.4533373415470123,1.6233789771795273,4.237700216472149
687104,0.02296025255782297,0.21288303891196847,2.94054052233696,0.315461409278214,0.07261567621026188,0.3075681319460273,3.2395343109965324,1.0633804649114609,2.2979232482612133,8.033295258879662
688128,0.007399365596938878,0.21463977405801415,2.9002051800489426,0.3077227557078004,0.07636955624911934,0.343535200227052,3.6262446120381355,1.2114877626299858,1.499311612918973,5.059986535459757
689152,0.018988605923368596,0.29719691816717386,3.2635191157460213,0.3694265875965357,0.02853878468158655,0.4207471706904471,3.677891582250595,1.5946032740175724,1.9715298172086477,4.0197733119130135
690176,0.03222879359964281,0.34696660935878754,3.106211580336094,0.38867226243019104,0.10595912765711546,0.33259936585091054,3.9435813799500465,2.0127247273921967,4.568912014365196,8.37864002212882
691200,0.013877778517780825,0.2910461900755763,2.92888530343771,0.3096976662054658,0.08851999160833657,0.6519843013957143,3.2322453036904335,1.0653988029807806,1.8444342017173767,5.747075587511063
692224,0.00905500425142236,0.26270959665998816,2.9891146197915077,0.28600884322077036,0.05008205311605707,0.42959710443392396,3.134713016450405,1.1948700062930584,1.6140168346464634,4.972114201635122
693248,0.015692298562498763,0.14680989109911025,2.9028876647353172,0.2972998288460076,0.04725582277751528,0.2897104579024017,2.8769281432032585,0.8146703131496906,1.3626593239605427,6.014160145074129
694272,0.017761551833245903,0.22763175377622247,3.1515296176075935,0.3894827263429761,0.016492789465701208,0.3377552875317633,3.156852439045906,1.0148274675011635,2.929612170904875,7.877030797302723
695296,0.011822585816844366,0.23276748321950436,3.0823457911610603,0.28122960682958364,0.033796854375395924,0.34818300092592835,3.047240622341633,1.0645233113318682,1.619151959195733,4.263167001307011
696320,0.015531186560110655,0.2250129566527903,3.1801214665174484,0.33171757869422436,0.036526311188936234,0.23386300634592772,3.424571417272091,1.2715831957757473,1.526553062722087,4.400982476770878
697344,0.01330542960204184,0.21822684048675,3.0361532494425774,0.3232348971068859,0.044793714419938624,0.26408492494374514,3.326240196824074,1.0830351766198874,2.0306638069450855,4.015886429697275
698368,0.011708193313097581,0.15678663016296923,3.080245852470398,0.2889139261096716,0.0734888899314683,0.17570066428743303,3.885862335562706,1.6412326730787754,1.3736919797956944,3.218952275812626
699392,0.008972101990366355,0.2158503751270473,3.0624548718333244,0.33854240737855434,0.018792098155245185,0.22378891170956194,3.5632854253053665,1.2247606460005045,1.4064033478498459,4.182525523006916
700416,0.01104814582504332,0.3246367182582617,2.8982666954398155,0.2776468675583601,0.07332266599405557,0.7233148477971554,3.3047934398055077,0.9918854646384716,1.9761698897928,8.153576657176018
701440,0.010260169859975576,0.27290294086560607,3.1261913031339645,0.30350540298968554,0.04296358200372197,0.3184395497664809,3.2440974414348602,1.052530288696289,2.2884151227772236,4.32198091596365
702464,0.017656330863246694,0.16668502404354513,3.3271470591425896,0.4003285001963377,0.034010874631349,0.23538507637567818,3.4349483475089073,1.2782911714166403,1.0658536422997713,4.215123485773802
703488,0.034504286566516384,0.291150308214128,3.0835908353328705,0.4175261612981558,0.0861711305915378,0.7450600741431117,2.749613158404827,0.8103709742426872,2.3494943734258413,7.139057174324989
704512,0.014781418387428857,0.1459719946142286,3.1581341847777367,0.4002157123759389,0.041082541982177645,0.39706898434087634,2.8685566633939743,0.8936016261577606,1.768150081858039,8.983920000493526
705536,0.0042215781431877986,0.1526716873049736,3.2799666300415993,0.4055157843977213,0.03321160460473038,0.18116320949047804,3.286709278821945,1.1989273522049189,1.6414432544261217,4.301817052066326
706560,0.026818317244760692,0.333760685287416,3.22603502869606,0.4239856442436576,0.07412055085296743,0.3180416915565729,2.8711821362376213,1.118257086724043,2.1691635120660067,6.041594829410315
707584,0.030641974110039882,0.25790467811748385,3.3738303929567337,0.476495330221951,0.05181962490314618,0.3712668512016535,3.1713636741042137,1.0913304891437292,1.8364688865840435,4.551280006766319
708608,0.023459045332856476,0.17708850488997996,3.2390421256422997,0.39489283226430416,0.07787503045983613,0.2895316621288657,3.3938339799642563,1.2711186558008194,1.4252689126878977,5.079196315258741
709632,0.018912833969807252,0.33700342010706663,3.5130631253123283,0.5375476097688079,0.09159602882573381,0.5057931714691222,3.767857111990452,1.647078163921833,1.8953296914696693,4.01707398891449
710656,0.02698519590194337,0.44655616860836744,3.382008545100689,0.4737469246610999,0.061203504737932235,0.72053303103894,3.41251789778471,1.1360651217401028,1.7586559280753136,6.65126545727253
711680,0.019733537759748287,0.34517786279320717,3.346419893205166,0.48598566837608814,0.051963130943477154,0.4677155106328428,1.6932532861828804,0.32747779320925474,5.366966126486659,10.844395563006401
712704,0.040759167255600914,0.24770714854821563,3.226293809711933,0.5185016570612788,0.02149879015632905,0.34601985244080424,2.1645401008427143,0.4354281295090914,1.496521344408393,6.689917162060738
713728,0.0325672650069464,0.268831308465451,3.3848895132541656,0.5542014576494694,0.06019015872152522,0.5074609420262277,3.181093581020832,0.9507375545799732,5.0765823274850845,15.954023770987988
714752,0.013738491106778383,0.319536114577204,3.0102999955415726,0.3060004096478224,0.02947601306368597,0.29384120972827077,2.660362057387829,0.6121027702465653,1.7563727386295795,4.367934796959162
715776,0.012271008046809584,0.19538695109076798,3.005781225860119,0.2871803706511855,0.032965609192615375,0.22509608883410692,3.0595700442790985,0.8583642011508346,2.689298862591386,4.784364067018032
716800,0.014991218340583146,0.12689268914982677,3.214016370475292,0.4125635698437691,0.047988557460485026,0.18192654778249562,3.5388331413269043,1.1966325640678406,1.1761787999421358,3.211528919637203
717824,0.01191825800924562,0.39138003857806325,3.1739434003829956,0.3808958400040865,0.03476711275288835,0.5589438620954752,3.1287608966231346,1.0025237277150154,1.7687061950564384,5.463364593684673
718848,0.03282885695807636,0.3497438975609839,3.4148224741220474,0.49291298631578684,0.050196042691823095,0.3750561121851206,3.3986615613102913,0.9313515089452267,2.02513562515378,6.4164610877633095
719872,0.02871052929549478,0.2540982635691762,3.0845967903733253,0.38997047021985054,0.06883201916934922,0.5170159004628658,2.915149413049221,0.7928135544061661,1.608354713767767,6.620251454412937
720896,0.00879733393958304,0.28607639158144593,3.083024799823761,0.29731108248233795,0.04132619113079272,0.4603591049090028,3.183017499744892,1.0474312733858824,1.6399987377226353,7.095615454018116
721920,0.02677672205027193,0.22945203119888902,3.233102135360241,0.36109859496355057,0.05329610357875936,0.3072252878919244,3.0623308271169662,0.778136370703578,1.4700398594141006,4.3104087226092815
722944,0.025370186544023454,0.1827164296992123,2.9749881997704506,0.37967354245483875,0.03371316846460104,0.2469433881342411,2.9149631559848785,0.8084982298314571,1.701243156567216,4.780443787574768
723968,0.015062755323015153,0.32715351041406393,2.819289766252041,0.30153204407542944,0.04726434691110626,0.5269167320802808,2.7051807418465614,0.6183408638462424,1.8686569444835186,5.993456535041332
724992,0.015109653169929516,0.4212952619418502,2.9970119670033455,0.3264546412974596,0.02815413466305472,0.6737931277602911,2.35674512386322,0.5083531606942415,2.448211122304201,9.948801934719086
726016,0.013199757609982044,0.4044427187182009,3.139367997646332,0.4062118511646986,0.039399920555297285,0.4786268682219088,3.150847129523754,1.1315474603325129,2.048420624807477,4.766693696379662
727040,0.005506469664396718,0.3529892899096012,2.9939201176166534,0.28339563542976975,0.033001743780914694,0.23485309351235628,3.3877363950014114,1.0928895063698292,1.8699093721807003,3.7011659257113934
728064,0.02227231176220812,0.2583454675041139,3.1925646662712097,0.3818163936957717,0.0499860203708522,0.38861338095739484,2.955860733985901,0.8287571603432298,1.4228631239384413,5.215966995805502
729088,0.024789235088974237,0.22578199882991612,3.243699923157692,0.372396488673985,0.052560092182829976,0.36610562866553664,3.3061686977744102,1.2347880229353905,1.3437345270067453,4.608513806015253
730112,0.026965588564053178,0.17006700648926198,3.298987552523613,0.5190648939460516,0.07687183999223635,0.26861088164150715,3.1200224831700325,0.7239396460354328,2.118689712136984,6.962770193815231
731136,0.009606269952200819,0.27075459249317646,2.8241235613822937,0.3148495382629335,0.005040538497269154,0.3738901950418949,2.4135915599763393,0.6853969059884548,2.8205085415393114,6.39434702321887
732160,0.008007922995602712,0.29126668395474553,2.8052291199564934,0.23445086367428303,0.061479863594286144,0.26424336386844516,3.0795333832502365,0.9629513658583164,2.323352087289095,3.5458518229424953
733184,0.01039147273695562,0.34826335264369845,3.1438403502106667,0.31090889777988195,0.05008960764098447,0.5507997428067029,3.6590016782283783,1.605247851461172,1.5043475423008204,3.4077865183353424
734208,0.015048530243802816,0.19887706520967185,3.124909244477749,0.33351117093116045,0.05288942994957324,0.41703497152775526,2.847033441066742,0.7750748302787542,1.548511667177081,6.65803350508213
735232,0.012609594166860916,0.2081895973533392,2.9766054451465607,0.28630435187369585,0.01722961786435917,0.3085699281655252,3.0506498739123344,0.8387695625424385,1.5400941390544176,5.222993262112141
736256,0.025195178255671635,0.3352725952863693,3.0482914969325066,0.35658619180321693,0.07143148969043978,0.7559486795216799,3.132198788225651,0.8341315612196922,2.1422789692878723,7.703566856682301
737280,0.022733707693987526,0.1791064606513828,3.0823891684412956,0.3477118667215109,0.09467906295321882,0.19344292767345905,2.6973979473114014,0.6319875353947282,3.1181624475866556,8.593277543783188
738304,0.028549595779622905,0.40272427070885897,3.1465915888547897,0.41923189256340265,0.06848737830296159,0.5212397258728743,2.937958173453808,0.7267764341086149,7.449662163853645,15.425974152982235
739328,0.010172933078138158,0.6528808949515224,3.0680458694696426,0.36212841514497995,0.06576231785584241,1.0560722518712282,3.284438155591488,0.8100792821496725,2.2453175522387028,7.86701113730669
740352,0.010101075866259634,0.29206093214452267,3.070345416665077,0.3075715946033597,0.02062255567579996,0.6203560056164861,3.0214691758155823,0.9350107479840517,1.4247017558664083,5.831573322415352
741376,0.013162330680643208,0.37314700428396463,3.157700814306736,0.33944690972566605,0.039389427547575906,0.8519711531698704,2.767027109861374,0.6692805867642164,1.9437509290874004,7.166373282670975
742400,0.014407249342184514,0.1910170167684555,3.10346058011055,0.3498384924605489,0.05585747028817423,0.3429252323694527,2.3788941241800785,0.46136720571666956,3.3099240697920322,8.362299174070358
743424,0.026636864320607856,0.2619695123285055,3.2506488412618637,0.47513272147625685,0.018362895381869748,0.41866363771259785,2.605589270591736,0.5642104055732489,2.932602971792221,6.957865335047245
744448,0.019487259436573368,0.15978268696926534,3.0276043489575386,0.33598762191832066,0.023033785226289183,0.2380492405500263,2.20019718632102,0.3774361736141145,1.5795802921056747,7.476265873759985
745472,0.009368561091832817,0.260606930591166,3.00238885730505,0.3507771138101816,0.026119125861441717,0.4562883544713259,2.6307845786213875,0.5203831428661942,2.527220867574215,7.657423108816147
746496,0.02065927463991102,0.49319938011467457,3.0941180661320686,0.34763985872268677,0.04381555356667377,0.6377185136079788,3.2490409463644028,0.81967961974442,2.2291514985263348,5.408715598285198
747520,0.01358455014997162,0.32713674660772085,2.9833694249391556,0.29551013745367527,0.06037942893453874,0.4402911481447518,2.602341443300247,0.6136934692040086,1.6473764460533857,5.284596886485815
748544,0.017966145474929363,0.2516295243985951,3.1318356692790985,0.37487997859716415,0.04026188119314611,0.37043886398896575,2.9192186072468758,0.6784806158393621,2.8723970409482718,6.621886245906353
749568,0.013222628986113705,0.20709733897820115,3.115859366953373,0.44294298347085714,0.0423236514616292,0.37665696954354644,2.8488751649856567,0.6107568293809891,2.5650358982384205,13.57004902139306
750592,0.03783120127627626,0.21147013059817255,2.9771339148283005,0.3637106567621231,0.03537775611039251,0.27348229358904064,2.657921314239502,0.5592060899361968,2.726861637085676,9.054648872464895
751616,0.02258077368605882,0.18116088630631566,3.0195013657212257,0.3600760009139776,0.04977118695387617,0.22311331680975854,2.2847530506551266,0.4066463178023696,1.6826791055500507,5.268469916656613
752640,0.010046645882539451,0.20548589434474707,2.741772100329399,0.2846675650216639,0.020355758373625576,0.15489334892481565,2.8282673694193363,0.5960689568892121,1.4907233994454145,4.34420027397573
753664,0.008344118177774362,0.23242753138765693,3.265235833823681,0.40788156539201736,0.004415780946146697,0.29647807218134403,3.4790371507406235,1.1402681097388268,1.620699804276228,5.560300447046757
754688,0.017588978982530534,0.22960600443184376,3.1780387461185455,0.40998510643839836,0.038359237572876737,0.20890258206054568,3.4552616104483604,1.2402047514915466,1.4201242327690125,3.251551479101181
755712,0.0258411905306275,0.21031757351011038,3.132135033607483,0.41028089355677366,0.0460864111664705,0.35374384885653853,3.2876813113689423,1.046050550416112,1.7231007739901543,6.114731702953577
756736,0.009903005935484543,0.2691024001687765,2.9304458647966385,0.2831539954058826,0.017366140993544832,0.2500043867621571,3.457711823284626,1.5396209806203842,1.4853846244513988,3.9923014007508755
757760,0.031497958494583145,0.28532913979142904,3.2507389187812805,0.40707019809633493,0.07820490960148163,0.6125123761594296,3.519796408712864,1.3022599592804909,1.70619429461658,7.272581309080124
758784,0.020952971564838663,0.25679999543353915,3.1382419914007187,0.34763032104820013,0.04228784568840638,0.4784005624242127,3.5691899955272675,1.1762125678360462,1.4348700195550919,5.074415504932404
759808,0.018969999262480997,0.24190481379628181,2.973751224577427,0.33151164557784796,0.08843721039011143,0.386003979947418,3.0625070333480835,0.8770123608410358,1.7841684259474277,5.724416114389896
760832,0.016788550041383132,0.24035008903592825,2.962629236280918,0.31971100624650717,0.04250332555966452,0.2212157358881086,3.388455718755722,1.073074160143733,1.6064525321125984,3.764651581645012
761856,0.014891761689796112,0.2720320802181959,3.2473073229193687,0.3680121349170804,0.04357202193932608,0.3379094563424587,3.6637730300426483,1.3395895659923553,1.6403106972575188,5.269640929996967
762880,0.012409208487952128,0.32352181524038315,3.0871534422039986,0.2980778031051159,0.039649421130889095,0.38461486622691154,3.287781462073326,1.0688055381178856,1.7304462678730488,4.49259028583765
763904,0.01639514064299874,0.30306283943355083,3.0674841701984406,0.35120656713843346,0.03903529339004308,0.4239283590577543,3.068286322057247,0.9267807602882385,2.448867980390787,5.3366682305932045
764928,0.025936993159120902,0.3521112450398505,2.941272594034672,0.31602925807237625,0.08584580148453824,0.43185590161010623,3.236583285033703,1.1125066429376602,4.727119363844395,9.025975659489632
765952,0.007302660204004496,0.28263182705268264,3.014258995652199,0.3350600516423583,0.015464570897165686,0.344292807392776,3.4497333988547325,1.1741624176502228,2.339991044253111,5.750914383679628
766976,0.022866111205075867,0.30962360044941306,2.993269920349121,0.31607590056955814,0.07011835140292533,0.3332623748574406,3.4759969860315323,1.1270906869322062,3.121771290898323,5.858654335141182
768000,0.006981397542404011,0.26908278930932283,2.961346887052059,0.2728021992370486,0.05323129097814672,0.4520313427783549,3.431466154754162,1.4851343594491482,1.3510993346571922,6.436997935175896
769024,0.011076082708314061,0.2068254731129855,2.8301911279559135,0.2795711373910308,0.05224089024704881,0.41448293160647154,2.5019297003746033,0.5725988261401653,2.458393080160022,7.989151164889336
770048,0.011020398771506734,0.17114741820842028,2.882144160568714,0.2753301467746496,0.04904422024264932,0.1912148066330701,3.1457590982317924,0.869667848572135,1.1550531256943941,4.750678990036249
771072,0.013659883989021182,0.23325318191200495,3.043114513158798,0.310570796020329,0.05111837561707944,0.3296296685002744,2.9498210698366165,0.7959117274731398,1.5999445524066687,6.919705331325531
772096,0.015039311576401815,0.24919138988479972,2.9526651799678802,0.3206370295956731,0.06557450206310023,0.44321606727316976,2.8559986501932144,0.7636251468211412,1.680153775960207,14.582727879285812
773120,0.024758254934567958,0.2004869666416198,2.961339458823204,0.3210768084973097,0.04816284403204918,0.22318540001288056,2.7017729058861732,0.6136889830231667,1.6132633201777935,7.641634330153465
774144,0.02839759536436759,0.21907409862615168,2.946247808635235,0.3772943178191781,0.11262320540845394,0.4488421347923577,3.2696739584207535,0.7705143392086029,2.583154195919633,15.226941347122192
775168,0.006163655547425151,0.22666938556358218,2.98645106703043,0.3397492980584502,0.002606019552331418,0.31918496172875166,3.074360027909279,0.9625143297016621,2.9962441567331553,8.461797133088112
776192,0.0027616378938546404,0.2123308170121163,3.110318809747696,0.2704607513733208,0.0017535390798002481,0.1887096248101443,3.791165269911289,1.8364390954375267,1.7510568965226412,4.4715475253760815
777216,0.011869186826515943,0.3277108729816973,3.0744182989001274,0.34708040300756693,0.03185007089632563,0.4414908280596137,3.4547035843133926,1.291398525238037,2.721907377243042,5.887542478740215
778240,0.012154876967542805,0.23344919923692942,3.181711971759796,0.3687438005581498,0.010554853535722941,0.43434793734923005,3.45668613165617,1.2538636326789856,1.5185759216547012,5.281653970479965
779264,0.020527401939034462,0.5433699358254671,3.331734634935856,0.4052082486450672,0.09190868103178218,0.8632316924631596,3.580968976020813,1.4261190667748451,1.5020419675856829,7.2351983189582825
780288,0.03117483906680718,0.2884479761123657,3.3346956446766853,0.4415523987263441,0.15218606567941606,0.6569584226235747,3.291697531938553,1.1124670282006264,2.2750247046351433,16.54734429717064
781312,0.010200109652942047,0.2931283744983375,3.105493515729904,0.3016746770590544,0.03326453950285213,0.44383234810084105,2.9740340039134026,0.9090105276554823,1.3090208265930414,4.399950455874205
782336,0.0229188809171319,0.2637765030376613,3.0964532494544983,0.4089066768065095,0.09968060193932615,0.47568558203056455,3.296678863465786,0.981084480881691,2.404556358233094,9.535192660987377
783360,0.024015699775191024,0.15417131129652262,3.0991521775722504,0.3963282825425267,0.026836990233277902,0.3033305190037936,3.1514995470643044,1.1384674422442913,1.6347302235662937,7.186579618602991
784384,0.017653612041613087,0.31448282208293676,3.051500625908375,0.3346164505928755,0.04602875415002927,0.34866574546322227,2.9471101090312004,0.8697469234466553,1.3695586323738098,3.5249026753008366
785408,0.010205272090388462,0.20272672967985272,3.0646134093403816,0.2960121277719736,0.03386850285460241,0.3159500639885664,3.227672539651394,1.0015893671661615,1.4633867666125298,4.586912728846073
786432,0.017916972079547122,0.26586108887568116,3.031961426138878,0.3318237802013755,0.05152646207716316,0.3966038953512907,3.418145403265953,1.0784391965717077,1.6966524347662926,5.183671321719885
787456,0.015543986402917653,0.35207737889140844,2.948800541460514,0.2860026890411973,0.06771045859204605,0.43588875560089946,3.0331841334700584,0.8327884506434202,3.7871816866099834,7.256608597934246
788480,0.009088508784770966,0.45914193242788315,3.1271724179387093,0.3458237098529935,0.04680742812342942,0.7678145840764046,3.311050646007061,1.480995675548911,1.4359768666327,4.816894602030516
789504,0.01801394442736637,0.3023761734366417,3.2333999276161194,0.44928001053631306,0.04999706079252064,0.5296881459653378,3.4524794965982437,1.2635381557047367,1.701785271987319,6.942803826183081
790528,0.0242449541692622,0.36435086000710726,3.1189256757497787,0.3260730728507042,0.08806203363928944,0.5059249964542687,3.444095879793167,1.0871361829340458,2.373730767518282,6.828533127903938
791552,0.03090711761615239,0.20373240113258362,3.174157500267029,0.37421973515301943,0.12843467091443017,0.22468012128956616,3.2933182790875435,1.1474267356097698,1.3407977540045977,3.882336501032114
792576,0.01810046583705116,0.3265365441329777,3.215457394719124,0.42949636932462454,0.08289435924962163,0.5858115637674928,3.177263453602791,0.885914646089077,1.4666335135698318,5.65602108836174
793600,0.014276702684583142,0.27174679143354297,3.00767220556736,0.329935560002923,0.039763920998666435,0.49852600414305925,3.2210124358534813,0.9969759471714497,1.643781779333949,5.993168905377388
794624,0.02299369717366062,0.3160025551915169,3.0313057377934456,0.3366974666714668,0.06428121894714423,0.4441401166841388,3.831856459379196,1.452299777418375,1.7950204443186522,4.206576552242041
795648,0.02629433834226802,0.28149466263130307,3.108548752963543,0.331570515409112,0.13152451359201223,0.4186172350309789,3.8044392094016075,1.2325551621615887,1.7720504980534315,5.425841581076384
796672,0.011601173151575495,0.3181786797940731,2.860062137246132,0.27710947673767805,0.11662031634477898,0.3950141780078411,3.310144692659378,1.0906556379050016,2.6766837053000927,10.403540037572384
797696,0.009042268866323866,0.29009862896054983,3.0423630699515343,0.2934006741270423,0.02042929946037475,0.4033467313274741,3.240702159702778,1.2800907772034407,1.2404147032648325,4.367991905659437
798720,0.024251579539850354,0.22130594635382295,3.2298070192337036,0.4442941574379802,0.1263168433215469,0.413051953073591,3.2603120505809784,0.9706920851022005,2.3459818176925182,11.705551907420158
799744,0.011852032446768135,0.2881984100677073,2.9473599195480347,0.3024015687406063,0.09294168892665766,0.4849319579079747,2.9572237953543663,0.8665869478136301,1.547617208212614,6.086973585188389
800768,0.01807753401226364,0.3594833202660084,2.956091418862343,0.32427380327135324,0.05595089728012681,0.5036966605111957,2.7943058982491493,0.7131609227508307,1.5841216146945953,6.5115417167544365
801792,0.014664148475276306,0.25552602438256145,3.068410038948059,0.36850413866341114,0.035877948728739284,0.4301743325777352,3.0096280798316,0.8301373980939388,1.2990209143608809,7.692175962030888
802816,0.011776747938711196,0.19406540831550956,2.9825788512825966,0.30625950638204813,0.03035205769992899,0.2739732493646443,3.1793693378567696,0.9140023682266474,1.2187934201210737,5.814025066792965
803840,0.019348632486071438,0.27631227066740394,2.888625368475914,0.29711543023586273,0.05895315494854003,0.3659356730058789,2.9003022387623787,0.8132672347128391,2.050468724220991,6.795353677123785
804864,0.0032450345024699345,0.22961560217663646,2.9905381724238396,0.2781510856002569,0.006168550637084991,0.322522378526628,2.9143198803067207,0.794770585373044,1.2866517417132854,4.707824308425188
805888,0.017831937468145043,0.3439932423643768,2.982011027634144,0.3050296027213335,0.09348546486580744,0.42118160892277956,3.375458851456642,1.1852253023535013,3.0412395000457764,8.268476665019989
806912,0.014770353998756036,0.17276853579096496,2.899032235145569,0.27873126743361354,0.0673061111010611,0.1931450122501701,3.028068371117115,0.862954206764698,2.651646502315998,6.857490699738264
807936,0.008931851072702557,0.24068211670964956,3.0552113875746727,0.27389170601963997,0.05064995578140952,0.31377169769257307,3.1310911774635315,1.01677224971354,1.4473445229232311,4.88545311242342
808960,0.009332134708529338,0.2516319267451763,3.063363701105118,0.3010195782408118,0.0441787174786441,0.3167413426563144,3.0560916736721992,0.9371963944286108,1.3544790484011173,5.098927713930607
809984,0.030449851357843727,0.2849574745632708,3.0829862281680107,0.3927220981568098,0.09214507741853595,0.4392398679628968,3.102337308228016,0.8028462398797274,3.1721635051071644,9.09353867918253
811008,0.008648698247270659,0.2653930834494531,3.071251705288887,0.3055904917418957,0.04189663313445635,0.40979744773358107,2.929616153240204,0.7688249265775084,1.3005307968705893,7.182476706802845
812032,0.016049005382228643,0.2156445560976863,3.295786365866661,0.40762270614504814,0.055453854613006115,0.32707116520032287,3.2347814440727234,0.9707725644111633,1.534423692151904,6.235997535288334
813056,0.01677882910007611,0.5330618396401405,3.3055742383003235,0.3929311241954565,0.03484810181544162,0.5298441844061017,3.2899303808808327,1.138610813766718,2.177954727783799,4.812877111136913
814080,0.029093667850247584,0.3891704687848687,3.0897766202688217,0.353987330570817,0.07478669751435518,0.5412867069244385,3.4246088787913322,1.1182592958211899,2.728869205340743,6.932126775383949
815104,0.016656643463647924,0.27135722944512963,3.04115928709507,0.32277090288698673,0.01795585054787807,0.5863628787919879,2.884752817451954,0.8220432307571173,2.613570300862193,9.375120289623737
816128,0.013876439261366613,0.39859590865671635,2.9842409640550613,0.29069930128753185,0.03867704048752785,0.5218029730021954,3.0112721994519234,0.9731981921941042,1.762738659977913,5.516518168151379
817152,0.01477248955052346,0.48283693147823215,3.07696732878685,0.3241464765742421,0.06288543832488358,0.6141998060047626,3.0486088395118713,0.9654091540724039,2.037410842254758,6.14741849899292
818176,0.013386666018050164,0.2725441441871226,3.0564154908061028,0.3281995318830013,0.03180311564938165,0.3548160018399358,2.6986972391605377,0.5803309911862016,1.328567961230874,4.940877206623554
819200,0.030361957222339697,0.3385095540434122,3.0269042029976845,0.35184642393141985,0.029624611634062603,0.6687211813405156,2.412111796438694,0.4660385427996516,3.289021547883749,11.859155975282192
820224,0.010375328653026372,0.2982872654683888,2.9800688549876213,0.2877861000597477,0.036286122660385445,0.45876175398007035,2.796429894864559,0.7261045835912228,1.6427564583718777,5.506729520857334
821248,0.009118854693952017,0.23442175844684243,3.1204770356416702,0.31506065279245377,0.05002273031277582,0.27454860880970955,2.870247632265091,0.7702807355672121,1.4605024121701717,5.665906470268965
822272,0.01882503295200877,0.29760421765968204,3.144761338829994,0.3534253388643265,0.0629367483779788,0.4506715387105942,2.976796656847,0.7228230517357588,1.6980546452105045,6.3459387719631195
823296,0.03870457477751188,0.38942748960107565,3.1840433478355408,0.4396632295101881,0.05783710820833221,0.6397859510034323,2.774195559322834,0.6551559120416641,2.3036836069077253,8.495490223169327
824320,0.011812451703008264,0.20370051660574973,3.0360078662633896,0.31511815544217825,0.04154854730586521,0.3146459301933646,2.4136411398649216,0.5250139208510518,1.4109516199678183,10.829845950007439
825344,0.018403279813355766,0.23676520213484764,3.0546634569764137,0.3309093452990055,0.036883889930322766,0.2533692796714604,3.4115656688809395,1.0619220547378063,2.070086384192109,3.783525787293911
826368,0.016576013425947167,0.3144518746994436,3.039531670510769,0.3213180722668767,0.066734832507791,0.5879737650975585,3.048246182501316,0.968374103307724,1.6957653965801,6.113374553620815
827392,0.012364761270873714,0.2512834379449487,3.081099085509777,0.2882285751402378,0.05486981786089018,0.46229965426027775,3.2431902959942818,1.0765520092099905,1.5076205898076296,5.261845484375954
828416,0.022195921512320638,0.32193810446187854,2.875786878168583,0.2955642966553569,0.10502382484264672,0.5402418468147516,3.1330685913562775,0.7685040477663279,3.561703184619546,10.886469215154648
829440,0.027150489200721495,0.16796452179551125,2.9002021849155426,0.3350496906787157,0.07062923719058745,0.34661837527528405,2.706862412393093,0.6197424437850714,3.7976464219391346,17.962639942765236
830464,0.018611474602948874,0.2665403694845736,3.1834888979792595,0.4557768078520894,0.00938774790847674,0.3389938585460186,2.6815161257982254,0.6767539409920573,2.8335909117013216,7.315107304602861
831488,0.008637375241960399,0.12517548981122673,3.040742628276348,0.31922987196594477,0.032511531142517924,0.22579495143145323,2.670374922454357,0.5846171788871288,1.9720761813223362,7.227838575839996
832512,0.014965883252443746,0.37938370183110237,3.0964487195014954,0.3466461645439267,0.025549993733875453,0.531915589235723,3.2848327606916428,1.0720735136419535,2.2767651975154877,7.975978791713715
833536,0.01623292185831815,0.30965067259967327,2.967100568115711,0.30265173595398664,0.06912059974274598,0.4669568305835128,3.0146854743361473,0.7608459927141666,1.6277190931141376,6.6430828794837
834560,0.009209235198795795,0.2478330424055457,3.113362468779087,0.287116214632988,0.0005422034882940352,0.32363765127956867,3.394965596497059,1.1065682526677847,1.613063609227538,7.562871381640434
835584,0.012553790918900631,0.21623787563294172,3.088191568851471,0.3060103952884674,0.08217793205403723,0.33283060090616345,3.78144920617342,1.6948707215487957,1.258424760773778,4.45685900375247
836608,0.02100921332021244,0.1718748384155333,3.0033772215247154,0.3343991357833147,0.12860314536374062,0.31399473221972585,2.3086312226951122,0.7584643047302961,2.2502712104469538,6.972167879343033
837632,0.01299276581266895,0.2507658051326871,2.9697080925107002,0.32746666949242353,0.03099022211972624,0.4578851321712136,1.6929401867091656,0.27617952041327953,1.4360082428902388,12.885778971016407
838656,0.01953865445102565,0.1672743847593665,2.9531130641698837,0.3663725461810827,0.015375362985651009,0.2680412996560335,2.4124845564365387,0.4336523450911045,1.4617577083408833,7.2296672984957695
839680,0.013149557591532357,0.20685997372493148,3.013828121125698,0.36554042901843786,0.02481267049734015,0.2395764912944287,2.589124582707882,0.48606909438967705,1.50767632573843,3.990333255380392
840704,0.029335810570046306,0.2628868957981467,3.0418504402041435,0.41947818268090487,0.048154554824577644,0.41864707320928574,2.701048292219639,0.5166902411729097,2.011965423822403,8.049827933311462
841728,0.01697971463727299,0.21217338764108717,3.079814240336418,0.34295440278947353,0.02201372745912522,0.4364376007579267,3.228820852935314,1.0292927995324135,1.3052284140139818,4.740689270198345
842752,0.008800918061751872,0.22752506705000997,3.061018481850624,0.27920500561594963,0.03723124516545795,0.33544084848836064,3.633234716951847,1.3049085475504398,1.07715124450624,4.853753495961428
843776,0.018167258764151484,0.3686730791814625,3.1643452495336533,0.3331098351627588,0.05866612002137117,0.6615636283531785,3.0356091409921646,0.8888979684561491,2.3481565341353416,6.802493721246719
844800,0.027729643799830228,0.3636509971693158,2.8165644481778145,0.3102921964600682,0.07426482395385392,0.4261974925175309,2.8434202075004578,0.6775394380092621,4.030185796320438,16.92211715131998
845824,0.02627971605397761,0.22450714837759733,3.1060558184981346,0.38257937412709,0.030553149903425947,0.41222325759008527,2.24169247597456,0.4429305251687765,3.103408617898822,12.371636971831322
846848,0.018224149025627412,0.3018763540312648,3.009884774684906,0.38461996894329786,0.04310310349683277,0.3653323194012046,2.450373336672783,0.4773276997730136,1.307595444843173,6.19839583337307
847872,0.014970401534810662,0.2638995139859617,2.9212974160909653,0.30909125600010157,0.0368173647148069,0.325371075887233,2.766260951757431,0.5904175788164139,1.6440671067684889,5.974400550127029
848896,0.007878276839619502,0.2999553084373474,3.004699170589447,0.28973310999572277,0.020815724885324016,0.34053283324465156,2.8224708661437035,1.1406190106645226,1.4461331721395254,4.112168677151203
849920,0.019970269582699984,0.3814451196230948,3.2234972193837166,0.3916258867830038,0.0645598586415872,0.4380556442774832,3.4249055087566376,1.1734983287751675,1.976689226925373,5.066611796617508
850944,0.011305313848424703,0.19649398257024586,2.971635915338993,0.3312245914712548,0.07702495346893556,0.322431453038007,2.547239199280739,0.6634000698104501,1.3707581423223019,10.784685581922531
851968,0.022367878555087373,0.16376900114119053,3.1082309409976006,0.3768621711060405,0.05577904175152071,0.25797358248382807,2.3050421997904778,0.43297299835830927,1.6718393433839083,11.264698024839163
852992,0.013300912847626023,0.18873181310482323,3.123538039624691,0.36439449433237314,0.05218937067547813,0.29415333922952414,3.133747510612011,0.7851762566715479,1.5504409801214933,6.5248066782951355
854016,0.010544178250711411,0.22637696657329798,2.9498542323708534,0.26007704716175795,0.02939609991153702,0.15015147835947573,2.9161712750792503,0.8853977750986814,1.127340693026781,3.296429108828306
855040,0.025826403783867136,0.39172135572880507,3.002949357032776,0.3746103998273611,0.039259989745914936,0.6062712147831917,3.2291463539004326,0.7942309211939573,3.01443675160408,9.019563876092434
856064,0.018026576784905046,0.2049805191345513,3.2889526337385178,0.40842488314956427,0.05130791841656901,0.3313761823810637,3.541546158492565,1.003385342657566,1.5555348712950945,4.398716665804386
857088,0.014487740932963789,0.18850550544448197,3.0242752358317375,0.31486728321760893,0.08765318454243243,0.37288911221548915,3.298899620771408,0.8281845636665821,1.1961699575185776,7.181781984865665
858112,0.019517037071636878,0.29283179622143507,3.4328055307269096,0.4947255374863744,0.02622247883118689,0.6015751482918859,3.1105171218514442,0.891717504709959,2.3293525651097298,9.74362925440073
859136,0.024088132719043642,0.24212734308093786,3.238981880247593,0.3663835162296891,0.02970544551499188,0.27316009486094117,3.4301749542355537,1.424049062654376,1.8422784022986889,3.706389807164669
860160,0.03273399420140777,0.35837493371218443,3.3268896713852882,0.46470583509653807,0.0770533406175673,0.6008973754942417,3.332224227488041,0.995002681389451,1.9013507179915905,6.345930762588978
861184,0.021108723856741562,0.3293207543902099,3.101880356669426,0.31995687913149595,0.04972417891258374,0.49050713144242764,3.33409396559,1.188282797113061,1.8833284825086594,5.708802208304405
862208,0.025236171393771656,0.2921181204728782,3.3213328197598457,0.4433340588584542,0.08053474564803764,0.5039696004241705,3.28872212767601,0.9399775769561529,2.008413141593337,11.054054528474808
863232,0.016876501162187196,0.22713842382654548,3.1706345826387405,0.35283453576266766,0.06671405202359892,0.37893464136868715,3.4105252772569656,1.1087044775485992,1.046620398759842,4.186037000268698
864256,0.011309554145555012,0.12205461924895644,3.0546719059348106,0.3190523609519005,0.07009541115257889,0.18491750862449408,3.1086335703730583,0.8282991219311953,1.3909367732703686,5.513131778687239
865280,0.01576053665485233,0.29175328742712736,3.0428911820054054,0.3563417326658964,0.04372167386463843,0.36255745496600866,3.1007535457611084,0.7658041995018721,2.1573857236653566,5.7299390360713005
866304,0.009432350751012564,0.2383661917410791,3.1312879025936127,0.36991754081100225,0.006805874698329717,0.29167388984933496,3.528792381286621,1.2623176667839289,1.487067949026823,4.084018416702747
867328,0.009594981929694768,0.24624716397374868,3.2221692353487015,0.35308224614709616,-0.007364116027019918,0.28319655382074416,4.023490622639656,2.2442705892026424,2.279868494719267,4.786166235804558
868352,0.0436255618405994,0.5651468131691217,3.259570360183716,0.45730774383991957,0.09050633484730497,0.8918923139572144,3.5506840646266937,1.1956032700836658,2.0999494902789593,7.936673074960709
869376,0.01883207613718696,0.242556634824723,3.2279055193066597,0.4071384370326996,0.061626377690117806,0.610220710746944,3.2761138305068016,0.9103265963494778,2.2293899971991777,8.05480295419693
870400,0.01863184612011537,0.3797681489959359,3.1574188247323036,0.3655567020177841,0.05248117499286309,0.30137080466374755,3.4198725670576096,1.2265023775398731,2.1409429870545864,3.8983912989497185
871424,0.035533530288375914,0.4217215124517679,3.0967467352747917,0.4016276756301522,0.09902147218235768,0.40643077436834574,3.377438962459564,1.130053535103798,2.723569191992283,4.97005220502615
872448,0.015609889742336236,0.3384117274545133,3.1522259190678596,0.3666427442803979,0.09152669485774823,0.38586091296747327,2.7918489277362823,0.843609593808651,3.3138460218906403,7.246011395007372
873472,0.0018874911474995315,0.19270030967891216,3.241780050098896,0.4478057725355029,0.05627447890583426,0.42583641642704606,3.123700886964798,0.9056451637297869,2.5685541350394487,13.806384705007076
874496,0.01983122617821209,0.345030025113374,2.863079823553562,0.27812372194603086,0.08723472786368802,0.3692337949760258,2.8978193551301956,0.7357418481260538,3.7136382423341274,9.600965909659863
875520,0.039582439843798056,0.30283998558297753,3.1980023086071014,0.40207208320498466,0.050081243010936305,0.30074202828109264,2.965353451669216,0.6967496201395988,2.1838531997054815,8.864842675626278
876544,0.031572329346090555,0.2261893325485289,3.2702400386333466,0.4616804989054799,0.03698564594378695,0.32510628970339894,3.2135398760437965,0.8404334485530853,1.430307276546955,4.1098436415195465
877568,0.00973468690062873,0.1675185498315841,3.1775896176695824,0.417481173761189,0.0193408656923566,0.2652308796532452,3.4372383058071136,1.2937060538679361,1.0879968721419573,4.205015189945698
878592,0.0008637925202492625,0.22066493169404566,3.093061864376068,0.33445922937244177,-0.0012461326259654015,0.21652332320809364,3.900400325655937,2.356238815933466,1.9855571556836367,3.299846526235342
879616,0.03667956046410836,0.3923107264563441,3.1838396787643433,0.4405832039192319,0.13890071865171194,1.05549974180758,3.668722227215767,1.206937139853835,2.060119178146124,16.565741524100304
880640,0.045689744234550744,0.18263084534555674,3.0133790373802185,0.41962834913283587,0.10793079563882202,0.572904272004962,2.666097767651081,0.6723594283685088,3.6585424598306417,15.037959955632687
881664,0.024984185678476933,0.17958843312226236,3.133631080389023,0.39916011970490217,0.06191900826524943,0.37954707304015756,3.2709130868315697,0.9294381532818079,2.2563258558511734,10.438824512064457
882688,0.02229405329853762,0.28768155677244067,3.125011682510376,0.3827191526070237,0.08735779632115737,0.5170218674466014,3.2411657199263573,1.0898873787373304,1.2873802222311497,5.361850567162037
883712,0.020411444711498916,0.15805169194936752,3.3276495784521103,0.4479539906606078,0.06767560579464771,0.14244692958891392,3.828144058585167,1.507757157087326,2.078472327440977,3.129602015018463
884736,0.016530453416635282,0.1809900775551796,3.267752356827259,0.3670533634722233,0.02519821736495942,0.11917019542306662,3.755139082670212,1.4480481669306755,1.3519411329180002,2.3344277553260326
885760,0.012557334484881721,0.18857632344588637,3.1427399069070816,0.3241056567057967,0.054751978706917726,0.21196099766530097,3.4843577072024345,1.3769427612423897,1.1425122674554586,3.7703372426331043
886784,0.054487750690896064,0.25807530991733074,3.2520821318030357,0.5431418009102345,0.14551289135124534,0.41045239148661494,3.6480685099959373,1.203584337607026,3.8879096545279026,19.02020274102688
887808,0.024586172017734498,0.09003441547974944,3.037246949970722,0.38735242933034897,0.06197856165817939,0.24040115298703313,3.0267273113131523,0.7698982618749142,1.5547222010791302,10.980273898690939
888832,0.010127623419975862,0.25093779899179935,3.107184335589409,0.3572866301983595,0.010072918055811897,0.3476700587198138,3.4368013590574265,1.4918853398412466,1.1972844917327166,4.271177776157856
889856,0.02656430413480848,0.19044446991756558,3.2985432371497154,0.4127058945596218,0.04614132712595165,0.4641331806778908,2.4865263029932976,0.6771518541499972,1.3432402964681387,6.903578080236912
890880,0.01590969049721025,0.21879191463813186,3.0634061247110367,0.38058675453066826,0.03806907986290753,0.4315315708518028,2.7663720697164536,0.801431804895401,1.5147000197321177,5.794479064643383
891904,0.054153490855242126,0.21982937981374562,3.353736087679863,0.4725712025538087,0.07213330519152805,0.5148612931370735,3.1187559366226196,0.973195806145668,3.6077763736248016,13.963592041283846
892928,0.01295707921963185,0.21462075877934694,3.110171191394329,0.3725640382617712,0.03406632208498195,0.24150915280915797,2.3601221442222595,0.5657891416922212,1.1129417195916176,5.81111042574048
893952,0.01168159197550267,0.2775880820117891,3.3152405694127083,0.4072420811280608,-0.015114716457901523,0.21784075372852385,3.719839133322239,1.7135388851165771,1.6743555646389723,4.464917149394751
894976,0.042823211348149925,0.1991645514499396,3.3114638328552246,0.49157180543988943,0.10751695180078968,0.3281880698632449,3.7491644099354744,1.1680611483752728,1.333765970543027,4.268928345292807
896000,0.017539458494866267,0.18965879594907165,3.176441416144371,0.3565404396504164,0.03879380601574667,0.249851401662454,3.7491813376545906,1.516864374279976,1.2643596529960632,3.545069608837366
897024,0.029772994414088316,0.30027020862326026,3.3250817209482193,0.4647440817207098,0.07081400486640632,0.34655270306393504,3.359950080513954,1.1643633842468262,1.4325030650943518,4.563552185893059
898048,0.030610739879193716,0.45794546883553267,3.2652470991015434,0.4232931546866894,0.07937466821749695,0.6747778709977865,3.6072315648198128,1.5232415199279785,1.519834266975522,4.631548002362251
899072,0.005990294186631218,0.29675598395988345,3.1533235162496567,0.3115358306095004,-0.004013235942693427,0.3061688677407801,3.67701818048954,1.5647386945784092,1.5441089123487473,4.401404790580273
900096,0.01682657076162286,0.1827651730272919,3.2049697637557983,0.34774310514330864,0.05598787765484303,0.27100320532917976,3.6164664402604103,1.2074745073914528,1.1762223988771439,3.9637521877884865
901120,0.017199687179527245,0.26861823350191116,3.0911707878112793,0.3498582327738404,0.017832687473855913,0.342546351486817,3.49436966329813,1.1295469738543034,1.7497181668877602,4.935378558933735
902144,0.021986771753290668,0.2614198406226933,2.9590319246053696,0.3238010108470917,0.06533027742989361,0.4905928820371628,2.7805130407214165,0.8367913719266653,1.8524803165346384,6.482197791337967
903168,0.0041235743556171656,0.2029964562971145,3.1306032836437225,0.31314063630998135,0.03865974585642107,0.3040205705910921,3.277870573103428,1.117158880457282,1.2846701350063086,4.730975329875946
904192,0.012004774966044351,0.6159249860793352,3.1020193994045258,0.35940973460674286,0.016373893769923598,0.9924896201118827,3.599804602563381,1.5052222721278667,1.919483456760645,5.982418529689312
905216,0.02228130810544826,0.3356979228556156,3.287909373641014,0.42902299854904413,0.027269157842965797,0.5817651534453034,2.9505375623703003,0.9232494458556175,1.4831061139702797,5.287672039121389
906240,0.008148105815052986,0.2850428852252662,3.163225680589676,0.3156750909984112,0.05292748016654514,0.32647050451487303,3.2645489647984505,1.2667899057269096,1.7935168370604515,4.337519124150276
907264,0.018958430955535732,0.2874193424358964,2.985083781182766,0.3499174313619733,0.09083464011200704,0.6455776654183865,3.143579050898552,0.9111708663403988,1.4559335503727198,7.02659747749567
908288,0.017141164280474186,0.4127184599637985,2.9330442249774933,0.27386730164289474,0.05231087820720859,0.5247016665525734,2.7024518251419067,0.7380758468061686,2.711764119565487,7.606633253395557
909312,0.01662447239505127,0.4578932458534837,2.6667678877711296,0.28047598619014025,0.09349611126526725,0.5109577514231205,3.684483155608177,1.2422507666051388,6.071954555809498,15.123597227036953
910336,0.008565877098590136,0.314967080950737,2.9856347516179085,0.31692601554095745,0.054321774223353714,0.38009398244321346,3.019174486398697,0.9320129472762346,1.9020078592002392,4.939280107617378
911360,0.023548318160464987,0.2285727928392589,3.1674609929323196,0.3591076508164406,0.05723616050090641,0.2581747006624937,3.415825515985489,1.252533633261919,1.4065307211130857,5.097201146185398
912384,0.014200736011844128,0.2177618951536715,3.102944940328598,0.29457414895296097,0.03616270846396219,0.2188110512215644,3.5915529876947403,1.3681759610772133,1.3075149431824684,4.089901506900787
913408,0.011628287378698587,0.25021577114239335,3.031028740108013,0.28322427067905664,0.06002255229395814,0.2894860953092575,3.104323923587799,1.1199326552450657,1.79215226508677,4.955100458115339
914432,0.020230162219377235,0.19093950581736863,3.1063799932599068,0.3935323227196932,0.08827746874885634,0.35010012798011303,2.930129714310169,0.8436406683176756,2.163162659853697,9.346350274980068
915456,0.02016487809305545,0.2140542659908533,3.0298192724585533,0.3450260851532221,0.05091315910976846,0.24343903735280037,3.268745429813862,0.8995953612029552,1.680372854694724,5.479918900877237
916480,0.007309604290639982,0.12473212066106498,3.0944229289889336,0.33525464311242104,0.034429643070325255,0.16806691605597734,2.563134677708149,0.6203669840469956,1.1277887495234609,5.1840682700276375
917504,0.04448426445014775,0.2473751436918974,3.1526602059602737,0.4559406992048025,0.060165222428622656,0.2679176698438823,2.432992808520794,0.4870923478156328,2.39283986389637,10.2467897310853
918528,0.014984459805418737,0.14589241798967123,3.152335174381733,0.42863775603473186,0.030255868958192877,0.20876297494396567,2.7285154089331627,0.6978925922885537,0.8749511744827032,4.469433758407831
919552,0.020571706350892782,0.14935410814359784,3.1227236315608025,0.39151103142648935,0.06545137474313378,0.24293739278800786,2.8815082907676697,0.7098664585500956,1.644006423652172,7.249769572168589
920576,0.007865820814913604,0.28376876888796687,3.0542848110198975,0.32606590259820223,0.015771476086229086,0.2243641149252653,3.154985062777996,0.9183355458080769,1.9216141160577536,5.498604152351618
921600,0.014602400304283947,0.23264201870188117,3.0054136589169502,0.32312400732189417,0.04601067796465941,0.2474564523436129,3.2512291446328163,0.9908893126994371,1.093754407018423,3.297923445701599
922624,0.01800905229174532,0.31109286239370704,2.95557764172554,0.331572319380939,0.02255644221440889,0.36246467754244804,3.3189752846956253,1.1268640588968992,1.25197615288198,5.418559230864048
923648,0.017209146222739946,0.6080646896734834,3.055645063519478,0.3564562387764454,0.024862138059688732,0.727609297260642,3.2621858417987823,0.997580211609602,1.691991774365306,7.0713857635855675
924672,0.018758678910671733,0.30066488962620497,3.122689038515091,0.34786249604076147,0.06427084162714891,0.2815455631352961,3.390177696943283,1.0527025181800127,1.9517989866435528,5.535624150186777
925696,0.01663281822402496,0.27272936701774597,3.0943011939525604,0.38963938783854246,0.06615806170157157,0.3657112931832671,3.035601146519184,0.8573280777782202,1.5700060576200485,5.686971127986908
926720,0.013866285036783665,0.2652377891354263,3.07243512570858,0.3357566837221384,0.026995212130714208,0.3117908360436559,3.3756371289491653,1.2785147689282894,1.3261098302900791,5.665791217237711
927744,0.013518722116714343,0.3880479782819748,3.137625940144062,0.3075114767998457,0.05768667990923859,0.3172429772093892,2.967251919209957,0.9303817022591829,1.4643291998654604,3.99361015483737
928768,0.024059513714746572,0.18540406553074718,2.9700497537851334,0.30856469925493,0.0848500075226184,0.18030706490390003,3.088645249605179,0.8158162850886583,2.2217546962201595,5.279484029859304
929792,0.015072659851284698,0.23022487480193377,2.945173241198063,0.3231196301057935,0.047787991614313796,0.24036542372778058,3.021006815135479,0.7718958240002394,1.4472644831985235,4.79233568161726
930816,0.01263733598170802,0.24834677390754223,3.0060143172740936,0.28637088742107153,0.06151873951603193,0.38258431758731604,3.263601765036583,0.8889698330312967,1.4270913675427437,5.618534803390503
931840,0.01576479920913698,0.1911798056680709,2.9690246507525444,0.32255346328020096,0.05819659007829614,0.23392108315601945,3.484617568552494,1.119826540350914,1.497095886617899,7.800663743168116
932864,0.010364939895225689,0.2642957051284611,2.8058683574199677,0.26515881810337305,0.04550951815326698,0.14066911628469825,2.5290539115667343,0.5083970874547958,2.932737957686186,5.487369101494551
933888,0.02117838486446999,0.15843336423859,3.088878810405731,0.39079192001372576,0.053421603006427176,0.4686485705897212,2.7375268191099167,0.491958430968225,1.5120289213955402,23.43899241089821
934912,0.017250357021111995,0.19711040728725493,3.1947467774152756,0.47556745633482933,0.03767763724317774,0.2573032039217651,3.176727682352066,0.7923320271074772,1.4866392072290182,10.920337535440922
935936,0.01492736765067093,0.32253533555194736,3.1268078088760376,0.32290431298315525,0.019355437339982018,0.33913587126880884,3.5183385759592056,1.55072302184999,1.6565080340951681,4.677604246884584
936960,0.015159603586653247,0.21043825522065163,2.9793429374694824,0.342507497407496,0.09101884922711179,0.27412843704223633,3.210240624845028,0.9124530255794525,1.4052403084933758,7.492061384022236
937984,0.013257106984383427,0.20298354350961745,3.034943349659443,0.282548226416111,0.05064843865693547,0.21414326480589807,3.476810321211815,1.1111699007451534,1.330606596544385,3.5564856566488743
939008,0.01470269207493402,0.2783771874383092,2.9304725602269173,0.3030388494953513,0.03645714570302516,0.2735413406044245,3.3238740116357803,1.0523402281105518,1.720272770151496,4.0095482394099236
940032,0.016691621276549995,0.2844390752725303,2.971820905804634,0.3383712014183402,0.05559236486442387,0.3777947025373578,3.3303550705313683,1.1731647998094559,1.3945904523134232,4.075659103691578
941056,0.012332322483416647,0.44727154821157455,2.9682557433843613,0.28833964839577675,0.06962877836485859,0.6480302279815078,3.1055527850985527,0.9854414872825146,2.0043152403086424,5.869124837219715
942080,0.008578027889598161,0.2675151564180851,3.1163266226649284,0.320245667360723,0.002010140393394977,0.39900102419778705,3.741708606481552,1.6047403663396835,1.3072061501443386,5.790015429258347
943104,0.015689563297200948,0.23362415609881282,2.951377972960472,0.3477641334757209,0.07382786163361743,0.303844191133976,3.3651401475071907,1.1053293514996767,1.8290044534951448,10.182943053543568
944128,0.011686616315273568,0.44707175716757774,3.1396356150507927,0.34926846250891685,0.04158232134068385,0.5642135990783572,3.274245135486126,1.2038557194173336,2.17285593226552,6.127843298017979
945152,0.008911648088542279,0.1293999032350257,3.019671529531479,0.2883689496666193,0.04369150407728739,0.0971703770919703,3.701266847550869,2.029465325176716,1.0761184748262167,2.1130114756524563
946176,0.0443539246043656,0.288668988738209,3.0329869240522385,0.38052536733448505,0.06679142219945788,0.4060889231041074,3.1672196686267853,0.9042881354689598,5.187805632129312,14.566280543804169
947200,0.016203551611397415,0.20040691015310585,3.1120521500706673,0.3632045490667224,0.052978525753133,0.19109098194167018,3.255427770316601,1.1431863699108362,1.4141560215502977,3.6604838706552982
948224,0.025221937539754435,0.5285947993397713,3.0511047691106796,0.33259763289242983,0.038301217384287156,0.5758883166126907,2.7616208270192146,0.754415962845087,1.768532119691372,5.303853508085012
949248,0.02285449362534564,0.2311054621823132,3.121503032743931,0.3676529284566641,0.04693098133429885,0.20014883438125253,3.317906491458416,0.8554685171693563,1.8548088818788528,4.106808304786682
950272,0.009562961582560092,0.30140477418899536,2.9320107102394104,0.3298543868586421,0.05177619750611484,0.36687645222991705,3.105370879173279,0.6521003041416407,1.8375376611948013,6.023990899324417
951296,0.024574436887633055,0.4111848548054695,2.966687299311161,0.34421729389578104,0.019595967867644504,0.36599134001880884,2.931289754807949,0.7395346909761429,1.6518552396446466,3.780476927757263
952320,0.01712518371641636,0.319814573507756,3.117453083395958,0.33537179324775934,0.032658966243616305,0.3990454492159188,3.3231404572725296,1.113403581082821,1.9831566400825977,4.405854724347591
953344,0.017507283206214197,0.3248351071961224,3.0579971000552177,0.33473993744701147,0.04857534926850349,0.3188800849020481,2.7477961629629135,0.614781653508544,3.257725764065981,7.77342963218689
954368,0.014541123222443275,0.26831474574282765,3.069061703979969,0.30299109034240246,0.05393497628392652,0.6117009725421667,3.0839059352874756,0.8341403137892485,1.1568504069000483,7.262122221291065
955392,0.011710685706930235,0.4434409160166979,3.015528656542301,0.30129456985741854,0.06358957424527034,0.6459123408421874,3.3381417021155357,0.9643342085182667,2.0266423039138317,5.747289188206196
956416,0.028495427206507884,0.35961348935961723,3.002781555056572,0.3742950800806284,0.1038496756227687,0.3966716784052551,3.793833777308464,1.4124341420829296,3.5891596507281065,9.029480900615454
957440,0.012722960935207084,0.24542059190571308,3.0956565737724304,0.34824592992663383,0.08293860219419003,0.3584431568160653,3.085093706846237,0.7667150478810072,3.1853342447429895,8.871083226054907
958464,0.012778258649632335,0.230535710696131,3.1385197788476944,0.3674439387395978,0.015873881638981402,0.17496563540771604,3.203460715711117,0.8815902415663004,1.8457788992673159,6.865643583238125
959488,0.006238882910110988,0.19782404974102974,3.343345709145069,0.4151814291253686,-0.02788396371761337,0.26706244808156043,4.095490492880344,2.3422320634126663,1.4535077884793282,5.510062960907817
960512,0.028129429469117895,0.49819680768996477,3.537439711391926,0.5357077941298485,0.05260536205605604,0.8495032656937838,3.86154917627573,1.715737123042345,2.311745297163725,6.087272606790066
961536,0.04814313539827708,0.29539589677006006,3.3903188332915306,0.4852484967559576,0.08210037765093148,0.3357235644944012,3.5523204654455185,1.0701834373176098,4.195550754666328,7.635052774101496
962560,0.019944818297517486,0.31890426110476255,3.157283239066601,0.36910390947014093,0.029007071076193824,0.6781902238726616,3.442864254117012,1.1798115000128746,3.9110141582787037,6.350676350295544
963584,0.0242439046560321,0.2863479983061552,3.05416239798069,0.3500438742339611,0.05902440313366242,0.38240331085398793,3.039320908486843,0.8314290959388018,2.067712629213929,5.884573437273502
964608,0.03117147571174428,0.19382273382507265,3.0209154784679413,0.35291988123208284,0.09863115518237464,0.2510310276411474,3.1329608485102654,0.8145014047622681,3.1700073275715113,8.57909606397152
965632,0.005811123628518544,0.20190696278586984,2.99811951816082,0.3023076504468918,0.004985097752069123,0.22741022566333413,3.080438256263733,1.0056423526257277,1.3040676265954971,3.4821539036929607
966656,0.013018650497542694,0.38895931700244546,3.1769664362072945,0.35390561632812023,0.020327567239291966,0.5547754080034792,3.693974032998085,1.5301374793052673,1.682288033887744,3.476672939956188
967680,0.017661417281487957,0.25266235740855336,3.1813067346811295,0.326628178358078,0.03109023263095878,0.37274118792265654,3.6343251913785934,1.3486431278288364,1.5448363739997149,4.608883246779442
968704,0.013433354499284178,0.17637784243561327,3.0733827352523804,0.3018209906294942,0.07864862156566232,0.4244276713579893,3.391595706343651,1.2034138776361942,1.150236839428544,4.299655918031931
969728,0.029113454511389136,0.27617152547463775,3.0020337402820587,0.38186450861394405,0.10174748703138903,0.6745919696986675,2.529732458293438,0.5944140776991844,5.5337584018707275,23.24783055484295
970752,0.017965789971640334,0.34347619907930493,3.019680894911289,0.3254221025854349,0.030281301791546866,0.4481532941572368,2.8571966141462326,1.0701043978333473,2.0138880256563425,9.57810378074646
971776,0.008955539567978121,0.26264228904619813,3.0102418959140778,0.24947174964472651,0.02495787976658903,0.305693035479635,3.1121387779712677,1.3105608150362968,1.438325710594654,3.992797579616308
972800,0.011694454064127058,0.2072540894150734,3.0041257441043854,0.3423808263614774,0.08047417999478057,0.4235034976154566,2.6871818006038666,0.7558906432241201,1.1443538162857294,6.82636983692646
973824,0.0034748323960229754,0.2169995396398008,2.933515563607216,0.23922057868912816,0.049801706336438656,0.2549297600053251,3.125292271375656,0.9839312825351954,1.2571402452886105,3.227535881102085
974848,0.03311475968803279,0.16148461867123842,3.45701365172863,0.6666994858533144,0.06991233612643555,0.36409645481035113,3.576056256890297,0.9225361607968807,2.5405763257294893,6.562188806012273
975872,0.01622447744011879,0.416333569213748,2.805399127304554,0.27977561904117465,0.013619061443023384,0.4544829623773694,2.927996039390564,0.8156785052269697,2.7463165130466223,7.26853521168232
976896,0.008447020707535557,0.20261305733583868,2.9629745930433273,0.30569139681756496,0.01485558264539577,0.36997560132294893,2.5150946378707886,0.7269712835550308,1.4611406084150076,5.59471133351326
977920,0.010268490936141461,0.2547603340353817,2.98497511446476,0.30593385081738234,0.019143348617944866,0.35195717960596085,2.954032100737095,0.9268510714173317,1.2640496529638767,4.3004110381007195
978944,0.007308753905817866,0.24268581392243505,2.998282216489315,0.32019714545458555,0.02569899449008517,0.401269587688148,3.5871534943580627,1.480169553309679,1.5622653774917126,4.206593804061413
979968,0.010736479103798047,0.195968123851344,3.1477866023778915,0.3181462036445737,0.035081015434116125,0.13732265774160624,3.729817070066929,1.4231173396110535,1.2847748510539532,3.5149413608014584
980992,0.026140249319723807,0.2761678225360811,2.6491910070180893,0.30268183816224337,0.08033726687426679,0.3692700113169849,3.0195615142583847,0.7486617974936962,2.622224463149905,16.63803295791149
982016,0.017093966278480366,0.29566822573542595,3.1061980202794075,0.4236321849748492,0.03432426927611232,0.5221549347043037,2.912468485534191,0.8023871555924416,1.9517686162143946,7.032457396388054
983040,0.0094386388809653,0.3083386397920549,2.993689514696598,0.2837295373901725,0.01932635621051304,0.34522321773692966,2.983685687184334,0.8820719197392464,1.5834830235689878,6.345261640846729
984064,0.02486535467323847,0.19104219903238118,3.3242763057351112,0.5251343604177237,0.053001469699665904,0.3012800728902221,3.2994403317570686,0.8299620822072029,1.5709233302623034,7.183380216360092
985088,0.00910929121891968,0.3445854103192687,3.041269838809967,0.28074315562844276,0.032564827633905225,0.3980868807993829,2.7569932714104652,0.8082558438181877,1.8525296207517385,7.224300719797611
986112,0.009026240964885801,0.26478138798847795,3.1907252743840218,0.34353228472173214,0.032922579208388925,0.3317551864311099,3.378709852695465,1.347339067608118,1.7505462877452374,4.622664012014866
987136,0.039754911384079605,0.28180817794054747,3.2120464965701103,0.4349492732435465,0.06546067731687799,0.49560659751296043,3.9206192567944527,1.3087801076471806,2.615549825131893,10.240477159619331
988160,0.013707284786505625,0.26555005880072713,3.011348620057106,0.30462238751351833,0.08394461311399937,0.23254467477090657,3.7144308164715767,1.1620142254978418,2.198621364310384,8.14006171375513
989184,0.013230330805527046,0.3300245883874595,2.895401209592819,0.30023524397984147,0.051112230808939785,0.3433220670558512,3.37190343439579,1.0184467881917953,1.6005015671253204,4.4383543729782104
990208,0.016353603175957687,0.2992096352390945,3.1325926780700684,0.35772671457380056,0.05454736965475604,0.30559087358415127,3.52926979213953,1.2477415800094604,1.6613775324076414,5.384824171662331
991232,0.01569469179958105,0.287057772744447,3.39044401794672,0.43229248095303774,-0.006345666450215504,0.27070607361383736,3.5617703944444656,1.9274757653474808,1.838347276672721,3.9068436101078987
992256,0.020814367657294497,0.2170474585145712,3.325242780148983,0.39885952789336443,0.04136866895714775,0.37557424791157246,3.6888037621974945,1.4254310615360737,1.453882321715355,5.070846728980541
993280,0.021585657697869465,0.3036117246374488,3.256602607667446,0.42774488870054483,0.056475384801160544,0.842587323859334,3.2866476848721504,1.0448037162423134,1.4687207285314798,6.69611506909132
994304,0.011702065807185136,0.20002088090404868,3.0467022210359573,0.3055387381464243,0.03182282269699499,0.3123272634111345,3.079805441200733,0.9543124735355377,1.2226776890456676,5.404947057366371
995328,0.01462728696060367,0.3247645585797727,3.0155720710754395,0.3007251238450408,0.08016407203103881,0.4546897718682885,3.516010731458664,1.1051746681332588,2.7480057645589113,8.011747628450394
996352,0.023464492318453267,0.27935319067910314,3.164475455880165,0.434133960865438,0.07824710727436468,0.3684430322609842,3.3231218680739403,1.1911158561706543,2.694135954603553,9.04205146431923
997376,0.009381486335769296,0.2622141591273248,3.15067021548748,0.3568121958523989,0.07918931893073022,0.28922047885134816,3.9293076172471046,1.6190092153847218,1.8156768158078194,3.8491186052560806
998400,0.012055584695190191,0.2556230169720948,3.141813151538372,0.3538113636896014,0.06824709248030558,0.32837782241404057,3.1117983013391495,0.9104403425008059,2.7808076180517673,6.879471629858017
999424,0.02313038392458111,0.24826978845521808,3.3407881557941437,0.4844200750812888,0.08274375958717428,0.43344874028116465,3.4461575597524643,1.0487515926361084,2.1674405932426453,8.480890810489655
