step,agv_actor_loss,agv_value_loss,agv_entropy,agv_approx_kl,pick_actor_loss,pick_value_loss,pick_entropy,pick_approx_kl,agv_grad_norm,pick_grad_norm
1024,0.1533911193255335,0.0766432851087302,4.507985979318619,1.566555231809616,0.18849939364008605,0.047634727496188134,4.4546335861086845,1.8783386945724487,0.6750192590989172,1.2113645058125257
2048,0.09336583863478154,0.07384761120192707,3.443314053118229,0.91354507394135,0.12847245132434182,0.03554962092312053,3.333360180258751,1.0324459355324507,0.5103408810682595,0.525701392441988
3072,0.04398457950446755,0.008288319353596307,2.5935008078813553,0.4566002460196614,0.08208808192284778,0.0027229611623624805,2.341266706585884,0.5205655889585614,0.790507772937417,0.39019159227609634
4096,0.023487628233851865,0.03618683066451922,2.2154020071029663,0.299053349532187,0.036016236641444266,0.013197406922699884,1.7850841358304024,0.3922063345089555,0.40049109794199467,0.535186028573662
5120,0.016572092979913577,0.07514655438717455,2.025603823363781,0.28598670521751046,0.012664519861573353,0.02197155842441134,1.484708208590746,0.29140393529087305,0.5210855971090496,0.4701764537021518
6144,-0.00687740056309849,0.024377743451623246,1.8209754899144173,0.2540653683245182,0.006274640938499942,0.012818376417271793,1.4386898428201675,0.2496896805241704,0.413840654771775,0.3986961576156318
7168,0.003559792472515255,0.01595761523640249,1.6551563180983067,0.1767660970799625,-0.0063221019227057695,0.010333801881643012,1.1428159959614277,0.1449710293672979,0.40604325756430626,0.45638173958286643
8192,0.0018658018379937857,0.019242016511270776,1.6054959148168564,0.1932120220735669,-0.0024366866564378142,0.007575175317469984,1.242770243436098,0.1743477936834097,0.38346853107213974,0.4569185087457299
9216,-0.010819036135217175,0.027449847315438092,1.6624854020774364,0.19814498722553253,-0.017606401874218136,0.015110397333046421,1.2726303972303867,0.18216067273169756,0.3328906479291618,0.470752221532166
10240,0.0016697931569069624,0.06016299640759826,1.514888919889927,0.1701059713959694,0.005579388991463929,0.015783893410116434,0.8710964154452085,0.08886827924288809,0.3794744201004505,0.40481020836159587
11264,-0.0033463671861682087,0.01366793503984809,1.8066688887774944,0.1522117261774838,-0.02077170356642455,0.0029816474143444793,1.1187854707241058,0.1228922235313803,0.4880739599466324,0.38655089354142547
12288,-0.003623458032961935,0.06926107814069837,1.5977502726018429,0.17629912355914712,-0.005757673759944737,0.008712896757060662,0.952346570789814,0.10684445220977068,0.5950682936236262,0.33232442708685994
13312,-0.0069862450181972235,0.04137967003043741,1.5876190587878227,0.15887497551739216,-0.024498176062479615,0.006327964867523406,1.1254589669406414,0.1513904130551964,0.49493052484467626,0.2621198263950646
14336,0.0007624462887179106,0.03208989440463483,1.2978280074894428,0.13302795542404056,-0.0012318772787693888,0.005487068116053706,1.3492026254534721,0.18731961026787758,0.2993887150660157,0.3860941273160279
15360,-0.0031715969380456954,0.032072188099846244,1.528287161141634,0.1704514785669744,-0.008004455361515284,0.006179589887324255,1.4240675419569016,0.19733577594161034,0.3081919210962951,0.30804498470388353
16384,-0.0013441186456475407,0.05716303421650082,1.577973384410143,0.18390104873105884,-0.021656084310961887,0.014642816036939621,1.3305153660476208,0.19086589943617582,0.37520201317965984,0.2940809829160571
17408,-0.005283692560624331,0.05828327080234885,1.5811252929270267,0.1811673939228058,-0.0025156436895485967,0.013813211407978088,1.0155720561742783,0.11692223465070128,0.36720638861879706,0.28655300568789244
18432,-0.00673982419539243,0.04693032358773053,1.521866638213396,0.18562428001314402,-0.01588732039090246,0.009058097071829252,1.2201566807925701,0.15732031664811075,0.30799033865332603,0.24787157634273171
19456,-6.947113433852792e-05,0.052447047433815897,1.5128735825419426,0.1658473126590252,-0.004345007328083739,0.01097044933703728,1.1447727661579847,0.14200692879967391,0.41667765006422997,0.32355987653136253
20480,-0.0010914226295426488,0.056608128536026925,1.650519147515297,0.17730557080358267,-0.016946715681115165,0.017312737021711655,1.0865923874080181,0.1316532411146909,0.40852085780352354,0.32106680888682604
21504,-0.004886727663688362,0.059555010055191815,1.4387599267065525,0.15063211740925908,-0.0022336512920446694,0.012160562429926358,0.838443323969841,0.09730901580769569,0.44226088700816035,0.33006361685693264
22528,-0.006655579636571929,0.04419071500888094,1.4437314346432686,0.14106563315726817,-0.008323057685629465,0.012586105251102708,0.9947550166398287,0.11870517290662974,0.37905656918883324,0.34729516319930553
23552,-0.002138293333700858,0.06850069807842374,1.4394020289182663,0.15922574745491147,-0.0054802641534479335,0.011785654001869261,1.4897929802536964,0.21156519697979093,0.3988849241286516,0.34607304935343564
24576,-0.00994198361877352,0.061782171309459955,1.5669443607330322,0.16931955981999636,0.0033253903675358742,0.014251615401008166,1.4366931580007076,0.18675972055643797,0.30265672830864787,0.4278434566222131
25600,-0.0016053202416514978,0.07116609544027597,1.604101274162531,0.18061878811568022,-0.009340345888631418,0.01734299911186099,1.4197860397398472,0.1860377541743219,0.41641739197075367,0.36891847010701895
26624,-0.016682712826877832,0.04671823716489598,1.395332708954811,0.14772196719422936,-0.016206503540161066,0.009464934817515314,1.0156118497252464,0.12828340497799218,0.3958090962842107,0.28334862319752574
27648,-0.006520067967358045,0.06396929686889052,1.2881977260112762,0.13287329394370317,-0.009385049634147435,0.01617768290452659,1.0111575815826654,0.12830026331357658,0.3876889469102025,0.28372776019386947
28672,-0.007988574681803584,0.06941803952213377,1.5423044487833977,0.18280518287792802,-0.011338879179675132,0.01006222385331057,1.3016244657337666,0.17670320626348257,0.3217378780245781,0.29692332074046135
29696,-0.006798515605623834,0.0847229982027784,1.3297935612499714,0.14061992103233933,-0.00948834780137986,0.019436689821304753,1.1774742305278778,0.1497887782752514,0.3693826459348202,0.32431168481707573
30720,-0.017501921072835103,0.039315927831921726,1.3344092778861523,0.14249718678183854,-0.01945383966085501,0.008354392077308148,1.3038072064518929,0.18364062905311584,0.30589881213381886,0.296148388646543
31744,-0.015050078553031199,0.05008642561733723,1.3951936699450016,0.16047697188332677,-0.00614162402052898,0.014394417812582105,1.4308080561459064,0.20573978312313557,0.3771184175275266,0.39811551151797175
32768,-0.0022625639248872176,0.06686333718243986,1.5308520942926407,0.17698913719505072,-0.015265828085830435,0.014561146032065153,1.374433472752571,0.19701958633959293,0.5182648152112961,0.2773655110504478
33792,-0.0042461330885998905,0.06709039851557463,1.444266777485609,0.16784515837207437,-0.0013249288604129106,0.022084117983467877,0.6688152877613902,0.07734034187160432,0.28842929983511567,0.36792169231921434
34816,-0.006378737802151591,0.04124305315781385,1.4277035593986511,0.16141469054855406,-0.007644430443178862,0.01002257970685605,1.330955971032381,0.18029502010904253,0.31986402720212936,0.3283288236707449
35840,-0.006588777891010977,0.04918288148473948,1.6393498294055462,0.19570793118327856,-0.014437277292017825,0.011362062825355679,1.117886207997799,0.1445409283041954,0.4796841973438859,0.4109781417064369
36864,-0.01009914485621266,0.06606544239912182,1.6969351097941399,0.20224215276539326,-0.010533106455113739,0.017237466963706538,1.2316623721271753,0.15634458884596825,0.3772638184018433,0.33151837228797376
37888,-0.010279625610564835,0.03496472456026822,1.641455039381981,0.18594939820468426,-0.02189459971850738,0.011229730254854076,1.1070280447602272,0.1383968428708613,0.36326550878584385,0.3689538424368948
38912,-0.005779884988442063,0.07231899397447705,1.3543552123010159,0.15682380879297853,-0.02883130087866448,0.01842661324189976,1.222255988046527,0.1800741155166179,0.35292367450892925,0.3667482049204409
39936,-0.007529975904617459,0.06838823633734137,1.4925374239683151,0.17635550815612078,-0.00922436045948416,0.015026992361526936,1.0664064604789019,0.1535249489825219,0.36938404897227883,0.3213201533071697
40960,-0.008437957090791315,0.04061519727110863,1.549082800745964,0.19169920543208718,-0.023958974648849107,0.010322080837795511,1.3063620459288359,0.20444795093499124,0.3491799128241837,0.3865090203471482
41984,-0.009344276288175024,0.07511829282157123,1.4921469576656818,0.17497513722628355,-0.0166984595998656,0.016381398963858373,1.1983706466853619,0.1901123058050871,0.4117408995516598,0.3114916724152863
43008,-0.00862552336184308,0.06500493036583066,1.396699532866478,0.1705046184360981,-0.023342811939073727,0.014661452398286201,1.1063594669103622,0.17893587215803564,0.37750793946906924,0.25021938933059573
44032,-0.010174438575631939,0.05017778615001589,1.3944114558398724,0.1570342918857932,-0.022664032963803038,0.02311819011811167,0.9761485923081636,0.16018807608634233,0.3656320897862315,0.46828533336520195
45056,-0.0052188290865160525,0.08015847112983465,1.3610243685543537,0.14794773049652576,-0.017738943090080284,0.022646427038125694,1.327847147360444,0.2863410853315145,0.3555086478590965,0.4471839666366577
46080,-0.013238826344604604,0.054887987207621336,1.232194785028696,0.14906881377100945,-0.022885771235451102,0.01451286516385153,1.1098216213285923,0.18220044113695621,0.2717696111649275,0.32147111650556326
47104,-0.006541464332258329,0.12468938762322068,1.3902772665023804,0.16732570016756654,-0.014329398327390663,0.017522851965622976,1.0549241602420807,0.1752505654003471,0.4543918566778302,0.3824200094677508
48128,-0.022752786666387692,0.044270012353081256,1.315726226195693,0.16715384018607438,-0.01641712966375053,0.008245281045674346,0.7367942947894335,0.09743627812713385,0.3058242187835276,0.3026151868980378
49152,-0.00937285651161801,0.023875029699411243,1.000739324837923,0.11885415320284665,-0.026920686941593885,0.010236555695882998,1.5206718500703573,0.26133637595921755,0.31419201847165823,0.4213882372714579
50176,-0.007555381132988259,0.04562068416271359,1.5127044208347797,0.19919323921203613,-0.02930278208805248,0.011540894993231632,1.287659052759409,0.23527117213234305,0.324027915019542,0.3777913097292185
51200,-0.011209763557417318,0.018839707801816985,1.395563194528222,0.17450037878006697,-0.006324886839138344,0.0035703647226910107,1.0380595475435257,0.19717340619536117,0.2872693019453436,0.21724775154143572
52224,0.0005847785796504468,0.060613413457758725,0.8531855810433626,0.10500445554498583,-0.027647824899759144,0.012837655056500807,1.1972975842654705,0.23499376769177616,0.37322527496144176,0.378979247296229
53248,-0.0030676627211505547,0.04286497924476862,1.191740769892931,0.15119595266878605,-0.026521545310970396,0.018049004982458428,1.12383384257555,0.1929660108871758,0.3460594015195966,0.3432927876710892
54272,-0.015986064390745014,0.03136668461957015,1.3947701212018728,0.20665368158370256,-0.02975265056011267,0.006837685454229359,1.3934868453070521,0.3119988536927849,0.25210772757418454,0.4706412749364972
55296,-0.005887543753487989,0.057682536891661584,1.167891964316368,0.15570726315490901,0.0017829134012572467,0.014507070271065459,0.17715800064615905,0.022947396093513817,0.44755418598651886,0.33668172382749617
56320,-0.015282982043572702,0.030489621683955193,1.4010066166520119,0.2109794591087848,-0.057111307221930474,0.01398174260975793,2.122317161411047,0.8116335016675293,0.27684117993339896,0.28731503733433783
57344,-0.014597898494685069,0.039529139699880034,1.1824325732886791,0.16276311106048524,-0.018086400523316115,0.018594025197671726,0.7339756153523922,0.19426343665691093,0.22696254844777286,0.39521863404661417
58368,-0.00045670176041312516,0.03829514505923726,1.0860264915972948,0.16368142515420914,-0.02019463389297016,0.01577640495088417,0.7603996098041534,0.17787230666726828,0.3521000877954066,0.3933800347149372
59392,-0.008833005529595539,0.049854292650707066,1.4174719639122486,0.21595179429277778,-0.018242579215439036,0.0292237505200319,1.6395702473819256,0.5119690974242985,0.2822625287808478,0.5360997538082302
60416,-0.01023225458629895,0.059689283720217645,1.2968380898237228,0.1776239713653922,-0.04986198685946874,0.03181571321329102,1.8042225427925587,0.7422315250150859,0.30117140570655465,0.42027964210137725
61440,-0.04175913038488943,0.037265859777107835,1.118605237454176,0.17292464803904295,-0.0028078374452888966,0.012812994900741614,0.21904398244805634,0.029784094949718565,0.24056211835704744,0.26500470913015306
62464,-0.010163195140194148,0.029753163398709148,1.0502522941678762,0.19919892225880176,-0.014845483849057928,0.007316010509384796,0.9682772234082222,0.22477510303724557,0.2005712368991226,0.3181469012051821
63488,-0.007353776309173554,0.10718231997452676,1.4936055429279804,0.2553711631335318,-0.006597983563551679,0.0334373761434108,1.1045641917735338,0.2194014152046293,0.49536315631121397,0.4158398136496544
64512,-0.008898288011550903,0.0802020140690729,1.3024136126041412,0.19396274629980326,-0.03693983150878921,0.020263490005163476,1.1359375845640898,0.24088415270671248,0.4633848532103002,0.42306789802387357
65536,-0.005549078749027103,0.054575941525399685,1.1380023583769798,0.15483524836599827,-0.02489221701398492,0.015236873397952877,0.9158106772229075,0.1568680337513797,0.35760650085285306,0.5404475168325007
66560,-0.006430902809370309,0.07893830153625458,1.1518530137836933,0.15363049134612083,-0.01167144077771809,0.01791352470172569,1.0634076995775104,0.22006083629094064,0.36956772906705737,0.4708980084396899
67584,-0.011909743800060824,0.0878233773401007,1.1420634295791388,0.1504994013812393,-0.018355758977122605,0.019314188044518232,0.9343935549259186,0.17643296835012734,0.3448056043125689,0.34022450633347034
68608,-0.01664783651358448,0.10611202917061746,1.1539621986448765,0.16516100685112178,-0.016729812617995776,0.02057500119553879,1.4407383278012276,0.35827843425795436,0.26993006840348244,0.45366235403344035
69632,-0.012937165301991627,0.05864716519135982,1.0654857829213142,0.146183478878811,-0.035392054822295904,0.020842315163463354,1.0035881772637367,0.21124123223125935,0.27371311630122364,0.5784785854630172
70656,-0.011652031884295866,0.03889955562772229,1.160489197820425,0.16243567038327456,-0.04334519463009201,0.01396552863297984,1.4958096034824848,0.3703721279744059,0.30870432313531637,0.43799712508916855
71680,-0.017715469279210083,0.08105253719259053,1.4240998141467571,0.23446400417014956,-0.01734548294916749,0.0254948640067596,1.5526684038341045,0.39878751896321774,0.29252302600070834,0.6316656405106187
72704,-0.025603052170481533,0.05691354913869873,1.2491297982633114,0.1831209589727223,-0.03456490323878825,0.01571179210441187,1.45866490714252,0.3598426377866417,0.31430073687806726,0.38322922540828586
73728,-0.009930391301168129,0.07741163915488869,1.396253053098917,0.23751424998044968,-0.022459679923485965,0.016834059919347055,1.7123917862772942,0.4463756624609232,0.37705489434301853,0.4036408397369087
74752,-0.009952491680451203,0.13821301376447082,1.3450708575546741,0.2030091448687017,-0.018179260776378214,0.02575525874271989,1.3152736611664295,0.33059511985629797,0.36968040792271495,0.45207717595621943
75776,-0.007566398271592334,0.05260602623457089,0.5701116751879454,0.06300154328346252,-0.05114823940675706,0.023011367447907105,0.8597273053601384,0.2674936708062887,0.2866195016540587,0.748536020051688
76800,-0.00950736967206467,0.02146210629143752,0.8270302955061197,0.10189472569618374,-0.01367712946375832,0.013856335048330948,0.3964371040929109,0.0750710823922418,0.3057116772979498,0.4426685026846826
77824,-0.016558864735998213,0.03981456713518128,0.9904958549886942,0.12729597138240933,-0.03302463289583102,0.01722373053780757,0.7861547693610191,0.1993231374071911,0.392839131411165,0.6815944546833634
78848,-0.007054742309264839,0.1086263635661453,1.6010189726948738,0.247716692276299,0.00619663079851307,0.05768715788144618,1.7868075482547283,0.6843147333711386,0.442278312984854,0.9282827116549015
79872,-0.004024263558676466,0.057131703360937536,1.0937885344028473,0.12996398471295834,-0.009464413917157799,0.02896321564912796,1.1544525027275085,0.2750796298496425,0.388505004812032,0.653347204439342
80896,-0.013775380095466971,0.03309054649434984,0.8207323737442493,0.10141770378686488,-0.011411247949581593,0.009638284143875353,0.5466788369230926,0.11714214360108599,0.34262926783412695,0.43125885678455234
81920,-0.006291529483860359,0.04992982535623014,0.8749998025596142,0.11764162289910018,-0.009127192635787651,0.024270596710266545,1.4449345767498016,0.4883024455048144,0.321106200106442,0.4692838047631085
82944,-0.009320147393736988,0.06663777504581958,1.4817925579845905,0.2185407872311771,-0.024040238291490823,0.035078757209703326,1.0592486020177603,0.229824353242293,0.47125210892409086,0.5215141139924526
83968,-0.00593250323436223,0.025353860430186614,1.044555066153407,0.14749078010208905,-0.025050700118299574,0.009400421593454666,0.742175754159689,0.1487528858706355,0.3768039206042886,0.5041888849809766
84992,-0.004511487277341075,0.03780912858201191,1.3560215830802917,0.17911234451457858,-0.020141939749009907,0.027726750820875168,1.4424574840813875,0.296296841930598,0.3872275846078992,0.6079461444169283
86016,-0.008224866425734945,0.035653522645588964,1.453431125730276,0.19343606079928577,-0.020695346262073144,0.009607574727851897,1.161432072520256,0.23665737733244896,0.4049517260864377,0.40717612905427814
87040,-0.007081424118950963,0.06236937444191426,1.3570764735341072,0.19150047609582543,-0.011254246288444847,0.020758674218086526,1.2841723524034023,0.3630481774453074,0.34513740334659815,0.522681568749249
88064,-0.0063827445555944,0.012864171199908014,1.5711233094334602,0.2260404946282506,0.0014349190169014037,0.012535658315755427,0.18988591386005282,0.021855982253327966,0.291473938152194,0.5270787575282156
89088,-0.009984435426304117,0.04146597522776574,1.5656881742179394,0.21631583105772734,-0.029675860714633018,0.017162042757263407,1.3485001400113106,0.3513120252173394,0.32460369588807225,0.4583577997982502
90112,-0.010847778889001347,0.04308497725287452,1.292647011578083,0.16910232324153185,-0.02238026248232927,0.0072780820410116576,1.2169767394661903,0.22802042355760932,0.3388361521065235,0.3853003145195544
91136,-0.012176190430182032,0.054206260363571346,1.134258596226573,0.14503186009824276,-0.02157451625680551,0.016305061129969545,1.7030262798070908,0.4323093928396702,0.3222949216142297,0.43702590209431946
92160,-0.010268296377034858,0.06770741706714034,1.1685954481363297,0.15531837055459619,-0.0057558396947570145,0.022684829018544406,1.4153074454516172,0.3467254941351712,0.31892671762034297,0.42329200357198715
93184,-0.013614961950224824,0.026560592610621825,1.370936181396246,0.21376356319524348,-0.03768540974124335,0.0173978085804265,2.102177944034338,0.5974574247375131,0.34510739892721176,0.34768591402098536
94208,-0.006403611310815904,0.08918859041295946,1.1311993058770895,0.1523609480354935,-0.02733264639391564,0.02848265360808,1.028866870328784,0.23531072330661118,0.33185505075380206,0.410650382284075
95232,-0.01093071248033084,0.05117694102227688,1.3975547887384892,0.19523698883131146,-0.02567254815949127,0.011948440165724605,1.7573390454053879,0.40965454280376434,0.37138430681079626,0.44610077096149325
96256,-0.016767884473665617,0.06302060489542782,1.197953512892127,0.17254582792520523,-0.04093695763731375,0.022982130583841354,2.240293577313423,0.8966292156837881,0.3372576511465013,0.447770640719682
97280,-0.007195010024588555,0.08971215959172696,1.1926469318568707,0.15947894984856248,-0.015036734228488058,0.01533523850957863,0.8693456477485597,0.18583239323925227,0.47990467119961977,0.4472952582873404
98304,-0.010316140571376309,0.04309043905232102,1.2279458306729794,0.1560573410242796,-0.008869531418895349,0.034573765587992966,0.889285346493125,0.2561525402124971,0.3930977722629905,0.7255456885322928
99328,-0.018413886980852112,0.024968924088170752,1.3061127606779337,0.20682868524454534,0.027469202017528005,0.008556481305276975,1.3653699210844934,0.4144081022241153,0.36948826955631375,3.2034874577075243
100352,-0.03918682478251867,0.018997971652424894,1.3082438725978136,0.25064766802825034,-0.03397290129214525,0.0122952147066826,1.0573922004550695,0.26279572572093457,0.4680537632666528,0.4892822173424065
101376,-0.016023668635170907,0.036959973571356386,1.0016688574105501,0.146664745407179,-0.012988423404749483,0.004038201637740713,0.9440874084830284,0.23497208347544074,0.3776627881452441,0.35575622227042913
102400,-0.005566543608438224,0.04054413526318967,1.5780825726687908,0.2500564632937312,-0.03085356592782773,0.030932442750781775,1.5531130395829678,0.4488898729905486,0.3852461823262274,0.6070389500819147
103424,-0.004159122268902138,0.06067195441573858,1.5368758514523506,0.2432834063656628,-0.02180007431888953,0.020482067950069904,1.5679003857076168,0.4786316193640232,0.4477304467000067,0.41081884037703276
104448,-0.011306090586003847,0.07638454833067954,1.4703870043158531,0.23724724212661386,-0.021508589736185968,0.0324706444516778,1.3020837549120188,0.30683338874951005,0.42419650545343757,0.5346355107612908
105472,-0.06945179810281843,0.0036178896662022453,1.1576271243393421,0.21181410714052618,-0.006793469365220517,0.004474220841075294,1.0595329897478223,0.2282665834063664,0.3296805645804852,0.5063739558681846
106496,-0.005376738452468999,0.013128522186889313,0.6998438462615013,0.09866623929701746,-0.08480897219851613,0.007023896738246549,1.99334329739213,0.8310299031436443,0.22855049977079034,0.18916252959752455
107520,-0.01255970008787699,0.019205554999643937,1.3502954691648483,0.20842920616269112,-0.01529099258914357,0.005982323324133176,0.8350869849091396,0.37576922070002183,0.32193090161308646,0.3346193819306791
108544,-0.010969871131237596,0.03576249169418588,1.3453472219407558,0.2114857705309987,-0.004041664942633361,0.03180546764633618,1.9411991704255342,0.8462385004386306,0.34307864028960466,1.105315419845283
109568,-0.02497942945046816,0.041437262087129056,1.9360939711332321,0.45101616019383073,-0.007874713890487328,0.010563767922576517,2.161389872431755,0.6406699912622571,0.2396286898292601,0.6639070007950068
110592,-0.010011982070864178,0.031152867595665157,1.8275643587112427,0.33042059233412147,-0.0670274686999619,0.0206998022767948,1.678839622065425,0.8828313653357327,0.3798262057825923,0.6832320024259388
111616,-0.01920341375807766,0.09800247941166162,2.0132069252431393,0.4691966697573662,-0.0029688852082472295,0.05436237476533279,1.671002259477973,0.690364639274776,0.3870188819710165,1.0978016732260585
112640,-0.032812982477480546,0.04120224009966478,1.6511026434600353,0.43753871880471706,0.02572165767196566,0.013396124180871993,1.0254803060088307,0.4094780080486089,0.38649692572653294,0.9639571215957403
113664,0.0004143521946389228,0.06378200394101441,2.091237023472786,0.5372467180714011,0.0044307335338089615,0.024689673649845645,1.6984048765152693,0.6505331927910447,0.636051319539547,0.8985024755820632
114688,-0.0343657774355961,0.06113898369949311,1.554260179400444,0.36588969454169273,-0.07047209184383973,0.036119154014158994,1.2017558757215738,0.430614304728806,0.43261050432920456,0.8117440375499427
115712,-0.017731614439981058,0.014370841541676782,0.8914911495521665,0.1593346195295453,0.0014639385044574738,0.014185467647621408,0.011066520208260044,0.0013848720118403435,0.36172237852588296,0.7242252514697611
116736,-0.013712337997276336,0.041334436216857284,2.5416169241070747,0.6645447202026844,-0.0001981196692213416,0.010346119321184233,0.02068294311175123,0.001399463799316436,0.4790399973280728,0.3361134674632922
117760,0.008327206043759361,0.13963263761252165,2.025922942906618,0.5736491484567523,-0.02514784477534704,0.016141827421961352,0.9373717955313623,0.3364894263795577,0.6300598494708538,0.7005990874022245
118784,-0.014662895846413448,0.0759751487057656,1.0100535620003939,0.21919457335025072,-0.014876257919240743,0.030268789298133925,1.2575461193919182,0.49502769159153104,0.5521704712882638,0.6617475338280201
119808,0.011920743068912998,0.14463674556463957,2.1317931227385998,0.6110872393473983,-0.002975712821353227,0.047234660713002086,1.34268762730062,0.4696876844391227,0.7688765870407224,1.0743510760366917
120832,-0.03066164584015496,0.054786858381703496,2.322444759309292,0.6252118004485965,-0.026417578395921737,0.013903703744290397,1.7718479111790657,0.5268783178180456,0.3275981917977333,0.6385862473398447
121856,-0.009847686305874959,0.05186539457645267,1.5436312519013882,0.3062167293392122,-0.005975676234811544,0.018208440131274983,0.8370545040816069,0.1527420119382441,0.5034228763543069,0.5604083891957998
122880,0.017159574912511744,0.045782290981151164,2.638419136404991,0.7163636777549982,-0.03700132979429327,0.013421189389191568,1.7469130847603083,0.4111658316105604,0.6964418366551399,0.6874534194357693
123904,-0.005157459119800478,0.1128061581403017,1.7413737252354622,0.35292536579072475,0.00566172759863548,0.02934715204173699,0.40419621765613556,0.08077503327513114,0.5586408143863082,1.0838094865903258
124928,-0.00736151279124897,0.09709759126417339,0.8241454157978296,0.11669198190793395,-0.015678376599680632,0.024552364193368703,0.7548477975651622,0.1279499497031793,0.44133520359173417,0.9541513109579682
125952,-0.01716614192991983,0.06529100832995027,1.7533133067190647,0.5077518094331026,-0.013381156197283417,0.013876191500457935,1.2382716620340943,0.29212426801677793,0.46543100010603666,0.5743884639814496
126976,-0.015073112481331918,0.10319954121951014,1.3325022123754025,0.2537407036870718,-0.009906717634294182,0.022933911706786603,1.344646792858839,0.3722690977156162,0.5226449500769377,0.6098351655527949
128000,-0.010786930113681592,0.09897378110326827,0.7187854796648026,0.12869442370720208,-0.01052965281996876,0.012619935921975411,0.8856147658079863,0.199248808901757,0.4126775381155312,0.5567024196498096
129024,0.0002496749220881611,0.0730276795802638,0.7150696404278278,0.08686924877110869,0.0031797458650544286,0.023420218509272672,0.06636508029987453,0.017391898843925446,0.5324556617997587,0.4292584718205035
130048,-0.007811203700839542,0.021120901772519574,0.713900932110846,0.09635800454998389,1.8577818991616368e-05,0.005382817151257768,0.004817644017748535,0.00030610826797783375,0.3559586061164737,0.4465380886103958
131072,-0.013104413636028767,0.045390700513962656,0.8345832880586386,0.11568654666189104,-7.528578862547874e-07,0.008920244792534504,0.0010706577741075307,5.1176873967051506e-05,0.4311490715481341,0.3343285726150498
132096,-0.006510150487883948,0.024253621697425842,1.3070398420095444,0.22205596324056387,4.2178144212812185e-06,0.006459069547418039,0.0010250585182802752,4.592782352119684e-05,0.6204871837981045,0.27340618520975113
133120,-0.009108886297326535,0.03410482342587784,1.1611030381172895,0.17168918321840465,1.1886004358530045e-06,0.010867483433685265,0.0017171703366329893,9.246869012713432e-05,0.3378656362183392,0.3955328541342169
134144,-0.012190707187983207,0.06030291609931737,1.666480652987957,0.2752545056864619,-6.080372259020805e-06,0.011960445379372686,0.0010609384808049072,5.1475479267537594e-05,0.34910769667476416,0.5050277202390134
135168,-0.04832990685827099,0.0026045133381558117,2.0222162157297134,0.4252641974017024,-2.7103436877951026e-05,0.0007223422226161347,0.002769345257547684,0.00015724997501820326,0.3696090958546847,0.25265417847549543
136192,-0.026365877536591142,0.0024221119238063693,1.365686550270766,0.39987018913961947,5.600260919891298e-06,0.0014181136257320759,0.001006407570457668,4.653900396078825e-05,0.6474931333214045,0.1076270571211353
137216,-0.006627134542213753,0.012302998278755695,0.6452391347847879,0.10665770730702206,6.879126885905862e-06,0.00615410927002813,0.0006093924766901182,2.522661816328764e-05,0.40618262253701687,0.17921261256560683
138240,-0.013450387661578134,0.06961560621857643,0.961218697950244,0.22564911749213934,-3.6187557270750403e-05,0.011737046821508557,0.00206842680927366,0.00011716049630194902,0.5547697329893708,0.4580430048517883
139264,-0.015540510772552807,0.051876254845410585,1.5489552579820156,0.30682385759428144,-8.328643161803484e-06,0.014555430781911127,0.001538557011372177,7.954391185194254e-05,0.48354809544980526,0.6917933686636388
140288,-0.02678398764692247,0.01230994343495695,2.7345869466662407,1.0098743047565222,-2.060347469523549e-06,0.015188387791567948,0.0015505382543778978,7.87890749052167e-05,0.3427135006058961,2.1171811297535896
141312,-0.02440016536274925,0.004830626225157175,1.2137555410154164,0.5626140716194641,1.0160409146919847e-05,0.005870516637514811,0.0018524634178902488,9.949400555342436e-05,0.4595524505712092,0.18220040264714044
142336,0.07589464052580297,0.11309472797438502,2.3539377339184284,0.7786464672535658,-4.6338129322975874e-05,0.01904962895787321,0.002717461349675432,0.00016331870574504137,1.0596887459978461,0.3691200043540448
143360,0.07006819958041888,0.07355383038520813,2.48201472312212,0.9649594631046057,3.4296244848519564e-06,0.014272124055423774,0.002321988133189734,0.0001287414925172925,0.9317899914458394,0.6023849849589169
144384,-0.09286394703667611,0.007617413604748435,2.578078106045723,0.7443928439170122,-4.860560875386e-05,0.005301322904415429,0.003114709194051102,0.0001839621691033244,0.33481780835427344,0.20573454297846183
145408,-0.006611882126890123,0.046218754549045116,1.576575856655836,0.29390275990590453,5.407899152487516e-06,0.017222663169377483,0.0040698138836887665,0.0002490056212991476,0.5566688170656562,0.8721203519962728
146432,-0.002825380041031167,0.040482376236468554,3.306647874414921,0.867487046867609,0.00013871368719264865,0.022397124295821413,0.007760533626424149,0.0005075264489278197,0.5678387000225484,0.5530474121915177
147456,-0.07733868929790333,0.003836391741060652,2.510341666638851,1.1103274151682854,-0.0005029217718401924,0.010034934341092594,0.009125865195528604,0.0006874261889606714,0.18166931509040296,0.33365371567197144
148480,-0.01729585896828212,0.0822500615613535,0.6719412449747324,0.10383522836491466,-0.014728273643413559,0.03490956604946405,0.450174139929004,0.22557547804899514,0.4217989263124764,0.5134950187057257
149504,0.017312129217316397,0.06468771887011826,2.1667382791638374,0.4409986026585102,-0.0016328974161297083,0.036066614964511245,2.236902676522732,0.9553553611040115,0.7379468027502298,0.9773612767457962
150528,0.010765284299850464,0.028475513274315745,1.9993653893470764,0.39539518114179373,-0.04150901982211508,0.024193946504965425,1.5866844914853573,0.4459588900208473,0.5334822773002088,0.7151103424839675
151552,0.016213350580073893,0.02638899424346164,2.297748774290085,0.41588633973151445,-0.016772043774835765,0.02075903733202722,0.790086904540658,0.20041125663556159,0.7429076312109828,0.6070739915594459
152576,-0.00970908289309591,0.033075160696171224,1.8780978582799435,0.3234889404848218,-0.032783306000055745,0.02328016227693297,1.2460449216887355,0.5197711439104751,0.4491285616531968,0.5705146472901106
153600,-0.006333958095638081,0.034935714793391526,1.0818715784698725,0.15980811649933457,-0.05488444530055858,0.01496000203769654,1.2816933719441295,0.658489580033347,0.4461731119081378,0.34468245483003557
154624,-0.021254375140415505,0.021892590739298612,0.6252800486981869,0.10221419541630894,-0.03338177318801172,0.01615677383961156,1.6763767637312412,0.5956309798639268,0.3893691198900342,0.5337136243470013
155648,0.0029467222339008003,0.09415803127922118,1.8008941821753979,0.3683715835213661,0.01647629344370216,0.05485503881936893,1.8297242857515812,0.6832644334062934,0.5251260343939066,0.8476020907983184
156672,0.012980036059161648,0.09462496312335134,1.3508433401584625,0.19993700087070465,-0.047710514038044494,0.028615384828299284,1.4531620144844055,0.5201696529984474,0.7596118245273829,0.398489092476666
157696,-0.02542232975247316,0.031026682117953897,1.459050826728344,0.21040281374007463,-0.04472077204263769,0.016311109764501452,1.6419281847774982,0.48585375025868416,0.3936023246496916,0.4306386122480035
158720,-0.009121122042415664,0.06556170620024204,1.3707286417484283,0.2008732263930142,-0.00630230619572103,0.013337517448235303,2.28817942366004,0.791248282417655,0.43782512517645955,0.7702750954777002
159744,-0.02567747764987871,0.027218118397286162,0.9861583951860666,0.14939167420379817,-0.014461781276622787,0.0060817284902441315,0.6043466413393617,0.21321515482850373,0.4512667586095631,0.5816422370262444
160768,0.001618905458599329,0.12609883886761963,1.8415470980107784,0.3232625378295779,-0.025601900095352903,0.033780030091293156,1.1231047995388508,0.2711124140769243,0.6146431630477309,0.6103890687227249
161792,-0.016404688387410715,0.06664825743064284,1.2958394214510918,0.1863087418023497,-0.039110773999709636,0.011633906091446988,0.6971598248928785,0.16631163377314806,0.4637469658628106,0.5604630676098168
162816,-0.011862743616802618,0.029423185565974563,0.8834893573075533,0.11309099872596562,-0.014447728346567601,0.013297440716996789,0.8652206249535084,0.25839741798699833,0.388996803201735,0.5791299003176391
163840,-0.01735950613510795,0.02879122001468204,0.9115857491269708,0.13212361896876246,-0.04513800585118588,0.01229594275355339,0.5346391825005412,0.1209074230864644,0.41735765617340803,1.033674762584269
164864,-0.024525578584871255,0.033266064419876784,1.867294754832983,0.4368787119165063,-0.027788249513832852,0.009445503645110875,1.441868900321424,0.5953111359849572,0.38487381767481565,0.6216958342120051
165888,0.006237825415155385,0.09244409063830972,1.6786115504801273,0.32268126076087356,-0.029556194960605353,0.03436361893545836,0.8516518827527761,0.1851025796495378,0.6506395731121302,0.6348505355417728
166912,-0.02175138797610998,0.04431250295601785,1.2215553279966116,0.18917800183407962,-0.0036606505454983562,0.017346190143143758,0.37492191791534424,0.1664541735954117,0.5548071470111609,0.3644871865399182
167936,-0.017528140218928456,0.020638786983909085,0.7487721163779497,0.12332418630830944,0.0006055792327970266,0.012947016031830572,0.02991000197653193,0.00520801154198125,0.37683107191696763,0.6689256491372362
168960,-0.02445736015215516,0.00932956062752055,1.6338011249899864,0.3079643785022199,-0.013962137425551191,0.006775363341148477,0.13687134183419403,0.08061749208718538,0.2888603904284537,0.5347014327999204
169984,-0.007300094410311431,0.022297458606772125,0.6077299797907472,0.10044245468452573,-0.03299298745696433,0.008133544470183551,1.2079975008964539,0.2995051615871489,0.29224929539486766,0.4202922086697072
171008,-0.012350118980975822,0.01614021854038583,0.4908735412172973,0.09190475207287818,-0.008763464080402628,0.005814490948978346,0.3324660526122898,0.10217037904658355,0.37499126559123397,0.42146177031099796
172032,-0.016965354821877554,0.015439221482665744,0.7846122104674578,0.12144165579229593,-0.07403391564730555,0.012376604281598702,1.2334217224270105,0.3266357062384486,0.31043977104127407,0.9064823370426893
173056,-0.0056443304201820865,0.04502447304548696,0.5827597584575415,0.10292522702366114,-0.0038088457949925214,0.015753393061459064,0.2847927547991276,0.08764082728885114,0.3287575696595013,0.513841369189322
174080,-0.014921903173672035,0.10101574508007616,1.5790290124714375,0.3615156258456409,-0.012539802410174161,0.031343760929303244,0.6637366325594485,0.1740192102151923,0.4318554773926735,1.0672374786809087
175104,0.010582999733742326,0.14920585392974317,0.6692486740648746,0.09638758550863713,-0.03840170634794049,0.01880548699409701,2.013400409370661,0.6921042525209486,0.48717810306698084,0.7644658419303596
176128,-0.021590362186543643,0.08651178434956819,0.9706731867045164,0.15582140488550067,-0.01155154182924889,0.014182899059960619,0.510774762602523,0.12409583292901516,0.5440991576761007,0.9146759039722383
177152,-0.02896304990281351,0.07237287098541856,0.9608145207166672,0.15761754079721868,0.0023062676191329956,0.012774886621627957,0.0921665484784171,0.014864934288198128,0.341717435978353,0.9165059179067612
178176,-0.020973499136744067,0.08723651780746877,1.6840929053723812,0.39200857654213905,-0.04902944418427069,0.029883657349273562,2.254485758021474,1.1370343039743602,0.35378319723531604,0.5228993557393551
179200,-0.005024795595090836,0.10513245593756437,1.0265674404799938,0.21620392613112926,-0.005872565758181736,0.02269329348928295,0.6007707780227065,0.18722377135418355,0.5721600637771189,0.43942730966955423
180224,-0.013255571480840445,0.058081956347450614,1.3003833591938019,0.2430151521693915,0.0007641489646630362,0.017656006646575406,0.5361923077143729,0.12684290780453011,0.2842712465208024,1.052355695515871
181248,-0.025010860728798434,0.016131274460349232,1.3182897381484509,0.28033225797116756,0.001638381800148636,0.018785252643283457,0.03764532782952301,0.006540653528645635,0.38483760645613074,0.5243085075635463
182272,0.000129968102555722,0.01073797117715003,0.033656219486147165,0.002203678304795176,-0.0002534701197873801,0.0006992420217102335,0.029177675227401778,0.0022624333505518734,0.0823163001332432,0.117076366674155
183296,-0.0005260546458885074,0.00172917792951921,0.026434011640958488,0.001781141385436058,-0.020835851377341896,0.0008428189134974673,0.7552423325832933,0.19302475411677733,0.22000601975014433,1.3443975378759205
184320,-0.014069672441110015,0.005031612308812328,0.5060348073020577,0.10882103745825589,-0.064978314738255,0.00242337875533849,2.29046050645411,2.751126727380324,0.34952935110777617,0.4242243970511481
185344,-0.010264993441523984,0.03813070122851059,1.0661386772990227,0.16713684215210378,-0.004618995284545235,0.015259196748957038,0.18226766237057745,0.040282210713485256,0.3276268020272255,0.8184543275274336
186368,-0.005227643501712009,0.09821208543144166,0.9026808924973011,0.15877150604501367,0.009486715571256354,0.020048793812748045,1.5719711128622293,0.8585001938045025,0.3167712721042335,0.8046571901068091
187392,-0.015427126360009424,0.07257231185212731,0.8240272048860788,0.13364844396710396,0.048157368088141084,0.01575773986405693,1.38003808259964,0.8366397013887763,0.33367755776271224,0.9029864529147744
188416,-0.010191358451265842,0.03622226481093094,0.771494472399354,0.11412296863272786,-0.01813558384310454,0.01293962101044599,1.0493554770946503,0.2645499127684161,0.36582016898319125,0.6333514144644141
189440,-0.01851248851744458,0.10604124306701124,1.3589711710810661,0.21866491669788957,-0.013277182617457584,0.026848297799006104,1.4416469056159258,0.2877581906504929,0.36843463964760303,0.7458058474585414
190464,-0.03413357221870683,0.04888844658853486,1.1858916468918324,0.20730807492509484,-0.05419480583805125,0.01962307663052343,1.3656041137874126,0.4198257685638964,0.36684190202504396,0.8099388713017106
191488,-0.01346945104887709,0.07261301367543638,0.9716891497373581,0.14450511219911277,-0.029438555822707713,0.02048759680474177,1.3006634376943111,0.49684139527380466,0.33133619744330645,0.5140322274528444
192512,-0.003645152784883976,0.11831754865124822,1.3869685344398022,0.2162812752649188,-0.0004935979668516666,0.037401763489469886,1.1024951841682196,0.3289973232895136,0.4412022209726274,0.7752796830609441
193536,-0.002786916942568496,0.07611752848606557,1.1986117996275425,0.15594216948375106,-0.0019608208385761827,0.02743480820208788,0.5962269073352218,0.13773313036654145,0.4402416544035077,0.655681449919939
194560,-0.016857583352248184,0.03728795185452327,1.0270342025905848,0.1488439531531185,0.003876547474646941,0.008400194870773703,0.08349181694211438,0.02742125652730465,0.32232101913541555,0.4469958324916661
195584,-0.03354323111125268,0.043745861563365906,1.5637557171285152,0.28168134670704603,0.0001091757440008223,0.008816837544145528,0.04514930641744286,0.0033755862968973815,0.3514259143266827,0.3531749318353832
196608,-0.08334608768927865,0.004268203541869298,1.0441834181547165,0.22003222699277103,-0.029854873282602057,0.002555347122324747,0.6829936499707401,0.1757485579000786,0.3073434222023934,0.5476309661753476
197632,-0.03659878097823821,0.000990855787676992,0.5596642433665693,0.11894330466748215,-0.02227831543132197,0.002158358091037371,1.351272324565798,0.3880370432161726,0.3919668986927718,0.4433181283529848
198656,0.013436610606731847,0.07081691338680685,0.38672554050572217,0.16879578633233905,-0.025138282886473462,0.029681802523555234,1.1360580679029226,0.3441660867538303,0.28234432684257627,0.5028910185210407
199680,-0.01728390494827181,0.03585057379677892,0.9810392549261451,0.19989769509993494,-0.0036596964637283236,0.01613994757644832,1.3615624625235796,0.40364773059263825,0.25208057439886034,0.7136961426585913
200704,-0.0022028363309800625,0.045625310798641294,1.314253656193614,0.2671839687973261,-0.016495956981088966,0.018919391033705324,1.605511924251914,0.3859964180737734,0.3874431401491165,0.42043932247906923
201728,-0.004555163068289403,0.006925358437001705,1.25529888831079,0.2135218600742519,-0.06326623554923572,0.0034322744868404698,0.9808957148343325,0.34414290357381105,0.46003683283925056,0.2288478669943288
202752,-0.04879504625569098,0.015109329673578031,0.56413484364748,0.10115746827796102,0.0012027331395074725,0.012747103435685858,0.05898477803566493,0.00630136689869687,0.470114323310554,0.4219296707306057
203776,-0.01805209554731846,0.028262365725822747,1.0534052476286888,0.1868923765141517,2.8167327400296926e-05,0.00637121941690566,0.018763397994916886,0.0014401768567040563,0.33817678736522794,0.28844116081018
204800,-0.013459861889714375,0.014909055265889037,1.7376482598483562,0.3207437717355788,0.00037232175236567855,0.009584458737663226,0.020824241713853553,0.0014585679746232927,0.2851417812053114,0.5008338829502463
205824,-0.014244509948184714,0.039717745676171035,1.4771672561764717,0.3011708986014128,8.591523510403931e-05,0.015851686795940623,0.01552874204935506,0.001165852532722056,0.3431142554618418,0.8740509154740721
206848,-0.025826216413406655,0.017396062190528028,1.21473403647542,0.23335759062319994,-0.002627407171530649,0.006664312561042607,0.0590352468425408,0.0072501906543038785,0.3006893787533045,0.6374380802735686
207872,0.0051561399741331115,0.0647593013709411,2.049629680812359,0.524276246316731,-0.02757224376546219,0.016893162712221965,1.2691656909883022,0.3014095020480454,0.5950511489063501,0.8380958260968328
208896,-0.007860544021241367,0.08247187512461096,1.537862978875637,0.3048136061988771,-0.011929531494388357,0.01788244489580393,1.0636458117514849,0.23712163558229804,0.5583765571936965,0.7308708638884127
209920,-0.007586524327052757,0.09399035305250436,1.7685265839099884,0.36380244651809335,-0.03907549649011344,0.036789845617022365,1.4410066064447165,0.39421753911301494,0.4947250043042004,0.7815881078131497
210944,-0.026143529896216933,0.03146457206457853,1.0910201948136091,0.2137726447544992,-0.014128537397482432,0.009717255146824755,0.8389433678239584,0.2308170348405838,0.3909028279595077,0.5811555567197502
211968,-0.0028927088860655203,0.038817383523564786,1.071922553703189,0.1612947005778551,-0.004849925229791552,0.0065352086276107,0.6013250686228275,0.09476671373704448,0.5194158339872956,0.6633005472831428
212992,-0.005440921493573114,0.04529952455777675,2.5881939344108105,0.7205893341451883,-0.017395633331034333,0.015249098170897923,1.3696519266813993,0.2990752891637385,0.5905467104166746,0.6231267736293375
214016,-0.0017952216148842126,0.016167520923772827,0.08463788067456335,0.018609825769090094,-0.04730348725570366,0.006246321638172958,1.3030548393726349,0.24947218783199787,0.5093936527846381,0.8748220419511199
215040,-0.006859627756057307,0.014965136550017633,1.0631565134972334,0.18115350953303277,0.0007413291896227747,0.0029517464790842496,0.03975526912836358,0.0033801980898715556,0.34690272551961243,0.5519854164449498
216064,-0.005080149756395258,0.027780766977230087,0.7982363207265735,0.14874453344964422,0.00026027290732599795,0.0018005113324761624,0.025151883368380368,0.0020619602873921394,0.37024882761761546,0.0909169014194049
217088,0.01793163421098143,0.06480249401647598,2.8898790702223778,1.0859128907322884,-0.00951064663240686,0.01686830702237785,1.3092759033897892,0.5126877775182948,0.8150593372993171,1.0776418228633702
218112,-0.01315287037868984,0.0806871548993513,1.973178494721651,0.3806052999570966,-0.02129197644535452,0.031400177627801895,1.8469370380043983,0.7239175075665116,0.4965961966663599,0.6892539663240314
219136,-0.008371399599127471,0.09554780833423138,0.9936670660972595,0.1605901550501585,-0.0027041001012548804,0.02019740446121432,0.884209371637553,0.34145642234943807,0.42633803980425,0.8556381333619356
220160,-0.01319040656380821,0.08431491907685995,1.3689087852835655,0.25627865036949515,-0.008900167100364342,0.024668013909831643,0.6145235607400537,0.17489344056230038,0.2874955991283059,0.6630411949008703
221184,-0.008559878566302359,0.05435067287180573,1.497385811060667,0.27750348346307874,-0.018278824180015363,0.019192856358131394,1.3567070215940475,0.39343309309333563,0.36141905980184674,1.032259652391076
222208,-0.02513631369220093,0.02081092944717966,1.7592491395771503,0.4073557900264859,-0.016908507226617076,0.009436261716473382,0.981602493673563,0.18259629921521991,0.3509031608700752,1.0651351688429713
223232,-0.02394943733816035,0.03475168545264751,1.5150791313499212,0.398004905320704,-0.013498335203621536,0.009559808298945427,1.231933370232582,0.28372956765815616,0.3177766790613532,0.6975948633626103
224256,-0.011487045747344382,0.07492036290932447,1.5459023118019104,0.47082936111837626,0.022558681608643383,0.024076332425465807,1.2102738860994577,0.5726852957159281,0.4943533930927515,0.9809222500771284
225280,-0.0006494470435427502,0.0297355915827211,1.6271804720163345,0.32583021465688944,-0.004152702051214874,0.008809538237983361,0.3660955554805696,0.07516951713478193,0.35486492328345776,0.5130812809802592
226304,0.022741445573046803,0.09520174050703645,2.5279609337449074,0.8224203288555145,-0.015657181065762416,0.027211090084165335,1.2609446942806244,0.3524703960865736,0.87682319059968,0.7352321995422244
227328,-0.01990603268495761,0.06777737056836486,1.5545787401497364,0.30581945506855845,-0.018361106427619234,0.026825108157936484,1.01283064391464,0.3061445776838809,0.3191404268145561,0.5143887945450842
228352,-0.010499626310775056,0.0964138344861567,1.9671642482280731,0.42143942415714264,-0.005408768862253055,0.02453809231519699,0.330239487811923,0.08237375295720994,0.622593529522419,0.5579729080200195
229376,-0.033039796457160264,0.06259631202556193,1.8336134739220142,0.4407632229849696,0.006006416864693165,0.01882595766801387,1.8007667399942875,0.6194586362689734,0.7103641228750348,0.7293410981073976
230400,-0.005659392772940919,0.031044807576108724,0.5768404295668006,0.09691431594546884,-0.010865305201150477,0.012115710327634588,1.6219520084559917,0.4836236289702356,0.6473452020436525,0.7019905252382159
231424,-0.004757614224217832,0.06555223721079528,1.248353075236082,0.19677467178553343,-0.037633363710483536,0.023065660992870107,1.1843903698027134,0.28000611905008554,0.44538561441004276,0.7771895164623857
232448,-0.020070810191100463,0.050987077585887164,1.4805822856724262,0.31806481909006834,-0.022795598008087836,0.011873336537973955,1.156471911817789,0.278979301918298,0.30503409588709474,0.8250906178727746
233472,-0.006217828340595588,0.10261111008003354,1.8298756889998913,0.4359372165054083,-0.022844674705993384,0.022361881070537493,1.5586691573262215,0.44610558077692986,0.5379594853147864,0.7356751933693886
234496,0.004420744691742584,0.12050999864004552,1.9933209158480167,0.4733322961255908,0.019176559057086706,0.0455023652757518,1.5836690682917833,0.5116771832108498,0.7977002467960119,1.2552502350881696
235520,-0.017057271033991128,0.09709990082774311,2.3147705793380737,0.6150698149576783,-0.06232979940250516,0.01722514466382563,1.8836092464625835,0.7346624061465263,0.41188304405659437,0.53486636467278
236544,-0.01148411852773279,0.07012705516535789,2.0036370903253555,0.5210225889459252,-0.026469096716027707,0.027452891576103866,0.7761386446654797,0.2009303260128945,0.4619147898629308,0.5899821501225233
237568,-0.0027418790850788355,0.13028166280128062,1.8478972613811493,0.41681632585823536,0.014607454038923606,0.027596661064308137,0.23926316323922947,0.19885400729253888,0.5665475064888597,0.9943183823488653
238592,-0.011596294265473261,0.03461081857676618,1.1955303847789764,0.2726649804972112,-0.04426094936206937,0.0078191565189627,1.1567287310026586,0.6737792022177018,0.4315439988858998,0.5174843757413328
239616,-0.010667479044059291,0.019378908589715138,0.9427311904728413,0.20193336583906785,-0.018999843508936465,0.01148792052117642,0.689796238206327,0.15233568788971752,0.30052682594396174,1.0657636690884829
240640,-0.011218299943720922,0.03542893144185655,0.696235672570765,0.1323306818958372,0.02055948863562662,0.015498451801249757,0.19928278436418623,0.09462301048915833,0.4173749811016023,0.6566525921225548
241664,-0.017955402930965647,0.06549014465417713,1.3285331390798092,0.26984459813684225,-0.034426478669047356,0.016649793164106086,0.9488752614706755,0.3320660463650711,0.388597397133708,0.9466489003971219
242688,-0.010499759897356853,0.0889177517965436,1.716108564287424,0.38980957865715027,0.04245956931845285,0.02451191103318706,1.7158524859696627,0.5473193181678653,0.37975371861830354,1.3564146235585213
243712,-0.05792255581036443,0.011277928744675592,1.2114262357354164,0.3239741800352931,0.00896544411079958,0.005481641826918349,0.16985867329640314,0.0765568467322737,0.16967318882234395,0.8210819072555751
244736,-0.03613645691075362,0.00417559049128613,0.5373616954311728,0.1160800356301479,-0.00029363000066950917,0.002021997986958013,0.006004198570735753,0.00031954050064086914,0.4727643011137843,0.32218806096352637
245760,-0.017411861044820398,0.013485971765476279,1.6643731179647148,0.6869599987694528,8.481679833494127e-05,0.005684995325282216,0.008775382535532117,0.00038238114211708307,0.35768022714182734,0.9354889863170683
246784,-0.021133502188604325,0.03344145929440856,1.7924708016216755,0.44667357113212347,0.00015842440188862383,0.006204498960869387,0.01475163534632884,0.0007500166539102793,0.3230108665302396,0.44214097945950925
247808,-0.023929433067678474,0.06565144460182637,1.7621312700212002,0.4168910146690905,-6.782269338145852e-05,0.014313673935248516,0.011923955520614982,0.0005263353232294321,0.4188523730263114,1.292032340541482
248832,-0.017416012182366103,0.022160321197588928,3.4947812631726265,1.354415548965335,-2.5697197997942567e-05,0.006903156514454167,0.017080756719224155,0.0009077339200302958,0.36364516289904714,1.0071443007327616
249856,-0.017095762537792325,0.036969749780837446,2.5584771931171417,0.8633708469569683,-0.00018807750893756747,0.010193982976488769,0.025849143625237048,0.0017637742566876113,0.4698266168124974,0.688112830510363
250880,-0.01613702968461439,0.03545569925336167,1.1724984422326088,0.41278340108692646,5.2513525588437915e-05,0.009065729755093344,0.027642500237561762,0.0015556620783172548,0.31826976500451565,0.5118571161292493
251904,-0.014874241518555209,0.06331561715342104,3.0765861719846725,1.2408626303076744,-0.0058754994824994355,0.006952264811843634,0.6375537253916264,0.11837319424375892,0.4953734343871474,0.5828730640932918
252928,0.018249625485623255,0.04428249888587743,3.3115750700235367,1.1015323344618082,-0.024023855483392254,0.00775738297670614,1.825221421662718,0.6761075017275289,1.2140324898064137,0.697602866217494
253952,-0.032356339565012604,0.02152330128592439,1.2159615438431501,0.43764519039541483,-0.020627444551791996,0.014699646882945672,0.42233021138235927,0.11313375021563843,0.3709183633327484,0.40562267042696476
254976,0.02794880050350912,0.010919451422523707,2.8797372058033943,1.2690810998901725,-0.006528349287691526,0.003961584821809083,0.9516510404646397,0.16895586741156876,0.5464091184549034,0.542048710398376
256000,-0.01154334144666791,0.06671616237144917,1.1849001124501228,0.3906850446946919,-0.031198070908430964,0.016029095859266818,1.2225499637424946,0.36326384940184653,0.4480863558128476,0.6282342970371246
257024,0.016304598990245722,0.0921888763550669,2.751854471862316,1.2908161468803883,-0.026413366373162717,0.03519675479037687,1.1574325477704406,0.3210851962212473,0.7049877364188433,0.8916952833533287
258048,-0.014510142165818252,0.024193747289245948,1.115942234173417,0.3282924806699157,-0.005753154284320772,0.005207947062444873,0.18283399869687855,0.040131161687895656,0.4123928635381162,0.8354270146228373
259072,-0.007321565135498531,0.0660059959627688,1.972242757678032,0.5185341825708747,-0.00126108800759539,0.021589799696812406,1.3090784698724747,0.3057973915711045,0.5879810573533177,0.7223151419311762
260096,-0.03816308910609223,0.005035704074543901,3.269447833299637,3.6645464249304496,-0.026646338039427064,0.01434890163000091,0.23185754765290767,0.08947403146885335,0.3112151129753329,0.9819847070612013
261120,0.07901505498739425,0.12355225556530058,3.4061924815177917,1.6252470016479492,0.0009803375287447125,0.03582578431814909,1.230360934510827,0.31325946655124426,0.9657205371186137,0.9053171938285232
262144,0.0896104903658852,0.11944841034710407,3.4298974871635437,1.5220209397375584,-0.017135563626652583,0.02510922495275736,1.0789192207157612,0.23018460581079125,0.6249743662774563,0.8796038860455155
263168,-0.023236261564306915,0.04779081221204251,1.136185247451067,0.2822007145732641,-0.006219654169399291,0.01227723661577329,0.3267380993347615,0.05756194080458954,0.4326905691996217,1.170535709708929
264192,-0.017985338214202784,0.05602437525521964,1.40226411819458,0.48096635937690735,-0.011286684777587652,0.013233399091404863,0.8858899865299463,0.15228396630845964,0.5472883372567594,1.0590492840856314
265216,-0.024766245667706244,0.0304775666736532,0.47184968274086714,0.11940728407353163,-0.01187296565331053,0.00789064503624104,0.22655498469248414,0.036584420886356384,0.3726893146522343,0.22771145193837583
266240,-0.02804806170752272,0.07092988677322865,1.3505315147340298,0.32080277102068067,0.007224978151498362,0.018376269756117836,0.342654372099787,0.05150801327545196,0.5265656840056181,1.3388554877601564
267264,-0.02872564563585911,0.034690368571318686,0.6192831266671419,0.18807120132260025,0.02085478830849752,0.009494046367763076,0.17417051375377923,0.04330480960197747,0.4506373656913638,0.9451732570305467
268288,0.02496396523201838,0.06839675980154425,2.5490260012447834,1.1926142685115337,-0.0018024781602434814,0.01024368143407628,0.043089898012112826,0.00419846287695691,1.388455525971949,0.6927650170400739
269312,-1.3599899830296636e-05,0.0010237421056444873,0.007564975414425135,0.0004009153344668448,-0.011016886157449335,0.00870727533401805,0.16237285872921348,0.02844915073364973,0.12316496946732514,0.45627133548259735
270336,-0.028392768508638255,0.0607500079786405,0.7492203554138541,0.19748252187855542,-0.008968591777374968,0.02136894254363142,1.4265645258128643,0.3863277805503458,0.4116851594299078,1.0263891108334064
271360,-0.0026138060493394732,0.02091136938543059,0.5787479802966118,0.1843438889773097,-0.04868484381586313,0.006955189674044959,1.3302890863269567,0.2947953729890287,0.8442296208813787,1.0438959272578359
272384,0.011183409893419594,0.03333277639467269,1.3115074634552002,0.31548292469233274,-0.04516126718954183,0.015766085940413177,1.3863535691052675,0.4734895273577422,0.4854776645079255,0.5795185235328972
273408,-0.0031952165154507384,0.008584706985857338,0.5722909476608038,0.11909820709843189,-0.025861383939627558,0.005958931265922729,1.122154377400875,0.21701111108995974,0.2852326708380133,0.48846741765737534
274432,-0.010230136278551072,0.01417047438735608,0.8531407592818141,0.17217862070538104,0.01782225471106358,0.010768647727672942,1.507261287420988,0.4979145540855825,0.26807369058951735,0.9398965341970325
275456,0.021989429587847553,0.0969808817608282,1.778898425400257,0.501755004748702,-0.019012928154552355,0.025921842141542584,1.2270142659544945,0.2399229728616774,0.7610361212864518,0.8138148672878742
276480,-0.01404897851170972,0.02506578661268577,1.1682651620358229,0.22251537162810564,-0.025846008182270452,0.02038419066229835,0.9143689665943384,0.20694647124037147,0.5496810050681233,0.8262217971496284
277504,-0.010162032835069112,0.03102574750664644,0.9439786532893777,0.18053118378156796,0.00180388503940776,0.005919642368098721,0.04221707407850772,0.004089004884008318,0.3610970205627382,0.38510363758541644
278528,-0.0009062880126293749,0.0026041802957479376,0.19571899832226336,0.02218573648133315,-0.00037981802597641945,0.010497650102479383,0.007736612969893031,0.0006199803901836276,0.2754208145197481,0.8278114559361711
279552,-0.02614031423581764,0.0318336546770297,0.6608458440750837,0.15175063873175532,0.00041425428935326636,0.013724310585530475,0.010234873028821312,0.0008112562354654074,0.49197676172479987,0.8367200563661754
280576,-0.02182609612646047,0.023380466329399496,0.7596653923392296,0.13925194239709526,-0.0034640360390767455,0.009081576936296187,0.0842724907270167,0.012268292077351362,0.4334405930712819,0.6372738047502935
281600,-0.0045197745494078845,0.11107673868536949,1.8482550606131554,0.43906017672270536,0.0025655784702394158,0.042052532138768584,1.7180336713790894,0.4388991086743772,0.6961730848997831,0.9957483755424619
282624,-0.02549369637563359,0.06338316958863288,1.5277306586503983,0.3502324912697077,-0.027646897273370996,0.017776169086573645,1.129311928525567,0.2894486654549837,0.4891873672604561,0.5823394111357629
283648,-0.0014112329808995128,0.15615557949058712,2.010126732289791,0.4111549397930503,-0.01222144250641577,0.029200462391600013,0.9587110877037048,0.21129339467734098,0.7472792686894536,0.912891611456871
284672,0.005056912705185823,0.09498882165644318,2.7715983986854553,0.7273848503828049,-0.009389224636834115,0.01715243817307055,1.3116531521081924,0.2896020240150392,0.8410825999453664,0.8287618895992637
285696,-0.01193541643442586,0.13983318232931197,2.6024356707930565,0.5565461227670312,-0.005419401350081898,0.03035439708037302,1.4912727270275354,0.43183762300759554,0.8423447152599692,0.8248250503093004
286720,-0.03462319532991387,0.01786827083560638,1.0959460511803627,0.21709814807400107,0.0025516425375826657,0.0029365198188315844,0.2394064407562837,0.08453469991218299,0.7098416681401432,0.3213431315962225
287744,-0.021866137423785403,0.03603241001837887,1.9694573059678078,0.5128853917121887,-0.012923643225803971,0.007263856539793778,0.32891376002226025,0.06188040314009413,0.43080231407657266,0.7661941312253475
288768,-0.08246003766544163,0.007936792124382919,0.8902055509388447,0.2557230885140598,-0.009458242449909449,0.004047500835440587,0.2842454072088003,0.05574428231921047,0.4019019757397473,0.5501467939466238
289792,-0.022543891216628253,0.0794578013010323,1.7952263113111258,0.7236029799096286,0.0012421643477864563,0.01663561788154766,0.02531445206841454,0.002410108514595777,0.48722807550802827,0.27223075833171606
290816,-0.011904920975212008,0.11763686430640519,1.334744606167078,0.4158991053700447,-0.014468276844127104,0.024116090615279973,0.3027062250766903,0.09347784909186885,0.4615961480885744,0.8721579452976584
291840,0.0014579583148588426,0.11080639436841011,2.191982038319111,0.6227820161730051,-0.01220948577974923,0.025213344051735476,1.2959853690117598,0.31605003238655627,0.611702817492187,0.7209537317976356
292864,-0.03421104476728942,0.011869698413647711,0.534167954698205,0.090773117961362,-0.020450428797630593,0.004128572647459805,0.9148372542113066,0.20848949416540563,0.5695141130127013,0.6286499570123851
293888,0.026716876338468865,0.02945638870005496,2.8194871693849564,0.8802115134894848,-0.04225861359736882,0.009900742064928636,0.6011678222566843,0.3498237414169125,0.6376638640649617,0.7286633541807532
294912,0.0022206325957085937,0.11277579003944993,1.9395733624696732,0.48497457429766655,0.0006430360954254866,0.018981574365170673,0.3866728264838457,0.07551206229254603,0.9133339449763298,0.9909725547768176
295936,0.010506653270567767,0.17587796319276094,2.0512827150523663,0.4478865833953023,-0.008602689951658249,0.02948187099536881,0.22358372015878558,0.043479392130393535,0.8291011732071638,1.0656617917120457
296960,0.012340221292106435,0.10504403780214489,1.9661066979169846,0.40723305381834507,-0.026379438408184797,0.03175847217789851,1.4774165283888578,0.45810125349089503,0.6848502196371555,0.5325042400509119
297984,0.004122246376937255,0.10957347345538437,1.4201994501054287,0.1673971894197166,-0.008050960779655725,0.020214753050822765,1.2306415177881718,0.3602129095233977,0.8087121536955237,0.635209477506578
299008,0.01385473576374352,0.05334299255628139,1.744336199015379,0.24121054355055094,0.009900221455609426,0.025717166776303202,0.28526768065057695,0.06012353050755337,0.7626437470316887,0.8657498070970178
300032,-0.007298250682651997,0.017540352084324695,0.7436541984789073,0.13122349133482203,-0.009109713486395776,0.002192044641560642,0.7983999548014253,0.2543815025710501,0.40757732512429357,0.24244138947688043
301056,-0.006207160229678266,0.019982351979706436,0.6375957634299994,0.07884839526377618,0.00034283631248399615,0.010027364158304408,0.03305274696322158,0.0034355440293438733,0.22805737517774105,0.43390632793307304
302080,-0.014133122327621095,0.014571009021892678,1.4142887517809868,0.24401248339563608,0.0005367644771467894,0.0026365878511569463,0.18839900207240134,0.022432862780988216,0.5274166464805603,0.2703318097628653
303104,-0.011980172334006056,0.013708197184314486,1.1937265931628644,0.26923145295586437,-0.010729431378422305,0.007139430457755225,1.2741415463387966,0.31209394324105233,0.20327399810776114,1.1370831644162536
304128,0.02811714476410998,0.09443890280090272,2.9506470635533333,0.7187154311686754,-0.01928757582209073,0.02292561624199152,1.297207185998559,0.37820909544825554,0.9258157350122929,0.7709337919950485
305152,-0.002276726590935141,0.01970312971388921,1.758710354566574,0.3318079300224781,-0.04314936342416331,0.007831728900782764,1.960425828001462,1.0145717447740026,0.3473097300156951,0.4066938867326826
306176,-0.010809044411871582,0.12173252017237246,1.4823757410049438,0.1889911307953298,-0.03812990299775265,0.026913251727819443,1.7079431302845478,0.5623573586344719,0.602898245677352,0.7149928994476795
307200,-0.00867361671407707,0.11158103845082223,1.8620521686971188,0.2769234739243984,0.006986826396314427,0.01942203164799139,0.6786827989853919,0.22217270697001368,0.7871664743870497,0.7504522847011685
308224,-0.007583643280668184,0.021987767671816982,0.3069675302831456,0.06272569092107005,0.0015041400620248169,0.0061995195246709045,0.009345833197585307,0.005419809545855969,0.7029443788342178,0.16609026098740287
309248,-0.046644750400446355,0.025412388989934698,1.7740727961063385,0.34572905069217086,-5.00207970617339e-05,0.005600362776021939,0.006522754221805371,0.00046869402285665274,0.3762931583914906,0.13618112681433558
310272,-0.014132038981188089,0.04947604495100677,1.0776497889310122,0.1986536616459489,-0.0041527502980898134,0.011815331454272382,0.05548315847408958,0.009031098859850317,0.38814225560054183,0.1749433376826346
311296,0.00916126235097181,0.04721937101567164,1.6216420270502567,0.31995541881769896,-0.04405160457827151,0.029477274976670742,1.5609542299062014,0.6017716121277772,0.6103543536737561,0.9475289364345372
312320,-0.06756792242231313,0.005048367071140092,1.8296281918883324,0.3788376902230084,-0.01556294335750863,0.013154458712961059,0.29874057741835713,0.11554687557509169,0.31141652818769217,0.25325979699846357
313344,-0.01282461328082718,0.0659135498572141,1.2674812972545624,0.19805181166157126,-0.038592047814745456,0.02874607191188261,1.9222827926278114,0.5882387571036816,0.5016327723860741,1.3610292258672416
314368,-0.011167220305651426,0.0490680665243417,1.8065157420933247,0.35889030480757356,-0.002962255777674727,0.011262354237260297,0.06324761436553672,0.010579521593172103,0.36281877476722,0.2875633363146335
315392,-0.014909718505805358,0.058137661835644394,2.0410898625850677,0.417292564176023,-0.0027554042753763497,0.023836824984755367,0.623747181147337,0.10419501725118607,0.5117648392915726,2.0564919812604785
316416,0.008452808688161895,0.08084013359621167,1.7883594371378422,0.3657819740474224,0.008967511064838618,0.03880787058733404,0.6342460932210088,0.14664475596509874,0.7363403234630823,1.1488946261815727
317440,-0.01964054274139926,0.05006946448702365,1.1175863854587078,0.16601396910846233,-0.010578522109426558,0.013315379939740524,0.7028622198849916,0.1302004160825163,0.7289074333384633,0.7040049992501736
318464,-0.013394680878263898,0.05028993729501963,1.4365775510668755,0.3047442235983908,-0.01907081188983284,0.01426102322875522,0.6672766859410331,0.14696250209817663,0.32758490508422256,0.6030069580301642
319488,-0.027402853607782163,0.04562168422853574,1.496354840695858,0.2709749424830079,-0.06380195607198402,0.019151432206854224,1.4204861801117659,0.3897697343491018,0.6135967252776027,0.49034679448232055
320512,-0.017221508591319434,0.10061720991507173,1.7587402909994125,0.31218526139855385,-0.0154683479340747,0.01860847373609431,0.9425118826329708,0.205503050936386,0.5329385059885681,0.6609370904043317
321536,-0.008936334284953773,0.10602550278417766,1.3796199038624763,0.19709327444434166,-0.009462593181524426,0.021315348363714293,0.9371913885697722,0.2014409254770726,0.5478211240842938,1.1569226616993546
322560,-0.02737087494460866,0.01953808788675815,0.7602475378662348,0.10759803780820221,-0.04202033669571392,0.008845949138049036,1.3956940155476332,0.5028665764257312,0.3755680746398866,0.5404135785065591
323584,-0.01377109860186465,0.04615135089261457,0.35717517975717783,0.05557316797785461,-0.014039707515621558,0.008961269246356096,0.9672745037823915,0.3516441399115138,0.45946428133174777,0.8764705993235111
324608,-0.011238293402129784,0.12037182366475463,2.0670931600034237,0.4039492513984442,-0.020797115459572524,0.021929712587734684,1.3135759104043245,0.2523553157225251,0.6360852587968111,0.8150871759280562
325632,-0.02341197757050395,0.044946747075300664,2.1132758632302284,0.5035442383959889,-0.056878122297348455,0.008546753801056184,1.4237480219453573,0.5379139692522585,0.33172360341995955,0.25931769609451294
326656,0.002018443337874487,0.10754552553407848,2.258045829832554,0.5550501784309745,0.008980209240689874,0.024443928472464904,0.1665693002869375,0.06873237801482901,0.7138165915384889,0.7533611888065934
327680,-0.05469467333750799,0.021130879627889954,1.6205019690096378,0.40460016392171383,-0.002773464992060326,0.0041770866519073024,0.29389915615320206,0.05702961405040696,0.24134288122877479,0.2616332885809243
328704,-0.0051155641849618405,0.028798122686566785,1.8948755823075771,0.37457333225756884,-0.005724439863115549,0.007915630885690916,0.9186948919668794,0.2070817332714796,0.4205918018706143,0.5262691802345216
329728,-0.015388563740998507,0.0665775272063911,1.1629607025533915,0.2216555024497211,0.00859421756467782,0.024862594378646463,1.2623084848746657,0.47239485918544233,0.37589935306459665,0.7373377243056893
330752,-0.012683578621363267,0.042458134063053876,2.681644022464752,0.7418491337448359,-0.011507233459269628,0.013610735244583338,0.9538584221154451,0.24384006042964756,0.2756622117012739,0.5298985093832016
331776,0.003008598170708865,0.07340563915204257,3.1099330484867096,0.8945209663361311,-0.031194519833661616,0.012890550453448668,1.8279527612030506,0.43976051174104214,0.6665110471658409,0.5219616442918777
332800,-0.017469606187660247,0.05080303375143558,2.3114866577088833,0.5833912650123239,-0.05572674737777561,0.01162820405443199,1.856434840708971,0.4901321670040488,0.5917906104587018,0.4772947393357754
333824,-0.01225642062490806,0.05046599579509348,3.172439694404602,0.9791488368064165,0.0015935161209199578,0.020006716571515426,1.5689116101711988,0.5198559667915106,0.5244253329001367,1.0838640294969082
334848,-0.02249625144759193,0.03282908469554968,1.4097840450704098,0.3367971768602729,-0.033866628422401845,0.022758385792258196,0.6823947336524725,0.3106472890358418,0.3585583996027708,0.7811504281125963
335872,-0.024038993753492832,0.002118958014762029,0.494599062949419,0.14325478312093765,-0.045822656247764826,0.004642244282877073,0.5393077712506056,0.23104870814131573,0.2562820890452713,0.6592079533729702
336896,0.04306275205453858,0.05348072532797232,3.043068565428257,0.863263575360179,0.05298333246901166,0.022428008378483355,2.50378130748868,1.28618486225605,1.0699898693710566,1.261927922256291
337920,0.006588666001334786,0.05322393885580823,3.231254003942013,0.8633962720632553,0.0025968966947402805,0.02382346463855356,1.7260003816336393,0.7441724557429552,0.8419774957001209,1.1242411062121391
338944,-0.04350203275680542,0.006122141108789947,1.05993617977947,0.31992142740637064,-0.0016950519930105656,0.013609084126073867,0.6887393239885569,0.17348360689356923,0.5896902792155743,1.4308469579555094
339968,0.0019900602201232687,0.06106493889819831,3.7526592686772346,1.4995159320533276,-0.01790339424042031,0.011199260959983803,2.3895161636173725,0.9230630326201208,0.6137377079576254,0.7430901387706399
340992,0.0413790993479779,0.10516978893429041,3.152465544641018,0.7623529434204102,0.028938214614754543,0.02691803587367758,0.4273019907413982,0.3896935866214335,0.777784994803369,0.8769010836258531
342016,-0.01625551126198843,0.0287878315866692,1.8450268916785717,0.5001952201128006,5.6974487961269915e-05,0.009117076835536864,0.002906842404627241,0.00019768113270401955,0.4217269439250231,0.5080816668923944
343040,-0.006024297937983647,0.04305736877722666,1.8142967894673347,0.3939510639756918,2.388426219113171e-05,0.009556711112963967,0.003468036826234311,0.0002452253829687834,0.5711223329417408,0.5306383699644357
344064,-0.028184618975501508,0.0009694344453237136,0.25747115490958095,0.09761894075199962,-1.390173565596342e-06,0.0013626238751385245,0.0015971097309375182,9.476963896304369e-05,0.2984339390823152,0.1300382895860821
345088,0.012397350466926582,0.07952818728517741,3.2435332536697388,1.0078692678362131,-5.438373773358762e-05,0.025518399197608232,0.0023445412662113085,0.00016122555825859308,0.9176569413393736,2.065415765158832
346112,-0.025792812026338652,0.028209004463860765,2.4685076735913754,0.7062895093113184,-0.00019768060883507133,0.0055589908370166086,0.008402345498325303,0.0006919875741004944,0.8114971537142992,0.24494346557185054
347136,-0.016413430916145444,0.0025720750745676924,2.5134847563458607,1.403760573186446,9.498963481746614e-05,0.002115077286362066,0.014311610953882337,0.0011639974545687437,0.7145852241665125,0.16203711021807976
348160,0.007945060220663436,0.05050689174095169,0.5368202673271298,0.17233752785250545,-0.0019316982652526349,0.009099990682443604,0.06684455217327923,0.007760731503367424,0.9257553620263934,0.39964607800357044
349184,0.04383562083239667,0.040887194860260934,3.8501406610012054,1.6094572991132736,0.00157022918574512,0.010711089300457388,0.05763598042540252,0.005952759413048625,0.7550748456269503,1.4662234070710838
350208,-0.01250468345824629,0.03545991092687473,2.915380299091339,0.7660137489438057,0.006903135712491348,0.009240041312295943,0.033505736206279835,0.012079508742317557,1.1052920650690794,0.37254198046866804
351232,-0.012764654675265774,0.059197296970523894,2.6675137281417847,0.7016193587332964,-1.729070208966732e-05,0.019878049672115594,0.001236073632753687,7.700873538851738e-05,0.8110793111845851,1.716215381398797
352256,-0.029764296239591204,0.015776685755554354,2.6130430847406387,0.8413378335535526,2.446613507345319e-06,0.007745786075247452,0.002392697278992273,0.00016383826732635498,0.9664199650287628,1.314640423282981
353280,0.02097436871554237,0.024527409666916355,1.003413762897253,0.30004521273076534,-1.8090067896991968e-06,0.008565731091948692,0.0013208298078097869,8.254579734057188e-05,0.5174734531901777,0.27423307788558304
354304,0.03050202025042381,0.035273825691547245,2.0042566284537315,0.5024040108546615,-1.0075746104121208e-06,0.009619636621209793,0.0005827608019899344,3.2088952139019966e-05,0.8262163582257926,0.24967761151492596
355328,0.007900636424892582,0.020029979204991832,2.685143068432808,0.7116981446743011,7.176553481258452e-06,0.005245168442343129,0.0011517801249283366,7.09254527464509e-05,1.0236063245683908,0.408089688513428
356352,-0.030345934588694945,0.017536086990730837,1.680135052651167,0.3826292692683637,-0.00010817701695486903,0.004752885863126721,0.0009492242479609558,0.000524827977642417,0.6774190161377192,0.43665174045599997
357376,-0.001016853580949828,0.002703988689063408,0.04692352080019191,0.0046611369180027395,1.1197436833754182e-05,0.003370111722688307,0.001088121221982874,6.182992365211248e-05,0.29838506632950157,0.09141947020543739
358400,0.006023239548085257,0.052585827477741987,2.8281421065330505,0.7585629168897867,1.4097022358328104e-06,0.015160994385951199,0.0004427695885169669,2.2219261154532433e-05,0.7381955739110708,0.7485480317845941
359424,0.011258572340011597,0.05553444696124643,3.130216784775257,0.830733522772789,2.069748006761074e-06,0.02724143586237915,0.0010718123648985056,6.51973532512784e-05,0.8355063097551465,2.4376229466870427
360448,-0.010876696556806564,0.015760664551635273,2.643419161438942,0.5053732972592115,-5.222682375460863e-06,0.013368215521040838,0.001063060150045203,6.287253927439451e-05,0.6782864173874259,1.0159311932511628
361472,-0.03644903886015527,0.016317371701006778,2.5147424042224884,0.8823447432368994,1.5540397725999355e-05,0.004627960450307,0.0010776359886222053,6.41492661088705e-05,0.44781356723979115,0.9140617018565536
362496,-0.013399140079854988,0.03587339707883075,2.0005608573555946,0.48546144366264343,-1.0415707947686315e-05,0.01757227524649352,0.0008503856279276079,4.8303743824362755e-05,0.7183547979220748,0.8151853755116463
363520,0.01921158205368556,0.04943463369272649,2.602139078080654,0.8396618440747261,2.4817825760692358e-05,0.008531696934369393,0.0012787446139554959,8.282496128231287e-05,0.45390512561425567,0.2337388569721952
364544,0.046508872212143615,0.046538325608707964,1.1110197678208351,0.44324607215821743,-8.16743413452059e-05,0.008400166538194753,0.0034965643062605523,0.0002363345120102167,0.7674352447502315,0.22653242200613022
365568,0.008329454489285126,0.05019456014269963,1.4253862239420414,0.40866057109087706,4.338208236731589e-05,0.006766381258785259,0.00867676101916004,0.0003956722794100642,0.5472538787871599,0.40501655428670347
366592,0.05725326528772712,0.11180516285821795,2.519430808722973,0.7475445289164782,0.00010406816727481782,0.009985232289182022,0.0036721838478115387,0.0002765841782093048,0.7875711540691555,0.5394407648127526
367616,0.05238062281569,0.06273032282479107,2.291909269988537,0.7651573289185762,-7.559076766483486e-05,0.0112009748845594,0.009493004879914224,0.0008379663340747356,0.8288606246933341,0.8285549401771277
368640,-0.016848141327500343,0.03284402980352752,1.4142471924424171,0.43304074835032225,-0.00010133243631571531,0.007999422181455884,0.0018119085289072245,0.00012303970288485289,0.7393836909905076,0.240604363149032
369664,0.026328615815145895,0.0582970860414207,2.253490626811981,0.6392092760652304,4.309543874114752e-05,0.020903815428027883,0.00427268011844717,0.00032624718733131886,0.8292893758043647,0.2548238611780107
370688,-0.040343208544072695,0.0061987773078726605,0.9711620360612869,0.28001157147809863,0.000353517709299922,0.010783893842017278,0.004072092830028851,0.00031098152976483107,0.5298365131020546,0.24546376441139728
371712,-2.5899134925566614e-05,0.0015257967552315677,0.004365129716461524,0.0003487872309051454,-5.930618499405682e-05,0.007723446607997175,0.0114187573781237,0.0008610861841589212,0.1303504629759118,1.2986426015850157
372736,0.0203984019899508,0.04202818765770644,1.5307303816080093,0.34800812508910894,0.0002051446062978357,0.015725082950666547,0.008530561797670089,0.0006727892905473709,0.5544217154383659,0.948684447677806
373760,-0.06204126248485409,0.00791754018428037,0.5556951630860567,0.12409905274398625,4.964914114680141e-05,0.0028012724596919725,0.0019577865678002127,0.0001248891931027174,0.3116151005961001,0.3296355165075511
374784,-1.6833218978717923e-06,0.0011549145997378218,0.0018807209708029404,8.954317308962345e-06,-1.616380177438259e-05,0.001960263765795389,0.0010116914691025158,5.927332676947117e-05,0.1495401199790649,0.06864344765199348
375808,1.3979471987113357e-05,0.005955930817435728,0.003154531710606534,5.010335007682443e-05,-6.81605888530612e-06,0.0066861334853456356,0.00048350549968745327,2.3561646230518818e-05,0.34051643550628796,0.4255653622094542
376832,1.1712661944329739e-05,0.002636490673012304,0.0018498934950912371,2.9297953005880117e-05,-6.491076783277094e-05,0.007083246804540977,0.002855380589608103,0.0001944090472534299,0.24204133020248264,0.1562830201582983
377856,0.012289270045584999,0.09424006473273039,1.9156454466283321,0.5020742798224092,-0.00010067026596516371,0.027825530793052167,0.0029700654195039533,0.00021149846725165844,0.7674837252125144,0.8362034857273102
378880,0.0028425442869774997,0.004917455953545868,1.4686758928000927,0.28731964994221926,-0.00045055738883093,0.004470259456866188,0.014010337283252738,0.0013466866221278906,1.4844401283189654,0.26115285884588957
379904,-0.02830107757472433,0.0016493592966071446,0.1584966874215752,0.019503394491039217,4.135654307901859e-05,0.000986283175848257,0.0356432722765021,0.003322358592413366,1.7070899866521358,0.2102475876454264
380928,-0.002361441438551992,0.0025437934691581177,0.1624527499661781,0.020689834986114874,-0.03522038267692551,0.0059182281329412945,0.4162162975408137,0.1598797812475823,0.29539136262610555,1.3397452444769442
381952,-0.004209465638268739,0.004542672824754845,1.3844227828085423,0.18179275142028928,-0.013126397010637447,0.004508930949668866,0.7010565781965852,0.1536411345587112,1.3518669391050935,0.3716535612475127
382976,0.04658886353718117,0.09427199070341885,2.3351975306868553,0.8708318788558245,-0.027159447985468432,0.02598550164839253,1.5175812263041735,0.4520211508497596,0.6425855555571616,0.5365150552242994
384000,0.04152814278495498,0.08169964735861868,2.2335216775536537,0.7087337505072355,-0.024403921721386723,0.01747572964814026,2.3744665756821632,1.1480664177797735,0.6560525493696332,0.5221603894606233
385024,0.027319446438923478,0.07205425761640072,2.006568793207407,0.6413304787129164,-0.010771477303933352,0.014941766712581739,1.4501441568136215,0.43274187250062823,0.6328858910128474,0.6014003772288561
386048,0.03098151167796459,0.05994750466197729,2.372993119060993,0.6554085183888674,-0.005093621672131121,0.017803725379053503,2.162044143304229,1.5433836923912168,0.6223757164552808,0.7285882863216102
387072,-0.0027672802680172026,0.007561028985946905,1.1794211212545633,0.5966162494150922,-0.03248959835036658,0.005656593784806319,1.3474435275420547,0.3694613572442904,0.9664934747852385,0.8159175771288574
388096,-0.005608597886748612,0.017951176065253094,0.2770123239606619,0.07038813934195787,-0.0327719351334963,0.015703283774200827,2.1897714026272297,0.9124924228526652,0.6732296664267778,1.2828566995449364
389120,0.0077701340487692505,0.01668579223769484,2.496319256722927,0.6157107185572386,0.002363210078328848,0.013106357466313057,0.02968095037067542,0.008276121283415705,0.8509497726336122,0.5006376998499036
390144,-0.009592313304892741,0.0013286496068758424,1.2927641526330262,0.5826597135746852,2.0473089534789324e-05,0.006259617969590181,0.0019730920721485745,0.00012586871162056923,0.7419091830961406,0.7919350215233862
391168,-0.004206093493849039,0.04359441623091698,0.6127278581261635,0.1740961349569261,-5.457818042486906e-05,0.008724482016987167,0.002617444726638496,0.000185613171197474,0.7938029849901795,0.2371372205670923
392192,0.06396689606481232,0.09237006946932524,3.23972936719656,0.8848394900560379,-0.001378444314468652,0.011924885387998074,0.2200703158741817,0.038380902784410864,1.126869097352028,0.46857611066661775
393216,0.04210145483375527,0.009273102303268388,2.7246431037783623,0.7327081505209208,-0.04761944289202802,0.0036036036362929735,1.8136795833706856,0.7685207920148969,0.9887750251218677,0.6340816500596702
394240,-0.036141255375696346,0.0157380364544224,1.369791690260172,0.23560760961845517,-0.03186828544130549,0.002166118347304291,0.497483495157212,0.26811358705163,0.5926848370581865,0.3726631388999522
395264,-0.013039773155469447,0.047720212140120566,2.1147374287247658,0.47182930540293455,-0.010245516954455525,0.024270516558317468,1.2609514743089676,0.617218563798815,0.9139692150056362,0.5291597242467105
396288,0.01587931881658733,0.12098569911904633,2.12291919067502,0.4619844341650605,-0.019083355378825217,0.031758369877934456,1.2653740402311087,0.4394614063203335,0.991646246984601,0.5442718612030149
397312,0.007959042937727645,0.07978774351067841,2.4242033660411835,0.47269524075090885,-0.031108708877582103,0.015288165013771504,1.4908160530030727,0.49804598838090897,0.8083086237311363,0.5177781959064305
398336,-0.0072651693189982325,0.10250219842419028,2.2671562880277634,0.39812335558235645,-0.023357938596745953,0.023217231209855527,1.4652117136865854,0.5750139500014484,1.1452047415077686,0.8057851623743773
399360,-0.03163060544466134,0.030486233270494267,1.797679953277111,0.4211037326604128,-0.02040111174574122,0.011954718109336682,1.6464386750012636,0.9282961301505566,0.8176278956234455,0.8818751238286495
400384,-0.00873332734045107,0.06788733112625778,0.9429074507206678,0.21381658408790827,0.010117248253664002,0.016116721351863816,2.3129393346607685,0.9192918874323368,0.6303887497633696,0.8140297597274184
401408,-0.001256603660294786,0.06833389808889478,2.405319467186928,0.5715249609202147,-0.025518732029013336,0.01401240452833008,1.3069274555891752,0.7321029528975487,1.0026440545916557,0.5373789379373193
402432,-0.053373692848253995,0.01658550964202732,1.6574322246015072,0.4191149761900306,-0.04583191027631983,0.010869995239772834,1.2293692445382476,0.5245722020044923,0.43908316921442747,0.6069920919835567
403456,0.01803004787507234,0.08103327604476362,2.872417815029621,0.7438804153352976,0.011889862566022202,0.02349133521784097,1.1865899031981826,0.4518097164109349,0.7443786486983299,0.9067352581769228
404480,-0.008540090930182487,0.04079421394271776,2.0069022104144096,0.3684062948450446,-0.057934075652156025,0.01474318647524342,1.6632763613015413,0.9332865211181343,0.9394458392634988,0.5135929267853498
405504,-0.01697111511020921,0.020288297877414152,1.9174178764224052,0.3405982335098088,-0.02097102632978931,0.005599040821834933,0.43970623542554677,0.13866384932771325,1.1065620686858892,0.38237431226298213
406528,0.003360440183314495,0.06818630627822131,2.328520841896534,0.4894844554364681,-0.005846648884471506,0.03011447814060375,1.6397270672023296,0.6037031086161733,0.9132428728044033,1.184290318749845
407552,-0.0037437767605297267,0.036846739531029016,2.7795566990971565,0.6280458644032478,0.04674733412684873,0.006519711765577085,2.648361712694168,1.6739771515130997,0.6993867577984929,0.9788597263395786
408576,-0.0056580067466711625,0.015457467990927398,2.420057561248541,0.8555130017921329,-0.028809619921958074,0.0047912849695421755,1.108066152781248,0.2026712284423411,0.38110047904774547,1.2562228166498244
409600,0.025411255832295865,0.12256997777149081,2.2671344578266144,0.5633995700627565,0.018624322954565287,0.02369946989347227,1.5658029187470675,0.846286085434258,1.005263665691018,0.9621007889509201
410624,0.028580261787283234,0.06593206850811839,2.57126434892416,0.5987050756812096,0.03982871092739515,0.016261068856692873,2.0663508735597134,0.8339346293359995,0.7425656961277127,1.179598986171186
411648,0.05658876002416946,0.04648252815240994,2.325620912015438,0.5945066921412945,0.002525257266825065,0.006783681172237266,1.0913186073303223,0.2307723555713892,0.7140484405681491,0.5385755775496364
412672,0.0013400977186392993,0.029172393289627507,1.9968835078179836,0.520903380587697,-0.02328970079543069,0.010165710424189456,2.1155195077881217,0.863873892230913,0.9779768316075206,0.47126236045733094
413696,0.009625881066313013,0.10978518263436854,1.8691391274333,0.3796136425808072,0.005652980995364487,0.021020772896008566,1.540875630453229,0.477623731829226,1.007533947005868,0.733742862008512
414720,-0.003937860659789294,0.06570899917278439,1.6766302101314068,0.35613803565502167,-0.034936679614475,0.01926205263589509,1.0473384950309992,0.27175451209768653,1.0214638393372297,0.7417640243656933
415744,0.00254593558202032,0.04261767427669838,1.7905111461877823,0.4798999894410372,-0.017517532513011247,0.019079094301559962,0.9923862009309232,0.33134762599365786,0.8130876207724214,0.8966719433665276
416768,-0.012775835566571914,0.04034774552565068,1.1484432853758335,0.26386859733611345,-0.026123251795070246,0.010687419111491181,1.6779768094420433,0.5062872571870685,0.8339668572880328,0.6957754525355995
417792,-0.010481164586963132,0.06284734630025923,2.1281189806759357,0.5371455978602171,-0.043452814483316615,0.0066559130063978955,1.008730792440474,0.37883369135670364,0.9186151791363955,0.3139297270681709
418816,-0.02465523903083522,0.031037389650009573,1.3559898640960455,0.34962108731269836,-0.029961024440126494,0.015470451966393739,0.5455277096480131,0.3057616085279733,0.6659190431237221,0.925112736877054
419840,-0.004396241740323603,0.038841566420160234,2.834887072443962,0.642081156373024,-0.03940188593696803,0.010226904501905665,1.6564299911260605,0.6129286289215088,1.1309510311111808,0.7940258448943496
420864,-0.009528494978439994,0.01697492640960263,0.7891100319102407,0.14435685449279845,0.02933903073426336,0.0139434113734751,0.1667386390035972,0.16796337661799043,1.0968543346971273,1.6592793529853225
421888,-0.01599394134245813,0.008648002865811577,0.2553828749223612,0.2022352410131134,4.443660145625472e-06,0.0022682933868054533,0.005995050800265744,0.00015578465536236763,0.9179071700200438,0.32523192511871457
422912,-0.058634344110032544,0.006518404115922749,3.981002412736416,1.6598202474415302,2.3120257537811995e-05,0.002159829915399314,0.009089716098969802,0.0002843388356268406,0.22016742605774198,0.293738943815697
423936,0.032579856662778184,0.07559901021886617,3.2575676515698433,0.945245735347271,-0.014123544911853969,0.014517804636852816,1.204354848479852,0.4527718691388145,0.6623177146539092,0.5792395919561386
424960,0.008805116784060374,0.05652490153443068,2.7869866341352463,0.8061219286173582,-0.024509211187250912,0.013084468475426547,1.6562909912317991,0.6171518084593117,1.0500012738630176,0.6158701363019645
425984,0.021593763085547835,0.054243726714048535,2.6823193579912186,0.44144520722329617,-0.023613037483301014,0.01038207596866414,1.7890340462327003,0.6727894973009825,0.9482843391597271,0.5537398317828774
427008,-0.005041548211011104,0.08807560137938708,2.4564145654439926,0.5271338811144233,-0.006981371960137039,0.016695440106559545,0.887461063452065,0.355977198923938,0.8678064933046699,0.721382861956954
428032,-0.0054711755947209895,0.005417114374722587,0.10547865368425846,0.028444639014196582,-0.022072225576266646,0.00339084481674945,0.6952836941927671,0.14624415582511574,0.42663437803275883,1.2674934067763388
429056,0.029069030890241265,0.08535045152530074,2.7741925567388535,0.5624335249885917,0.007089800841640681,0.01786461196024902,1.103436866775155,0.3964336267672479,0.8546254923567176,0.7207866874523461
430080,0.0690106459078379,0.0021205363927947474,2.476855494081974,0.4758138107135892,0.002103327598888427,0.0055159883631858975,0.029414920194540173,0.00448478851467371,0.739497747272253,1.1956167487660423
431104,-0.01469408989942167,0.003217310139007168,2.313814625144005,0.5513571761548519,3.941109753213823e-05,0.00018232437037113414,0.0056398918823106214,0.00021976546850055456,0.4546137833967805,0.06384633458219469
432128,0.012597179636941291,0.046390604111365974,1.6982086822390556,0.5174939688295126,6.717134965583682e-05,0.009121407987549901,0.0020586664832080714,7.175968494266272e-05,1.0623096441850066,0.12170824932400137
433152,0.023330189316766337,0.057462878874503076,2.6789916679263115,0.589752160012722,0.0006612287252210081,0.008391590599785559,0.021895856072660536,0.0024380554677918553,0.6416037301532924,1.1418710770085454
434176,-0.06625962670659646,0.00383225959376432,1.867544449865818,0.26879408536478877,-2.1330197341740131e-07,0.0019857318857248174,0.0016471441558678634,6.671284791082144e-05,0.3808717473875731,0.4541692833590787
435200,0.015857161983149126,0.015496147381782066,0.5217215362936258,0.23637163965031505,-0.04176701884716749,0.005238875659415498,0.5215268977917731,0.36253696301719174,0.47012468287721276,0.5694297221489251
436224,0.012012689170660451,0.037986317765899,2.128154970705509,0.49829478841274977,0.022563871403690428,0.025474503578152508,1.5992817673832178,0.6505054105073214,0.5136284637264907,0.7520450111478567
437248,0.034155926638050005,0.007163333357311785,1.8566667772829533,0.6403966080397367,-0.02494629839202389,0.0027186097140656784,0.566990063060075,0.1221567060565576,0.6671578586101532,0.6028385548852384
438272,0.043685482727596536,0.02303650652174838,2.1307840943336487,0.8330872859805822,-0.033293230895651504,0.00638924547820352,2.0216244554612786,2.726554244523868,1.1837254762649536,0.36779697984457016
439296,0.02925415345816873,0.07796144450549036,2.460856780409813,0.7163383178412914,-0.039087118464522064,0.012364255046122707,1.1715608406811953,0.6068090721964836,0.7647626213729382,0.7355869589373469
440320,0.016974871876300313,0.06987448409199715,2.2797647938132286,0.5476282397285104,-0.006367957743350416,0.02253368217498064,1.6383154019713402,1.0842319019138813,0.7718681059777737,0.8871617941185832
441344,-0.02945072481816169,0.016711506745195948,1.0993466041982174,0.3962080553174019,-0.042053277502418496,0.005511073744855821,1.0009004892781377,0.4895335423061624,0.516932524740696,0.3057999247685075
442368,0.02436464827042073,0.12158840359188616,2.402828022837639,0.5292992712929845,-0.0029476720665115863,0.021189824969042093,1.844721108675003,0.843408796004951,0.7993731824681163,0.7587101152166724
443392,0.03023059241240844,0.05263776209903881,2.023290004581213,0.40786365792155266,-0.008733900816878304,0.010452389571582898,1.4573387037962675,0.5200053602457047,0.8012779597193003,0.9104599072597921
444416,0.006785202451283112,0.05749909667065367,1.5045374184846878,0.4974350268021226,-0.04063549466081895,0.009272797964513302,1.3792606205679476,0.5287198441801593,0.672674274072051,0.659484495408833
445440,-0.02874704744317569,0.02005656606343109,1.0984509456902742,0.2725312621332705,-0.05418143208953552,0.006256767941522412,1.3587650069966912,0.6006153993075714,0.852036121301353,0.42643019394017756
446464,-0.007542689723777585,0.07730490737594664,2.2175849452614784,0.3801851263269782,0.0018703927926253527,0.019784898264333606,1.1492550624534488,0.303425804246217,0.6135592022910714,0.5356594379991293
447488,0.03245694635552354,0.04763302794890478,1.987908847630024,0.43378080148249865,-0.012496407653088681,0.03396176255773753,0.529551618732512,0.08194704330526292,0.7000307627022266,2.111853579059243
448512,0.015373264322988689,0.016666991636157036,1.502687118947506,0.39389347191900015,-0.01623071779613383,0.009193395329930354,0.5600258111953735,0.09232353116385639,0.5042885420843959,0.8676867010071874
449536,-0.007910943109891377,0.003441414584813174,0.6014789696782827,0.06783216207986698,-0.05088553416135255,0.001408903058290889,1.1351403987500817,0.42700515617616475,1.2283598454669118,0.2862184493569657
450560,-0.04549869289621711,0.045133737148717046,1.1745273657143116,0.3336732820607722,-0.01581292154151015,0.013193655788199976,0.5219796029850841,0.1026140587637201,0.5592215089127421,0.4670324753969908
451584,0.01596952551335562,0.08148924796842039,2.360791139304638,0.4720339570194483,-0.012260173098184168,0.030637386807939038,1.6494246236979961,0.4645222779363394,0.918852879665792,0.7688725413754582
452608,0.00038592913188040257,0.023523804411524907,2.1456980034708977,0.4935501664876938,-0.02640645724022761,0.005178200546652079,0.7084060553461313,0.13319255807437003,0.6783333336934447,0.3103186176158488
453632,-0.018785135442158207,0.007125228054064792,0.9851362444460392,0.13371072593145072,0.001018550363369286,0.0032755475949670654,0.039135450730100274,0.003944755531847477,1.4198078587651253,0.17874058813322335
454656,-0.010570746730081737,0.005936422210652381,2.187458973377943,0.6293385094031692,8.862331742420793e-05,0.006590464981854893,0.057798523688688874,0.005119622219353914,1.58253007940948,1.0574601707048714
455680,0.016965558985248208,0.06832226034021005,2.3108349591493607,0.47336592618376017,0.008517893496900797,0.02867740672081709,0.09236480560502969,0.015414372959639877,0.6792257642373443,1.2419098187237978
456704,-0.0390138524962822,0.0061649894414586015,1.8569367080926895,0.27361208014190197,9.352617780677974e-06,0.003612589316617232,0.008602273068390787,0.0005197938298806548,1.1340451249852777,0.588290681829676
457728,-0.02638856859994121,0.001406079515163583,2.7618210464715958,0.5294624082744122,-0.00012323909322731197,0.0026336562596043223,0.010256230045342818,0.000637260964140296,0.6917020604014397,0.8215220632264391
458752,0.01810399348323699,0.013436646506306715,3.466947980225086,0.9352044593542814,-0.0005754465819336474,0.0056081520779116545,0.03037408768432215,0.002557830302976072,0.8021881775930524,0.22154473629780114
459776,-0.03674053338909289,0.016502382437465712,1.3119962997734547,0.2444456466473639,-0.007170939235948026,0.005399105844844598,0.15735465852776542,0.02311684878077358,0.7484329044818878,0.4731645714491606
460800,-0.0025626784772612154,0.08453206671401858,2.5774899646639824,0.7409490495920181,-0.025671648181742057,0.02654683659784496,0.9553025625646114,0.15350625733844936,0.6677075121551752,0.7659287955611944
461824,0.019809165940387174,0.09218876052182168,2.0590580329298973,0.4817705089226365,-0.0014793370792176574,0.023781133466400206,0.6769006950780749,0.10381508071441203,0.9349958645179868,0.9465845730155706
462848,0.007853556046029553,0.08698287385050207,2.3647665306925774,0.4737694626674056,-0.020239751524059102,0.018460732244420797,1.0066409818828106,0.16217536013573408,0.7760792709887028,0.7620799634605646
463872,0.021881237655179575,0.08781132032163441,2.523497521877289,0.5768160773441195,-0.014115814672550187,0.0279920223983936,1.8726148270070553,0.47327587148174644,0.663990480825305,0.6082316897809505
464896,-0.03413467755308375,0.003462033622781746,0.3894395111128688,0.08730967086739838,-0.007695495543885045,0.002545836483477615,0.26562569639645517,0.056934535095933825,0.3119170452700928,1.031189942266792
465920,0.018051881925202906,0.03008603150374256,0.9907165542244911,0.26987109845504165,2.9938528314232826e-06,0.010129750749911182,0.031743123836349696,0.0031083649955689907,0.9077560771256685,0.9222535076551139
466944,-0.015343236271291971,0.0012464002538763452,1.4830882418900728,0.2809055133839138,0.00023194463574327528,0.001505084279415314,0.027405299770180136,0.0018870821222662926,0.8387967646121979,0.22744806623086333
467968,0.011775292485253885,0.00877781497547403,1.6436880975961685,0.31409290060400963,-0.022223451087484136,0.011874966527102515,0.8503711351659149,0.20429938635788858,1.101201267912984,1.9329007975757122
468992,0.008933967066695914,0.01660932120284997,2.4935608357191086,0.5696274181827903,-0.04138171748491004,0.00846461980836466,1.734909601509571,0.397648049518466,0.803880525752902,1.262103259563446
470016,-0.03794977310462855,0.0023898687759356108,1.0938111301511526,0.404462882084772,-2.139463322237134e-05,0.006762471246474888,0.025563688104739413,0.0034565223031677306,0.8025243957526982,0.328947922331281
471040,0.05067601043265313,0.09677116898819804,3.253470502793789,1.2150142043828964,-0.031271673331502825,0.020386428135680035,1.1913758721202612,0.249893878120929,0.9945095479488373,1.1745839584618807
472064,-0.016060588852269575,0.0008581835008953931,1.1152795376256108,0.46821056632325053,-3.2082025427371264e-06,0.004060193552504643,0.004174597444944084,0.00017083121929317713,1.374000868294388,0.09922775274026208
473088,-0.0064943229663185775,0.05646194948349148,2.5194400995969772,0.6307250261306763,-0.027715021918993443,0.019368797657079995,1.4686009660363197,0.38331288658082485,0.8212748179212213,1.1561039024963975
474112,-0.0007328368810703978,0.05873998216702603,1.421465653926134,0.39228495117276907,-0.01844120302121155,0.015341362508479506,0.476034929510206,0.09657434339169413,1.0419381018728018,0.7205332405865192
475136,-0.0155476278741844,0.017823008325649425,2.795730285346508,0.5270043006166816,-0.0028995288303121924,0.016145932429935783,0.761701847659424,0.12508545978926122,1.232486316934228,1.2911862707696855
476160,-0.016888192360056564,0.14667193917557597,2.6076036915183067,0.5268003670498729,0.006365230947267264,0.03304927083081566,1.0959755117073655,0.32152800424955785,1.0568091124296188,1.250940921716392
477184,-0.0003554502036422491,0.001446873216991662,0.004153333509748336,0.0005712740239687264,0.00024762412067502737,0.0032252087294182274,0.014190509915351868,0.0013828083174303174,0.10920784354675561,0.1107828207896091
478208,7.918104529380798e-06,0.0005338493074305006,0.0003030583520740038,1.104490365833044e-05,-0.0004462539218366146,0.0036426640162972035,0.006887601120979525,0.0006322613917291164,0.09805700989090838,0.15679178514983505
479232,-0.0031195770716294646,0.0558235852222424,0.5164928594604135,0.11660051089711487,0.001479586811910849,0.007378498470643535,0.025422554521355778,0.002293677651323378,0.6048243269324303,0.6896840729750693
480256,0.02207238582195714,0.015754045474750455,1.5194482021033764,0.30556762125343084,-0.037999247666448355,0.0031049632852955256,1.2026250027120113,0.49090439453721046,0.6058537871576846,0.48946134373545647
481280,-1.6567137208767235e-05,0.0025261141709052026,0.001493935335020069,5.9528101701289415e-05,-0.0002965941093862057,0.003733131667104317,0.02146310854004696,0.001795541145838797,0.08043551139417104,0.24645245750434697
482304,4.555964551400393e-06,0.004201532206934644,0.0014167716726660728,4.826602526009083e-05,0.002331062249140814,0.0026631221171555808,0.035642477101646364,0.004107123822905123,0.26641439148806967,0.33657138305716217
483328,1.4172197552397847e-05,0.00500020800063794,0.0008798144644970307,3.53993964381516e-05,-9.40163154155016e-05,0.0037080344336573035,0.01658458326710388,0.0013301771832630038,0.2783141325926408,1.648525572847575
484352,-1.662090653553605e-05,0.0008660064841023996,0.0006515759123431053,2.683716593310237e-05,1.356538268737495e-05,0.003058464546484174,0.05947042629122734,0.005645408062264323,0.07183063121919986,0.1650937627418898
485376,9.806535672396421e-06,0.0009202021456076181,0.0016488640467287041,7.40931136533618e-05,0.0008815188193693757,0.0021017975172981096,0.3443145202472806,0.05244049511384219,0.023088923622708535,0.2633772057015449
486400,0.019433965731877834,0.028978169953916222,0.2114702253602445,0.05247988912742585,-0.04696706141112372,0.008108124864520505,1.7139503713697195,0.4863092778250575,0.8709339760243893,0.7690990676637739
487424,-0.007070064020808786,0.049130984174553305,2.0202579982578754,0.476991162635386,-0.006553111597895622,0.01033153421303723,0.1730882371775806,0.02621775068109855,1.1134078651666641,0.38780600647442043
488448,0.011597647913731635,0.037866921280510724,2.0378780737519264,0.46680247224867344,0.0019966949766967446,0.009857218916295096,0.24892589240334928,0.046716076030861586,0.6820187056437135,0.8112442055717111
489472,0.00531019878690131,0.08848461601883173,2.787407770752907,0.9073395654559135,-0.024558667399105616,0.02746231888886541,0.9258323675021529,0.19303147215396166,0.6480983980000019,0.7789311651140451
490496,-0.008108549925964326,0.014458478690357879,1.130253879353404,0.23922738758847117,-0.02332967659458518,0.005593856214545667,0.54152643494308,0.09650944109307602,0.5596787673421204,1.204956341534853
491520,0.018973988335346803,0.055211875995155424,2.5252839028835297,0.621838416904211,-0.015127672959351912,0.013038169505307451,0.6728441845625639,0.142717728856951,0.992726132273674,0.9004302932880819
492544,-0.005611836561001837,0.048557218397036195,1.6492491699755192,0.42873954959213734,-0.028368152299663052,0.007522982996306382,1.2109653372317553,0.25250767986290157,0.9164500823244452,0.45044733490794897
493568,-0.022402371745556593,0.014188565342919901,1.2631848827004433,0.30245206458494067,-0.0027849384932778776,0.012525932979770005,0.9928466565907001,0.18416607938706875,0.8196418611332774,0.7039717510342598
494592,-0.04630530159920454,0.004546580617898144,1.7915939912199974,2.9814636330120265,-0.014284247037721798,0.0017993888177443296,0.42442683182889596,0.09294876048807055,0.6530096551869065,0.341782154282555
495616,0.06245524072437547,0.1041341326199472,3.012752078473568,0.9576525557786226,-0.04094251086644363,0.022057476395275444,0.8658895576372743,0.23660159145947546,1.4387280493974686,1.1826449697837234
496640,0.02431707936921157,0.03443292673910037,2.487233132123947,0.5090434178709984,-0.04863072049920447,0.008443181170150638,1.4370178170502186,0.3517874479293823,1.0283078672364354,1.504934586584568
497664,-0.00015998617163859308,0.03737727215047926,2.4737153872847557,0.8657754454761744,-0.03288497023459058,0.008437741867965087,0.9853843785822392,0.24023637804202735,0.5408097356557846,0.7232481499668211
498688,0.029135500284610316,0.048312892322428524,2.2582536563277245,0.5537065481767058,0.00045655001304112375,0.0035743624030146748,0.03184369293740019,0.0034385466715320945,1.01785022392869,0.612803653231822
499712,0.008344407076947391,0.051826260634697974,2.33221572637558,0.5211543999612331,0.0003479399310890585,0.007958882139064372,0.012489792876294814,0.0010044095106422901,0.49700599629431963,0.41174397082068026
500736,0.008909078285796568,0.07570829486940056,2.1248550340533257,0.502747131511569,-0.00015977531438693404,0.018947189120808616,0.00506685693108011,0.00037324673030525446,1.018827399238944,1.2777231361251324
501760,-0.0146772192674689,0.01525050777127035,0.6440029330551624,0.19487165287137032,9.112805128097534e-05,0.004881961998762563,0.003820289763098117,0.0002706253435462713,0.6134442533366382,0.6542968205176294
502784,0.03474790009204298,0.03907659352989867,1.7303606420755386,0.4577230801805854,0.0006804094009567052,0.006718419841490686,0.03633884695591405,0.0036629611859098077,0.6337778195738792,0.3895674697123468
503808,0.0190209555439651,0.06386431521968916,2.664273612201214,0.6575564164668322,-0.0014952392666600645,0.012496513852966018,0.08949067175853997,0.009957630070857704,0.8660298073664308,1.4793467787094414
504832,0.004164741752902046,0.08093628683127463,2.3563064485788345,0.4066090080887079,-0.02008603618014604,0.023139256227295846,1.0495418161153793,0.2311564856208861,0.7521412121132016,1.6292242091149092
505856,-0.029456649303028826,0.021829616525792517,0.5659600356593728,0.05684461066266522,-0.02002911237650551,0.0015250195683620404,0.3193960157223046,0.09054634440690279,0.7799282111227512,0.40610909438692033
506880,0.005111641337862238,0.011297404300421476,1.7318871021270752,0.20646996749565005,-0.0020582437864504755,0.012959967454662547,0.06478901882655919,0.006744824233464897,1.0081304414197803,1.947497905464843
507904,-0.010038317268481478,0.022215238073840737,1.730666372925043,0.41606326308101416,-0.013848548784153536,0.006195634952746332,0.8635558728128672,0.16358469531405717,0.48099641781300306,0.6653848320711404
508928,0.023949109425302595,0.03958611353300512,2.385639615356922,0.3409135639667511,0.009399697242770344,0.015783898386871442,0.20965704368427396,0.04314045357750729,0.9318306092172861,1.996631762944162
509952,-0.004275261351722293,0.017719396855682135,2.5371089056134224,0.4829412763938308,-0.005088658712338656,0.004484117409447208,0.08532695675967261,0.011611277353949845,0.8898491142317653,0.5459650338161737
510976,0.004546132258838043,0.04255259659839794,2.410862870514393,0.5010067466646433,-0.001542343117762357,0.01026208784605842,1.4254978224635124,0.3253484843298793,0.9933334328234196,1.2800923399627209
512000,0.015349486464401707,0.033046220254618675,2.5257453992962837,0.5305813942104578,-0.013737611385295168,0.006325140355329495,0.6794488672167063,0.14330385474022478,0.6824590703472495,1.3974598795175552
513024,0.01981166237965226,0.06333000282756984,2.852591961622238,0.6368921352550387,0.014266146579757333,0.015451376006240025,1.5738639943301678,0.60649723559618,0.7473861677572131,1.0782124185934663
514048,0.014633755927206948,0.03023832174949348,1.9335922300815582,0.4794288044795394,-0.00770757652935572,0.013250368851004168,0.33664428163319826,0.04765897965990007,0.6562357256188989,1.8418029714375734
515072,-0.012711039133137092,0.029670583782717586,1.3834540620446205,0.3300286987796426,-0.01740367102320306,0.0073806292784865946,0.7100889822468162,0.13501242722850293,1.1124688684940338,0.8995216232724488
516096,0.029963520835735835,0.01398142617836129,1.3726037107408047,0.37413699459284544,-0.02333406067918986,0.009175662769848714,0.6905569394584745,0.12486947368597612,2.286691812798381,0.9743165425024927
517120,0.030980881594587117,0.05461487785214558,2.3260131254792213,0.583156063221395,-0.0070672747533535585,0.018478967918781564,1.6110484935343266,0.3873862996697426,1.0483242915943265,1.3191678076982498
518144,-0.0007898487965576351,0.034678844502195716,1.2611294575035572,0.11117328819818795,-0.01520947419339791,0.016379418389988132,0.2704263096675277,0.04528430919162929,1.12371164560318,0.49710272811353207
519168,0.015613267198204994,0.05593641375890002,2.62778127938509,0.5608281241729856,-0.0020549544133245945,0.02064696405432187,1.0109347207471728,0.24192048609256744,0.7583615658804774,0.8474584785290062
520192,0.023938105150591582,0.044989718531724066,2.384874552488327,0.39381726644933224,-0.029925799142802134,0.011795288417488337,0.7738106395117939,0.13035350944846869,0.7793544996529818,1.8623994728550315
521216,-0.018981153261847794,0.015874107557465322,2.771286979317665,0.6738650621846318,-0.015707159822341055,0.011523071851115674,0.5106946025043726,0.08183781208936125,0.5069531230255961,3.1468987856060266
522240,0.022532645263709128,0.04992253612726927,1.991238359361887,0.4469477916136384,0.004893045115750283,0.020690526434918866,0.7662153355777264,0.15185504767578095,0.6938037360087037,1.3970105405896902
523264,-0.006032132441760041,0.045196450664661825,1.696323573589325,0.5345834167674184,-0.005788806854980066,0.009153043472906575,0.5836816616356373,0.09224981453735381,0.7440392579883337,1.0314567359164357
524288,0.02585164166521281,0.0842425103764981,3.018264524638653,0.6391201056540012,-0.015940721379593015,0.016706687441910617,0.9986854046583176,0.18407205515541136,0.953432522714138,0.9137899726629257
525312,-0.01903461951587815,0.032390800886787474,2.0484435111284256,0.3244953891262412,-0.031238068448146805,0.01189158829220105,1.4909600801765919,0.33272650372236967,0.7335240393877029,0.6404747650958598
526336,-0.013332622416783124,0.030173662526067346,1.3132456727325916,0.18337310757488012,-0.021352098818169907,0.0071413503246731125,0.4316135551780462,0.0719465947477147,0.9868889423087239,0.6050027599558234
527360,-0.001099520581192337,0.021092774026328698,2.074902955442667,0.3290604315698147,-0.0642441074596718,0.007728635478997603,1.6946737356483936,0.433628105558455,0.6069565201178193,0.4286836823448539
528384,0.03721210612275172,0.002011081720411312,1.186545416712761,0.19851928297430277,-0.07435489262570627,0.005310102551447926,1.3709818576462567,0.86307894194033,0.9323021741583943,0.35033032146748155
529408,0.043197506049182266,0.030290737602626905,2.331547725945711,1.4439683724194765,0.007479176361812279,0.013320140598807484,0.7042393246665597,0.23386815609410405,1.0884232590906322,1.8513802103698254
530432,0.014928686985513195,0.09767146653030068,2.2659888491034508,0.4279701802879572,-0.021758439746918157,0.03319110081065446,1.237929817289114,0.2541082603856921,0.8989377459511161,1.6463810997083783
531456,-7.600896060466766e-05,0.04238889802945778,2.368647299706936,0.33007469307631254,-0.0388692390115466,0.010115260476595722,0.8150232788175344,0.14358897134661674,0.7381504504010081,0.6870366563089192
532480,-0.037469899078132585,0.0219898208451923,2.2024905160069466,0.6813942082226276,-0.03956113400636241,0.006707103042572271,1.5859799950849265,0.8266142691718414,0.9219518201425672,0.6737946295179427
533504,-0.02478759636869654,0.0327836298965849,1.7595956362783909,0.41220426093786955,-0.022787309892009944,0.015036712371511385,0.7113068038597703,0.14022422395646572,0.8610679311677814,0.6173195536248386
534528,0.024469108000630513,0.04009184462483972,1.9123126119375229,0.39562850911170244,-0.04918636364163831,0.01857701368862763,1.5641578882932663,0.46991482423618436,0.7055875733494759,0.7509592678397894
535552,0.02026217177626677,0.035603281896328554,2.053721111267805,0.5468645691871643,-0.04906619410030544,0.0250198075955268,0.8216541730798781,0.21513449342455715,0.6662928080186248,1.3736382573843002
536576,0.01578918677114416,0.051054017851129174,1.7109503522515297,0.36812951136380434,-0.062064277328317985,0.022083802992710844,1.7514550341293216,0.9699738938361406,0.68277239613235,0.8601243663579226
537600,0.015478081026230939,0.06721457035746425,2.1645240485668182,0.4490020992234349,0.03470608580391854,0.02653283198014833,1.109724881593138,0.5959669466246851,0.769290130585432,1.039103725925088
538624,0.016166753935976885,0.03187049622647464,2.3104714453220367,0.42857594694942236,-0.06349196072551422,0.010219500327366404,1.6375248897820711,1.3531849822029471,0.6486205868422985,0.2664569055195898
539648,-0.014889249869156629,0.0007712510478086188,0.6593923848122358,0.2108556783059612,-0.010409636539407074,0.00850811035343213,1.1378564481856301,0.3485261333407834,0.9703119788318872,0.8894171076826751
540672,0.03337802170426585,0.12718696240335703,1.8064984045922756,0.425208686850965,0.038919284561416134,0.027262328192591667,0.4511735941050574,0.25495148333720863,0.8435996742919087,1.0535580571740866
541696,-0.0262630302895559,0.03746932456851937,1.900185476988554,0.2624589675106108,-0.0019570056756492704,0.011166473348566797,0.335950507549569,0.05261959438212216,0.8371398905292153,0.5496266365516931
542720,0.01798993378179148,0.07396960095502436,2.5666220486164093,0.7055804543197155,-0.007847404398489743,0.014784790619160049,0.7642349731177092,0.11534655885770917,1.0795684047043324,0.9215466831810772
543744,0.013225311442511156,0.07264142169151455,2.2813267409801483,0.3943241015076637,-0.032964255777187645,0.011008274290361442,0.6714005721732974,0.12713373266160488,0.7690650578588247,1.6405990263447165
544768,-0.007043105535558425,0.04636812600074336,1.774044256657362,0.2904185289517045,-0.0009392919309902936,0.010825325225596316,0.06625209632329643,0.007145527983084321,1.0365967620164156,2.146242485381663
545792,0.029089168077916838,0.0770922169322148,2.45323333889246,0.6784081235527992,-0.002495289663784206,0.01589646059437655,0.6358088608831167,0.09505827899556607,0.822080846875906,2.425630481913686
546816,-0.002025540336035192,0.039810690039303154,1.432765681296587,0.2791013321839273,-0.02372703337459825,0.006467946965130977,0.9799998197704554,0.17606968199834228,0.6510559385642409,0.9846302140504122
547840,-0.004462185228476301,0.0036204132084094454,0.4090618537738919,0.06977600697427988,-0.03734990663360804,0.004604456360539189,0.5962021332234144,0.10684237803798169,0.5501296166330576,0.5846617161296308
548864,0.022454329213360325,0.01696479698875919,1.6543064713478088,0.3517658021301031,-0.008828438600176014,0.005386060449382057,0.851282637566328,0.20654874527826905,0.6615817528218031,0.6637610727921128
549888,0.038883872621227056,0.009078306873561814,1.6915850229561329,0.5739837642759085,-0.012314365681959316,0.0009527949432595051,0.6998435207642615,0.1076881083426997,1.5161300897598267,0.3315763622522354
550912,0.022003608304657973,0.04029411659575999,1.6433366797864437,0.39351495914161205,0.011398334478144534,0.018989841104485095,0.4411641233600676,0.08804017031798139,0.9150948561728001,1.221342974808067
551936,-0.0066124245640821755,0.06596845015883446,2.4130839109420776,0.3328983662649989,-0.02052463300060481,0.034127381222788244,1.2535715149715543,0.21775895031169057,0.9087676489725709,3.1718355491757393
552960,0.02268955481122248,0.05424050643341616,2.109151002019644,0.41285107750445604,0.004823401483008638,0.009084718796657398,1.1574218571186066,0.20447857771068811,0.7830575229600072,0.9011415434069932
553984,-8.477160008624196e-05,0.047846871602814645,2.23434966057539,0.3734612287953496,0.019470470171654597,0.01289307615661528,0.4321223828010261,0.0934182059718296,0.7414239030331373,1.6911116405390203
555008,0.011279595782980323,0.03256422287086025,2.1117494367063046,0.32948099821805954,0.0007520032086176798,0.0099881744972663,0.07092045666649938,0.006706641521304846,0.8872692678123713,1.434795569628477
556032,-0.0006792903150198981,0.05158983642468229,2.8529254645109177,0.5655916258692741,-0.0004875279846601188,0.016149625298567116,0.09747726679779589,0.010023961775004864,1.2494262335821986,1.6210125819779932
557056,-0.0063609241478843614,0.0865196562372148,1.961127646267414,0.318473213352263,-0.005261549085844308,0.021182657714234665,0.24018291290849447,0.030315549462102354,0.6042332905344665,2.580079202540219
558080,-0.019471754232654348,0.04723933828063309,2.2589987441897392,0.28836083551868796,0.003096102620474994,0.00710001709376229,0.4603571416810155,0.061343556153588,0.576309853233397,1.1857789428904653
559104,-0.010896483072428964,0.061397439683787525,1.6255132779479027,0.2688491651788354,-0.033941471789148636,0.010386267749709077,1.400540690869093,0.24663540720939636,0.704277141019702,1.1799528086557984
560128,-0.06052481407823507,0.0029298312201717636,3.116947054862976,1.080880193039775,-0.025648126989835873,0.0026565635853330605,1.5227882582694292,0.2988131451420486,0.26787777803838253,0.37839918956160545
561152,0.0021903146553086117,0.007582901147543453,0.8284481335431337,0.16923629213124514,-0.032943763537332416,0.0069692896722699516,1.6682045807829127,1.0274683533934876,1.6774284578859806,0.22626336757093668
562176,0.04721535340650007,0.13382825534790754,2.9076052010059357,0.7296420037746429,0.01265534917183686,0.03834001754876226,1.7082374282181263,0.6459218773525208,0.6728780968114734,1.0742804687470198
563200,-0.0015965930942911655,0.03895717381965369,2.808700814843178,0.5977156832814217,-0.04310093121603131,0.016729712297092192,1.5400517545640469,0.31694386387243867,0.5761799542233348,1.6808519512414932
564224,0.029865042335586622,0.04629144398495555,1.7115655727684498,0.4071480305865407,0.0012490114022511989,0.020095565778319724,0.05655519443098456,0.005533479619771242,0.7102988045662642,4.767722554504871
565248,0.0030444437434198335,0.026712871593190357,2.0692268796265125,0.3782799178734422,-0.026516028970945626,0.019297739840112627,0.41098625026643276,0.07282660831697285,0.7984606260433793,0.881837219465524
566272,0.003464233916020021,0.09718762536067516,2.012607041746378,0.4526604535058141,-0.01244216479244642,0.01857514405855909,1.144768027588725,0.21504429168999195,0.6267160438001156,0.7487177201546729
567296,0.0020098548848181963,0.11031794361770153,2.599322646856308,0.6129156425595284,-0.023068964714184403,0.01817922227201052,1.2777309194207191,0.2475953078828752,0.8932810537517071,1.0331272752955556
568320,0.013685526384506375,0.04429253371199593,2.4700705967843533,0.45059450529515743,-0.023167170118540525,0.010254987282678485,1.5209802687168121,0.29027364309877157,0.9288452798500657,0.6474261963739991
569344,0.02078674137010239,0.03472125582629815,1.8059717938303947,0.3729885909706354,0.002105922147165984,0.011346596831572242,0.27735248068347573,0.04000863456167281,0.5769829610362649,2.0396860148757696
570368,0.024943592739873566,0.09086207835935056,2.3196978345513344,0.5368754267692566,0.002823213639203459,0.025266070617362857,1.2899353131651878,0.2685015983879566,0.6321095451712608,2.1083235312253237
571392,0.018998131941771135,0.024177012965083122,3.0285574942827225,0.7957867812365294,-0.04310874165093992,0.00652497560804477,2.0669267997145653,0.5954585578292608,0.9120040480047464,0.4748070645146072
572416,-0.0028419960290193558,0.03038115261006169,2.325099654495716,0.47867982368916273,-0.01701989967841655,0.010775911796372384,0.685010445304215,0.12942715641111135,0.5578896561637521,1.2068894882686436
573440,0.0037214246694929898,0.07456333620939404,2.030921943485737,0.3611873034387827,-0.01145564520265907,0.01188433806237299,1.9321353025734425,0.5091316420584917,0.7254756577312946,0.6912330416962504
574464,-0.006451921100961044,0.03318462645984255,2.6764966398477554,0.813444847241044,-0.029765927931293845,0.006362371990690008,0.8056667409837246,0.12719010235741735,0.6103877825662494,1.1516426168382168
575488,0.04065108820213936,0.01105234565329738,1.125932378694415,0.17973542166873813,-0.005746682290919125,0.004861044762947131,0.11809771053958684,0.016581744886934757,0.9974976712837815,1.0301682585850358
576512,-0.006808671198086813,0.04094375279964879,0.9502524584531784,0.13065346144139767,-0.019008820003364235,0.015370182518381625,0.9354489501565695,0.21298809023573995,0.7950362144038081,0.6088035884313285
577536,-0.023135144350817427,0.043006676773075014,1.0444041304290295,0.12895371718332171,-0.006579277047421783,0.012176054558949545,0.6342526962980628,0.12217741733184084,0.5646986737847328,0.650741720572114
578560,-0.028801533801015466,0.0071549224958289415,0.9336231732740998,0.32363041723147035,-0.06309522149967961,0.0046801375447103055,1.4237862797454,0.6189065560465679,0.7393843978643417,0.5426901709288359
579584,0.046224534380598925,0.09427460283041,1.686366744339466,0.5454340800642967,0.008649967901874334,0.031072937475983053,1.3776367828249931,0.31860634312033653,0.5508464719168842,1.0441172514110804
580608,0.010224709258181974,0.08865145593881607,1.8929966688156128,0.3618028638884425,0.0026855179748963565,0.016153008968103677,0.9922719076275826,0.2038537801709026,0.7694338420405984,1.286462128162384
581632,0.013338185352040455,0.048910516197793186,1.6909000873565674,0.41250957176089287,-0.015915873227640986,0.016981775464955717,0.6622398141771555,0.10558130347635597,0.7464577630162239,1.5014241887256503
582656,0.05966893257573247,0.00446726872905856,0.6541643496602774,0.1582944425754249,-0.015885340835666284,0.005241918908723164,1.0446446426212788,0.20071441761683673,0.8377790087834001,0.9220604368019849
583680,0.0194994515622966,0.014075377257540822,0.9446224775165319,0.14251341600902379,-0.03816952397755813,0.008541311115550343,0.7509035170078278,0.1281925814691931,0.9277818407863379,1.5137430606409907
584704,-0.0027814108398160897,0.059122028294950724,1.7103676833212376,0.2869647201150656,0.005727136769564822,0.011948230327107012,0.27111425693146884,0.050050743971951306,0.8889388050884008,0.57115238904953
585728,-0.012074247206328437,0.03328471604618244,1.7736061960458755,0.33540321700274944,-0.036502408096566796,0.012838423805078492,0.6528790316078812,0.18057184282224625,1.0302460920065641,3.384202141314745
586752,0.005250025104032829,0.06457819603383541,1.8378930017352104,0.3457652507349849,0.006303549453150481,0.014267425111029297,1.155255088582635,0.2619742746464908,0.582815071567893,1.1669974476099014
587776,-0.06628388504032046,0.003934602100343909,0.8704264126718044,0.2022183882072568,-0.012038242653943598,0.001866810354840709,0.41430308669805527,0.06965567782754079,0.25171595881693065,0.4372312193736434
588800,0.01591082930099219,0.030873944517225027,0.6103276927024126,0.13964687241241336,-0.03557290864409879,0.004281613313651178,0.678786757402122,0.10780101106502116,0.5414423923939466,0.5588934505358338
589824,0.010459175638970919,0.062045383267104626,1.5867133885622025,0.33432243298739195,-0.02031940719462,0.010873009421629831,1.2217737063765526,0.1978088184259832,0.6865505529567599,1.0083849783986807
590848,0.019544898823369294,0.01765889757371042,1.009004421532154,0.12401873688213527,-0.052233612223062664,0.001604089731699787,0.8822993505746126,0.14637593738734722,0.9451238233596087,0.6933772461488843
591872,0.0022627119615208358,0.028914849972352386,1.5416010804474354,0.3676020372658968,-0.006036174774635583,0.009270517082768492,0.361832685302943,0.05100562650477514,0.7622208846732974,1.9622253281995654
592896,-0.012582721043145284,0.1154486135346815,2.1435277685523033,0.34976427163928747,-0.00038978896918706596,0.021271625999361277,1.3023592494428158,0.24614431499503553,0.9112874800339341,1.1963853035122156
593920,-0.012421210936736315,0.05257430509664118,2.494626834988594,0.46934999153018,-0.009583037259289995,0.013548032875405625,1.2141237948089838,0.21530554769560695,0.8543840833008289,0.8345197276212275
594944,0.0005910656764172018,0.07544818636961281,2.056287072598934,0.34641821775585413,-0.007348153332713991,0.007847027794923633,1.2078114673495293,0.23779757460579276,0.7494214698672295,0.811987345572561
595968,-0.005177676292078104,0.08245064853690565,1.9089800268411636,0.25514813140034676,-0.016857812413945794,0.062017547141294926,0.2979778992012143,0.0521919266320765,0.8937251400202513,7.496153615415096
596992,0.0021289290743879974,0.03387269179802388,1.4773280806839466,0.22838398860767484,-0.015402666744193994,0.009375669222208671,1.0370540218427777,0.20888518705032766,0.8501810515299439,0.5692493650130928
598016,-0.003289396147010848,0.06143488653469831,1.628860216587782,0.2234321841970086,-0.016390468255849555,0.024614649591967463,1.4564631693065166,0.25683750212192535,0.8043105909600854,1.6495322892442346
599040,0.005426857038401067,0.02904720592778176,1.6706456989049911,0.24637243803590536,-0.007222655025543645,0.008815077992039733,0.7196659538894892,0.10552501655183733,1.1219425732269883,1.677139900624752
600064,-0.01622930506709963,0.0010819260278367437,0.1601928398013115,0.031229189480654895,-0.014136000507278368,0.005316482993293903,0.473911939188838,0.09480718104168773,0.49755165935494006,0.42822240968234837
601088,-0.010680485065677203,0.1358464767690748,2.061276201158762,0.35283163376152515,0.0019263328285887837,0.013728440448176116,1.631844493560493,0.4385099858045578,0.690443848259747,0.865073699504137
602112,-0.005885342383407988,0.03872184446663596,2.2376431189477444,0.3807223364710808,-0.01534965928294696,0.008979008649475873,0.9289539912715554,0.16933976660948247,0.5413807560689747,0.9024247820489109
603136,-0.001504316329373978,0.034183202136773616,1.823206540197134,0.31671807961538434,-0.000170740153407678,0.015247236151481047,0.39390626875683665,0.053602117812260985,0.675193446688354,1.5544778741896152
604160,0.023957526253070682,0.050596409128047526,2.010588575154543,0.4233046742156148,-0.015665701939724386,0.01266133735771291,0.5915447175502777,0.09038914344273508,0.9199043856933713,0.9339114259928465
605184,0.017331569484667853,0.026555021642707288,1.474635060876608,0.5504236128181219,-0.00743033378967084,0.011425188567955047,0.24063800228759646,0.03704509913222864,0.7778581622987986,0.5007966472767293
606208,0.028158723551314324,0.06330768147017807,1.5985197201371193,0.5387890264391899,-0.03287949558580294,0.015668572843424045,1.4559756610542536,0.32546939374879,0.6563539896160364,1.092428931966424
607232,0.007370694598648697,0.04717780975624919,1.78601798042655,0.42613544035702944,-0.023602016910444945,0.022938731708563864,0.953165715560317,0.22581596521195024,0.6219126274809241,3.3420871309936047
608256,0.0011685160570777953,0.07125419424846768,1.9709413573145866,0.3949405634775758,-0.02211514621740207,0.014349589560879394,1.367578074336052,0.2965101678855717,0.6550874719396234,0.6120526557788253
609280,-0.01318870292743668,0.04555326688569039,1.5151119753718376,0.1934676505625248,0.002550725912442431,0.012847691861679778,0.16517924168147147,0.03241447050822899,0.7437074221670628,0.6578194536268711
610304,-0.005974694664473645,0.035238892305642366,1.751829769462347,0.2284624450840056,-0.02473415623535402,0.008241533956606872,0.7431052897591144,0.12834165920503438,0.9811138808727264,2.2508436124771833
611328,0.011551845498615876,0.031923345144605264,1.566859446465969,0.4473984115757048,-0.028258354344870895,0.011110895822639577,0.7982480798382312,0.26574228261597455,0.6364915547892451,0.5815046112984419
612352,0.04869001911720261,0.06755092635285109,1.9827269464731216,0.5088740857318044,0.017549936834257096,0.03741825727047399,1.1504130400717258,0.23102280450984836,0.6801594812422991,1.169224207289517
613376,-0.010297824977897108,0.057131703360937536,1.7869433760643005,0.28163678012788296,-0.016832298279041424,0.019639158999780193,1.2039373181760311,0.23269578907638788,0.9759015617892146,1.1602562051266432
614400,0.02053125803649891,0.04045180277898908,1.4397114515304565,0.34381446801126003,-0.012618830456631258,0.013852542731910944,0.3750301916152239,0.0580099243670702,0.7885408531874418,2.429777568206191
615424,0.010440390702569857,0.07190915988758206,1.8861065730452538,0.41541056521236897,-0.018321448878850788,0.01429424702655524,1.3174336031079292,0.30444067623466253,0.7411440080031753,1.1516400957480073
616448,0.0059135492774657905,0.02745865486213006,1.3005141653120518,0.27645303355529904,-0.03300434444099665,0.005566614021518035,1.1760427625849843,0.27089086431078613,0.5760163459926844,0.5697771045379341
617472,-0.003548985012457706,0.017816288411268033,0.7222327906638384,0.17103028018027544,-0.022809717513155192,0.009674487984739244,0.5765015128999949,0.11744480521883816,0.6621664259582758,0.8402194124646485
618496,0.010107548296218738,0.052324723335914314,1.2839786112308502,0.3235171535052359,-0.010269763559335843,0.02015533859957941,1.1218011043965816,0.24337743828073144,0.9463706016540527,0.9833443257957697
619520,-0.0063434265612158924,0.0438200369826518,1.16642577201128,0.2285971804521978,-0.006716126517858356,0.010892499325564131,0.9958671517670155,0.1656275389250368,0.7432770766317844,0.9219530359841883
620544,0.004286569863324985,0.04985981131903827,1.2728999182581902,0.21032129973173141,-0.02330345314112492,0.013770226374617778,0.7847790806554258,0.16823609813582152,0.955069849267602,1.0339986812323332
621568,0.008753213245654479,0.034537669009296224,1.302982296794653,0.2623173319734633,-0.055033548356732354,0.014092728466494009,1.0124790593981743,0.1935775331221521,1.1562525816261768,1.2988966340199113
622592,0.008428086526691914,0.055760245595593005,1.344550620764494,0.3651055060327053,0.03512757207499817,0.01797065557911992,1.1360242301598191,0.3880860616918653,0.880953025072813,0.9069335209205747
623616,0.01833808822266292,0.024528621754143387,1.6584912315011024,0.3928587008267641,-0.021897611703025177,0.005663913325406611,0.8645956162363291,0.14397907489910722,0.7178928581997752,1.3894134722650051
624640,0.000889971328433603,0.017523570408229716,1.4370910562574863,0.23747929697856307,-0.035001527110580355,0.0020974457656848244,0.9949578293599188,0.24633853300474584,0.9624271634966135,0.7177730426192284
625664,0.0015384210273623466,0.04057634063065052,1.2909199111163616,0.2550497208721936,-0.01210238179191947,0.004718491269159131,0.7668849527835846,0.1244369838386774,0.8705631960183382,0.7081596197094768
626688,0.003346870478708297,0.03111657261615619,1.5856232829391956,0.4256755718961358,-0.019693121255841106,0.006689547743008006,1.3530847765505314,0.274567402433604,0.6921909712255001,0.35280214389786124
627712,-0.018565883598057553,0.04059926207992248,1.3389028795063496,0.2916506100445986,0.008443943574093282,0.0068762087321374565,0.12290497368667275,0.031143930566031486,0.6585632907226682,0.39757097500842065
628736,0.009191075951093808,0.024390726815909147,0.7763067670166492,0.11257951171137393,-5.129838245920837e-05,0.004686498697992647,0.0018656062457012013,0.00011911697220057249,0.6074070427566767,0.4129059381666593
629760,0.004743116689496674,0.001949950175912818,0.8057134952396154,0.11778629198670387,-0.0001421538181602955,0.005401612324931193,0.0067727977730100974,0.0005249937530606985,1.0385539140552282,2.308759421110153
630784,-0.002340892198844813,0.03172847937094048,1.256464172154665,0.30702336272224784,6.794431828893721e-05,0.010142939980141819,0.004716703377198428,0.0003223998937755823,0.8852060292847455,2.114449897548184
631808,0.020083882918697782,0.0025902475135808345,1.746304016560316,0.24214352341368794,9.150864207185805e-05,0.004385529791761655,0.0031240819225786254,0.00021108391229063272,1.2291803807020187,1.1108583607710898
632832,-0.023294181562960148,0.001245644112714217,0.7550213672220707,0.12647513393312693,0.00038005306851118803,0.000752264641050715,0.013608539215056226,0.0018005750607699156,1.2132817669771612,0.2603002303512767
633856,-0.009712687373394147,0.03627625701483339,1.2388610392808914,0.21270682848989964,6.457837298512459e-05,0.006764143094187602,0.006212342545040883,0.0004588265437632799,0.7680333126336336,0.8972689947113395
634880,-0.006295911560300738,0.0619053824339062,2.295479476451874,0.4222631175071001,-0.00012334692291915417,0.02636027114931494,0.003019922529347241,0.00021218066103756428,1.1832592505961657,2.6216105557978153
635904,0.0003980053006671369,0.0781613391591236,2.189031332731247,0.48629209119826555,-0.00020165747264400125,0.011596260286751203,0.007213232689537108,0.0009080028394237161,0.7172336922958493,0.6935141142457724
636928,-0.03584290751314256,0.006849097990198061,1.3245982266962528,0.13606381905265152,-0.00047677510883659124,0.0004571089110640969,0.004388950314023532,0.0003351448103785515,2.1676056813448668,0.14986197976395488
637952,-0.03477509424556047,0.008594782957516145,0.8405166920274496,0.13229479477740824,7.85788579378277e-05,0.004193975973976194,0.013444443218759261,0.0010822969488799572,2.1464669723063707,0.2216524254763499
638976,-0.0075919454684481025,0.023785434401361272,1.0523941442370415,0.12356691202148795,-7.326272316277027e-05,0.007172632329456974,0.0019461218398646452,0.00014397059567272663,2.11045890301466,0.11499378102598712
640000,0.0199549276730977,0.03423458797624335,2.238922767341137,0.4067231845110655,0.00012552931730169803,0.011200486769666895,0.004057488142279908,0.0002867735456675291,0.9936087662354112,1.790660495404154
641024,0.012515111244283617,0.01902387978771003,2.3616033643484116,0.437343786470592,0.00033320512739010155,0.006074025513953529,0.05462499021086842,0.004975829389877617,0.5491286171600223,0.1178015636978671
642048,-0.00389182563230861,0.04063559035421349,1.9795722216367722,0.40155547531321645,0.00018706223636399955,0.004236901497279177,0.010431309725390747,0.000860466854646802,0.9708427973091602,1.1341226366348565
643072,-0.008846368262311444,0.04900442960206419,2.8615427762269974,0.7447821013629436,-0.000440695061115548,0.0047355215647257864,0.07941584510263056,0.008264032658189535,1.031120435334742,0.28415678220335394
644096,0.017149565916042775,0.05957362719345838,2.0092101395130157,0.45376697462052107,-0.009895634051645175,0.006814527514507063,0.7925603436306119,0.12137254606932402,1.1305456943809986,0.7881498774513602
645120,-0.005247613749816082,0.027549422287847847,0.506318898871541,0.17140116600785404,-0.042568573204334825,0.004432036395883188,2.4195848256349564,0.7226152811199427,0.7444681483320892,0.7332732537761331
646144,0.005726691393647343,0.02612328319810331,0.8941237907856703,0.3501129820942879,-0.002349667891394347,0.006782036267395597,0.4248299408936873,0.1216214140295051,0.9037636769935489,0.170458099571988
647168,0.005801092484034598,0.06693572644144297,2.0249254517257214,0.34029859583824873,0.003226994478609413,0.008596655665314756,2.233821000903845,0.6534940903075039,0.75807901378721,0.5561932297423482
648192,0.018261737772263587,0.022992858925135806,1.195413377135992,0.20856266794726253,-0.016344213785487227,0.00381591499899514,0.8501607747748494,0.1767593997064978,1.522701982408762,0.6385953961871564
649216,-0.002590329291706439,0.021303407367668115,1.1656307689845562,0.14413225324824452,-0.013043266080785543,0.0033391203651262913,0.7521922034211457,0.11613398045301437,0.7868263786658645,0.8835570546798408
650240,-0.006629237381275743,0.05643143644556403,1.6212983652949333,0.4492386067286134,0.003309160965727642,0.025187718914821744,0.1397568692918867,0.017837501945905387,0.6010757740586996,1.9780175359919667
651264,0.001025959150865674,0.032025129679823294,1.703071467578411,0.3070871513336897,0.0007028427789919078,0.007085616860422306,0.032749249367043376,0.0026950312312692404,0.9600086091086268,0.9337087937165052
652288,-0.013274783763336018,0.02583787770709023,1.3334077075123787,0.28873163601383567,-0.0009572493145242333,0.023044478584779426,0.026543143641902134,0.00216530857142061,0.7924785166978836,0.3752826300333254
653312,-0.0017247643991140649,0.022016442730091512,2.339483041316271,0.5566474092192948,-0.0316998238558881,0.019142168530379422,0.4689189458731562,0.10823081515263766,1.5908377096056938,0.794194252230227
654336,0.02017784077906981,0.09177314466796815,1.7359794527292252,0.6335091926157475,-0.0212477961613331,0.020827698666835204,1.0338090937584639,0.18790636002086103,0.7788782622665167,1.30083326715976
655360,0.003964135205023922,0.018530145898694173,1.6242094226181507,0.4016015902161598,-0.0067036583495792,0.01757908781291917,0.31571901170536876,0.05478711012983695,0.7412199648097157,2.594542249571532
656384,-0.010928231116849929,0.06103800190612674,2.0805312618613243,0.33792838966473937,-0.008730051398742944,0.014611675083870068,0.8010863047093153,0.12287411000579596,0.8209989201277494,1.001041199080646
657408,0.03388391778571531,0.05222585651790723,3.055133782327175,0.9384110420942307,-0.01836746622575447,0.012542145617771894,1.1461008004844189,0.18746334873139858,0.6813729545101523,1.7963950717821717
658432,-0.013371744484174997,0.059265202609822154,2.4681822061538696,0.5881703905761242,-0.012554722663480788,0.015088853091583587,1.1944324895739555,0.23405511653982103,0.624318964779377,0.6767884641885757
659456,-0.014624420058680698,0.03306086052907631,2.152974769473076,0.47812337800860405,-0.05865748936776072,0.011442112969234586,1.4340242408216,0.32097045704722404,0.9161759540438652,0.43973664101213217
660480,0.028300888487137854,0.05633203516481444,2.3599027693271637,0.7552270535379648,-0.0043445254559628665,0.017703804463963024,0.8935770634561777,0.1557961746584624,1.0171585120260715,0.7238186802715063
661504,-0.010995277058100328,0.03595380327897146,2.7990646436810493,0.8489180468022823,-0.027361534506781027,0.015144236356718466,1.6579986028373241,0.33142114896327257,0.703284019138664,1.7073970939964056
662528,-0.05904274160275236,0.027894395752809942,1.4568003080785275,0.5785496309399605,-0.0835388150298968,0.008528931637556525,1.71738369949162,0.9592613660497591,0.6446748515591025,0.702070452272892
663552,0.0086166558903642,0.07799632288515568,2.762181743979454,0.8163499813526869,-0.06308414295199327,0.036907833244185895,1.2245918288826942,0.27581086405552924,0.47649024799466133,1.5307209780439734
664576,-0.007488538591132965,0.030466111726127565,2.4500178769230843,0.5203287536278367,-0.0655240792548284,0.012572870487929322,1.2915134895592928,0.4086171491071582,0.764246896840632,2.4839313263073564
665600,-0.021975794312311336,0.012988299131393433,2.147292297333479,0.7081603836268187,-0.026244015316478908,0.007220124127343297,0.7951581246452406,0.3094552300754003,1.370862552896142,2.857327565550804
666624,-0.0065772114612627774,0.08334794268012047,1.895323634147644,0.5017059911042452,0.030504408641718328,0.031451708113308996,0.6690074575599283,0.3843455072492361,0.7112243194133043,1.5083102015778422
667648,5.891357432119548e-05,0.02274527722329367,1.6753778290003538,1.5689662424847484,-0.013546490081353113,0.004614463687175885,0.4634792177239433,0.1809341050684452,0.8507172334939241,0.6975653977133334
668672,0.0035712572134798393,0.016416832702816464,1.7643008008599281,0.40813853964209557,-0.008128777932142839,0.003897235274052946,1.5024607963860035,0.4001428526826203,1.4141284860670567,0.5719839334487915
669696,0.00450532216927968,0.050336351385340095,2.6523281261324883,0.6870986297726631,-0.042973681061994284,0.010150982911000028,1.0775847844779491,0.24307882832363248,0.7716739382594824,1.8203027984127402
670720,0.062051149405306205,0.047271026007365435,3.154434099793434,1.268089897930622,-0.023943412277731113,0.010741737351054326,1.73342365026474,0.5580547116696835,1.099017821252346,0.6793409832753241
671744,0.03846504364628345,0.040256811829749495,3.0168317407369614,0.8385601341724396,0.002367570617934689,0.020835308474488556,0.46925297123380005,0.09764317743247375,0.9081326983869076,0.5089955697767437
672768,0.03278071267413907,0.07785739924293011,2.1246953941881657,0.5849847448989749,-0.022110516321845353,0.021355536009650677,1.7650911659002304,0.40453095082193613,0.6805571988224983,1.5803304929286242
673792,0.04130034873378463,0.042492059408687055,2.3780633583664894,0.9336462132632732,-0.014661654364317656,0.008325092741870321,1.4871161580085754,0.3160348767414689,1.3000496597960591,0.88072919100523
674816,-0.008718951561604626,0.012768427623086609,1.369121365249157,0.232891243416816,-0.02349399245576933,0.00580186267325189,0.38859902042895555,0.08036539040040225,0.5861952193081379,1.3161667427048087
675840,0.006770663094357587,0.05490806623129174,1.9472535215318203,0.4376450730487704,-0.01337635683012195,0.018908622849266976,0.8552763052284718,0.1441219716798514,0.7285981718450785,1.5245908973738551
676864,0.04556854712427594,0.019440669799223542,2.4329341128468513,0.6445641480386257,-0.01715482969302684,0.015358370234025642,0.8855641093105078,0.13927533361129463,0.691398792900145,2.772843036800623
677888,0.03561495446774643,0.0833651345456019,2.1749340035021305,0.6078094001859426,-0.0201932489144383,0.014501561265205964,1.0386057728901505,0.21403293893672526,1.1337346285581589,0.9362632445991039
678912,-0.006140311277704313,0.044576430576853454,0.8509092666208744,0.14348955207969993,-0.028410235478077084,0.012184261679067276,0.8218546705320477,0.14756024605594575,0.8671092903241515,0.7887820899486542
679936,-0.0411104325321503,0.02193800386157818,1.1795607339590788,0.271626649890095,0.014399723149836063,0.005440399771032389,0.6151448839809746,0.13794643536675721,0.7550228843465447,1.2177216345444322
680960,0.04197587934322655,0.08067800488788635,3.2138349562883377,1.3596690259873867,-0.0005021383112762123,0.014116772392299026,1.4375267876312137,0.32028165739029646,0.7561707319691777,0.7538385363295674
681984,0.0270056976005435,0.029439241799991578,1.3739781267940998,0.43578201718628407,0.0038591141055803746,0.011390399165975396,0.08817649481352419,0.010172275709919631,0.48553683748468757,0.7517498480156064
683008,0.004383103689178824,0.06276661658193916,1.675619926303625,0.5248023234307766,-0.00038614298682659864,0.019567344919778407,0.03985354537144303,0.0037930234102532268,0.6764314519241452,1.5250713545829058
684032,0.009912772598909214,0.0281413020711625,2.5336274951696396,0.8078468255698681,-0.012630230543436483,0.009828715235926211,0.6056720205815509,0.12411748303566128,0.9174551591277122,1.295806709676981
685056,-0.002462830554577522,0.047010562382638454,2.026089821010828,0.47453286685049534,-0.012353613448794931,0.011271516952547245,0.9129739329218864,0.16782217076979578,0.8440488753840327,0.759614379145205
686080,0.019140363328915555,0.037415540020447224,1.2215060032904148,0.3174421014264226,0.0018886890029534698,0.005997588297759648,0.10079016746021807,0.011570949922315776,0.9344583954662085,1.4198710527271032
687104,-0.0021134002308826894,0.02658168967172969,0.982812600210309,0.1734754224307835,-0.0046818278497084975,0.009171928017167374,0.3827050942927599,0.061655625933781266,0.8071267427876592,0.8200417924672365
688128,-0.005550846748519689,0.053218927641864866,1.5494000725448132,0.2965219346806407,-0.038795858214143664,0.0028540717030409724,2.0698117166757584,0.5346789197064936,0.773065292276442,0.23514541541226208
689152,-0.00818340148543939,0.022010835135006346,0.8946796543896198,0.15257205185480416,-0.01471971528371796,0.004269083216058789,0.23109660984482616,0.050293403677642345,1.1081863548606634,1.4230583310127258
690176,0.04723367586848326,0.05871328397188336,1.7271802127361298,0.6290245819836855,-0.02427457286103163,0.010441892532981,1.4711417742073536,0.29473911644890904,0.6882394040003419,0.5330700320191681
691200,0.004820526737603359,0.02698884154233383,1.7765125595033169,0.5306839877739549,-0.009096695168409497,0.008363097047549672,0.5017194803804159,0.07533838180825114,0.6833881130442023,1.3792651128023863
692224,-0.01024686504388228,0.041921833995729685,1.4120309501886368,0.22158158291131258,-0.009467107418458909,0.007685889991989825,0.2810290034394711,0.04829696111846715,0.6542509412392974,0.32388179493136704
693248,0.014069006952922791,0.01044260301569011,2.018258161842823,1.0142044080421329,0.12304469681112096,0.0033562245916982647,1.552500044927001,0.7561603500507772,1.2435991577804089,0.9512434406206012
694272,0.009559400263242424,0.061056504026055336,1.5999505743384361,0.4132903115823865,-0.01745036689681001,0.010487345163710415,0.3623586241155863,0.11915747821331024,0.8110645832493901,1.1972072077915072
695296,-0.003947876568417996,0.04110811400460079,1.8139511123299599,0.2867196099832654,-0.019181120645953342,0.006469155850936659,0.24661007605027407,0.1269938030745834,0.9199671447277069,0.6654672990553081
696320,0.020821409445488825,0.01742354287125636,1.5031673312187195,0.3392152041196823,-0.025908660813001916,0.005740774991863873,0.18836649041622877,0.11721830308670178,0.6380435330793262,0.6892614373937249
697344,0.018034210064797662,0.047507669834885746,1.4826953038573265,0.40318675711750984,0.020189656090224162,0.005640982904878911,0.5066672582179308,0.26912946067750454,0.77599021140486,1.3616803847253323
698368,-0.043130834586918354,0.02599259329144843,1.5554058477282524,0.3783090077340603,-0.047382900811498985,0.00423604431853164,0.418505372479558,0.1436045274604112,0.6148883113637567,0.41349901212379336
699392,-0.019488946185447276,0.02028329679160379,0.6820945255458355,0.1092413195874542,-6.921633030287921e-05,0.004706585801613983,0.011719197151251137,0.00119515520054847,0.974664656445384,0.22693531936965883
700416,-0.012437853678420652,0.04931476985802874,1.4201672039926052,0.3285486241802573,-0.005308184016030282,0.014540733493049629,0.2597362333908677,0.09226710291113704,0.6794463451951742,0.2669646635185927
701440,0.019626356282969937,0.04225516103906557,2.141476470977068,0.4942326620221138,-0.012862631047028117,0.009936522896168754,0.6177197359502316,0.22562422836199403,0.6182187702506781,1.400049226358533
702464,-0.04475515830563381,0.008411270915530622,1.3327414747327566,0.2525688339956105,-0.018606027340865694,0.0021986190258758143,0.20279361912980676,0.0488466041861102,0.9127578279003501,0.5011393297463655
703488,-0.006685675311018713,0.02773652004543692,0.857853889465332,0.10583650879561901,-0.0065136702614836395,0.0043276014548609965,0.22063504345715046,0.07522479980252683,0.8277485854923725,0.485949361580424
704512,-0.05455094976059627,0.006742740253685042,1.1155387666076422,0.22784194513224065,0.0005651554965879768,0.0008664486540510552,0.018993683013832197,0.0022985044633969665,0.5787043944001198,0.19508441782090813
705536,-0.03274375727050938,0.027020044799428433,1.6236384473741055,0.4245788352563977,-7.905979873612523e-05,0.01118607040552888,0.005546480402699672,0.0004258776316419244,0.9448887594044209,0.42293582996353507
706560,-0.09193638141732663,0.004030422292998992,2.0140232481062412,0.9077251944690943,-2.803676761686802e-05,0.006336599028145429,0.004578378298901953,0.00033211742993444204,0.13417280005523935,0.6395563384285197
707584,-0.014988583781814668,0.04322278033941984,1.5631150528788567,0.3971664449200034,-0.0009756969229783863,0.0076543011600733735,0.051336958655156195,0.007561970269307494,0.9120006170123816,0.7050957852043211
708608,-0.008114329364616424,0.03546260402072221,1.4766462966799736,0.30135992681607604,-0.06286933299270459,0.0031378577623399906,0.4889050889760256,0.49939293158240616,1.3582450933754444,0.24853689561132342
709632,-0.014885340875480324,0.004640724808268715,0.3170848423615098,0.03884321694204118,-0.0005081159761175513,0.0037367197437561117,0.022032394830603153,0.0026261418825015426,0.9033893067389727,0.5305503141134977
710656,-0.0023121394187910482,0.016213420021813363,1.1721892058849335,0.38468378968536854,0.0034610078437253833,0.0114241240080446,0.3237481783144176,0.11124993354314938,0.6807579398155212,0.6063180649653077
711680,-0.01016030099708587,0.03195018362021074,1.0125571675598621,0.23121502436697483,-0.015898441459285095,0.00608729670784669,0.6393657950684428,0.15485864877700806,1.3036345904693007,0.7761778351850808
712704,0.0023271437967196107,0.015244268957758322,0.30919313058257103,0.05035608768230304,-0.00757881959725637,0.00332195590090123,0.5886049531400204,0.12446443876251578,0.5004097940400243,1.2028468414209783
713728,0.01504538202425465,0.016549296575249173,0.8048384878784418,0.18283990118652582,-0.014488336892100051,0.004770661354996264,0.1704517505131662,0.03139131993521005,1.2138391751796007,1.1784713580273092
714752,-0.012934638929436915,0.006059375580662163,0.23884094506502151,0.042112068738788366,-0.043043551850132644,0.0030936183848098153,1.5615822980180383,0.7798397573642433,1.057067759335041,0.5106683145277202
715776,-0.010126064473297447,0.037872351007536054,0.6046577282249928,0.13371441490016878,-0.05580253392690793,0.013019567762967199,1.5691417660564184,0.6171145522966981,0.7943411134183407,0.5608008704148233
716800,0.017889983137138188,0.05125069012865424,1.2906005419790745,0.3364947661757469,-0.008324525668285787,0.014998184647993185,1.8201433718204498,0.5523798828944564,0.8207852533087134,0.5909643284976482
717824,-0.00431410560850054,0.03435577152413316,0.9489890336990356,0.20968657219782472,-0.05301795669947751,0.020190652125165798,0.5869751581922174,0.23444995749741793,0.6815321720205247,0.7177603821037337
718848,0.002328214468434453,0.033404941961634904,1.11949909850955,0.24857109691947699,-0.028770480828825384,0.038716406270395964,1.2880838755518198,0.2803910947404802,0.8610876109451056,2.139449929818511
719872,-0.019144641417369712,0.004015798636828549,1.3421144802123308,0.3762709442526102,-0.036657370219472796,0.0011392070337024052,0.2338456972502172,0.04165545804426074,0.6710015377029777,0.2448498783633113
720896,0.021510080201551318,0.0299461756949313,1.601632259786129,0.3708904590457678,-0.033611765247769654,0.04582491226028651,0.9402957651764154,0.1654961158055812,0.9228655975311995,1.3254752862267196
721920,-0.0017634146206546575,0.06686872360296547,2.411117300391197,0.7423626780509949,-0.0008439887315034866,0.02112032304285094,0.4456501295790076,0.06267393985763192,0.9142946498468518,2.121475376188755
722944,-0.018377963337115943,0.029678364633582532,1.033937405794859,0.2519974955357611,-0.023626322246855125,0.021919983031693846,1.0548740793019533,0.24626843933947384,1.4061308121308684,2.0542064886540174
723968,0.01602412184001878,0.0322583366651088,1.295350730419159,0.24467053450644016,-0.0110596539452672,0.008546830773411784,0.16604427131824195,0.04279356240294874,0.8480626810342073,0.7150280135683715
724992,0.011521724285557866,0.039311237807851285,1.674214106053114,0.37913968693464994,-0.0068219725508242846,0.008974578689958435,0.679790074005723,0.1283828258747235,1.0736540025100112,0.795766650699079
726016,-0.008238943468313664,0.07890121737727895,2.1176868192851543,0.4703607792034745,0.0017840364307630807,0.03517662253580056,1.0088638849556446,0.16937868110835552,0.8408562312833965,3.129254170693457
727040,-0.01812981432158267,0.019698919517395552,0.8578084241598845,0.24973414884880185,0.0009734834893606603,0.011488763033412397,0.016008110309485346,0.001253939582966268,0.7138270330615342,0.6712342228274792
728064,0.02606638104771264,0.013064909930108115,0.10057312645949423,0.030120620562229306,7.169030141085386e-06,0.008516789217537735,0.0022577257332159206,0.00015331991016864777,0.864634785335511,0.08210338436765596
729088,0.016141835367307067,0.011425433011027053,1.1945342235267162,0.22539410553872585,-7.770361844450235e-05,0.011277008838078473,0.0014517440504278056,9.63312340900302e-05,1.302533071488142,0.4967650496400893
730112,-0.008965040877228603,0.004411789144796785,1.342287328094244,0.20570284686982632,-0.00021951080998405814,0.0029718796176894102,0.009958267051842995,0.0007839031750336289,2.0392720494419336,0.29516438191058114
731136,0.004013906145701185,0.026531492825597525,1.8584814108908176,0.4910266960505396,-0.003035396061022766,0.011231806725845672,0.2782897686411161,0.0458548889728263,0.6852374114096165,0.3221322586759925
732160,0.010634464590111747,0.07422515889629722,1.9222343601286411,0.37348740361630917,0.004935967590427026,0.025693423522170633,1.5133622139692307,0.3324030232615769,0.9160042712464929,0.7062898967415094
733184,-0.0016078290063887835,0.02070484490832314,2.6327474266290665,0.7160686273127794,-0.015950652581523173,0.007932811975479126,1.1717164050787687,0.24540312122553587,0.6141418600454926,0.5897928080521524
734208,-0.052077475826081354,0.007943320015328936,3.4232355281710625,0.9845557697117329,-0.01471137916087173,0.004254599494743161,0.5628612758591771,0.09169157757423818,1.291136495769024,0.7494601639918983
735232,-0.014078179141506553,0.0034065404761349782,0.9929676633328199,0.2010841048322618,-0.04272029912681319,0.005099466685351217,1.332532427739352,0.31884463294409215,1.2687061056494713,0.5307388440705836
736256,0.004895192541880533,0.03528958628885448,1.2097950540482998,0.19689595652744174,0.016329981393937487,0.023598079744260758,0.3344441794324666,0.09659752907464281,0.71260950807482,0.5494248559698462
737280,-0.0005908462917432189,0.051812998892273754,2.2205173149704933,0.49566673673689365,0.010084642533911392,0.03653646394377574,1.2719334848225117,0.25356382690370083,0.6128162201493979,2.166974227875471
738304,-0.00659772296785377,0.04068072757218033,1.7212409377098083,0.4409999931231141,-0.06001011753687635,0.01742314171860926,2.1781020909547806,0.9665657132863998,0.5651182946749032,0.6729712365195155
739328,-0.01869134252774529,0.020529096975224093,2.0274806283414364,0.49844863824546337,-0.042834715597564355,0.011087600229075179,0.8936463029822335,0.4656651612604037,0.7775706183165312,0.44452981604263186
740352,0.01378144635236822,0.05243646039161831,0.49327053781598806,0.0850695000262931,-0.03293475124519318,0.025153614551527426,2.802702136337757,1.5260729175060987,0.6788959223777056,0.7302025402896106
741376,0.009758566389791667,0.002184009841585066,1.526987038552761,0.28273498732596636,-0.003933978790882975,0.002043432672508061,0.22856285329908133,0.044817356567364186,0.6177953206934035,0.36870964942499995
742400,0.013063001257251017,0.02767601062078029,1.1549953073263168,0.25447360146790743,-0.010228684492176399,0.008503621240379289,0.3565402243984863,0.06463498156517744,1.0783707946538925,0.4085028204135597
743424,-0.0053675683157052845,0.02045469600125216,1.14290302246809,0.17683842731639743,-0.0014906344295013696,0.007785766378219705,0.08622186235152185,0.012447066197637469,1.2621261794120073,0.6265874742530286
744448,-0.011035431787604466,0.05298351345118135,1.111139202490449,0.18027879437431693,-0.02732117535197176,0.011352290282957256,0.9281362053006887,0.28767230664379895,0.8405561028048396,0.5671902843751013
745472,0.008498439128743485,0.057582746958360076,1.6545698419213295,0.3282505292445421,-0.0659285620204173,0.012553724751342088,1.7392567582428455,0.8087646565400064,0.8120787031948566,0.45438979007303715
746496,0.009049647080246359,0.05542467813938856,1.6734874993562698,0.3463681349530816,0.0038401239144150168,0.026063248980790377,0.4431000603362918,0.06778837216552347,0.8112800689414144,1.5431654378771782
747520,-0.0025315590028185397,0.06299858231795952,2.296892896294594,0.6193434689193964,-0.03136802543303929,0.02020688289485406,1.5765745863318443,0.3024279521778226,0.7938140877522528,1.2245251787826419
748544,-0.009448440228879917,0.044177091389428824,1.7600655481219292,0.4278922025114298,0.0029384878871496767,0.01061182604462374,0.21596088842488825,0.029641085711773485,0.761625487357378,1.601461206562817
749568,0.00801657504052855,0.005145111586898565,0.7182056438177824,0.12210819590836763,-0.058772798627614975,0.008666031731991097,1.2242882223799825,0.46592325618257746,0.9025578247383237,1.4614561996422708
750592,-0.04489078716142103,0.003243591643695254,0.7090396718122065,0.808787566726096,-0.020963279763236642,0.002254922992506181,1.1137119019404054,0.5605759329046123,0.542761581717059,0.4306125734001398
751616,-0.007857735618017614,0.08894053322728723,1.3300443850457668,0.3389797816053033,0.0275354522455018,0.025737866177223623,1.147499127779156,0.4593848173972219,0.538817728869617,0.8037655344232917
752640,-0.030579381971620023,0.03588275480433367,1.1142430566251278,0.322815477848053,-0.02165917871752754,0.005856847710674629,1.310261495411396,0.3005652150604874,0.5664221527986228,0.4448227738030255
753664,0.012118732367525809,0.037787235458381474,2.567846067249775,0.622388755902648,0.001569370535435155,0.019567163661122322,1.2045807354152203,0.21637336537241936,1.0573757784441113,2.648144284263253
754688,-0.020447633345611393,0.030006849832716398,1.6716233976185322,0.5598971284925938,-0.05260892605292611,0.003444264359131921,0.9402225222438574,0.2374567377846688,0.5407849503681064,0.712787208147347
755712,-0.00953616452170536,0.06392328056972474,1.455610305070877,0.1893026006873697,-0.006177718023536727,0.011096620364696719,0.5425618160516024,0.08299792720936239,0.7161845015361905,1.0779528236016631
756736,-0.06492726289434358,0.006263307630433701,0.9261356554925442,0.27211135788820684,-0.07314821786712855,0.0040916040270531084,0.8094263887032866,0.25319543667137623,0.32072519161738455,1.278886878862977
757760,-1.6021484043449163e-05,0.0025675176439108327,0.0013979626637592446,3.886397462338209e-05,-0.06288925022818148,0.0021921414672760875,2.674347917083651,1.434333095443435,0.14594866425613873,0.3217535533476621
758784,0.003137508567306213,0.0107988038653275,1.3061186072591227,1.2688498675706796,-0.0036876288650091738,0.004104630530491704,0.7268419521860778,0.3206823531072587,1.013978962204419,0.8220134484581649
759808,0.031022689014207572,0.06627749046310782,3.0401169061660767,0.8698094300925732,-0.020092277642106637,0.010798543182318099,1.3484084736555815,0.35160599811933935,0.862898699939251,1.2908751801587641
760832,0.016533230649656616,0.0839758327929303,2.2697052881121635,0.5072255320847034,-0.008879677043296397,0.01781195163493976,0.4258888768963516,0.07110920699778944,0.7500081583857536,0.8540550554171205
761856,0.018214138050097972,0.09111310495063663,1.7818793281912804,0.4209389351308346,-0.02335703602875583,0.01609322862350382,1.3831731751561165,0.30876745749264956,0.5811558361165226,0.5912903062999249
762880,-0.061240552488015965,0.007457310595782474,0.4108363091945648,0.10989842656999826,-0.05649112173705362,0.003750698642761563,0.38843686832115054,0.09419767290819436,0.38960589363705367,0.4347472443478182
763904,0.009054551657754928,0.08904013526625931,1.6167029477655888,0.39502930268645287,-0.007320375647395849,0.014523886289680377,0.6902145314961672,0.13811094174161553,0.9073741277679801,0.8852757751010358
764928,-0.033566524856723845,0.019276705424999818,0.9237965270876884,0.15899112354964018,-0.017207976707140915,0.0056392551596218254,1.4278495935723186,0.4410491179442033,0.7349587553180754,0.39677854743786156
765952,-0.021864318128791638,0.05806423304602504,1.741737212985754,0.31115253642201424,0.0004295517865102738,0.018500211532227695,0.8839117623865604,0.17404565424658358,0.7578261736780405,1.0746002262458205
766976,-0.0023697651049587876,0.07233160373289138,1.6780429407954216,0.29515986796468496,0.0059381786559242755,0.015535313243162818,0.9801450036466122,0.2960236896760762,0.876433240249753,0.8198342379182577
768000,-0.00013328327622730285,0.07630205096211284,2.015461526811123,0.4193655652925372,-0.005752371362177655,0.018897269357694313,0.6787296999245882,0.13157873903401196,0.6316250013187528,2.005194533150643
769024,0.03129599124076776,0.052474008058197796,1.5289536714553833,0.3830248452723026,-0.04098770083510317,0.009372422660817392,1.3721637018024921,0.24579888908192515,0.8627661662176251,0.7862197677604854
770048,0.014673990473966114,0.07428201229777187,2.1816994138062,0.5081236939877272,-0.011425067554228008,0.013425690907752141,1.2846932392567396,0.2279606256633997,0.8654982289299369,1.0967279691249132
771072,-0.002589313662610948,0.03082483191974461,1.1118705049157143,0.2186052557080984,-0.004220675356918946,0.009787315924768336,0.19217950059100986,0.025003686896525323,0.8865573322400451,3.487066175788641
772096,0.004170138519839384,0.009205271693645045,0.64913434907794,0.1893938104622066,-0.01895838524797,0.023535475425887853,0.5541176688857377,0.085285225068219,1.1034260652959347,6.883942887187004
773120,-0.011820872823591344,0.03275985244545154,0.8279020991176367,0.20264167478308082,0.014347782591357827,0.025649928051279858,0.9242400210350752,0.1632033186033368,0.7399069722741842,3.485512656159699
774144,0.011136722430819646,0.07427687267772853,1.3215362280607224,0.2592200762592256,-0.020204163360176608,0.007111010287189856,1.444281606003642,0.2844167724251747,1.109570206142962,0.5055762422271073
775168,0.00899817697063554,0.05463117337785661,1.85156025364995,0.40221041440963745,-0.0010682392166927457,0.019025318324565887,0.8193928459659219,0.14506819937378168,0.7499881181865931,1.3857753733173013
776192,-0.02335285220760852,0.015747433637443464,1.495282854884863,0.26758549781516194,-0.03954752688878216,0.01779001738759689,1.6951266583055258,0.3435035103466362,0.47298754658550024,4.235499758273363
777216,0.004469732608413324,0.10323346871882677,2.332167111337185,0.5149550773203373,-0.007932769949547946,0.01327839124132879,0.90715042501688,0.15463585569523275,0.6239895550534129,1.3539731344208121
778240,0.0113058342540171,0.03290502532036044,1.8435942009091377,0.39919154625386,-0.011339330929331481,0.009732867576531135,0.6283881962299347,0.1424009256879799,0.987643402069807,0.6394741558469832
779264,-0.07424168474972248,0.020469314651563764,3.0401441752910614,1.0993939749896526,-0.057727018429432064,0.00880848168162629,2.02105925232172,0.6204352781642228,0.3356201108545065,0.5823061875998974
780288,-0.008356924314284697,0.007187210841948399,0.4528802453278331,0.6442902634444181,-0.011644626298220828,0.0054454279015772045,0.20316561075742356,0.06463442463427782,0.5433261436410248,0.41641695669386536
781312,0.0007966027187649161,0.13779376912862062,2.6759928315877914,0.5557052437216043,0.014673873723950237,0.028657987219048664,2.0135906599462032,0.5273477109149098,1.0863719247281551,0.9507648851722479
782336,-0.011688671889714897,0.04395969130564481,2.435626447200775,0.4380884347483516,-0.015922017919365317,0.014256912894779816,1.443474331870675,0.29085450479760766,1.0153128309175372,0.765768313780427
783360,-0.001558980773552321,0.016483526560477912,2.2881525307893753,0.5622804490849376,-0.010387212736532092,0.00866667258378584,0.986091697588563,0.16375365760177374,0.46403938438743353,1.730248799547553
784384,-0.0027297386550344527,0.02356230534496717,2.2149049937725067,0.7091371370479465,-0.008114885917166248,0.01392609829781577,1.0645880550146103,0.1763426153920591,1.0331583553925157,4.366257322952151
785408,0.0422644880018197,0.018245385464979336,2.5313924476504326,0.7781531643122435,-0.04259987504337914,0.008626538110547699,0.9917646367102861,0.20367961865849793,1.1950929434970021,0.8526779301464558
786432,-0.003059683309402317,0.04157622897764668,3.332181379199028,0.8916867189109325,-0.011972326610703021,0.007790504037984647,0.5870149731636047,0.1128539009951055,0.5844966885633767,1.1718707671388984
787456,0.021983874306897633,0.10030000749975443,2.3913993164896965,0.8127185218036175,-0.007678378402488306,0.009820623236009851,0.9032192779704928,0.161886622547172,1.0704313283786178,0.6410879106260836
788480,-0.010078726831125095,0.04858441831311211,2.3431602753698826,0.8378295032307506,-0.03909695574839134,0.007861100988520775,1.131276709958911,0.19797411793842912,0.5751736457459629,1.0926593323238194
789504,-0.022953954263357446,0.05410905269673094,2.339364156126976,0.6483877040445805,-0.02059491295949556,0.01683301209413912,0.9530997704714537,0.1814235030906275,0.5687232296913862,1.2102506095543504
790528,0.0064944512268994,0.0928848140174523,3.2823342233896255,1.1480655632913113,0.000813971390016377,0.03388467070180923,0.4857081975787878,0.08697933959774673,0.7690416406840086,1.1803514109924436
791552,0.025791233987547457,0.11396406684070826,2.989370211958885,1.1469049341976643,-0.015711029947851785,0.03183745552087203,1.2031673919409513,0.2247910867445171,1.033569324761629,1.0035563902929425
792576,-0.003952429455239326,0.06778261600993574,1.805642943829298,0.39808114897459745,-0.012672143231611699,0.019215287538827397,0.9330323897302151,0.1621181257069111,0.8210599329322577,1.3662868402898312
793600,-0.002307179311173968,0.0559956292854622,2.073034431785345,0.5305250948294997,-0.0010051336139440536,0.01648518641013652,1.1672242525964975,0.2525596560444683,0.6091560246422887,1.0788583364337683
794624,-0.004334547033067793,0.04185327925370075,2.214452363550663,0.5026753256097436,-0.00784477507113479,0.013410140585619956,0.7310812491923571,0.12151627987623215,0.8280318453907967,2.1902107633650303
795648,0.01244741166010499,0.05134650750551373,2.3789698779582977,0.5999495033174753,-0.022738311061402783,0.01870753924595192,0.9766448047012091,0.16223770775832236,0.5757927149534225,2.4569763094186783
796672,-0.014426169771468267,0.07217480486724526,3.2054747864603996,0.811958696693182,-0.009329156557214446,0.015070499299326912,1.3652594238519669,0.24788732593879104,0.6236017988994718,1.125094155780971
797696,-0.0010476290044607595,0.08981170877814293,3.018905058503151,0.8821149989962578,-0.008659398823510855,0.019726125843590125,1.0933676846325397,0.1753857578150928,1.00039629265666,1.562646926380694
798720,-0.015403418045025319,0.06183817097917199,1.8506683893501759,0.5393993090838194,-0.051764232746791095,0.01779576927947346,1.295346725732088,0.259040214587003,0.7032434558495879,0.8128477418795228
799744,0.009265430489904247,0.06025182793382555,2.1561611481010914,0.4559472054243088,-0.01575983955990523,0.014082958630751818,0.951328232884407,0.15363172115758061,0.7878456143662333,1.402816204354167
800768,0.002500666509149596,0.09592772414907813,2.553359977900982,0.6549579799175262,-0.020158451836323366,0.015959831507643685,0.6198427993804216,0.12297505955211818,1.0761597538366914,1.6508156438358128
801792,-0.011269320733845234,0.054252903908491135,2.6200818344950676,0.7374670412391424,-0.004758880415465683,0.01029826229205355,0.9712525103241205,0.17005597217939794,0.7399197854101658,3.1690697711892426
802816,0.018690404103836045,0.037432231940329075,3.5813456997275352,1.1081741973757744,-0.02972400389262475,0.017594973120139912,1.0385910868644714,0.18575337994843721,0.9574460964649916,1.662977796047926
803840,-0.0011286886146990582,0.05291111348196864,1.9744798205792904,0.5227080481126904,-0.022990314348135144,0.023613273428054526,0.5967461224645376,0.10336106573231518,0.8284055273979902,2.8754855804145336
804864,0.00429384276503697,0.03865334813599475,2.695920869708061,2.0784690123982728,-0.014681433356599882,0.015143453420023434,0.35380016919225454,0.09001454233657569,0.6252482919953763,1.2074406710453331
805888,0.004902931905235164,0.08744826843030751,3.021902307868004,0.8787066712975502,-0.014432941912673414,0.04459028446581215,1.3883219081908464,0.33144570072181523,0.8418784076347947,1.2151180980727077
806912,-0.012609694269485772,0.014281787051004358,3.685010716319084,1.282419078052044,-0.0513067765859887,0.003952997110900469,0.3842334779910743,0.11974790773820132,0.8831414193846285,1.451864573173225
807936,-0.001759556427714415,0.031252194225089625,1.5348311103880405,0.4471120908856392,0.00038579196552746,0.009931636057444848,0.3829873325303197,0.05423358199186623,0.5308230435475707,2.639372174628079
808960,-0.006841374735813588,0.10203981352970004,1.7264608033001423,0.5592963313683867,-0.006919353880221024,0.025200842646881938,0.9016689220443368,0.2303814544575289,0.809203801676631,1.200669787824154
809984,0.02231193425541278,0.019927960660425015,3.279731184244156,1.266200963407755,-0.0264790130459005,0.011278143851086497,0.981208024546504,0.19247743184678257,0.3702645217999816,2.052809711545706
811008,0.02201917073398363,0.05420691170729697,1.6179672926664352,0.45094943325966597,-0.031073826539795846,0.007340448588365689,1.1168794520199299,0.2298807082697749,0.9127402137964964,0.8782903188839555
812032,2.6938098017126322e-05,0.06461401749402285,1.4878167435526848,0.47434633038938046,-0.0012218677147757262,0.009164667855657171,0.21692148852162063,0.0336318250047043,0.787380532361567,1.4644685722887516
813056,-0.011738636123482138,0.0397434072510805,1.6314283683896065,0.6733475774526596,-0.024880867582396604,0.010166749940253794,1.2174185458570719,0.4219655627384782,0.6241641780361533,1.3690978307276964
814080,0.016737154350266792,0.12347693298943341,2.5826869271695614,0.781138313934207,-0.01371281361207366,0.03065310954116285,0.9964055325835943,0.24704905692487955,0.946931404992938,1.2879523811861873
815104,0.006986815860727802,0.041328458581119776,1.9677271023392677,0.5193799789994955,-0.020971649297280237,0.008608638469013385,0.597090682014823,0.09694693610072136,0.9767657648772001,1.9814433157444
816128,-0.01412310276646167,0.07173241616692394,2.185036227107048,0.3999557485803962,-0.04472006403375417,0.020837491247220896,2.139104686677456,0.5464297533035278,0.6242924854159355,1.0254988986998796
817152,-0.012210143584525213,0.01686258814879693,1.3091740366071463,0.3354071876965463,0.0011242715117987245,0.014600110211176798,0.04112025391077623,0.003708322416059673,0.836256192997098,3.3352348525077105
818176,-0.008616088947746903,0.015537202591076493,1.0764144845306873,0.29230885161086917,-0.03780933973030187,0.005042991433583666,0.38320493744686246,0.10657476726919413,1.1733581507578492,0.9412365453317761
819200,0.03904672508360818,0.1006208611652255,2.648419827222824,0.7336186654865742,0.03410884155891836,0.026192635530605912,0.7564285774715245,0.24418785813031718,0.9877083050087094,1.4184904424473643
820224,0.005962028721114621,0.04127596615580842,1.851759485900402,0.32590437307953835,-0.0011101574636995792,0.016983231820631772,0.07859635521890596,0.008376017794944346,0.8096667639911175,0.9365826742723584
821248,0.0010826283978531137,0.0285230741428677,1.5254806727170944,0.4513542763888836,-0.04384968263912015,0.013273342134198174,0.6744803097099066,0.2082174599636346,0.5851999828591943,1.872826512902975
822272,0.0075547472515609115,0.02851230086525902,1.315001118928194,0.25847946386784315,-0.058028480314533226,0.006282652604568284,1.8248788639903069,0.4945768369361758,0.8676154734566808,0.5710708512924612
823296,0.01647459514788352,0.049361809622496367,1.660457480698824,0.35511436220258474,-0.01532901922473684,0.01050855619541835,0.40784863429144025,0.07378617179347202,0.8082079933956265,0.7002697894349694
824320,-0.015248635754687712,0.04620185773819685,1.4732086881995201,0.27881247643381357,-0.014293669810285792,0.01184488860599231,1.5244645131751895,0.42577421851456165,1.0324211698025465,0.9191702851094306
825344,-0.02605972760648001,0.04916780098574236,2.161772470921278,0.34889313764870167,-0.004826252989005297,0.014376456834725104,1.2010393850505352,0.22699620574712753,0.765816486440599,1.1207717852666974
826368,-0.0031946992239682004,0.03185082215350121,2.0073626674711704,0.3633510791696608,-0.03153737590764649,0.015363019090727903,1.4392239339649677,0.30288593750447035,0.45650981133803725,1.2089370293542743
827392,-0.01582352329569403,0.06004094041418284,3.0283427760004997,1.0838227272033691,0.010849245241843164,0.012227041079313494,0.08404417224301142,0.03947666648309678,0.6296006762422621,0.5218134066089988
828416,-0.06630840312573127,0.003082510553213069,2.31164837628603,0.6824554442428052,9.208085248246789e-05,0.00099363688059384,0.0021849449985893443,0.0001625914592295885,0.7071471428498626,0.5582166851963848
829440,0.0021188983955653384,0.02985725610051304,1.4952783770859241,0.3415927719324827,-3.851018846035004e-06,0.008883955852070358,0.00033496713604108663,1.945788972079754e-05,0.813837019726634,0.5053945649415255
830464,0.020909498445689678,0.0361049227649346,3.5728364288806915,1.124020704999566,7.279944838955998e-06,0.01954740118526388,0.0018515543888497632,0.00013175769709050655,1.2453696196898818,0.9925392586737871
831488,-0.01057584006775869,0.06857421947643161,2.4090023040771484,0.5020628487691283,0.00016003393102437258,0.010302402908564545,0.005643690819852054,0.0004296497208997607,0.949943351559341,1.8762817410752177
832512,0.0385011846665293,0.13165407557971776,2.704745575785637,0.8343871794641018,-1.1476950021460652e-05,0.014298574882559478,0.006565084317116998,0.0005083542782813311,1.181478263810277,1.23286143084988
833536,-0.01966036261728732,0.0130912945169257,2.571039706468582,1.1508929654955864,1.287224586121738e-05,0.007706504999077879,0.0009716656240925658,6.155483424663544e-05,0.49043242540210485,1.1284767638426274
834560,0.017612345662200823,0.030450901860604063,2.0559843331575394,0.5404766211286187,-0.00017279342864640057,0.004841581878281431,0.020320058683864772,0.0015965021448209882,0.653327482752502,0.8717191279865801
835584,0.006188666098751128,0.033859418239444494,2.758269175887108,0.6071258503943682,-0.05575891412445344,0.00652083677414339,0.9927519181510434,0.41772224771557376,1.0091566368937492,1.1220680554397404
836608,0.03651808727590833,0.09383251378312707,3.449675664305687,1.0303521901369095,-0.0023578831169288605,0.01970304999849759,0.8242941861972213,0.26400638942141086,0.9582867510616779,1.5998654351569712
837632,0.02132591042027343,0.06650243024341762,2.850369542837143,0.7658643703907728,-0.01849853913881816,0.01713412831304595,1.008987545967102,0.17384599265642464,0.8429220840334892,1.4926386354491115
838656,0.021549996090470813,0.05167061963584274,3.0489641278982162,0.7678128089755774,-0.021440996788442135,0.010463504731887951,0.4110294315032661,0.0768189535010606,1.0310343196615577,1.4347612159326673
839680,0.002463422351866029,0.07945453701540828,2.1505096219480038,0.40440902952104807,0.0009041230950970203,0.00816541604581289,0.04491169052198529,0.005912789725698531,1.3079186547547579,1.305213252082467
840704,0.020556310308165848,0.06096739484928548,2.9149221926927567,0.5694721583276987,-0.028791427132091485,0.016483474682900123,1.017953410744667,0.20850237319245934,0.9004330458119512,1.8056776020675898
841728,-0.016181366692762822,0.07307516178116202,2.030792161822319,0.35019870568066835,-0.018707955750869587,0.013639877826790325,1.025474859867245,0.27664330415427685,1.0211430191993713,1.0430938303470612
842752,-0.04733217053581029,0.010507683080504648,1.496503371745348,0.405488645657897,0.006571837846422568,0.0027317521644363296,0.0877995525370352,0.020662713272031397,0.47687660017982125,1.2159175848355517
843776,-0.01108646794455126,0.08901780447922647,1.4366799406707287,0.3727586464956403,-0.0016258282121270895,0.007949262231704779,0.04619584052124992,0.004550482961349189,0.9883870566263795,0.8358052656985819
844800,0.02342031875741668,0.03743911121273413,1.5887125134468079,0.5005132295191288,-0.03511107983649708,0.008255645938334055,0.9677924551069736,0.20000055257696658,0.7932543810456991,0.8306429982185364
845824,0.005173235113034025,0.0394940638798289,1.3300686031579971,0.24243562249466777,-0.03388186408847105,0.0027890757919522002,0.688693892210722,0.2757820961996913,0.9452333990484476,0.36671518289949745
846848,0.019062044011661783,0.024329277337528765,1.208936221897602,0.25279841711744666,-0.0429833818343468,0.0041231089089706074,2.1342282108962536,0.6215346301905811,1.2189548965543509,0.4763934938237071
847872,0.009882914455374703,0.04839065991109237,1.1374754793941975,0.17158970329910517,-0.03383274716907181,0.009526155183266383,0.6434966158121824,0.5288027701899409,0.9048591703176498,0.9833893156610429
848896,-0.028852858013124205,0.002582199580501765,0.8101633321493864,0.15040043462067842,-0.026314292845199816,0.010879043653403642,1.9338159851031378,1.5704959459835663,0.5432413830421865,2.3515873989090323
849920,0.0076106810083729215,0.07077616883907467,2.77211881428957,0.727513013407588,0.054134438425535336,0.042907606810331345,2.7869312688708305,1.0991227757185698,0.7966512497514486,0.6855772184208035
850944,-0.050133188924519345,0.0034264950882061385,0.5665138699114323,0.08899730793200433,-0.041075563873164356,0.0014246982698296051,0.1832330406177789,0.06847984349587932,0.16147112264297903,0.5885573248961009
851968,0.05517587444046512,0.11804764182306826,2.8349360823631287,0.8012471050024033,-0.008973600837634876,0.03274853667244315,0.8192489165812731,0.19417396979406476,1.1397725380957127,0.7121467129327357
852992,-0.03217283383128233,0.00541421342495596,0.3982257219031453,0.047231387987267226,-0.0001344631309621036,0.0018587442191346781,0.18164098949637264,0.026892622117884457,0.5733458609320223,0.9408739621285349
854016,0.012610430218046531,0.04906077065970749,2.3310092389583588,0.47136885207146406,-0.0057900101819541305,0.011861592953209765,1.5196271892637014,0.3781796912662685,0.6013605073094368,0.7125618625432253
855040,0.030147111989208497,0.015061858139233664,1.507295299321413,0.5125864055007696,-0.015875264987698756,0.01016758263722295,1.0857003275305033,0.19154823140706867,0.38723216112703085,2.91345320828259
856064,-0.0024735325714573264,0.0005170953413653478,2.447076290845871,0.6802730793133378,0.0014383528905455023,0.0035034056527365465,0.11208830028772354,0.014098942978307605,0.3119517979212105,1.12878088071011
857088,0.011325422441586852,0.020106521667912602,1.1243335828185081,0.40363592468202114,-0.013719780574319884,0.003967834069044329,1.6010741852223873,0.4527909904718399,0.8368858359754086,0.9143217969685793
858112,-0.0002533268998377025,0.007313426427572267,0.008075067307800055,0.0004883915244136006,0.00019421617616899312,0.0016003489790819003,0.03497764247003943,0.003033770131878555,0.3652341883862391,1.4633799847215414
859136,0.015875624696491286,0.040935984638053924,1.2304731830954552,0.4981887498870492,-0.01185786459245719,0.006554865241923835,0.7956773643381894,0.25690237688831985,0.6261374596506357,0.4759362838231027
860160,0.03207962532178499,0.08629710075911134,1.8038145750761032,0.5646002553403378,-0.03431930279475637,0.025575096165994182,1.2340634241700172,0.3025518050417304,0.8326822835952044,2.076917825266719
861184,0.0320836445025634,0.05010772874811664,1.6982792392373085,0.5573460413143039,-0.023984416940947995,0.005040823831222951,3.023823097348213,1.3872526036575437,0.6728105610236526,0.6026713841129094
862208,0.012551266263471916,0.04104978678515181,1.9888038150966167,0.5246593961492181,-0.028273371746763587,0.01534742015064694,2.2672057636082172,1.0262531731277704,0.7382246004417539,0.8052627784200013
863232,0.01533059825305827,0.027155320189194754,1.6496949344873428,0.5400477312505245,0.03372564403980505,0.006738816213328391,1.7452232614159584,0.9873294234275818,0.956670937128365,1.2026039324700832
864256,0.012276503053726628,0.06368040095549077,2.6966125518083572,0.6264371080324054,-0.015360853431047872,0.026514409692026675,0.9495563749223948,0.19135269988328218,0.8151658112183213,1.4643285190686584
865280,0.012008702149614692,0.06919796660076827,1.9964926093816757,0.2371378904208541,0.005402570648584515,0.01847685850225389,0.21099205454811454,0.035566479607950896,1.3170147854834795,1.8961863839067519
866304,0.0012320559762883931,0.002435579754092032,1.0395962446928024,0.03426734870299697,-0.045552533149020746,0.005526266231754562,0.9789845682680607,0.40018619946204126,1.1286563109606504,0.7829855007585138
867328,-0.0025712428614497185,0.03699640650302172,1.3578999564051628,0.3342589931562543,-0.015131063730223104,0.00741646443202626,1.5816934946924448,0.4639793620444834,0.8639509361237288,0.643451280426234
868352,-0.01385442064201925,0.004974916399078211,1.1750991325825453,0.7804384427145123,-0.04672827335889451,0.0016232107427640585,1.4831967040663585,0.9951986107043922,0.7965108938515186,0.561964008724317
869376,0.029787402250804007,0.05047612264752388,1.6253977753221989,0.4471944235265255,-0.012965354486368597,0.011490691991639324,0.7749361232854426,0.16597947501577437,0.6177251012995839,0.545385392382741
870400,-0.0029416692559607327,0.07969546609092504,2.2699602767825127,0.39939949475228786,-0.03900176286697388,0.006958266982110217,1.2681382708251476,0.4801454721018672,1.0536790993064642,0.9187401346862316
871424,-0.02991666254820302,0.03868216770933941,1.8610379919409752,0.36532409116625786,-0.07939511979930103,0.006773004297428997,1.8978473842144012,0.8300099191255867,1.0580637771636248,0.704682488925755
872448,-0.014455633456236683,0.026597570977173746,1.0401950385421515,0.20794901344925165,-0.04754122755548451,0.01173965641646646,1.117461921647191,0.36137229297310114,0.854973565787077,0.5950580630451441
873472,0.02182461804477498,0.028266116365557536,1.6592829190194607,0.3305227253586054,0.0014699244347866625,0.008190179847588297,0.05156728078145534,0.005179950734600425,0.5529350703582168,0.6558702969923615
874496,0.0326754572452046,0.018017998489085585,1.74228148534894,0.33544326573610306,-0.0004696212417911738,0.01007355893671047,0.04325561673613265,0.00407966785132885,0.7117867497727275,0.9014689032919705
875520,-0.017145580728538334,0.024027350737014785,0.8418540544807911,0.1221310889814049,-0.008976040844572708,0.010269292004522868,0.6430692095309496,0.1284485904034227,0.5659404946491122,0.7488580294884741
876544,0.030619787372415885,0.1151771992444992,2.4053191617131233,0.5350438850000501,-0.0059867826057597995,0.025874076993204653,1.0567571828141809,0.27562221768312156,0.9071283172816038,0.8740623136982322
877568,0.009216245438437909,0.07597319362685084,2.1008448973298073,0.4494995018467307,-0.029164176812628284,0.015520062675932422,0.8492040857672691,0.2108025336638093,0.9245644770562649,1.3125519854947925
878592,0.008356424485100433,0.0370265927631408,1.6740659698843956,0.3525053281337023,-0.011631883447989821,0.010874535088078119,0.551457004621625,0.1225765718263574,0.6756493933498859,1.1998842880129814
879616,-0.004806010227184743,0.05636878148652613,2.5604427978396416,0.49951245076954365,-0.02300602410105057,0.011622053469181992,1.0992506220936775,0.22203868068754673,0.6593988984823227,2.016051424667239
880640,0.02132028396590613,0.03422480949666351,2.194580815732479,0.6298984549939632,-0.047982316551497206,0.006988468827330507,0.9311987981200218,0.2207557763904333,0.5392737030051649,0.9603348127566278
881664,0.002105967723764479,0.019031743417144753,0.7814686950296164,0.1606225511059165,-0.0010649695177562535,0.005443212568934541,0.018140950764063746,0.0020398320630192757,1.256135274656117,0.4837294805329293
882688,0.01369152485858649,0.039828548033256084,1.6446383446455002,0.46123341377824545,-0.02210685977479443,0.02120789175387472,0.7589215273037553,0.13414873403962702,0.7121561411768198,1.5010481607168913
883712,0.018818003722117282,0.08412768447306007,1.6710997633635998,0.4587594363838434,-0.03898028651019558,0.03308372991159558,1.0620271880179644,0.2689621723257005,0.6900510685518384,1.3932525729760528
884736,-0.014164560212520882,0.043835703894728795,1.448816392570734,0.33065969683229923,-0.03704523268970661,0.011542223233846016,0.7113095168024302,0.17086639278568327,1.0190334469079971,1.9624038748443127
885760,-0.009985668846638873,0.03378788934787735,1.8918794021010399,0.3333178209140897,-0.014834377710940316,0.007090935803717002,1.0983133185654879,0.20533866458572447,0.6705310679972172,0.6974861389026046
886784,0.02052115509286523,0.04588233586400747,1.550944983959198,0.38774507492780685,-0.02974122198065743,0.003649771479103947,0.5043430384248495,0.08763405494391918,0.7670669499784708,0.5211131260730326
887808,0.0046190673019737005,0.030753423576243222,1.2919085398316383,0.3176845284178853,0.0004418668686412275,0.004134907849220326,0.019860270811477676,0.0015969015657901764,0.9649455435574055,0.7705928492359817
888832,0.004801482180482708,0.01959888485725969,1.1959521174430847,0.2843477255664766,8.68980132509023e-05,0.005148665135493502,0.1733965821331367,0.021632683696225286,0.7319825338199735,0.9480569991283119
889856,0.007727119562332518,0.0647779616410844,3.06466768682003,0.9243002310395241,-0.031217327545164153,0.007061365729896352,1.2317955661565065,0.282721524592489,0.8823084374889731,0.690378206782043
890880,0.0018384774448350072,0.053136982838623226,1.8402543365955353,0.4216493424028158,-0.03731930337380618,0.006955665798159316,1.1921526845544577,0.2598594380542636,0.8194847777485847,0.7407878958620131
891904,-0.0017410313594155014,0.03463680809363723,1.577181302011013,0.6054805652238429,0.0003913125256076455,0.0033086266812460963,0.016480740858241916,0.0013221275294199586,1.2532272981479764,0.9532770479563624
892928,0.017082541016861796,0.008737295618630014,1.4032145291566849,0.3382580392062664,0.0011776525352615863,0.00018151614108319336,0.03432343598251464,0.0046672834432683885,1.05074212141335,0.08337748897611164
893952,0.003618653427110985,0.019898743979865685,2.582486391067505,0.4469187706708908,7.120269583538175e-05,0.010205484941252507,0.006237296882318333,0.0004242425784468651,0.6834998922422528,0.4390292130410671
894976,0.014677623272291385,0.02323527607950382,1.912879541516304,0.2932898001745343,2.506683813408017e-06,0.010777855655760504,0.005832304494106211,0.00042793387547135353,0.9019413376227021,1.169979391619563
896000,0.04961796710267663,0.04486675752559677,2.6264200881123543,0.5480696149170399,-6.229005521163344e-06,0.008654750068672001,0.003313271183287725,0.00024446332827210426,2.0391040071845055,0.2961240552831441
897024,0.002802752482239157,0.05375336221186444,1.8612403348088264,0.3900606222450733,-2.137821866199374e-06,0.006087071051297244,0.006868813012260944,0.0005258752498775721,1.0115193594247103,0.9636611945461482
898048,0.025290857753134333,0.05039691337151453,1.9098807089030743,0.3132243612781167,-5.47482050023973e-05,0.0031051209589350037,0.0033657217500149272,0.00024031579960137606,1.0240429965779185,0.46532853599637747
899072,0.004059051192598417,0.009139266934653278,3.140534408390522,1.3798222481273115,0.00011101124982815236,0.006948382731934544,0.02360932872397825,0.001978064770810306,0.5533167575486004,3.692044817842543
900096,0.02952929984894581,0.05858167621772736,3.255150690674782,0.9245169423520565,-0.015740049188025296,0.005716876301448792,1.057144511200022,0.2673165964661166,1.0592413367703557,1.001501351594925
901120,-0.002777059009531513,0.033119422441814095,2.2131532058119774,0.36456448677927256,0.0005344071541912854,0.009017810662044212,0.02178173145512119,0.001826023100875318,1.143568281084299,0.9904747430700809
902144,-0.0036678577307611704,0.04404710722155869,1.0492184292525053,0.36624767631292343,0.00011980999261140823,0.0061261719893082045,0.009032079120515846,0.0006992426933720708,0.9308214746415615,0.5643247980624437
903168,0.026733836653875187,0.01394776682718657,1.5589803159236908,0.6528717316687107,-0.0005555655807256699,0.004627120757504599,0.01291397723252885,0.0011538848048076034,0.38499723467975855,0.43628623546101153
904192,0.006757923023542389,0.016750258742831647,2.9752035588026047,0.9553471356630325,-0.034369159111520275,0.00468496735629742,2.3958679237402976,1.1991561943432316,0.557511827442795,0.3963558559771627
905216,0.011177949170814827,0.02214156519039534,0.6218430157750845,0.08155712194275111,0.00045305900857783854,0.007220592575322371,0.020274054346373305,0.0018544192425906658,1.0625027446076274,0.42345376405864954
906240,0.015435814479133114,0.04111509054200724,0.8649413045495749,0.23244721814990044,0.0018195124284829944,0.009130011210800149,0.025454500027990434,0.002414137590676546,0.5707104136236012,0.32814756059087813
907264,0.03174901792954188,0.05610223370604217,1.3804050534963608,0.5982058197259903,3.378267865628004e-05,0.007276989446836524,0.002262177124066511,0.0001585662830621004,0.819107498973608,0.8268720293417573
908288,0.005736586419516243,0.038667690474539995,1.470202498137951,0.3877179278060794,-9.799370309337974e-05,0.007187593044363894,0.003122922877082601,0.0002316068857908249,0.975948840379715,0.25360340205952525
909312,-0.021769090613815933,0.02509594734874554,1.1586936227977276,0.35966309905052185,-5.229318048804998e-06,0.006585930794244632,0.0006433369580918225,4.0055601857602596e-05,1.1395373865962029,0.39454736886546016
910336,-0.014136413024971262,0.020149169431533664,1.5411385223269463,0.38054577447474003,2.1755171474069357e-05,0.014070646589971147,0.0011031601643480826,7.241358980536461e-05,0.7167916046455503,0.5187133904546499
911360,0.0019846653885906562,0.0005297171533129585,0.3295400831848383,0.03205746796447784,-1.294868707191199e-05,0.006054375513485866,0.0006761508648196468,4.2240251787006855e-05,0.46089592459611595,1.8512057894840837
912384,0.010727212211349979,0.06788003095425665,1.3772895522415638,0.3580394210293889,-1.0986113920807838e-05,0.014427736634388566,0.0021827627751918044,0.00015174702275544405,1.012256857007742,1.0454974854364991
913408,-0.02690005839394871,0.025055910911760293,1.8142107874155045,0.5726537387818098,-5.948240868747234e-06,0.0034695928516157437,0.0022657678491668776,0.00014916923828423023,0.991970494389534,0.8377678069518879
914432,0.006111250870162621,0.0305268979864195,2.804233632981777,0.5748515948653221,6.067508365958929e-06,0.0045791572774760425,0.001312743144808337,8.452613838016987e-05,0.7416450958698988,0.5810477414634079
915456,-0.02203882153844461,0.030894205847289413,2.053797859698534,0.3897863505408168,5.277921445667744e-06,0.006244789052288979,0.001209801990626147,7.63951102271676e-05,0.9112215545028448,1.062255688244477
916480,0.010515947651583701,0.01563629937299993,1.0446978937834501,0.1638592043891549,1.0109564755111933e-05,0.004375702563265804,0.0006454898302763468,3.871554508805275e-05,0.6453597713261843,0.7537172455340624
917504,0.011878666977281682,0.022525009815581143,1.2088002786040306,0.24839892657473683,-2.321903593838215e-07,0.007333242458116729,0.0007985431784618413,5.001062527298927e-05,1.2589316591620445,1.6471481788903475
918528,-0.018899381029768847,0.022473844088381156,1.644866243004799,0.3189994590356946,-9.013526141643524e-05,0.0063582780785509385,0.002650797599926591,0.00018486857879906893,0.8258216194808483,0.7362070884555578
919552,-0.05953894610865973,0.003724665322806686,2.02803997322917,0.32983962446451187,1.9388418877497315e-05,0.0035045314052695176,0.0037170979703660123,0.0002660636091604829,0.9257294107228518,1.3410104077775031
920576,0.013612141308840364,0.04357271071057767,0.8871147744357586,0.14500554010737687,3.633240703493357e-05,0.00538889047675184,0.0011781177126977127,7.58790411055088e-05,0.9663915438577533,0.8873250207398087
921600,0.009318378928583115,0.07429732580203563,1.4837326556444168,0.3397180223837495,-0.000341638398822397,0.0060578459961107,0.013910958776250482,0.0012409334303811193,0.864961395971477,0.3046035298611969
922624,-0.03285827656509355,0.05392988305538893,1.0904093533754349,0.2860774602741003,-0.0182817593740765,0.004871362914855126,0.6113067402038723,0.1845732992514968,0.7302144793793559,0.44336454290896654
923648,-0.03845319538959302,0.0011589474179345416,1.0462767002172768,2.269356551434612,-1.1365336831659079e-05,0.00170375757261354,0.002498166410077829,0.0001690650824457407,0.7819328822661191,0.2883065802161582
924672,0.0018779694510158151,0.06859882292337716,1.135085567831993,0.21054352400824428,-0.02515909873181954,0.008990794696728699,0.9990927209146321,0.2369099713396281,0.9051262689754367,0.6674252115190029
925696,0.010723036684794351,0.07321228284854442,2.007696073502302,0.44103613402694464,0.010603312664898112,0.024079132999759167,1.7727299313992262,0.6131458338350058,0.8369990475475788,1.1379974214360118
926720,-0.012162990315118805,0.054003766621463,2.2215331718325615,0.28921477124094963,-0.024901287542888895,0.014609429737902246,1.5157103389501572,0.4244040404446423,0.8224811609834433,1.0537373563274741
927744,0.0022241380356717855,0.04999313596636057,1.8267481289803982,0.3238214608281851,-0.03529355477076024,0.018011245410889387,1.1100053638219833,0.36794211249798536,0.6630011908710003,1.1159222517162561
928768,0.0026366214369772933,0.01954065790050663,1.2976325079798698,0.2071043965406716,0.0025679341633804142,0.005581359324423829,0.18958920845761895,0.026388581027276814,1.0139759024605155,1.7215893166139722
929792,0.014376056817127392,0.0171503388119163,1.075125290080905,0.1586535400711,2.026703441515565e-06,0.004774687404278666,0.006544404837768525,0.0004926938563585281,0.911259756423533,0.4302387258503586
930816,-0.0022522197978105396,0.018606412268127315,2.2345469631254673,0.5897313421592116,0.0034379343851469457,0.00561598797867191,0.7721887460793369,0.2850667699240148,0.7659574327990413,1.248014488723129
931840,-0.0011105173325631768,0.08544901257846504,2.097017966210842,0.3672300083562732,0.0007086994592100382,0.02241285625495948,1.2586399279534817,0.29931232589296997,0.7647596662864089,1.7993994429707527
932864,-0.0016156226920429617,0.028938322648173198,3.187745437026024,0.9302130658179522,-0.014972582517657429,0.00871766300406307,2.0278100660070777,0.7040026176255196,0.7618219088762999,0.8454275503754616
933888,-0.02382499651866965,0.03072456974769011,1.539594043046236,0.27315906528383493,-0.04032546255621128,0.0266571166284848,0.501657766290009,0.1188046489842236,1.035047112032771,4.446331184357405
934912,0.02967606211313978,0.06441226147580892,1.838350497186184,0.47453036438673735,-0.048614039696985856,0.014596921551856212,2.047799952328205,0.771189384162426,0.9340004278346896,0.559087956789881
935936,0.01973157651082147,0.05066583014559001,1.725479118525982,0.4678824972361326,-0.022847953252494335,0.011369696716428734,1.3072986975312233,0.525716538541019,1.0452346596866846,0.4372604019008577
936960,0.0021810977123095654,0.02911779741407372,1.2644522450864315,0.25763031654059887,-0.02789133638725616,0.006598104861041065,2.070836067199707,0.6588188889436424,0.807854569517076,0.5492278523743153
937984,0.010408906775410287,0.03038651164388284,2.391102649271488,0.5552810709923506,-0.0450815913209226,0.005820524151204154,1.648755706846714,0.529544741846621,0.8370019420981407,0.5917462245561182
939008,-0.0059623368142638355,0.017918142526468728,0.8384225890040398,0.12971420539543033,0.017322831321507692,0.007475308360881172,0.08035636675776914,0.024504273082129657,0.5530068376101553,2.578718753065914
940032,-0.03790787517209537,0.0029798463838233147,1.305487122386694,0.503108574077487,-2.0896259229630232e-05,0.004100832688891387,0.001705557919194689,0.00011736457236111164,0.7446473874151707,0.08417542159440927
941056,0.012445541258784942,0.045327959407586604,2.5384773910045624,0.465685966424644,-0.014599271205952391,0.00883051504206378,1.1240897723473608,0.23788312706165016,1.0200606305152178,2.068471083417535
942080,0.04419195477385074,0.041920948249753565,1.8851969614624977,0.6698591392487288,-0.020546382991597056,0.009003661121823825,0.9212482217699289,0.17497127421665937,0.7521290332078934,1.6687223790213466
943104,0.004715763425338082,0.02867247539688833,2.562001585960388,0.5738235227763653,-0.03972626297036186,0.012790766792022623,1.2489780131727457,0.2981589240953326,0.7029370712116361,1.195097528398037
944128,0.006888900294143241,0.08082868414930999,2.541838549077511,0.4731888175010681,0.0011835002223961055,0.027430331014329568,1.415385470725596,0.40391173167154193,0.77138059027493,0.9371034046635032
945152,0.019062625666265376,0.08265070046763867,1.749453004449606,0.3138669040054083,-0.03279983779066242,0.022026550548616797,1.2774393185973167,0.2842067352030426,0.9838952850550413,0.8955008713528514
946176,0.023295018589124084,0.05469523137435317,1.6096765138208866,0.29998597502708435,-0.025927107752067968,0.021424246719107032,0.576816582120955,0.09961574792396277,0.981881694868207,2.615200074389577
947200,0.0003876933114952408,0.05860353319440037,1.6937606744468212,0.2692102286964655,-0.023730460525257513,0.012499501390266232,0.9696011152118444,0.19409916480071843,0.7131843762472272,1.4330880315974355
948224,0.019698217802215368,0.05776586604770273,1.5168232396245003,0.3912941887974739,-0.014879012887831777,0.02033344763913192,0.6311907456256449,0.12092691322322935,1.0022679148241878,1.4510811157524586
949248,-0.0020818097109440714,0.07147442357381806,1.434363715350628,0.2773175295442343,-0.0009531071700621396,0.018278867384651676,0.3949375618249178,0.058268571621738374,0.7110732086002827,1.8312667617574334
950272,0.0013728766207350418,0.0540841820766218,1.604909274727106,0.30586066748946905,0.004971704955096357,0.01307316382008139,0.47933541936799884,0.11097498331218958,0.6992853861302137,0.8194598844274879
951296,-0.0028625191189348698,0.05263076786650345,1.538874115794897,0.22224361402913928,-0.05933120654663071,0.00912099439301528,2.306137628853321,0.9159792545251548,0.9598229732364416,0.5623893071897328
952320,0.003045214820303954,0.0043171629222342744,1.004198245704174,0.10766387870535254,0.00018931707018055022,0.007231115596368909,0.061233567888848484,0.006445314269512892,1.1227874644100666,2.2202720940113068
953344,0.003299447038443759,0.01475068835861748,1.0289409644901752,0.353642146801576,-0.039672555547440425,0.01325140168046346,0.953142503509298,0.921604807022959,1.047841769643128,1.1890865182504058
954368,-0.0035114254715153947,0.06784402031917125,2.2724218294024467,0.8319402541965246,0.07816132652806118,0.01840735983569175,2.8968115225434303,1.9727323614060879,0.6557179186493158,1.0182582875713706
955392,-0.005270713591016829,0.06866196996998042,1.8753775507211685,0.3159891813993454,0.0035873636370524764,0.028943637560587376,2.1859195977449417,1.0512430155649781,1.1108890287578106,0.9364348696544766
956416,-0.007031868037302047,0.05818423657910898,2.1264882907271385,0.4350852696225047,-0.010024512506788597,0.010120020830072463,1.9312131963670254,0.7192717660218477,0.7136084865778685,1.0932830274105072
957440,-0.005077378038549796,0.02704705746145919,1.678910881280899,0.42844352684915066,-0.04527031417819671,0.0054127680050441995,1.968252293765545,0.9284169245511293,0.6158940847963095,0.6708583980798721
958464,-0.00038194048102013767,0.0875506242737174,2.494170866906643,0.6476888731122017,0.04597651454969309,0.019871677708579227,2.2051624096930027,0.7601404413580894,0.8154378291219473,1.3439109176397324
959488,-0.016819772819872014,0.05208179331384599,2.0179608911275864,0.3594449320808053,-0.004454902373254299,0.020187308080494404,1.4653704203665257,0.61486089322716,0.7283783722668886,1.3274304689839482
960512,-0.012046877935063094,0.0778803665889427,1.8951374553143978,0.2745188637636602,0.004341596912126988,0.022102205926785246,1.1826800554990768,0.3648615484125912,0.8375851763412356,1.2654929105192423
961536,-0.018604149925522506,0.035145795583957806,2.0437496304512024,0.3991308081895113,-0.06509333416033769,0.016052795050200075,1.6499804500490427,0.7450953575316817,0.7863143878057599,1.358027963899076
962560,-0.008133618088322692,0.007575524359708652,1.1126624718308449,0.15479270252399147,-0.035573115426814184,0.0044272018276387826,1.2743236088426784,1.2420875349198468,0.8807220412418246,0.7529874094761908
963584,-0.015505618299357593,0.06831893068738282,1.1635337881743908,0.2503380589187145,0.04868576524313539,0.0268000443757046,1.3687811326235533,0.6983100268989801,1.0521990852430463,1.9458839744329453
964608,0.0003880408621625975,0.10447647888213396,1.9748284071683884,0.43142091389745474,0.011153390863910317,0.03151615441311151,1.686032123863697,0.7872971780598164,0.8921595476567745,1.7255586981773376
965632,-0.012285191332921386,0.07534750422928482,2.1886601746082306,0.38123667147010565,0.014417012978810817,0.01491975408862345,0.7200270569883287,0.26907395012676716,0.9089561011642218,0.87038045655936
966656,0.004787177196703851,0.0029125562869012356,0.6167310364544392,0.07242441072594374,0.0030526583577739075,0.003991041055996902,0.03318163951917086,0.0044053454184904695,0.8783193277195096,0.5428451269399375
967680,0.00248927652137354,0.0012819598441637936,0.1087021550629288,0.008139123005094007,-9.768045856617391e-05,0.0031196206400636584,0.008357746890396811,0.0005385041004046798,1.0532252453267574,0.49526854301802814
968704,5.8661025832407176e-05,0.004522258865108597,0.001095549554520403,0.00020370277343317866,-0.01709314706386067,0.0009507105719421816,0.2326351982264896,0.0707815095083788,0.30966976389754564,0.22323486988898367
969728,-0.00010891583224292845,0.0027798558439826593,0.005747194416471757,0.00021947291679680347,-0.0001463341759517789,0.0005319294604078095,0.018533847818616778,0.0010210437467321754,0.19575634485227056,0.03453908135998063
970752,0.010766245002741925,0.04268682043766603,0.7104949038475752,0.17987214587628841,-0.02517735840228852,0.009759291671798564,0.8571960991248488,0.3358537950553,0.60451172105968,0.415831386577338
971776,-0.005115302687045187,0.006826734243077226,0.9169473834335804,0.24124036822468042,-0.02285498584387824,0.0021928472015133593,0.30772859835997224,0.08968613634351641,1.0311877327039838,0.42220801510848105
972800,-0.02189932847977616,0.0318629500688985,0.8934235516935587,0.31010347325354815,-0.00824697472853586,0.008928799506975338,0.647910694940947,0.24285870708990842,0.6894724210724235,0.8633974376134574
973824,-0.016976161394268274,0.05559301353059709,1.589392762631178,0.22211508685722947,0.027476140297949314,0.01652814110275358,1.4230879694223404,0.6068760794587433,1.1623436622321606,1.2301657279022038
974848,-0.03276709787314758,0.010514728710404597,0.46014554891735315,0.09228376671671867,-0.04012059484375641,0.003567427207599394,1.237409446388483,0.22908262815326452,0.24591004638932645,1.1581571828573942
975872,-0.02492440037894994,0.004032086668303236,1.0641980437212624,1.0050274575769436,-0.01324701466364786,0.002228239711257629,0.4355172251816839,0.129702887206804,0.6600470806006342,0.8288528728298843
976896,-0.011892238369910046,0.014639028770034201,3.096054255962372,3.5630739100743085,-0.015423592703882605,0.0017259901142097078,0.14827180885185953,0.052846504957415164,0.8592386301606894,0.3247432317584753
977920,0.00020268144726287574,0.08164474938530475,1.2497164104133844,0.36450461170170456,-0.012875781074399129,0.024660772236529738,1.289736706763506,0.33602216676808894,0.9546160893514752,0.6413944591768086
978944,0.003677508531836793,0.03036523566697724,2.375230945646763,0.4153152331709862,-0.0023116163501981646,0.009606773048290052,0.9782208241522312,0.1634940782096237,0.8548606419935822,0.8460671645589173
979968,0.000545409755432047,0.1543259173631668,1.9252429604530334,0.391321218572557,-0.01119921263307333,0.024070819898042828,1.0569426622241735,0.16568269208073616,1.2728613475337625,0.6395363928750157
980992,-0.002329894734430127,0.05841169966151938,1.6291900761425495,0.16936883982270956,-0.014828490238869563,0.01151806845155079,0.9189557926729321,0.153406418627128,0.9852520879358053,1.6667370358482003
982016,-0.009335411712527275,0.08693955466151237,2.2938111796975136,0.37603999953716993,-0.022959843539865687,0.017234851547982544,1.371368933469057,0.24182373518124223,0.8583173444494605,0.8862767042592168
983040,-0.007544664433225989,0.08243292791303247,2.5818979889154434,0.5308791268616915,-0.014294312277343124,0.020514259522315115,1.3049844894558191,0.23771724943071604,1.263914305716753,0.9181530000641942
984064,0.0031420196464750916,0.035099143686238676,0.9966166652739048,0.15854010358452797,-0.022344400931615382,0.014999619306763634,0.7625345969572663,0.13498135632835329,1.0711415838450193,2.5601508812978864
985088,0.008260445523774251,0.03713335993234068,1.99061344191432,0.30458578281104565,-0.022072605541325174,0.008404762229474727,0.7554191667586565,0.1251977988285944,0.4624607409350574,0.6838006917387247
986112,-0.019342019717441872,0.07666935288580135,2.8135983273386955,0.689227856695652,-0.02359139284817502,0.01291358339949511,1.0745715964585543,0.20727752009406686,0.7885414166375995,0.8501299787312746
987136,0.0007766442286083475,0.06589265656657517,1.6899721249938011,0.1963726868852973,0.0014132655342109501,0.013659444273798726,0.047672553337179124,0.004590183380059898,1.0024464018642902,2.1809368962422013
988160,0.0034742161515168846,0.062277709192130715,1.605438407510519,0.25696245953440666,-0.02247074869228527,0.007963174124597572,0.8204339686781168,0.16770343808457255,1.4290701299905777,0.8350212294608355
989184,0.013768420438282192,0.03033954615239054,1.6602622754871845,0.3833791324868798,0.014903768373187631,0.01612888989620842,1.0667323442175984,0.23454983485862613,0.8725942224264145,0.4917890722863376
990208,-0.006831714767031372,0.049144607852213085,2.720417656004429,0.8929914273321629,-0.019552229263354093,0.012833121363655664,1.2400341555476189,0.21994490874931216,0.8495823116973042,1.0290849339216948
991232,-0.0076291347068035975,0.06841061176965013,2.5341031551361084,0.4558082167059183,-0.012115356483263895,0.006468114683229942,1.2035224959254265,0.21305071469396353,0.9108869964256883,0.9108428335748613
992256,-0.008099057988147251,0.04776963230688125,3.039417080581188,0.7469784766435623,-0.03421298542525619,0.006040816890163114,1.592822547070682,0.32436166785191745,0.8045577509328723,0.6238228245638311
993280,0.00889961993379984,0.030283032567240298,1.5375417955219746,0.3029085728339851,-0.003715144033776596,0.010924884030828252,0.19732555910013616,0.03155953122768551,1.085036227479577,2.5621910598129034
994304,-0.010412711941171438,0.023111115995561704,1.231734361499548,0.1804875428788364,0.01145300196367316,0.006875005703477655,0.5330407482106239,0.11660136765567586,0.8540321886539459,1.13805085234344
995328,0.01132832738221623,0.032433148997370154,1.286033645272255,0.2488563726656139,0.0025974464078899473,0.010097346079419367,0.056989124801475555,0.007302246114704758,0.5036817854270339,2.5261095548048615
996352,0.010979263781337067,0.024540581565815955,1.2701771445572376,0.20568079687654972,-0.05065314221428707,0.004900652151263785,1.482342553907074,0.7249280847609043,0.7115740524604917,1.3235576683655381
997376,0.006329959622235037,0.048844415752682835,1.6459694504737854,0.2290414795279503,0.003664908930659294,0.010086610636790283,0.0521024638437666,0.006470125401392579,0.5609055692330003,1.7427308587357402
998400,0.003878488118061796,0.029831934836693108,1.6447270922362804,0.33015953097492456,-0.04255004323204048,0.005131128869834356,0.8656435161828995,0.2209053668193519,0.7484246855601668,0.7719606370665133
999424,0.011589007481234148,0.05702327401377261,2.5479384511709213,0.8075174726545811,0.0052049082005396485,0.01171380068990402,0.7657178305089474,0.16170995705761015,0.6793354600667953,0.9438658151775599
