step,agv_actor_loss,agv_value_loss,agv_entropy,agv_approx_kl,pick_actor_loss,pick_value_loss,pick_entropy,pick_approx_kl,agv_grad_norm,pick_grad_norm
1024,0.1634721029549837,0.11823728098534048,4.549053713679314,1.605292972177267,0.20160547457635403,0.04719354544067755,4.495420143008232,1.9962227270007133,0.3466341644525528,0.3492438802495599
2048,0.1104159401729703,0.106671983608976,4.007205553352833,0.9782560039311647,0.1763369534164667,0.03404892439721152,4.042782574892044,1.4171442538499832,0.3056852030567825,0.3435913072898984
3072,0.09356309799477458,0.06522137694992125,3.8191500082612038,0.882569981738925,0.15512276580557227,0.018879909795941785,3.8732442632317543,1.2327827885746956,0.35403427854180336,0.36287182196974754
4096,0.07936746737686917,0.052098586631473154,3.6767953410744667,0.7306252717971802,0.061739334516460076,0.020127203868469223,3.034935489296913,0.6778189372271299,0.26781551633030176,0.40729071432724595
5120,0.039538281387649477,0.06917216093279421,3.560612641274929,0.7122695222496986,0.05086885950004216,0.033864786790218204,2.677534155547619,0.5091232284903526,0.35893494077026844,0.44405239541083574
6144,0.07305868061666843,0.13067858293652534,3.1075244024395943,0.6096045523881912,0.056186404566688,0.030214252008590847,2.436336360871792,0.4349011890590191,0.47069553937762976,0.4379247250035405
7168,0.04611864025355317,0.061913234763778746,3.1714418083429337,0.5497081438079476,0.021788011450553313,0.023360751249128953,2.292748898267746,0.3468680093064904,0.37565009109675884,0.35565204825252295
8192,0.045024030754575506,0.10130784311331809,3.2158277109265327,0.5709978211671114,0.009102359879761934,0.025513946340652183,2.0419954881072044,0.3177645690739155,0.39198234071955085,0.3294130563735962
9216,0.042398373916512355,0.07676572748459876,3.5274352058768272,0.7131657805293798,0.03452781561645679,0.029023924813373014,2.416651666164398,0.4055521711707115,0.39945948822423816,0.37000336637720466
10240,0.050043313662172295,0.07256556209176779,3.09443449229002,0.5234022857621312,0.026639680945663713,0.02788801587303169,2.4206210151314735,0.3940296620130539,0.3475180007517338,0.3658269918523729
11264,0.05094995180115802,0.08454842190258205,3.1203562766313553,0.5012566950172186,0.024393273168243468,0.01958378541166894,3.364337630569935,0.8248388636857271,0.30364125967025757,0.3729407452046871
12288,0.048836752655915916,0.044005116680637,3.1651010662317276,0.4831840693950653,0.04799147296580486,0.0092946594231762,3.1916501447558403,0.856390418484807,0.34083694126456976,0.4322976665571332
13312,0.03260008500365075,0.09554064087569714,3.1907980144023895,0.6179627412930131,0.028673992739641108,0.025943372369511053,2.3915608301758766,0.44776268396526575,0.3465733793564141,0.3700736896134913
14336,0.05128855470684357,0.09225833066739142,3.294186122715473,0.7061172388494015,0.02108762739226222,0.022399167501134798,2.9806456863880157,0.70893719419837,0.38075250666588545,0.36355288745835423
15360,0.038326048117596656,0.10435227933339775,2.8947150260210037,0.4629887156188488,0.029720489372266456,0.02775651670526713,2.776465527713299,0.637626538053155,0.3657453563064337,0.3920309613458812
16384,0.03232251986628398,0.06886464334093034,3.1665094420313835,0.5768674118444324,0.05116538127185777,0.02739195991307497,2.9458809420466423,0.7124623898416758,0.3634768589399755,0.4290089067071676
17408,0.04333323183527682,0.03228067641612142,3.130287617444992,0.5714281238615513,0.04096969007514417,0.01661837683059275,3.101905070245266,0.8597971275448799,0.3390475083142519,0.4762237975373864
18432,0.05508652456046548,0.0699168381979689,3.702596865594387,0.9038375522941351,0.08463655173545703,0.02231561651569791,2.760739490389824,0.6076322691515088,0.36625817231833935,0.5173264658078551
19456,0.04670142900431529,0.07863543264102191,3.1241641268134117,0.6114755589514971,0.02745743526611477,0.025916636077454314,2.8375865668058395,0.64834089204669,0.40269022854045033,0.5041358852759004
20480,0.048056649131467566,0.08033363777212799,3.6002194061875343,0.8676076661795378,0.04906017138273455,0.02426345515414141,2.6516359746456146,0.5437331339344382,0.413495272397995,0.5222236346453428
21504,0.057509201171342283,0.04799327935324982,3.06363195925951,0.5411109030246735,0.0377325153676793,0.017262893088627607,2.3097150921821594,0.3755280524492264,0.45777634950354695,0.5374683439731598
22528,0.05088275295565836,0.026306033541914076,3.503570981323719,0.6842873767018318,0.019766174780670553,0.009236614219844341,2.5689527317881584,0.5005041221156716,0.37839282490313053,0.44266228191554546
23552,0.03660379030043259,0.06167972995899618,3.737165242433548,0.8891215976327658,0.010977809084579349,0.02140406283433549,2.516087144613266,0.5860505132004619,0.44395466055721045,0.5023994748480618
24576,0.06567246507620439,0.06261167698539793,3.4973429664969444,0.7461174633353949,0.030648099491372705,0.01986359868897125,2.612131655216217,0.566811260767281,0.39081544522196054,0.4443001514300704
25600,0.07614520681090653,0.07163737795781344,3.4148208126425743,0.7007616870105267,0.008949368435423821,0.02054340369068086,2.6072958037257195,0.5859327968209982,0.45688143838196993,0.4267230383120477
26624,0.03847462055273354,0.07733130594715476,3.023031637072563,0.4987165695056319,0.025546402641339228,0.02565623406553641,2.484355367720127,0.6325821047648787,0.348486578091979,0.5208888333290815
27648,0.0361895067471778,0.054409919888712466,3.351020187139511,0.657655892893672,0.033329141850117594,0.01640707199112512,2.353055376559496,0.5417953711003065,0.382814415730536,0.49932266026735306
28672,0.03223954226996284,0.058861899422481656,3.4689979553222656,0.750051261857152,0.018429530027788132,0.01916769763920456,2.6704747825860977,0.6359204258769751,0.36063937842845917,0.5388762289658189
29696,0.039311905260547064,0.06322295463178307,3.1707999855279922,0.5991976074874401,0.029024046467384323,0.020756327343406156,2.599377766251564,0.5604585260152817,0.4070147415623069,0.5387271121144295
30720,0.040602740220492706,0.053797221975401044,2.68792787194252,0.40690201707184315,0.012108493421692401,0.015976482041878626,2.377608984708786,0.5608715265989304,0.5143927047029138,0.4928900385275483
31744,0.029976733596413396,0.03665010305121541,2.9797848910093307,0.5039546620100737,0.011761736910557374,0.011979610833805054,2.304319314658642,0.5523688858374953,0.42671818286180496,0.4429280972108245
32768,0.04675729913287796,0.039691643381956965,3.2054570093750954,0.5707599613815546,0.05008686019573361,0.011649341613519937,2.9109340980648994,0.7925910856574774,0.5348236421123147,0.6416051527485251
33792,0.03827755618840456,0.054721164400689304,3.0833707973361015,0.5350607736036181,0.030110848019830883,0.012069729084032588,2.9095655381679535,0.7039085049182177,0.39818495605140924,0.4160931948572397
34816,0.03205694557982497,0.04701313539408147,3.1968898996710777,0.5724505316466093,0.038600586412940174,0.012222047269460745,3.1438090801239014,0.8004193287342787,0.4597851890139282,0.6004801811650395
35840,0.02765888749854639,0.09661717060953379,3.1707206815481186,0.5882563814520836,0.035412188357440755,0.021899811690673232,2.931320622563362,0.7928228043019772,0.7458995515480638,0.552427813410759
36864,0.03696648470941,0.07859273417852819,2.783799573779106,0.41834944300353527,0.032678624032996595,0.01860648949514143,2.1530204601585865,0.40832851082086563,0.6273023150861263,0.63253453373909
37888,0.034449651691829786,0.06466579239349812,3.0460441410541534,0.5264357142150402,0.035130182368448004,0.021095784264616668,2.7633964717388153,0.7246807720512152,0.47272298485040665,0.5642646551132202
38912,0.041012108471477404,0.036795456311665475,2.814894139766693,0.43173916172236204,0.1060410771460738,0.021112721966346726,3.0090461522340775,0.7922979611903429,0.5562245114706457,0.7161916699260473
39936,0.027616068662609905,0.022855099436128512,2.6211438849568367,0.36899377685040236,0.016388188349083066,0.004855181105085649,2.35702782869339,0.4422042886726558,0.4130207486450672,0.5439967927522957
40960,0.02599817732698284,0.03292778291506693,2.6096942722797394,0.3633910110220313,0.006667200679657981,0.010729053930845112,2.2256905920803547,0.38547196611762047,0.417414971627295,0.5080917254090309
41984,0.02267010632203892,0.057196683483198285,2.934697300195694,0.4948956547304988,0.019070748647209257,0.014807415005634539,2.3027368374168873,0.4089036984369159,0.47698770835995674,0.5065281232818961
43008,0.05584173870738596,0.07361653773114085,3.3559418320655823,0.6601545847952366,0.045554616721346974,0.027102806110633537,2.4133212193846703,0.5042848670855165,0.44955648481845856,0.612219245173037
44032,0.03495778849173803,0.05409107980085537,3.017367459833622,0.47595016192644835,0.031179050434730016,0.014790867164265364,2.494807407259941,0.4616847550496459,0.5213676039129496,0.48817340563982725
45056,0.03132372073014267,0.03865176503313705,2.6554559767246246,0.3849901584908366,0.0245779817487346,0.009939546915120445,2.390170507133007,0.455809956882149,0.569067744538188,0.5589037453755736
46080,0.04007020589779131,0.044959511316847056,3.0101399645209312,0.4628338944166899,0.05065364675829187,0.014197667856933549,2.654323935508728,0.6406186716631055,0.4767215112224221,0.6502938605844975
47104,0.024325071804923937,0.036334395583253354,2.8325641453266144,0.39023203682154417,0.015835975675145164,0.01913903868990019,2.3550046049058437,0.4482807284221053,0.45773329958319664,0.578569196164608
48128,0.03676541688037105,0.03823838318930939,3.1011915877461433,0.5011776480823755,0.06525086075998843,0.016472673800308257,2.6027784571051598,0.5437306156381965,0.45516707096248865,0.6731538027524948
49152,0.03069049460464157,0.055716350907459855,2.8706004545092583,0.4262008396908641,0.045288334717042744,0.020403884554980323,2.547775626182556,0.519476231187582,0.5275040660053492,0.5599450683221221
50176,0.03088705769914668,0.033270835992880166,2.840203858911991,0.41843361034989357,0.010712373623391613,0.012596527827554382,2.431233234703541,0.5480809053406119,0.40655006002634764,0.4837613506242633
51200,0.026274683928932063,0.045120625058189034,2.978870064020157,0.4569472596049309,0.029872751067159697,0.01746595694567077,2.061468757688999,0.42931004241108894,0.4813346080482006,0.5404645884409547
52224,0.029178360622609034,0.04040539177367464,3.2212285697460175,0.6297061080113053,0.022592292560148053,0.014693171076942235,2.4626267328858376,0.5407710736617446,0.5362028256058693,0.5473236907273531
53248,0.032749832898844033,0.051612611627206206,3.1725607439875603,0.47259698901325464,0.030685678182635456,0.015563111810479313,2.4450546354055405,0.4871330112218857,0.7193145593628287,0.42585616558790207
54272,0.04468951113813091,0.05226043099537492,3.046015940606594,0.4681290537118912,0.04569084050308447,0.014289415121311322,2.3973318934440613,0.4153419127687812,0.5399977155029774,0.5313279051333666
55296,0.023221076728077605,0.05289809824898839,3.1058081835508347,0.4099251329898834,0.010050498822238296,0.01888803456677124,2.3915965631604195,0.4679130306467414,0.5803307741880417,0.48663901817053556
56320,0.035473808136885054,0.040880072047002614,2.6966175585985184,0.37193894665688276,0.037400908244308084,0.013736750654061325,2.8061645328998566,0.6248442595824599,0.5814361432567239,0.4464039942249656
57344,0.013310358830494806,0.03657353593735024,2.802475228905678,0.4026962462812662,0.032604813342913985,0.011351142355124466,2.672225832939148,0.6268691793084145,0.6013236008584499,0.5297616869211197
58368,0.03439308071392588,0.04411354614421725,3.327105052769184,0.630764739587903,0.031702093489002436,0.013377776034758426,2.7479630038142204,0.6179188108071685,0.4408352952450514,0.591582739725709
59392,0.027624442125670612,0.03472879662876949,2.637935236096382,0.36860120203346014,0.03501010124455206,0.012409278118866496,2.56663528829813,0.5685438979417086,0.4670294653624296,0.5972954109311104
60416,0.030042353115277365,0.017978373798541725,3.138424314558506,0.5899690492078662,0.039797917095711455,0.007379203729215078,2.5130947083234787,0.48346161004155874,0.42477888334542513,0.6337487520650029
61440,0.04066451465769205,0.04000527347670868,2.9430789798498154,0.464499456807971,0.04497366471332498,0.01696048310259357,2.710733339190483,0.5494485339149833,0.5822182856500149,0.6380453379824758
62464,0.02512119237508159,0.01602806948358193,2.917846590280533,0.4864756790921092,0.02118551151943393,0.006488153987447731,2.131160330027342,0.3546319706365466,0.4460934419184923,0.5100574167445302
63488,0.01606050194823183,0.03190384153276682,3.232964113354683,0.6205115746706724,0.017170764389447868,0.012950007600011304,2.9600719660520554,0.8619992639869452,0.5445691822096705,0.4362565325573087
64512,0.03530553841846995,0.019849735108437017,3.4650190994143486,0.6578397247940302,0.026707072043791413,0.011693203909089789,2.493301935493946,0.5790583565831184,0.5145353842526674,0.5455902218818665
65536,0.03217126542585902,0.023405826708767563,3.2438182085752487,0.5001244992017746,0.028829942253651097,0.014427724236156791,2.6655294448137283,0.603057038038969,0.6022309521213174,0.5911887940019369
66560,0.040578029467724264,0.02874485042411834,2.9077333956956863,0.5220124125480652,0.03826372034382075,0.011820056446595117,2.2141433469951153,0.46103256195783615,0.5822159554809332,0.6012018956243992
67584,0.05906011912156828,0.030416309542488307,3.329584375023842,0.584939768537879,0.03249725070782006,0.010586565593257546,2.548193298280239,0.6211156090721488,0.5986825143918395,0.4628900089301169
68608,0.04481806249532383,0.04221358458744362,3.2239364236593246,0.538054907694459,0.03473874455085024,0.013864680746337399,2.5501572266221046,0.618839512579143,0.5793655486777425,0.5179817229509354
69632,0.0277862012735568,0.04476826876634732,3.3137611597776413,0.5838772282004356,0.06914699866320007,0.01860687424778007,2.6128948405385017,0.6179246827960014,0.7373779248446226,0.599332682788372
70656,0.04540656181052327,0.03637206938583404,3.2045602425932884,0.5115663651376963,0.01571780617814511,0.010873848819755949,2.49477382004261,0.5374221242964268,0.6042482368648052,0.4783937120810151
71680,0.041577231138944626,0.028500350832473487,3.103703759610653,0.4406085340306163,0.05965791302151047,0.010992435723892413,2.5290689691901207,0.5060350578278303,0.583701048977673,0.5458569126203656
72704,0.02404583024326712,0.03764032741310075,2.9505855962634087,0.4215859631076455,0.0493964430061169,0.013592656963737682,2.575545810163021,0.4859613822773099,0.8129473105072975,0.4572634417563677
73728,0.02006115679978393,0.03282739082351327,2.832221381366253,0.3410773128271103,0.015119847375899553,0.008906780363759026,2.432243824005127,0.5176794528961182,0.7300000572577119,0.42413077875971794
74752,0.027828158665215597,0.028651140455622226,2.763861760497093,0.3550518825650215,0.04764245671685785,0.0075883294848608784,2.8251342698931694,0.6231375830247998,0.5953134391456842,0.6313216555863619
75776,0.01534757467743475,0.039186965324915946,2.697864830493927,0.2830800488591194,0.03472451976267621,0.014662002940895036,2.7741155922412872,0.5933511769399047,0.7283650133758783,0.4318872233852744
76800,0.010504260892048478,0.04251336387824267,2.8502416759729385,0.3384616179391742,0.03007713460829109,0.01608971113455482,2.5142053216695786,0.489359213039279,0.6230359664186835,0.6025383109226823
77824,0.014205132480128668,0.023176509130280465,2.841936379671097,0.3494144305586815,0.03569504973711446,0.0086563649965683,2.7076608687639236,0.5989120425656438,0.7111979108303785,0.5424485430121422
78848,0.023825677373679355,0.0370040173875168,3.0022269934415817,0.32021331414580345,0.03083055460592732,0.01254869656986557,2.2509292550385,0.41965878289192915,0.8864895086735487,0.5231350511312485
79872,0.01452232085284777,0.027750861772801727,2.8134234249591827,0.3327605975791812,0.02223754141596146,0.011963960598222911,2.4132023751735687,0.4381363857537508,0.7534198584035039,0.4628992322832346
80896,0.025690881273476407,0.029583522293251008,2.8947704136371613,0.35639404412359,0.020979848719434813,0.00937123030598741,2.6786856949329376,0.6340955998748541,0.6705914186313748,0.5717195998877287
81920,0.030620260527939536,0.03602618828881532,3.00855203717947,0.40654680598527193,0.028521896863821894,0.010772331268526614,2.5031056702136993,0.5531301153823733,0.635990017093718,0.575615419074893
82944,0.014204311490175314,0.020783368090633303,2.475086636841297,0.2961469213478267,0.029528033162932843,0.009811647862079553,2.7986112236976624,0.6585168140009046,0.6341266501694918,0.6558590847998857
83968,0.02083446632605046,0.0190246335696429,2.6554471254348755,0.38477556966245174,-0.005395962041802704,0.006887726012791973,2.2869269736111164,0.7179354829713702,0.8417529240250587,0.5597178693860769
84992,0.02023850049590692,0.04275547107681632,2.7940725833177567,0.37331757973879576,0.008752326044486836,0.010101312887854874,2.2156992442905903,0.41497307922691107,0.8152997046709061,0.5901283286511898
86016,0.016859351424500346,0.031093788449652493,2.7482423186302185,0.31799312867224216,0.03410060552414507,0.013587331952294335,2.357629932463169,0.5346460351720452,0.6708286982029676,0.6202577101066709
87040,0.01876848803658504,0.01630154621670954,2.4501137882471085,0.2882375540211797,0.04330479276541155,0.010816628971952014,2.598249450325966,0.543495325371623,0.5850370246917009,0.7883441569283605
88064,0.02249741023115348,0.025191413471475244,2.8118224069476128,0.31258682906627655,0.037801972139277495,0.013097826042212546,2.465266991406679,0.5746693750843406,0.745987999252975,0.6551762009039521
89088,0.014046751442947425,0.018891643063398078,2.7085974663496017,0.31549632642418146,0.029496960603864864,0.00879372310009785,2.4044100753962994,0.5657158102840185,0.6134814759716392,0.5553085375577211
90112,0.01793718326371163,0.03015111671993509,2.74300167709589,0.3400455014780164,0.04170864127809182,0.010961472886265256,2.8345001935958862,0.7350601833313704,0.5634499061852694,0.6704385541379452
91136,0.012484651320846751,0.03007062926189974,2.6625190749764442,0.3390130987390876,0.0667128813220188,0.009249797207303345,3.1436551809310913,0.7281881347298622,0.7707798238843679,0.6805917425081134
92160,0.01365839591016993,0.032125354278832674,2.8915162533521652,0.27964945510029793,0.029507939936593175,0.010527930717216805,2.2480584494769573,0.46667963080108166,0.8103830181062222,0.6198310675099492
93184,0.027793073502834886,0.04118462314363569,3.034904770553112,0.41294876113533974,0.031114148383494467,0.014154804768622853,2.8051378056406975,0.7671564109623432,0.655627278611064,0.5016477573662996
94208,0.03516818056232296,0.054130640462972224,2.9137186408042908,0.3675850098952651,0.06417011929443106,0.010687816466088407,2.5115684121847153,0.5216761101037264,0.6679527750238776,0.6266962708905339
95232,0.022191238502273336,0.034939339850097895,2.84395132958889,0.3360717920586467,0.034439121023751795,0.01239557086955756,3.007374942302704,0.772196564823389,0.7089112978428602,0.5576070575043559
96256,0.005180127496714704,0.015967678802553564,2.737267255783081,0.2904957723803818,0.058494006108958274,0.006367830079398118,2.4902866780757904,0.5464607989415526,0.8181641828268766,0.5670566922053695
97280,0.033886252364027314,0.02043598282034509,3.0246696919202805,0.4351912010461092,0.029036207823082805,0.008595709106884897,2.526080623269081,0.45841156877577305,0.5361786959692836,0.6102174511179328
98304,0.015082487050676718,0.032271118834614754,2.880197659134865,0.33608298283070326,0.05170410774007905,0.012275675224373117,2.7236250042915344,0.6945167556405067,0.7370956838130951,0.6205554381012917
99328,0.02226118164253421,0.030240375315770507,2.943544901907444,0.3226753370836377,0.045075587229803205,0.014564390905434266,2.793478414416313,0.712875111028552,0.7918487666174769,0.6266074823215604
100352,0.01596005735336803,0.037834830523934215,2.680154502391815,0.2883109403774142,0.03110480704344809,0.010718969715526327,2.741344392299652,0.7042576465755701,0.8122649099677801,0.44737470988184214
101376,0.01792488830687944,0.03959836938884109,2.745624803006649,0.29976088646799326,0.048704463813919574,0.012566158373374492,2.7316190004348755,0.5749074462801218,0.7380248392000794,0.5126480422914028
102400,0.021621545136440545,0.0473748070653528,2.9301510080695152,0.32989703863859177,0.06024703089497052,0.018532158370362595,2.445180043578148,0.4971368247643113,0.787420840933919,0.5653476053848863
103424,0.012951558659551665,0.0377707676962018,2.8601424396038055,0.314601575024426,0.03659038990736008,0.01586110916105099,2.544695720076561,0.44068988878279924,0.8037613043561578,0.5254746237769723
104448,0.013742749782977626,0.021207091805990785,2.5624764561653137,0.2849049074575305,0.03526190246338956,0.010181921679759398,2.096135478466749,0.3456188477575779,0.5316878240555525,0.5291216322220862
105472,0.01753850094974041,0.03342360246460885,2.81101606041193,0.376697750762105,0.006721024226862937,0.015050761474412866,2.2459766529500484,0.41393802501261234,0.6603646259754896,0.5329506145790219
106496,0.019671072892379016,0.027928196534048766,2.7531154453754425,0.36267905961722136,0.022691554127959535,0.009175602899631485,2.199418019503355,0.3908367156982422,0.5283487346023321,0.5595846530050039
107520,0.01625875200261362,0.03417567448923364,2.6531149819493294,0.3115248531103134,0.027680577477440238,0.011576397373573855,2.16973664984107,0.4296802310273051,0.7095005223527551,0.44015827029943466
108544,0.015766105643706396,0.030580730875954032,2.7645400166511536,0.2921702852472663,0.019985847640782595,0.01617828058078885,2.1439428366720676,0.36863238643854856,0.7309425035491586,0.4153274060226977
109568,0.020939830981660634,0.0344828151864931,2.848543167114258,0.3205189062282443,0.033144407148938626,0.01904695967095904,2.8264832720160484,0.5951127745211124,0.6842558179050684,0.5666124932467937
110592,0.0189015726064099,0.029109896160662174,2.91389262676239,0.32122193090617657,0.03894928639056161,0.013342528633074835,2.168875642120838,0.3671082155779004,0.7484150920063257,0.4677840992808342
111616,0.007807015019352548,0.02277906608651392,2.520498141646385,0.27688160724937916,0.01874379997025244,0.011067267580074258,1.9083628207445145,0.3017431846819818,1.0204758206382394,0.5600278675556183
112640,0.009457801570533775,0.034312664764001966,2.9463452994823456,0.34042666759341955,0.030743810668354854,0.013516183302272111,2.2036681957542896,0.42654383927583694,0.7228649212047458,0.3872798844240606
113664,0.024859256634954363,0.0232074303785339,2.988718219101429,0.3741222145035863,0.017758427828084677,0.006661309380433522,2.4204278364777565,0.48299688939005136,0.6516166450455785,0.3180574649013579
114688,0.019884150635334663,0.027749531960580498,2.8466691374778748,0.3363372450694442,0.03271052159834653,0.014252295120968483,2.2595626562833786,0.4028567858040333,0.6922695385292172,0.518892046995461
115712,0.018224796498543583,0.021135845745448023,3.0248420611023903,0.3203829461708665,0.032435262051876634,0.009107516802032478,2.393465280532837,0.4480046955868602,0.7016408890485764,0.3750318782404065
116736,0.012124667700845748,0.013235379592515528,2.6088983714580536,0.3059127191081643,0.04179892563843168,0.0057049671886488795,2.2333570271730423,0.4109513722360134,0.5434860531240702,0.40134076215326786
117760,0.023995047027710825,0.026384880824480206,2.899074248969555,0.36280900053679943,0.028117877547629178,0.011188914097147062,2.191169660538435,0.3545830100774765,0.7831946164369583,0.4133624159730971
118784,0.012345742943580262,0.017233301245141774,2.9624790400266647,0.35547754261642694,0.011700060553266667,0.011046935120248236,2.1076856665313244,0.31969015998765826,0.7895701667293906,0.41326136654242873
119808,0.023026511014904827,0.009083495271624997,2.8291521444916725,0.39003493078053,0.02408071531681344,0.007253016046888661,2.408725243061781,0.45258978474885225,0.5833549220114946,0.5271052569150925
120832,0.017121525772381574,0.01761865388834849,2.719606786966324,0.3287246245890856,0.029147395049221814,0.01284429790393915,2.305028811097145,0.4335967432707548,0.7147921957075596,0.5202802903950214
121856,0.024034877817030065,0.018533433991251513,2.8808665350079536,0.3109950451180339,0.025129330373601988,0.01006601245899219,2.2959858290851116,0.41468358132988214,0.6275184080004692,0.37048309156671166
122880,0.020596948743332177,0.013923857710324228,2.8622657507658005,0.33285306487232447,0.02638964488869533,0.008020917885005474,2.401918802410364,0.41925754491239786,0.6020054956898093,0.39507561968639493
123904,0.017651718808338046,0.019598059356212616,2.9136308282613754,0.36070514284074306,0.01918773361830972,0.008923041954403743,2.421192988753319,0.44948406890034676,0.7792213940992951,0.446191499941051
124928,0.02312275583972223,0.019033599382964894,2.9763742312788963,0.3800666397437453,0.021826939191669226,0.007567135457065888,2.1790113747119904,0.3853168822824955,0.8179207975044847,0.438978741876781
125952,0.02569092088378966,0.01960194978164509,2.7881475016474724,0.3309656195342541,0.028191615419927984,0.0077145801624283195,2.3775694742798805,0.42557174898684025,0.625049902126193,0.6261670766398311
126976,0.017830003111157566,0.022483516251668334,3.02066732943058,0.36259394232183695,0.0173863515665289,0.013062143843853846,2.074959132820368,0.3563249106518924,0.9248290546238422,0.5754098296165466
128000,0.022150694683659822,0.013523883913876489,2.84018737077713,0.37787662725895643,0.006732092937454581,0.006078368176531512,2.588152125477791,0.5186011465266347,0.7779959673061967,0.7457864508032799
129024,0.013828524621203542,0.027505859383381903,2.9065184369683266,0.2944416180253029,0.039400083289365284,0.011586565349716693,2.19049409404397,0.4248623112216592,0.824408340267837,0.5434975093230605
130048,0.020986222807550803,0.022722770954715088,3.0692972391843796,0.3591751791536808,0.026452739431988448,0.009433593673747964,2.360336124897003,0.46357048116624355,0.592199020087719,0.48044559080153704
131072,0.015721471485449,0.02835482871159911,2.921406075358391,0.3663283511996269,0.034400273056235164,0.014021002585650422,2.724095731973648,0.5703171519562602,0.6893873233348131,0.5747365225106478
132096,0.026703176292357966,0.02666603191755712,3.2016086876392365,0.42232529912143946,0.005308933352353051,0.012567703102831729,2.522769443690777,0.57693952601403,0.7183366660028696,0.48851886531338096
133120,0.021831223886692896,0.03927778574870899,2.906363658607006,0.3239250825718045,0.05285921462927945,0.01175968952884432,2.3721048571169376,0.4435176784172654,0.7851086128503084,0.6890698689967394
134144,0.01834715809673071,0.02546294324565679,2.9445883482694626,0.3583471169695258,0.03473940286494326,0.010949168805382214,2.630532279610634,0.5849458938464522,0.9066849090158939,0.6142891999334097
135168,0.01621234547928907,0.04037511057686061,2.8047612234950066,0.34200688265264034,0.032267035567201674,0.01408937355154194,2.587298657745123,0.5145931355655193,0.856852950528264,0.7645756900310516
136192,0.02800194814335555,0.02336266008205712,3.1293611973524094,0.4087714981287718,0.02176583031541668,0.011675689238472842,2.9449206590652466,0.8173464136198163,0.8704522773623466,0.7129636351019144
137216,0.012000916904071346,0.0315337332431227,3.0521104112267494,0.2725957790389657,0.031651958532165736,0.011056325165554881,1.9066558443009853,0.36293005757033825,1.0500832870602608,0.7394697684794664
138240,0.013067120453342795,0.022769553906982765,2.9928863048553467,0.31313472148030996,0.08004911046009511,0.012689723866060376,2.667388968169689,0.660679904744029,0.8452613186091185,0.7694389279931784
139264,0.020267380226869136,0.02771887741982937,2.7827586010098457,0.33027353417128325,0.034773585182847455,0.00919759830867406,2.315780222415924,0.4108484070748091,0.6845667120069265,0.5662100836634636
140288,0.02059965686930809,0.02042442178935744,3.2101875096559525,0.4030379569157958,0.03152932893135585,0.009061534336069599,2.548537105321884,0.5014633378013968,0.7303953347727656,0.5030166748911142
141312,0.021276958927046508,0.02925188804510981,2.9264597222208977,0.39088018238544464,0.010819475370226428,0.008803907854598947,2.656080260872841,0.7460187571123242,0.7770778210833669,0.4954940378665924
142336,0.049986333659035154,0.019955238938564435,3.360184893012047,0.49830493424087763,0.002178264141548425,0.006809192491346039,2.159861147403717,0.4273874554783106,0.550803117454052,0.5403909748420119
143360,0.03189174800354522,0.025153559225145727,3.063497692346573,0.3713008062914014,0.004571279889205471,0.009410538405063562,2.3683359026908875,0.5457271542400122,0.6709327325224876,0.5254193749278784
144384,0.008710497117135674,0.02727272646734491,3.0239715054631233,0.27895601000636816,0.05733775213593617,0.01446783627034165,2.4416836090385914,0.6010020514950156,1.0064840652048588,0.7817585542798042
145408,0.004206532088574022,0.022089942067395896,2.9861653819680214,0.3101812694221735,0.01833731384249404,0.011223944413359277,2.6443217992782593,0.7361322361975908,0.8104723608121276,0.5332418279722333
146432,0.022949089558096603,0.024466404982376844,3.100148990750313,0.38940421119332314,0.059149984997930005,0.009021791178383864,2.5806959196925163,0.656151226721704,0.7752033686265349,0.6474337596446276
147456,0.013308901630807668,0.029104774876032025,3.133160814642906,0.3541310438886285,0.027942826971411705,0.014223437232431024,2.6175004839897156,0.7839199751615524,1.0636423286050558,0.5663343016058207
148480,0.010324938397388905,0.02569563966244459,2.943544238805771,0.2866515861824155,0.046081438224064186,0.009834840355324559,2.0805150903761387,0.43605729285627604,0.9683447238057852,0.6504990858957171
149504,0.00625246181152761,0.019751911400817335,2.875964894890785,0.35736618749797344,0.045754072576528415,0.012633695980184712,2.7664381489157677,0.7472982238978148,0.9199059028178453,0.7453304408118129
150528,0.0207291034021182,0.026758874126244336,3.108469858765602,0.3447100631892681,0.028278622979996726,0.012984955363208428,2.420792043209076,0.642649351619184,0.8647459633648396,0.6096321530640125
151552,0.031078771280590445,0.03721135336672887,3.1989468410611153,0.42767678294330835,0.04626372082566377,0.015491493220906705,2.5972030609846115,0.5972178354859352,0.6766954148188233,0.6221075365319848
152576,0.02116778572963085,0.022176530386786908,3.1366171538829803,0.38690847158432007,0.024921484960941598,0.009409610633156262,2.4011448100209236,0.6081288000568748,0.5990663897246122,0.6021694634109735
153600,0.025199328345479444,0.023500636569224298,3.012503609061241,0.3930927012115717,0.04271672130562365,0.009254208518541418,2.8470577746629715,0.7887218091636896,0.5995222758501768,0.6846141330897808
154624,0.01821695320541039,0.03629654861288145,3.211741268634796,0.42588103748857975,0.005554078845307231,0.013546816291636787,2.4556161984801292,0.5836528493091464,0.9251199522987008,0.659923673607409
155648,0.034387185631203465,0.025037512939888984,3.158664107322693,0.41402508597821,0.018833737529348582,0.01064402017800603,2.327295199036598,0.4755629487335682,0.6331124557182193,0.6114680394530296
156672,0.017371638692566194,0.03111257858108729,3.0852149799466133,0.33895458094775677,-0.0015036310069262981,0.012208866668515839,2.425410345196724,0.5840301290154457,0.8473345823585987,0.6330017037689686
157696,0.012190265508252196,0.015453216445166618,2.791185684502125,0.3227690691128373,0.030987236503278837,0.007016659510554746,2.448954187333584,0.6213891850784421,0.5516719771549106,0.7015058863908052
158720,0.01649708760669455,0.013930960703874007,2.7642351910471916,0.3134308559820056,0.010067743016406894,0.006174357251438778,3.2509956806898117,1.120642751455307,0.7273089764639735,0.6618325561285019
159744,0.024187834264012054,0.031416548357810825,3.08377006649971,0.33358451165258884,0.06097545739612542,0.01160056155640632,2.346880905330181,0.6672279350459576,0.8847628338262439,0.7080152714625001
160768,0.018407214985927567,0.030391241249162704,2.9971287474036217,0.3163799261674285,0.04381823039148003,0.011606573316385038,2.633864104747772,0.7291562063619494,0.9304477106779814,0.6006572525948286
161792,0.030575727520044893,0.021674027433618903,2.9896683394908905,0.3543143328279257,0.0175774437666405,0.013911166926845908,2.692726254463196,0.6804718244820833,0.6816528830677271,0.5820976882241666
162816,0.02039976918604225,0.01710595889016986,2.9203162491321564,0.3120075212791562,0.02318756509339437,0.005735080485465005,2.2323766350746155,0.5238614175468683,0.6492759818211198,0.46435978822410107
163840,0.008906500414013863,0.026406563352793455,2.9072459042072296,0.2874409593641758,0.010482892859727144,0.009875892821582966,2.810973845422268,0.8498959913849831,1.0263523701578379,0.5114627070724964
164864,0.01778944386751391,0.02151202704408206,2.6220699474215508,0.29130310378968716,0.052494959032628685,0.010817899979883805,3.005538247525692,0.8360780905932188,0.7318949000909925,0.7674994664266706
165888,0.008465276550850831,0.01746060879668221,2.6769180968403816,0.27340292977169156,0.0409558349638246,0.009804685323615558,2.4234443828463554,0.6428066631779075,0.8663002178072929,0.6675386931747198
166912,0.011067511950386688,0.024120319809298962,3.0271485820412636,0.296283564530313,0.03514957409061026,0.013007251458475366,2.157064948230982,0.5057554952800274,0.7562414817512035,0.5608900645747781
167936,0.019298462168080732,0.01474623309331946,2.863280437886715,0.3107991749420762,0.0296566955948947,0.005996180632791948,2.1397614404559135,0.42938396241515875,0.7248535985127091,0.5576346488669515
168960,0.019985397331765853,0.04139025852782652,3.1391504406929016,0.40807207860052586,0.02732996069244109,0.016020187351386994,2.6181329116225243,0.6617096476256847,0.9069886524230242,0.5736570134758949
169984,0.017510218705865555,0.026284238090738654,3.1176233142614365,0.35092608258128166,0.044151474081445485,0.01619043608661741,2.2246972620487213,0.4690761901438236,0.8412481937557459,0.6540966052561998
171008,0.02137844888784457,0.02638534171273932,3.0651642978191376,0.30866651702672243,0.052759905433049425,0.012904751347377896,2.557710960507393,0.6486268322914839,0.823413223028183,0.5971969226375222
172032,0.015763185401738156,0.021368616493418813,2.939386710524559,0.3531866520643234,0.008165322447894141,0.006176479531859513,2.1574268266558647,0.40122088324278593,0.7127826334908605,0.45234228018671274
173056,0.01689926558174193,0.01719042452168651,3.180574782192707,0.37501470651477575,0.029112250835169107,0.010312761180102825,2.689269594848156,0.6408049212768674,0.8255595741793513,0.583497148938477
174080,0.020223287705448456,0.029386597976554185,2.657227262854576,0.2743223272264004,0.025139061850495636,0.009475348284468055,3.0771487578749657,0.7431538291275501,0.8435427295044065,0.5151546783745289
175104,0.00923356412386056,0.027263474359642714,2.908094100654125,0.3251790776848793,0.03736310632666573,0.011098015776951797,2.499540738761425,0.6028852490708232,0.6933328099548817,0.605454140342772
176128,0.02304001248558052,0.036475451197475195,3.102472111582756,0.34825870022177696,0.03485471513704397,0.013156780740246177,2.402677707374096,0.5063467100262642,0.746180621907115,0.6831610538065434
177152,0.014995582489063963,0.017195776279550046,3.0963005796074867,0.3863292895257473,0.016338579400326125,0.009747486750711687,2.454970572143793,0.5425441507250071,0.6949154306203127,0.5738889202475548
178176,0.022453846759162843,0.03317537432303652,3.0811470225453377,0.35130202770233154,0.045934654961456545,0.015742464835057035,2.5952596217393875,0.5633311634883285,0.7805513571947813,0.5379695473238826
179200,0.013354810129385442,0.019596918631577864,3.075627066195011,0.30922425352036953,0.031947675393894315,0.008059440908255056,2.482971966266632,0.5399895990267396,0.8287912216037512,0.5357686802744865
180224,0.017745477220159955,0.03265413688495755,2.993628151714802,0.3016048427671194,0.04573917409288697,0.013891707101720385,2.593304619193077,0.5907399943098426,0.7030112594366074,0.5753317205235362
181248,0.027431104259449057,0.028310226334724575,3.1050781309604645,0.3699886044487357,0.030809184740064666,0.011283783504040912,2.3650587648153305,0.4623522413894534,0.7043275125324726,0.6610637726262212
182272,0.0101461146841757,0.024999261542689055,3.035511329770088,0.3071125540882349,0.011922452482394874,0.007461199886165559,2.9698265716433525,0.8984106741845608,0.8992315605282784,0.5213923365809023
183296,0.008797871152637526,0.02426966739585623,2.9969087690114975,0.288260068744421,0.013598779711173847,0.009007118453155272,2.213340926915407,0.524677837267518,0.9208732675760984,0.6265661525540054
184320,0.024207148293498904,0.037180396320763975,3.0763114616274834,0.39684972260147333,0.057438751944573596,0.014722088089911267,2.781003750860691,0.718048570677638,0.6879324605688453,0.5303170140832663
185344,0.017068685017875396,0.02813085657544434,3.090564586222172,0.3201536862179637,0.03979759503272362,0.01007573249808047,2.6936815679073334,0.7576804906129837,0.7682404462248087,0.5417498825117946
186368,0.011435131338657811,0.02560847799759358,3.0104963183403015,0.26398130087181926,0.04412438330473378,0.012145607848651707,3.196674019098282,0.9176567178219557,0.9258827148005366,0.7547245332971215
187392,0.017706446305965073,0.025218344875611365,3.045997329056263,0.34603760577738285,0.05732911857194267,0.011769845033995807,2.6954710111021996,0.6279679276049137,0.9217170421034098,0.8359916033223271
188416,0.014852350082946941,0.027009744953829795,2.8049009889364243,0.33081829734146595,0.04421001998707652,0.007752456760499626,2.62798785418272,0.5010516121983528,0.5949697392061353,0.6274416670203209
189440,0.014219626085832715,0.02604158443864435,3.024896264076233,0.3640100322663784,0.020640695496695116,0.008291286198073067,2.7826650142669678,0.5993627058342099,0.7855391018092632,0.4643942769616842
190464,0.02941043526516296,0.03971565666142851,3.1953699737787247,0.4205041453242302,0.03130033821798861,0.01656082784757018,2.5674001201987267,0.5630234479904175,0.9747571619227529,0.7795443553477526
191488,0.01118427902838448,0.0274738046573475,2.752378709614277,0.3010935112833977,0.04930525695090182,0.013194054015912116,2.467143416404724,0.5878396155312657,0.9406265243887901,0.7348370086401701
192512,0.02696119919710327,0.02286742063006386,2.9504449367523193,0.3415486766025424,0.04525889994692989,0.01019177507259883,2.6459331810474396,0.6538301557302475,1.0035986211150885,0.6451263558119535
193536,0.02772255541640334,0.025339256040751934,3.0096431523561478,0.3354058088734746,0.039466323592932895,0.01035679763299413,2.6230686381459236,0.5601900247856975,0.7793522076681256,0.6007911236956716
194560,0.019207003439078107,0.018836226139683276,2.92044498026371,0.3210630612447858,0.03326268508681096,0.009977411580621265,2.4544913470745087,0.5278775040060282,0.681559662334621,0.5977781927213073
195584,0.009266697845305316,0.02173422568012029,2.9302122816443443,0.2771696327254176,0.018689605582039803,0.01264563124277629,2.3270581513643265,0.44783140253275633,0.8789570815861225,0.6431857030838728
196608,0.012633555736101698,0.030315937474370003,2.9529204219579697,0.30649258475750685,0.061129115521907806,0.011282578081591055,2.8637028113007545,0.6894077090546489,0.8811381179839373,0.6433176873251796
197632,0.021497793204616755,0.033287886530160904,2.783984512090683,0.33521977718919516,0.042930155294016004,0.014551482861861587,2.6986924409866333,0.6113199479877949,0.7950425399467349,0.7281422652304173
198656,0.021957450517220423,0.020968413446098566,3.044550269842148,0.33976319897919893,0.04451187327504158,0.008084133878583089,2.370053820312023,0.49311170633882284,0.8898584423586726,0.6384026948362589
199680,0.02044371477677487,0.020835801784414798,2.979924201965332,0.3467392809689045,0.0370930889621377,0.009206172107951716,2.972967393696308,0.6756204944103956,0.7801053104922175,0.5097245201468468
200704,0.013321088830707595,0.020317126211011782,3.155253991484642,0.3539895946159959,0.03556413218029775,0.008879015149432234,2.4477070793509483,0.498011227697134,0.8059121957048774,0.6152046816423535
201728,0.02084735441894736,0.01995192258618772,3.0854192301630974,0.3860763795673847,0.018851616128813475,0.014174667914630845,2.95721997320652,0.7530246060341597,0.5792958671227098,0.5093360487371683
202752,0.0178601965890266,0.024007614643778652,3.0495398119091988,0.27786517096683383,0.036725493788253516,0.014035314903594553,2.7170118167996407,0.6063569914549589,0.9539291923865676,0.7678987476974726
203776,0.013701084797503427,0.021367260458646342,3.1195278018712997,0.3387792520225048,0.04552337064524181,0.012583460149471648,2.9247068762779236,0.6995128160342574,0.9356638174504042,0.7385173784568906
204800,0.0178614741016645,0.027039364096708596,3.116078846156597,0.31718218699097633,0.06872136556194164,0.011947140374104492,3.2216470539569855,1.0884744711220264,0.8445861712098122,0.621764206327498
205824,0.027471151581266895,0.0151398615562357,3.1759586855769157,0.39072235114872456,0.061464263388188556,0.010899548229645006,2.7308494821190834,0.7774484399706125,0.6388486996293068,0.8415007628500462
206848,0.016383155045332387,0.030789201147854328,3.165968284010887,0.38354139775037766,0.032504649221664295,0.012904128569061868,2.689244121313095,0.7107372805476189,0.849220247939229,0.7340344414114952
207872,0.02607490710215643,0.020553702604956925,2.9730145409703255,0.3186301151290536,0.07821202673949301,0.011565610082470812,2.8140633404254913,0.6917085777968168,0.6872144490480423,0.6904624216258526
208896,0.019236052088672295,0.02366498447372578,3.0909196734428406,0.31109396647661924,0.023936366924317554,0.009749221077072434,2.505503125488758,0.5448271632194519,0.8622076334431767,0.5321981562301517
209920,0.01886767873656936,0.021533244289457798,2.9566145911812782,0.3201387198641896,0.029025068186456338,0.010133509393199347,2.734631210565567,0.6947389598935843,0.7728677084669471,0.6070267688483
210944,0.009292680857470259,0.015211225807433948,2.114040583372116,0.2178224097006023,0.02835446153767407,0.010714393283706158,2.3845543637871742,0.5276785679161549,0.6369300615042448,0.8805385949090123
211968,0.019308518269099295,0.012633588572498411,2.9147603139281273,0.3542197160422802,0.0241152117960155,0.007193442972493358,2.4994351267814636,0.797960446216166,0.5766139980405569,0.664428892545402
212992,0.021504455129615963,0.019750444480450824,3.219608500599861,0.3924923241138458,0.07935681904200464,0.01078378663805779,2.3145602867007256,0.5356855019927025,0.7157445717602968,0.902149735018611
214016,0.02210078595089726,0.02057446728576906,2.982432708144188,0.3349954942241311,0.055395505100023,0.009452133788727224,2.658342733979225,0.6292061507701874,0.8183997739106417,0.72658028639853
215040,0.01539846824016422,0.021376745542511344,3.0861211121082306,0.3073413986712694,0.03943422499287408,0.014827047794824466,2.4423617869615555,0.5438676616176963,0.7420084616169333,0.696760592982173
216064,0.019770073806284927,0.02007491566473618,3.0701250582933426,0.38391691260039806,0.03571388759883121,0.01156967316637747,2.524798132479191,0.5720083797350526,0.6186866005882621,0.6453922698274255
217088,0.017644138730247505,0.02902081806678325,2.9918394833803177,0.340463237836957,0.007568093773443252,0.00953487773949746,2.48289779946208,0.6082289079204202,0.765564326196909,0.5432602157816291
218112,0.014025885291630402,0.024214935081545264,2.9000043272972107,0.33207709807902575,0.06153320037992671,0.009748104843311012,2.9391743019223213,0.763521334156394,0.576670159585774,0.6806499613448977
219136,0.009511073527392,0.0232585491030477,3.0347887948155403,0.29091376531869173,0.0318724638200365,0.009800660467590205,2.8038994297385216,0.7402337407693267,0.8149920534342527,0.6011725077405572
220160,0.011842908774269745,0.015474185376660898,3.094725362956524,0.30591028928756714,0.0338182567502372,0.0053706789258285426,2.9000410214066505,0.783116402104497,0.6989757753908634,0.6383443865925074
221184,0.01658831478562206,0.021804595831781626,2.9186001494526863,0.35830518417060375,0.005487935821292922,0.008570135265472345,1.9010355472564697,0.4105344070121646,0.7442413019016385,0.6571632800623775
222208,0.024762062123045325,0.02509203797671944,2.858543798327446,0.3177998410537839,0.05876597575843334,0.012124176253564656,2.6590630933642387,0.612043266184628,0.9453637413680553,0.7715255189687014
223232,0.02890224164002575,0.014815903938142583,3.0113597065210342,0.33801718335598707,0.03000533889280632,0.007193252997240052,2.212039574980736,0.4815839175134897,0.7751796636730433,0.7644915012642741
224256,0.03346183948451653,0.02709291101200506,3.1562661826610565,0.41689000371843576,0.03597912011900917,0.011821631560451351,2.436770938336849,0.6043442264199257,0.7692412240430713,0.7740584211423993
225280,0.01844770180468913,0.02151630719890818,3.0070865899324417,0.3235942106693983,0.023337439022725448,0.0056217708479380235,2.2583765648305416,0.3963342532515526,0.8517730571329594,0.7159191705286503
226304,0.011371188593329862,0.018878453061915934,3.0316004529595375,0.3347625220194459,0.028139625414041802,0.011468711192719638,2.899767078459263,0.6960715688765049,0.8980639241635799,0.6177132688462734
227328,0.008131622598739341,0.01333347224863246,2.9425656720995903,0.32284100353717804,0.04428226890740916,0.008538175214198418,2.8987926244735718,0.6821066914126277,0.7228445457294583,0.6612648377195001
228352,0.010863722985959612,0.017682713136309758,2.9057041853666306,0.3291207440197468,0.0365999763016589,0.011612026981310919,2.867053024470806,0.7169073857367039,0.8463502004742622,0.7530857799574733
229376,0.01920320854696911,0.019027003581868485,3.158576563000679,0.417716127820313,0.0543425193609437,0.010155614334507845,3.0231414139270782,0.7537644933909178,0.7368444511666894,0.6896428409963846
230400,0.0206865263171494,0.013968213315820321,3.0281737968325615,0.35123434755951166,0.06384689320111647,0.007847304557799362,2.6431573629379272,0.552256734110415,0.6989392079412937,0.7768213376402855
231424,0.022800198988988996,0.007505205372581258,3.2518562227487564,0.42055756971240044,0.07401632002438419,0.003937805759051116,2.844350777566433,0.6676039397716522,0.5423252014443278,0.5951724471524358
232448,0.007281543061253615,0.008804586148471572,2.967489756643772,0.3071502046659589,0.027226562873693183,0.00472670858289348,2.587206721305847,0.6128694033250213,0.8161298837512732,0.44247994385659695
233472,0.023801569564966485,0.012874286621809006,3.305769421160221,0.5009499350562692,0.024198985716793686,0.005836099473526701,2.5616389364004135,0.5492044370621443,0.6317576272413135,0.6273037074133754
234496,0.023835281434003264,0.017626422049943358,3.3480166271328926,0.44028395134955645,0.02118720192811452,0.01193790884281043,2.871199317276478,0.846178075298667,0.708875298500061,0.5133587126620114
235520,0.0390828482049983,0.012535700167063624,3.045597068965435,0.39927811827510595,0.04893476708093658,0.008934114914154634,2.9015019237995148,0.7123305425047874,0.6445131795480847,0.669284681789577
236544,0.011931996254133992,0.01938304048962891,3.025559313595295,0.3267724113538861,0.04493102623382583,0.01324403211765457,2.474129192531109,0.5844155792146921,0.6948411324992776,0.7396609913557768
237568,0.012191733447252773,0.017866519454400986,2.8278296142816544,0.3112282520160079,0.054263890837319195,0.00833873136434704,3.0972593873739243,0.7943446561694145,0.8018811149522662,0.728484196588397
238592,0.015387674764497206,0.017560742591740564,3.137541323900223,0.4237690484151244,0.0256933901400771,0.008976354234619066,2.8847411423921585,0.8117307480424643,0.6086238836869597,0.6152432579547167
239616,0.03593674590229057,0.026385476405266672,3.1662849709391594,0.4291293891146779,0.030052008063648827,0.01676548959221691,3.250569134950638,1.0506490096449852,0.6151850624009967,0.5700478944927454
240640,0.02463900260045193,0.023499441042076796,3.180267535150051,0.34291171096265316,0.07462931313784793,0.015659002790926024,2.9023075699806213,0.7808385752141476,0.7446287255734205,0.6841046260669827
241664,0.017695786329568364,0.020158464409178123,3.2088360860943794,0.43567860685288906,0.0665695815696381,0.011307105101877823,3.3057215809822083,0.9369426723569632,0.6844356963410974,0.7506418693810701
242688,0.03797916020266712,0.01749470698996447,3.256231226027012,0.432349163107574,0.03447502589551732,0.007773053061100654,2.817936636507511,0.6012173406779766,0.6783733889460564,0.7502023447304964
243712,0.02984444604953751,0.013580572456703521,3.191877953708172,0.4420395977795124,0.032194124680245295,0.01108575849502813,3.035150498151779,0.7710043089464307,0.6653429307043552,0.7900084499269724
244736,0.026757828425616026,0.021716065937653184,3.1228793561458588,0.3957681506872177,0.0667777998605743,0.011366573511622846,3.245395302772522,0.9838951081037521,0.7072627628222108,0.6732864147052169
245760,0.011094086425146088,0.019562664907425642,2.7505240216851234,0.22746429219841957,0.06672987304045819,0.00968463544268161,3.0347950011491776,0.7300671562552452,1.0399585701525211,0.8196269096806645
246784,0.018380038876784965,0.019513034174451604,3.0978877544403076,0.3311658352613449,0.04323882692551706,0.010003435920225456,2.5869743302464485,0.5007151616737247,0.7376954108476639,0.8062140187248588
247808,0.02810970405698754,0.01706947074853815,3.0843992233276367,0.3540474819019437,0.041280175108113326,0.008966629495262168,3.0508382841944695,0.7853789199143648,0.6904744515195489,0.6108390260487795
248832,0.021078333680634387,0.017255957965971902,2.8913654759526253,0.32613274548202753,0.0871478974877391,0.010353575096814893,3.3296861946582794,0.8735485300421715,0.7073803534731269,0.8485441394150257
249856,0.0053836080769542605,0.010797390277730301,2.7309760004281998,0.2767156744375825,0.03893066903401632,0.010762894875369966,2.5646152570843697,0.5363335898146033,0.6343989502638578,0.8276815442368388
250880,0.017925762047525495,0.013467022508848459,3.015616625547409,0.4127435814589262,0.02913006005110219,0.011745354335289448,2.599806137382984,0.565202065743506,0.7841732203960419,0.9417942827567458
251904,0.025533448686474003,0.020778338104719296,3.095241352915764,0.3498602779582143,0.028560282313264906,0.009191020188154653,2.640109099447727,0.6758681638166308,0.7305089924484491,0.6823532599955797
252928,0.007541069848230109,0.017003487650072202,3.100720301270485,0.3119382904842496,0.06104732948006131,0.01102825342968572,3.1122770234942436,0.8834482375532389,0.8842845046892762,0.7669921517372131
253952,0.029344624374061823,0.012636427854886279,3.3349814638495445,0.4839081568643451,0.06490946962730959,0.012437167737516575,2.8674976751208305,0.7943914737552404,0.7050595451146364,0.8269639685750008
254976,0.010314049781300128,0.01978467858862132,3.1136262714862823,0.35215401370078325,0.04015178655390628,0.011650158077827655,2.430192179977894,0.5363555196672678,0.6851386837661266,0.6920833624899387
256000,0.02990347598097287,0.03137102897744626,3.2770060002803802,0.48710874281823635,0.021562549722148106,0.014045392395928502,2.9419947788119316,0.751017652451992,0.7921993508934975,0.5665088891983032
257024,0.019426608065259643,0.01925095371552743,3.0675514340400696,0.3470960333943367,0.029700132756261155,0.009829608461586758,2.242316545918584,0.5817256262525916,0.7962656496092677,0.7810717364773154
258048,0.022437981169787236,0.02764740149723366,2.936255045235157,0.3278533350676298,0.038788578793173656,0.008042051093070768,2.5099193826317787,0.5328647838905454,1.122935825958848,0.7795179961249232
259072,0.01752225610835012,0.028133447049185634,3.007300265133381,0.40204861015081406,0.030323976709041744,0.014667516938061453,2.7720589376986027,0.6617835611104965,0.7199498629197478,0.7539111441001296
260096,0.024423557333648205,0.025852909311652184,3.0132547095417976,0.32247216161340475,0.04053836318780668,0.007384489174000919,2.459034837782383,0.5263435347005725,0.7953744530677795,0.6433855919167399
261120,0.02285695565660717,0.01651505910558626,2.9738896414637566,0.31297998782247305,0.061563388371723704,0.008758464391576126,2.9240764006972313,0.7305638212710619,0.7760497061535716,0.9606476109474897
262144,0.0059892502322327346,0.012239152361871675,3.045311391353607,0.3239272516220808,0.09788174350978807,0.009457729101995938,3.4464413076639175,1.0881817359477282,0.6264870027080178,0.7257649293169379
263168,0.022822377330157906,0.01509290758986026,3.137004539370537,0.37714909482747316,0.05563760126824491,0.011161348127643578,3.112097442150116,0.8527296259999275,0.7306026425212622,0.7861614478752017
264192,0.025854164312477224,0.021551053068833426,3.202844589948654,0.3931991867721081,0.03711684446898289,0.01507908632629551,2.9190811589360237,0.6665784809738398,0.6754125766456127,0.8384194066748023
265216,0.015949047752656043,0.018287062703166157,3.0389089062809944,0.30532212369143963,0.05488808488007635,0.01052020231145434,2.4967090412974358,0.543435457162559,0.5963983684778214,0.7850037114694715
266240,0.03668830546666868,0.01669266927638091,3.0492020919919014,0.3785860640928149,0.06760969289462082,0.007820455575711094,2.87261700630188,0.6837189588695765,0.7065474335104227,0.8497097976505756
267264,0.01213839731644839,0.0118724740750622,3.0244320034980774,0.3376831067726016,0.07873240410117432,0.007069330109516159,3.3687920048832893,1.0232298392802477,0.7860289644449949,0.720609069801867
268288,0.017043722997186705,0.015998286282410845,3.4227609261870384,0.5177826033905149,0.05371594789903611,0.008719421253772452,3.2208866328001022,0.9077244382351637,0.6228215638548136,0.8164538880810142
269312,0.03307083432446234,0.01997010744526051,3.203381910920143,0.44999807979911566,0.040746781742200255,0.009014486568048596,3.1039314046502113,0.7226666528731585,0.7913113068789244,0.7616118155419827
270336,0.04023114711162634,0.015547716087894514,3.0421806052327156,0.41784651670604944,0.0374302714044461,0.007550815804279409,2.869595631957054,0.6711553707718849,0.7342976424843073,0.8044861992821097
271360,0.01974996791977901,0.02168336938484572,3.0976165756583214,0.35411521792411804,0.05875953572103754,0.012619883083971217,2.749138504266739,0.6612814199179411,0.7503718174993992,0.7846779925748706
272384,0.0242242321401136,0.01375197889865376,3.6016980558633804,0.6193142514675856,0.037475327932043,0.007159580236475449,3.3936063572764397,1.0523161757737398,0.6232616882771254,0.544414697214961
273408,0.029695376913878135,0.013287692156154662,3.291608601808548,0.4481166126206517,0.062342820572666824,0.012155357006122358,3.176538735628128,0.9448730982840061,0.7410228587687016,0.7031057430431247
274432,0.00424700538860634,0.009473098485614173,2.999183103442192,0.28722930885851383,0.02886156554450281,0.00931650385609828,3.188014894723892,0.9911052957177162,0.8702852614223957,0.7081963270902634
275456,0.013501771230949089,0.013860384351573884,3.0132582634687424,0.3064888510853052,0.054882980562979355,0.012008700708975084,3.3811828792095184,1.0684974025934935,0.8367466228082776,0.7691873470321298
276480,0.028166348347440362,0.01933200692292303,3.13310307264328,0.3730528252199292,0.07670079753734171,0.013249410651042126,3.174838460981846,0.8952757008373737,0.7596254143863916,0.7286795787513256
277504,0.02087722522264812,0.019856332684867084,3.2251716181635857,0.396853550337255,0.0505480662395712,0.015632125840056688,2.7716361209750175,0.6925868317484856,0.8475061263889074,0.8477389328181744
278528,0.021154387839487754,0.016837039787787944,3.2145467400550842,0.3956221081316471,0.09800530690699816,0.012927934920298867,3.103108935058117,0.9390448536723852,0.6695557963103056,0.7361070066690445
279552,0.014419822546187788,0.022743242559954524,2.9080006033182144,0.35029340256005526,0.07764586282428354,0.01104792981641367,2.449397660791874,0.49216730147600174,0.7581963781267405,0.8846349138766527
280576,0.03191040991805494,0.019756301888264716,2.975211188197136,0.42131356336176395,0.02968928514746949,0.009418377609108575,2.587593652307987,0.5449806638062,0.7268549334257841,0.7921401606872678
281600,0.017025183158693835,0.01868651161203161,2.993475452065468,0.32007261272519827,0.031896296713966876,0.013042472608503886,2.775746561586857,0.7991776466369629,1.1778421234339476,0.7090842723846436
282624,0.027593278122367337,0.015379250340629369,3.051472671329975,0.3630376188084483,0.035102467227261513,0.011418884561862797,3.2471984177827835,0.9761876668781042,0.9319804385304451,0.798111037351191
283648,0.01848852081457153,0.02115836285520345,3.056901127099991,0.33857745956629515,0.08262866025324911,0.011646324448520318,2.7333697080612183,0.6595857944339514,0.876274922862649,0.879244739189744
284672,0.007705929165240377,0.02612002828391269,3.1972775384783745,0.3700859248638153,0.03075460932450369,0.008692413539392874,2.8962586373090744,0.770108399912715,0.9498753668740392,0.7557689100503922
285696,0.036890165851218626,0.020104463648749515,3.1516958847641945,0.4736295994371176,0.04353714686294552,0.008207341452362016,2.933840610086918,0.765337273478508,0.8491862798109651,0.8924191268160939
286720,0.03223061896278523,0.01670401662704535,3.400631755590439,0.4875923180952668,0.04226289453799836,0.008131596332532354,2.696707420051098,0.6584673281759024,0.8958228500559926,0.946301219984889
287744,0.03697033866774291,0.017356297350488603,3.0664960891008377,0.40065224561840296,-0.010941263171844184,0.012507896550232545,2.1812430135905743,0.5537544768303633,0.8884462136775255,0.7932490706443787
288768,0.014067121883272193,0.014648020995082334,3.0060397312045097,0.320510140620172,0.04507919272873551,0.008663012224133126,2.8642079532146454,0.8145153932273388,0.8304712073877454,0.7287904927507043
289792,0.015630969777703285,0.028800765168853104,3.057291455566883,0.34133103024214506,0.03753162643988617,0.010162255130126141,2.6601154059171677,0.6283694328740239,0.92889369931072,0.8913696007803082
290816,0.025451791923842393,0.009727662618388422,2.7868837788701057,0.32699026353657246,0.06038009375333786,0.0038424103186116554,1.9005416706204414,0.4078338169492781,0.8939438425004482,0.8662689458578825
291840,0.012669895659200847,0.016934004408540204,2.501020848751068,0.31517187040299177,0.05783088906900957,0.0077366613113554195,2.703723765909672,0.6108711641281843,0.7193924468010664,0.8592128148302436
292864,0.01686286021140404,0.016420789615949616,2.859135903418064,0.29600360710173845,0.03186415703385137,0.007828344889276195,3.0012259259819984,0.7093260148540139,1.4544662702828646,0.7282699849456549
293888,0.015530881268205121,0.02120235882466659,3.231797769665718,0.38074346259236336,0.05234050005674362,0.009556052886182442,2.9848638474941254,0.6883306000381708,0.7368555003777146,0.8983796518296003
294912,0.013282983476528898,0.02430365709005855,3.2286167293787003,0.3796828221529722,0.04755061661126092,0.008202608689316548,3.281411223113537,1.133184501901269,0.9236066462472081,0.7149858307093382
295936,0.031237711140420288,0.02261972741689533,3.1757036820054054,0.40432339906692505,0.06482855949434452,0.00883479550248012,2.4952817112207413,0.6174515644088387,0.8620063969865441,0.9253507992252707
296960,0.033675158862024546,0.017863161774585024,2.5566483959555626,0.3306624125689268,0.04622345857205801,0.009926751015882473,2.43927850946784,0.5073447516188025,0.7266643168404698,0.9573984844610095
297984,0.01140093152935151,0.020868320047156885,2.8955582603812218,0.2792873876169324,0.030338735261466354,0.012721125618554652,2.488163497298956,0.6102058435790241,0.7090613832697272,0.677776793949306
299008,0.017561484230100177,0.019743489770917222,3.0230585634708405,0.27865681890398264,0.02921795577276498,0.0069242239551385865,2.713399663567543,0.7867150688543916,0.8366111842915416,0.6290048332884908
300032,0.020023520060931332,0.019229820056352764,2.991728752851486,0.272741942666471,0.05073295341571793,0.011802734661614522,2.8710385486483574,0.8245695009827614,0.9172879289835691,0.8217737339437008
301056,0.02253147479495965,0.01060250194859691,2.841494418680668,0.32763982098549604,0.04564383396063931,0.006234270527784247,3.256435550749302,0.8305010693147779,0.7800321616232395,0.7486963057890534
302080,0.017918612604262307,0.009685001379693858,2.808360829949379,0.32763284258544445,0.00513360375771299,0.005458867111883592,2.163756687194109,0.4346163719892502,0.6165289552882314,0.8510235026478767
303104,0.011711235507391393,0.021083619678393006,3.0215343981981277,0.3232835130766034,0.051236512255854905,0.010443087376188487,3.164808005094528,0.9266128595918417,0.8510021343827248,0.8192183505743742
304128,0.028179709202959202,0.015993788867490366,3.0660543590784073,0.3683832259848714,0.05002004181733355,0.007885020109824836,3.476240485906601,1.0057005062699318,0.925471218302846,1.0383671429008245
305152,0.013725617434829473,0.010669086565030739,2.8989317715168,0.31226695142686367,0.07511441921815276,0.007270709291333333,2.8569188341498375,0.7370763849467039,0.5900483652949333,0.9092381242662668
306176,0.02134740121255163,0.01487650815397501,3.0253039747476578,0.3515937654301524,0.08330476097762585,0.00740614983078558,3.4740892872214317,1.0418367981910706,0.8049867385998368,0.9080784004181623
307200,0.01622067907010205,0.019133303983835503,2.9674657210707664,0.3108208980411291,0.08092828752705827,0.010144413623493165,3.113119199872017,0.7954248953610659,0.9462383510544896,0.6948696030303836
308224,0.01647486528963782,0.02139286493184045,3.1177813932299614,0.3518557157367468,0.042213823151541874,0.008962912776041776,2.977267414331436,0.745814485475421,0.8765613688156009,0.7934138737618923
309248,0.009373636989039369,0.010172601614613086,3.064159743487835,0.35642876103520393,0.062094063963741064,0.005207440772210248,3.346209391951561,0.9324570596218109,0.7340214839205146,0.7758660307154059
310272,0.01315075259481091,0.015093504887772724,2.863352343440056,0.3108529159799218,0.11988324258709326,0.01225021731806919,3.5643281638622284,1.350277092307806,0.6396165024489164,0.8305337289348245
311296,0.02382261228194693,0.013831194228259847,3.010104812681675,0.36458649951964617,0.06999255920527503,0.008414037190959789,3.5644322112202644,1.1066942140460014,0.8209483735263348,0.6975601455196738
312320,0.020892605592962354,0.011757021042285487,3.1809018030762672,0.3983374973759055,0.036750266095623374,0.006943468739336822,2.9379511326551437,0.716278774663806,0.7339024562388659,0.807233989238739
313344,0.018945854535559192,0.01641534559894353,3.424763932824135,0.5160342147573829,0.0721828565292526,0.011576729448279366,3.2843841835856438,0.8487735111266375,0.6649515675380826,0.7843012344092131
314368,0.032466558724991046,0.017206892924150452,3.3566169515252113,0.4773713583126664,0.08387391400174238,0.01073808154615108,3.592121310532093,1.1183845531195402,0.7946039661765099,0.8232650700956583
315392,0.021188744925893843,0.014227533130906522,2.9976539313793182,0.30426898691803217,0.05420373918605037,0.009886421670671552,3.0113096460700035,0.7977245692163706,0.9878497403115034,0.6500898282974958
316416,0.02301097914460115,0.01805025144130923,3.0426200330257416,0.3190883081406355,0.049302434315904975,0.010464310151292011,3.3336136117577553,0.9934040475636721,0.9125597542151809,0.842405840754509
317440,0.0056591906904941425,0.01255013101035729,3.037622317671776,0.2868351470679045,0.08113968817633577,0.007439477180014364,2.977865032851696,0.7360873445868492,0.8287683865055442,0.8562427153810859
318464,0.006561788351973519,0.014021110720932484,3.132881961762905,0.3256351202726364,0.04875412507681176,0.005101139140606392,2.97220341861248,0.750467199832201,0.6855137273669243,0.9111253572627902
319488,0.010480369965080172,0.013408808183157817,3.038500003516674,0.3124646367505193,0.03746503821457736,0.009136446664342657,2.899130590260029,0.8057560119777918,0.7442664597183466,0.9374498715624213
320512,0.014362324945977889,0.014394815894775093,3.076547659933567,0.32561050821095705,0.03492254691082053,0.008636879589175805,3.177743576467037,0.9280760046094656,0.630845969542861,0.8821665169671178
321536,0.020214668358676136,0.02191153119201772,3.255389556288719,0.42610273975878954,0.05901105148950592,0.007971838698722422,3.1457151621580124,0.8991304151713848,0.7725933566689491,0.7454911293461919
322560,0.02089100008015521,0.016100862674647942,2.994640089571476,0.3047463959082961,0.07437340090109501,0.0105688811163418,3.0932573676109314,0.7801724132150412,0.7859626831486821,0.9095798898488283
323584,0.019219595422327984,0.013863659230992198,3.0617243722081184,0.32368023227900267,0.09206959116272628,0.005564061852055602,3.1346376463770866,0.8526225090026855,0.7462328532710671,0.8508786894381046
324608,0.012845648860093206,0.016486873879330233,3.038826860487461,0.33624325040727854,0.056782840576488525,0.013625919411424547,3.062827453017235,0.7090711761265993,0.7858911948278546,0.900345996953547
325632,0.017935404903255403,0.016598417045315728,3.207500636577606,0.41189006995409727,0.06908357309293933,0.01224801703938283,3.212489031255245,0.9692352311685681,0.6485307263210416,0.8413570551201701
326656,0.023908479619421996,0.016588929283898324,3.3195880949497223,0.44143060967326164,0.033502127160318196,0.008506382495397702,2.971218191087246,0.925661837682128,0.6846781950443983,0.7426853040233254
327680,0.027897161096916534,0.0158007136778906,3.142666131258011,0.3922589607536793,0.06871474059880711,0.01401621216791682,2.56590835750103,0.7384582627564669,0.8884556349366903,0.7402102574706078
328704,0.027418835525168106,0.019182509917300195,2.8833699226379395,0.33313509076833725,0.08319742363528349,0.016298069909680635,2.6063743382692337,0.5984005508944392,0.9147937130182981,0.829357486218214
329728,0.01019505804288201,0.010004201933043078,3.013548955321312,0.30886173993349075,0.02311328737414442,0.01046110714378301,2.5421910732984543,0.5964247658848763,0.7234750790521502,1.0736442590132356
330752,0.012750196707202122,0.01042345177847892,3.0448623821139336,0.31503181997686625,0.05992094971588813,0.006987685294006951,2.883110538125038,0.722459627315402,0.8531925473362207,0.7917268043383956
331776,0.02189417959743878,0.022647247853456065,3.2856371253728867,0.37704931665211916,0.043397117202403024,0.010524153025471605,2.9408025816082954,0.763580534607172,0.8107331236824393,0.8241596892476082
332800,0.027011501864762977,0.013145114906365052,3.3453088998794556,0.49478962179273367,0.03890423376287799,0.012086293165339157,2.923115409910679,0.6748531796038151,0.790902272798121,1.0355999656021595
333824,0.014444867905694991,0.015758707595523447,3.1975394040346146,0.34534226916730404,0.03660910128382966,0.01252118224510923,3.0951524823904037,0.966384407132864,0.7877651154994965,0.7744538970291615
334848,0.02081619537784718,0.015314533491618931,3.4227637127041817,0.45000865310430527,0.051061551668681204,0.006781742617022246,2.7314468920230865,0.7462619319558144,0.8195010619238019,0.9332631444558501
335872,0.029410906950943172,0.015573967306409031,3.030850127339363,0.3607276687398553,0.029193714552093297,0.008472314031678252,2.4519799947738647,0.5447252858430147,0.7748216595500708,0.856822264380753
336896,0.019002750574145466,0.014815951610216871,3.110862672328949,0.36896268744021654,0.03324196732137352,0.011720605340087786,2.811008393764496,0.7127914521843195,0.6434268206357956,0.8693583738058805
337920,0.023108953289920464,0.01150127884466201,3.267572157084942,0.40299106668680906,0.04285027680452913,0.008504176890710369,2.9549971893429756,1.040645943954587,0.7979576727375388,0.8969691833481193
338944,0.01146217348286882,0.01650876153144054,3.0853154212236404,0.3224662356078625,0.05191715629189275,0.008204581361496821,2.9849561974406242,0.9083398245275021,0.8938960805535316,0.8237973833456635
339968,0.02278494494385086,0.017137066402938217,3.0789572298526764,0.3230792861431837,0.07162708195392042,0.01200554461684078,2.847546748816967,0.8389135207980871,0.7896802434697747,0.823757441714406
340992,0.00629130337620154,0.016154811688465998,3.0797169879078865,0.3331339289434254,0.0926289968774654,0.007582740436191671,3.043744646012783,0.9420171342790127,0.7368868635967374,0.7697434825822711
342016,0.017418490402633324,0.01605741781531833,3.128347873687744,0.3217461686581373,0.08528034031041898,0.012888340948848054,2.9559203684329987,0.7706572022289038,0.6682105157524347,0.9950361791998148
343040,0.019660964782815427,0.018941496178740636,3.064929373562336,0.3153227623552084,0.03960960789117962,0.00845805328572169,2.7200233787298203,0.6491700056940317,0.8354383185505867,0.6504478771239519
344064,0.02465552865760401,0.017589078284800053,3.167013965547085,0.36244186479598284,0.03905785360257141,0.012448990150005557,2.6397172287106514,0.6431290926411748,0.6901202443987131,0.7354301577433944
345088,0.02254770474974066,0.013896908014430664,3.1822571083903313,0.36701690312474966,0.06553293543402106,0.00745973082666751,3.213651090860367,0.9198941010981798,0.7502809939906001,0.6544385105371475
346112,0.01808972815342713,0.017947648360859603,3.0999918058514595,0.3557687783613801,0.04765228170435876,0.006272762446315028,3.073388136923313,0.8682068362832069,0.7897985856980085,0.785951629281044
347136,0.025970596878323704,0.013550796313211322,3.3294556066393852,0.4407967980951071,0.015899018006166443,0.00648255628766492,2.6291718631982803,0.6623830981552601,0.9474759856238961,0.601970030926168
348160,0.015578735386952758,0.014529545558616519,3.0360061898827553,0.3707172442227602,0.050547392427688465,0.007416739099426195,3.0413105562329292,0.8226778842508793,0.7103015230968595,0.7168578859418631
349184,0.02524688496487215,0.020932237501256168,3.113265112042427,0.352140543051064,0.02651909476844594,0.010022159753134474,2.877127982676029,0.746141416952014,0.9172649346292019,0.7974939960986376
350208,0.0210489555465756,0.008130537084070966,2.9126169681549072,0.30856922175735235,0.0168167766823899,0.004429267777595669,3.052426464855671,1.4654909130185843,0.8017962789162993,0.5308539210818708
351232,0.02140060145757161,0.018365391704719514,3.0723859071731567,0.3895205669105053,0.03975602029822767,0.01010500342817977,2.9159007743000984,0.8919001463800669,0.7667289525270462,0.7932879878208041
352256,0.019521934736985713,0.018786471337080002,3.1587366685271263,0.36045310739427805,0.0824616450117901,0.009811457843170501,3.0357839837670326,0.8089046459645033,0.8853297401219606,0.7822605557739735
353280,0.0257419676927384,0.02132222690852359,3.1227274015545845,0.35095861181616783,0.04991095091099851,0.008991479786345735,2.8330819979310036,0.7811382096260786,0.8406613580882549,0.8962808791548014
354304,0.020189268005196936,0.01054202146769967,3.1488047540187836,0.3855054313316941,0.0714633964234963,0.006930121962795965,2.6252524331212044,0.6292904363945127,0.6700698295608163,0.8651699544861913
355328,0.009966264260583557,0.014897993300110102,3.080343596637249,0.3461488177999854,0.007912562403362244,0.007103279393049888,2.6758278124034405,0.8087821304798126,1.108226828277111,0.6488265693187714
356352,0.01993478309304919,0.01380229223286733,2.698989875614643,0.322338885627687,0.04909602596308105,0.007952738953463268,2.66592551022768,0.5981179438531399,0.7196016870439053,0.8582901041954756
357376,0.006485425416030921,0.012209765904117376,2.947551690042019,0.4095551045611501,0.022351013991283253,0.0056617413138155825,3.361022762954235,1.1311804540455341,0.6821425491943955,0.7886299593374133
358400,0.012828511142288335,0.017591522773727775,2.591349609196186,0.23770166840404272,0.04620911326492205,0.005221440675086342,3.1981899738311768,1.0147984698414803,0.8711192971095443,1.0045862179249525
359424,0.028533318341942504,0.033675119339022785,3.110424853861332,0.4023917345330119,0.007544410356786102,0.017510529229184613,2.5685627534985542,0.7821193393319845,0.598923928104341,0.6573793478310108
360448,0.02368249800929334,0.019696651957929134,3.0768832713365555,0.36815535742789507,0.07861956435954198,0.007666104342206381,2.604430228471756,0.7650670651346445,0.7050992697477341,0.8331636041402817
361472,0.012248368497239426,0.017706336424453184,3.17403294891119,0.402831107378006,0.02247396954044234,0.006506763944344129,2.9421559497714043,0.8834606427699327,0.7731913179159164,0.6875047413632274
362496,0.017188156285556033,0.01646187767619267,2.922506995499134,0.34059722162783146,0.04951493775297422,0.0089430688531138,2.866131030023098,0.7967253979295492,0.7835452053695917,0.9051646860316396
363520,0.023033145029330626,0.016634617611998692,3.095350854098797,0.36896326299756765,0.05747451831120998,0.007632065549842082,3.046290434896946,0.927666924893856,0.6260267412289977,0.8409168487414718
364544,0.016870744264451787,0.01567425869870931,3.0830302089452744,0.40642235055565834,0.09360757301328704,0.010388099690317176,3.6424970999360085,1.2991004716604948,0.5947583755478263,0.8405664684250951
365568,0.021409484892501496,0.012614120176294819,3.222918301820755,0.3654938079416752,0.04212513563106768,0.01008266421558801,2.538037955760956,0.708569947630167,0.7736933687701821,0.6636527702212334
366592,0.02121152564359363,0.018093032500473782,3.37021891027689,0.5630771294236183,0.11157421264215373,0.010234738598228432,3.4788272976875305,1.4239557385444641,0.7647319212555885,0.9298433372750878
367616,0.023660873965127394,0.015290539828129113,3.092868871986866,0.3424799721688032,0.05861815589014441,0.008946446105255745,3.209856830537319,1.0178154185414314,0.6840561106801033,0.6232171077281237
368640,0.02271554377512075,0.012776257150107995,3.012480393052101,0.3019122937694192,0.045460923050995916,0.005928024664171971,2.864807888865471,0.8453602064400911,0.6799613293260336,0.6956299282610416
369664,0.018446569156367332,0.015938990021822974,3.263809122145176,0.39783242996782064,0.021680752572137862,0.008369615708943456,2.977387949824333,1.0301748402416706,0.7296418445184827,0.637329613789916
370688,0.0192054767976515,0.018764846288831905,2.9928690269589424,0.275639315135777,0.07515251613222063,0.00831450303667225,2.7887681052088737,0.7283175438642502,0.7741743009537458,0.7262369720265269
371712,0.02425037529610563,0.020004670834168792,3.1000091210007668,0.3794027091935277,0.05212047864915803,0.013247609094833024,2.4817155450582504,0.5224198326468468,0.791355524212122,0.9156347420066595
372736,0.013840511761372909,0.011550852825166658,3.2702496722340584,0.42034376692026854,0.05286413259455003,0.007732772326562554,2.947523832321167,0.8167719580233097,0.6740268087014556,0.9398206248879433
373760,0.02026797841244843,0.02068376072566025,3.2288312911987305,0.40319042559713125,0.064148674311582,0.01229443859483581,3.1193477511405945,0.8036509361118078,0.7397443056106567,0.9287023674696684
374784,0.02705763963604113,0.01588271578657441,3.2570240795612335,0.3872059714049101,0.05176308276713826,0.010603423725115135,2.498672515153885,0.5695259133353829,0.675534718669951,0.9330588318407536
375808,0.020474531134823337,0.01972455019131303,3.014570616185665,0.2918350473046303,0.03258233005180955,0.009964335171389394,2.3437423408031464,0.5622866386547685,0.875196062028408,0.8460170421749353
376832,0.01516332890605554,0.012309824931435287,3.0513708889484406,0.35136862378567457,0.05614895648614038,0.009360096781165339,2.4038318805396557,0.5257627926766872,0.7346252044662833,0.889702838845551
377856,0.01960947725456208,0.010486653613043018,3.018375903367996,0.30101928673684597,0.049373443267541006,0.00893639525747858,2.9506475999951363,0.7051699254661798,0.735609563998878,0.729945951141417
378880,0.010093345830682665,0.012871980550698936,3.0531522035598755,0.3206691425293684,0.07361296442104504,0.011567753928829916,3.6161341294646263,0.9546241033822298,0.9013937143608928,0.8820125041529536
379904,0.017533207872475032,0.011747875454602763,3.182603895664215,0.365993726067245,0.07167114585172385,0.006111809139838442,3.112864278256893,0.847321093082428,0.6824186844751239,0.6881614830344915
380928,0.026528996793786064,0.01241479508462362,3.1954272016882896,0.4028994832187891,0.06203185887716245,0.008953303535236046,3.0246069878339767,0.7867473773658276,0.6490131849423051,0.59887252189219
381952,0.021287466544890776,0.014205148676410317,3.2504794970154762,0.3936053542420268,0.054334543412551284,0.008390811766730621,2.9089308232069016,0.8188272062689066,0.6647333241999149,0.7599319713190198
382976,0.02497321570990607,0.009335065798950382,3.2384357005357742,0.39898871816694736,0.048745712090749294,0.007170072189182974,3.394754372537136,1.0162925720214844,0.799201488494873,0.7941699512302876
384000,0.014025055119418539,0.016929940407862887,2.864414297044277,0.2918417686596513,0.04479954164708033,0.011380674433894455,2.9215148016810417,0.7447258196771145,0.9780614404007792,0.9058277942240238
385024,0.015416150446981192,0.01575494062853977,2.909873887896538,0.3023460088297725,0.05595692581846379,0.007496782694943249,3.1239920929074287,0.8674814999103546,0.6391626242548227,0.7256380682811141
386048,0.021306299924617633,0.011663233584840782,3.059303991496563,0.3173715304583311,0.05284650874091312,0.007046703016385436,2.6576183661818504,0.6187657173722982,0.7495179614052176,0.7829474378377199
387072,0.02012508609914221,0.010722880804678425,2.8582926243543625,0.342894378118217,-0.009263733678380959,0.006730140870786272,1.9174241982400417,0.32523377798497677,0.7303370209410787,0.7790979687124491
388096,0.013245845533674583,0.019596027326770127,2.935131549835205,0.3624897934496403,0.04165610281052068,0.014395410486031324,2.74512692540884,0.6478750612586737,0.7157144853845239,0.8413602607324719
389120,0.022502436011563987,0.009371203457703814,3.122218042612076,0.3453141190111637,0.052152270975057036,0.006108003610279411,2.8935651183128357,0.599234402179718,0.7280710032209754,0.9011967247352004
390144,0.01832357184321154,0.015300282335374504,3.117815285921097,0.35814693477004766,0.03321925603086129,0.00979630762594752,2.981233596801758,0.6457385662943125,0.761935350485146,0.8905124394223094
391168,0.021202950039878488,0.006698078992485534,3.064366362988949,0.35675655398517847,0.02992642400204204,0.0042005194336525165,2.739201694726944,0.6449641427025199,0.7858380721881986,0.7161024240776896
392192,0.027065947571827564,0.014039342408068478,3.13767908513546,0.3924514567479491,0.08253281694487669,0.010811601299792528,3.292667016386986,0.9273994117975235,0.6494679218158126,0.675252502784133
393216,0.01570650565554388,0.008710295951459557,3.0638018175959587,0.33223459124565125,0.05435121290793177,0.006727194668201264,2.8515928089618683,0.7129207961261272,0.7317664213478565,0.8255426986142993
394240,0.010690676062949933,0.012119480408728123,3.179958887398243,0.36868872307240963,0.06722442555474117,0.010902211171924137,3.2655043601989746,1.0667361803352833,0.659923424012959,0.6417126376181841
395264,0.016539463598746806,0.012537071306724101,3.0081740096211433,0.30854994617402554,0.043119617650518194,0.007626409802469425,3.0431071147322655,0.8703374937176704,0.655815003439784,0.7464467864483595
396288,0.013875876349629834,0.01094196195481345,3.0164966583251953,0.29946871753782034,0.009100752300582826,0.01017719141964335,2.7106461822986603,0.8536190865561366,0.7740061152726412,0.9856305299326777
397312,0.014467619417700917,0.013966049358714372,3.242837779223919,0.4054352529346943,0.044438820594223216,0.009364929850562476,2.969891205430031,0.902514161542058,0.7139133494347334,0.8853184767067432
398336,0.023010066826827824,0.010664972549420781,3.084679387509823,0.35364594124257565,0.08409496099920943,0.005273351591313258,2.8944215402007103,0.7209188416600227,0.5959613937884569,0.9257233180105686
399360,0.016868099875864573,0.010129643298569135,3.0936132967472076,0.3579270923510194,0.08227748033823445,0.00851779425283894,3.13578063249588,0.7787424270063639,0.6458480414003134,0.9379369076341391
400384,0.010021523688919842,0.020997596060624346,3.2976573929190636,0.45609985012561083,0.049986308004008606,0.008391614624997601,3.1075197607278824,0.8318953029811382,0.6540162954479456,1.0309617025777698
401408,0.02859158809587825,0.019707301689777523,3.2073093205690384,0.4101259717717767,0.05001005902886391,0.006844561285106465,2.7174960151314735,0.6749564046040177,0.5958756990730762,0.8898987155407667
402432,0.025794936242164113,0.018642601993633434,3.122901111841202,0.4114671666175127,0.06249676100560464,0.013219177359133027,3.1109674721956253,0.8338977973908186,0.9004340302199125,0.8525880146771669
403456,0.030131196297588758,0.013591346971224993,3.118195489048958,0.4068405469879508,0.07216203131247312,0.010350500146159902,2.9288127720355988,0.6349028442054987,0.6541741508990526,0.8066535443067551
404480,0.017507780285086483,0.020236998185282573,3.242145746946335,0.39767804834991693,0.031811158813070506,0.013983921642648056,2.8553622364997864,0.7534823818132281,0.8109082113951445,0.9994455827400088
405504,0.014551069951266982,0.017716839764034376,3.1156077831983566,0.3646079655736685,0.055207799799973145,0.011536050209542736,2.8531330674886703,0.7431383971124887,0.7935167597606778,0.9422798398882151
406528,0.013349675544304773,0.014268921397160739,3.1363460645079613,0.325725975446403,0.08727261488093063,0.01195006504713092,3.3542794585227966,0.9663773141801357,0.7590690739452839,0.7622014041990042
407552,0.02099462933256291,0.022300111217191443,3.0851631984114647,0.30364545062184334,0.07376646039483603,0.011265260021900758,3.0595477521419525,0.8139263074845076,0.8751983009278774,0.9532223669812083
408576,0.009323381178546697,0.010348807001719251,3.0636447370052338,0.30218787491321564,0.100214472215157,0.00913911072711926,3.0401835665106773,0.8152255546301603,0.6337150912731886,0.7945811180397868
409600,0.01431867157225497,0.01586460310500115,2.9082521572709084,0.2922584665939212,0.06195927498629317,0.010979156315443106,3.039859890937805,0.8103378284722567,0.7416141172870994,0.7436517728492618
410624,0.012588384735863656,0.014475385891273618,3.191250942647457,0.3623244082555175,0.04309376754099503,0.009352626104373485,2.990352712571621,0.8093926459550858,0.7870834758505225,0.7980833472684026
411648,0.021476886147866026,0.020227410655934364,3.2075551450252533,0.4332647677510977,0.05204134051746223,0.013026201806496829,2.831273041665554,0.67601109854877,0.7221151906996965,0.8412842936813831
412672,0.02545281616039574,0.010023163151345216,3.1194219142198563,0.3522948566824198,0.05118305055657402,0.0077914451831020415,2.355076402425766,0.5136600192636251,0.7101295990869403,0.9658681321889162
413696,0.03289373820007313,0.017060130165191367,3.3535433784127235,0.46512008272111416,0.0345958984689787,0.01128921406052541,2.5941790640354156,0.5692337220534682,0.6493933480232954,0.8595406068488955
414720,0.022725070011802018,0.008879835047991946,3.3450681641697884,0.4798517832532525,0.04135125188622624,0.010016085609095171,2.8669456839561462,0.7904835920780897,0.529490671120584,0.768783706240356
415744,0.027365664900571574,0.012879549176432192,3.2751400396227837,0.44614454451948404,0.06705449285800569,0.009643944998970255,3.16349196434021,0.9510465040802956,0.6466276571154594,0.7394979307428002
416768,0.020777081634150818,0.009198769184877165,3.331775449216366,0.4612550623714924,0.06851386337075382,0.01017921048332937,3.384198099374771,1.174788761883974,0.6910464558750391,0.6923087146133184
417792,0.014728403592016548,0.016492716764332727,3.0757442265748978,0.3545374162495136,0.052367848955327645,0.015552781551377848,2.82994781434536,0.7382294181734324,0.6621359186246991,1.2051783055067062
418816,0.03126999472442549,0.01405552341020666,3.068225108087063,0.34303126484155655,0.05921209856751375,0.013410984756774269,2.9143578335642815,0.7621417697519064,0.604241106659174,0.810458566993475
419840,0.024137657790561207,0.01610650372458622,3.1957306191325188,0.3997102743014693,0.05686235104803927,0.012350676217465661,2.7612292617559433,0.672476802021265,0.6221014708280563,0.8069545263424516
420864,0.022156095859827474,0.010583734067040496,3.1362705752253532,0.41072628647089005,0.05949973809765652,0.006096432851336431,3.323928587138653,1.0836687814444304,0.6355937980115414,0.8230572827160358
421888,0.03467926949087996,0.009766967516043223,3.2838534861803055,0.4632584685459733,0.05082879192195833,0.005749285526690073,2.7949463203549385,0.7355154678225517,0.5743934940546751,0.8989638984203339
422912,0.028995547210797668,0.01545353388064541,3.0070925876498222,0.33723760955035686,0.03983629366848618,0.006979591256822459,2.87200228869915,0.746940840035677,0.7949420800432563,0.630689206533134
423936,0.01743914526014123,0.01587042273604311,2.982057861983776,0.3435061192139983,0.07789346814388409,0.008986634260509163,2.858532778918743,0.6990896351635456,0.7734500067308545,0.8798525622114539
424960,0.025575413572369143,0.028387067723087966,3.074780836701393,0.38597381208091974,0.038593583391048014,0.01715584986959584,2.661030001938343,0.6498252935707569,0.7477010758593678,0.658193483017385
425984,0.014959563384763896,0.019933814997784793,3.0409128814935684,0.3209513397887349,0.044869981400552206,0.01412050731596537,2.9272074177861214,0.6530071254819632,0.8353367792442441,0.9116492122411728
427008,0.02903806560789235,0.015611813025316224,3.2150855138897896,0.4409614624455571,0.07197849830845371,0.010579204536043108,3.0524034835398197,0.8864891771227121,0.6158660305663943,0.8182296706363559
428032,0.03165864513721317,0.02236471205833368,3.0030443370342255,0.3155431402847171,0.030824046931229532,0.013562397216446698,2.261446326971054,0.4616990052163601,0.7873576879501343,0.7158041689544916
429056,0.017523548420285806,0.011939297284698114,2.9149435237050056,0.31510998867452145,0.024245584703749046,0.009035124225192703,2.185083094984293,0.4972124556079507,0.9436851609498262,0.9701333828270435
430080,0.01537697583262343,0.020857723837252706,2.972647063434124,0.3065362637862563,0.027574248932069167,0.013426560122752562,3.0254223868250847,0.8534103743731976,0.8141620215028524,0.8330239523202181
431104,0.004838588429265656,0.013743592513492331,3.0145496279001236,0.32017411291599274,0.015876472811214626,0.010083766814204864,2.6248556673526764,0.6464237347245216,0.6705003129318357,1.0281242253258824
432128,0.028315171657595783,0.014428559603402391,3.1022871881723404,0.40124820824712515,0.05978521838551387,0.008340973203303292,3.168825350701809,1.0499552730470896,0.7675570612773299,1.0221763486042619
433152,0.026902530938968994,0.013473087281454355,3.1470670104026794,0.41627885214984417,0.04777768423082307,0.006555368403496686,3.220576226711273,0.934191195294261,0.6288670105859637,0.8419138323515654
434176,0.02373342847567983,0.006200257463206071,3.5556514263153076,0.7234728364273906,-0.0009139799076365307,0.004487209658691427,3.6358993351459503,1.3813147507607937,0.8180516818538308,1.1940994076430798
435200,0.014036652748472989,0.013551908225053921,3.135467827320099,0.3616572776809335,0.06326807048753835,0.00878031957836356,3.030675932765007,0.944135719910264,0.8042337093502283,1.119130726903677
436224,0.029457612734404393,0.013829862524289638,3.030419699847698,0.43705170042812824,0.050112643715692684,0.0069682027387898415,2.896305561065674,0.8274587448686361,0.7732287058606744,0.6530566764995456
437248,0.026993942345143296,0.01802020365721546,3.0510807186365128,0.3176662866026163,0.05044564630952664,0.010784113299450837,3.1671784445643425,1.0769307352602482,0.8990687867626548,0.7256858432665467
438272,0.016670893019181676,0.010475526956724934,3.0663004592061043,0.3527688691392541,0.053504770272411406,0.011439480076660402,3.130361169576645,0.93526865914464,0.7131960215047002,0.9883666262030602
439296,0.03055679678800516,0.017748095386195928,3.1239492520689964,0.40115755796432495,0.04826264861912932,0.011734974730643444,3.1125744953751564,0.8770022112876177,0.755127863958478,0.9667204152792692
440320,0.023770562576828524,0.012707755115116015,3.0887499153614044,0.3160349130630493,0.0711384151072707,0.009334707079688087,3.2263957634568214,0.9350575003772974,0.7243062676861882,0.9274775022640824
441344,0.019443707569735125,0.01366811673506163,3.1387046203017235,0.3741856515407562,0.06816575495759025,0.009061994700459763,2.714146636426449,0.7171883638948202,0.5707051157951355,0.934796329587698
442368,0.03187256454839371,0.01225521694868803,2.9826062992215157,0.3625858258455992,0.04304361547110602,0.008639679654152133,3.0344049856066704,0.7804700210690498,0.5786864040419459,1.058112170547247
443392,0.008712864218978211,0.012926207593409345,3.0525566712021828,0.37339874543249607,0.045133182167774066,0.010460139194037765,3.2085298746824265,1.1146659273654222,0.6360068097710609,0.781091365031898
444416,0.01945351975155063,0.020022847049403936,3.0528721883893013,0.3152397321537137,0.06706566968932748,0.01662435519392602,3.4972366094589233,1.3346965201199055,0.831294140778482,0.9206556975841522
445440,0.010441129124956205,0.01753244092105888,3.0867940336465836,0.30287022329866886,0.06625514265033416,0.010332775593269616,3.1923292353749275,1.0131771862506866,1.0078784096986055,1.01043857075274
446464,0.03093886534043122,0.014441769511904567,2.961768262088299,0.3582094544544816,0.030345422244863585,0.0074322868604213,2.9780211597681046,0.838419683277607,0.7341524306684732,0.7587598254904151
447488,0.011178361572092399,0.02497299009701237,2.997219532728195,0.34267069958150387,0.051171496510505676,0.016701911226846278,3.1210771650075912,1.1420614216476679,0.7614839123561978,1.0818919641897082
448512,0.01227138124522753,0.020292245637392625,3.1316446885466576,0.3262413553893566,0.03212499455548823,0.01285637509135995,2.775545172393322,0.8651804886758327,0.9058279898017645,0.9184978492558002
449536,0.018907573787146248,0.022472642653156072,3.0361114367842674,0.3383670346811414,0.1055840221233666,0.017068575019948184,3.037496604025364,0.8098232187330723,0.7334167258813977,1.0532755181193352
450560,0.011059718788601458,0.01796224876306951,3.080361768603325,0.35144410096108913,0.08178746729390696,0.00810070603620261,3.196442760527134,1.0142305083572865,0.7465821048244834,0.6352893635630608
451584,0.021153524721739814,0.013376736722420901,3.06805107742548,0.3411375740543008,0.07525472290581092,0.008934783370932564,2.679015167057514,0.6964737791568041,0.716173904016614,1.0536164417862892
452608,0.015225639959680848,0.019156634516548365,2.9643420353531837,0.31262747570872307,0.06066232264856808,0.007954687942401506,3.0992331877350807,0.840728297829628,0.8704676143825054,1.2061481680721045
453632,0.01899277773918584,0.017274188401643187,2.8355612605810165,0.32483155839145184,0.048550709849223495,0.008437788601440843,3.2126935571432114,0.962570259347558,0.899871151894331,0.8854670086875558
454656,0.00045535576646216214,0.02024755100137554,2.7805249392986298,0.2788262143731117,0.04838648688746616,0.012432227173121646,3.224163107573986,0.984329666942358,0.8613872062414885,0.8833565795794129
455680,0.013071986075374298,0.0169679423852358,3.161321610212326,0.3671345189213753,0.05083468226075638,0.007001388970820699,3.5066860765218735,1.3320445753633976,1.012888951227069,0.8468293836340308
456704,0.016074644780019298,0.01775807171361521,3.1947740986943245,0.35854054521769285,0.06597250892082229,0.01077880417869892,3.1934849992394447,1.0438838489353657,0.8200963139533997,1.0279249232262373
457728,0.015502665148233064,0.00798870756989345,2.9709993824362755,0.35152004938572645,0.11974536528578028,0.005800786988402251,3.72402760386467,1.4148895889520645,0.7443963494151831,0.7897435966879129
458752,0.027982646162854508,0.01509741271729581,3.273805007338524,0.4423706494271755,0.07376138586550951,0.011449667537817731,3.1378252655267715,0.8725237101316452,0.7000693958252668,0.9630483258515596
459776,0.011361048207618296,0.0187403533491306,2.895376183092594,0.331680990755558,0.04490605619503185,0.009374305998790078,3.0634695887565613,0.8895898666232824,0.8254355965182185,0.942835247144103
460800,0.009860135236522183,0.011774455022532493,3.0890165269374847,0.40101174265146255,0.07356297012302093,0.009077786831767298,2.9909761399030685,0.9370785504579544,0.654777379706502,0.879406837746501
461824,0.029739036777755246,0.019646260945592076,3.0274347737431526,0.37389072962105274,0.04316258153994568,0.009376122485264204,2.696664832532406,0.7554395738989115,0.8083912581205368,0.9628424197435379
462848,0.02213267631304916,0.014112831995589659,3.047327443957329,0.3611789271235466,0.06845177998184226,0.00933216382691171,3.173007793724537,1.015274340286851,0.6758934604004025,1.2206209599971771
463872,0.017671921275905333,0.01927664937102236,3.33458498865366,0.45961662475019693,0.02965910773491487,0.007999403344001621,3.280099496245384,1.1989270001649857,0.9244578052312136,1.2837035078555346
464896,0.028453701524995267,0.0208767278236337,3.02663541585207,0.3714979365468025,0.06382499967003241,0.006838201108621433,2.9372884035110474,0.8983511589467525,0.8024510545656085,0.8403180316090584
465920,0.014021705806953833,0.012163320876425132,2.8936906829476357,0.3280813507735729,0.06653893274778966,0.010707366047427058,3.3679253086447716,1.3981376476585865,0.8585282145068049,0.9096505763009191
466944,0.0249086725525558,0.016530184308066964,3.101504184305668,0.365511916577816,0.07376815419411287,0.009429441182874143,3.0798818543553352,0.9595599491149187,0.7945665968582034,0.8668743884190917
467968,0.01786942782928236,0.01716292873607017,3.1403269320726395,0.34464597422629595,0.04584789552609436,0.009230434894561768,3.1815380454063416,0.9395490325987339,0.7453358201310039,1.1789150908589363
468992,0.030420367838814855,0.018959191220346838,3.0323206335306168,0.38856456335633993,0.06874332478037104,0.011492917998111807,3.0071084424853325,0.7894846890121698,0.7855783756822348,0.9644713411107659
470016,0.02184789697639644,0.018490794551325962,3.1664624363183975,0.40752353332936764,0.053012350836070254,0.008990974558400922,3.0649865865707397,0.9691489282995462,0.705201149918139,0.6349594034254551
471040,0.022056328249163926,0.012534972134744748,2.9576285034418106,0.30334625812247396,0.05897750286385417,0.010937850151094608,3.081571899354458,1.0590665768831968,0.7115650521591306,1.3274692203849554
472064,0.014614216313930228,0.020863170095253736,3.0005909726023674,0.3752098334953189,0.040938214980997145,0.008171079272869974,2.860924758017063,0.8155834171921015,0.6401118794456124,0.8294664109125733
473088,0.014529005828080699,0.014983250439399853,3.1315620690584183,0.34903487004339695,0.032522154768230394,0.012156967131886631,2.9032943099737167,0.889197202399373,0.6886594025418162,0.8964679073542356
474112,0.008158566372003406,0.013346135063329712,2.7666910961270332,0.31043980084359646,0.005057023256085813,0.013468052871758118,1.4623857457190752,0.4257214341778308,0.5860831448808312,1.1372354608029127
475136,0.021043658984126523,0.01644843106623739,2.8950823843479156,0.303651106543839,0.11659772376879118,0.011813742981757969,3.502644754946232,1.3187714293599129,0.654872958548367,1.2464911341667175
476160,0.020203680338454433,0.015206407639198005,2.9152778908610344,0.2950728954747319,0.08134721464011818,0.009496848244452849,2.9724798426032066,0.7925544660538435,0.8452641284093261,0.8989978525787592
477184,0.00840271171182394,0.009500808111624792,2.951601415872574,0.322603240609169,0.03960487025324255,0.012407730449922383,2.500800170004368,0.6052510440349579,0.6455849390476942,1.2629129402339458
478208,0.01560593067551963,0.008414978816290386,3.0230857655406,0.37277374044060707,0.03408033194136806,0.005108808894874528,2.5236854068934917,0.6269475338049233,0.6482132123783231,0.982255257666111
479232,0.02865927913808264,0.012094748119125143,3.2451357692480087,0.4148844266310334,0.04063678820966743,0.008293502265587449,3.138186141848564,0.9645445793867111,0.7020370503887534,1.0189342144876719
480256,0.02317755130934529,0.007418105975375511,3.06159245967865,0.3183718891814351,0.04493572626961395,0.004327473463490605,3.518180564045906,1.2447392866015434,0.6548503329977393,0.8217919189482927
481280,0.014277595764724538,0.012572461913805455,3.4107519686222076,0.472174271941185,0.05908559975796379,0.008195894974051043,3.6654715836048126,1.1995161976665258,0.6840450279414654,0.7621809234842658
482304,0.029396586411166936,0.011253447228227742,3.484017789363861,0.524893082678318,0.04237723702681251,0.0065998850332107395,3.9047849848866463,1.6939865536987782,0.8126463321968913,0.6117577739059925
483328,0.02506542214541696,0.015376524737803265,3.2059296146035194,0.4359684679657221,0.13661986800434534,0.011245515968766995,3.890178993344307,1.9942163117229939,0.7044446049258113,0.6350441044196486
484352,0.026741412963019684,0.01901350831030868,3.346743643283844,0.5190773457288742,0.10023939973325469,0.011212332057766616,2.820836581289768,1.3272107765078545,0.7328244475647807,1.2035046042874455
485376,0.045075836329488084,0.01681858630036004,3.3531180024147034,0.5047737788408995,0.10236438945867121,0.00869819575746078,3.452938951551914,1.213602039963007,0.8035562243312597,0.9947403483092785
486400,0.02743420156184584,0.014013651350978762,3.199391044676304,0.44690969679504633,0.08673826084122993,0.008873236700310372,2.6578112691640854,0.7212607190012932,0.7330173896625638,0.9136907616630197
487424,0.021458860763232224,0.015576395991956815,3.066571034491062,0.33761060889810324,0.05474830875755288,0.007429797857184894,3.3184520304203033,1.0942048989236355,1.0503940731287003,0.9431413784623146
488448,0.027438117816927843,0.015330118651036173,3.0965129733085632,0.3771255798637867,0.07201880114735104,0.00970387615961954,2.6645235642790794,0.7315148804336786,0.8050650712102652,0.8100437335669994
489472,0.011143650190206245,0.015152988664340228,2.9551082849502563,0.30966621078550816,0.0788383410545066,0.009355137619422749,3.3248519599437714,1.1178426705300808,0.9296146538108587,0.9163396554067731
490496,0.023177647366537713,0.01545713865198195,3.206088051199913,0.5820155097171664,0.07209481328027323,0.011772096680942923,3.115200810134411,1.3260652665048838,0.8554806653410196,0.8471417902037501
491520,0.02928182612231467,0.018858984927646816,3.03853926807642,0.36398317478597164,0.05268299570889212,0.010208419902483001,3.243900626897812,0.9578365944325924,0.807604718953371,1.0183434579521418
492544,0.026686267869081348,0.011333528600516729,3.1300068870186806,0.3933822475373745,0.0862766713835299,0.007853893883293495,3.215326100587845,0.8682590406388044,0.7617493122816086,0.8959796447306871
493568,0.014213838236173615,0.011345516744768247,2.9934114813804626,0.35585365258157253,0.07302173745119944,0.007689496429520659,3.201412759721279,0.917591979727149,0.8196668680757284,0.6137435873970389
494592,0.0186193848203402,0.011153740968438797,3.1799780800938606,0.37654045689851046,0.054789323796285316,0.007327530700422358,3.1410472840070724,0.8794222716242075,0.7246036985889077,0.7284165062010288
495616,0.016447757254354656,0.01913773943670094,3.1886153295636177,0.37649523466825485,0.02616768763982691,0.013810286269290373,3.1325903609395027,0.961329547688365,0.8199316877871752,0.757488489151001
496640,0.02443158594542183,0.016957704618107527,3.151971347630024,0.3817469282075763,0.06888519146014005,0.017351491551380605,2.116818744689226,0.5084579801186919,0.7617175616323948,1.056414932012558
497664,0.008984158193925396,0.008716438838746399,3.3786337226629257,0.5129849622026086,0.06900656764628366,0.008635450969450176,3.136069633066654,0.9994529020041227,0.8868440305814147,0.9688120875507593
498688,0.016755086922785267,0.016380229470087215,3.243051216006279,0.38754141610115767,0.018090523619321175,0.009296286152675748,2.6483305767178535,0.7803439628332853,0.9403594639152288,0.8392480053007603
499712,0.010222236713161692,0.018122782930731773,2.7611095383763313,0.2581377108581364,0.061314527061767876,0.012636082072276622,3.0643100291490555,0.8772101737558842,0.971051249653101,0.7504705600440502
500736,-0.003918692469596863,0.010061275257612579,2.7360686734318733,0.2646938655525446,0.10286958259530365,0.0056439190193486866,3.6289774999022484,1.4006308522075415,0.7838456770405173,0.7431479282677174
501760,0.021330519055482,0.013726862554904073,3.312720939517021,0.4407158736139536,0.09115505986846983,0.006952605312108062,3.4813234955072403,1.0392910093069077,0.7213903712108731,0.9040030958130956
502784,0.020932381812599488,0.011775407285313122,3.1326741725206375,0.3718558344990015,0.03606429087813012,0.006617748076678254,3.245212197303772,1.2150222565978765,0.818911524489522,0.9780447613447905
503808,0.01441794473794289,0.010134469033800997,3.140364594757557,0.48265356570482254,0.047369115869514644,0.009762364730704576,3.202642820775509,0.996115867048502,0.7647330174222589,0.9865891933441162
504832,0.013121009978931397,0.006276617910771165,2.854979880154133,0.2997983805835247,0.08464729486149736,0.007404744916129857,2.5231988728046417,0.5966822570189834,0.7341275941580534,1.2241301871836185
505856,0.021343656233511865,0.011712650375557132,3.0651489049196243,0.32569344714283943,0.07754597772145644,0.008381169973290525,3.2640711069107056,1.0382896549999714,0.7915043476969004,0.8909723991528153
506880,0.021121729514561594,0.010601393354590982,3.165649399161339,0.346854604780674,0.09154290574952029,0.007270516027347185,3.2960109189152718,0.991744427010417,0.719747987575829,0.7788276579231024
507904,0.02254642266780138,0.006908872572239488,3.1263712272047997,0.3728314572945237,0.05457305026357062,0.0036077907570870593,2.7793021984398365,0.8036270057782531,0.7487063463777304,0.8844640832394361
508928,0.02741060423431918,0.00974470324581489,3.0959473848342896,0.37353680841624737,0.03353461952065118,0.005924209952354431,2.2491762712597847,0.7340732607990503,0.6328031653538346,0.9024600675329566
509952,0.019422505516558886,0.015556680998997763,3.0077334567904472,0.3386066975072026,0.015090071392478421,0.008504624682245776,2.6236666291952133,0.9490264989435673,0.6745519507676363,0.7205881970003247
510976,0.012063198402756825,0.016298941103741527,3.114942282438278,0.3611094383522868,0.08139377576299012,0.006615548612899147,3.2108773291110992,0.9198909550905228,0.7135564740747213,0.9433937538415194
512000,0.025317619903944433,0.009283410574425943,3.1827697083353996,0.39611495193094015,0.056247411703225225,0.007767703900753986,3.4439937844872475,1.400319755077362,0.758213322609663,0.7514080656692386
513024,0.013170906255254522,0.01269440451869741,3.026560679078102,0.33616277296096087,0.04210567276459187,0.009215699930791743,2.680744893848896,0.7507299790158868,0.7065302943810821,0.8785024993121624
514048,0.019322688080137596,0.011749783196137287,3.089108631014824,0.34710143227130175,0.07228525698883459,0.01005456320126541,2.5481414049863815,0.8005488626658916,0.7373898942023516,1.041437229141593
515072,0.022487690584966913,0.013330297340871766,3.040142245590687,0.33140120189636946,0.06394627889676485,0.009587989843566902,2.4264816343784332,0.5312580028548837,0.7782595856115222,1.2311701141297817
516096,0.0160525312385289,0.018625284341396764,3.180091544985771,0.39246638771146536,0.027887799369636923,0.01019786526740063,3.164422109723091,1.267578348517418,0.7545225545763969,0.914700754918158
517120,0.02441936658578925,0.02269328141119331,3.192976303398609,0.3707804512232542,0.04437455491279252,0.019602595566539094,3.0655879974365234,0.92635309509933,0.7671443810686469,0.9121850542724133
518144,0.015188423043582588,0.015280217252438888,3.0311673656105995,0.312306584790349,0.04937676840927452,0.011966744030360132,3.2888889387249947,1.0478177797049284,0.7026136945933104,0.8476508101448417
519168,0.019691268673341256,0.014389993215445429,3.096119739115238,0.36750858556479216,0.03284953339607455,0.006502352567622438,2.501527450978756,0.6009176298975945,0.766001058742404,1.2034941613674164
520192,0.010015629028202966,0.018332368170376867,3.186300717294216,0.3220076812431216,0.05701173926354386,0.012401123880408704,3.231409430503845,1.1218157541006804,0.8813917674124241,1.0339461918920279
521216,0.01602806252776645,0.012490482098655775,3.1635872796177864,0.3351690014824271,0.048711915529565886,0.007007382009760477,2.7559643611311913,0.8632476925849915,0.878630306571722,0.8867551926523447
522240,0.01737968565430492,0.01522429462056607,3.3599225282669067,0.3993188552558422,0.05506999045610428,0.007908222767582629,3.0921365171670914,1.043698126450181,1.1905085481703281,0.8000760544091463
523264,0.02622468648769427,0.008279665271402337,3.1976915150880814,0.47030716948211193,0.0012136368459323421,0.005336732901923824,3.5622133687138557,2.0302797704935074,0.855987167917192,0.5817357366904616
524288,0.013124420278472826,0.011373347908374853,2.923133045434952,0.24411799479275942,0.08615276508498937,0.007622921286383644,3.086780585348606,0.9182255454361439,0.8467460330575705,0.8765132986009121
525312,0.01579989489982836,0.01745898273657076,3.16251727193594,0.34954753145575523,0.052380259934579954,0.012466381856938824,2.876597799360752,0.9413573630154133,0.7657288080081344,1.0471319761127234
526336,0.010811652202391997,0.01833908332628198,3.0707715153694153,0.3316462216898799,0.016834361740620807,0.011225850146729499,3.101425915956497,1.1858708057552576,0.9421564182266593,0.7348510324954987
527360,0.01873244302259991,0.02563215175177902,3.072413846850395,0.31927159894257784,0.07494654625770636,0.008157878037309274,3.1864002272486687,1.0005912259221077,1.1694556269794703,0.82785973418504
528384,0.017661474033957347,0.011737999186152592,2.8372764736413956,0.403938596136868,0.13736568542663008,0.006542800387251191,3.2096824944019318,1.1298320051282644,0.6975264111533761,1.000083640217781
529408,0.012636692641535774,0.015290082665160298,2.9692267403006554,0.382732673548162,0.06394966386142187,0.011593146860832348,3.1760431602597237,1.0524120200425386,0.7213897984474897,0.963054059073329
530432,0.017715888214297593,0.010948525130515918,3.160119242966175,0.3546333257108927,0.07632147692493163,0.007521902487496845,3.1575995087623596,0.9359756615012884,0.8070182781666517,1.4623743556439877
531456,0.022240321501158178,0.02013386582257226,3.129029467701912,0.3668944491073489,0.069886457931716,0.009199329550028779,3.2216684371232986,0.9972954411059618,1.0065182717517018,0.9143696259707212
532480,0.03752688455278985,0.013195981591707096,2.9647186622023582,0.34084426797926426,0.08345755154732615,0.005055344641732518,2.57681567966938,0.6922201067209244,0.8474598824977875,0.9669101247563958
533504,0.01599137092125602,0.01858065926353447,3.1114933639764786,0.34433603286743164,0.005710759607609361,0.010349247779231519,2.2070619612932205,0.5740380240604281,0.7184705752879381,0.943228910677135
534528,0.016986808739602566,0.010962909334921278,3.2663642317056656,0.3952791215851903,0.054888064332772046,0.00464167442987673,3.2402798235416412,1.1248938031494617,0.9288213308900595,0.8041565101593733
535552,0.025336318649351597,0.0164079379173927,3.0225170105695724,0.4240735536441207,0.052564348734449595,0.00547139962145593,2.9279811307787895,0.9014109317213297,0.7346473718062043,0.6446820413693786
536576,0.015585571120027453,0.011237161350436509,2.7887946739792824,0.3522346578538418,0.05975828639930114,0.007631616914295591,3.1174994707107544,0.9893810302019119,0.8018185570836067,0.7548113698139787
537600,0.010543986616539769,0.013378128001932055,2.9459319189190865,0.2949051586911082,0.016209291439736262,0.007119373942259699,2.6181335896253586,0.8711385559290648,0.778940824791789,0.8464889526367188
538624,0.007893865753430873,0.014258724884712137,3.060289427638054,0.3267400562763214,0.08011409098980948,0.006972361807129346,3.574206203222275,1.6821966543793678,0.994097525253892,0.6404749481007457
539648,0.01256779766845284,0.013753598410403356,3.3558615297079086,0.42799939122051,0.0795606993342517,0.008462129393592477,3.8760560527443886,1.8201181665062904,0.8282426036894321,0.6659262012690306
540672,0.029160482110455632,0.01296173979062587,3.154301717877388,0.45723824482411146,0.08159414638066664,0.0072094609786290675,3.0028390362858772,1.0823439601808786,0.8166956650093198,0.5584289580583572
541696,0.034346787055255845,0.011180565357790329,3.357314482331276,0.4591062404215336,0.09465349238598719,0.010198975447565317,3.6145706698298454,1.3911312334239483,0.7896283864974976,0.6731235138140619
542720,0.021865829679882154,0.014246133185224608,3.1658525988459587,0.3582470826804638,0.0926219560788013,0.007557362216175534,3.0208941772580147,1.0230809450149536,0.7315946631133556,0.772131685167551
543744,0.02300566915073432,0.009571978967869654,3.059636168181896,0.3618348641321063,0.09112204011762515,0.00586410742107546,3.187519893050194,1.0027773827314377,0.7384871672838926,0.9370635375380516
544768,0.020277832314604893,0.006385997650795616,3.1181651577353477,0.35366959404200315,0.09671756729949266,0.005118156550452113,3.1976928785443306,1.168551241979003,0.8808663012459874,0.8840580191463232
545792,0.011518044339027256,0.009869865461951122,2.9676573127508163,0.3069351417943835,0.06697079984587617,0.006553638733748812,3.2400354966521263,1.1953787300735712,0.8189875427633524,0.9103340478613973
546816,0.023226681136293337,0.0075001197546953335,3.0919659212231636,0.3565193358808756,0.10738167550880462,0.00755596676026471,3.243510976433754,1.016048926860094,0.6474718293175101,1.1251370497047901
547840,0.02595375943928957,0.005497559664945584,3.0326431691646576,0.366386984474957,0.028606066494830884,0.004947733301378321,3.269868530333042,1.2748539224267006,0.6854257201775908,0.9573446940630674
548864,0.009998947221902199,0.011326036634272896,3.2501802295446396,0.4377777324989438,0.048240081348922104,0.00897178087325301,3.3130680173635483,1.323005311191082,0.7477888911962509,0.8521253494545817
549888,0.018862599739804864,0.021509739744942635,3.082669734954834,0.3888196190819144,0.07870924548478797,0.007288147957297042,3.2893740981817245,1.2486602552235126,0.8822133131325245,0.8811803869903088
550912,0.02251385708223097,0.011135608714539558,3.4408268183469772,0.521748861297965,0.07443250401411206,0.0070602253545075655,3.702489450573921,1.5966408997774124,0.8315166672691703,0.9882068447768688
551936,0.03632646784535609,0.014732570183696225,2.906553402543068,0.35353964380919933,0.09641910711070523,0.008795299683697522,3.2729577273130417,1.083180420100689,0.8423334965482354,0.9045122871175408
552960,0.00780101447890047,0.018162873602705076,2.9413807541131973,0.3254848262295127,0.03566319216042757,0.013384621037403122,3.6006252467632294,1.6744934786111116,0.9800911545753479,0.7816872661933303
553984,0.010999887963407673,0.015482883347431198,2.9533619955182076,0.34066711086779833,0.1101055417675525,0.009482428315095603,3.3521989956498146,1.0918125957250595,0.8629789361730218,0.7828875370323658
555008,0.025182792800478637,0.015283597458619624,2.877582535147667,0.3335535079240799,0.02606096147792414,0.012694795048446395,2.91899074614048,1.213598020374775,0.873003083281219,1.1738947099074721
556032,0.019850300799589604,0.022981792979408056,2.7762851044535637,0.3002874571830034,0.11027697299141437,0.00844126453739591,3.5910927206277847,1.014573896303773,0.9307992532849312,1.3401616793125868
557056,0.010458405769895762,0.017912395909661427,2.9327453821897507,0.2891733590513468,0.07945148512953892,0.010009986232034862,3.376651294529438,1.1678932439535856,0.7692687483504415,1.5172077286988497
558080,0.011321386875351891,0.013936382660176605,2.880213499069214,0.2830935148522258,0.06600137424538843,0.00588404690643074,3.14078601449728,1.1241025514900684,0.9678161218762398,1.2529392559081316
559104,0.014623328432207927,0.015500879497267306,2.7405707091093063,0.2661453257314861,0.053342955478001386,0.0077551261929329485,3.3945845514535904,1.5053811855614185,0.7451261542737484,0.9464944079518318
560128,0.019337100675329566,0.020259821321815252,3.0838721469044685,0.33323971275240183,0.10106794553576037,0.01337517803767696,3.2577054053545,1.1228627730160952,0.6996614336967468,0.6461429325863719
561152,0.01365756535960827,0.016250455752015114,3.1005330979824066,0.3060099361464381,0.10173443693201989,0.009233289543772116,2.9181479439139366,0.9817692693322897,0.8597363345324993,0.8336588032543659
562176,0.016480582620715722,0.014997142658103257,3.100581258535385,0.30729797622188926,0.05873770435573533,0.009970083716325462,3.359096959233284,1.304683692753315,1.132167799398303,0.9577722921967506
563200,0.018880987699958496,0.02241675090044737,2.7650285586714745,0.29790835082530975,0.058721723573398776,0.008622434732387774,2.487883500754833,0.6319978293031454,0.8547353511676192,0.8497317470610142
564224,0.021568482887232676,0.015449116908712313,3.087082989513874,0.35252849385142326,0.06856925832107663,0.009152761806035414,3.0018433704972267,1.0284248180687428,0.9482385693117976,0.9328826228156686
565248,0.017348894383758307,0.012670323267229833,2.990400865674019,0.34530127327889204,0.04941081850847695,0.0064883863378781825,2.6808785423636436,0.7820939868688583,0.7513233823701739,0.8445063075050712
566272,0.006966277520405129,0.013970441272249445,2.910073757171631,0.28784441016614437,0.054220991412876174,0.008222129647037946,2.9137455746531487,0.9991419594734907,0.7234631907194853,0.814232493750751
567296,0.019860480446368456,0.019147159822750837,3.0865638852119446,0.35782163590192795,0.09966718452051282,0.007856299154809676,3.495921164751053,1.1369798239320517,0.833438016474247,0.7798499809578061
568320,0.023001601366559044,0.015865398105233908,2.941097244620323,0.33758080564439297,0.09350425977027044,0.005064961573225446,3.5343867167830467,1.209157571196556,0.8733125301077962,0.8366868570446968
569344,0.0063600962166674435,0.011733409424778074,2.6787898764014244,0.2746357452124357,0.05540095950709656,0.008752822453971021,3.2826435938477516,1.1689168903976679,0.7082395255565643,0.9365341514348984
570368,0.006679993268335238,0.011635065588052385,2.8750804737210274,0.2517912848852575,0.08814272534800693,0.007761136323097162,3.2281940281391144,0.9668275564908981,0.7663910556584597,1.2265752581879497
571392,0.005163039764738642,0.009728243894642219,3.0107750818133354,0.27267121197655797,0.035801109799649566,0.009854913150775246,3.415743961930275,1.3392808716744184,0.7467778595164418,0.9604588728398085
572416,0.02491765093873255,0.01890851347707212,3.2065662816166878,0.369583697989583,0.0710375775815919,0.012306582560995594,3.1149873584508896,1.0712947733700275,0.5888836365193129,0.8689899072051048
573440,0.009892349160509184,0.024158176267519593,2.9402993991971016,0.2863002046942711,0.12089174485299736,0.011686441910569556,3.4811711609363556,1.3613734692335129,0.8755266536027193,1.063613910228014
574464,-5.099864210933447e-07,0.007474381214706227,2.8374549746513367,0.4270280050113797,0.14373077894560993,0.00467243957973551,3.526484362781048,1.798251673579216,0.46466938871890306,0.6197267938405275
575488,0.022959134643315338,0.020910580089548603,2.904026433825493,0.3452153271064162,0.026495471771340817,0.015289461327483878,2.0465861037373543,0.5241483487188816,0.6556826420128345,1.0381633788347244
576512,0.018617467168951407,0.01047454414947424,3.1400593295693398,0.32853059470653534,0.056051789433695376,0.009412003331817687,3.1097220107913017,1.0001799073070288,0.6477749887853861,0.7693947358056903
577536,0.01102315218304284,0.021317525184713304,3.152131363749504,0.3141214605420828,0.014323330076877028,0.01283243541547563,3.0617974027991295,1.038460087031126,0.8871524734422565,0.7027012803591788
578560,0.020200470404233783,0.01329951870138757,3.2301215827465057,0.357230176217854,0.03541659296024591,0.009666835409007035,3.6648198813199997,1.46889528632164,0.7846046751365066,0.48091511335223913
579584,0.015444520831806585,0.01327756981481798,3.0391982197761536,0.32680770196020603,0.06210247316630557,0.011379860661691055,3.285041980445385,1.1400635950267315,0.7345796870067716,0.7340656388550997
580608,0.013138417736627162,0.0134198825689964,3.043451741337776,0.331680528819561,0.0642227549396921,0.010887067663134076,2.704638734459877,0.7136525604873896,0.8282685084268451,0.8304296862334013
581632,0.02783360155444825,0.01289224298670888,3.039655290544033,0.36279610358178616,0.06873893778538331,0.009669257982750423,3.039657637476921,0.9432776495814323,0.6551216766238213,0.9562899507582188
582656,0.018361703601840418,0.00987141320365481,3.2461939826607704,0.4414836149662733,0.05225434241583571,0.008108325186185539,2.77617946267128,0.6834593182429671,0.6006407290697098,0.9905072841793299
583680,0.028954310953849927,0.018926778167951852,3.1153337582945824,0.39015995990484953,0.023531484097475186,0.011984490643953905,3.122931629419327,0.9847919549793005,0.7923638895153999,0.6779777631163597
584704,0.012945278169354424,0.016295625653583556,3.137762703001499,0.3755104737356305,0.09226320404559374,0.011053830574383028,3.0197351574897766,1.016672246158123,0.8484830083325505,0.9146585306152701
585728,0.030857346224365756,0.014766766340471804,3.4558860510587692,0.4395582200959325,0.09352556441444904,0.010758910997537896,3.5424171313643456,1.2677815333008766,0.7101749712601304,0.6121353069320321
586752,0.018174406548496336,0.02427427441580221,3.0776424407958984,0.3305504508316517,0.15405424137134105,0.01018330549413804,3.70158601552248,1.3831886053085327,0.7403607023879886,0.5025599114596844
587776,0.019295461010187864,0.022401752648875117,2.974437065422535,0.3262676643207669,0.07489451763103716,0.012360432505374774,3.081937089562416,0.9105405639857054,0.8246592283248901,1.4102448504418135
588800,0.018506232154322788,0.021741522970842198,2.972163215279579,0.30491740722209215,0.0337860795261804,0.009727755867061205,2.6852694675326347,0.9314484316855669,0.8812172105535865,0.7933114925399423
589824,0.005307426967192441,0.014668137300759554,3.1239564940333366,0.3136407621204853,0.07333349835244007,0.009011759393615648,2.913372330367565,0.9430153258144855,1.2883688025176525,0.8354568108916283
590848,0.007166357812820934,0.01252127074985765,2.805272199213505,0.32653891388326883,0.06962594343349338,0.009336987612186931,2.647651396691799,0.6780983991920948,0.9042212106287479,1.096929356455803
591872,0.022827678214525804,0.010550426406553015,2.966684617102146,0.35343113634735346,0.043451874575112015,0.006942457490367815,3.0235414654016495,0.987631875090301,1.0299622798338532,1.0176736181601882
592896,0.024076571309706196,0.02597181062446907,3.126708060503006,0.3554034335538745,0.07357426662929356,0.01107081254303921,2.7730090767145157,0.775267519056797,0.7575281579047441,0.8908056979998946
593920,0.01853384601417929,0.013410836603725329,3.1726221963763237,0.3617554306983948,0.08202639379305765,0.009988396006519906,2.97330854088068,0.8469023872166872,0.8887563841417432,0.7804698664695024
594944,0.021605399379041046,0.010832062820554711,3.203678011894226,0.4183609625324607,0.0873481136513874,0.006540080590639263,3.4668638557195663,1.0880858153104782,0.8726193578913808,0.634489668533206
595968,0.006927653623279184,0.019135312701109797,2.899628944694996,0.2955590062774718,0.035331122227944434,0.009952172287739813,2.9262595176696777,0.945097591727972,0.7615219550207257,1.0988190276548266
596992,0.01068153239612002,0.01083732936240267,2.9675318598747253,0.31243124697357416,0.01710513496072963,0.007737120911770035,3.0867012813687325,1.0416812524199486,0.6103439703583717,0.8918285565450788
598016,0.029817375499987975,0.01608814561041072,3.1656322106719017,0.38278129510581493,0.1334773685084656,0.006369521594024263,3.1929550990462303,0.950479306280613,0.7981690214946866,0.681083569303155
599040,0.01334350420802366,0.009321387333329767,3.0016384795308113,0.36855305172502995,0.06717337449663319,0.004340886902355123,3.4948486164212227,1.1528513301163912,0.6400003358721733,1.044536485336721
600064,0.03344296646537259,0.011629107408225536,3.2800023928284645,0.43575440533459187,0.03475793881807476,0.009412420666194521,3.147261142730713,0.9598608557134867,0.6825482491403818,0.8217630246654153
601088,0.026793935467139818,0.01658883734489791,3.015356481075287,0.353640491142869,0.03355769855261315,0.00990275687945541,2.8564813137054443,0.8327439408749342,0.7347535332664847,0.8499702652916312
602112,0.03425206305109896,0.015179422072833404,2.962338015437126,0.36111781001091003,0.02855173940770328,0.00866302422946319,1.9130340367555618,0.41767388535663486,0.666470343247056,1.3369328640401363
603136,0.019361237791599706,0.016095700120786205,3.185372792184353,0.40172735415399075,0.09757148759672418,0.008818036047159694,3.397960163652897,1.4344053342938423,0.7452938593924046,1.3440876435488462
604160,0.005257758573861793,0.007841240920242853,2.920460522174835,0.24053865019232035,0.06146164832171053,0.0045044616927043535,3.2577975019812584,1.0955755971372128,0.7116170255467296,0.7989233927801251
605184,0.006168648396851495,0.019844755239319056,3.151402033865452,0.35249989945441484,0.06420183629961684,0.011734081825125031,3.3772103041410446,1.0295154005289078,0.7400935711339116,0.83589484449476
606208,0.020447065879125148,0.010669352850527503,3.0943830013275146,0.40121907740831375,0.067524377402151,0.005176415405003354,3.188266322016716,1.0367566775530577,0.5206875838339329,0.7400476951152086
607232,0.03145585501624737,0.012175644573289901,3.048714801669121,0.37064049020409584,0.0746341145131737,0.009481270404648967,3.250080868601799,0.8987752590328455,0.8510791976004839,0.6597861219197512
608256,0.015385492355562747,0.012108572671422735,2.856485426425934,0.33418185357004404,0.06323418760439381,0.011368415915057994,2.9261456578969955,0.7714956924319267,0.6468810690566897,0.9864670541137457
609280,0.017407436651410535,0.014678822946734726,3.030064217746258,0.28718498069792986,0.07526510994648561,0.014210995868779719,3.066616304218769,0.9048415999859571,0.7964295884594321,0.9315435970202088
610304,0.02151395998953376,0.00896756467409432,3.2116996496915817,0.387069396674633,0.05312943214084953,0.004748059014673345,3.5010678842663765,1.183709554374218,0.674962623976171,0.9963915012776852
611328,0.019519868481438607,0.013375414215261117,3.0390231907367706,0.32516271341592073,0.03938714292598888,0.006823985677328892,2.8596479296684265,0.7137383576482534,0.7733135651797056,0.9359003752470016
612352,0.014264716955949552,0.014138458675006405,3.1710220500826836,0.3945521656423807,0.06211981143860612,0.00828886911040172,3.1025706082582474,0.7985444832593203,0.7607924621552229,0.7084374092519283
613376,0.010205678932834417,0.010341038811020553,3.166732504963875,0.34617152251303196,0.03985623849439435,0.008314553269883618,3.0372849106788635,0.9539610035717487,0.6267249593511224,1.0061208624392748
614400,0.01618876880093012,0.011623767320998013,3.1576937958598137,0.3686520392075181,0.061047737108310685,0.0055999754622462206,3.281844489276409,1.0469609014689922,0.9582425076514482,0.904853655025363
615424,0.04483720666030422,0.0176458063069731,3.064513474702835,0.41324207838624716,0.06135045245173387,0.006531173479743302,2.9646147042512894,0.7949888501316309,0.7061879280954599,0.6246363446116447
616448,0.02814345309161581,0.010961876789224334,2.9001574665308,0.32495425920933485,0.05686684587271884,0.006350968331389595,2.9173473119735718,0.7863471396267414,0.9879662040621042,0.6321996953338385
617472,0.02478256862377748,0.010745854611741379,3.1003129705786705,0.36132763884961605,0.005412503844127059,0.011523026827489957,2.724368877708912,0.9728889372199774,0.773708320222795,0.8429441144689918
618496,0.0005328114930307493,0.013495105493348092,3.0307588651776314,0.31527011655271053,0.04237359401304275,0.013078508083708584,2.7347678430378437,0.9319026237353683,0.8489985121414065,0.9159637708216906
619520,0.011119123984826729,0.013099239135044627,3.263051852583885,0.3871835097670555,0.1097755337250419,0.011137300854898058,3.1157767921686172,1.1064608059823513,0.9605417707934976,0.7935189753770828
620544,0.03569936048006639,0.017019005492329597,3.3671113029122353,0.444248721934855,0.09381280426168814,0.011376930138794705,3.1493292301893234,0.989914296194911,0.8564932961016893,0.8899178802967072
621568,0.03360649764363188,0.016462318832054734,3.2194166481494904,0.40197383891791105,0.01829446808551438,0.011008690853486769,3.0125860050320625,0.946808397769928,1.0139896925538778,0.7148089110851288
622592,0.013814637073664926,0.008798308990662917,2.965847983956337,0.31293515022844076,0.08028607745654881,0.007977681503689382,3.0350845009088516,0.9487988147884607,0.9271469712257385,0.9305578991770744
623616,0.01995112860458903,0.010255069340928458,3.078634887933731,0.3587760282680392,0.06739581734291278,0.008191768240067177,3.0848365873098373,0.9966111350804567,0.7354127196595073,0.657388536259532
624640,0.024124009971274063,0.01932541956193745,3.093761019408703,0.3693188317120075,0.0249176554789301,0.010901884379563853,2.5240532383322716,0.7437330409884453,0.7776483818888664,1.0215165596455336
625664,0.009488510520895943,0.01105275251029525,3.067580632865429,0.2874155850149691,0.044105567736551166,0.009739850298501551,3.0994293466210365,1.105738092213869,0.8789198864251375,0.6780090034008026
626688,0.010991300849127583,0.012933260470163077,3.0085128620266914,0.3209285978227854,0.11588610819308087,0.011069723012042232,3.4522744193673134,1.1113483738154173,0.7653532233089209,0.776482299901545
627712,0.015710425534052774,0.011733277104212902,3.213699623942375,0.3851950913667679,0.07300865749130026,0.009134284089668654,2.8673796206712723,0.8162160720676184,0.7552385367453098,0.7079205019399524
628736,0.02153710590209812,0.015152052481425926,2.9722555428743362,0.3560640839859843,0.059165608501643874,0.013327130058314651,3.0498174279928207,0.9866559114307165,0.6787863578647375,0.9597111502662301
629760,0.017462399482610635,0.013883138104574755,3.1105282306671143,0.3010628614574671,0.07803020419669338,0.0068951275607105345,3.103273056447506,0.9933527316898108,0.9763187151402235,1.1053189225494862
630784,0.021500912189367227,0.01135009252175223,3.0909765288233757,0.3597806924954057,0.05441698248614557,0.005914221554121468,2.9530607387423515,0.8792552631348372,0.6457119574770331,0.7882731091231108
631808,0.01908442440617364,0.025445765000768006,3.096288450062275,0.3575455220416188,0.12321356305619702,0.011867032255395316,3.45955166220665,1.2779040411114693,0.5987612176686525,0.5546034798026085
632832,0.018552585068391636,0.013619091419968754,2.9937820807099342,0.3147141542285681,0.09662362793460488,0.009227556496625766,3.0854278802871704,1.1333704125136137,0.6896444233134389,0.6929094372317195
633856,0.018800977210048586,0.006860488545498811,2.9962373822927475,0.3324062507599592,0.10894171724794433,0.005756375408964232,3.1717992275953293,1.1179048214107752,0.6160089848563075,0.4850322101265192
634880,0.014114827266894281,0.00637214322341606,2.94139863550663,0.3327957419678569,0.10736553021706641,0.004904256682493724,3.1860751658678055,0.9524709023535252,0.7081584688276052,0.6926357476040721
635904,0.016980685584712774,0.009630277389078401,3.0036523565649986,0.3757703984156251,0.06658088785479777,0.0052926892167306505,2.6933854669332504,0.6639523766934872,0.5391651811078191,0.6500046635046601
636928,0.01841564549249597,0.018667784112039953,3.10897758603096,0.37020404264330864,0.052301238843938336,0.016290762490825728,2.5320976972579956,0.7606398537755013,0.7652921257540584,0.7697435365989804
637952,0.019694526490638964,0.014634243329055607,3.0991128608584404,0.36718689650297165,0.05193813951336779,0.008854539119056426,2.998088590800762,0.8642676416784525,0.8204365354031324,0.9294523168355227
638976,0.010482469238922931,0.016687440453097224,2.892178624868393,0.25082268798723817,0.07583148154662922,0.015371242421679199,3.3490702025592327,1.4528667088598013,0.8266363693401217,0.8827252583578229
640000,0.01259892164671328,0.009015493706101552,3.1079611852765083,0.32649954967200756,0.02758772880770266,0.007620996890182141,3.496215134859085,1.2693053670227528,0.6727021429687738,0.8770881472155452
641024,0.02746073398157023,0.01788427581777796,3.245327591896057,0.43986608646810055,0.050027135643176734,0.012654262289288454,2.4169318079948425,0.6819199845194817,0.6896779257804155,0.8195754271000624
642048,0.02562292423681356,0.01271230517886579,2.9384356662631035,0.32238523475825787,0.05894944051397033,0.009358899405924603,2.9417517483234406,0.8904758356511593,0.592457128688693,0.69031020719558
643072,0.01925074975588359,0.014049677178263664,3.1165661811828613,0.3844143068417907,0.04053059470606968,0.007977519533596933,3.2180307507514954,1.3127476181834936,0.5504175825044513,0.844078135676682
644096,0.0101990353941801,0.010123580257641152,3.61283727735281,0.690187712199986,0.0002605033223517239,0.00453819348331308,2.8223445639014244,1.3224249668419361,0.686456018127501,0.7043077112175524
645120,0.022505928005557507,0.023534360632766038,3.1747193410992622,0.37639613822102547,0.08283362502697855,0.015419292729347944,3.0889957025647163,0.8963607084006071,0.6092039793729782,0.8169572241604328
646144,0.021122942242072895,0.016756458091549575,3.1862320229411125,0.3934466941282153,0.047544312561512925,0.009207422859617509,2.821882613003254,0.8328880555927753,0.6471175365149975,0.9987264312803745
647168,0.033458211459219456,0.013466363088809885,3.4269644021987915,0.48651392851024866,0.06977263008593582,0.009247757698176429,3.2210528776049614,0.9479537345468998,0.539975450374186,1.137659389525652
648192,0.012496367329731584,0.013097097398713231,3.1513619646430016,0.35394075233489275,0.06907624812447466,0.013709618069697171,3.229794330894947,0.9605607874691486,0.658839856274426,0.8039653999730945
649216,0.026672888488974422,0.01566643107798882,3.3146326392889023,0.4495337000116706,0.07761942350771278,0.011974362874752842,3.2048695608973503,0.9616428706794977,0.6739736385643482,0.9009447144344449
650240,0.020049140526680276,0.017583504639333114,3.1753474697470665,0.4130495982244611,0.08870737685356289,0.013909416418755427,2.860578216612339,0.8305081911385059,0.7289204755797982,0.9561724914237857
651264,0.026269569803844206,0.014842306263744831,3.3061936274170876,0.4707045815885067,0.05557161575416103,0.012117974736611359,2.637560673058033,0.694555077701807,0.7415645020082593,0.9201127560809255
652288,0.046039353212108836,0.010855625529075041,3.3258619010448456,0.4424254084005952,0.06485356958000921,0.010696270954213105,2.818181350827217,0.7982661854475737,0.8171643586829305,1.0505027892068028
653312,0.0081748430384323,0.007640350544534158,3.293757200241089,0.4362944019958377,-0.017966501123737544,0.0057387041742913425,3.08002195507288,1.308830676600337,0.7352584693580866,0.4691326734609902
654336,0.01531179269659333,0.013343006023205817,3.2785921469330788,0.4214988090097904,0.039651423488976434,0.010752338377642445,2.877094991505146,0.9251162186264992,0.6892476473003626,1.1066044047474861
655360,0.03646104989456944,0.015163301693974063,3.3535938560962677,0.5333598805591464,0.0646464005112648,0.009317791482317261,3.263412222266197,0.9532657638192177,0.7020041076466441,1.0307049984112382
656384,0.02428403358499054,0.019112649868475273,3.2216158136725426,0.46768181025981903,0.09699512206134386,0.009918931260472164,2.8618970066308975,0.8732707593590021,0.6966309519484639,0.8786717522889376
657408,0.03742101797251962,0.011767656920710579,3.479557752609253,0.5644776988774538,0.03824669250752777,0.008013536993530579,2.7965547516942024,0.7860910091549158,0.7117316955700517,0.8881912063807249
658432,0.03799962163611781,0.009422732822713442,3.5863381698727608,0.6074186284095049,0.05414423524052836,0.007100264134351164,3.2327704802155495,1.0032638534903526,0.5596217606216669,0.6162255452945828
659456,0.02868596628832165,0.018562523793661967,3.3210200145840645,0.5004096673801541,0.0722578059649095,0.01292678140453063,3.2375671714544296,1.035074269399047,0.6715067960321903,0.7066392069682479
660480,0.02864714546012692,0.014599294780055061,3.1187579408288,0.39656228851526976,0.04472143930615857,0.009149501020147,3.5228171944618225,1.3286522924900055,0.9951843488961458,0.9297915296629071
661504,0.03626624072785489,0.014940053166355938,3.1864986941218376,0.42505115177482367,0.11766367231030017,0.005544112820643932,3.78321772813797,1.351924754679203,0.6112049268558621,0.6445605680346489
662528,0.028445012590964325,0.01388343921280466,3.434230923652649,0.5284622078761458,0.08186574332648888,0.006641296262387186,3.6416717246174812,1.4112803116440773,0.6770622711628675,0.9159902716055512
663552,0.028409222315531224,0.014599328307667747,3.1100156530737877,0.3913664696738124,0.12089526513591409,0.008103078384010587,3.732900023460388,1.3118360787630081,0.7179293213412166,0.5067899953573942
664576,0.025291031670349184,0.014257995382649824,3.0038616061210632,0.3880670955404639,0.06871520716231316,0.012686297835898586,3.438035935163498,1.067848527804017,0.6852001184597611,0.8880473170429468
665600,0.021071365248644724,0.018791694950778037,3.266650654375553,0.404240183532238,0.05069451584131457,0.012283021918847226,2.9890065416693687,0.9415470398962498,0.8412070982158184,1.2325791269540787
666624,0.026802300184499472,0.007402757342788391,3.539726324379444,0.5333263417705894,0.038679999561281875,0.007030403023236431,2.923695497214794,1.0440883208066225,0.593437229283154,1.0609658770263195
667648,0.02161521470407024,0.010659401523298584,3.43630912899971,0.5131802875548601,0.07189718782319687,0.008917393672163598,3.5062977373600006,1.3177599050104618,0.6261934228241444,1.0405540950596333
668672,0.02481295033066999,0.017482930765254423,3.125012792646885,0.3681224137544632,0.1296350685879588,0.011348658343194984,3.671166017651558,1.265617648139596,0.9694960694760084,0.9082142109982669
669696,0.017528310389025137,0.012133879878092557,2.9744277223944664,0.3185969106853008,0.08427222212776542,0.007789044801029377,3.4283521100878716,1.2924414537847042,0.7974736895412207,0.6615404263138771
670720,0.01306688238400966,0.008001972746569663,2.753507174551487,0.3287994018755853,0.09914208174450323,0.008095121738733724,3.3377265110611916,1.152487512677908,0.5987007347866893,0.7323701297864318
671744,0.01107233899529092,0.006771432657842524,2.927818588912487,0.32756930589675903,0.037015355977928266,0.0055272702884394675,2.8583251386880875,1.0691607166081667,0.6220195693895221,0.8935191612690687
672768,0.018670230332645588,0.011997146371868439,3.1026207581162453,0.3614977616816759,0.08922383350727614,0.008257003646576777,3.030957669019699,0.9618690423667431,0.6324454387649894,0.8179692141711712
673792,0.012514697460574098,0.02105978739564307,3.2324894815683365,0.35411591082811356,0.07464383181650192,0.00902607808529865,3.309880495071411,1.3116666842252016,0.796267805621028,0.7036653617396951
674816,0.028675697336439043,0.016383629204938188,3.1354950964450836,0.37486434262245893,0.13060201506596059,0.00825568193977233,3.2774463817477226,1.0931341536343098,0.721045165322721,0.5503376545384526
675840,0.01829104236094281,0.015985520789399743,3.1542575508356094,0.3538232520222664,0.0600628771353513,0.01016168636851944,3.09555384516716,0.9917395114898682,0.6462298789992929,0.7438122211024165
676864,0.03337026239023544,0.015759487869217992,3.0478347688913345,0.36365167517215014,0.10022690579353366,0.00853655836544931,3.362676687538624,1.1833998523652554,0.7630300363525748,0.9724164111539721
677888,0.022223894571652636,0.008457404808723368,2.9367571473121643,0.337856980971992,0.10110148071544245,0.004340258659794927,3.541599988937378,1.1679237093776464,0.7652659257873893,0.8035722561180592
678912,0.03282906048116274,0.024762263899901882,3.3939060047268867,0.49972343537956476,0.05298132650204934,0.012891962280264124,3.398904800415039,1.1714117862284184,0.634238007478416,0.73088413849473
679936,0.025535067019518465,0.011658492992864922,3.2982117757201195,0.42435603868216276,0.037161446147365496,0.010033681901404634,3.5121911764144897,1.3242170624434948,0.5342638399451971,0.7344384184107184
680960,0.017500935326097533,0.013970102125313133,3.039443001151085,0.32219600677490234,0.11264668486546725,0.008592100566602312,3.220969043672085,1.1164850033819675,0.685589512810111,0.7127422224730253
681984,0.0245205346000148,0.013703093252843246,3.3791784569621086,0.48130395822227,0.05921053927158937,0.0056625832366989926,3.7922626733779907,1.4045054502785206,0.7285626567900181,0.5111508835107088
683008,0.021570538621745072,0.019622014806373045,3.205057814717293,0.3604869684204459,0.0831240278785117,0.011273639975115657,3.647073194384575,1.2322321198880672,0.6958936946466565,0.8936020294204354
684032,0.01590463292086497,0.009533862539683469,3.146657593548298,0.34966722782701254,0.06994466156174894,0.008206110534956679,3.3140913993120193,0.9360180925577879,0.5642606532201171,1.213963994756341
685056,0.013931636756751686,0.021246857213554904,3.177784487605095,0.36463851667940617,0.05331212020246312,0.013921541394665837,3.123990722000599,1.1974207255989313,0.7107390202581882,0.7971707871183753
686080,0.018963195238029584,0.01544839225243777,3.0805389061570168,0.3376223426312208,0.08723685522272717,0.009842640458373353,3.2113892287015915,1.1008614506572485,0.6063693463802338,0.7570393932983279
687104,0.018659765395568684,0.011118888432974927,3.249768905341625,0.3865991737693548,0.06886354583548382,0.010203009529504925,3.3263047263026237,1.052392479032278,0.7971792388707399,1.1936359470710158
688128,0.02037416676466819,0.020344624819699675,3.2923619002103806,0.3812384642660618,0.08595035877078772,0.01450283738086,3.196912318468094,1.101786557585001,0.7735351994633675,0.9213143512606621
689152,0.01834963957662694,0.011542761290911585,3.210507243871689,0.37900533713400364,0.04101473800255917,0.008086816509603523,3.915649466216564,1.8393022827804089,0.674270479939878,0.7422565734013915
690176,0.015704100078437477,0.01837973258807324,3.1060823649168015,0.35047640837728977,0.08783325448166579,0.013755354593740776,2.7210470736026764,0.8711691088974476,0.7659591641277075,0.9387846225872636
691200,0.021541756999795325,0.011903196384082548,3.026875361800194,0.2943510003387928,0.05697103339480236,0.008513221502653323,2.9024136662483215,0.9279060736298561,0.9109908770769835,0.919821459800005
692224,0.020715601334813982,0.00877047643007245,2.895878367125988,0.2973299315199256,-0.02438793337205425,0.005615913214569446,3.537608362734318,1.7343828454613686,0.7538586957380176,0.5477418950758874
693248,0.013525316666346043,0.013370559317991138,3.1854761838912964,0.43798569217324257,0.026426725526107475,0.010806203776155598,2.2062328420579433,0.761157276108861,0.680972358211875,0.8263054536655545
694272,0.017200210757437162,0.012016170541755855,3.119416892528534,0.35419154539704323,0.1495013465755619,0.007644122437341139,3.3045138493180275,1.2127428390085697,0.8467535311356187,0.5813289182260633
695296,0.011602683982346207,0.013406870275503024,3.002568632364273,0.32697828207165003,0.08381478441879153,0.013062442259979434,3.1181522458791733,0.9934223648160696,0.915560107678175,0.8840446854010224
696320,0.010926351344096474,0.011634654205408879,3.0154930502176285,0.33255311055108905,0.08170815638732165,0.011558144484297372,3.9158989936113358,1.9483657851815224,0.6962850512936711,0.5430472074076533
697344,0.011245506553677842,0.011934454378206283,3.089504949748516,0.2916516102850437,0.08311388324364088,0.006977997400099412,3.1467887833714485,1.2810463793575764,0.688710062764585,0.5534817911684513
698368,0.012243526405654848,0.012260663526831195,3.0783434957265854,0.3264762358739972,0.0769934777636081,0.010370700430939905,3.3507189601659775,1.1127943210303783,0.6273070871829987,0.5546760316938162
699392,0.00909862556727603,0.01398017312749289,3.159742720425129,0.30639974121004343,0.07944231835426763,0.010641385102644563,3.0487699806690216,1.1072063650935888,0.7893875390291214,0.7652814751490951
700416,0.011966798803769052,0.012993507465580478,3.034457378089428,0.3032274628058076,0.11365368304541335,0.007634010966285132,3.160952016711235,1.102130901068449,0.7911266908049583,1.0671841418370605
701440,0.015973578294506297,0.01412584655918181,2.8795913383364677,0.33291973639279604,0.10057170933578163,0.0062556986886193044,3.4437495470046997,1.1247903909534216,0.7849935758858919,0.6757642654702067
702464,0.019161165197147056,0.013977361290017143,2.9127159267663956,0.3380493652075529,0.03096295185969211,0.00920743856113404,3.4206657335162163,1.234074441716075,0.6918981447815895,0.7584134517237544
703488,0.01457346897223033,0.015488288656342775,3.2545872554183006,0.3853728612884879,0.06569156609475613,0.009771035489393398,3.5408185347914696,1.3800426200032234,0.9331544265151024,1.0720596723258495
704512,0.02535321946197655,0.013444468553643674,3.2478620186448097,0.3786045340821147,0.06868037939420901,0.007302152691408992,2.684450015425682,0.9897831473499537,0.8605346903204918,0.8251038119196892
705536,0.02049602229089942,0.012623493312275968,3.2136672884225845,0.3970090448856354,0.060405220778193325,0.010219200601568446,2.9263473749160767,1.0448823440819979,0.650705236941576,0.9077720097266138
706560,0.017550200514961034,0.014099607564276084,3.061492346227169,0.3463377635926008,0.08394990047963802,0.011333532558637671,3.337960436940193,0.936220483854413,0.6104264380410314,0.7924919752404094
707584,0.015127524413401261,0.013847221533069387,3.1214366480708122,0.3460689205676317,0.06404941075015813,0.01359304205107037,3.461355723440647,1.4211019147187471,0.7357012806460261,0.8916765050962567
708608,0.006878677537315525,0.009205188340274617,3.114738918840885,0.3138560960069299,0.10585405316669494,0.008724093058845028,3.331539638340473,1.4498405382037163,0.6599723063409328,1.2521269489079714
709632,0.01868290091806557,0.013438627152936533,3.1620295494794846,0.3273712769150734,0.11901534246862866,0.009469307900872082,3.408002771437168,1.2939119786024094,0.6732216440141201,1.0014190720394254
710656,0.019348695932421833,0.016855429712450132,3.017967216670513,0.41270885057747364,0.05121122422860935,0.008275297943328042,3.085453912615776,0.9845733232796192,0.6740038935095072,0.694970197044313
711680,0.022397868568077683,0.013424121803836897,3.02057646214962,0.387687218375504,0.04499002703232691,0.007903921708930284,3.0826485753059387,1.0814780425280333,0.636304784566164,0.8008148828521371
712704,0.016986490882118233,0.02003580317250453,3.2155720591545105,0.39453689381480217,-0.006591824203496799,0.009961039992049336,3.4665033146739006,1.5005558244884014,0.684246095828712,0.6266768807545304
713728,0.024971756341983564,0.02144873677752912,3.0921240746974945,0.3476056829094887,0.07391719188308343,0.015616692544426769,3.043847866356373,1.0366172902286053,0.6291358340531588,0.8008540999144316
714752,0.026747653231723234,0.017189706122735515,3.176728218793869,0.39049515966326,0.06073418690357357,0.012055201514158398,3.4415198266506195,1.256266739219427,0.6813377495855093,0.9307176424190402
715776,0.034531424375018105,0.0166723630100023,3.129612535238266,0.4084419757127762,0.09923606284428388,0.012502440571552143,3.528925806283951,1.163947757333517,0.7038629669696093,0.7792460508644581
716800,0.0014731757255503908,0.00965134910074994,3.1278025805950165,0.31593531370162964,0.054048091085860506,0.006450976565247402,3.065169408917427,1.1366599183529615,0.8039347715675831,0.9961555832996964
717824,0.023409834495396353,0.010621265129884705,2.983700878918171,0.4159133732318878,0.11356893496122211,0.009688004371128045,2.993786968290806,0.9799330327659845,0.6995588839054108,1.1546815112233162
718848,0.017185950942803174,0.012988380040042102,2.970817409455776,0.29416619148105383,0.06001517950790003,0.01230464999389369,3.3411353826522827,1.105436323210597,0.6883657332509756,0.6821341281756759
719872,0.010540320101426914,0.01335733017185703,3.090380981564522,0.2960597276687622,0.06999906964483671,0.008901350578526035,3.3691069185733795,1.1565008256584406,0.7683198833838105,0.853597373701632
720896,0.020440660082385875,0.015310964809032157,3.1401185765862465,0.36055702343583107,0.09273693934665062,0.0085623140912503,3.0930517464876175,0.9314930085092783,0.674806222319603,1.0990173686295748
721920,0.010058428582851775,0.009987062934669666,2.711722247302532,0.30503709614276886,0.049611693946644664,0.0056261170175275765,2.270593900233507,0.46565745398402214,0.6032558977603912,1.3047382179647684
722944,0.013751979975495487,0.013884276268072426,2.9091590866446495,0.2662751176394522,0.03939046221785247,0.005809960071928799,2.8557395339012146,0.8347823321819305,0.8618615483865142,0.8230680990964174
723968,0.0075831491412827745,0.012500071548856795,3.3294536471366882,0.4091589106246829,0.03910812470712699,0.006031944052665494,3.342718832194805,1.5528695993125439,0.7341836132109165,1.121360069140792
724992,0.020478282793192193,0.023060942941810936,3.119524247944355,0.3375559961423278,0.09466397913638502,0.016426133341155946,2.9511681869626045,1.0653442665934563,0.6028721472248435,0.9332839511334896
726016,0.012115977966459468,0.014990230731200427,2.8787004724144936,0.27384706353768706,0.055519610963528976,0.010780676864669658,2.733542524278164,0.7282732985913754,0.6784688094630837,1.118825577199459
727040,0.012884737399872392,0.015204923925921321,3.023172549903393,0.3376672677695751,0.011912319605471566,0.010398099213489331,2.799827165901661,0.950599554926157,0.5078595345839858,0.7614608211442828
728064,0.019545878079952672,0.01673145653330721,2.801155224442482,0.29557278007268906,0.0595766159822233,0.007433921273332089,2.7956956773996353,0.7700545080006123,0.6672574644908309,0.9639943912625313
729088,0.026776479033287615,0.01066303662082646,2.900901459157467,0.33990517165511847,0.04429875427740626,0.006303434332949109,2.767811603844166,0.7238880572840571,0.5867380751296878,0.7863725638017058
730112,0.018528769825934432,0.01414465470588766,3.027964562177658,0.3547456692904234,0.0683541196049191,0.007062278251396492,3.187148794531822,1.017055954784155,0.6057099234312773,0.6532584754750133
731136,0.012642196772503667,0.017824053473304957,3.189680755138397,0.3823983911424875,0.037749331939266995,0.010781678138300776,3.4388081282377243,1.1787470560520887,0.5358182033523917,0.586312941275537
732160,0.02906703065673355,0.011601780686760321,3.1180495992302895,0.4028266426175833,0.06709659873740748,0.008701372018549591,2.937700368463993,0.9450494851917028,0.6088132774457335,0.7003085175529122
733184,0.011818897241028026,0.013736425738898106,3.196471154689789,0.41987941414117813,0.0942854535242077,0.01073110157449264,3.290709398686886,1.154157504439354,0.5492322016507387,0.8266382273286581
734208,0.017796263011405244,0.018426776747219265,3.024943396449089,0.3107496593147516,0.08958174905274063,0.010650509255356155,3.533563695847988,1.2401789240539074,0.727402938529849,0.6968147493898869
735232,0.020583149074809626,0.0101505707425531,3.13418672978878,0.3906082399189472,0.0683217374025844,0.007757614410365932,3.2724088728427887,1.0518194194883108,0.666363911703229,0.6325627434998751
736256,0.006890953314723447,0.013300803228048608,3.0977784246206284,0.3895519431680441,0.07254727382678539,0.00950544441002421,3.362757869064808,1.1931389905512333,0.723875924013555,0.7643395625054836
737280,0.024192222306737676,0.010423591549624689,3.105109915137291,0.3718085531145334,0.07400541345123202,0.005433972008177079,3.306805580854416,1.466781610623002,0.6335402866825461,0.7636853475123644
738304,0.0193809832126135,0.015605149732436985,3.0723576322197914,0.3567835344001651,0.126896291912999,0.005944295306107961,3.876747153699398,1.332505241036415,0.8019306482747197,0.5202046246267855
739328,0.018977894040290266,0.016379480803152546,3.1410342678427696,0.37532441038638353,0.04288278438616544,0.009964969256543554,3.2454615384340286,1.1730267386883497,0.591244537383318,0.7594264196231961
740352,0.023250006546732038,0.00787297148781363,3.1170941069722176,0.4002266628667712,0.07893291322398,0.004973613555193879,2.677907556295395,0.8383778650313616,0.6089255642145872,0.7298093298450112
741376,0.019560989108867943,0.009326590574346483,3.0522885769605637,0.454370160587132,0.04418537952005863,0.0050336211497779,3.525437131524086,1.3510125614702702,0.6680177599191666,0.8024553284049034
742400,0.009644623496569693,0.014630903344368562,3.179240219295025,0.415887868963182,0.014530775835737586,0.007095412351191044,2.750160403549671,1.03284078463912,0.5991253908723593,0.8567854333668947
743424,0.03441358178679366,0.013306586595717818,3.0783051028847694,0.4160215798765421,0.09225073270499706,0.007254181109601632,3.3507116809487343,1.07390964217484,0.693956202827394,0.9519999949261546
744448,0.027595913998084143,0.01597436930751428,3.2912189289927483,0.4762703776359558,0.09015900903614238,0.01072818273678422,3.1245932206511497,1.0203223079442978,0.5995847200974822,0.9031377034261823
745472,0.008941039035562426,0.01786382880527526,3.01327221095562,0.2925612721592188,0.0031033543054945767,0.008531743384082802,2.6886956840753555,0.8144102990627289,1.022059134207666,0.8789606662467122
746496,0.010698831305489875,0.016737905680201948,3.133946903049946,0.3397187814116478,0.03565393274766393,0.008743507220060565,2.7586607858538628,0.9616756290197372,0.7043535802513361,0.8157484922558069
747520,0.01259581497288309,0.011341577570419759,3.08825396746397,0.3538811272010207,0.056493364623747766,0.009303175349486992,3.19974447786808,1.5763137191534042,0.59508718829602,0.7905406393110752
748544,0.018447762064170092,0.0192047834279947,3.197710432112217,0.39717531204223633,0.08904079277999699,0.010177886098972522,3.1305538341403008,1.1666986048221588,0.6993387239053845,0.6971561182290316
749568,0.01263993201428093,0.010029042008682154,3.0119031816720963,0.3478158647194505,0.10113782261032611,0.005902365504880436,3.4336485266685486,1.1599511168897152,0.6953853042796254,0.6817754181101918
750592,0.01705448720167624,0.010011090605985373,3.0095598846673965,0.39133819472044706,0.06776231509866193,0.005719093220250215,3.026945412158966,0.8461543619632721,0.660928362980485,0.6139793312177062
751616,0.017901313898619264,0.014064865245018154,2.9732672944664955,0.43571673426777124,0.05716396207571961,0.007859430290409364,2.97714189440012,0.7876967266201973,0.5717393346130848,0.6154795978218317
752640,0.018106562187313102,0.02526439435314387,3.2254989817738533,0.36137788370251656,0.045686242141528055,0.012741758488118649,2.812596246600151,0.992395019158721,0.675363258458674,0.929258861579001
753664,0.017716110654873773,0.015218261658446863,3.032202698290348,0.33120083436369896,0.037205451662885025,0.01045574140152894,3.2273014783859253,1.3382844403386116,0.6015227027237415,0.8197527322918177
754688,0.007097404566593468,0.01041566435014829,2.885265536606312,0.2924648793414235,0.030750191363040358,0.007347190679865889,2.9633606299757957,1.0961458403617144,0.7277633417397738,0.7214047117158771
755712,0.01271401326812338,0.015013869531685486,2.9937707781791687,0.31249940674751997,0.06273598683765158,0.012227807703311555,2.9950162768363953,0.9538496155291796,0.5670279944315553,1.0373202003538609
756736,0.011284378779237159,0.016852953063789755,2.944099672138691,0.41595753468573093,0.08737632629345171,0.008516121393768117,3.246760055422783,1.2426897510886192,0.7234607608988881,0.6526628918945789
757760,0.016981735621811822,0.02091681325691752,3.187860257923603,0.3527459092438221,0.03681513918854762,0.014680304593639448,2.5678574964404106,0.9116062466055155,0.7661735042929649,0.9101034570485353
758784,0.015924865554552525,0.016149914037669078,2.998639538884163,0.33848012425005436,0.09085127396974713,0.009560510727169458,3.190536603331566,1.0427590757608414,0.6593907326459885,0.6440909160301089
759808,0.01553126031649299,0.010302567199687473,2.871122121810913,0.3173699229955673,0.05321918026311323,0.008076676836935803,3.288133092224598,1.0900088120251894,0.887001795694232,0.6430790377780795
760832,0.02282568856026046,0.012556046160170808,3.2734580785036087,0.44921193923801184,0.08442208333872259,0.011629153741523623,3.3537327498197556,1.4816450998187065,0.7967184642329812,1.1864628540351987
761856,0.021978787204716355,0.013038627512287349,2.9998372197151184,0.3371503259986639,0.10578652488766238,0.010490116066648625,3.3170572072267532,1.0654152352362871,0.8091397974640131,0.9884082060307264
762880,0.012450032081687823,0.011310104819131084,2.646083764731884,0.28692330373451114,0.05397026624996215,0.01077702539623715,2.598523773252964,0.6393387578427792,0.6336593991145492,0.9386770995333791
763904,0.017881611362099648,0.012530755368061364,2.986028715968132,0.3619855837896466,0.03383165056584403,0.005867510903044604,2.3332483135163784,0.5690215900540352,0.7274444559589028,0.8448885213583708
764928,0.01688051848032046,0.016512055502971634,3.0472355633974075,0.32744572311639786,0.0389159633195959,0.012853779408033006,2.50794642791152,0.718464327044785,0.8148601558059454,0.7718534618616104
765952,0.01782554051897023,0.014908246521372348,3.2158407792448997,0.42239480558782816,0.04128164047142491,0.01153155995416455,2.5209741219878197,0.6748804189264774,0.6120247896760702,0.7162777362391353
766976,0.02170620541437529,0.013194168626796454,3.0807511806488037,0.32659255992621183,0.03780961508164182,0.0033679067382763606,3.28911142796278,1.0305774742737412,0.9363805120810866,0.7358275940641761
768000,0.02687241160310805,0.018893759697675705,3.0468764901161194,0.3428123760968447,0.09316928510088474,0.009404553376953118,3.1791602298617363,0.9640542976558208,0.7485918970778584,0.7885275054723024
769024,0.013164852105546743,0.014229282969608903,2.978622056543827,0.3271415503695607,0.034317990619456396,0.00857669854303822,2.6797874122858047,0.8284411150962114,0.7199518634006381,0.9893104052171111
770048,0.01242499657382723,0.01783702283864841,3.0351634174585342,0.310601937584579,0.02632760391861666,0.011698024027282372,2.829439729452133,0.6954322028905153,0.6976800924167037,0.817649713717401
771072,0.024032219720538706,0.0165549844969064,3.1525388211011887,0.35938711278140545,0.06553822779096663,0.006308013456873596,3.356829270720482,0.9649484790861607,0.6589703727513552,0.8308603558689356
772096,0.012383750115986913,0.011063465237384662,3.0141632705926895,0.302179180085659,0.07864329742733389,0.009961242583813146,2.610573001205921,0.6884057279676199,0.6673399396240711,1.3398810364305973
773120,0.016898271162062883,0.016724899789551273,2.9649265483021736,0.3297630278393626,0.03798595012631267,0.010419704383821227,2.3105168268084526,0.4799089636653662,0.6092828055843711,1.4543705731630325
774144,0.019400677556404844,0.015146779391216114,3.0364220663905144,0.3215787196531892,0.018920962669653818,0.009591784211806953,2.456004336476326,0.5704134656116366,0.778500759974122,0.9726644270122051
775168,0.005695395477232523,0.016494039969984442,2.9956700056791306,0.2950195176526904,0.05347549659200013,0.014230246975785121,3.0545556023716927,0.971886083483696,0.6865347735583782,1.071490628644824
776192,0.011949358449783176,0.01107117575884331,3.0035862550139427,0.2713991980999708,0.04135765432147309,0.006340440428175498,2.713038980960846,0.7155015133321285,0.6294327760115266,0.9216140294447541
777216,0.009167633383185603,0.020032130763866007,3.0987685918807983,0.33309675846248865,0.03874575815279968,0.01247525287908502,3.0235705375671387,0.7311647776514292,0.6499864114448428,0.8492180407047272
778240,0.02651800459716469,0.011872234696056694,3.130310505628586,0.36604983638972044,0.043839639372890815,0.008865429146680981,2.7983872666954994,0.706909311003983,0.7197227664291859,1.0211020279675722
779264,0.011157168402860407,0.01697126351064071,3.0063252225518227,0.2891101688146591,0.052831843378953636,0.010767608429887332,2.481074422597885,0.6372879110276699,0.676324694417417,0.9116273699328303
780288,0.013743541974690743,0.008086511617875658,2.9708674773573875,0.29546454828232527,0.04936104209627956,0.006749624037183821,2.362348724156618,0.49589539505541325,0.7381204506382346,0.8655696734786034
781312,0.006195235182531178,0.012777351512340829,2.942128114402294,0.29884128738194704,0.03702930419240147,0.007603136153193191,2.92347801476717,0.7583844410255551,0.7163028409704566,0.8381796572357416
782336,0.011276979639660567,0.012402008869685233,2.9430971145629883,0.30370834749192,0.030294511350803077,0.007324071804760024,3.0767409577965736,0.8079849053174257,0.7075544148683548,0.8804701343178749
783360,0.013844364089891315,0.009424112184206024,3.294089026749134,0.4044386064633727,0.0307815361302346,0.0062969144637463614,3.23297031968832,0.9493281841278076,0.6319131581112742,1.0010558916255832
784384,0.012127777561545372,0.008971903997007757,3.1465937048196793,0.33228896744549274,0.0965884223987814,0.005078645728644915,3.176107183098793,1.0273751728236675,0.6371586667373776,0.8606122033670545
785408,0.01901656304107746,0.015067474101670086,3.138855740427971,0.4252022886648774,0.038563016772968695,0.009487766772508621,2.86806208640337,0.8577994331717491,0.6161412270739675,0.8807406909763813
786432,0.015193252183962613,0.009549830836476758,3.118008181452751,0.3461941359564662,0.0360652617237065,0.008874384409864433,2.822682447731495,0.6898654643446207,0.5542777683585882,1.202045276761055
787456,0.019552602607291192,0.01848178348154761,3.1180031150579453,0.4041717806831002,0.047056513663847,0.011770924727898091,2.896897576749325,0.8314610067754984,0.6221431335434318,0.7367899985983968
788480,0.018863889999920502,0.011370468797395006,3.0142448395490646,0.346434342674911,0.07012546033365652,0.008832327031996101,3.0042136684060097,0.8986666388809681,0.7559767933562398,0.8978834459558129
789504,0.025848324439721182,0.013284604996442795,3.3170950412750244,0.41667917743325233,0.06506843675742857,0.010436686541652307,3.447793133556843,1.2705863174051046,0.8496728874742985,0.8476561643183231
790528,0.0325744219153421,0.014072064339416102,3.2959147319197655,0.4619216797873378,0.045282002800377086,0.009736549080116674,2.834421694278717,0.8380794152617455,0.7599389292299747,1.0018123080953956
791552,0.015153465406910982,0.013210166682256386,3.0026492550969124,0.31110769510269165,0.05411696898227092,0.010488279483979568,2.9937435388565063,0.8826821018010378,0.6818158943206072,1.0451349224895239
792576,0.012938916042912751,0.012407057016389444,3.127452112734318,0.30175933707505465,0.06452210374118295,0.010886418865993619,2.747359164059162,0.6871973630040884,0.7402721652761102,0.8174470495432615
793600,0.012590929924044758,0.00689890596549958,3.180636927485466,0.32821283396333456,0.05104070412926376,0.008248977013863623,2.5644508451223373,0.5676735676825047,0.5771759236231446,0.6153937019407749
794624,0.02208188464283012,0.018171232048189268,3.109727196395397,0.3475424172356725,0.04595603339839727,0.009194443860906176,2.6122133135795593,0.6096895998343825,0.6780595099553466,0.6397094400599599
795648,0.007577288735774346,0.007792488191626035,3.1853579580783844,0.34663957823067904,0.06993984634755179,0.007940519411931746,3.3157336562871933,0.8928149193525314,0.5884210867807269,0.7753880675882101
796672,0.011811473639681935,0.01981454301858321,3.3062190115451813,0.4994313418865204,0.03321121542103356,0.009147536096861586,3.2549565136432648,1.2524502910673618,0.5387938683852553,0.5455928929150105
797696,0.037494472388061695,0.01145170780364424,3.1279822289943695,0.4060774026438594,0.04660318203968927,0.007111627470294479,3.357336647808552,1.1140719652175903,0.6220696801319718,0.8805547808296978
798720,0.025282011833041906,0.014849159255390987,3.0715053230524063,0.339015175588429,0.04152989140129648,0.006316373408481013,2.5056777894496918,0.8481165524572134,0.8204548582434654,0.8137342529371381
799744,0.0167047354625538,0.006656298202869948,3.203526221215725,0.48068850114941597,0.028142585419118404,0.004734779853606597,2.821800522506237,1.0135311596095562,0.6630063755437732,0.8191016418859363
800768,0.021533698396524414,0.008459160380880348,3.028733402490616,0.3800878869369626,0.16078480798751116,0.008102044928818941,3.473143633455038,2.2103945575654507,0.7977187857031822,0.6196715692058206
801792,0.010423235929920338,0.01338679445325397,2.9877417907118797,0.3153128754347563,0.028158665023511276,0.009705029136966914,2.7612179294228554,0.8319880589842796,0.631662136875093,0.7334236390888691
802816,0.01226680792751722,0.011577696830499917,3.073169231414795,0.33440807927399874,0.04967286955798045,0.00691340361663606,3.4908328652381897,1.3270235173404217,0.6625635996460915,0.5530393598601222
803840,0.01602167969394941,0.016056759806815535,2.995267301797867,0.3192660929635167,0.06321260397089645,0.007716620166320354,3.386980175971985,1.139201506972313,0.6745881754904985,0.9018343091011047
804864,0.02353281548130326,0.007376624023891054,3.8454746305942535,0.9108883328735828,0.035245814244262874,0.004824978357646614,3.7261707857251167,1.4267863854765892,0.5428623119369149,0.6720048007555306
805888,0.033417843689676374,0.0063433226314373314,3.5330983251333237,0.559678016230464,0.0534876313759014,0.004029956297017634,2.9209829047322273,0.8012220002710819,0.5960579020902514,0.8581559965386987
806912,0.02580838938592933,0.017957057454623282,3.290007308125496,0.45669194031506777,0.03682049646158703,0.008386754467210267,3.08184752240777,1.1472750809043646,0.6508260006085038,0.9692231109365821
807936,0.028241715757758357,0.016131100506754592,3.0910764932632446,0.38461627811193466,0.11099334771279246,0.010153267765417695,3.681481920182705,1.457583699375391,0.6965524293482304,0.8096449207514524
808960,0.012199497839901596,0.012006592602119781,3.2522586956620216,0.5014694835990667,0.01320186723023653,0.007329325744649395,2.6327284425497055,0.8014150066301227,0.8177404319867492,0.6998751675710082
809984,0.016716068566893227,0.008664495151606388,3.1906012818217278,0.3932899422943592,0.10863096528919414,0.006591981727979146,3.5038146004080772,1.4195554926991463,0.7196260681375861,0.9922249708324671
811008,0.016838361887494102,0.006368064816342667,3.214863173663616,0.4307409795001149,0.016756686673033983,0.005999298584356438,3.4315817281603813,1.4783318750560284,0.6512040365487337,0.8465267885476351
812032,0.02324054771452211,0.014033016414032318,3.1045332178473473,0.368835860863328,0.045996984059456736,0.008293655671877787,3.084401413798332,0.9579778723418713,0.595268776640296,0.85113126039505
813056,0.023241396047524177,0.013554843288147822,3.2531594783067703,0.4471213351935148,0.03374904696829617,0.009955361732863821,3.082042470574379,1.060079324990511,0.6529534514993429,1.2671808581799269
814080,0.0192114055971615,0.01848668119055219,3.0403252840042114,0.3972633183002472,0.09062598712625913,0.0136742563045118,3.073163516819477,1.0793205071240664,0.6038769660517573,0.8319844305515289
815104,0.02722563514544163,0.01588739873841405,3.1303086653351784,0.4387591537088156,0.0926156219211407,0.010378249193308875,3.1677146404981613,1.180683497339487,0.5973061034455895,0.8250525342300534
816128,0.020850761531619355,0.01879940551589243,3.080418236553669,0.35875201877206564,0.0383387099718675,0.012161326943896711,2.9718378484249115,1.1172014083713293,0.7948802756145597,0.9351243330165744
817152,0.00586870287952479,0.014139112492557615,2.8983487859368324,0.2851713187992573,0.09310615243157372,0.006824620395491365,3.2589230686426163,0.9990754760801792,0.7409011088311672,0.6975858183577657
818176,0.022365568875102326,0.013514380640117452,3.1316487342119217,0.3837660551071167,0.0915304041118361,0.007883466125349514,3.550476647913456,1.250386081635952,0.7919264575466514,0.8524866057559848
819200,0.025298679174738936,0.014012911269674078,3.3681876435875893,0.5175858531147242,0.10742803977336735,0.00936749461106956,3.197183020412922,1.032073838636279,0.5990910017862916,1.019941195845604
820224,0.012925411996548064,0.011612402566242963,3.0936036705970764,0.32941461727023125,0.04433252685703337,0.00670439304667525,2.755770169198513,0.7074645617976785,0.8552860841155052,1.0743861328810453
821248,0.01836330934020225,0.013087409897707403,3.1440910771489143,0.3974296022206545,0.0681700695422478,0.010092314987559803,3.3517294600605965,1.0180997904390097,0.7289196839556098,0.811276319436729
822272,0.03176622890168801,0.012890433426946402,3.342290349304676,0.5162724908441305,0.056672855134820566,0.011303094652248546,3.2778449803590775,1.0093226451426744,0.7832572236657143,0.7561641409993172
823296,0.0026207603223156184,0.011496406732476316,3.7060685455799103,0.668604725971818,0.05173320978065021,0.011881302954861894,3.4454990327358246,1.1642525047063828,0.6743921218439937,0.8772403718903661
824320,0.007694475003518164,0.013507178955478594,2.640733517706394,0.2508096960373223,0.03643583972007036,0.006366700610669795,2.0940467678010464,0.545336686540395,0.7310906955972314,0.8181327395141125
825344,0.02725848215050064,0.010772804234875366,3.154732495546341,0.38442977238446474,0.04851112703909166,0.007902393219410442,2.8666389137506485,0.9007605835795403,0.5441593928262591,1.4121943209320307
826368,0.02014413010329008,0.013840363826602697,3.1824936643242836,0.36955710779875517,0.05949286909890361,0.007632183798705228,2.9216845706105232,0.8399335816502571,0.7669583326205611,0.8913183668628335
827392,0.014897396860760637,0.014078383828746155,3.265170209109783,0.42912967409938574,0.06415944657055661,0.011090480285929516,3.3297218307852745,1.0325182508677244,0.7171645872294903,0.6180056082084775
828416,0.02294946793699637,0.023308988224016502,3.154997758567333,0.4781600348651409,0.013100055628456175,0.019207678560633212,3.2783101722598076,1.1668683718889952,0.7706124056130648,0.6186923524364829
829440,0.02917271837941371,0.01535102934576571,3.2443478852510452,0.42257237527519464,0.06490764100453816,0.011136909408378415,3.169475980103016,1.0742311105132103,0.9926514457911253,0.78988235630095
830464,0.027022384630981833,0.01758568178047426,3.076379418373108,0.43159141577780247,0.029960208456031978,0.010169974513701163,2.7476802691817284,0.879464864730835,0.6202734392136335,0.6854279497638345
831488,0.022566426545381546,0.013206171512138098,3.0977462977170944,0.4024886367842555,0.0678543827671092,0.012006664168438874,2.824305348098278,0.9008166007697582,0.7618276597931981,0.6691734418272972
832512,0.027438338845968246,0.016276172449579462,3.2837560400366783,0.4410566873848438,0.01943107380066067,0.01285834822920151,2.7267748191952705,0.9202085249125957,0.6954458095133305,0.864182697609067
833536,0.018435669189784676,0.014683950110338628,3.1551296040415764,0.4400449115782976,0.06569966181996278,0.01244394906098023,3.177111081779003,1.1881459169089794,0.564885325729847,0.8934044614434242
834560,0.02732113320962526,0.02348565129796043,3.197635941207409,0.4427799740806222,0.08045108924852684,0.014206847408786416,2.7738405764102936,0.9428065083920956,0.8724898621439934,0.8997169453650713
835584,0.0002885216090362519,0.012874308740720153,2.9611420556902885,0.3008795725181699,0.055194119428051636,0.007965235956362449,2.880017429590225,0.8406688813120127,0.8212574506178498,1.3492907918989658
836608,0.0243308537901612,0.009900006916723214,3.112076923251152,0.4243498872965574,0.05298190435860306,0.006980405007197987,3.2366948649287224,1.0497879683971405,0.7420081729069352,0.7611966775730252
837632,0.03202154079917818,0.014224499900592491,3.286459229886532,0.42046334128826857,0.057368480804143474,0.007407447003060952,3.3306720703840256,1.2514193709939718,0.842601609416306,0.6753312777727842
838656,0.016276567504974082,0.012757308926666155,3.038215547800064,0.32733113411813974,0.08298819977790117,0.008325583665282466,2.8674499541521072,0.8844141829758883,0.6699162255972624,0.8415950108319521
839680,0.03733585763256997,0.01359765906818211,3.0167748779058456,0.42363947723060846,0.058553444541757926,0.009038344418513589,3.1456904858350754,1.050076574087143,0.7605210095643997,0.7003767285495996
840704,0.0228162124985829,0.013122831558575854,3.257008910179138,0.45378326810896397,0.04642647695436608,0.007862627462600358,3.285023957490921,1.1026207003742456,0.5940162073820829,0.8524422235786915
841728,0.017305075933109038,0.014749897381989285,3.1533721685409546,0.37021008878946304,0.06065062351990491,0.013574574404628947,3.167196474969387,1.0399712529033422,0.6663463450968266,0.9818662675097585
842752,0.011403787677409127,0.016053511470090598,3.163197487592697,0.33003269974142313,0.03250337386270985,0.009575170450261794,2.6802792996168137,1.003174128010869,0.7741694180294871,0.756319185718894
843776,0.014985625384724699,0.010612687314278446,3.141137219965458,0.34184754826128483,0.1067726796027273,0.007604065613122657,3.070003315806389,1.2224209401756525,0.7285231007263064,0.5616486063227057
844800,0.031424313798197545,0.022420221677748486,3.399195410311222,0.5311194751411676,0.06664583779638633,0.01617576851276681,2.975756898522377,0.800686115399003,0.6848033163696527,0.8668951205909252
845824,0.028248432965483516,0.013808065588818863,3.210227407515049,0.40208452194929123,0.06328431553265546,0.010477273535798304,2.989009954035282,0.9055844694375992,0.7497862000018358,0.9184659104794264
846848,0.022259240737184882,0.007986376163898967,3.2272236570715904,0.43881115783005953,0.0592331358930096,0.010128677415195853,2.5980967804789543,0.680560851469636,0.6257740082219243,1.1640140553936362
847872,0.035689000913407654,0.012160423560999334,3.3044970706105232,0.4924135971814394,0.07464989309664816,0.01015812093828572,2.959348127245903,0.8521559815853834,0.5993949798867106,0.8121890211477876
848896,0.01892894270713441,0.00872428374714218,3.3654519990086555,0.5631590830162168,0.05987636392819695,0.008010293400730006,3.4540354907512665,1.036831334233284,0.5398837169632316,0.6982121104374528
849920,0.0393123375979485,0.015711873391410336,3.2655645459890366,0.48531049955636263,0.025173291433020495,0.0060417207350838,2.481262631714344,0.5697027202695608,0.6642405325546861,0.6785322083160281
850944,0.006513034182717092,0.013770087185548618,3.180133320391178,0.3897938895970583,0.040616106503875926,0.007779076462611556,3.0496713146567345,1.0517499251291156,0.7296547144651413,0.9556664982810616
851968,0.018310454790480435,0.014402538101421669,3.006720893085003,0.3522525103762746,0.06571191755938344,0.010537071109865792,2.960973486304283,0.8465253431349993,0.612860388122499,0.8144233552739024
852992,0.036910659226123244,0.021052722353488207,3.206344023346901,0.44374705385416746,0.08450587055995129,0.009750493743922561,2.6534356102347374,0.730613462626934,0.6945068910717964,1.226920349523425
854016,0.02456388805876486,0.013961178687168285,3.363916262984276,0.5798630099743605,0.08582528005354106,0.00598229916067794,2.840324766933918,0.7857059072703123,0.5637753074988723,0.8255763417109847
855040,0.010421231214422733,0.016358206543372944,2.993898257613182,0.30403923522681,0.06316116516245529,0.009881525707896799,3.199718229472637,0.8535054940730333,0.8055278146639466,0.9060406824573874
856064,0.012611713362275623,0.012411274219630286,3.1148212030529976,0.3919089874252677,0.059225299904937856,0.009878598124487326,3.1916352286934853,1.0374191030859947,0.8726149052381516,0.9650071207433939
857088,0.021987633517710492,0.02208411367610097,2.963197410106659,0.32938530668616295,0.04235508947749622,0.016658698121318594,2.381420824676752,0.5686527667567134,0.6968750599771738,1.0793661773204803
858112,0.024706003663595766,0.010411192808533087,3.123342052102089,0.3439263207837939,0.0692876887624152,0.007177426523412578,3.166604310274124,0.8898142427206039,0.715916427783668,0.7538568284362555
859136,0.013805909242364578,0.00873617386969272,3.116939030587673,0.40287798177450895,0.04783900313486811,0.006378786216373555,2.9030209705233574,0.8925902806222439,0.6897068107500672,0.6311817700043321
860160,0.006368109461618587,0.015315987984649837,3.4202872440218925,0.5527057284489274,0.07120844617020339,0.009652606895542704,3.6614670157432556,1.3795436639338732,0.7292375452816486,0.5946770906448364
861184,0.02266871277242899,0.013422787829767913,3.1721013486385345,0.4295227471739054,0.055551095167174935,0.012086718503269367,3.403686247766018,1.2299583163112402,0.5165724772959948,0.8470968902111053
862208,0.034062326856656,0.014115054160356522,3.5114516764879227,0.5825880281627178,0.09803261910565197,0.011048923421185464,3.540346212685108,1.1882545128464699,0.9127645287662745,0.6707118144258857
863232,0.025187465143972076,0.02737374568823725,3.2739629074931145,0.48719089198857546,0.08758258083253168,0.01803183142328635,3.2403050288558006,0.9086788203567266,0.6674036588519812,0.6252340944483876
864256,0.013612417707918212,0.009671208841609769,3.2840639799833298,0.4040648201480508,0.05853491055313498,0.00621988857164979,3.054617516696453,0.9445945881307125,0.6900321925058961,0.7459616372361779
865280,0.03845327429007739,0.015704721969086677,3.14481183886528,0.40234465431421995,0.021109925641212612,0.01046226266771555,3.1523029878735542,0.9980643913149834,0.6765774711966515,0.6846152627840638
866304,0.023107657063519582,0.01370940959895961,3.033675543963909,0.36398578248918056,0.015925135812722147,0.009030811241245829,2.6303596198558807,0.7701913043856621,0.7249338133260608,1.201897520571947
867328,0.02376918913796544,0.014387848175829276,3.2966618463397026,0.4385393997654319,0.0901062099437695,0.011455705942353234,3.7087827026844025,1.275447353720665,0.6924551296979189,0.8676359914243221
868352,0.03299743140814826,0.012369555624900386,3.2169792875647545,0.4133674204349518,0.03019626220338978,0.005317307070072275,3.1306426972150803,1.1067336611449718,0.6671578017994761,0.49654444260522723
869376,0.019164288562024012,0.01456117577617988,3.325360745191574,0.47455437760800123,0.075484138505999,0.010444794344948605,3.0772436633706093,0.9020633362233639,0.5093303313478827,0.843490444123745
870400,0.027887248143088073,0.013055258837994188,3.205461710691452,0.40842149779200554,0.0488592329347739,0.007410862323013134,2.9839683324098587,0.8333473969250917,0.6127396076917648,0.7786409603431821
871424,0.008654926146846265,0.011161646063555963,3.18518652766943,0.3682490698993206,0.062011790432734415,0.007111811122740619,3.4633805006742477,1.1552731860429049,0.5836127633228898,0.7694424716755748
872448,0.03634549377602525,0.025479519041255116,3.2273646146059036,0.4612472075968981,0.04689216885890346,0.014564064855221659,3.5861025005578995,1.1657380759716034,0.6751346737146378,0.778808013536036
873472,0.021342369669582695,0.011814449055236764,3.1800879389047623,0.38539732433855534,0.07274051927379332,0.00991063671244774,3.626776732504368,1.4510849006474018,0.6207865420728922,0.8396329106763005
874496,0.02604949907254195,0.012274229069589637,3.252257853746414,0.7062789471819997,0.10843731911154464,0.008509820530889556,3.661168910562992,1.5569132082164288,0.6210954487323761,0.5753293111920357
875520,0.006619601132115349,0.012854163913289085,3.5979268699884415,0.855697063729167,0.029226049286080524,0.0058787384477909654,2.9165476337075233,1.168116718530655,0.7712184684351087,0.5533203212544322
876544,0.011067006184021011,0.010303522707545199,3.284811608493328,0.44000891875475645,0.01957804395351559,0.008290409517940134,3.079885996878147,1.294072199612856,0.6916205044835806,1.0707070613279939
877568,0.024854549890733324,0.012644570844713598,3.2090717032551765,0.36962726805359125,0.03464966081082821,0.0085609981615562,3.4776852130889893,1.5672627128660679,0.8351016258820891,0.8489114241674542
878592,0.019442171847913414,0.01947540490073152,2.9512637555599213,0.33509043417871,0.09974525502184406,0.010895463332417421,3.2984855696558952,1.5071621276438236,0.9185705240815878,0.7878310224041343
879616,0.012571340601425618,0.019869508018018678,2.988012373447418,0.29064780892804265,0.07127731089713052,0.016362571099307388,3.341489978134632,1.319128092378378,0.8353574946522713,0.6500974847003818
880640,0.010323935581254773,0.00981240150576923,3.0617198646068573,0.309852066449821,0.07729262777138501,0.006323122703179251,3.311986066401005,1.2781112771481276,0.6031470345333219,0.6730833798646927
881664,0.00794743894948624,0.015329470596043393,2.994975633919239,0.2925028968602419,0.1238005225895904,0.008853545776219107,3.4715023264288902,1.4411174356937408,0.7447410076856613,0.6296007735654712
882688,0.020030223109642975,0.013927106847404502,3.0915052965283394,0.3538799285888672,0.09509093762608245,0.0084443904197542,3.574821464717388,1.398245643824339,0.6216097641736269,0.6873085154220462
883712,0.0055893715034471825,0.012032111553708091,3.299312576651573,0.48743213806301355,0.03842533606803045,0.010475351300556213,2.7378893047571182,1.2020510081201792,0.7404163787141442,0.934024571441114
884736,0.04284975290647708,0.01527664199238643,3.6525586992502213,0.6829633451998234,0.059747061459347606,0.011293251503957435,3.179652824997902,1.2133987583220005,1.0661711655557156,0.8948803739622235
885760,0.0391949696931988,0.014702756860060617,3.1708860844373703,0.41034400183707476,0.07997848556260578,0.009134371764957905,2.946372777223587,0.8246881850063801,0.6260211383923888,0.8932222779840231
886784,0.012515089299995452,0.008125899359583855,3.0015114471316338,0.3492920119315386,0.0677112411649432,0.0074194285334669985,2.803987890481949,0.7849236512556672,0.48839869163930416,0.9496238324791193
887808,0.020690976874902844,0.009383158409036696,3.1909106001257896,0.45723327342420816,0.015647899883333594,0.007112063372915145,2.5635925978422165,0.6375570548698306,0.6826908029615879,0.6862882524728775
888832,0.009986597928218544,0.01344077376415953,3.1272851154208183,0.4075795151293278,0.055872959579573944,0.007477583916625008,3.1925343349575996,1.0980927497148514,0.9364540623500943,0.5881813652813435
889856,0.017869366420200095,0.017066829022951424,3.0950299501419067,0.37645923253148794,0.06259490759111941,0.009745191768161021,2.8733865693211555,0.9142333883792162,0.9831662178039551,0.6099720615893602
890880,0.01502881947089918,0.009484284673817456,3.440931737422943,0.5621661227196455,0.08869417026289739,0.008562384500692133,3.4803315848112106,1.318653516471386,0.6979484111070633,0.7715264512225986
891904,0.01707087314571254,0.01466357137542218,3.2176215276122093,0.46915615629404783,0.06876735838886816,0.00976524931320455,3.1194748654961586,0.9333898983895779,0.9109611129388213,0.7475399905815721
892928,0.03454883772064932,0.021433525515021756,3.283962368965149,0.4558571567758918,0.11562041053548455,0.008058741601416841,3.3843171820044518,1.1925126295536757,1.0596657153218985,0.6658171359449625
893952,0.025479713833192363,0.015900899015832692,3.1117173582315445,0.4123341981321573,0.0628414194798097,0.010471699628396891,2.7731163799762726,0.7227953467518091,0.8241360941901803,0.8843273082748055
894976,0.026703627314418554,0.019486955454340205,3.045486703515053,0.3709378093481064,0.047273397678509355,0.008987925059045665,2.711808890104294,0.6895092930644751,0.853249260224402,0.6592714749276638
896000,0.018800314530381,0.020474093733355403,2.9873601347208023,0.31543654296547174,0.03141478044562973,0.012006145436316729,3.0711649656295776,0.9976031482219696,0.9101270772516727,0.6930689997971058
897024,0.015382424768176861,0.008949972660047933,2.899471089243889,0.29728150460869074,0.08257059275638312,0.007443489535944536,3.133848711848259,0.8787685446441174,0.7088958527892828,0.731495589017868
898048,0.020478560545598157,0.012208862171974033,3.1611401960253716,0.42716251872479916,0.06561328032694291,0.006446186904213391,2.855839639902115,0.7657480277121067,0.6717939088121057,0.684406572021544
899072,0.013341179233975708,0.01613981695845723,3.1089237853884697,0.3371040727943182,0.04840798836085014,0.012539576171548106,3.0540716722607613,0.8935475014150143,0.6285745901986957,0.6554180700331926
900096,0.012650565098738298,0.009572321025189012,3.421760469675064,0.5468288073316216,0.05784230990684591,0.006489083825726993,2.8788903430104256,0.8018328305333853,0.8083608970046043,0.609081924892962
901120,0.019124506681691855,0.018912700470536947,2.9345110431313515,0.2930927760899067,0.049506488925544545,0.007495068100979552,2.384733509272337,0.5843486366793513,0.7903415597975254,0.7560733892023563
902144,0.025810225633904338,0.014978317980421707,2.8626573979854584,0.34550418984144926,0.04965901919058524,0.006466284910857212,1.6199828945100307,0.37331975996494293,0.6245211800560355,1.3378409333527088
903168,0.030285323315183632,0.01089168930775486,3.3843499198555946,0.5010755201801658,0.02164678368717432,0.004872432611591648,2.184076003730297,0.5919858030974865,0.7970474688336253,1.5006725620478392
904192,0.02061645117646549,0.019133938010782003,2.9995377957820892,0.34734600502997637,0.02376406898838468,0.009018907236168161,2.779673181474209,0.8137406688183546,0.913557113148272,0.9137195283547044
905216,0.014729296963196248,0.012236358219524845,3.194047562777996,0.35523837246000767,0.049728310463251546,0.007951945895911194,3.259252518415451,1.280654888600111,0.8679598346352577,0.890034556388855
906240,0.017498302229796536,0.017370304121868685,3.1693128794431686,0.3585712434723973,0.03506058541825041,0.010457974436576478,2.9024488106369972,1.0693472903221846,1.0359407188370824,0.9079642435535789
907264,0.019877668215485755,0.008858443252393045,3.0074965730309486,0.36273464001715183,0.0651007157866843,0.005721337649447378,2.8263634741306305,0.7970065493136644,0.6712382128462195,1.0180134093388915
908288,0.011433371328166686,0.02198843882069923,3.0714785903692245,0.32649299595505,0.0544032643083483,0.017469341604737565,2.940110132098198,0.9899831470102072,0.9546923898160458,0.7883518422022462
909312,0.00941970526764635,0.01985483241151087,2.9351756423711777,0.3497203020378947,0.06903077938477509,0.011697214446030557,2.96360419690609,1.0735515095293522,0.7604382187128067,0.5988209079951048
910336,0.019139299911330454,0.02277351327938959,3.075884483754635,0.36926328111439943,0.06631643028231338,0.012539980249130167,3.2153919860720634,1.1180787794291973,0.6843539122492075,1.039892173372209
911360,0.009977357316529378,0.013137801608536392,3.3456729725003242,0.4341741669923067,0.0634087051730603,0.005790414645161945,3.3939872086048126,1.3707887753844261,0.6695254370570183,1.3598937159404159
912384,0.024465543392580003,0.01665063964901492,3.0989013463258743,0.3742065681144595,0.0334406704059802,0.008194558657123707,3.084661938250065,1.3689116723835468,0.8415569067001343,0.8922127783298492
913408,0.01660752424504608,0.015508054435485974,2.9743313789367676,0.3073272118344903,0.10375711630331352,0.010562447176198475,3.516583666205406,1.9348103031516075,0.7826142087578773,0.8230973491445184
914432,0.021706449944758788,0.020696890773251653,3.1021343916654587,0.35239801835268736,0.12043325754348189,0.010238570801448077,3.1225915253162384,1.0710108820348978,0.7299934579059482,0.6445705499500036
915456,0.023048267248668708,0.02199067361652851,2.958555780351162,0.3496363218873739,0.06142717626062222,0.007816792916855775,3.0226791724562645,1.0115586090832949,0.6613660808652639,0.6429637391120195
916480,0.010446536776726134,0.018958763597765937,2.9598571807146072,0.3123112693428993,0.060280232020886615,0.00833752714243019,3.1009596809744835,1.2354805618524551,0.8319337861612439,0.967521752230823
917504,0.012746842679916881,0.015537533356109634,3.041074112057686,0.32574360724538565,0.07549908119835891,0.011553338918020017,3.3709732368588448,1.2620398662984371,0.6565197790041566,1.009273450821638
918528,0.026026963132608216,0.008150237656082027,3.2286773696541786,0.561572122387588,0.03436968044843525,0.0025957177895179484,3.39896884560585,1.8088296577334404,1.157072627916932,0.6673749294131994
919552,0.021143838297575712,0.012779203490936197,2.9107312858104706,0.3319385824725032,0.08416569791734219,0.009427217955817468,3.280150882899761,1.1816464699804783,0.6302313217893243,0.6860799491405487
920576,0.02029403272899799,0.024766502145212144,2.9250985383987427,0.3705838527530432,0.10271293227560818,0.014504627441056073,3.241400867700577,1.141448024660349,0.6863329708576202,0.6507802624255419
921600,0.007650973129784688,0.012656858219997957,2.9044264629483223,0.31853648740798235,0.0937591468100436,0.007196958904387429,2.989994779229164,0.8271676655858755,0.6374604199081659,0.6093596611171961
922624,0.016044006290030666,0.02058739011408761,3.181323431432247,0.40421722177416086,0.035992861521663144,0.00944104339578189,3.0613984763622284,0.9189652409404516,0.8770629651844501,0.7224427741020918
923648,0.012528908278909512,0.014107403083471581,3.283887915313244,0.4290899867191911,0.07576686958782375,0.005496271020092536,3.2229815274477005,1.0285502560436726,0.6619143337011337,0.6220911843702197
924672,0.031777124328073114,0.015607999433996156,3.057231031358242,0.3916480913758278,0.0685826125118183,0.009760249755345285,3.133451707661152,0.9246966373175383,0.5221816040575504,0.9687368767336011
925696,0.01740102982148528,0.012077908919309266,3.17751457542181,0.3948044255375862,0.07665665447711945,0.006425354607927147,3.1215387880802155,0.8717548586428165,0.5600092271342874,1.0818448029458523
926720,0.02100186083407607,0.016813324560644105,3.21782436221838,0.4054809110239148,0.06047184987983201,0.011973862783634104,3.207003615796566,1.1217563822865486,0.6027011256664991,0.5609062509611249
927744,0.02746053053124342,0.0075025810656370595,3.0501037389039993,0.3436379265040159,0.050247465376742184,0.008650401061458979,2.879065491259098,1.0354002472013235,0.48782511055469513,0.7759164627641439
928768,0.023846004682127386,0.011696723100612871,3.2992603853344917,0.46184442937374115,-0.0039864526479505,0.006236062552488875,2.7659542709589005,0.9739460488781333,0.5496871722862124,0.5493994764983654
929792,0.013295129465404898,0.012187759901280515,3.225333161652088,0.3329126304015517,0.010942033550236374,0.009805604437133297,3.074968121945858,1.3718210626393557,0.940464791841805,0.756893103942275
930816,0.029751301393844187,0.021075834752991796,3.007516898214817,0.3107692915946245,0.05452893738402054,0.011756376610719599,2.302177157253027,0.7761849910020828,0.7082466427236795,0.831030641682446
931840,0.017429185842047445,0.01882956101326272,3.1170807853341103,0.3601446272805333,0.021876658633118495,0.007087811172823422,2.245390124619007,0.8288671113550663,0.6916167205199599,0.5655199289321899
932864,0.025987576620536856,0.009170095581794158,3.161415547132492,0.5798197011463344,-0.02457463281461969,0.005876157425518613,2.1818856708705425,0.8421749528497458,0.7114845886826515,0.4615196078084409
933888,0.008720842481125146,0.016961287969024852,2.8441130965948105,0.2695170594379306,0.05010195926297456,0.010335054743336514,3.5062486082315445,1.2414304129779339,0.7831117194145918,0.4435895346105099
934912,0.026386446523247287,0.011921151541173458,3.292513847351074,0.4239734308794141,0.09785409813048318,0.013056599156698212,2.5855709090828896,0.7642855774611235,0.6137870773673058,0.7772136712446809
935936,0.0096124718838837,0.013198770495364442,3.136431723833084,0.3333484982140362,0.038443467259639874,0.008803233431535773,3.057038277387619,1.0762344487011433,0.7395142642781138,0.8060139566659927
936960,0.01699645892949775,0.013539302861317992,3.1650673300027847,0.3383882502093911,0.06971986687858589,0.007444143309840001,3.5082817375659943,1.1358463130891323,0.6399902068078518,1.2851480329409242
937984,0.017173557353089564,0.014817340357694775,3.0861671417951584,0.38808427657932043,0.10474350792355835,0.00859671164653264,3.160226486623287,0.924271535128355,0.5083393296226859,1.379249356687069
939008,0.02039527249871753,0.009187981762806885,2.9223216101527214,0.39306400530040264,0.080181967059616,0.0060483742418000475,2.7945597022771835,0.7854999331757426,0.5622374387457967,1.2555613750591874
940032,0.01648930505325552,0.014106354996329173,3.139826260507107,0.38713486958295107,0.013551015523262322,0.004247463013598463,3.0903560742735863,1.23093525134027,0.6389407441020012,0.5105467615649104
941056,0.023719885866739787,0.014128843875369057,3.2139996215701103,0.39481380954384804,0.08877836061583366,0.007158029387937859,3.699070490896702,1.3617302998900414,0.6021455638110638,0.5425144731998444
942080,0.0165044799214229,0.008117861696518958,3.0249117463827133,0.3126595951616764,0.105391715769656,0.0064382699492853135,3.9030669033527374,1.3909496255218983,0.5840295879170299,0.9252030672505498
943104,0.02282598489546217,0.009403917225426994,3.0862471386790276,0.3748820638284087,0.1408313657157123,0.0036272430661483668,3.0684030801057816,1.1260883323848248,0.5470616510137916,0.49958555586636066
944128,0.012510450367699377,0.007354915302130394,2.9455682039260864,0.3207318624481559,0.10929550405126065,0.0053424706784426235,3.4178579822182655,1.0481696240603924,0.534765612334013,0.6758912205696106
945152,0.009309568093158305,0.007993021383299492,3.0560846775770187,0.35607833229005337,0.10513089888263494,0.009733804181450978,3.6491280421614647,1.3683472983539104,0.4320959923788905,1.1433871602639556
946176,0.011174678948009387,0.005752621880674269,3.00876372307539,0.33167765755206347,0.06803726937505417,0.00660760796017712,3.818333625793457,1.6763889119029045,0.6355623044073582,0.8857664605602622
947200,0.018814241790096276,0.009540260347421281,2.878501668572426,0.3355336934328079,0.08712673414265737,0.009938329705619253,2.6490646451711655,0.6847283709794283,0.75332947447896,1.0471458174288273
948224,0.012004336502286606,0.007040287935524248,2.9945989474654198,0.3366907127201557,0.06975825852714479,0.007832548348233104,2.6742580756545067,0.8306709714233875,0.5840915273874998,1.2203479800373316
949248,0.02057174767833203,0.011563827938516624,2.9560148119926453,0.36571052204817533,0.07290870207361877,0.006714438284689095,3.1247767880558968,1.031106375157833,0.5563454544171691,0.7294127326458693
950272,0.01176603781641461,0.009002497783512808,3.1866879239678383,0.45025854650884867,0.054307904618326575,0.006702892642351799,3.129747711122036,0.8282637372612953,0.6002013646066189,1.0039619840681553
951296,0.017179057278553955,0.014900525682605803,3.2584413439035416,0.44950697012245655,0.05784638674231246,0.008456943076453172,3.1113102957606316,0.8932948168367147,0.601293564774096,1.1758489329367876
952320,-0.001001457349047996,0.00988261001475621,3.2060914263129234,0.40320037212222815,0.025229432256310247,0.010006521042669192,2.084338568150997,0.5326576167717576,0.6529053626582026,0.9659028882160783
953344,0.031980477171600796,0.013737639295868576,3.3797809183597565,0.49603795912116766,0.03445848944829777,0.00919833748776,3.261644624173641,1.0919902808964252,0.6124484352767467,1.0804739343002439
954368,0.013061746372841299,0.021085617976495996,3.1094420328736305,0.38388183526694775,0.08961898757843301,0.015404973790282384,3.2490701526403427,0.8831741902977228,0.7987938662990928,0.7654094602912664
955392,0.0062996955239214,0.014324869029223919,2.9670093655586243,0.35037244763225317,0.06513374776113778,0.010479843622306362,3.314870923757553,1.0859612599015236,0.7150813490152359,0.6097796410322189
956416,0.032373439622460864,0.012738959470880218,3.2951504588127136,0.4721940504387021,0.10344442515634,0.0110184432414826,3.390612654387951,1.0586487874388695,0.6780743608251214,1.071096807718277
957440,0.016896335073397495,0.013439528527669609,3.1151107102632523,0.35447716526687145,0.05657635783427395,0.010659496241714805,2.9459643736481667,1.0235536601394415,0.588842736557126,1.0708201499655843
958464,0.015575229524984024,0.012750395660987124,3.1408822536468506,0.3026068266481161,0.049145761789986864,0.008043788358918391,3.4120585918426514,1.1995968241244555,0.7768836338073015,0.9110735636204481
959488,0.016741533298045397,0.014676090693683363,3.104476161301136,0.3242260096594691,0.10809189011342824,0.009205549053149298,3.3945614993572235,1.098365282639861,0.603449554182589,1.0201687701046467
960512,0.01122289223712869,0.013124984223395586,2.988600440323353,0.3812505956739187,0.08152336929924786,0.006817112924181856,3.035621754825115,0.9787735734134912,0.5981566663831472,0.9672428593039513
961536,0.02775998488505138,0.016010927385650575,3.2477195113897324,0.4175011720508337,0.04168453355669044,0.009509024530416355,2.9404907301068306,1.040232976898551,0.6568758822977543,1.0626815194264054
962560,0.016641761700157076,0.01143397539271973,3.0164334401488304,0.5095293540507555,0.051752192550338805,0.010414257107186131,2.9354988783597946,1.09464568272233,0.6253924472257495,0.667994724586606
963584,0.009219294530339539,0.009776262508239597,2.8661046251654625,0.2794463923200965,0.055918876110808924,0.008183772806660272,2.470041513442993,0.6904433351010084,0.7007233491167426,1.2934927381575108
964608,0.017331489943899214,0.012263177763088606,3.1237451136112213,0.36456675361841917,0.03768916634726338,0.010881764348596334,2.48928614333272,0.6991193573921919,0.5341865373775363,0.6352367457002401
965632,0.013824601017404348,0.015270176954800263,3.225064866244793,0.547317617572844,0.04542569271870889,0.009313547154306434,3.091058723628521,0.9655275270342827,0.6302558071911335,0.8175662104040384
966656,0.028745378236635588,0.009255593962734565,3.2933510467410088,0.4947057208046317,0.03841260029003024,0.0074955284799216315,3.382688708603382,1.1948911342769861,0.6567787369713187,0.6952439192682505
967680,0.020949673344148323,0.015773406601510942,3.1376945599913597,0.3832659190520644,0.04389141997671686,0.01036302390275523,3.0365725234150887,1.0001033041626215,1.0139223784208298,0.6945397742092609
968704,0.005647711383062415,0.010705165725084953,2.8030354976654053,0.2527322550304234,0.024505857814801857,0.009405185715877451,2.697387397289276,1.0971600459888577,0.8305617021396756,1.8148179575800896
969728,0.02466474381799344,0.013089576037600636,3.188187688589096,0.3711942294612527,0.08122450255905278,0.009855000942479819,3.2664943858981133,1.099439213052392,0.712122586555779,0.6853665141388774
970752,0.02880546749656787,0.012768991495249793,3.1902045607566833,0.40406608302146196,0.059863807109650224,0.008738685675780289,2.6100353002548218,0.6620925404131413,0.6621958781033754,0.9981027338653803
971776,0.016179107115021907,0.01120010405429639,3.091858923435211,0.3688891464844346,0.051445142045849934,0.009004758598166518,2.8763380497694016,0.9267832152545452,0.7681476501747966,0.7696105502545834
972800,0.030068097839830443,0.017125909100286663,3.1808739379048347,0.44000982120633125,0.04854879970662296,0.013744858821155503,2.704553321003914,0.8229299876838923,0.5800795955583453,0.6811492638662457
973824,0.01693289089598693,0.011585974265472032,3.2359247654676437,0.3876623474061489,0.06993592993239872,0.005823623949254397,3.2904858589172363,1.0720312092453241,0.7588661182671785,0.6682319957762957
974848,0.026647197373677045,0.00968333576747682,3.185494840145111,0.37927358504384756,-0.00283019281050656,0.010497679293621331,2.7386037558317184,0.8921869695186615,0.6000705622136593,0.5588783975690603
975872,0.014938245367375202,0.01533148653106764,3.1031433790922165,0.32346482388675213,0.11179864051518962,0.008575008789193816,3.6292052194476128,1.599034819751978,0.7110822703689337,1.5049064792692661
976896,0.014913197635905817,0.016748997702961788,2.9243975952267647,0.31919461488723755,0.029387960967142135,0.009642064207582735,2.8396687880158424,0.9488446358591318,0.5823930092155933,1.0518317790701985
977920,0.023417283286107704,0.010680595209123567,3.205757386982441,0.43656408693641424,0.08457149512832984,0.011958722723647952,3.2995931282639503,1.3103505820035934,0.504696630872786,0.9376273071393371
978944,0.015001820167526603,0.009480113672907464,3.2272683158516884,0.3649054765701294,0.052243086785892956,0.005377529618272092,3.33290496468544,1.1810036208480597,0.7677027387544513,1.532546291127801
979968,0.027957865808275528,0.016773327253758907,3.3650397062301636,0.4366313340142369,0.057921209518099204,0.010450580492033623,3.393818162381649,1.2896948177367449,0.7837428040802479,1.026906281709671
980992,0.018229669571155682,0.030710651073604822,3.073991224169731,0.3670909693464637,0.07640270655974746,0.013420612638583407,2.4289384558796883,0.7553284745663404,0.5735354637727141,0.942654313519597
982016,0.015079337856150232,0.01693347966647707,2.9591790586709976,0.27843205630779266,0.059749166190158576,0.007124431598640513,2.965192548930645,0.9454184789210558,0.725522955879569,0.9310457510873675
983040,0.011108810562291183,0.008681887338752858,3.178009070456028,0.33583599515259266,0.08213369082659483,0.0064567239314783365,3.3566712364554405,1.234925989061594,0.6784474989399314,2.066699338145554
984064,0.022034189372789115,0.015493610699195415,3.3393270075321198,0.448390887118876,0.04937570361653343,0.009308981650974602,2.992876261472702,0.9657539092004299,0.6658063139766455,1.0447503682225943
985088,0.0150668960850453,0.019071724178502336,2.9833945482969284,0.37323335092514753,0.08575284673133865,0.0101420333085116,3.095267564058304,0.9614759553223848,0.8032901315018535,1.4620684795081615
986112,0.01318655961949844,0.02344267291482538,3.011996701359749,0.3034075181931257,0.03898970704176463,0.010865770673262887,3.3681870326399803,1.3369797319173813,0.5998731227591634,0.7224312857724726
987136,0.015020141043351032,0.01889125711750239,3.1566101908683777,0.35643920954316854,0.06888947295374237,0.014749038236914203,2.777292177081108,0.863940054550767,0.6703113773837686,0.8605114398524165
988160,0.015466621887753718,0.01738658794783987,2.9941637068986893,0.3013016786426306,0.03345507456106134,0.01079556840704754,3.160994440317154,1.176495984196663,0.5710149090737104,0.7923944387584925
989184,0.00843723988509737,0.00791456208389718,3.074360027909279,0.3191133374348283,0.02720611178665422,0.0067163596249883994,2.706480823457241,0.8582729659974575,0.5318047823384404,0.707341399975121
990208,0.02982604384305887,0.014226356579456478,3.2126612290740013,0.41658725310117006,0.052397072344319895,0.011584577499888837,2.7138326317071915,0.733381038531661,0.4960900414735079,1.0621514786034822
991232,0.02018918549583759,0.011375414323993027,3.1473504155874252,0.3715310273692012,0.026411387210828252,0.00757610139407916,2.909276470541954,0.9394258484244347,0.6789854373782873,1.1316779432818294
992256,0.015896917117061093,0.011258326994720846,3.0444240421056747,0.31034352630376816,0.03519015116035007,0.008091533876722679,2.8532734997570515,1.0149812465533614,0.5432134820148349,0.8139786208048463
993280,0.024714035287615843,0.015927563654258847,2.984152026474476,0.3339892579242587,0.05747337202774361,0.012024409748846665,2.7216968834400177,0.6803649989888072,0.5916123976930976,1.2734743431210518
994304,0.009296233984059654,0.014554028835846111,3.2797998785972595,0.4261954892426729,0.08793052451801486,0.009395232860697433,3.4736014902591705,1.168697003275156,0.5506927277892828,1.4065591245889664
995328,0.023094673932064325,0.022571769368369132,2.9899776726961136,0.33221076242625713,0.08668119594221935,0.015044816042063758,3.0849382504820824,1.1092581637203693,0.638969068415463,1.3140483610332012
996352,0.012070179858710617,0.01665903438697569,2.917442739009857,0.308697197586298,0.05865063541568816,0.008881536836270243,2.687088295817375,0.8490431755781174,0.4961494654417038,1.4174325969070196
997376,0.00451789736689534,0.007229196897242218,2.844004765152931,0.2687904769554734,0.08578893437515944,0.0040179724601330236,3.1050661504268646,1.2453604880720377,0.5653424998745322,0.5383692858740687
998400,0.00947552514844574,0.01659178896807134,2.9560606703162193,0.32402074709534645,0.03386812549433671,0.014214078051736578,3.030901037156582,0.9448248408734798,0.6022830065339804,0.714101767167449
999424,0.009088539954973385,0.010713234092690982,2.8078383207321167,0.30743417982012033,0.11282306932844222,0.007633878733031452,3.1801255866885185,1.1021655444055796,0.516057662665844,0.822367250919342
